N,fnet,fsum,v,zeta
64,0.0040440926002939795,0.006956019372149,0.00043675647834298377,8.455160440817266
57,0.00025049673714076304,0.006444616129093387,9.552462583300599e-05,8.052211339440218
3290,0.0034755926489358495,0.2970715374983237,9.862049443133993e-06,402.03272475011795
4,0.00024954173912041064,0.0002527928195646292,0.00018558269458569834,0.5030987634841375
4,0.000505223594759061,0.0005312325196807168,0.00022843676711511863,0.5620242404235276
18,0.0009326043875924449,0.0020340512607565074,0.00013108523408567768,2.3882821714170346
17,0.001835196073885201,0.0021328944451562792,0.0005435733080933935,2.236775629642421
13,0.0008376639328131637,0.0017902476863062245,0.0005349518005547558,1.7349378902429344
6,0.00030172088786445985,0.0003372746982224702,0.00024349843851205355,0.9586404543145461
15,0.00045347687509639077,0.0016571687833923663,0.00031436663331084957,2.055085045888818
7,0.000632606444071238,0.0007728079526848604,0.0002321583861840908,0.9378012899406649
5,0.0004943313373756518,0.0005602448526129173,0.00010029423387462546,0.7084576314962139
16,0.0006787837983493562,0.001999961877334022,0.0002623936301339687,2.1918263831458695
6,7.886035220088642e-05,0.000485829736881693,0.00012281996323709312,0.9402384278037499
5,0.0006314996341931806,0.0006604985847329144,0.0004229287457855332,0.6637409078061504
5,5.35901078353788e-05,0.0002529932392916146,0.00017101310326045024,0.7901573266780036
5,0.00010660588421957187,0.0005217678088366577,0.00014364515174372137,0.7201119660421731
7,0.0008267906832728478,0.0008522257849085004,0.0005960707829652713,0.944015124729563
51,0.0013716218904446208,0.006510477309724663,0.0003330147533876809,6.44263531033447
5,6.397478712111115e-05,0.0005718145385789731,0.00010746129270434776,0.6624781431809045
16,0.0017441184682232154,0.0022986031997010723,0.0006316283700936034,2.134509098919602
4,0.00025479519627790017,0.00040616372446028004,0.0003021905549981056,0.5723415362866038
11,0.001112292015818083,0.001405893438349235,0.0006756225356533228,1.4374681497501511
10,0.00036589921130882644,0.0010869036339717737,0.00017457122240141886,1.3376997449990347
4,0.00033320406184115137,0.0004810471282277418,0.00032472800055655137,0.5466867719007158
5,0.0003718794395512618,0.00041327699401808797,0.00030835851389176736,0.7921288007423508
8,0.0005622203163373931,0.0010477787552501275,0.0001751211763271223,1.1022476911945873
8,0.00062772612847448,0.00125946670151435,0.0003526061172141652,1.1041586285911227
6,0.0007151878142567991,0.0007952207652349695,0.00027928139304018355,0.7657479940555819
7,0.0006011025290094154,0.0007665369639407026,0.00024297945860961997,1.0082575836448244
4,0.00034100365335532285,0.0004193274767210477,0.0001897888946835439,0.561883938248282
14,0.0006210057104755171,0.0018376232613425665,0.000161667789839953,1.9057245751862153
5,0.00022620064521700897,0.00048203884800373934,0.0003674769844887223,0.7390710932192547
4,0.00021179940431474478,0.00041051430601764455,0.00028542988096620143,0.5485592243013957
7,0.00011318291483218772,0.00045645981452513933,0.0003198463723428566,1.0816555268737011
7,0.0006547173374283718,0.0008110686089685295,0.0002442129145306884,0.9586035276536441
7,0.0001356530308192195,0.0007912046167244511,9.1606278580837e-05,1.0341409667634152
4,0.000346917126682117,0.000455671418378486,0.0003033254319565818,0.6090175486637159
4,0.0004747209842433917,0.0004954173958841433,0.0005608400065837965,0.5614835784452767
5,0.00026939730415198696,0.0004884468283624515,0.00022963608573198008,0.5964164539529785
4,8.181454703112136e-05,0.0003219237912651308,0.00010756902202767371,0.604823949428786
10,1.0277183798532612e-06,4.2856506489294554e-05,9.33119324313639e-05,1.1273826062646033
7,0.0,0.0,2.3624615855233387e-05,0.7788696315922333
70,0.003404150522178086,0.008300963060200015,0.00018517110193357495,9.488378132777363
3202,0.0007618052260661795,0.28563994169289,3.817074667287048e-06,390.8109591512489
28,0.000328256791157484,0.003095322459310855,0.0003299204872174075,3.7314887251578317
14,0.00018147390604852603,0.00156369359437637,0.00011426316119169182,1.9531160618396377
9,0.0008179765704788737,0.0010262001421695907,0.00036481223880179735,1.2352109700173182
12,0.0008527825664466219,0.0017417095975649167,0.00014971588929783115,1.6709164380175958
5,0.0003287821836092317,0.00039258032543903576,0.000320418190460469,0.7695308561358478
54,0.0031255434939562424,0.005696325911353943,0.00041107946888938577,6.98315306893163
4,0.0003345107992085284,0.0004072133877196534,0.00033684787480967645,0.6184436955364896
70,0.0005669681863131005,0.008651425590103413,6.454733505208272e-05,9.679520135255222
11,0.0009143889281860289,0.0014893298883914264,0.000366086692260722,1.5095700884669159
5,0.0001900845117459528,0.00047797738581271146,0.0001085365911144304,0.719781122136563
16,0.0008362088913003315,0.0014107756935339529,0.00030333246205221237,1.9790838585022814
67,0.0032116286303926767,0.006933116011446556,0.00025791729238841207,8.82491697936068
5,0.00017477955307994137,0.0002880616326979232,0.0002102394156162103,0.7371791635504075
18,0.000811055068895336,0.0017991736848647637,0.00019081134303864338,2.5237635207901423
8,0.0008249451122861086,0.0011190474829241895,0.0005325550032514692,1.0410490731672297
11,0.0005185580160445998,0.0013394579236134028,0.00028141748100909026,1.604156331842306
4,0.00016143905848781183,0.00019952059452684254,0.00028762293470080305,0.5607688555468935
21,0.0004868074277582211,0.0026294936769772933,7.980965074938924e-05,2.8062878924435473
6,0.0004609450291275307,0.0006757970145213942,0.0003728923869023359,0.8482390141063588
9,0.0006549637974693207,0.0007861100826041896,0.0003991023263433562,1.1180837970856274
8,0.0004947595961383122,0.0009215939307364135,0.0003885995405853157,1.1273130597427161
5,0.00038955255790883717,0.00047926317179557045,0.0006046370669854063,0.669267385517115
9,0.0002456358450462847,0.0006836912195434258,0.00027481030425075096,1.1551363383409607
23,0.0016263890614259583,0.002721819605656141,0.0004088086066524448,3.1732474135019775
6,0.0005915486068951836,0.0007098772599098643,0.00048261665402410094,0.7797257471928345
8,0.0005802599678113465,0.0008652422337290684,0.0003134727174958351,1.0598538773483106
5,0.0003666015062221343,0.0005868101906452153,0.00023900643716297297,0.7237021018531984
13,0.0005485309019433875,0.0007799073756412811,0.00038583420601450693,1.4908374249083431
13,0.0005486252959784277,0.0015527931776333247,0.0003767408233061507,1.6665033969669745
6,0.00037284190663666625,0.000735652736095737,0.00010579532850348921,0.8321987086528196
6,0.0005570941347489988,0.0007363387202319756,0.00037308078569443256,0.7689216113056945
5,0.0003778847788705651,0.0004102327261773406,0.0007049917352597138,0.616581835772514
3231,0.00429331745846074,0.29198411611577574,1.2935177726142552e-05,394.75143010810575
39,0.0007984675838285663,0.004458043474926592,0.00021796207660361455,5.235116811250073
8,6.0158852573621926e-05,0.00047115662209424165,4.4289802677007796e-05,1.2655258702607273
8,0.0007949903382438592,0.001021575493053797,0.0003166393474375861,1.1200074206613686
4,0.00042526595002735857,0.00046101330448647767,0.00021398157927469402,0.5417363057632647
10,0.0009210357021975111,0.0014914133359287577,0.0003285492846816467,1.3879858049057794
5,0.0006425866045096031,0.0006578165083039989,0.0005771025923085208,0.6767247956675353
72,0.0029667878507901205,0.008350212819295542,0.0002996689441160284,9.374926632991588
7,0.0008513897470754552,0.0010252290126254477,0.0004343790920895413,0.9937159285555812
5,0.0002930985710967822,0.00037300467177976004,0.00024123140161655315,0.6240327516944134
5,0.00023626230947404936,0.0005620651075606605,0.0002714722261754717,0.7366809846944946
8,0.000998182493662547,0.0010829219512353905,0.000231926745090584,1.0498812451697088
19,0.0011238768670914817,0.002050872305856019,0.0003807081699165866,2.6696250996436905
13,0.0008778623436039755,0.001377405314130324,0.0006005573985261648,1.9023769039839429
50,0.002309692287282228,0.005404204589793763,0.00026946869981316795,6.58264153236571
8,0.0003686845426866801,0.0008252258669873499,0.00018433390224532794,1.1783645055077399
33,0.0013108804744124737,0.0037584959662994356,0.0003257828951725744,4.461414585843513
5,0.0003883350139975094,0.0005607907800633227,0.0005386989816948714,0.6682919205585577
5,4.899464249956293e-05,0.00034315554189760707,0.00014387375050682507,0.7790079003770112
15,0.0006734292945674518,0.0017510297997695803,0.00033460018877034804,1.9478629110753756
21,0.001086463233569768,0.0025883224628079626,0.00011208235407767807,2.768786518890197
4,0.0004697513981142937,0.0004988383644916954,0.0004602861496936331,0.5587472934168803
23,0.0012232440053024922,0.002740537926356502,0.00021329198609584474,3.1940926664571148
7,0.0006525129821565057,0.0007542767808295834,0.00035027987766598367,0.997179476324566
5,0.00033675814227207974,0.0005662492676342909,0.0002890021646925797,0.7226441149875515
9,0.0012575798616132768,0.0013101544994406661,0.0006205672110313619,1.145088209181808
7,0.0005777338829193798,0.0008135908840828965,0.0005899234036216392,0.8885575045358438
9,0.0008954074283936839,0.0011481184238876898,0.0006514639032659668,1.2285618578004158
6,0.0007540731130474485,0.000803039496117595,0.00036407861268710265,0.8481034788511104
11,0.001362025750402529,0.001606063498642349,0.0004052599915728031,1.4407873817499222
4,0.0004724868463100353,0.0005059190376918904,0.00039276709524259466,0.5579877340726938
4,0.0004256776190485934,0.0005198747430089176,0.00034868829449061174,0.548046810707783
4,0.0003697408680188019,0.000394326193928744,0.0006159246457540253,0.49679104748393005
9,0.0002917682562888698,0.0008669563637369141,7.808220811151919e-05,1.3384543401528874
6,0.00019762067173293986,0.0006279680866713345,0.00034691883505508827,0.8430563933869524
4,0.00024250514319034254,0.00038010037470967764,0.0003485093403333952,0.49438403038265416
11,0.0007665618431482376,0.0013140641804731685,0.0004888310279042264,1.430380678521568
4,0.0003969635847326768,0.0004163214827637901,0.000268513457118699,0.6303169742429826
6,0.0006139717500276298,0.0007627467122150377,0.0004058772745749846,0.814824389073256
8,0.0005391184761981497,0.0011303370821683645,0.0002658912288111069,1.0621031489142458
5,0.00045802892140867763,0.0006411827508152206,0.00033344384195208417,0.6751922804521131
4,0.00040675952044114664,0.0004982790342905448,0.00014364286456818774,0.5445756317036842
4,0.00032650551062455294,0.0004423801849691108,0.00017717282115038368,0.6188442102393038
4,0.0004355826617721349,0.0004627998070463712,0.0005095313678871627,0.507950172411317
5,0.0003581054637908135,0.00043769448350942616,0.0005923555354871359,0.7417950701105351
4,0.00020624269059351888,0.00030239361017055083,0.0004340820766580606,0.5183919358335599
5,6.696467049707344e-05,6.702239224255546e-05,0.00023624360120479634,0.5459147352989616
8,6.258063042601466e-05,6.633834217305314e-05,0.0003246069120013771,0.8897782424049169
115,0.0031927755045456046,0.012597013727586396,0.00025215717257651713,15.045962244055884
26,0.002796887267984622,0.0034529277264540702,0.0006541565103153278,3.5542338618012255
3144,0.003066241373481467,0.2816525491059929,2.321797755265993e-06,383.24596955077095
11,0.0006530518535542183,0.00121133742287545,0.00017570818370864295,1.6188098163586881
41,0.0013240648613741333,0.004740991962062724,0.00029739848775746835,5.4845467575779425
14,0.0005742310575904842,0.0017457719420478574,0.00032620272228392944,1.9556716161229983
15,0.0007779492934380929,0.00195472661572829,0.00029290322927333633,1.9322885729708943
6,0.0005763756503262627,0.0006921594456404703,0.0005025245605581398,0.8315700381061248
57,0.0015666822048184372,0.006790986076690615,0.00011981689739436958,7.623732623957227
49,0.0007989044948182864,0.0060495114398385515,0.0001060606408721089,6.5383235687199175
7,0.0006585441042863444,0.0006863188547509118,0.00014580824862246475,0.9565535488192198
37,0.0015353666158830072,0.003661510779708818,0.00026687417150449605,4.784680576194443
4,0.0004383654577506411,0.0005256387595424706,0.00018448939092307308,0.5505743068515809
8,0.0002059202082336471,0.0007477024922564956,0.00013082682295514157,1.0471888181307998
14,0.00046910167923962487,0.0013701076104414174,0.00029497228527745846,1.9851217055561476
4,0.0004841024701844439,0.0005500585048397394,0.0004083273076041431,0.5501496624448674
17,0.0011192183859135205,0.001971307227604126,0.000397818804622926,2.373451095610394
9,0.000560592853694065,0.001115905859194068,6.701186798787423e-05,1.2454504154870125
4,0.00015405513653715783,0.0003217252521963449,0.00027580575709070567,0.503013894838206
11,0.0009343676596757997,0.0012985529684824686,0.0002182969494518079,1.570983531662356
6,0.0002888478908741198,0.0007850589496496753,0.00011626405292369895,0.8727847918188564
17,0.000360758867765554,0.0022070953435338755,0.0003377822344739873,2.319320697590192
4,0.0005432409892796444,0.0005556131678757772,0.0005307426074763128,0.5465544555970401
8,0.0008803296865068216,0.0010670732579808298,0.00045129071172561407,1.122677627594182
4,0.0004385621915051695,0.0004728370701510235,0.0006308542103627216,0.5545441661846617
4,0.00043036115772142835,0.0004628501383883941,0.00037828698166248733,0.563795838033707
5,0.00028838849483418257,0.00040765946497092477,0.00020338187792200233,0.7744696033317457
4,0.00038233070448601944,0.0004629815189269638,0.000290419388674725,0.6139249646706091
4,0.0003233976642749163,0.00043387729338179677,0.00013127181990766376,0.5608287826213081
7,0.00017471060620639908,0.0006522364495229332,0.00033461533522471763,1.1286224666983022
7,0.0008511228992883116,0.0008831621024683043,0.0004891917298872121,0.9446190872252943
8,0.0011418725534098945,0.0011795604693923248,0.0006516499648717474,1.061382626850706
7,0.0006782380607233485,0.0008931654208788787,0.00046865529993481175,0.9629338281259874
4,9.997327853393427e-05,0.0001011924250252243,8.762636885510338e-05,0.6882832045537691
9,0.0003449319140794995,0.0010777952052650295,0.0002359665804393089,1.1722876245280438
4,0.0003280244688088064,0.00047652573592284246,0.00043885051301884563,0.5577594922648149
5,0.00028470850152779737,0.0004355122572365089,0.00026045780712377327,0.7639651989329539
5,0.00020587446455027435,0.0005704700681552486,4.113148736184522e-05,0.6563119165989098
4,0.00022623322021318588,0.0003742945645717616,0.0005078932157826055,0.5524511205100316
6,0.0003014976192037769,0.00033828180334511483,0.00041690377414434703,0.7197664065078768
12,0.0008259113571690159,0.0013393521782841592,0.00036277648447881973,1.6652586568810395
4,0.0004484993592552185,0.00048725639176393497,0.00035714989793858695,0.5617803705416025
4,0.00037058415045845323,0.0003843427993045253,0.00010535176440926896,0.6022002551223655
4,0.00018590590467064928,0.00028875711739163206,0.00024370088093349243,0.5637054998467801
4,0.000432569828150568,0.000484937680723,0.00047729543399132744,0.49602955457461817
4,0.0005328735092404563,0.0005742288572118941,8.237779776254771e-05,0.5477897946361281
5,0.0005642495513941428,0.0006297093733998536,0.0002936696280774645,0.6016691266886547
4,0.0,0.0,0.00018623306044537646,0.44473344550704375
4,5.671660997812157e-06,5.69321634097158e-06,3.4983362008665774e-05,0.43854316993195624
3211,0.0016486277710346024,0.28695024516255374,2.1904740134155515e-06,392.1161725527333
63,0.0025569803084139484,0.007390143049912128,0.0002840916238499977,8.732938953441334
43,0.0008681616500606718,0.005178413933525535,0.00022850172805038827,5.775908781069708
9,0.0009770519729715608,0.0011047273425671602,0.00046502545447977883,1.2229254074742242
7,0.000835708082671525,0.0008773825609565755,0.0006135753895636545,0.9444044548946006
27,0.0015599722702006357,0.0029821691665838958,0.0004460069311384308,3.531597257875688
5,0.00016383055894000494,0.0004516464196637369,0.0003028644018002223,0.7172203214478089
29,0.0008051474489781385,0.003283878278829585,0.00012436259580028214,3.9351870887247453
33,0.002456089228020785,0.003690854255516181,0.0005586080238356242,4.3720871766838645
46,0.001625563413481074,0.004773744816569579,0.00019815287080363617,6.154460783233714
9,0.0006271600558640052,0.0010017962481829177,0.00014228883626116217,1.1890389121813616
6,0.0002676582569989384,0.0005382882055679708,0.0003574263977500159,0.8515511231046375
4,0.00030433209101273856,0.00034784234645015557,0.00041259283371907347,0.5545930984221648
28,0.0009282590071097848,0.003029474660166522,0.0001732697848257949,3.718673181003996
31,0.001018481047960623,0.0033307627161731717,0.00028359111120252405,4.150043750860166
4,0.0005153225070504833,0.0005346373486519482,0.00040298659475983424,0.5596461553963797
9,0.0009174445429847759,0.001108163105532622,0.0005643216524288767,1.1818990828001348
23,0.001221476251595882,0.0023128624218936903,0.00028345466023211186,2.958071167573162
6,0.00028467409441527855,0.0007444760733046067,0.00012942080469955462,0.8410934692885736
18,0.0019521769154605734,0.0022642102060230597,0.0006209439880815971,2.4262537669458526
14,0.0009481108423752084,0.0017472269934880303,0.0002543378571888211,1.8905550586215303
52,0.0011304404380854784,0.006207213504882258,0.00016090170213889024,6.933119544455558
4,0.00021679821832721778,0.0004142997646879599,0.00034239511178317457,0.5411584707694206
18,0.0010999370391110098,0.0022648086644378273,0.0003764105645870262,2.313755019149853
5,0.0005042817129984632,0.0005555563595524817,9.274444288834398e-05,0.6115319821939442
7,0.0006976543133987888,0.0010665070964643178,0.0002838437120195055,0.9932444727974901
5,0.00041254196271193707,0.0005781344659451511,0.00013068419781377282,0.724085345559409
4,0.000437773189830741,0.00045950071742116073,0.00025455131012674036,0.5567036014684688
6,0.0004176658106229314,0.0007150918009825347,0.00010610867355362047,0.8908686296385162
6,0.0004642567261407249,0.0006859655294487708,0.00015637675560601708,0.8233257256029018
7,0.0004091031371170117,0.0009425452960550757,0.0003696764330366907,0.9998600167494698
4,0.00031355406144633024,0.00032820865692035543,0.0006626673962899253,0.4975323078384899
9,0.0006929738916431505,0.0011830218381881598,0.00050040005735959,1.1632008647895313
4,0.00031550295578012193,0.00035168763131567795,0.0001957997712511175,0.6093480029214479
4,0.0003890511555581566,0.0004410770777029968,0.00046761575213590705,0.5538133478103979
6,0.000603843925844607,0.0007106198192503442,0.0003807188892280503,0.7728893633650592
5,0.00035758133113262175,0.0006819292301200417,0.00035738180152417026,0.7285259859061393
5,0.0005367593618512307,0.0005720024550202954,0.00032655792858657254,0.7289008747399819
4,4.203102978931667e-05,0.0002151761874741786,0.0001395939755681974,0.6176891818390388
5,0.00044532353895818377,0.00048050186043844026,0.0002792453361968461,0.656537695406051
7,0.0004949852582498195,0.0009165051029245551,0.00016278031897468695,0.9602792776013379
4,0.00022939240718435291,0.0003390993587066603,0.0005070176627370736,0.48827717742124394
3207,0.0024668238638580874,0.28458494050919786,7.823913438529222e-06,391.1986792850761
9,0.0005721190244718234,0.0009875644501767425,0.00017986166443335563,1.2938747979755927
14,0.000485987718537847,0.001914413750064314,0.0002720233198892925,1.8776356431249588
25,0.000661654004177387,0.0030625338289126357,6.975621432641663e-05,3.408292508950959
10,0.0009387794539454069,0.0013248785987698393,0.000516234755135943,1.3393725396289415
13,0.0005450147640946943,0.001044200565834989,0.000517448943434603,1.535354812831201
6,0.0003826943454532223,0.0005737735048568853,0.00032557548402899797,0.8403291958954529
27,0.0013857111367596737,0.0032964349486892556,0.00044989620194160843,3.6373455426389296
7,0.0006320809138175273,0.0010444192878571448,0.00029468563221396926,0.9999878933981466
25,0.001128951452842401,0.002857837584936147,0.00013337061088226028,3.296060063637081
16,0.00017690119700186925,0.0017073742378332511,0.00010227664286173225,2.3113065331371896
24,0.0020741496545154943,0.003021684456987933,0.0004947561733903828,3.2239188882358514
4,0.0006142127760108483,0.000655252264502229,0.0007751046104158073,0.527243831641218
5,0.0005854604255140324,0.0006145219873074445,0.00027245486229268733,0.7224161200960348
5,0.0005627653684544133,0.0007020945272564813,0.0005944977216353421,0.7296749327469882
26,0.0008218381221039019,0.0028138176083846974,0.0003314330713284633,3.5190606177958625
19,0.0016392672934366576,0.002301460629028963,0.0007050079993389359,2.6020715605894194
9,0.0001674055703695633,0.0010400409017620722,0.0002468950497163621,1.271596737880247
6,0.00033356968294108864,0.0005403303261102431,0.00028681378884384443,0.7883568168539062
9,0.0006603532002407229,0.0009938664200264866,0.00023905155944043603,1.2307842143400065
16,0.0010716628776531096,0.0017772160407395063,0.0004660922977389741,2.0738426186239813
17,0.0010538878645823511,0.0017322004200629108,0.0003275909215154579,2.3809158094952583
5,0.0004367522776950843,0.0005116661967761459,0.00048432804919618637,0.6582934174521814
30,0.0006880977217864427,0.003477372676463565,0.00030995637293464753,4.015268853478538
23,0.0011090184805588382,0.002478031224763809,0.00033010200722983953,2.884739669724204
9,0.0005408714201074382,0.000879886652979383,0.00016394282064299777,1.2390696317068173
7,0.0006219980574288341,0.000802594152063674,4.609494058579273e-05,0.9475389805187864
20,0.0005023741796583329,0.0026060381644571334,0.0001056830398496148,2.824418706332142
11,0.0002799788812333075,0.0015466189959406596,0.0004062706111863907,1.4989387084530172
4,0.00032549099679199124,0.0003373569556837057,8.466264316223026e-05,0.5628196853091303
5,0.000341309825364813,0.00035024887282137794,0.00034034050843992505,0.6269984995686855
5,0.0006021850913328383,0.0006393411633445758,0.0005490082555461647,0.6541809716430327
18,0.00041879485802500917,0.0017313234133329218,7.50507718560896e-05,2.6809520201721733
7,0.0006668509032822966,0.0007276478641680384,0.00025721785089770723,0.9048478622426978
15,0.0008978830285885866,0.0016574453121284247,0.0004126968057386231,1.9970664564380791
4,0.0004673410392672547,0.0005143938228381232,0.0007138180492844999,0.5607936453686277
7,0.0006948393689465762,0.0007437527299977516,0.0006804063282545715,0.9981636459156517
5,0.00045418175132982887,0.0006823984213148023,0.00020098410112639176,0.7077225929347062
11,0.0010593552155452215,0.0015512238508995576,0.0006348502326577361,1.4326096408637579
7,0.0006623560667916171,0.0008231933695102395,0.00027268583850602215,0.9350425302131009
5,0.0006080915985902406,0.0006558347128369631,0.0007787001109217409,0.6545678336299254
5,0.0001793649533798145,0.0005049014156789129,0.0005284678034745445,0.7114512360446084
7,0.00022853012449369984,0.0008915428865107382,8.622519082711706e-05,1.0853665788715852
8,0.0008023021929644684,0.0009705730999890277,0.0004419525167680788,1.0662516131401758
4,0.0005232647349792785,0.0006045564944816596,4.348173160890774e-05,0.5602005688600126
4,0.0005521129355850078,0.0005866605165322912,0.000177481053950669,0.5561237954655421
5,0.0006170712665186622,0.0007077424566238611,0.0004929262078100077,0.6555333355801048
4,0.00040819166656083845,0.0004228141236138247,0.0006109258526235876,0.4992826060681983
4,0.00022463382541115632,0.0002459016594932135,0.0004541677895468427,0.5093842898028884
7,0.00031750613321101563,0.00037884418421172756,0.00011674608356948718,0.8376018815101559
6,0.00015802081650695838,0.0005933760921181511,0.0002462135613062289,0.8225568852834684
4,0.0005447313556909853,0.0005516039321975813,0.00027713302080176097,0.5508594968937779
4,0.0006031030189375613,0.0006300679032070503,0.000685527404484821,0.5472566075144603
5,0.0005505074951236979,0.0006329126954574536,0.0004850410849489888,0.6646444522990236
4,0.0004126697805962269,0.0004468808039764996,0.0003308529881225155,0.5536501732026751
4,0.0005046192604505495,0.0005304636773415597,0.0001664179921226652,0.5443401492267161
7,0.0002238073904032024,0.00022725896484864397,0.0005305455457632759,0.7685690016575392
4,1.1903275442591833e-05,1.3591108894939479e-05,0.00013437933862276707,0.4454146819901803
6,4.841568154252316e-05,5.127556082003658e-05,0.00017815249483190584,0.6651425894207931
3211,0.00797346249191072,0.2859901440230819,1.1481775466896759e-05,391.96271136487917
39,0.0018571172193747622,0.0041045975598876655,0.0004243311995731931,5.223284991300928
4,0.0004807900596391478,0.000501774016331125,0.00034791278119743966,0.5528766524815765
14,0.0005875954768524592,0.0020271113123288055,0.00038259389545177515,1.8646375764513046
28,0.0005373230961354231,0.003315206108967942,0.00015166884330143212,3.5912624097235883
36,0.0008468805382168391,0.004340167137984272,0.0001367928668672441,4.944978992081378
23,0.0006994956061916709,0.0030340381128359287,0.0003855859097174111,3.0481581145585404
7,0.0007781962537705617,0.0008175073417086306,0.0005790959916716361,0.9473606874449535
5,0.0005977751099618021,0.0006355360028939764,0.000314514928673359,0.6740718346682444
29,0.0013796480422617848,0.003245903195869163,0.0003976753588579923,3.870604297458521
16,0.0009983593355812372,0.0017385901323479403,0.00032948243693412443,2.18243000057237
41,0.0008040798786869737,0.005021991508933163,7.742880569990148e-05,5.463213940647197
7,0.0005627285885993901,0.0009523573245829451,0.00015658934377863783,0.9943405996820437
6,0.0003838767982685081,0.000513525698829354,0.00015510829559598017,0.9062967081536593
4,9.942151966432677e-05,0.00042071810042139363,0.0001854337784196057,0.6297137393072403
10,0.0007012529482107837,0.001187356338521103,0.00034425045121958534,1.3194173750469589
19,0.001415382069976514,0.002523960121595771,0.000473695206171262,2.6345197633633415
4,0.0005284292002774189,0.0005675349030176143,0.00020084489152756582,0.5656784684122742
16,0.0012891790282424783,0.0021583948514984274,0.0005758226568005858,2.0887142675608423
10,0.000252204668110192,0.0010759110483879988,9.337228500819774e-06,1.3922611218424
6,0.0006720240225355126,0.0007051116041117083,0.00018295221820887857,0.8369218442184579
16,0.0007358773817730685,0.002003862064404998,0.0003399674589622376,2.2219782560474863
10,0.0005404991912746558,0.0011568788726399313,0.0001944775419086398,1.399636771783667
5,0.0006893868630496279,0.0007299933166829429,0.0005691646445330038,0.6625804509579353
15,0.0008773047501088529,0.001601627340496934,0.0004516338200899369,1.96656614323029
9,0.0010200308581936562,0.0011075037578805339,0.000478993536755505,1.1638939259793466
13,0.0003484354588953238,0.0012159705104328002,0.0004028012004831034,1.7214992682792563
9,0.0005184570498901,0.0007096218823367174,0.0007362847751704336,1.28232460097856
7,0.0006656559632726738,0.0008056611115306786,0.0003050520899260894,0.9560873727687874
7,0.0005053119335027224,0.0007773272209907949,0.0004960015355380765,0.8950832278634259
7,0.0004047657077428634,0.0007470224028871715,0.0004121621693409006,1.0013027479495848
12,0.0003439639177344233,0.0014002486991581955,7.365370101862952e-05,1.7883500322443406
13,0.0011725516815713182,0.0014720550570578716,0.00029366258838944267,1.8358931323330427
4,0.00012227209562670657,0.00041881245026121374,5.8531502016065104e-05,0.5520688302655536
4,0.00027705499068493133,0.00027808801388786846,0.0007063565749147541,0.4932145464730721
21,0.0013108537250841252,0.0023807735521099564,0.0005209335348646586,2.825588837881452
5,0.0001473092981134902,0.00045481049869990867,9.368592710444192e-05,0.7334121298090326
5,0.0005771823015809713,0.0007071111797238431,0.00037128272613319704,0.6646518848663313
5,0.0003595427144320818,0.0006186478166500058,8.780186217205323e-05,0.7305244610487
7,0.0010000915887388856,0.0010497567061813846,0.0003230172374155085,0.9523065025435589
13,0.0008047855940373341,0.0014967326899614918,0.00030192591522282584,1.6823232546642164
4,0.00012868283007476305,0.00031508570631840784,7.526810016331391e-05,0.4984194173647985
5,0.00045948426682880457,0.0005297274758702339,0.00023216477354536712,0.7258722502813861
6,0.0007789919535230283,0.0008233813563565914,0.0003637080167386314,0.780646150141012
7,0.0008837285253031013,0.0009292503654073964,0.00044182165236396565,0.8932229286093727
4,0.00035452232163662474,0.0003672119437247484,0.00031646823279990287,0.5050592223821483
4,0.000542675476467029,0.0005772499082550368,0.00017190388644096991,0.5423373037641557
4,0.00026303512677123723,0.00036209655600408106,0.0005080012145626844,0.5066899801186237
5,3.16427329497847e-05,3.244527116450049e-05,0.00037785194555195695,0.5577503349882035
3306,0.007255991810077482,0.2975494965436747,1.4050519062301475e-05,404.7174979442819
47,0.0013136372774224785,0.005654911218389603,0.00010404469053309568,6.195131771599762
6,0.0003649749548969708,0.0006440727870614411,0.0002102216169259502,0.8336798631953364
14,0.0004233043291481539,0.0014909755982798862,0.00015134673846859675,1.8822423703652502
9,0.00035852443972440965,0.0011049994241653625,0.0003766498798139213,1.3297054131121924
19,0.001452496823074457,0.0023124563150066393,0.0005034364445247988,2.566667752196236
5,0.0004719548720834007,0.0005023532615322169,0.0004920760995923725,0.7217621856403594
18,0.0004891335492285494,0.0021490132734191232,0.0003666824177936805,2.631743514677903
8,0.0008120129168666616,0.0009126085768355786,0.0007061183873453677,1.0392518407146403
4,0.0001646238543852257,0.00040239890004054095,0.00032100941437218893,0.5629707189130961
58,0.002384875000985134,0.005915525269507423,0.0003391807396678461,7.520637846369262
7,0.0005034275146054783,0.0009017341331848856,6.348632151715076e-05,0.942224155707518
5,0.0007752986834233621,0.0008005884440460272,0.001015298273400903,0.6544822858984434
4,7.869592345020589e-05,0.0004065715247346628,0.00017466653226212343,0.5405418492267162
7,0.0002471756224817685,0.0006239530897610407,9.485555150798873e-05,1.0539120412684189
14,0.0009965885458766278,0.001903372523502984,0.0004897105425047737,1.9550395670466556
4,0.00013582217450524862,0.0003102415675814136,0.0008478169444317502,0.5027435201108581
4,0.00011264233969713855,0.0003784790869771883,0.0003322268830364053,0.5616755001095162
28,0.0003757281489507828,0.003225451119574636,0.00011944865614673837,3.5141435238534604
4,0.0003688772560800295,0.00038760456283418074,0.0005005805789897446,0.6113466853962954
7,0.00026531404060576295,0.000710665625745661,0.0002729912968588114,1.003345770193747
21,0.0005686021707027272,0.0026737309663052286,0.0002877847493418965,2.8057130982571152
4,0.0005091355662074764,0.0005605139988800784,0.0004423406155147828,0.5433872690865745
5,0.00037667462048440064,0.0004398434778438184,0.00038905825502002654,0.6154972727673792
4,0.00040546772271897317,0.0004490352354137289,0.00021636408527956545,0.5586853972481292
16,0.0014284587305192435,0.0016817656370072445,0.0006105993966395333,2.0261109464856193
23,0.0003679702494444923,0.002741861290569982,0.00010357317550676086,3.0713766610878728
4,0.000440158497777701,0.0004569915057766437,0.0005284037569934013,0.5074263661357619
9,0.0003169266535183557,0.0010506656346596119,0.000371945824049698,1.178451485684837
4,0.0003732792347473438,0.0004968504355152662,0.0007618430720173313,0.5476873882029235
4,0.00037585137321487764,0.00048010684085758674,0.0001870969005908046,0.5615106815672807
5,0.00021313077637610865,0.0006052746580238882,0.0002473249635165872,0.7287790238226379
10,0.0010293863989733437,0.0012137076220008855,0.00035371455355228293,1.3279606953147796
4,0.00037245404261544734,0.0003961649566126261,0.000696440386537477,0.4895348097663271
4,0.00044082541925835,0.0004688982620878103,0.0003552734365116661,0.620971846089253
8,0.0002650321323056707,0.0010015557616764315,0.00012474204718172452,1.011828242025805
4,0.0003662337195946939,0.0004046921846893904,0.000463624585993137,0.5004177450004856
5,0.0006657491898948086,0.0006861375281799571,0.00023443139044348438,0.664819325079329
4,0.00046462426594046585,0.00047942303014280284,0.0005508576545466846,0.4917142674240891
6,0.0005782900235590698,0.0006610950872102992,0.00045140045720576405,0.7222061290312494
4,0.00039015579120917635,0.0004248790231476729,0.0005229274659822666,0.5038560471714513
6,0.0005632963219287413,0.0006500099581933764,0.00036431669027172286,0.7605540200003068
3187,0.0035598542814033224,0.28515069824305783,8.149584223043408e-06,388.83830178235985
7,0.0002851077847198704,0.0004671686130363295,0.00025065619364250284,1.0043287958670915
9,0.0008322541875294536,0.0011901083252619648,0.0005415072588743049,1.205185403936463
5,0.00038222956738507554,0.0006066558347366694,0.00017904531885231021,0.6607771112277337
5,0.0006609788233514978,0.0006909194674905456,0.0010081824502086378,0.7182336650666914
4,0.0003618490438971575,0.0004144457499929686,0.00017902422248643695,0.6121509296009631
142,0.002417682266288494,0.01491211719727531,0.00013640184641697787,18.583263651671473
5,0.0003965094288211298,0.0007390136331892033,4.632027950550344e-05,0.6580827480384029
5,0.0003091190430984839,0.0005979750475523923,0.0006190830581103895,0.6615674020764284
13,0.000338347747089704,0.0010968878127594,0.00030185643361627074,1.5352462418253414
16,0.0013372001018053695,0.0017734950606014788,0.0005430306611728562,2.174383917040009
52,0.0030376443806941155,0.006292977881878681,0.0004131604351798758,6.686548430336882
9,0.0008349780036909548,0.0008724461559572506,0.0004350366122067462,1.159302237364139
26,0.0006368455634878707,0.003181660096412217,0.00021820132060570012,3.4777361256358406
5,0.0005140817209318621,0.0006156304294060852,0.00019478235166750196,0.7202932733936006
15,0.0004201783194226293,0.0015927519341845664,9.603336053126337e-05,2.0648861966550704
9,0.0007908824462990822,0.0011950036762022197,0.00031804976843508747,1.2834719804126444
4,0.00037060434140216247,0.00041654263232607984,9.656209146758408e-05,0.5512725789162408
6,0.000283776652404966,0.0006723451435691349,0.00022832475183239464,0.8924833866396212
16,0.00021225305582262146,0.001642332402628633,0.0001816795325142841,2.393253214865727
14,0.0005223868431911416,0.0015190762074952394,0.0002291094333407561,1.941896544655509
8,0.0009720655855071971,0.001020202629259653,0.00040679349304582066,1.1711656072194943
11,0.0008803001925591151,0.0012827742525987184,0.0004979793098985742,1.4339182597233502
4,0.0002200455903823585,0.0002207853644630298,0.0003470535621106972,0.6129259182181394
6,1.1914311523419684e-05,1.7057215704612154e-05,5.1201690128628554e-05,1.011839678745842
4,0.000290596303759003,0.00029251264539129605,0.0008259465344971257,0.484665321828773
7,0.0006517184519437922,0.0008082850400464439,0.0006477896310078656,0.8944128811748586
10,0.00011647445668481892,0.0011550079418759576,0.00014940067945305618,1.3870412838440918
6,0.0004883545958482066,0.000687579886852305,0.00035521094643740215,0.8330005128364444
8,0.00048760200138359215,0.0007803083891274039,0.0004401415395707097,0.9912827108131196
7,0.0006467800207528353,0.0009107019018763183,0.00027475019582725386,0.9490863833149265
9,0.000447465460485161,0.0010170397541468467,0.0003287444366880034,1.2639132112450022
6,0.0006679587418476961,0.0007700230263302976,0.0005367615491327233,0.7675886799700342
14,0.0010031723122845353,0.0018141620890438906,0.0002757092093307603,1.8159306795958916
4,0.0003529984788941801,0.0003736656203494452,0.000301482201823499,0.5628265097638405
5,0.00013195409527451608,0.0005094437308823427,0.0001804805585891834,0.725731228652601
6,0.0006712357369240135,0.0007055731439308253,0.000528121063328396,0.787029314181958
6,0.0006101394690364634,0.0006366090637592646,8.569588630870972e-05,0.7765375543080795
4,3.486500021822405e-05,0.00038154971885662165,0.00019923381373674552,0.5638133658629494
4,0.00021701778153504186,0.00023166745831168793,0.00024744031030022137,0.6319656374638518
6,0.0009704925527654975,0.0009958076752346237,0.0005441607042303727,0.7507142537240651
4,0.0003297119116677818,0.00043787632461190617,5.980645736515709e-05,0.5416082608498757
4,0.0003489648935481685,0.00039552086772402437,0.00026613769488668476,0.5709690830375068
9,0.00019540552325793872,0.0006966917443086483,0.0001676376172418372,1.093506114833398
4,0.00048112816762310213,0.0005063918694625882,0.0006065040538479358,0.5522038542318042
6,0.000482439635385684,0.0004961981628102003,0.0004573075258561852,0.7164349601072602
13,0.0003091222719266875,0.001275399875874909,0.00030261845235655716,1.7278143609507892
4,0.0004492551105982733,0.0004657101631201539,0.0005922246974915225,0.5632043388372852
4,0.00028270565052291235,0.0003580700356685725,0.0004994403492515029,0.4899325685790107
4,4.593658926701554e-05,0.0005364536453511431,0.0004505357516925127,0.553299072072903
7,0.0003805941257977527,0.0007163648124472548,0.0003518382699752586,1.0041515450330787
5,0.0005383678165061961,0.0006839354615173646,0.000615547606496508,0.669971300428651
20,0.000920139534433709,0.0019373732769064425,0.0004685751267755276,2.5611566956992586
4,0.0005113941929751678,0.0005542307807807305,8.639657661162663e-05,0.551264625775494
4,0.0002217288218405983,0.00034963263275935956,0.0001452213736880627,0.5640945477133394
5,4.438907006927314e-05,5.9716221785980805e-05,0.00047184005870725245,0.5665107571152256
3159,0.004315900052034789,0.2804172146630475,1.1169232591403038e-05,385.24930422449336
7,0.00011884136147182255,0.0006895208783697696,0.00012335511696498944,1.0721904215120905
144,0.0039861636612662935,0.015008837334025641,0.000249676182911285,18.8252893725669
34,0.0015919278977360237,0.0034813847478170406,0.0003646063867135115,4.408048439133519
85,0.004115184933248402,0.009230044418329437,0.00032735892845263225,11.237319248357892
11,0.0009003786477442809,0.001324453443659077,0.00027345623819577646,1.3796320431063804
11,0.000622978602613954,0.0014474164643557656,0.0003418797360717026,1.4452304192598637
12,0.0009829765563614768,0.0013050037718376206,0.00025529408495184123,1.7115621010596902
8,0.0004644712206576019,0.001126677772978348,0.00018511895606061277,1.103619423955414
4,0.00023421437431565443,0.0003496486381991404,0.0006472103237881814,0.558334543911557
10,0.0008916751753637991,0.0010552074282391406,0.0007953524135294044,1.2089092129749213
4,0.00031741654555085823,0.00046515682906525714,0.00010019014689581447,0.6035317497560573
4,0.00020581721052970268,0.00041432328795137485,0.00026743429831455057,0.6125490795769714
6,0.0002587495277162636,0.0004656058347857231,5.543669472251948e-05,0.87929853320126
7,0.0002802949873275342,0.0004908399555170914,0.00016892151454338004,1.050128584894918
14,0.001539236532775436,0.0017985361734893883,0.0005244846610660175,1.911763058825836
16,0.0003253234274167002,0.0021655202721466253,0.00025975196927922786,2.179355698337277
9,0.0007735952668833558,0.0009386849838693517,0.0002622950773330429,1.1614840853063002
15,0.00046202028576703346,0.0012292330261095491,0.00022454504596780588,1.8900065870203209
5,0.0006421551270225949,0.0006759554427805727,0.00035053525108480515,0.6645571642003317
7,0.00035297252642578535,0.0007702056512011315,0.0002000838629254112,0.9969590692500803
12,0.0003494105820097813,0.0011855482214575613,0.00017801476212852578,1.6072428368262595
8,0.0004454165759058888,0.001027657237368122,0.0003539941064897615,1.0592217113485964
18,0.0003757994811494402,0.0018354715310731032,3.118267275855038e-05,2.7591124924689927
6,0.0004165485575087124,0.0005543723241347734,5.9877337706546236e-05,0.8978718169155491
9,0.0006080352655414704,0.0011435199691383665,0.0004862021791107162,1.2291851882366438
6,5.140709923008098e-05,0.0004478342208982313,0.00010974087691010325,0.9735668851576187
7,0.00043264231483171605,0.0004972791138334202,0.0003477428188953098,0.8755845401106463
14,0.0016309542081949444,0.0018106992804037235,0.000292763092326246,1.7587530306129062
4,0.0004429738235270005,0.00045496885490999315,0.0002329000640698858,0.5538934059002025
29,0.0014257034454372036,0.0035522651045016103,0.0001671745879488033,3.8792147618528117
5,0.0005775208642906013,0.0006314961448126901,0.0004083399263223344,0.7166304528983888
4,0.0002736519083414734,0.0003114237080690009,0.00025365938772382716,0.49255298846793205
4,0.0003543854705673265,0.00040131875304148286,0.0002572670868558467,0.623092358202035
8,0.0006379565033519316,0.0009016161257807735,9.956531953448122e-05,1.145341279863267
4,0.00037758838794991947,0.0003964082214182259,9.703027572357892e-05,0.5691612666412174
5,0.000697982161269101,0.0008172814730281712,0.0004691785980782312,0.7132442739867694
4,0.00022048121665901025,0.0002251252578296378,0.00014734292077328334,0.61779364489004
4,0.00031400842389846923,0.00033421976367823704,0.00046195329736175065,0.5705556787580267
4,0.00037467527758885066,0.00041163312237685556,0.00033928264911657396,0.5624166172351232
9,0.0010623016841447496,0.0013699676612589653,0.00041131923985513504,1.1983269046904366
4,0.00022125860248954757,0.00032546901566780624,0.00031382895142692866,0.6218941191968914
5,0.00037132909446705966,0.00043419205978231573,0.00025463738799654857,0.6296601537093455
4,0.000268799439462203,0.0002706449470773083,0.0005083544878997793,0.49785958023275073
7,0.0007164105191443525,0.0009498578859458138,0.0005172295600682177,0.946992703432815
8,0.00022308591628966432,0.0008904445691834077,0.00023768355191519357,1.1048211952276041
4,0.0005218332521737736,0.0005301161728917133,0.0004597325018053353,0.5130857538416356
6,0.0003623202774874633,0.0007432446146152921,3.730027721046141e-05,0.7732231957655658
6,0.000416688995313745,0.0005364181674766422,0.0003908913800402328,0.7207975760348067
5,0.0004841306312533383,0.000604744024374769,0.0002536919605223627,0.6630173916030287
4,0.00027045480904271075,0.00027148337760970527,0.0005977155569951063,0.5070225123274062
3099,0.003545990790239053,0.27351829983428566,5.224030245744911e-06,377.23364693366534
4,0.00010355311848294942,0.0003339736843982247,8.82645935990354e-06,0.6259548158460291
8,0.0008549959922085676,0.0010646935664038724,0.0004574857874646085,1.038089763462134
18,0.0006720562041395646,0.0023317537487666665,6.957969557854299e-05,2.5167365195119813
140,0.0064177298530684705,0.015271261623063748,0.0003147446981945396,18.667169447514322
7,0.000440310473268304,0.0006289081033869211,0.0002472466718857456,0.8882903953890288
21,0.0008228407293594248,0.0020612254781001474,2.4611768944058125e-05,3.0202908733775677
10,0.00022810339216960783,0.0013401195780033872,1.299139509375032e-05,1.4375789804495742
37,0.001098738733161355,0.0034991516921330226,0.0004141300984182239,4.736325088469607
8,0.0002143854550217796,0.0010699895113789038,0.0002445520341436184,1.1094753494453407
99,0.003664606646029458,0.011799565903605164,0.00021869903925284068,13.237190527114759
9,0.000804633099482554,0.001218076208320914,0.00031965020134415325,1.221145958772478
6,0.0008458269428438635,0.0008949288134490775,0.00044931402024917975,0.8392426977184305
19,0.0011571221295674512,0.0024024564665194375,0.0002520741410188597,2.6279142329714293
12,0.000952916517202099,0.0012274113873435835,0.00028567097355775294,1.5562079934290178
22,0.0009506176376213448,0.002628997391698815,0.0003861763811488154,2.939182029983314
13,0.0007538016210663406,0.0013620481078144447,0.00035564242123567994,1.7263151299949142
7,0.0003925150142552049,0.0006477090663143071,7.233327870499879e-05,0.9466480528496024
4,8.554746415896787e-05,0.00037288924235452203,0.00012399252856026483,0.5712289600309466
15,0.0011390829917795279,0.001723470528361169,0.000567403818678209,1.999516444839516
10,0.0012181047679951198,0.0013006139953267665,0.0005834635536285842,1.279146526749222
23,0.0006334539678300593,0.003042955554538517,0.00018223252107174104,3.082085279887427
10,0.000517912040447471,0.0011461242495325917,0.0002727209331345719,1.2708525559994146
34,0.0004182721492998083,0.0035659051549088027,9.60812094402826e-06,4.97938847421429
8,0.00042550003689315036,0.0008464943957883009,9.383996398103388e-05,1.050249359233761
32,0.0005256419333772647,0.003981678415646655,0.00013641966462236656,4.250830733569871
7,0.000482945773659366,0.0005649290468484711,0.0003351016154017274,1.078830126783855
10,0.0005780101367683747,0.00130181578901044,0.0002366816925782872,1.2541313061524622
6,0.00021528997895677403,0.0007380776060546489,0.00031841346127887233,0.8203193609617221
10,0.0004385858319154655,0.0009271799452868712,0.00019600580513350283,1.3363037465297138
6,0.00023918942486773808,0.0006605999528945999,0.0003202877038195691,0.7636291060030528
11,0.0006613385731786275,0.0011112952766225831,0.00019916508340693577,1.5240679149499463
10,0.0009393224184970462,0.0013640813849080673,0.00016387701545357873,1.2724826656492578
6,0.0005952139080566888,0.000608249976232923,0.000573565337262891,0.715758402400751
10,0.0007928523667296062,0.0011506010136304546,0.0001386227135843278,1.3190180369950752
6,0.00047092348294062016,0.0005993178893239327,0.00024345845979525753,0.8370115880391864
6,0.0006187215419254101,0.0007024866903201747,0.000321372923811023,0.7768709527940116
5,0.0003981469983439881,0.0005987159771749611,0.0001709894661342738,0.730752140222146
4,0.00034508222677010614,0.00039248574918785594,0.000304008215030229,0.5627482941328521
4,0.0002864802198794871,0.0002977693948441237,0.0004160376747384657,0.5020034831806828
6,0.0005096264256292774,0.0005985398292228755,0.0004425886087348891,0.7653745529187718
4,0.00031188733407941306,0.0004119081853197163,0.0003887395588818953,0.5177851347514674
3425,0.006408382120690759,0.3071892111650403,6.972805892454328e-06,420.0948059207052
17,0.0003913442056617774,0.001992363461626188,0.00013781641169626423,2.2731654927756852
11,0.0007435178963092232,0.0013859157077505237,0.0005994450940938023,1.5005799130630715
15,0.0008328374235764836,0.001744172258846665,0.00039346691225218425,2.118819026611566
4,4.498873247991841e-05,0.0004937399543336197,0.00023177770044360613,0.5588449667997735
27,0.0007251038759449091,0.003185831483784648,0.00019376849581332977,3.690808478220347
7,0.0007416735959898184,0.0009255730890119896,0.0007784769764259982,1.000778391471202
10,0.0004756691167714917,0.0012968852607556445,0.00027517637300170393,1.333863788620452
6,0.0005081848191470673,0.0005562346477533741,8.290459912831019e-05,0.8247184522737511
10,0.0006488466752434076,0.0011774845223847137,0.00010780038633059327,1.377350135371231
5,0.0002472039950991007,0.0005566760861233627,0.00035430758939384525,0.7313767887003754
4,7.365166915663554e-05,0.00044128522205175397,0.0001776042324657526,0.5506621207352451
25,0.0016379515047550545,0.003061755491440523,0.0004000009327833574,3.3506608885255793
6,0.0003229881069317518,0.0005838258140740224,0.00020508123393169826,0.8793357341530881
14,0.000209388140748582,0.0015487335198541344,0.0001788694769192859,2.0536773537850563
26,0.0010922491118384445,0.0031963640480321682,0.00021672363662936426,3.224482990347361
6,0.0005742188627619096,0.0007348972119369792,0.0003364867676876142,0.8451155009606144
8,0.0010660581201881313,0.001131766278902675,0.0006876142095348395,1.0789167602139866
8,8.54966053905978e-05,0.0007118049091121769,8.101125614512752e-05,1.2403552724450082
5,0.0003059945107075246,0.000498910822536942,0.00033883393415217535,0.6798288487307347
6,0.0005556128306781128,0.0006133884323298309,5.235394752312657e-05,0.8208338422823479
4,0.0001498107019807905,0.0003276746138631832,0.0001603595311211505,0.5002923688221083
6,0.000547260956215005,0.0005839347150650418,0.000620175669062088,0.7941684487040277
4,0.0004183227745713705,0.0005029856728835495,0.00025713636632601367,0.5565184294804099
4,0.0005746845497885441,0.0005801125475582527,0.0006720814388811256,0.5594451463203753
4,0.0003366748998687883,0.000364557362960976,0.0004202624459158445,0.5460799362248101
7,0.0007639214509029156,0.0008224559504656726,0.0004482408580972381,0.9671841899878645
4,0.00019349320732013565,0.00039080368140562784,0.0002911865302506589,0.5460457880373399
4,0.0005222074835347688,0.0005542768695975927,0.00046719837892600244,0.5539136371573157
5,0.0003359754586411086,0.0005391184450897837,0.00030267391082401934,0.7419674732832179
6,0.0006761986256488663,0.0008818587818671931,0.0002781554696175986,0.8245729361909037
4,0.00046569031408069363,0.00047136943036415807,0.0003223480019680974,0.5615224906039942
6,0.000534130510323384,0.0006062031622913682,0.0004669301993046362,0.783693915625671
6,0.00031606744873359093,0.0007360502487291655,0.0002466196794632535,0.8431733623369859
4,0.0003369012349580234,0.0004110064320061987,0.00016287635858899964,0.5547867630740384
4,0.00038633978542979903,0.0004569402328281945,0.0001407384454961163,0.5571209024867863
4,0.00038959200514125983,0.000404542315280649,0.00025471073985840415,0.5114488956074412
4,0.0002669021809881813,0.00041446351820815,0.0002376265700058934,0.5473123121405072
7,0.0006099940688823949,0.0007550914592101074,0.00048599959237941926,0.8867628147112631
3447,0.00882291191374385,0.3094622828189218,1.9551505588545198e-05,422.88272667232934
8,0.0006105251017529251,0.0010933690240989408,7.351572077940413e-05,1.1528365192804406
14,0.0008551076156962738,0.0015871369162066785,0.0001818433637998591,1.84480360664069
10,0.0009204377217841457,0.0014431333531831857,0.0003300964206671767,1.3701743941719875
23,0.0008005704544043935,0.0029354013863594386,0.0003844978177958941,3.0663966288169
6,0.000541815010933572,0.000579437951795842,0.00022943114383045053,0.8450751684878208
9,0.000387231279341484,0.0009180947068710132,0.00014577695300584616,1.292098045800941
11,0.00038700009429530987,0.001385512937069403,0.0001769814092562889,1.484474056309099
8,0.000588538701841497,0.0008543774397739591,0.00033815887269962824,1.1192617644937324
15,0.0007839071252620273,0.001837454910223917,0.0003800128885720819,2.0207764344338273
7,0.000234787380509244,0.0008312714727736631,0.00016731747923623026,1.0745471815106682
4,0.00014089793551334075,0.00039631981847141045,0.00021983120254391776,0.6011947829305687
9,0.0008731758828526079,0.0009835169927593093,0.0004212609696048693,1.2849002434701782
5,0.00018466302729233026,0.0003901847420241763,0.00037926151891229143,0.6230592625444988
9,0.0005036576738637394,0.0007925788551573148,0.00024863862785161583,1.3008268333974708
10,0.0009265909274023163,0.0009595273164342686,0.0007762118277763371,1.187538337108789
6,6.0738767599442023e-05,0.00046101889206007413,0.00024813495415825914,0.8992526975291846
4,0.0005057275701447886,0.0005628386814676262,0.0003014950963156539,0.5457038764418978
4,0.000263506315942027,0.0003985162084087352,0.000132725742746961,0.6051902338623463
4,0.0003430466394210885,0.0003946686145784252,0.00036192325862602185,0.6128481114896576
5,0.0005315783042681094,0.0005997861473824596,0.0004798085160630041,0.6612321379484671
4,0.00043723831606317363,0.00047848361456605005,0.0003387315693420022,0.5647997099133936
9,0.00045180085763228147,0.0011481144322774452,0.00027490227101960345,1.2421743455959922
4,0.00024844195883329836,0.00039654814102965067,0.0004683808765667137,0.5499223367783928
6,0.0007017453265855245,0.0007445926681447268,0.00036017873265233936,0.7762767580481245
12,0.0005044355570511851,0.0013896676121463447,6.112406500145067e-06,1.6356784038277157
7,0.0008478121380022253,0.00086069456331808,0.00026169435372838223,0.9966694257128963
4,0.0002337670523932632,0.0003794491861980069,0.00015866609863065073,0.5668491271816369
5,0.0004351172821449977,0.0006251378346681829,0.0002959140314734603,0.7243667931922158
20,0.0002287932291422021,0.002305818799242287,2.215633048169231e-05,2.6872293229424447
7,0.0005556259642368079,0.000811266367898372,0.00033862261489035327,0.9541073604098275
4,0.00012509473038276218,0.0005227451729746176,0.0005127641002248026,0.5556230614968889
15,0.0012528184551484358,0.0019649442535373193,0.0006009861621037077,1.9843396920555316
5,0.00023383620853802028,0.0005368465650847002,0.0001747793497596352,0.7208489491648107
4,0.00012311451980410304,0.00030233135040371204,2.157549055009813e-05,0.6178922729573968
5,0.00045572837905241746,0.0005214693718733337,0.0005179180174913525,0.6212899837203534
5,0.000509129799844122,0.0005520086920084526,0.00041827883713315615,0.6817930587208539
4,0.0003883107013614977,0.0004476118292676722,0.000290773068685944,0.49616943841300276
6,0.000608299277677774,0.0006580927327787639,0.0004319919248939462,0.77299899016489
4,0.00026290902489055357,0.0003808770068828853,0.000781710252076406,0.48996452011064073
5,0.0002500806278297884,0.000626147192949256,0.0005015489985526763,0.6798362841155878
6,0.0003517471872219037,0.0005189540049380809,0.0005208506840795586,0.8378870169652588
4,0.0005060249973184143,0.0005520515580548662,0.00014308211888102218,0.5592509188302964
3474,0.010440947744960447,0.3139086769625136,2.7742308241679143e-05,426.8791137417945
20,0.0008607505009181691,0.0026640195402758866,0.0003432067854337957,2.6655287031331856
9,0.0009876310938597805,0.0010813608467227973,0.00048244824154399505,1.2879353849628232
4,0.000364873688885411,0.00038214800443521187,0.00045397506213028796,0.5674006552360653
4,0.0003697768570348795,0.0003801343288209571,0.0004049093835007156,0.4865495475709545
8,0.0005990085372988722,0.0010168954518519143,0.0002273439001338393,1.107223038731488
6,0.00021218718621542415,0.0006422628978451311,0.0002549592125805278,0.8558767432533814
4,0.00023078170521650417,0.00023112915931341815,0.00022212161634645,0.49807437537548493
11,0.000765057000115807,0.0013000738304198595,0.00035993473546728203,1.5398965654867296
18,0.0011086017347169575,0.0023306028222406915,0.0005180188323444182,2.5298847928596424
8,0.00016191825917615145,0.0007608958022146477,9.791647199321585e-05,1.1283190788588553
10,0.0009925230578914203,0.0011289510473627713,0.0005240411667565061,1.3423478667102926
5,0.0006107968890545375,0.000661927237420065,0.0005682326991782833,0.6707291451290038
14,0.0003362149731464948,0.001504079386898593,0.00011482926867472182,1.8269372937019646
11,0.00043662507445715084,0.0013929469894210763,0.00011337850952809139,1.5708165411527488
5,0.0005225892268497466,0.0005795396654882162,0.000202739781464695,0.7221906395428751
9,0.001172692414855225,0.0013576111919404966,0.0007803469304831406,1.2325915546261546
5,0.0005080811283847542,0.0005821567587555229,0.0003240006096543201,0.6873126415065964
4,0.0004682750110799677,0.0004972892211137553,0.00012132572884584739,0.5596292900682526
6,0.0004699835930375302,0.0004944323932901622,0.0004539521494212879,0.702873143852458
5,0.00036306485301847147,0.0005924578020728323,0.0001508043384157216,0.7192110618863591
7,0.0007761957805857232,0.0010520448921466947,0.00030243514631510515,0.9897901723061804
9,5.456530528540049e-05,0.0008093537226526008,0.00010295390770994389,1.4076650713439263
14,0.0005018204026593042,0.0012284402050226906,0.00028238405261808437,1.7260843503864332
4,0.0003481048521711006,0.00046152006010955024,0.00042505301922554444,0.5566708029550705
6,0.00037252387511283087,0.0006817956999840668,7.047267107718124e-05,0.8258927567850999
5,0.0006272349436382381,0.0007260011566474861,0.0003022596290987938,0.7175074773858481
6,0.00023884990100864035,0.0006365650319687917,0.00013512239585873593,0.8796821073256221
6,0.00028957589913684124,0.0006204464583839747,0.0005452689986839099,0.7722684527129333
4,0.00011706756381581738,0.00033107064289906486,0.0002210653780179453,0.6120147340545614
6,0.0003448256240231386,0.0005233903535455535,8.251542398117624e-05,0.7753890904669577
8,0.00020704821673052484,0.000640932016786997,0.0001848862048957251,1.127493963405476
5,0.000504751439282915,0.0005411539225236657,0.0005398520383094019,0.6645678016080985
12,0.0006629704613952023,0.0014132495994222563,0.00036829405092920163,1.6672760739477608
5,0.0002082880097015213,0.000630248807054522,9.199308636478536e-05,0.6803567851853509
4,0.0003785783971738679,0.000438330397118244,0.00030380943909007196,0.5484230490956794
4,0.00031899896879987157,0.00042688427271867006,0.000252341003123381,0.5586772955844322
5,0.0005109193354301195,0.0005711369726126333,0.00029180761760074306,0.6883281659334906
4,0.0003654958470797381,0.0003773852755434891,0.0004299876969168493,0.4882833576788313
5,5.2552009424406636e-05,5.6845020994357256e-05,0.000260874196223513,0.5508434728516698
3461,0.011136991151154668,0.31565416371044763,2.4800196590074057e-05,425.57433923692395
10,0.0008985817940688547,0.0012037453566786202,0.0005335976436542601,1.3324650149614137
19,0.0010272882772369768,0.0024911322213966016,0.0004723620743839649,2.6824091324013377
4,0.00026501347079438143,0.0002734207979634933,0.00038802308198508727,0.6069393689924205
9,0.0006676830716801642,0.0012978404185173369,0.0004430470860737733,1.273766262657695
9,0.00014004772344842968,0.0010072937767840616,0.00021808863211082624,1.331766159149233
18,0.001301298629225194,0.0018659656557585883,0.0003844816919068558,2.281301609280137
12,0.0003021892838154774,0.0013936017083259879,5.8802589132947223e-05,1.6626136702891627
10,0.00043147346427124984,0.0012080512423718389,0.0002425564453910969,1.3405423595083568
19,0.0010986368108057225,0.0027003928960862983,0.0002510319998924663,2.6377515454415446
5,0.0002279632503290507,0.0006853151991198852,0.00010849152391473389,0.6672414279012241
6,0.0006815723659955708,0.0008077562384830635,0.00037522116184878873,0.8847503235895708
6,0.0007487005254106663,0.0007759854398944071,0.0005001690972720078,0.7872328123464514
41,0.002993109789852023,0.004561234476051049,0.0005008540335063259,5.41181278817223
17,0.001094355025636995,0.002197521720919459,0.0002717139574107876,2.2772997796776298
5,0.0007232589490802103,0.0008036405206721231,0.0005078775851803278,0.7213508244294512
9,0.00017371556044211853,0.0010136428065992277,0.0003415565981679892,1.3104286067520048
15,0.0015042915501776108,0.0018179491392110681,0.00047949726694498164,1.996164228645664
7,0.00013666593521657734,0.0007559740188644964,0.0002000787296234716,1.004490012824525
12,0.0010379703615846173,0.0014384097438794763,0.0004829669798223881,1.639432284894548
4,0.0002114849525575826,0.00040466681022622024,0.00014944422771241356,0.5995916817820377
6,0.00045677328734609505,0.0006836395587390146,0.0005244267465441309,0.8480582744801857
11,0.0005791736105901866,0.0014084511677679935,0.0004845047489637579,1.5479312125635394
22,0.0010181375306929049,0.0024629174924896695,0.0004161344858888502,2.9855972103365214
9,0.0008808328328962142,0.0011549146076470526,0.0002852318684563289,1.2132178016923918
4,0.00019873755493715885,0.0002494136191559664,7.486763723051574e-05,0.6388554186505098
7,0.00010338031479088942,0.0006471969377301857,2.3995783189769473e-05,0.9930337095473543
7,0.0007135034237364057,0.0007439988021563379,0.0004962250214968267,0.9352883363527158
9,0.00012097308477173013,0.0007042381025486027,0.00026166036359322187,1.0547819158745597
5,0.00026981795869665325,0.0004915849814301687,0.00034700247277244425,0.5971014504224674
4,0.0,0.0,0.0001527424198851991,0.44662986419890144
3451,0.006686667591410814,0.31176590158678297,1.388172183787161e-05,423.80032960163635
59,0.0024190061389683685,0.005860316474666954,0.00020464083282165004,7.694825508932499
5,0.0006482063055210744,0.0006803745848725543,0.0006284698997293847,0.6644978384955211
7,0.0009013379004309071,0.0009421644791151136,0.0005221857359629984,1.007304238573833
13,0.0009751272023514079,0.001588801149968411,0.00035355599134865315,1.7185786413885036
4,0.00016278659483283704,0.00036675077099289745,0.0007215163831184793,0.5468204273769253
14,0.00032627288641024957,0.0015315042055996883,0.00013430477777434349,2.0107250088675173
4,0.00038023866017641947,0.0004594794790338866,0.0003957250135470959,0.5637162585023086
5,0.00026490376680518053,0.0004789927320941615,0.00014839773522967657,0.7707700318408879
4,0.0005385420834126482,0.0005709322516522597,0.00048608004454814345,0.5644373879048561
23,0.0006108571302049936,0.003090790823424731,0.00020879422372061982,3.173348427559374
7,0.0004664719080044012,0.0007857422215275088,0.00035961753716867565,1.0068463906327592
6,0.0006688347001608456,0.0008047808487808295,0.00010060878069368932,0.7820052402850887
4,0.0002512571326644425,0.0003914480428484059,0.00018353457060400036,0.6210803508816707
16,0.001059161624275794,0.0018266544845728747,0.00021200376022215953,2.318471303514524
5,0.0005470038420236549,0.0006754351976717908,0.0003385531257061831,0.7193596710864983
10,0.0006326958394070794,0.0011482548295269714,0.00039603196306163953,1.4378322515126993
10,0.0005460166798675461,0.0012900363414353046,0.00043754976979741827,1.2697625666149752
7,0.0005962986175909741,0.0008826908838447646,9.018801649868374e-05,0.9944892409477549
7,0.0008140377573214115,0.0008575971739734858,0.0003560599490362087,0.8758048179463495
6,0.0006462653460907479,0.0006931677064082089,0.0003468395302939893,0.777672967003531
5,0.00015703503775662885,0.00040700827244624123,0.00025965558648366444,0.7650513297357584
9,0.0003996729356929945,0.001093879066247826,0.0003512437923611135,1.28117286621675
4,0.00044269141495805034,0.0004907397781482377,0.0003584138520487488,0.5412686022205825
5,0.0005152468857198206,0.0005525175359591458,3.372250990371796e-05,0.6036883055325439
5,0.0003169797168737193,0.0005648636782602325,0.00027421758251934206,0.6593221459269607
6,0.0005566701611111417,0.0007756846283996487,0.000854035643940977,0.7694536311727828
8,4.5311383612700837e-05,0.0010178517416483198,0.00015746069792232838,1.1108135081344988
4,0.0005306506893573597,0.0005552992935944252,0.0007521603717859305,0.5559269117288683
6,0.0001520866638278992,0.0007247723218969988,0.00037421277919268055,0.8246083596229117
4,0.0005029901129191263,0.0005514665973477647,0.00021120098104019617,0.5543256909842762
7,9.66499520879043e-05,0.000703633127255416,0.00017913749452056778,0.9444185456517394
5,9.808357849217077e-05,0.0004569782286549535,7.72595292988722e-05,0.7270680726744672
5,0.0003880206156161312,0.00048225897876345066,0.0005091138144426746,0.6038985473890346
7,0.0001509365160231702,0.0009111938018325897,5.461843013481864e-05,0.8864838305220945
5,0.000555189461891287,0.0006056312787898491,0.00012841741258946246,0.6684368280869845
5,0.0006023655376509076,0.0006624112071597286,0.0003449739594484793,0.6689842567943435
5,0.0002672516797317205,0.00048276586852179535,0.0005140423765558241,0.7307417688984938
4,0.00021207626874852873,0.0003619734576217757,0.00012317913565998152,0.6291849287209247
4,0.00029586864416438597,0.00043440330508046196,0.00041579770875768517,0.5611210492683404
4,4.851231824166302e-05,0.00042891979362813266,0.00036832068672385627,0.5610742091510498
11,0.00045467118630662857,0.001032151337099445,0.00027577053492327776,1.3461076851924691
4,0.00035662597396167575,0.0004564487497571756,0.00025103653107328566,0.5596634059919895
4,0.00036740173537332257,0.00045287157957473985,0.00013518119570721338,0.5527126084950408
3392,0.004033396165638674,0.3074352254685746,1.843389381947089e-05,415.6198012025018
5,0.0004913311966915511,0.0006102045933558146,0.00011434918858046167,0.7154463777816706
59,0.0021837303878099548,0.006785907899809046,0.0002000625834261759,8.122474807412221
10,0.0008662271435292442,0.0013396666947301816,0.0007438120226302515,1.3184922577251714
9,0.0006295823913258762,0.001264705890842235,0.0003985627659193053,1.2178694524246272
7,0.00048534923063884753,0.0007894563675559979,0.00014368596443247152,0.9823898208891323
32,0.0012075692197104342,0.003586533041178731,0.00022522482011667094,4.465312459861242
16,0.000797267740370232,0.0016807454919198252,0.00018991686310513032,2.165112281498372
4,0.0005233355025644626,0.000595382117186509,0.00045747909832586904,0.605469498291827
18,0.000923894468047834,0.001954030134036694,0.0005041825406827125,2.386755686593698
8,0.00033015174800553874,0.0009099003536576576,0.00015366589148883207,1.098513169483785
6,0.00015465278535816213,0.0006228521444783694,1.7117076574874224e-05,0.8833732978034143
22,0.0012951048766125432,0.0026188980585839386,0.0004153946282157862,3.086743738150627
4,0.00047306391246397853,0.0004895632031335037,0.00037713516973048467,0.572922167709111
21,0.0010095455647566964,0.002555384455991172,0.0003542973589618507,2.935241518719685
17,0.0009922622138658723,0.0014301270143938785,0.0005741623373811201,2.0563063183979304
4,0.000373623045960059,0.0003847968592248049,0.00047780744215789977,0.5033810274302719
9,0.0006652647168824817,0.001151961252796369,0.0004921219471215274,1.245058333436259
12,0.0008510574569084558,0.001445064046255395,0.0004908175563384084,1.680950633574235
5,0.00022813011989119165,0.0005928190853929853,8.435496187467164e-05,0.7012922749635848
5,0.00046373906286053493,0.0005914486389509731,9.183618427428106e-05,0.6792495721434179
6,0.00037178102728681263,0.0006064314127116747,0.00012365523846511313,0.86467565929166
11,0.0008379453014547913,0.0013131961905005908,0.0003008687801259471,1.528547218418573
7,0.000567237699686354,0.0007337715263702945,0.0005162434928397444,0.9419515429184675
4,0.00033529245972137875,0.0003645135659504552,0.00012252621414804416,0.5459330721773076
8,0.0006846170668071094,0.0009616107291555814,0.0005088724570107058,1.0252694796054787
5,0.0005700752757512712,0.0006720274000614024,0.0004175575989879465,0.7306171760216802
4,0.00045771148732767075,0.0005178336794768775,0.0006263031923900985,0.5495333477578646
9,0.0008756399290046691,0.0009348485242085484,0.000371809091807837,1.122854308635278
35,0.002182662862124036,0.0033984225494355425,0.0005959462556274664,4.411818409712211
4,0.000234561647996043,0.0002783014927841758,0.00012604079392214464,0.6045182308614517
5,0.0005119010676527313,0.0005716513741097749,0.00013925871470808163,0.6608150761746837
4,9.167812863603856e-05,0.00027068620935534644,6.957927435902185e-05,0.6315994895942734
7,0.000513674719354637,0.0006787532900135036,0.0003559865387935781,0.9397039708952041
4,0.00038682207220495,0.0004459471148634719,0.0007749291498891135,0.5355303121209066
5,0.0003579032561062971,0.0003655245674136331,0.0003572438110530319,0.6103537512571806
4,0.0005525580691529881,0.0005825113053597149,0.0008827966328676481,0.5460311853497302
8,0.0006177330973782219,0.0010360706026902825,0.00019890521157290872,1.1132977996590947
4,0.00022411683281469303,0.0002274101732393104,0.0002532981666673845,0.6180498543403513
4,0.00046958132974632546,0.0005259575213235551,0.0002650202056666334,0.4971199594792042
4,0.00023731111277272647,0.0003949558895392694,0.0004783745542054967,0.5637543681806089
6,0.00043198300335858613,0.000495091187787807,0.0005492739503607636,0.7227913751016747
3383,0.009956047743334783,0.3086980993365448,1.9430596049420302e-05,414.65058437926416
9,0.0005785401833475401,0.0010767895246765807,0.0001295771625642935,1.2714907272382496
8,0.0004933856875598228,0.0009143444753986487,0.00028950422482226074,1.1339583733878573
34,0.001927737671247229,0.003810072670818937,0.00047016209056833385,4.4733467290450095
15,0.00037168423581018285,0.0017683931500872036,0.0001820265484140174,1.9427766913335411
66,0.0021188589562624862,0.007040300327774722,0.0002598929221857994,8.723130664516983
12,0.0003590121386748117,0.0014407680806641254,7.14429488082378e-05,1.6973958408460297
13,0.0009851392133521306,0.0015048499052319356,0.0004066604223825501,1.6659541516008118
5,0.0005324341737345815,0.0006630057234023482,0.0002932500870174644,0.7248702527447167
15,0.0002430811240178639,0.0015743592532798706,0.00011756926669281356,2.1968790808665237
12,0.0005807400421657157,0.0011685676951975405,0.00024871985420799725,1.6235380959408614
5,0.0007092397642967108,0.0007246775269599991,0.0005681892113442277,0.6551563477697413
20,0.0008747262656898608,0.0024063426666032428,0.0001360151522590031,2.772560444493464
6,0.00026600244344468125,0.0007965975604367344,9.853435010319355e-05,0.8283044987835351
4,0.0005458929752776541,0.0005786004683025527,8.880355604923214e-05,0.5528475684203384
11,0.0005696577923697783,0.001181170734730421,0.00033827454106505784,1.4541844785733202
4,0.00046110080641426245,0.0004779702444753206,0.0003779944390528003,0.5704645565104277
5,0.0005483557024516696,0.0006836151936376038,0.00020170688083208396,0.7226763259800603
5,5.563254921041597e-05,0.00039846808329154274,6.332748929967315e-05,0.772433711534859
14,0.0010736222683592348,0.0016745692513951064,0.0004313664840060979,1.8982251023493986
7,0.0008313542613390081,0.0009022733078477285,0.0005662412528016792,1.0075203539114037
5,0.0004995224774988554,0.0005661617572598351,0.0004491801673445244,0.7190855665665387
6,0.0002506019485029861,0.000458272126004592,0.00013405891781556104,0.9367586576625536
20,0.0005587287008748979,0.0023157635647590275,0.0003373693227322126,2.689990238153107
4,0.0004181334974273154,0.0004619838012289042,0.0005384221298379007,0.5624836586513156
26,0.0020352038801924157,0.0029977312115389066,0.00027453226392290785,3.5877812288355844
5,0.0001568752472081905,0.0006045344510476326,0.00047057906872267083,0.7104413419000619
5,0.0004185531028120119,0.0006377303369392031,0.00045952369468403776,0.7145766445280364
4,0.0005129544798396877,0.000556209382696563,0.00029449014910673814,0.5582724053843181
15,0.001594014373826269,0.0021993942491096443,0.0005146678795733138,2.043178673192762
10,0.0007696724794332017,0.0013611693927498816,0.0002987223837408532,1.335388412048247
6,0.0003258307793448018,0.00042799660590445577,0.00010972945867335469,0.728240609862234
4,0.00020581749823882277,0.0002669723316967953,0.00015372807019091163,0.5591736624426977
6,0.0007484136048787751,0.0007809469340933972,0.0006097434366452642,0.7592669679645745
4,0.00048281605061244214,0.0005017137658713633,0.0006179483008055583,0.561202516582584
6,0.0006085849877809937,0.000676277969660457,0.000353319433537954,0.8493014697920109
6,0.0005563276667190847,0.000740586039667823,0.00047182855327286506,0.8371039501033144
4,0.0003899877420741453,0.00042594275198184047,0.00040008132171057533,0.5008185092790266
4,0.0002258640505266724,0.00042110172816008627,0.0003476846156855237,0.5057995142415189
121,0.003061456776549568,0.011148210419890737,0.0002029645710088665,15.790333351934118
3286,0.001614455684485042,0.2969552744111508,1.0282205285253927e-05,402.4414707167208
12,0.0006810041262466566,0.001588447515244096,0.00022910588202746445,1.637451287990808
8,0.00033175324592675347,0.0009134293222006504,0.0004090895724670901,1.0513821088033968
8,0.0007344684732791826,0.0010418628147539888,0.0005229010062034948,1.0513016493198972
69,0.0015638913991414597,0.007302641032887173,0.00015865190609747894,9.104533783846843
16,0.0003875402547777507,0.002014772818306709,0.00027306824541130034,2.230374182773518
6,0.0005403585808081936,0.0007336720189157972,0.0005793425662401474,0.835327852502081
18,0.00037103743950372227,0.00213820661845633,0.00028264026379074675,2.5100532934401407
23,0.0013474186075873257,0.0030551869981770077,0.0004690578562930638,3.132360565863331
5,0.00043118279340417375,0.0006048830269460413,0.00013685370735156012,0.7141661590234535
19,0.0012967609902300545,0.0022250872660867158,0.0002987112701320124,2.513036648900175
4,0.0004557508452303866,0.0005384858519505867,6.182489522853484e-05,0.5508427039202024
55,0.0040342753469407395,0.00628360468912531,0.0005213806769218882,6.963048323143247
9,0.0001456672221144428,0.0009827021339978445,0.00022340358935091792,1.2743521725456866
6,0.0005055627139610579,0.000684337610852188,0.000522056305188705,0.7905414467386821
4,0.00025780877614104206,0.0003172343105618766,0.00019254736653992696,0.500920611079717
8,0.00045540881980951213,0.000903757839623489,3.962242521403446e-05,1.1254132648499575
5,0.0006014509681483806,0.0006863869593993156,0.00026721369872664315,0.7246500731542145
12,0.0012972740876339788,0.0015296029129982921,0.0006142156831375769,1.669074229118271
6,0.0006249743555024392,0.000761695128267835,3.8644006728748484e-05,0.8982800387361847
6,0.00035293506293849434,0.0006243247615414159,0.00029400117107907745,0.8553053169065845
6,0.0006540518483214389,0.0008081288207428806,0.00022182111538389032,0.8391791276621028
11,0.001075224157956911,0.0013427622764562574,0.00042011958842178194,1.5971882990315622
6,0.0002662621234943708,0.00037822885329645144,0.0001356190860936461,0.7835209539525494
4,0.00044868696363640955,0.0004649713641337338,0.0003488273595707486,0.5524018048575365
5,9.51211306547598e-05,0.0005418650767276275,0.0002392619883995485,0.7341775420145277
4,0.0004485382048720581,0.0005204925869420334,0.0005520509864942052,0.5442646257944818
4,0.000553376839879806,0.0005818355766016839,0.0005845219649270899,0.5605793188572357
4,0.00026644845686731977,0.0003776499119483762,0.00024811490861271454,0.5761318886657638
4,0.00018493444096357085,0.0004860257574989926,0.0002490681845434685,0.5543501764290704
6,8.882161335313279e-05,0.00018646643263521372,0.00040315402736821796,0.6609201698387303
4,2.207721749961172e-05,2.214803305424156e-05,0.00034395663978408354,0.4472219843986151
126,0.004766114965488133,0.012842246288642896,0.0002270491754990809,16.659567524047183
47,0.0020373022751824276,0.004889163776731206,0.00024897274350236967,6.4340992618129
3202,0.0033915388580637684,0.28657500061512053,2.1729506198005096e-06,391.58780471102466
4,0.00018033873363396138,0.0003993065916659944,0.000554568896581029,0.5596945610583778
27,0.0006231008683963578,0.0031981625343963996,0.00012820065423203264,3.5872808491575583
42,0.0017381342968553078,0.004342187697692694,0.0003447681448445134,5.4203311232807385
10,0.00036923327697115956,0.0011854613919596183,0.0003656149856322214,1.4274774559406733
8,0.0004751116723111025,0.0009965384450944194,0.00026483457393941865,1.0302885919873193
5,0.0003282511491541187,0.00045167690795354853,0.00039375795234340754,0.6454480330726737
68,0.002011091393566891,0.007684556383557975,0.0002723058682713837,8.72190767288194
8,0.00047822512329228245,0.0009534311706085847,0.0003182721066268749,1.094126563325776
8,0.00016101513069559934,0.000856082991622005,4.4485604694457835e-05,1.1502569169286943
14,0.001594179054583074,0.001744061645638466,0.0006460219552001189,1.9396044038835734
7,0.000918781046326153,0.0010314159755434012,0.0005960772681082452,0.9401597860415748
6,0.00019192671694214327,0.0005520509329012968,0.00045493707350446416,0.7933644238372336
5,0.0002524603655952812,0.0006025400689878437,0.00016691886397550152,0.715500318502046
4,0.00022157154402636356,0.00029132797054845933,0.0004033073479855317,0.5491468502577594
13,0.0010163766640341263,0.0013675761012117108,0.0005936949038276754,1.6817877834051425
6,0.0005596932443528368,0.0006976171499844794,0.0003079551973947434,0.8488905088139105
8,0.000717702865044692,0.001105226245141569,0.00021221541838414954,1.10881721872482
4,0.0005160365496033764,0.0005314247563154412,0.000376454507146599,0.5502979913528695
7,0.00045150130210641057,0.0006794945738210996,5.209782806610354e-06,0.9452509028169476
9,0.0005320392393402361,0.0011453972453419224,0.0004646345538240976,1.1987493586652624
4,0.0003786433517092248,0.00047938988247704217,0.0001744194568973375,0.5558415700140299
4,5.7021507747591464e-05,0.000470317895396558,0.00010824519779049528,0.5606016112524229
5,0.0006392379344519949,0.0006623759879822177,0.0007481934290843987,0.7333280020751977
7,0.0009204662290625826,0.001019868361630916,0.0007990395639741166,0.9347644289487285
4,0.00017615872121737336,0.0004092318038014549,0.00025400659845083146,0.5611301048090004
6,0.0008448161429737462,0.0009864096411110771,0.0003732122235919283,0.8209592038864699
5,0.0004052459348886044,0.0005316113827854349,0.0003240622906527708,0.6481006078797619
9,0.0010442854628952667,0.0011574063681820542,0.00033289724178505587,1.1619403827742831
5,0.00011230822933697727,0.0004653525898627147,0.00031508367968629815,0.7342633188023966
5,0.000602688554766787,0.0006624050937843759,0.0005511053373039349,0.6671326474919448
4,0.0005943900786436008,0.000627142053336407,0.0002868040129916647,0.5459139769539794
4,0.0005059768663053812,0.0005336080890552793,0.0003634175542386755,0.5678409795370274
8,1.6308042806112815e-05,1.6627112582254512e-05,0.0003216796088264052,0.879500204202377
5,0.00014194282783251471,0.00014349044647783864,9.995454586124807e-05,0.5415218237865127
4,5.3290868689604895e-05,5.4861925477816645e-05,9.333871931999481e-05,0.44708731282788067
18,0.0011796886851148174,0.0018142645840596872,0.0003249297964150336,2.2731141780367876
74,0.0026306376151093045,0.00796031472799655,0.0002502179876649786,9.86031196202095
3261,0.00932732835830013,0.29390828056174656,2.101381507458017e-05,399.4856536275372
87,0.00462371419776506,0.009595125584673264,0.0003687224343648247,11.673564569236635
5,0.00033686549870150977,0.0007524058041359035,0.00018018111511382384,0.6504394319613942
9,0.0007307606632173929,0.001033849316538505,0.00021420370857922345,1.264645802712436
7,0.00017851797392908706,0.0007540819551550347,0.00015426753475498688,0.9580469776634092
10,0.0008408736010337214,0.0011680601142059748,0.0003576123005002979,1.3940497861458665
4,0.0003722724933842045,0.00043420805306427655,0.00021355866400189736,0.5500823335498898
6,0.0005544343048165726,0.0005837972217184515,0.00037559388493535565,0.7757160435756582
18,0.00037591458243852724,0.0019242179323391798,0.00023742926352402033,2.418288585185466
10,0.0006400647497248123,0.001210146771438948,0.00010846090596689324,1.3214888719060855
4,0.00034264369683911333,0.0004566674753205827,0.0001856017823564373,0.550932954150739
19,0.00043848732323500933,0.002132713464636886,0.0001859742658016134,2.6325172303616995
27,0.000736847000205206,0.0023512327253310365,0.00024909753375494117,3.3273720451505477
13,0.0012829187950572493,0.00174050013318021,0.00043445129633155736,1.7259674077609977
11,0.0007769301682564914,0.0010327980219431085,0.0003547910371850962,1.5337722583971771
6,0.0005370015392713599,0.0007111394022216267,0.0005864813740125385,0.9110640321953392
4,0.0003737731206026914,0.00039543347719825643,0.000144210063934137,0.5516885694398451
5,0.00018796589796106283,0.0005872838996084233,0.00026047070387619713,0.7319706873083192
9,0.00031404699157903487,0.0010697667893858215,0.00020988888997194768,1.2810656384055232
5,0.0005715641798171772,0.0006233028140906914,0.00043854013835101837,0.6665702857102076
9,0.00038502061291549974,0.0007823358897050064,0.0003920054252866652,1.1772293439895036
4,0.0004291026547429734,0.00046422156565601683,0.00016201568678872512,0.5537353918711375
9,0.0007227192039193709,0.0011072324683278655,0.00020915756195998627,1.2414511308212244
11,0.0010007985479388352,0.0014735533948110101,0.0007801450735833442,1.3623416056934297
15,0.0008331807227925466,0.0016953755273176713,0.00038472505543035083,2.0038065898252904
5,0.0002065027758018422,0.0005213972373704593,0.00013007717037676693,0.7428625943051819
9,0.00047833827592728273,0.0009215352287062648,0.00018021532052721467,1.235556100740617
7,0.0004900903869103828,0.0008114869837347753,0.00028105099084228325,1.0241508633436174
5,0.0001828821000587081,0.00033281031023961406,0.00016958903206528998,0.7427960320901027
6,0.000391678407476279,0.00045292655410103923,0.00021280368885958232,0.7207524951898858
8,0.00046777908961311807,0.0009463414396789021,0.00020863202026231,1.0612930196126054
4,0.0004206499826471096,0.0004387746253513015,0.0003532068106705386,0.4954339850769447
4,0.0002023462460689419,0.00039904417220578347,3.670920107686034e-05,0.5639290682451729
10,0.0007771614147518022,0.0008715505915448556,0.00041119669204931603,1.2268053573954778
13,0.0006916212848419066,0.0010658132794027612,0.0006558646841794989,1.5503081740839917
8,0.0007121294737641674,0.0008337493196892776,0.00010163676270907637,0.9975190746598994
4,0.0004901178841157543,0.0005125998567058821,0.000728793548950884,0.5643252525873892
4,4.216969418371948e-05,5.291115039314519e-05,0.00014263908769538065,0.45616893791477026
66,0.001604896994115792,0.007251692688161193,0.00016318916186349028,8.78361464530858
3224,0.0043523255631728345,0.29026990831109545,1.5220082782408634e-05,394.19264051166806
106,0.001507226715840223,0.012338180303232082,7.118885944663851e-05,13.84870708017186
5,0.00025719218728570447,0.000641027474536209,0.00038998094362062907,0.6769141143523969
102,0.0032190369240778444,0.010764750688707289,0.00024651002352543314,13.732179120821913
9,0.0004033857461010024,0.0009919253805321193,5.3652267671983056e-05,1.3432351256652426
48,0.0018322498018054278,0.005753291319796457,0.00022643307007006968,6.5395254022855855
7,0.0004061952963097137,0.0007674741402807651,0.0005161866877242263,0.9521567431069301
16,0.0002576414626214757,0.0007085599753698106,0.00012670670191252846,1.8942384625295567
4,0.00041190188021688907,0.00048166372671625397,0.00027852695061676746,0.5662104853398346
4,0.00044915172556354236,0.000470018692648197,0.0003243924859920627,0.552537852344297
4,0.0001804301561186187,0.00040019095899493997,5.706560032547308e-05,0.6126087426022042
16,0.0007725235819851141,0.001830193648096942,0.00010840037786077677,2.2384154721572846
5,0.0005757395681476422,0.0006436995734208289,0.0007254891779743569,0.6622110275542532
18,0.0008383150580200087,0.0016946948156587479,0.0003350838290110045,2.2582412995238235
6,0.0007119183414279856,0.0008609732372415355,0.00018680007379175237,0.8477873081633617
5,0.00017116197452818856,0.0005396118799206321,0.0002922808231267192,0.7291237532727983
5,0.0005172815352468899,0.0005452649925071185,0.0002542396031118251,0.7331992634222532
7,0.00036722025572947245,0.0009157407142170676,0.0002202367424172569,1.0274584464062466
4,0.00045798541346864376,0.0005174057643564647,0.00040769571730695756,0.5484145116429286
7,0.000798575899353192,0.0008862133722480523,0.0003846312186255178,0.9439515342905779
5,0.00019464468748059491,0.0006688777678935521,0.0002510672153793232,0.7123510367936785
12,0.0005598986447958897,0.0014609795598548735,0.0003310718673124576,1.6737245019872873
6,0.00030132039905197863,0.0006034672253803148,0.000291774108794661,0.8496635911523183
7,0.0003101605689162152,0.0006767752884315724,0.00021072957144888988,0.9389989434474038
8,0.0008085396117766327,0.0009765476713890245,0.0005067390516605429,1.0746350433123002
13,0.0004886386887027189,0.0015027517178806521,0.000172239446017116,1.773037385944629
4,0.0003205107021369809,0.00032884998015921056,0.0005096577113263827,0.5066715353807889
5,0.0005386115108537411,0.0005627249276450567,0.0003094098886782367,0.7313117538566782
6,0.00017460370106469884,0.0004752918087266066,0.00022327840271260972,0.8996419719406278
6,9.496348111317925e-05,0.0006415429785442137,0.0003387543545420469,0.8941509499009846
4,2.12764903553876e-05,0.0005239654850732569,7.252479440348223e-05,0.569886213730563
12,0.000570524549593,0.0006459745081518067,0.0003627685763062633,1.4465842301543133
7,0.0001979478710910047,0.0008348162751356195,0.00015960789933026855,0.9855624704915666
4,0.00016133977639897694,0.0002805379382515777,0.00013443993712722432,0.5100004161856818
5,8.015300293780727e-05,8.833568609079747e-05,0.0002537576065052281,0.5573121674901869
5,0.0005411937642226368,0.0005512610300566802,0.000446478669356146,0.6803253634286142
6,0.00029580394919324617,0.0005386271932439895,0.00016481099135013234,0.8558046660489157
3348,0.0045366318684819575,0.3005090720471469,1.8696659723287404e-06,409.9494701978241
37,0.0015985790906063613,0.0036309439169397877,0.0003491123190597233,4.591362388283345
4,0.0003946003995077284,0.0004466588446070231,0.0005072502272063323,0.5527450594392946
9,5.332492504782398e-05,0.001048635467862007,7.569340726926459e-05,1.3329531484257875
92,0.002322447049372526,0.010718543248900897,0.00014986974625928395,11.613137326812955
15,0.0011394745512207933,0.0017377573550916513,0.0003193884791379686,2.1399260734966106
4,0.0004542587647574381,0.0004918558866737797,0.0004005018970799346,0.5647952940344504
24,0.0012538536763726257,0.00269192949722054,0.00029644080259697296,3.248807415129846
4,0.0004917098203388959,0.000518210225589536,0.0002752026481205689,0.5474054783757409
5,0.00028848514646985366,0.00039330722944026396,6.070137742078226e-05,0.738477536539402
13,0.0004274184688162036,0.001645356212374312,0.00019665608968102364,1.832294084731176
5,0.0004256000019807582,0.0005985000362173844,0.0004115988939929256,0.7130631792906704
7,0.00017039294346715304,0.0006983814039765309,0.0004313093631078161,1.012882599548664
4,0.0004629773072352471,0.0004968913865797325,3.263335042862559e-05,0.5504495755193559
4,0.00041171307527070955,0.0004988057367977674,0.00026537858351171516,0.6079448470657376
17,0.0009842083879277195,0.0020967721503739167,0.0003416246965383348,2.2346776530486414
7,0.0005594981666135839,0.0006669833805916504,0.00023974514525995535,1.0188001452589355
4,0.00016704620014495761,0.00037125201567908805,0.00022464943872677789,0.6159853449260351
4,0.00037749913792579784,0.00039125323803918487,0.00045824281408749407,0.5049311318022818
6,0.0005059637063475975,0.0006149903124000413,0.00024266157136954459,0.827474709455391
5,0.00017154745675130735,0.0005756525705411353,0.00027634301577719186,0.6748772642749169
5,0.0004851381604886244,0.0005554849847986278,0.00016345098004818693,0.6554786701796896
9,0.0004968917810011564,0.001098788229088435,0.00011207881506013301,1.2726763176892564
5,0.00028824967419959787,0.0004918775008432453,0.00023920461290345934,0.6739246764717798
11,0.0003001789498533197,0.0010540050341936395,0.0003263543956905528,1.5239946495910945
4,2.416618901026396e-05,0.00045752381515729544,0.0001902388439152177,0.5622434194618777
5,0.00035180993985280725,0.0005733129644642624,0.0004526848935135101,0.7315679803951403
4,0.00032680919416518215,0.0003432362796519226,0.0006532097708482123,0.4872879737146497
4,0.00027860911602986175,0.0002986783797720159,0.00026642162088907976,0.5143329781714028
5,0.0001536138296929781,0.0005789971026932035,9.416053056674361e-05,0.6753970989608962
4,5.7143922415117485e-05,0.00023054365410015324,0.00021322462322079152,0.6289814082687684
4,0.00024793421050988855,0.00038155716005058084,0.0001962900346018284,0.6229426944462853
14,0.0011790608274824946,0.0019065518501149305,0.0003873328770102749,1.8974651085482146
5,0.0005051082911743494,0.0006136959069043628,0.0003900013188112184,0.731924625404418
4,0.00041626098518899565,0.0004253921589821775,0.0002828850402157098,0.6142532556651559
8,0.0008111201316224496,0.000885605104640904,0.00031602556887581776,0.9945501997112691
5,0.000149093351320763,0.0006107895866604275,0.00046090165681225763,0.6565797166647214
4,0.00011435510257766714,0.00012050373174970748,0.0003537229990943567,0.4511240763545415
6,0.0006394487101182338,0.0006844184148072348,0.0005895778109158211,0.8210949294317476
38,0.0021285667925374768,0.003966967442616925,0.0004012747592155334,4.996496047982198
3354,0.004389361830564071,0.30506739559111606,2.0053637184774947e-05,411.3827614556592
7,2.282353731628459e-05,0.0007947911639624525,0.0002870673576410998,1.0148559786989249
21,0.00168979239969408,0.0024872558156935963,0.00040778852391580345,2.777955898331122
4,0.0003617672282942558,0.0004145200203005827,0.00013051872239053973,0.4947491276230801
4,0.0004298448750104733,0.0004597314616530378,0.0004999490112699438,0.5551958739692021
7,0.0007304634364993838,0.0007864637812860174,0.0006589202884786426,0.8867349432754871
12,0.0010855274549422737,0.0015052920919490925,0.0003768066844676248,1.6678501042633977
51,0.0006694873595438327,0.005588365372971405,0.00019506300561931747,6.224240837547338
5,0.00034212982694526334,0.0005391870633764776,0.00010245770400908421,0.7278494636415879
4,7.564645940412897e-05,0.0003809826068441922,0.00016101441594363475,0.5680227554145165
7,0.00023643577582930576,0.0006668313355552957,3.525022171626957e-05,1.046716081885121
6,0.0004556421862769293,0.0007937683009626957,8.460788633627461e-05,0.8741350552975903
7,0.00024142772668372383,0.0008370608385646966,0.00016280557329363037,0.9554858227284586
9,0.00046082174025999033,0.0005005821041613554,0.00029732321063820523,1.073341892826033
8,0.00014590025828449798,0.0009912525557123136,0.00012667885169425017,1.161577095320006
5,0.0001162510427801637,0.0003804160037978067,0.00021957916923725493,0.7204353650283737
4,0.0004753904540871499,0.0005068595481336897,0.0005014939017000263,0.561733074802528
21,0.0003229493164477533,0.0028598281905104234,4.838066204624507e-05,2.9469987506471798
7,0.00043945707012702385,0.0009069084084831393,6.67081536232747e-05,0.9992502870054314
4,0.00016128542835060016,0.00046999714514382734,0.00024021511850950847,0.5443211593417044
5,0.0003101883331858117,0.0005576983262871137,0.0001563300919956191,0.733207237221338
9,0.0005021375903477024,0.0010852632734187182,0.000273273739347626,1.2856148615838805
10,0.001071673025424557,0.0012866405946774038,0.0006850628414569146,1.3981218350912021
11,0.0008796714432484717,0.0012412000590651497,0.00010604869245117437,1.4961821062406706
9,0.000679483784727953,0.0009133403432822357,0.0004213799131404856,1.2421829818023542
5,0.00024579308055174145,0.0004994626327271158,0.0002991940343357904,0.7244294232401387
6,0.0002216581778916309,0.0004168772917711257,0.00013359475046067508,0.7190323315390658
4,0.0002750990691394016,0.0004023186486201363,0.0002466896300897231,0.5643299638773839
9,0.0002451916573117314,0.000999707800108215,0.00012422255289511023,1.2216075449957076
6,0.0003210165172636112,0.00042156751988199246,7.28155945336923e-05,0.8961447743841485
8,0.0008042910919212092,0.0008414334153892783,0.0004423678356866608,0.9965618725798855
9,0.0005738616982363519,0.0010131899924070292,0.00012309414913048885,1.1688809480997593
5,0.0005910241182227766,0.0006134718470681846,0.00034894650522767636,0.6768460858941132
5,0.0002097873104288674,0.0005002015243974004,0.0003386057671422691,0.7154998406942541
7,0.0001833209931219587,0.0006402142572790533,0.0003214834844597375,0.9425268803313278
5,0.0006066545050260156,0.000645243812557138,0.0009517172812612844,0.6818054364679379
5,0.00048703007213169054,0.0005310930430176763,0.0006265484223937899,0.6714307376296696
4,0.0003879282477216324,0.0004168744606372033,0.0003468334247402655,0.4928860796649887
5,0.00014552446514765752,0.00049841846964587,0.00023096970692242541,0.6703009560448104
4,0.00035582567004780125,0.00042879965900303703,0.0002666904486105359,0.5520412813004286
7,0.0008549123674837482,0.0009110676987941916,0.00021948992549294586,0.9445427335087094
4,0.00039721620274976217,0.00045169866620099015,0.000686462442984073,0.5104345915052141
28,0.0013693517830348377,0.003142783076300193,0.00026132973432921796,3.5124477317064073
3253,0.005729587496550689,0.290809523060981,1.3277552128227691e-05,398.04841938742356
19,0.0015305140136664458,0.002281914759852328,0.00047785348787046325,2.566247291863682
17,0.00012831777274356968,0.001999986880805021,3.513371800295034e-05,2.483041629297656
8,0.0006539071566502823,0.0010667627106735371,0.00043917572859437833,1.0414129380224062
5,0.00040034089967854846,0.00042095884500736424,0.00022836218448826735,0.6130787690566247
18,0.0012817086798494923,0.0019989748682206726,0.00043971856153254526,2.3377543718286735
8,0.0003837317157093742,0.0009189219450749613,0.00024109352064724282,1.1574105089011335
10,0.0010405653305391174,0.0011616042742019247,0.0003500877895590695,1.3330607574891016
43,0.0008482604798014766,0.004909914029792506,0.00017805846470935803,5.2730824703432955
46,0.002184040309529297,0.005675319693273645,0.0002135941708186624,6.208925784309265
22,0.001069651039714897,0.0027756024600061593,0.00023040762524157728,3.0094219669619298
13,0.0011001169524696593,0.001615368424055067,0.00026467685179865655,1.7794672987518645
25,0.002272595844976519,0.002909060902963318,0.0005038593874119914,3.3140791398138614
5,0.0004830580434510436,0.000513106705449484,0.00010658347194153078,0.67899392421921
4,0.0004003033044526422,0.00043686755696712787,0.00024769462889593383,0.527052836528004
15,0.00026035385037254794,0.0017047743814762575,0.0003019345269378331,2.0155000277705293
4,0.0007061767377649724,0.0007149407074566434,0.0005864798716238111,0.5506875166366069
8,0.00020588967424262723,0.0009876037107245934,0.00045193917084039033,1.1101525919530326
7,0.00037793193070406565,0.0009013066762197955,0.00040866505634552005,0.9358936463316133
6,0.00031274930513996903,0.0005707118110996697,0.0002750864281677086,0.8751854306851989
4,1.3940982422630272e-05,0.0005460256262916508,0.00015327422515055313,0.5545549552378497
6,0.00040746899642946874,0.0005689204704535601,8.130405283088076e-05,0.7792349430517738
5,0.0006338325501241859,0.0006583445813163049,0.0005302945154172511,0.6652378718353664
6,0.0005734455347808355,0.0006710763753990757,0.000220496829511262,0.8805699933540561
14,0.0013176742138613468,0.0017301457999015588,0.00045980896699491776,1.8936422902286711
8,6.5857133417822e-05,0.000844631081584957,0.0003397847308801965,1.0690177962305887
9,0.0010283391146212126,0.0012380045833700597,0.00028608552065257725,1.293952410586165
12,0.0008749143854426915,0.0015042345031008593,0.0004707945856999061,1.629538251806898
14,0.0010536081812298446,0.0013831381077286243,0.0005464897236650482,1.788070309773517
7,0.00016986101510031677,0.000843202499347583,0.0003523621951055237,0.9020689879987477
4,0.00038827466757697474,0.000574783030482111,0.00020921501113312104,0.605209390387209
4,0.0006666684831547026,0.0006836568908799261,0.00017023124455017142,0.548382400823444
11,0.0006030073588321927,0.0009795215413905556,0.00031162281983322426,1.4709672683800696
8,0.0009306718687004675,0.001158221330818178,0.00028454750190868,1.1244406488253778
5,0.0005588775372903476,0.0005918866073891209,0.00030676934994334435,0.6697160478125335
5,0.0001397656435157417,0.00032847029708341953,7.582416024800533e-05,0.6189882378571253
4,0.0003635813307682205,0.00043450278333037747,0.00023948027442595373,0.5515474358225099
5,0.00028231921141137685,0.0005530906698493649,0.00015537313664200475,0.661370447030961
7,0.00025900903230695994,0.0007026311360675832,0.0002253900398221404,0.8866924992261588
7,0.000532075399441078,0.0008539368487133635,0.00042523647792832545,0.9703601019725943
4,7.915184041912859e-05,0.00046041978188172413,0.0004107859030603137,0.5516766479437226
5,0.0005663466157541093,0.000639732693664778,0.00048600752132253933,0.7328590649944963
8,0.00034793194489655423,0.000739322855039447,0.0002926696369283763,1.1031849707174026
4,0.0003692966641845014,0.0004122345175732512,6.912193311597161e-05,0.5611717239006566
11,0.0010697934639489757,0.0012644956599484882,0.0003753154914112011,1.3969672283612171
4,0.00042556112248767964,0.00043661331021986984,0.0004290552220977043,0.5698655668804975
5,6.274281259519297e-05,6.535983697813428e-05,0.0003333445103492782,0.5581214260486219
3474,0.008912803545839445,0.3176632917359683,1.5531273933418542e-05,427.66677795916206
4,0.0002721007118883957,0.00041411037671920567,0.00048221647543544665,0.5652613742981663
5,0.0002728871322205124,0.0005744346773847524,0.0004134348119580027,0.7192072404399128
4,0.00035537195049241687,0.0004556094050788471,0.000617657803238804,0.5636485007653665
34,0.0006181427637612466,0.0037586361967250517,5.9898779765285885e-05,4.5899421962729186
9,0.0011936983630428098,0.0012327508709458884,0.00025413768934596625,1.222819950010516
8,0.000521254485867811,0.0009932403409532793,0.0002963312311800774,0.9911697134918517
5,0.0001438526543672635,0.00044657417332442207,0.00036461659523503623,0.73836186911285
17,0.00031902738526925345,0.002363921405043078,0.00019557566712953415,2.325082225715213
6,0.0002600332581263444,0.00066052683067925,0.00017738046173285143,0.8223970312296697
10,0.000555540566263482,0.0007564758249573745,8.411331400627434e-05,1.212732387120452
8,0.001003685325207812,0.0011572307837937822,0.0007536808410179417,1.0480590435071575
4,0.0004058230893208448,0.0004527817668043008,0.0006672207176226157,0.5585627928344044
6,0.0005007932563283235,0.0005561383853155338,0.0003635846685786107,0.8531011335275719
6,0.00044331977637069344,0.0007887818655917526,0.0002173904609259909,0.8053595438409389
5,0.0004405022290551212,0.0004930894150308707,0.00020667242655608606,0.7352679480341815
9,0.00028437099046017545,0.001186146707005408,0.00011223034946685929,1.2162218225972063
9,0.00039151415715405906,0.0009652095572916648,0.000142630094289424,1.2831430416221608
6,0.00025359957015130553,0.0007061689477631483,0.000439852807708419,0.7735872045393771
4,0.00022180210781003732,0.0004419081843802903,0.00015615273861152527,0.620698976966117
12,0.0004822351294904774,0.0009917335154065196,0.00025050724021669963,1.6809300197823598
25,0.0009587347026663355,0.0029536961660023794,0.00028848016077486757,3.271258088551606
20,0.0013435788719921588,0.0027849577363570368,0.0005034821710070118,2.682626900120379
4,0.00034680672835864034,0.00043264085918733763,0.000386626499808432,0.5632036695917733
5,0.0004296490711397681,0.0006244894538477331,6.125317569594711e-05,0.7123189407584936
8,0.0008448536651366132,0.000867164365189698,0.0006066443036681432,1.000743096397564
5,0.0002636476670908427,0.0003459582659707826,0.000314316607730574,0.6156029336088075
11,0.0003204764866048582,0.001120334093133697,0.0002598943680772414,1.5666754805749996
6,0.0007176497132775312,0.0007546947550093466,0.0006296218888263963,0.793144491518037
6,0.000671457625664218,0.0007857976739478261,0.0003085630833230061,0.8277833368710024
4,0.0004013171545756213,0.00041587334339123286,0.000518151424610158,0.48897677769547565
6,0.0006565537436274991,0.000692715803639907,0.0005391172424541785,0.7688675260355149
15,0.0006184836819566142,0.0010200425237074234,0.00044913482837045227,1.7897506429539252
4,0.0003184312643318257,0.0003529153385096717,0.00021739150773571496,0.573604417919956
4,0.0003793813726561981,0.0004031175735684804,0.0003307669868464145,0.48797752048827503
3282,0.00021777309085945095,0.3014249422277401,1.815338779456131e-06,402.83107684361033
9,0.00047541485182324585,0.001039408348668734,0.00025968999923321284,1.16879326368717
4,0.0001827164080563146,0.0002587556505286865,0.000221342875187331,0.5709546997037642
88,0.0020857721323570043,0.008778595975698873,0.00019573638983272986,11.402854263636492
6,0.0005863597270449947,0.0006328971969306916,0.00040130068731723383,0.8809871969364329
8,0.00032290647999651305,0.001008445127380634,9.219028990144052e-05,1.1640693875544015
25,0.001305587703699893,0.002975903768260593,0.00025999981697582864,3.5251196734900616
5,0.0003691301170913859,0.0006288848050352541,0.00043400557604809936,0.6647908798541737
4,0.00033164584306304926,0.0003603251667624594,0.00011588228978842755,0.5667469747770474
30,0.0011950203670722252,0.003657824310980135,0.00023418201353467277,3.9895929102290784
8,0.0005495582218992341,0.0010422389168676352,0.0001613230885736815,1.1467122912667838
6,0.0005415508130240805,0.000618109279455402,0.0004761955225985247,0.761446569589173
44,0.00032103658621970317,0.003944470674447906,0.00011560110448862928,5.3380197661818
6,0.00047203801386375615,0.0004861752702948704,0.0003074975291886775,0.763093983417523
25,0.0012094616369373343,0.003097187234118791,0.00044602239782904257,3.3459435971875235
7,0.0007050440869260127,0.0008390756263836228,0.0007038053920782776,0.88649242865024
9,2.7320659846020803e-05,0.0008142278534204798,5.4793048498498093e-05,1.2629676849023386
10,0.0007557029524187185,0.0009188713080565458,0.0006265953829543958,1.2497585044341188
14,0.0005508861678759319,0.001359727513461957,0.00016681770677435634,1.9489709646635243
24,0.0004382703865394724,0.0024140825930152147,0.00026829734639196597,3.4201887005567033
16,0.0009632044218995397,0.001750049509009294,0.00031896400850192207,2.1732746233545264
4,0.0003059498295799046,0.00031549186428410245,0.0005129932663385507,0.5997348003909657
4,0.0004610035461847477,0.0004903898759452203,0.0004778368220715054,0.5681622063438625
4,0.0005479071720678116,0.0005723502565451177,0.0002923573062926159,0.5672344178211072
7,0.000719790709368285,0.0007462306096232424,0.00044250118145813594,0.9640226739136277
6,0.00018389407516490472,0.0006561767839454546,0.00030031861511741273,0.9007377769163657
4,0.0002583448755494684,0.00025994949240012527,0.00034514453261685256,0.50480004634296
4,0.0004488279549912295,0.0004958444296612487,0.00026840567873584486,0.5995157913432082
7,0.0003787170523944206,0.0009239872594902584,0.00016778253599093761,0.9512300661398853
5,0.0006591352392866897,0.0006819409244278786,0.0008902437665342089,0.6625836400912918
6,0.0004865005089952957,0.0007689066769757065,0.00030368356259773984,0.841932880189498
6,0.00040407156608302105,0.0005969385622676811,0.0001326308145831503,0.842950068518358
4,0.00045726100321405585,0.0005034433038085298,0.00019239042111452134,0.5050843954045606
18,0.0012017722863046803,0.002194705723835144,0.00023204408783956054,2.352892695195688
5,0.0004858808368759535,0.0005100411805273777,0.00024252599277585753,0.61297870691497
4,0.00030689776681175595,0.0003394708639393121,0.00032811449896731246,0.4973975644857682
4,0.00024384038589658747,0.0003885039380570381,0.0004585086680732204,0.5513516324370094
5,0.000551285334162417,0.0006198184235981066,0.0006731618496991535,0.6674646180949249
4,0.0001307778103808739,0.000396527023029119,0.00038241852689336947,0.5521584418489474
5,0.000547504403111145,0.0005894077699068305,0.0002878513731149562,0.6674137884950733
4,0.0005190505543955466,0.0005335182865188778,0.00029990388714760713,0.5503190557145976
8,0.00035031473057480145,0.0007859761435013686,0.00018927252853338696,1.0804550328343931
5,0.00010540776471993026,0.00011892693749953261,0.0001101098213256312,0.5385308060401259
3313,0.007644242547288189,0.3032591571645112,1.6161771592308384e-05,406.5090653337707
20,0.0016199267505845132,0.0023715396403683822,0.0006010850868705521,2.6224463720111726
8,0.0004348841912523703,0.0007210692087705497,0.00016148928853985017,1.0581899462030906
4,0.00042333043957649215,0.00046362350870363995,0.00041431271250516344,0.5453417892099344
5,0.0004958299881609396,0.0005580859385702508,0.00038906945981237256,0.7230594992775997
4,0.00036964731699077555,0.0003814747700803868,0.000520559740256592,0.5068549462748038
4,0.00045732049844181174,0.0005030708201061376,0.00010274552137620898,0.5436132952923974
5,0.0007510151615973262,0.0007701824500241059,0.0005850522854938181,0.652501662332814
5,0.0002854769722914175,0.0005651923571716724,0.00017104776816332805,0.7148239356973602
40,0.0008792632443015586,0.0035298100815246494,0.0001637230325002224,4.825227027821887
7,0.0004871268017073955,0.0008544469998201294,0.0002605635855398425,0.9005065757077605
6,0.0008461361198956938,0.0008758394000631753,0.0008021827642661377,0.824265651454954
22,0.0007644388711887154,0.0030327683016964824,0.0003815444898142744,2.9335980272531628
9,0.000602439225703885,0.0009541359672681638,0.00036300302076684466,1.1041005298907671
40,0.0016125746379910912,0.003528472540809742,0.00021405468120216817,4.837399199658954
23,0.00046008048759097023,0.002979083617643094,7.641803417646598e-05,3.266790052069451
23,0.0013946036509673151,0.003024360818155571,0.0005364881823703534,3.0866807235106486
5,0.0007056728137309823,0.0007334956827646959,0.0002650217756072221,0.6726459047373656
20,0.0019331092194852391,0.002401312455966874,0.0006373082475205021,2.5623219018231405
4,0.0004772897632301176,0.0005069160279847516,9.80958528725371e-05,0.5576451933846999
5,0.00039086847187892347,0.0005948442320252035,0.00018090345970340457,0.720710923992505
5,0.00039890895299736506,0.0005929073056837169,0.00032168238869819207,0.7252911036573286
4,0.0003048065474169868,0.0003560693856078421,9.46411685622451e-05,0.6182544346310132
5,0.0006955219167442399,0.0007291561169867727,0.0007640484083152121,0.6666075409915874
5,0.00028268093319638426,0.0005118099009726317,0.0002985084081138866,0.6745009861148218
5,0.0005216059390329856,0.0005731544509238692,0.00015530566411349323,0.7375389732051918
19,0.00141465422383678,0.0022042900943525083,0.0003066184821238227,2.699043884357875
5,0.0001886666265053668,0.00044644143782820355,0.00018011411916466985,0.7632400376585098
5,0.0003614783562007,0.00044922347567301525,0.00037389519433245015,0.6563731427100168
5,0.0003038363211092163,0.0003861594148516334,0.0001619963272622766,0.7113644162364787
7,0.0005080535921113961,0.0008212668565752672,0.0004292239341758487,0.9970990017041211
4,0.0004493392062076293,0.0004908718632325929,0.0005170158232457326,0.5436251215999379
9,0.0009391988633223428,0.00115473984237005,0.0001243814939885293,1.1659435151609132
34,0.00021186634248207743,0.0033668398141792587,0.00012884759963962815,4.2679403799513125
4,0.0002469028332625889,0.0003188061724133022,0.00011027138715856733,0.633643663936578
7,0.0006944590766794311,0.000814677248737384,0.0003706885466739659,0.9456033753277944
5,0.0006893734435170447,0.0007300394243662486,0.0005072073320269145,0.6733115141658036
4,0.000551557239656324,0.0005803452534838296,0.00035480496129848733,0.5381298978671534
4,0.00026421708469615685,0.00042700714873265144,0.0004620102995988134,0.5584443488783124
4,0.0002815173973307503,0.00041619551848723845,0.0003619712783864233,0.5659427102919454
8,0.0008435804384318334,0.0010611417354392404,0.0006481889977734953,1.0637514270239352
4,0.0003578151324159156,0.00046500596951947685,0.0001618232535582947,0.5579244331526068
4,0.0004356710766120081,0.0005098897865750836,0.00012009297289382684,0.5929170891211866
5,0.0005408135448834788,0.0005678952962409857,0.0005298466261838607,0.6978632205912486
5,0.0005252858726365238,0.0005997422604752631,0.00047678279917581236,0.6716473606292506
4,0.00043181585724581914,0.0005090711247207664,0.0002830834772508124,0.5567056874617635
4,0.0003827873344089129,0.0004754041162927896,0.00027956165605944153,0.5663634143509697
5,0.00041007145307527903,0.00042572839411563927,0.0005109276987677746,0.6147874310146925
4,0.0001680267484729416,0.000225030455483245,0.0004846355179964313,0.5132205273131094
6,0.00010653195291678542,0.00011258178230112136,9.743686511911379e-05,0.6661899560491495
3278,0.0051405781843043025,0.2977291796034326,2.1258106575171328e-05,401.72854641064106
41,0.0021293269973614868,0.004829857055210906,0.00042592674224025984,5.493472852389622
13,0.0012026395221335605,0.0015419663478483156,0.00014641925448850127,1.819568752091834
10,0.001258122324484317,0.001408961589690661,0.00028688563097290014,1.391571332359271
4,0.00011605278078968647,0.00029917755001637573,7.748950267176289e-05,0.6157980953232887
14,0.0003255355709998052,0.0013809307272786577,0.0003048983770521803,1.9498121996259377
8,0.0006646265452916797,0.0009705988651106328,0.00024241303874895066,1.0634655135712923
42,0.0013258747852227602,0.004722134041636146,0.00016162124747171942,5.407793128285535
7,0.0004601361507687153,0.0006328873161665743,0.00016982061321677003,1.0522749177986581
5,0.0003258633706714597,0.0004548035533660866,0.00035123181855210714,0.7368079277387615
5,0.0005938703792965549,0.0006278108636133368,0.00027252320757960215,0.7029987411714278
4,0.00046389302397969084,0.0004911102583505716,0.00029399818412983916,0.5693759242596275
11,0.0005582630984439847,0.0010962761538318134,0.0003156234689069303,1.5001418695436946
40,0.002220488839755364,0.0039362332162468285,0.00045022482487436916,4.950522058551597
28,0.0020824752587116375,0.0038678578936656477,0.0004019780294835634,3.8235370156991464
13,0.0010587631803403155,0.0014380112254113698,0.0003029864557396876,1.6844772141111455
10,0.00041526158692118336,0.001358582185614584,0.00018627327516140832,1.3171682816520633
12,0.0006396257902701298,0.0010096709122964951,0.00026068640876445413,1.502978232116628
32,0.0009216019451331601,0.001981978232933622,0.00021734103339063292,3.7295369684903363
11,0.0012933469577748199,0.0016276504881669544,0.0006910227177578936,1.456633927159443
4,0.0003344283215394208,0.00034130415842293337,0.00031109716393436346,0.5673003564793634
4,0.0001859010906238286,0.0003844018566328679,0.00023144806685919018,0.5681984031631739
6,0.0003829355183143096,0.0007304905127694701,0.0003866221195433237,0.8344882175134752
7,0.0004150926721497343,0.0004663758017115406,0.0002558564016860778,1.0990686802365075
4,0.0003294224844130243,0.0003371858025962126,0.0005037997949204529,0.5118678589070911
4,0.00048721420946003035,0.000499923861913833,0.00021377126529326394,0.5594934580865615
4,0.00031186154458148893,0.0003256693773021644,0.00019576528588799964,0.5503814992276607
11,0.0008293003807795809,0.001579739027574329,0.00029744798257030507,1.5223855728689664
4,0.00019962090017241758,0.00039107307561763805,0.00028471219693614383,0.6069466735047486
4,3.0684407570765115e-05,0.0004914287876155531,6.692786348294406e-05,0.549294195685949
10,0.0004187592324032961,0.0013063761424994102,0.0002515356231271911,1.4402040898956325
4,0.000499129979860851,0.0005180600506009146,0.0008490163939647705,0.5045373125069113
10,0.0009080831973531312,0.001223486470431929,9.720451921075699e-05,1.4000014730602381
16,0.0015764565864078456,0.0022534662298595385,0.00022112428428428446,2.1568424092633744
7,0.0004181847711801111,0.000775079278983955,0.00037200489936393266,0.9696905103532293
5,0.0001718289567240846,0.00040956791127131557,0.00010395755253255146,0.7905017586448975
4,0.000448297421756283,0.0004868339914383332,0.0004676176502013807,0.5487331941175224
9,0.0005883566319681096,0.000634164617482537,0.00031907022348204273,1.0746935341178552
6,0.00031543058675163486,0.0003221524208087874,0.0004697020197539502,0.7306276666340645
4,0.0003973995330950142,0.00046625190988079874,0.0003029716176249024,0.5559691094924795
4,5.377298899809581e-05,0.0005242418490343449,0.0001909401766989797,0.5505682863423076
4,0.0001268208525378652,0.0004258676410165657,0.0003561024043491387,0.552087021384854
16,0.000575246523269682,0.001855478716403681,8.908270487714358e-05,2.1174523702242887
5,0.0005403446490090906,0.0007028222388636086,0.0003413065292048235,0.7179556150280526
6,0.0005822682723413495,0.0006549862215110496,0.0003208197309215602,0.8929873231068055
5,0.0004557277020313413,0.0005350376965136697,0.00032899843528359237,0.6195188029082707
4,0.0003690639261108271,0.00040487755890538963,0.0008558473586579008,0.5041437185380271
4,0.00027929786590819304,0.0003798529996032368,0.00019944786140932874,0.49238930653850593
4,0.000137358161517864,0.00013773802612668807,0.0005331567199744541,0.44788136244455673
3336,0.007031339352872601,0.300398990106355,1.8081565409000715e-05,408.83956904543754
7,0.0009086591109578825,0.001069826007767773,0.00033787657828097164,0.9942146230644828
8,9.498172292052272e-05,0.0009183597261057913,0.0004050637806618352,1.1246532502026256
41,0.0013610626069459186,0.005288182489096559,0.0001651777212296998,5.309101788145525
4,0.00011190893936697156,0.00035039915767979396,0.00031389743639303384,0.5550252315340003
12,0.0012772492334673627,0.001508263569911843,0.0003675783380426397,1.5481487934212117
5,0.0004914042193063442,0.0005662854188919187,6.862462056634882e-05,0.7296639177945349
10,7.277774036230888e-05,0.0011252510629716995,0.00011583993364013183,1.389711335167893
54,0.0012406534533160386,0.005782785744858337,0.00023822558841734664,6.945531822392025
6,0.00033945566059554393,0.0008494783297236619,0.0003101595911899509,0.8345827077164922
10,0.0007582114285947378,0.0012543674626409938,0.0005180428875877579,1.429737336199976
6,0.0004740882248490486,0.0008059543379830158,9.32420945990563e-05,0.8905273978419324
6,0.0001600331008229904,0.000543931218718825,0.00018384748889895258,0.8957425251568899
4,0.0003627941689119399,0.0004346382590174947,0.00020367948955111093,0.6005788113566366
11,0.0009336347442001406,0.0011525874864927485,0.00047621276345176936,1.4917752340697978
31,0.00016704521168260753,0.002910578065121626,0.00018501226182362167,3.9132121209912905
4,0.00025084659006975596,0.0003430301781218062,0.00012579300651166755,0.5559641703037526
14,0.00015524872519822672,0.0018449463344824115,0.00012457453864269663,1.9664597889231248
9,0.0005967611444204578,0.0009833559563233699,8.392618659657526e-05,1.289239812753371
5,0.0001101535535303169,0.0004279927483289464,0.00031596520533113363,0.6803178286823529
4,0.0005049323548111519,0.0005201682097460015,0.0004136978766413333,0.5697715837090317
6,0.00040676039137625854,0.0007492314194628268,0.000332004338659018,0.8356294444385644
22,0.00041182095813352795,0.0026002450130595315,0.00011221162021735577,3.1054271587145417
43,0.0027368067798125917,0.004514678151154029,0.00030587841390660077,5.560587492049283
5,0.00030692353468781926,0.000699787763521525,0.0004102203775612072,0.7391994144583445
5,0.00047647166984990483,0.000539645590332014,0.00014481809569651986,0.7240611443616538
6,0.0007153678600523568,0.0007592047065385516,0.00019623361906115575,0.8406057090496311
6,0.0007075875976028462,0.0007641203404702566,0.0005217011463096983,0.7794774233165415
5,0.0006218279201770412,0.000650034411732717,0.0003941711408317121,0.6543493286388822
4,0.0005058316324121803,0.0005399490237177221,0.0004977310856618619,0.5641836499071131
8,0.0005942513048137587,0.0008256504691654062,0.00014227392041709437,1.0465671615931735
11,0.00033272696267569343,0.0011002726290771172,0.00016125140843748664,1.5813631312255956
4,0.0005249259725349278,0.0005505319674822143,0.0006758138604274779,0.5453499195036445
4,0.0004943144337888599,0.0005594183727785105,0.00022335911886375826,0.5562489537054657
5,0.000588080181392439,0.0006202357571271219,0.00048071252530224485,0.7409748486107235
4,0.00047644018211827615,0.0005101403436972365,0.00042261322767613246,0.5589792585603086
9,0.0002721853316867148,0.0008759511657679793,0.00023964111755031504,1.1033070289457572
4,0.0005317875878891438,0.0005672744301051128,0.00033455415630652413,0.5632754352444884
4,0.0003101537445402908,0.0004792563658496384,0.000204553450081015,0.5530446979137494
5,0.000667661112087038,0.0007131046924049213,0.0008317942056426182,0.6778315795042329
6,0.0006717519627483118,0.0006968215508191325,0.000525272739829832,0.7806322722847235
9,0.0007673912585385217,0.0009647008560485197,0.0004142939157459408,1.1734031937010083
4,0.000498904583839781,0.0005073883783746215,0.0002482667215473183,0.5692255777449128
3324,0.00555193893506981,0.29771600207602317,5.104836341737869e-06,407.0659185079568
16,0.0007559891686936375,0.0020225209946836105,0.00025192257513896083,2.234985738425878
8,0.0007502354118777722,0.0011048401366919975,0.000415184909554276,1.1019134060123603
8,0.0008118808212529011,0.0010169900868975826,0.0002759330290880903,1.1174531980408167
8,0.0007093858741161948,0.001026807496799052,0.00019411854254396544,1.1151165296297592
10,0.0009326952778013608,0.00122823547385395,0.0004019835611411598,1.332879822178255
39,0.0006526911496687046,0.00434469765532609,0.00012108044721368325,5.309541595034296
15,0.0009342395540549123,0.0018845840750787435,0.0002503187220009697,2.1230302345407375
31,0.001240712295678477,0.0033467635574398052,0.00039706222766040783,3.9979457978155235
14,0.000556930256015261,0.001772036629831313,0.0002231375778945822,1.8107037080559603
15,0.0008102230889925042,0.001953880036255499,0.00024679556985712943,1.9414869885591104
10,0.0002872755128560183,0.0010816553576298855,0.00033840027464461254,1.45503266023377
4,0.00032315167375845965,0.0004170976478791397,0.00019814695564618532,0.5587698491372761
7,0.0005372351818035933,0.0006722376754500804,0.00038708693379712174,0.9774450466862611
10,0.0005019099179824102,0.0012597198062549758,0.00010857953704142609,1.2695682250981237
5,0.0005592775811166656,0.0005866166794405528,0.00030172450444699943,0.7249778450895936
8,0.0007373412826985598,0.0010605368496138506,0.0004465378401585532,1.0625454751868673
4,0.00020689817346374885,0.00042106019504114264,0.00039745982936462094,0.5553867183609338
4,0.00019418286824782565,0.000402907480005841,0.0002503992476483172,0.4928468993296109
7,0.0002556415703440084,0.0008218655377408876,0.0001459915714823783,1.0011958014162567
14,0.0007957738771366034,0.0013972153614663766,0.0002573591688702804,1.9091010117640277
11,0.00021035370597175893,0.0013272927443155084,0.0002232608713602399,1.5511256628844659
16,0.000849383784732409,0.0021853931685578195,0.0002479277359140006,2.1616293783624734
15,0.0011735032417756206,0.0016695865292137408,0.0005976710133088722,1.958708984378242
7,0.0001842837309654586,0.0008239947495241865,4.779053322546473e-05,0.8929836476449787
9,0.00035052059640912434,0.001296934654907172,0.0002881095492710064,1.2155073700361299
4,0.0003653883006631144,0.00037990080800979624,0.0005335751955764357,0.4985749911719911
10,0.0007016609635570566,0.0008953721798750856,0.0002805646944155332,1.2901141120980206
6,0.00037194786018141066,0.0005847187095473289,0.00048047470373246303,0.7844294784743187
7,0.0002773762846777406,0.0008011860510508547,0.0004113659459135002,0.9924039402152023
11,0.0003689631472368514,0.00037265155666295336,0.00026987038643190483,1.3018150275428713
4,0.00042577344995064825,0.00045275380990310413,0.00035009892809226945,0.5804693350706945
7,0.0002862736620542434,0.0005488479062624714,0.0003345213792849921,0.9986833510686799
4,0.00028987655249916637,0.00030216383736845126,0.00022599503169218663,0.5674485736782351
7,0.0005266556968619473,0.000782248014603393,0.0006783441093016659,0.9455123896503108
4,0.0002529341458968857,0.00031769240194390736,0.0002383134675265353,0.6182299713377777
4,0.00020335376016142442,0.00038928921024106557,0.00022847208650445368,0.5627005777783662
7,0.00022788104327671718,0.00045695180497133816,0.00020351607751710373,0.945971789773603
5,0.0003250606139445591,0.0005905546817854434,0.00015170005511748176,0.7339709667443662
5,0.00015122008300960278,0.000670804983136855,6.593544020661686e-05,0.6810114900893246
20,7.876524822493241e-06,7.985096910923063e-06,0.00016236180985476555,2.2053172254824553
4,7.105614732389731e-05,0.00019053242546535483,0.00037132543675722987,0.445769864976121
3319,0.0059044067658141,0.29742669787929743,1.385717441853151e-05,406.32153599235795
4,0.0006188571033841065,0.0006472827513374334,0.0003754207052000013,0.5383062853201411
13,0.0006795069968653608,0.001313618739257661,0.00025038059398428653,1.6851823528632832
7,0.00016629443728932814,0.0007273834367971712,0.0003515131978285036,1.0096809603086367
79,0.0028168838537125976,0.008989184837403862,0.0002090525715415707,10.679787220887802
5,0.0003376340544943409,0.000596111715222049,0.0004130206517826141,0.6544659154084267
9,0.00042369662331360585,0.0009908633932557984,0.00022856685658423695,1.314846037207502
31,0.00040333936505323277,0.0036096055110503306,9.668308029757269e-05,4.363698895057782
16,0.0006090700947373305,0.0017150544814740014,0.0003052512894514196,2.214862095810563
7,0.0003890650338848667,0.00040443164784795623,0.0003862753593106093,0.8513484279387649
6,0.00029204862608572313,0.0003051831090123777,0.0003877025046260614,0.728615897791538
5,0.0005989773118171084,0.0006354396607867845,0.0003791692367676835,0.6704523119189462
25,0.0008270794692935411,0.0027185719228156654,2.3155633570539533e-06,3.690896736134398
6,0.0005213295175932317,0.0005533016145806416,8.89662781108517e-05,0.7836520328481702
10,0.0005627384061557451,0.0012285566217316104,0.0005215879364810559,1.328047217598433
4,4.200122907388859e-05,0.0005301334061510643,0.00022381199120236026,0.5510406261503036
8,0.0007768688821398882,0.0008979349945786357,0.00027082485267443455,1.0052738739839084
5,0.0005792281129834605,0.0006034111156838134,0.00022473583224459642,0.663502176821908
5,2.8463394705955876e-05,3.1541208123731426e-05,0.00014573595889497417,0.8256551047702614
18,0.0005190370913530267,0.002192793210611032,0.0002815987208491615,2.531739792918305
7,0.00013186121922132983,0.000744993808552633,0.0003227830030457924,0.954875107500752
9,0.0006469460731534971,0.0010786336575046092,0.00013136607191442656,1.327831849307432
5,0.00021238892868647187,0.00046958809934427484,0.00012887035149540215,0.733971955095913
11,0.000469735678124688,0.0010005507395938911,0.00023209509899569774,1.5648387889017044
6,0.0008833849326349255,0.000952455697475057,0.0003553592101191353,0.776251914278837
6,0.0002528778351790672,0.0007048277337414672,0.0002954718193548821,0.8245010299054301
15,0.00030538166166896704,0.0016484741871041434,6.543044063774392e-05,2.028904699645553
15,0.0005557472756861167,0.001800681640860658,0.00014052467135464776,2.025021690463357
4,0.00031177501776766964,0.00043625018565444674,0.0002441966173677107,0.5584526334765153
11,0.0008073893247587355,0.001286174591778282,0.00028342562048504693,1.4864502672671192
8,0.000813249856526193,0.0009086762363484703,0.0005885418875303941,1.0595346664796645
6,0.0005376210862775163,0.0006416155568883119,0.0004530536869782415,0.823816748938571
7,0.00047756455538231483,0.000723644650451515,0.00047278692653060506,1.0146894050153443
17,0.0004963523821426226,0.000601071536994324,0.00028111729502504606,1.9385486002515024
4,0.0005318367700841499,0.0005777424151074348,0.00028230712248655137,0.5566608055714748
10,0.00030889085682086754,0.0009714910899797016,0.000108804761668678,1.3399328743383037
7,0.0007384462359329764,0.0009176733397554476,5.614039635344104e-05,0.9297094544026858
4,0.0003276716178448177,0.0004352235670762302,0.0005355899158076585,0.5444538179061031
8,0.000424937653790747,0.0006551021792231194,0.0004556463409825776,0.9890472107172474
6,0.000863648582023269,0.0008929981522137114,0.0004655832821231371,0.7720622931723792
10,0.0008845952277267077,0.0009808175813844613,0.00041231022675221324,1.2341883677991983
4,0.0003044217522502468,0.00031283162616075396,0.0007284626735869089,0.5051383142471576
5,0.0005926974368479391,0.0006359644519559783,0.00039959312914095076,0.6729047708130249
4,0.00029757495049230487,0.000360673750911716,0.0003850318993088637,0.5179283271466436
5,6.886458203989086e-06,7.02885536693573e-06,0.0001648293149319489,0.5619230295695494
3333,0.0026518290212573037,0.2997240875990642,1.465859603691043e-05,408.4529801841008
5,0.00047820400650371036,0.0005690530216064177,0.0004005477162663561,0.6787207865111203
7,0.0004551624811037777,0.0008681517242125165,0.0005080857470256243,0.9532624936698666
33,0.00214016515216907,0.0034699847355785345,0.0004953468362151426,4.191546893014084
82,0.00203594496933607,0.009542491502332696,0.00030301120716324826,11.151038378005293
18,0.0014887355796512456,0.0023530537267880073,0.0003037755608882982,2.311835171976792
15,0.0002025724105319609,0.0015558334129684092,8.519712889886893e-05,2.188164186601138
8,0.00030018949215213146,0.0009314253540538629,0.00021214373368399375,1.170356140580227
7,0.0008527916166111907,0.0009406134400934521,0.0003806183294922757,0.9916333618269019
10,0.000782129060827217,0.0009615262877326645,0.0004289899677665143,1.3632611323421187
25,0.0010931943778041198,0.002414201475772543,0.00024382882883222095,3.2148615167225176
7,0.0007738745207514084,0.0008508451715966698,0.0006088632856144825,0.8996141905372345
10,0.00034060995386579924,0.001134351201413747,5.45328436303942e-05,1.329390171987093
5,0.0006530952948664142,0.0006620590216166783,0.00015991230546485597,0.6615035089797294
8,0.0005961273865872275,0.0009140949169242268,0.0004031758366295005,1.0745550865166549
6,0.0005883394986541993,0.0007087923528977027,0.00038767806506314267,0.8330687908297358
5,0.0006885353898903761,0.000710429661485499,0.0008981983749600329,0.6647298985096435
13,0.0004439052876217317,0.001534665189695593,0.00021354284991995508,1.8029274622547917
7,0.0002471963474769626,0.0008365420112114196,0.00023004568911502433,1.0044834727714087
5,0.0005773813804913846,0.0006213091719857966,0.000747943541316112,0.6667620421805802
6,0.0003171800250701535,0.0007406410269971197,0.0002319689428673378,0.8369396433278147
10,0.001191569538350996,0.0012459318635426881,0.0002218662247322431,1.4497686614945628
4,0.0003505817420424186,0.00043718339757494384,0.0003162128625288578,0.5596217455179147
4,0.00022955903828201675,0.0003831438990163578,0.00047552820758960595,0.5616594473073018
6,0.0005297414805461339,0.0006604693282943925,0.0002483953282004532,0.8328673386548537
4,0.000559662705867165,0.0005902957023066715,0.000767076145198528,0.5511881753886355
4,0.0002446574041778665,0.0002999059726699283,0.00019007574431435424,0.6085019398933054
4,0.0001739404236083177,0.000372994436193066,0.0003002248869803815,0.5040506925064784
4,0.00031327909009511515,0.00044136592710936447,0.0002391933373927975,0.6086701425212838
5,0.000656708226215552,0.0007139373758127383,0.0005606830905281261,0.6701309405790743
13,0.000983427520380389,0.0016162142109416998,0.0004329043293324038,1.7328841191746973
4,0.0004182227011580695,0.0004741893064177026,0.0005005422276208953,0.5062598970959694
6,0.0008291188821670928,0.0009698608343759109,0.0006345168187478125,0.7665396075631182
8,0.0006331011145924956,0.0007601748925630686,0.00034915827979327315,1.0672057726958222
6,0.00023743152499792748,0.0006446880049685011,0.00017600939685270405,0.8423244064832985
6,0.000220233042013822,0.00047441643854305297,0.0003353623798537913,0.8048335319277231
12,0.0007880571226306011,0.0011643330109790124,0.0003890327647164488,1.6697100424359603
4,0.0003463450125476556,0.0004116658628016093,0.000197267328217221,0.6146177732946319
7,0.0003455599261429673,0.0006051928657140141,0.0003945936831851567,0.8343721244873528
8,0.000416051662805073,0.0009361509169535969,0.0001199316048062511,1.0000878312474648
4,0.0003928553342875273,0.0004814926933725212,0.0005352382967062462,0.5620665763397147
6,4.8915134683630305e-06,4.90036704166638e-06,0.00017402717544386055,0.6533554163639483
4,4.013509728623074e-05,7.629095798066005e-05,0.00032628101196717155,0.4472198843183334
4,0.00010169870416096024,0.00011515328242047709,0.0005844056104689915,0.4481528673304015
3410,0.003994651018169632,0.3061299241561775,1.6917662891104636e-05,418.07883624754356
11,0.0008776617585820235,0.0010889301506935788,0.0005333942563465756,1.357719843738865
7,0.0003626738690308486,0.0007842644518366885,0.0003786154697787955,0.9443996188762664
8,0.0006287499403658044,0.0008927544843481484,0.0006461192045571929,0.990836207890478
9,0.0010923698089458477,0.0012602777102016015,0.0004822771962613651,1.2057990386564854
8,0.0004989674024999056,0.0008296187316713953,0.000528995504922008,0.9979157123968699
12,0.0009662902208036997,0.0014114907116065645,0.00048211866943877933,1.5699935941084364
7,0.0005722577664756886,0.0008262198059765858,0.0004242928618944751,0.9585563436734998
8,0.00028262561884872676,0.0008064220069736081,0.0004356662621172206,1.1266177535753101
5,0.00019262405773439308,0.000614461816242691,0.00042008058836117464,0.6667327759530277
9,0.0008580411190429233,0.001120130193170825,0.0004462324500482157,1.2237453618349208
4,0.00010183116876413307,0.0004345430255505353,0.00030542601177948177,0.564818409767019
40,0.0014019473562701201,0.004269090052923324,0.00024464928591347903,5.1569838518629005
12,0.0008882257903967976,0.0013681247943673335,0.0004255761491393971,1.6102473455188586
17,0.0006178078429718306,0.0013612209532131738,0.00023704953755173013,2.1704078477001145
10,0.0005056811051892612,0.0011884417060992396,0.00018263068431771223,1.4439769638683702
12,0.00039640917070575896,0.0011189793829071643,0.0002181452568292411,1.6418593893194622
17,0.0002846426898709066,0.001823036762699135,5.054627034742113e-05,2.506187248520237
6,0.0003066161784024494,0.0007006540299643079,0.00041585137299485344,0.8404870528703398
13,0.0007402001342782957,0.0016535181454404438,0.0002613577615633311,1.7822043946228856
5,0.0006329277807100969,0.0007156133337722395,0.00032233313943472966,0.6567689520110084
5,0.0005575749107449082,0.000577878111745468,0.00013354134752454572,0.6610993675830257
6,0.0003322034807533893,0.0007120430211525432,0.00019605032206764197,0.8907470347609201
6,0.00042527870473067834,0.0006400146425883285,0.0006101527704689892,0.8548075696658097
4,0.0002530827438986259,0.00043794274805358086,0.00039795893018565123,0.54668927440975
4,0.0001581087945101647,0.00029861540783532477,9.308705536717228e-05,0.5757125304173288
5,0.00045148304982728154,0.0004965923694452278,0.0005900831169946897,0.6069784045631773
4,0.0003819577613094334,0.00043816799861650925,0.0002275526498674908,0.5077597279370032
10,0.0008220434868485359,0.0013245847103412881,0.00035056058684155726,1.3372243919244793
4,0.0004601160568157954,0.0004846987473542416,0.00025837022073406683,0.5566967070581025
10,0.0007982273311560927,0.0009752380538698551,0.0003102421697060255,1.277391168888618
8,0.00031391124619504595,0.0011193507781515578,0.000339240553555332,1.0396735018827763
8,0.0003108064399547276,0.0007863096673218578,0.00022134581016356115,1.0626406268505137
9,0.0008727463922139867,0.00131460728469891,0.00030937610976196545,1.2176685745165075
8,0.000538195536131195,0.0011423711840565268,0.00029459818740570085,1.1157344497186603
6,7.14524539023436e-05,0.0007203283444824827,3.783090347534548e-05,0.8329102927935317
7,0.000146457666202014,0.0006636520371048448,0.0002879379846375903,0.9548792048407336
4,0.0005044062444685613,0.0005484471401402054,0.0006589132768403404,0.5604786971196614
4,0.0003461838470143917,0.00037728757853148457,0.0003638576668817375,0.5107835435846423
4,7.252573492862273e-05,0.0003595991235749599,0.00041707434340355746,0.5545323765253491
5,0.000269513375348522,0.0005090176127824234,8.63026854751492e-05,0.729831174022902
5,0.0007280050924043893,0.0007545978315791677,0.0004236614180477024,0.6664192637724161
4,0.000326426661040356,0.00035007095855356407,0.00014723912729071184,0.6119707003870954
6,0.0003841395049355257,0.0004413204808813052,0.0001311624883863352,0.7930451120746069
5,0.0006972577403254915,0.0007443021051531273,0.0004807524406100843,0.6684413797268508
4,0.0003975781118557705,0.00041701449814070084,0.000879316712100799,0.49727768255234983
3422,0.009240019765966785,0.30624488700741553,2.1439935147229333e-05,419.777420431716
46,0.001657102916667191,0.004713268431423012,0.00036332257124957983,6.052375059841735
17,0.00027790588039981154,0.0015276135773935407,4.274282785363218e-05,2.53638937041219
15,0.0015906965116810569,0.0018173267320376004,0.0006450800190738993,2.017531097583957
9,0.00016388427613341357,0.0009172278444630813,8.725445327221242e-05,1.3502989932975384
10,0.000977870975683511,0.0011361114310931542,0.0005341532907262833,1.3934244058801308
6,0.0007501574414090448,0.0008013245887617134,0.0004853173953093239,0.7865342288074488
5,0.00036946930250733936,0.00047540340112547946,0.00027130459354358656,0.7216029949374394
6,0.0006676731590941457,0.0007820141793378544,0.0004533148462014207,0.8497066044669292
6,0.00021365524627901987,0.0006028908205089424,0.00012806752569061148,0.8317403669271537
6,0.0005754505311879032,0.0006645423335148065,0.0005949192520639428,0.8359036879464722
9,0.00028474475340171213,0.0007440976904298615,4.6597262249440915e-05,1.3557286095161973
9,0.0010709007006832747,0.0011169237360206948,0.0005746776321492183,1.2475910188856654
8,0.0004597878847220113,0.0006837122229960221,0.00020113507198136576,1.249393959988483
4,0.000501402144624074,0.0005188402200701983,0.0005187405588069551,0.5486828974465077
8,0.0008707383929542762,0.0009301237550570012,0.0003193376297801031,1.1292252423210956
7,0.0007533568148714162,0.0007965898742842759,0.0003238351452977404,0.9458429147588969
8,0.0006399235525886938,0.0009061236764356765,0.0003566510700301973,1.1443269515961267
7,0.000660015496889119,0.0007690414514767723,0.0002691449768952922,0.8825867014209385
10,0.0005616431063638842,0.0011201527642561494,6.53892105373477e-05,1.381105649465725
5,0.00038925105045607293,0.0005052471152318113,0.00011387459245165653,0.6724570422282977
4,0.0002489243886613302,0.000348173106305923,0.00012090621790572477,0.5149885258399585
6,0.0007402577548923274,0.0008010621687367224,0.0004735212873366176,0.7759626511276314
4,0.0002692973865532605,0.0003298010448266491,0.0003360293416021488,0.6183777946330722
5,0.0005186436640050625,0.0005303372903257505,0.0006107585319832226,0.611037142126491
6,0.0002937926989876874,0.00029598546300827226,0.0002487407342051008,0.735368803793767
9,0.00042873293811823563,0.0009180240223968651,0.00046074158857558966,1.1168076730999759
4,0.00036442628658309303,0.0004131689662362129,0.00047267242574592993,0.5012873224098816
4,5.446501795256841e-05,0.00022335174932776306,6.491261436151959e-05,0.6159140915845108
8,0.00023567413297084647,0.0011297452038178273,0.00011824792786456836,1.1046928467372676
5,0.0006047023821674711,0.0006498627422348763,0.0003518069125165599,0.7013841780974202
4,0.0003557732166093928,0.00036938757307690477,0.00048734483656130755,0.5559604482242488
6,0.0006022449457623215,0.0006310899638200667,0.0007786975802881814,0.7123483091251637
4,0.00025095113318120724,0.0002518400512483268,0.00018492024922507792,0.494636273844924
7,0.00039322818450182714,0.00040297786614204584,0.00036363696373576933,0.8277957895753139
5,0.00042642100951215524,0.0005143399124953338,0.00025673956201465473,0.6016908582052818
4,0.00024282466469798715,0.0003463867369379322,0.0003635975090256442,0.5445809028557581
4,0.00036141412594972375,0.0003926085659400976,0.0006379150107608495,0.4974701341698957
4,2.879529286509306e-05,2.9400478708336334e-05,0.00035590668297882754,0.44479830929071895
3416,0.009068419103604305,0.31143546159404856,1.7417847685335794e-05,418.73890176481683
34,0.002223010974340517,0.003158415222957223,0.00047191788982354414,4.333994967288053
19,0.0013361537491029802,0.0023839198753759752,0.00024264455613336156,2.569755883910889
6,0.00041288480979690594,0.0007842052944753807,0.0004336804011260316,0.826852268607241
37,0.0028327215988005368,0.004045933969181402,0.00039146408452362985,4.876626825473015
5,0.00033130880936004344,0.0004481665518404872,0.00011784797748437862,0.6216463711693467
19,0.0012053493583681005,0.002275231175770729,0.0005161242633800341,2.588545139603962
18,9.022697549053874e-05,0.002148664715540558,0.0001468300046261195,2.6439879793273446
5,0.0003739289062466015,0.0005668343928097354,0.00022122262409807718,0.7153402418465162
8,0.00018093065471128688,0.0009529113621304686,8.840835771420176e-05,1.1132831742847098
15,0.0006067751297083295,0.0017601120994063047,5.318010261693621e-05,2.112580930486036
6,0.0001488798590031566,0.0006044950010797396,0.0002992437486081719,0.8122710831504171
24,0.0002265053710008701,0.0028230116250432353,5.56328575755235e-05,3.380875248570269
4,0.0005854469918306918,0.0006158270471917489,0.0005453395755258237,0.5433424957215354
9,0.00014812035313299633,0.0007339719441358437,9.000019447611164e-05,1.408291481647578
11,0.0007135693434492214,0.0010592231750924336,0.00019637544764962602,1.5566359519600261
8,0.0001306648596698611,0.0007785335734258692,0.00022321510697566194,1.061847391502364
8,0.0004321328502596207,0.0008005212220832973,0.00023060297465120856,1.1796944470293078
8,9.245338842510641e-05,0.0007944258985326285,0.00042023658697068646,1.0618846751217033
5,0.00032319857980600417,0.0004308213785820868,0.00016241987494176096,0.7761831588003881
12,0.0008316889784262334,0.0012222100801759688,0.0001976562493265554,1.6337038150947154
4,4.726242449346522e-05,4.9943399526951486e-05,4.879516302083413e-05,0.6673255784190246
6,0.00012520736896792775,0.00074185787703132,0.0002321608663021001,0.7782471383877374
9,0.0008612872563342355,0.0011157179565198304,0.0006052831919865587,1.1726982143605853
4,0.00023679696686756198,0.0002463550728679258,0.0005053877401425402,0.513003706518794
10,0.0006436215484241544,0.0009636013917663109,0.0002523775860156821,1.4145799041583724
4,0.00043048787699076296,0.00045905667058465866,0.0006638835769741546,0.5521864604723956
6,0.0003844153450075033,0.0008078941865650924,0.00015725308790228595,0.8333861896526853
4,0.00034234405771604404,0.00041313191302555025,0.0002556347337938749,0.5559907112091037
4,3.1355796318361756e-05,0.0003697441663204535,0.0004291496257850136,0.5522750109509508
5,3.582114759127149e-05,0.00044941256044447696,0.000606449180653438,0.6705878772229337
6,0.0006956753686590306,0.0007362991605039116,1.8375107847276183e-05,0.7758013753307267
4,0.00011898888506233337,0.00035481813786828316,0.00014635896485653811,0.5980287503554916
4,0.00013156245778442758,0.0003452070382952938,0.00018779575427081834,0.5487004072493202
5,0.0003486248271590697,0.0004662265404733416,0.0001938234690999148,0.668339105095472
7,0.00049246298739491,0.0007318203557945161,0.0003503348951298839,0.8803498392661616
5,0.00036966146114923514,0.0004641797034563369,0.0001893203677072337,0.6297246600117846
4,4.786590460201244e-06,4.786590460201244e-06,2.1744971043283495e-05,0.44806262911477757
3459,0.006507532114476945,0.31494271717581024,1.4367007027543688e-05,425.22041503319446
29,0.0014943406817157813,0.0033439004917832616,0.0002118869548824529,3.970008330044444
4,0.00028690168883890735,0.00044968116905410227,0.00022705990397123667,0.6104927424603357
4,2.7185394364454438e-05,0.00039947802666343425,0.0001317969220478501,0.5641705290951589
10,0.0007988149770968789,0.0012855927196457422,0.0002765544520135385,1.451871761739894
19,0.000746196534195629,0.002474663742317077,0.00015781716536428857,2.6603408418071233
9,0.0005061435373177733,0.0011053349894618327,0.0003203909083367707,1.1680449032523381
6,0.00029612751467449137,0.0006488225060257148,0.00041282289723209675,0.8227651289170309
11,0.0003929696783878855,0.0012246512808172213,0.00012148545105358716,1.5055460949461001
13,0.0010252897473044527,0.001733976122868726,0.0005964741188085358,1.7946982149099397
6,0.00011983697067717607,0.000433034855348296,7.741561924858949e-05,0.9634409381406918
8,0.000585038988495509,0.0007175676746664576,0.0006195320664120863,1.1378701056520684
8,0.0001358589785394212,0.000905653795001728,0.0001907662011427902,1.105498561777451
9,0.0003527851734917496,0.0006392046591101021,0.00021761811887396359,1.114107145376818
12,0.000625009519590908,0.0014734247962082852,0.00013208054056766062,1.667699982730616
13,0.0008803636708636835,0.0017163189463358162,0.00045418796642087187,1.8437331472249685
5,0.0004068898957518698,0.0005314795350296191,0.00019799501941504243,0.6635791157545463
13,0.0003992981560837723,0.00046828371003407554,0.0002124957832643505,1.483550889007144
14,0.0016707028236985172,0.0018702667562643536,0.0005637728523390567,1.764799404753655
14,0.0005927003897290917,0.0017217702564151858,0.00015831021125448094,2.011534127466874
4,0.0002894435327724232,0.0003115897979769141,0.00029111658425897075,0.5640803601658526
6,0.0005950516907262531,0.0006580532587543255,0.0005798904890898195,0.816462412185097
9,0.0002543800704580057,0.0010299955186860044,0.0002918132020381413,1.2013815991986645
15,0.0011062101730214126,0.0016599211297166707,0.00023971246373612838,1.9531695144393104
10,0.000642040495324208,0.001390012548772115,0.0001754213498268942,1.3355577779412955
7,0.0005483068841544505,0.0006005695725836548,0.00045476795069146307,0.9747117326214623
11,0.0008245325096292602,0.0012842148755859535,0.00042905666025664946,1.560939093599081
6,0.0004313146526935349,0.00048803886676816727,0.0003960239738843774,0.7337548516787291
5,0.0006479332618670979,0.0006698419297894093,0.0007806458431968338,0.6755443383711468
12,0.0006892198127162015,0.0013213402932085205,0.00025266320345610817,1.6265179606389435
4,0.00037945314689703027,0.00045923119885884686,5.527834919872547e-05,0.5568197041875137
4,0.00015058402409687594,0.0003738365303186659,6.495735989278251e-05,0.5544027499873379
4,0.00041324606102381326,0.0004300659010616879,0.00030038980873194244,0.5006568073152374
4,0.00029322221103098055,0.0003834882704117984,0.00011762316314863357,0.568558991918374
6,0.0005699949546004503,0.0006693768721002457,0.00015846369598250312,0.832055399939877
4,0.0001661463448212625,0.0003757878389972226,0.00013862111744525422,0.5669488367627462
3439,0.006149881726006194,0.31303579226906886,1.1205223766049574e-05,422.28770597752515
11,0.00021004941602871156,0.0015678153123867276,0.0003492117945170042,1.4097536731640312
5,0.0005985317103592054,0.0006697178564490067,0.0004100549596443306,0.7228628579479165
9,0.0008586610150999723,0.0011021472768720918,0.00031390570517914404,1.2421140419693288
8,0.000393427854281582,0.0010745272489632697,0.0003319967653480136,1.118766778461203
8,0.0002446448932600292,0.0007672537466029101,0.0003012880168021435,1.06263747922271
5,9.224078023031731e-05,0.0005244389106028672,0.00021183708033152812,0.6548331609412362
5,0.0004932224729977794,0.0005221172985613418,0.0004242063620049225,0.6247739462774964
19,0.0009498071875236,0.0021366539929739015,0.00032486449235110673,2.5427892919016784
21,0.0003885805763594851,0.0022848809602892136,0.00019196765327733018,2.8430435524847426
23,0.0012948782711211231,0.002954934903552697,0.00016299697872062228,3.1062283857729747
8,0.0004731458981964181,0.000850184967927119,0.0005500297993093463,1.06617629639606
5,0.00017790896230154303,0.00046226201708591137,5.661627260290055e-05,0.7893835425886935
4,0.0005400939111453742,0.0005524884228980801,0.0009543210732414908,0.5472851910526662
13,0.0004526908158949617,0.001247295774164324,0.0001551384501618604,1.9100543227013365
4,0.0005028606255667681,0.0005206170261629668,0.0005061607126799512,0.565798441998796
5,0.00047401431030948203,0.0005100079675992103,0.00033125066210959355,0.7131700832160671
8,0.0009402368707119201,0.0009854955875997669,0.00037347802461739954,1.0614974580442178
14,0.00022310119768758962,0.001366150265219344,0.0001918469200412448,1.7741580023793901
8,0.0003931461953705829,0.0007680261800184136,0.0004959653009553789,1.0420121333011654
8,0.00038446394635943546,0.001006435685807165,0.0005168725405848077,1.0532252620713698
4,6.265074552033627e-05,0.00043065121395031167,0.00025399534250117263,0.5474733656463686
12,0.0007268286607929979,0.0015280841994200903,0.0004477554441735116,1.5462922992977834
7,0.0003342847448204932,0.0009713989542978855,0.0004078751650946986,0.9813894566595348
8,0.00046382116871098957,0.0008729690620557245,0.00015620461147068304,1.115392675039621
8,0.00046827369730566867,0.0009753452227587979,0.00017002096556226133,1.1157675011286097
4,0.00010906334527761116,0.00045020174298029947,0.00023464993983916092,0.5477702297501597
5,0.0004235850934177157,0.0005100702693562038,0.00024064131204018068,0.677183502797083
4,0.0004451903986565476,0.00048146002599677154,0.00030129547319795503,0.5603419728692878
4,0.00047956848447021084,0.0005292774794634599,0.0003114656596785572,0.5446870375991877
4,0.00029311509732991755,0.00035466287334348764,0.0002648319697466346,0.508365647046988
5,0.0006364357919326037,0.0007097504292023569,0.0006117515140910396,0.6601873816299395
8,0.0006208925852177917,0.0009500811114857479,0.0006865356649092714,1.1033674360988455
6,0.0002838859905097336,0.0006090813973638654,0.00016376144393217887,0.8889769831950814
4,0.0004016175752456381,0.0004830222366933799,4.309582245321032e-05,0.549033237900798
5,0.0005429516917276768,0.0005830839495010263,0.00019643908911941283,0.6712694993453177
10,0.0008697172651033209,0.001272074284118462,0.0004476588031973905,1.3724039277919666
16,0.0006168908562433208,0.0017890862838429483,0.00013947195307284353,2.0394450496107783
4,0.0002788551805418363,0.00028555891640901453,0.0002934152641340589,0.4954409201544791
4,0.00047146327423756466,0.0004983371433309204,0.0004433421275206031,0.5802863882583591
4,0.00036601576162391105,0.00041083712888373327,0.0003358910951683257,0.5013665525468818
4,0.00036394431955452596,0.00039519316564687595,0.0003959438293346115,0.5111533712832217
4,0.00031332463564269334,0.0003222703523893406,0.0005990926946270593,0.4966875027776297
4,0.0004500105944120119,0.0004767363970621492,0.00044941337064440386,0.6015877508940736
4,0.0005717929738262483,0.0005892307047835737,0.0005700883418535374,0.5643818488905772
5,0.00023273810093177535,0.0005765268722603313,9.167178777655694e-05,0.6768140901896428
3424,0.005430725884870465,0.31017208012681613,1.2384742376584511e-05,420.92946029540815
20,0.0008044527800631643,0.0022984652570533113,0.00023060013770352314,2.6694661449195336
5,0.0003877241139303519,0.0005130063555002767,0.0001087866154643908,0.7403273907514613
25,0.0007499467436780037,0.0030390767624341192,0.00015003905178476339,3.235778062050387
25,0.0012621390461750022,0.002704181310927065,0.00038074897379196566,3.194051780651501
7,0.000479704413900111,0.0006110019934631662,0.0003605912846384756,0.8899804421787904
5,0.0006317565975291605,0.0006952971139030373,0.0005208283678708727,0.6860810464569996
5,0.00010807598093267753,0.0004597549124246384,0.00035630286098061657,0.7266007643712723
5,0.0004302244938323762,0.0005006282047521068,0.0001587227795405437,0.733113213199924
5,9.745311898064202e-05,0.0005402382142049688,0.00013087227560778017,0.7328941290228959
4,0.00047074782628131343,0.000514109257493999,0.00047976715408182437,0.564057279509524
10,0.0014158656852018344,0.0015032593921956317,0.0004694485662052902,1.3243512565273203
11,0.000393873689706805,0.001199541042599521,0.00010477234292266766,1.5997209806973776
4,0.00040085444830383245,0.0004474678673807912,0.00020289253797640977,0.5543814352311328
4,0.00036584039114979656,0.0003881270243287226,0.0005920844995318926,0.5502645635395824
5,0.0006259017693700089,0.0006948811556555357,0.00027082843424466397,0.6630999718930732
9,0.0002837684227969473,0.0009261951733656845,0.00015640015898479178,1.2962230477907561
20,0.0003578860440865989,0.002376541986087083,0.00015772357531477962,2.8042770248001654
5,0.0007228619552286456,0.0007506444493471575,0.0007764952525516577,0.6563761425920943
4,0.00028010338127171187,0.0003652062390696467,0.00045124392399728454,0.4947849306028001
5,0.0007966118883171525,0.0008246869379838248,0.0003008315424007817,0.6537409920900952
7,0.0003878231014669374,0.00044233495202082666,0.00017310431171113535,0.8434220121924774
28,0.001458846808567297,0.003823679424329671,0.00027493637619547775,3.8655895041108277
6,0.0007204665429289482,0.0007900130603064077,0.00031117074694078195,0.7742948732184852
5,0.00012321837709040434,0.0005384303947767646,0.00023363791801763665,0.6664898784659264
6,0.000602144792485683,0.0006921838439312858,0.00036153058286538995,0.8289418529145718
4,0.0004877298029175163,0.0005165558577835183,0.0004926054488088255,0.560614149707778
4,0.0002594683153679748,0.0003044253763691404,0.00034718389162116095,0.5144266909397385
8,0.0007251691773694326,0.0007602443665305434,0.0005279710681997041,0.9894614538280667
8,0.0008011704606889782,0.000921711008034054,0.0005400359768546665,1.1177021710725012
4,0.00045661133542285274,0.00047842235712662227,0.00022528985968560796,0.5659568263649589
8,0.0003510394595355155,0.0006156763786763664,0.00013884118035204345,1.180112631914336
7,0.0005568706021965172,0.0006830948333806566,0.0004820375695320979,0.8874339436066252
5,0.0003565479684951681,0.0006206447574655978,6.828174353027915e-05,0.6739153917680459
4,0.0003667944022482304,0.00043720935677504455,0.0005676647459540014,0.4991063786399694
4,0.00018019600601725119,0.00032745862005623886,0.0004523066512208624,0.5583066273716069
4,0.00029867641804222713,0.00036834197601642307,0.0006372694975435007,0.49678133332077934
4,0.0005082026200550515,0.0005395529819094335,0.00042711324989111406,0.5389551447585057
4,9.681619252561392e-06,9.687989317235708e-06,0.00031924854079447176,0.44020079381044264
4,5.4937176244585345e-05,6.114946628773808e-05,0.0004951516064779813,0.44434878085978724
9,0.00013786801491239814,0.00023593657231328274,0.00029884298374070094,1.0053787795711004
3397,0.0034032175763340756,0.30972463165820274,8.49235780373171e-06,416.4024020199678
10,0.0005692340421904338,0.0012967370032133236,0.000382622672317717,1.3383437573093815
5,0.0002970711009945118,0.00045276602953917927,0.00014059348004400327,0.7894434680029697
29,0.0024654705697932998,0.003321271609265614,0.0004619515983974466,4.004099406866679
8,0.00012008440549895323,0.000822031380182704,0.00015090812815437237,1.180763837931918
4,0.0005431288814551001,0.0005583229721870492,0.00044943827169092977,0.556745785220649
12,0.0003934942756493461,0.0012759696989317676,0.00026370982594731227,1.669058944874086
12,0.0002896246854777663,0.0014654634843639489,0.00022703447006487532,1.6734813363148409
25,0.0016377215839808474,0.0030862711064100095,0.0005300112913275861,3.2597757832146206
9,0.00043844147284754055,0.0010920181852151793,0.00022925866893025616,1.2097738616518343
9,0.0008279545832378589,0.001104613524982844,0.0004577081866668113,1.2838614945152982
11,0.0012120428285042806,0.0016384017839758986,0.0003051169529420104,1.4974005936491603
4,0.000294437971045431,0.0003006646536002093,0.0004080449608157017,0.5688585396522892
20,0.0013528510185687181,0.002413818604102861,0.0003770546813648059,2.7587551211406995
8,0.00020235271396339791,0.000923671868220145,5.6437249701407644e-05,1.1619891748576916
7,0.0003637368025971358,0.0008900764034405752,0.0003364361876907455,0.9454341968215911
10,0.0010385180653067984,0.0012398824437562404,0.00015662031404162238,1.3434841260351094
4,0.0003694851864949132,0.0004623068011069039,0.00028605809119836787,0.5580945302129006
4,0.0005572437881168458,0.0005857197002402518,0.00043752100159301637,0.5591293471719462
5,0.0005273820061323253,0.0005529593710162914,0.00030408588495670324,0.735703730281388
7,0.0002649976762615907,0.0006716245131322389,0.0002569613967550934,1.0041873461549502
21,0.0014330087021905214,0.002715770879559453,0.0004023622183653584,2.796616734527487
5,0.0004755653464332057,0.0005157731976402917,0.00016605937746574768,0.6026028033559316
6,0.00024990349385943273,0.0006085302178844299,0.0002355906945136032,0.8832538866353151
4,0.00026395396565305067,0.0003208553229292216,0.00022272717984001564,0.619191352723974
7,0.0006276672904944275,0.0006572100947191749,0.0005952483653377242,0.9109371217029417
12,0.0009066359661893862,0.0015855216297767224,0.0004654538670260255,1.6618224742434289
7,0.0006248533457229804,0.0007086253321245109,0.0003084988465695336,0.9973900266785535
9,0.0006639523980867545,0.0010517694346628753,0.0002749599709286696,1.2230947584951837
14,0.0002473810302880317,0.001903912714541828,0.0002765410862395246,1.8294418120735925
4,0.000293378723351879,0.00042028753732398504,0.0002671572009982826,0.5550877023015095
4,0.0003398467424864002,0.0003961988790871825,0.00040968164611031343,0.5652648123473513
6,0.0002702189516916165,0.0005282099005971213,2.091530322605885e-05,0.8905683651416327
4,0.00023922536151077458,0.00038372380377807804,5.082558346560118e-05,0.6085230505455248
4,0.00032517258932868035,0.0004155573445724913,1.1573746847071352e-05,0.5122232767066013
9,0.0006484755744235404,0.0011551583382294808,0.00022233520700249527,1.21728476179297
6,0.00019231583942715057,0.000756188293246654,0.0001408187540547967,0.7848582353327652
5,0.0003072541569368213,0.0004979247085453019,0.00027200670750582404,0.6661660473879479
7,0.0003221971088293724,0.0006056098276003769,0.0002567009563653298,0.9057489482123644
4,4.055586897799808e-05,0.0003776336920861703,0.0003356858147380896,0.5717437727507053
4,0.00041597121745839917,0.000515673407995965,0.00037106567980898727,0.5491223325257207
5,0.000560658124091292,0.000617860469327223,0.000705317244343361,0.6700477553370964
8,0.0007350915394703963,0.0008666115094953396,0.0007101441430341192,1.0078274716157287
5,0.0004120868523952063,0.0004267029124468767,0.00015357345011106583,0.6029672254108169
4,0.00016640891937388474,0.00018671336760944866,0.00042970111212899695,0.4363941139715608
3451,0.0017660463871489022,0.3160821067276912,3.2642053211495544e-06,423.75997395128206
6,0.0007070608307502627,0.0008908323071634084,0.0006745388411307955,0.8456230897572332
16,0.0016337287441807796,0.0019427886092469324,0.000698852697847221,2.0185335596894918
8,0.0007550984281184874,0.0009430387875328133,0.0006333849930718374,1.0004053972455558
35,0.00241030303948065,0.004665228355454287,0.00038028574703246427,4.885173315498114
20,0.0008304248931790692,0.0024226399130564797,0.0002841927633423976,2.785071045684795
10,0.00033175249609170135,0.0010814901569863335,0.00016272998591158837,1.2186603430479361
4,0.00041245290617883835,0.00045100245506803186,0.0006081801734987751,0.6044745204377604
9,0.0007189105685208509,0.0010895771124517937,0.00017567289508689253,1.2869735538969154
33,0.0018218599292297247,0.003648874038148568,0.00037096003822963694,4.360555215487963
27,0.000651246416022097,0.002970558906606138,0.00017179217017291722,3.4457674708900945
6,0.0006958215653741625,0.0007256661542583796,7.036336493132637e-05,0.7900301645886745
5,0.00044950079256433087,0.0006381234017621408,0.00013948919444634506,0.723608511222229
7,0.000495466256207608,0.0007652734879777876,0.00023870692060376782,0.9361950240015086
8,0.00012094815678930834,0.0008005715061864413,0.00024872893690923567,1.0063806904014303
4,0.0002735396679165055,0.00027911156129927937,0.0003662446202093314,0.5113139187207725
8,0.0008746478836997468,0.000937198196194012,0.000507747610676754,1.060717303296956
4,0.0001648432610767857,0.0002623168595387909,0.00010598006562749993,0.6618828368772757
4,0.00021740214909255927,0.0003526990621336657,0.00038788575581280425,0.6004559421584583
10,0.0011736072590868968,0.001223247525359565,0.0005789901614695955,1.4261500508131257
4,0.0004369260910001434,0.0004987160192647476,0.0004032262918579895,0.5512256366522504
4,0.0003716519649433288,0.0003853382818337968,0.00039055169048142973,0.5105670842176264
7,0.0006325548931090248,0.00079850575938615,0.0002823284996447947,0.944974076463806
5,0.00065841067778046,0.0006953463323905498,0.0005504475551754992,0.6578941114859291
4,0.00010136916136317629,0.00032794992769469766,0.00033281095290106443,0.6166236532120827
4,0.0004063016028960035,0.0004648807669287,0.00025261344615458555,0.5573474135568648
10,0.0009658080488917485,0.001103699405540848,0.0006073602681449997,1.338656911455208
4,0.0005529684445781013,0.0005828278992926288,0.0007311928796720985,0.5478199844558225
4,0.0004683599006936061,0.00048795799416991226,0.0006596806029469991,0.49636753993250704
4,0.00036826303472348675,0.00039471876644596373,0.0003397434247205472,0.508503881944546
5,0.0004664652882239182,0.0005155757540014004,0.00028090649050804806,0.692183776858882
4,0.0004861711514889476,0.0005465876023165427,0.0005438815872323339,0.5548332697552558
4,0.0002885072272775631,0.0003124192085847302,0.00016377631260348034,0.5150158374184847
3366,0.0031531697759372744,0.3027707775313434,1.1337685730263371e-05,412.2124191736748
12,0.0006298088521181226,0.0013333580623808205,0.0002806150781055185,1.819653143944031
8,0.00026441030246082095,0.0008782860669488278,0.00011200074670821819,1.1101578711403701
13,0.0010939463180504889,0.0015693337963010897,0.00040129776237239883,1.806073538895388
5,0.00017848447622465427,0.0006607686410822661,9.840183643867719e-05,0.6635087107338263
37,0.0019585241059351596,0.005055170009794547,0.00018738573664412055,4.996991715513507
6,0.0004667670367127178,0.0006122513504639511,8.791563315415323e-05,0.8248576246509636
10,0.0003034343755844211,0.0013439166727042607,0.00020275227563792687,1.388879658694836
4,0.00046698232991664837,0.0005010692801834631,0.0005833015822651931,0.5558164061694021
28,0.0020436017395324374,0.003096145494819581,0.00048793220004043816,3.6479145946317533
14,0.000924078534528746,0.0017190550399109874,0.00030273803617531067,1.9695621572856554
6,0.0003513779974191744,0.0006869043904879318,0.00010025405772317037,0.8716269411578231
5,0.00023533777845942186,0.0004928286562036699,0.000468752708693475,0.6692336523566202
6,0.0005831551350018131,0.000655259872083192,0.00046977022055353024,0.8319661806583523
8,0.0010105726737554199,0.0011322897480476515,0.0003044267198740095,1.113461159466976
7,0.0002602739994126815,0.0008627205545031267,0.0004645262447480367,0.9778332496458524
5,0.00017519716641785198,0.0004065086010589887,0.00042548129453156284,0.6936827564246131
5,0.0005835779273324916,0.0006166610211756347,0.0002832273106785521,0.6640441829960793
8,0.00037361122943415395,0.0009182563798248253,0.0001938650099479607,1.172860237667258
11,0.0002449993825541647,0.0012073459250330624,0.0004980188107405187,1.3939357480364307
13,0.00047407741371877717,0.0014111577899574468,0.00012117460942882552,1.7878045737214556
6,0.0005409878405717181,0.0007198982374251725,0.00046138635594457426,0.8223926433664474
4,0.00030455380987645404,0.00036525897864375455,0.00022057099702232737,0.5592102920196776
14,0.0012849658839843637,0.002066511265269958,0.0005188033887430803,1.9207173593733495
8,0.000765682644792054,0.0009347835179810372,0.0003651102182552058,1.1787151994816598
7,0.0004967142366895362,0.0008312255982040399,0.0002019632946190883,1.0010881273909202
10,0.0005104810888270494,0.001136794246837875,0.0004292967781207853,1.283040484159914
5,0.000674848414897342,0.0006938910917776544,0.0002852125489270192,0.6687283331593227
7,0.0006488006087661239,0.000729351226276608,0.0004465634993904278,1.0186157315212867
5,0.0006675650458685045,0.0007014774715826562,0.0005201008834538172,0.6521747504861362
6,0.00015899175382887824,0.0007059084807988474,0.00015280628843254482,0.8222343746161216
7,0.0004475125922841031,0.0006966391388929672,0.00014298253682453366,0.9532134966129141
5,0.0004096231165385242,0.000584811735493981,0.00024953877577588726,0.7416456497282283
22,0.0014741411315587188,0.0029263189500475352,0.00028948092229080465,2.956726624174486
11,0.000817414648865352,0.001465562991671241,0.00044403793963273776,1.496822728960449
7,7.196708715944296e-05,0.00048155082062161685,0.000316999244523688,1.1128390022123464
13,0.0003542131060675939,0.0016089987433147066,0.00045351697126055045,1.751429598531701
4,0.00048591610727890454,0.0005179056155303417,0.00045203583404485205,0.567747044129246
6,0.00047433664723340913,0.0005748722295890972,0.0005440137711248883,0.8262016112857913
5,0.000533020334162421,0.0006497203192317312,0.0007857293662812371,0.6895888226695125
4,0.0004325964904395569,0.0004672070963959918,0.00015538215916769543,0.5610004667928747
4,0.00016908741052359754,0.0003762163758311266,5.114492340846571e-05,0.5430472841627842
7,0.0007398179785819125,0.0008813273322616829,0.00016194472275186147,0.9368585228114579
7,0.0001725141176174772,0.0007185678825541184,0.00017456122344221205,1.0018512373109154
4,0.0003502984172139021,0.0004764553286399011,0.0004029951513327747,0.5009219520091465
5,0.0003865327097528109,0.0004220353936327713,0.00046742482907032067,0.6140542576380936
4,1.4382967764723973e-06,1.4382967764723973e-06,0.0002645283739462676,0.4527705532447008
3339,0.006019043360810837,0.29891513316675944,1.2961412249070579e-05,407.8212290206771
6,0.00028967329892594514,0.0005256180973034974,0.0003659688588342038,0.8701323218268362
5,0.0001688377281037022,0.00035900285916774284,2.561978271053517e-05,0.7806673851977254
45,0.0017424088154541903,0.005320973111675923,0.0002658894518048131,6.177892827515151
7,0.0005419928394384897,0.0006199351902705502,0.00047265822847314545,0.9635162488030763
13,0.0009631628221684356,0.0016057917132963038,0.0004737559100729593,1.7375332993356987
6,0.00040456569227360954,0.0006039316691418588,6.768301271598043e-05,0.7757368732497817
12,0.0011962008650311193,0.001787408260589448,0.0004468415127468597,1.6651891534408585
12,0.0008369247468790163,0.0015046178301198257,0.00023504151095565993,1.6472628998681889
26,0.0007639364840456274,0.002511242719764905,0.0001812860624060627,3.440208489428888
4,0.00032408701427398816,0.00038228227511299403,0.0004708057375010418,0.5517409543166717
10,0.00043746742923731695,0.0009908294708931764,0.0002543825358361212,1.429598605961695
15,0.0006736729449598912,0.0016393319335828854,4.65274066067382e-05,2.1334272825965863
4,0.00044935318347955375,0.0004788366964795423,0.00020193697598167156,0.5564149282096311
4,0.00022829129756371882,0.00034335600142847546,0.00023698826371944463,0.5632646818789537
4,0.00010001702770204743,0.00040382367464413183,9.802522389395525e-05,0.5589333019509646
4,0.00021964359896907353,0.00022337858272333908,0.0002881712160250368,0.6107072025881317
6,0.00045088301531008427,0.0007005578513755411,0.00039698545871816104,0.7678809689611535
5,0.00022224402548110732,0.00041122822320605344,0.0003858713468519784,0.7425712618729934
9,0.0008175600752922797,0.001219985768133521,0.00036381736444550297,1.2284271468688
7,7.643404431769724e-05,0.0008318107155013368,0.00018095537586770713,0.9960799367200335
5,0.0006093920013989739,0.0006822819513049522,0.00046576284974660873,0.6584996247229034
4,0.0003996541854010103,0.0004151131412802342,0.00042313232706776686,0.5026536176208701
13,0.0009216016871611263,0.0016895140086037395,0.00021648942479884602,1.7701928601279697
12,0.0007534627513062427,0.0014627488815641134,0.00029184836382754273,1.6130289419869799
11,0.0004534547171231636,0.0014596403599746064,0.00012792114779827364,1.4898795013554391
6,0.0003382972469852485,0.0006556666860031487,0.00030173031353675775,0.8317576040454147
10,0.0005541956757183697,0.001123141927890624,0.0003308437779341101,1.361354785563914
6,0.0004601926791422277,0.0009437957921371413,0.0001853084841631513,0.7568463404445646
8,0.0007673985124721729,0.0009577972376265838,0.0001469800003344586,1.178929734133652
6,0.0008274553761186926,0.000855808730025685,0.0004301822897340353,0.7742952821528682
4,3.8101291120918496e-05,9.561679670183126e-05,7.525812401262069e-05,0.6675309456552551
7,0.000553150286259367,0.00064034459455023,0.00030320924643984854,1.0963135619898605
6,0.00036270165374516054,0.0004585097192635996,0.00024468694681790986,0.8000540927440228
5,0.0005408450301306546,0.0005713655775876841,0.0004677293167598751,0.6684169796283612
4,0.00044079711598372104,0.0004937492643331625,8.66961596564687e-05,0.5549410537186492
9,0.0008091081383763278,0.000933330095725224,0.0004837565379211533,1.2891574909723018
6,0.00026453452510550197,0.0006879615755779857,0.00020738140919278903,0.7717259334065939
28,0.00018922226685444727,0.003179613922250352,1.7348380680794942e-05,3.9798134147479147
6,0.0005561373393636963,0.0006134231512134962,7.807805787381804e-05,0.8088684389328
6,0.0005386514973317251,0.0005917781914797499,0.0007280357679867218,0.7843537853057266
8,0.0004678410242749997,0.0007705340768859822,0.00030368332325739574,1.114277441177952
5,0.0006179947734617495,0.0006388894363009449,0.0004088922891777899,0.6718465522832553
6,0.0005636013589117353,0.0006766486714488799,0.00021760537994136982,0.7677378083141343
4,0.00026754270964019086,0.00045103229237827933,0.00017698442088256945,0.6128964975451665
4,0.0003467566492011089,0.00035403390984150196,0.0007655984754722503,0.5132994594236522
4,3.832786091748831e-05,3.8647073872676644e-05,0.00035897001280319445,0.45392830142839385
4,2.993359642543146e-05,3.255151430269372e-05,0.0003745978383313836,0.447520033006172
4,0.0,0.0,0.0001835475383917688,0.4461436547549355
3378,0.0018965722226267222,0.3038276590905069,1.594126392070759e-05,413.8268506803379
5,0.0002451810896897585,0.0005067160277080751,0.0004403078951410704,0.6781544943433029
15,0.000895801212549397,0.0019427617999973645,0.00025129269576791476,1.996199194116296
7,0.0003390281916879797,0.0009371116193728993,0.00025494280285396384,0.981684231964706
11,0.00029477727584621623,0.0011134114920977253,0.00014514942391101256,1.6006760963847384
44,0.001521912846001087,0.005156301776025008,0.0002514041853588827,5.6643692954746
6,8.001942322676558e-05,0.0006066145115032584,3.1543042633041357e-05,0.8309718550344669
8,0.0006546058687764707,0.0008492044095907438,6.804916588129703e-05,1.0015802921298658
6,0.00012859625059742882,0.000740853761043336,3.096067693764639e-05,0.7831128785755678
4,0.00040121171499103416,0.0006012026987076007,0.00032273184188477585,0.6143930456280303
10,0.0008102746782915008,0.001357873160548703,7.231143628203646e-05,1.403782207226273
14,0.0006417994964148228,0.001703901051081021,0.00037321526000411246,1.951620346345575
5,0.0004473506696226259,0.0004799223839776438,0.0002280447266546941,0.6710848471047491
10,0.0004603718286032344,0.001074804273318802,0.00029391901822513415,1.3425880053664496
6,0.0005973926974362874,0.0007387964155398176,0.00035088386351736506,0.8512262097875269
7,0.0004286937084914449,0.0009075174288290316,0.0003773850379105366,0.9404988949395561
11,0.0004315430795852193,0.001276775685816334,0.00012134400508086944,1.5735313865534317
4,0.00021268241011090946,0.0003560028830355365,0.000358900180537698,0.6053047404818461
8,0.0010275800227373952,0.0011250567453369128,0.0003576559027105143,1.0538579756831283
4,0.00041216978040560113,0.0004526549296629932,0.00044602625451698835,0.5818363304375584
6,0.0003711140996509018,0.0005764541881945058,7.547534159497092e-05,0.845669627136368
9,0.00027417226065081456,0.0009399591270135842,0.00011304938595930433,1.3501707684624673
4,0.000489174224532867,0.0005196951679048501,0.0003651139476793208,0.5011425974259676
5,0.00048345688575493766,0.0006025839174854603,0.0005615905523625794,0.6608225110602873
6,0.0006521057799901455,0.0008447960450880664,0.00020467095021610895,0.8326391488517482
4,0.0005610446957553779,0.0005924072885270035,0.0003756681170087317,0.5520558081885683
4,0.0002049267009062342,0.00026725895885394566,0.0002678661496684241,0.5398129116716497
4,0.0004584327629547451,0.0004840617535860068,0.0004359131997307611,0.5046980196001887
8,0.0003570286453354691,0.0009561086952238102,0.00037974793063919244,1.0629567175388532
5,0.00021353993330103244,0.00042240714951344744,0.00010379123608757467,0.6687195627921431
5,0.00040133612847632986,0.00045070909354819706,0.00040663027940680135,0.7831380090263702
11,0.0002280466951428614,0.0011870758500195611,0.0001388551092648633,1.475683282113081
9,0.0002270904945571677,0.0010576182461398927,5.1290057836475706e-05,1.2348818163786035
4,0.00033455936477911886,0.00045340105647069865,0.00019212894714527997,0.6289779935649659
4,0.00030485982333906705,0.00044182251850273584,0.00017103820523427772,0.6053532698086406
6,0.0004477039413724672,0.0006563565801075707,0.00038672643365168823,0.8892285935217049
4,0.0004447630053880698,0.0004958289238086936,0.0001774848501321096,0.5520816085306713
9,0.00044175451007917967,0.0010762861749847009,0.00018940510009474496,1.2522738876981325
10,0.0005509970863788554,0.0012306689997177687,0.00013109748834078995,1.3798320728414795
4,0.0003312960672323289,0.0003556517556457397,0.00024262747819859683,0.5110228543703681
4,0.0005107526267387108,0.0005797446825110994,0.0005600356104927482,0.5555955179294709
5,0.0005373374779841425,0.0006241049749544179,0.00026826204648147146,0.6707864571207862
14,0.0009028552109939853,0.0013328287287099252,0.0005508551640304646,1.7295500757157858
5,0.000531264024639183,0.000649558661908357,0.0002158520507600962,0.6757670009440582
8,0.0008188410753180235,0.001256427721743718,0.0007591211300188955,1.1006318237447865
10,0.0009545441220150379,0.0014281222409005538,0.00034819110230460546,1.3741086098407669
6,0.0008409708510921883,0.0008757306458998175,0.0002736107788937464,0.7784689985931958
5,0.00031667906982640496,0.0003780192473823703,8.147294065358907e-05,0.7844627941382833
8,0.0002530706217074058,0.0003461932877191943,0.00028852444884011147,0.9688942369130313
7,0.0003503298923574967,0.00037784394321973007,0.0006713465182268363,0.8336915907690624
4,5.1173585638802284e-05,5.135348997168246e-05,0.0004193354618625994,0.44859132661454115
2866,0.003245029373513622,0.25570240423722335,3.2487360702402665e-06,349.6258089506413
14,0.0004387810468211031,0.0014705425041327247,7.332568655327812e-05,2.0718741546589383
4,0.0004473223090250014,0.00045744346205088494,0.0003095275041700112,0.5677921561293413
11,0.0006527131853849139,0.0011709640475458048,0.00022766950084134784,1.6355677968211342
447,0.00667913012826565,0.043117280519615345,0.00013594414197047169,56.26581895154685
6,0.0004925749071398955,0.0007844244478200753,0.00048415469421529185,0.8716943046549124
17,0.000797209116694059,0.0017265589125437719,0.00026929052144492954,2.457594145133807
8,0.0004419106575739965,0.0008713743654068111,0.00019890227657335953,1.099390227118783
30,0.0012702146726186264,0.002558826009771863,0.00032535919244803044,3.7112508753526297
31,0.0003420143438418666,0.0035194970696643176,0.00016604483863724178,4.26518365987257
7,0.000784780831342491,0.0008218274901730966,0.00040545821025607804,0.8959881973404522
4,0.00022746759982273697,0.00036642992150463024,0.00028276894501471267,0.5513224202358364
17,0.0013711014841414591,0.0020754873913738313,0.0003480323746468336,2.329369151491997
6,0.0005005796123483985,0.0005727591136965012,9.205443871677837e-05,0.8352614137143987
5,0.0005502175383270823,0.000613953315321899,0.00043677815399932357,0.6750866782273299
8,0.0007479592308325931,0.0009174208981245064,0.0004914877474153762,1.1136454566686538
11,0.0009008879583881744,0.0013646039021165228,0.0002802299377239901,1.5064555527293333
6,0.00025213310771606695,0.0007054030361582455,0.00012977646866706936,0.8426277271438133
11,0.00042548095268840413,0.0010881831756110406,0.0001230133938499015,1.6241655074017356
12,0.0006751194583696318,0.0014468110093786115,0.00020135536289988027,1.6280100328718512
24,0.0012219595153005447,0.0026268061185268704,0.00018410183506279392,3.0442206877840894
4,0.00039897461258801934,0.0004204480311870287,0.0004860709074972767,0.5573155824402786
4,0.0005805505546106929,0.0006045664411092125,0.00014493858937528645,0.5445384315081784
13,0.0013045135304555263,0.0016861751316425177,0.00036086200598620035,1.6377630998416783
9,0.00036949431996754497,0.0009886913931607566,0.00033613415038207065,1.1927480148738714
8,0.0008371442948361357,0.0009469126185388972,0.0007195223636963945,1.1153951767183559
8,0.00048790293682200936,0.0008624836855926801,0.00031062971993778206,1.1064242425867576
4,0.0003604513700563681,0.00037253589605718495,0.0002594263262549209,0.5011236429838726
11,0.000784279452459558,0.0009364237588649442,0.00036614818892053666,1.3304396359159103
7,0.0007068832324523226,0.0008833764903642976,0.0003013730042806133,0.9317810732985835
4,0.0003054159639272216,0.00043695149046465667,0.00025513715000332043,0.6219366231823196
19,0.0007417152142492609,0.0017231134324665993,0.0004450640845127109,2.4521199660516078
16,0.00044346735648542903,0.0016672539435489868,0.00019740788215242533,2.167428165808873
6,0.0006086118100852068,0.0007577917678232105,0.0002616810494890579,0.778123364363268
4,0.00043931141119456614,0.0004623430046579455,0.00035214722192385877,0.48506421614481504
4,0.00036074680619836236,0.0003695173225882357,0.0005069268394356641,0.49666416728063745
4,0.0005643827419131915,0.0006007895411009783,0.00018797079529031101,0.543639693862834
4,0.0003027945381457225,0.00036421407398950026,0.0002548457169998753,0.6169267333807973
4,0.0006237505809793656,0.0006457182174339701,0.000130402227609032,0.5547939957576632
5,0.0003329295120018918,0.0005136247953968974,0.000164660896545087,0.773843458284465
11,0.001025117787273083,0.001306323708937694,0.00046222284222950324,1.4373640881539302
7,0.0005531507333379027,0.0006132734232713381,0.0006309526087277445,0.81579322971162
4,0.0003835649973987874,0.00039722052418973025,0.0006218361765785639,0.5018428826030953
5,0.00019920582107368722,0.00020647067130551513,0.000821088895652191,0.5373893461258932
4,5.6152168599820723e-05,5.778965296675531e-05,0.00032822999570490555,0.43827596836059696
3204,0.0014413931092453348,0.28369768742433965,7.890391833009555e-06,392.34872811502566
96,0.00016908833488093816,0.010441941675086726,9.175318683066386e-05,12.868830043755754
42,0.0005595194831038844,0.004500596836662892,0.00014835753049750145,5.51221161493784
8,0.0008710115063804015,0.001018378435313568,0.0001827199918238982,1.1537256597676293
17,0.0001299952779139034,0.0022742457669056968,0.00012820965035161114,2.3399648582909736
37,0.000824428355459932,0.002856321221965024,0.00010994185325808604,4.316317213518477
15,0.00018313616830356943,0.0015231212976023131,3.78506546256212e-05,2.3082365539240257
22,0.001059669987725965,0.00241947192195292,0.00025483258712949045,2.92744363650195
7,0.0005735852126088408,0.0008275047128155495,0.00052001757438827,0.9401047980799295
21,0.0017424472067078583,0.0025935331392131214,0.0003010440994683788,2.8002357731508587
4,0.00034081515463028417,0.000375411090210857,0.00021230193177189505,0.608468350368156
10,0.0012967151137900596,0.0013565150170066686,0.0005020020823903081,1.3484271912167434
12,0.00038787631385452386,0.0012485237399905411,0.00019943360643066193,1.6224011179952131
50,0.0016864837371565562,0.004633308575290755,0.00011055246485425088,6.3071533622806175
6,0.0007300342278554513,0.0007775164001340842,0.0006153906813865946,0.770672669489823
39,0.0008648130848348896,0.004511831694160453,0.00018853943589072978,5.262575857851674
7,0.00027584923795364447,0.0007818430836332255,0.00035854118650123794,0.8868936902311904
17,0.0008603339845599898,0.002097983455943498,0.0003531153909497464,2.281751666548383
4,3.6500289160332634e-05,0.00047431973232084243,0.00019845885601598175,0.5506378463953404
4,0.00035017113132365175,0.00046559803080390046,0.00023921583615889313,0.6068483124347157
43,0.001892406083973876,0.005272111361932666,0.00023044497050425924,5.832120449094064
6,0.0004943491272618098,0.0006160435382869818,0.0002767666043905165,0.8355871622096402
5,0.00035375943787274483,0.00036522667567096033,0.00027544889981191614,0.6093559815043578
9,0.0005513458590937536,0.0009583402241774471,0.0004915600145250389,1.329348908258458
6,2.415743912703611e-05,0.0006071984982586814,0.00021500012884271183,0.8474405288667439
6,0.0007766071875764389,0.0008084310283878059,0.00037847283009283066,0.7698973178485476
4,0.00011273190288416159,0.00041336479623066294,0.00013665576386283574,0.5683439720864865
4,0.0005049010140154948,0.0005328129249037315,0.00025427824052333615,0.5674736525919335
5,0.00015886902681583597,0.0004093827200461461,6.843612488108378e-05,0.6929247283103991
5,0.0005668232601852897,0.0006152327539337429,0.0003789062206553606,0.6623982480476506
9,0.0004947718261889615,0.0011724906646051656,0.00012832567385614047,1.318257970873647
6,0.0008062699159526569,0.0008348026358334998,0.000790907521248878,0.7620975654309637
5,0.0005790335941163777,0.0006207155743700854,0.00013254520014711378,0.658518215477109
4,0.00036771362358316024,0.0004063826145176021,0.00024456431392768437,0.5012948371008996
5,0.00040156446204023927,0.00040984852544476255,0.0003491916221141923,0.6604923501924305
4,0.00032838239183043025,0.00036251960800266314,0.0001442662557737937,0.5046886263372267
6,0.000592914974062685,0.0006408704570114306,0.000538203000334484,0.7813411267144771
10,1.7248071407868812e-06,1.724807140786881e-06,7.549440487475339e-05,1.1333996938943371
3010,0.0018828652978721027,0.2736420998489004,6.027101457136861e-06,368.35899958718926
17,0.0007362241008451711,0.0019192937011588062,0.000160287758145555,2.3476140795790172
8,0.0004163980609996104,0.0010399906171670915,0.0003268045860234009,1.0951302264277767
297,0.004282046372700768,0.028467488609870247,0.00010759985617470848,37.198359789386856
19,0.00010255870314575778,0.0022302067957840183,5.3757142273789755e-05,2.715046879461087
10,8.64864068280648e-05,0.0010154621172618944,9.575564389863964e-05,1.362784314099674
9,0.0010176479604886042,0.0012067582624416223,0.0005834622754536921,1.2865028576253161
28,0.00015198286576028906,0.002979832432611233,5.1411429285068064e-05,4.216941406616554
7,0.000670994513447679,0.0009696819429915039,0.0004032687275172256,1.0196199714867846
12,0.0009477298115542622,0.0014226412700218247,0.0003312047428960874,1.5943379122249
54,0.0019042393527766508,0.005572492933871975,0.00020654090075596774,6.919416483078209
39,0.0019872408836572697,0.0022738596838078823,0.0003446161070442399,4.653907288111052
20,0.0006131945007378829,0.002006990160094733,6.26616344137776e-05,2.7332920229265656
6,0.0006191058820099447,0.0007317057545979703,0.00031449655519695584,0.7573950850114503
5,0.0004843022312821059,0.0005171950176969451,0.0001967158239460767,0.7340526369963907
11,0.0005701648780456705,0.001363321433957417,0.00036866912548378506,1.4936645899255683
5,0.000421883842385966,0.0005809050446615781,0.00017467645386509822,0.6714819441994626
4,0.0002708423511403864,0.00033801305754728526,0.000574305109841061,0.5574114197703071
7,0.0001986263703959954,0.0008464092298844998,0.0003940823360102751,1.008187315359251
4,0.0003579717840333737,0.0004374857427378361,0.0002168555887234635,0.5528875633177233
7,0.0005333795127912974,0.0008435345165612922,0.0003313046121279799,0.9609240986653432
6,0.00012126582261449207,0.0006417245149009356,0.00012518162369238038,0.8106898432870975
35,0.0008098210829279956,0.00392066756497778,0.0001540082764214584,4.937143657480461
6,0.0005219253598009839,0.0007687268543513597,0.00010621314221993745,0.8942141620759012
5,0.0006763008667440742,0.0007021041226315765,0.0003161279577561343,0.6792002866744933
13,0.0008441285326531676,0.0017642543324071572,0.0004050352887746827,1.7097628361670143
4,0.0005582111214295099,0.0005805450627668965,0.0007742130696264997,0.5584451036841528
6,0.00044138161172925435,0.0007091307061359161,6.686184538312645e-05,0.8394318126618618
7,0.0004332625720512076,0.0008098090958133934,0.00044848591127783855,0.9059645313039585
7,0.0010627309236716162,0.001084088980789779,0.00034764594806155623,0.9378470126155192
14,0.00043444885707748877,0.0014986136397700668,0.00015319907889418437,1.8306479897108066
4,0.00011571795394145372,0.0002777602697846676,3.931786514085164e-05,0.6359240356914597
5,0.0006130672136014319,0.0007079761932325117,0.0005471773842503961,0.7074369815995358
12,0.0011121285756849576,0.0015344704625083832,0.000324026790373188,1.6188669351474743
19,0.0009585532484449446,0.0019056303752143964,0.00035291852692822243,2.378533152461161
4,0.0003926406119659528,0.00044983523857149887,0.00029692167925537895,0.5679525201941733
7,0.0006429165137947457,0.0008184696793015168,0.0004176933285373286,0.9387961756002388
4,0.00022668289288052505,0.00034104871110153664,0.0005629110309289714,0.5458339887159636
10,0.0009161232209249927,0.001221797496840101,0.00041646583002744275,1.3555454331603047
9,0.0001405671070591789,0.0006599556021871379,0.00011038721432717082,1.3921036849287713
9,0.0005765440660152457,0.0010699370843561657,0.00043365449289679684,1.2216858381311522
7,0.0008057864959140925,0.000892503692635199,0.0003865738780807431,0.9263126323771548
5,0.00020873600787499512,0.000673106368358365,0.000314668405743374,0.7132842767128644
6,0.0004583971000114486,0.0004905379736700711,0.0004055517228099687,0.7298331585895228
8,0.0,0.0,0.00012480274492709747,0.9004205530752609
2882,0.0016604909452301408,0.2600543360568177,9.746992526495363e-06,352.46665273147556
9,9.313452358694554e-05,0.0009007861848610757,0.00018897114641756876,1.2834950341784523
24,0.001041658078174552,0.0024332922591216145,0.00029999486107417506,3.1316701009286594
37,0.0016789014476328659,0.004290722447205524,0.00042301416761212615,4.805021336301546
431,0.004432740989772326,0.04134900357586864,6.818512790454074e-05,54.33479547649269
34,0.0012160262777996765,0.0037149843969526224,0.00032790457748796187,4.307658450720655
11,0.0011443495253768445,0.001585135178391538,0.00040672176588166253,1.4157880503915774
4,0.0003013464314112564,0.0004456266117100353,0.00025960463353045924,0.6119381140199965
28,0.0006483079998172062,0.0030993062605460743,2.3481744035879573e-05,3.7584995928612908
12,0.0008935771442581464,0.0015507413935281795,0.00032642870206599234,1.6870809185509097
4,0.0004285472645745033,0.00047874864012040474,0.00054127737177062,0.5669072362502782
18,0.001374977567470147,0.0020030080109052864,0.0003599327305474056,2.334817583915089
9,0.00028895142474310084,0.0010126193865205202,0.0002539272474139216,1.3317754836024445
13,0.0002705892745238482,0.001407791522101263,0.00010532641914187258,1.9444712467517353
4,0.000196760609884814,0.000264276635031213,0.0003665249977388344,0.5569543440827232
4,0.00042364925958595506,0.0004483760724761951,0.0006539986861536696,0.546601707562183
4,0.0003829151272430568,0.0003960687393255446,0.0005852138016136559,0.5400281009382935
16,0.0007710117142816546,0.00205592280338477,0.00011459024375581394,2.2861958552060617
7,0.0003805164149573541,0.0007645103117156973,0.00034620219824253273,0.9752099703765097
11,0.0006097010488621764,0.0008369010012967166,0.00013823872261717473,1.7158036226042852
13,0.0006921313403991234,0.0015442050075113148,6.017043841425076e-06,1.6737556062860346
17,0.000705155832186241,0.001909393848617224,0.00032587648796652207,2.3070320861709073
16,0.0012808709178209,0.001565396328485393,0.000454261821541657,2.0188983333699833
5,0.0003363681539175761,0.00042737623755761554,0.0004826323731768274,0.7362968132195027
11,0.0003867850958764751,0.0010235300043313616,0.00022796472404100986,1.6177589997249728
21,0.001341225642051696,0.0019597647783983554,0.00041407456944172333,2.63101230378261
10,0.0004392282145722367,0.00113069587006707,0.0002449010935087592,1.3371918013062245
5,0.0005116446811015299,0.0006403547906378099,0.00031951159027940963,0.7176484607627548
4,0.00013503504689111863,0.00046995029786319235,0.0003041649618170833,0.5481519331443461
8,0.0006188439870987521,0.0008371161304326579,0.0005476249620568066,1.0516754833832753
6,0.0006191519349607902,0.0006928208385575885,0.0005215722579245326,0.812953012964557
5,0.00018668521857609195,0.0005496680189401644,0.0002591809434324835,0.7258668721926178
4,8.772314860553802e-05,0.000316989433482576,0.0002288678143064043,0.6132305690521865
4,0.00027815264836578634,0.0002836306648880202,0.0005175617946193559,0.4995042435322402
6,0.0003943432139028327,0.0004374453028913783,0.0002629373119099475,0.7321704703408031
14,0.0013895693070364971,0.001662290905602668,0.0005101184008511214,1.88372377559895
4,0.0004556648053566713,0.00047291770590294146,6.568665077871273e-05,0.5584528606630837
17,0.0006778841066925033,0.0008211498066674637,0.0004204019136814977,1.9692637897307013
5,0.0003485747502565141,0.0003592219994428826,0.0003103625598816637,0.6064965757986869
4,0.0004681785383033033,0.0005176505007433727,0.0003032401831789181,0.5346298179210517
5,0.0005988896853460955,0.0006365533232787548,0.00031759012146492707,0.7142960474149737
6,0.0004420736576643469,0.0004952534739252798,0.0005349494531904718,0.7155860430550879
6,0.00019062168190029798,0.0006895380425411544,0.00047235471380822084,0.7571860834406692
4,0.0002726719757166268,0.00027520398384970766,0.00038701036625126973,0.5075236244369263
6,0.00034605764354138797,0.0006103006744587531,0.0006235253569638939,0.7818395421359647
8,0.0,0.0,2.650488268992612e-05,0.8806433135168057
4,1.6486160335482472e-06,1.6486160335482472e-06,0.00046685973764507894,0.44038560588747644
2940,0.0039825489482678954,0.26341800874163734,2.7057036699422927e-06,359.59440700463705
328,0.00501166686635203,0.030562735691296285,0.0001181937224904629,41.43545316022263
50,0.000880359971966314,0.0050872534242236075,0.00011485790674802846,6.482059126214625
74,0.0022003994265672295,0.008020694614768599,0.0002686051967039709,9.862503946237316
28,0.0008203634664696206,0.00282763664121485,0.00022951329836473581,4.07618425530576
8,0.000831709954103166,0.0008589572528099377,0.0004173086006333057,1.1712301475134024
5,0.0006457552426101957,0.0006673368710631505,0.0006763266594210539,0.6689976393160261
5,0.0006519118463562297,0.0007485953864392463,0.0003352574630804373,0.6526529976602177
75,0.0013864094000002722,0.008672517641705907,0.00018671045549626693,9.4994649744088
4,0.000288258379987024,0.0004399943796390213,0.0004243470521006993,0.6118356853720938
14,0.0013168814103362548,0.001637463740714028,0.0004786285041485526,1.9080374784095566
15,0.0008942629611779837,0.0014217774165571457,0.00046920106267684286,1.9554173274431836
7,0.0003812536367703699,0.0005750843189095043,0.0003709280623013831,1.0534139435148273
23,0.0011166971505331632,0.002448143975995125,0.00024403073267697888,2.8394634797620597
4,0.00012930229469179847,0.0003988652715510635,0.00016570400503527235,0.6216835402473164
9,0.00015626662646326645,0.0012039376781635724,5.55983039488039e-05,1.2196913221427659
15,0.00047929016447228475,0.0016199009340740716,0.0003072146697326247,1.8767471716532738
4,0.0005098426847571676,0.0005373315103655955,0.0006303215053782946,0.5628735132603575
6,0.0004783229037750277,0.0005433620058732901,0.00016016079569702407,0.9696704124380349
4,2.573093107088222e-05,0.0004494802671875317,0.0004420980577774933,0.5485374886266042
4,0.0003064553397264873,0.00039883552837118225,0.0003778926361771481,0.6180647804735494
4,0.00014263453880859292,0.00044724797614932436,0.00028372731935164073,0.5412699589368545
5,0.00030516463329502414,0.0003125986873100906,0.0003692923781993768,0.6087880077556961
4,0.0005474875832157459,0.0005796002354610192,4.9430118952114244e-05,0.5554678162189504
5,0.0006569026636475727,0.0006766706712259296,0.0006830461108086009,0.6692892527109975
6,0.00016618492563506027,0.0005827156178240399,0.0002502141292846567,0.8437422289201765
4,0.00029330333959265285,0.00032517382389489485,0.00034872799680740177,0.6221181600840069
9,0.0008460167811054257,0.0011967215735936268,0.0007114736092766712,1.2220228816045644
6,0.0005703722837856399,0.000695152165297746,0.0003039256114398517,0.7719598870875385
6,0.00021471848822622776,0.0005590274188564356,0.00043762152901890156,0.8916584677832768
5,0.0006486269074480122,0.0006934609184011988,0.0003227944889485463,0.6552741185321721
5,0.0005738693006565521,0.00062233630826313,0.000462640954468049,0.6540263914121764
8,0.0009252046114688199,0.001103139170377389,0.00046128417919151136,1.1026322004292846
10,0.00024802546253179495,0.0012247440578412685,0.00023245734648857325,1.3968566313197244
4,0.00046244525489451334,0.0004949077731039064,0.0002771074400599984,0.5623633038848316
4,0.00027459900733686033,0.00031891557695860716,0.0003364450129110617,0.5116522310458868
4,0.0005327747700479626,0.0005574405423568972,0.000512213322239765,0.5665394989557812
4,0.0002324154516808368,0.00023314722050186046,0.00021313601819271044,0.5073948390400531
24,0.001261393975681791,0.0013896376750521665,0.00034081633466633536,2.8063403823530155
7,0.0002946326402822382,0.0006539135165788805,0.00010470406235949672,0.8944499556065707
4,0.0003609988208321354,0.0003857778476904771,0.00017118318393521476,0.531258057335486
7,0.0007592627666327634,0.0008456493274945457,0.0004728439437351525,0.961192015573991
4,2.162865574521293e-05,0.0003899106637486789,0.00013487181852823906,0.5517759089434475
4,0.0003759616814621066,0.0004136648651379331,0.00044446453237666607,0.4987868505238476
12,0.0002703388256798378,0.000273160004849532,0.0003201493335526775,1.3214725968565342
3383,0.010218142355202615,0.29951238204991193,2.6644491463178033e-05,416.0908695238853
6,4.12930282959613e-05,0.00038611054788215073,0.0003576277416428322,0.9527844746853702
13,0.0009955051231413257,0.0015270119195616365,0.0005227413544922561,1.7269525933656307
64,0.0023990717995140865,0.00671549395399441,0.00020739378508329373,8.053530259365532
34,0.0012319440686016866,0.003587385213049449,0.00027146058393608965,4.690362145929734
7,0.00048403927238604527,0.0008235171910522155,0.00034484726690296654,0.9673840588149456
5,0.0005355367969942637,0.000590679436337661,0.0002803491096360363,0.6527324621912779
4,0.0003116644556738918,0.0003523912669089371,0.0003966951374617969,0.625647561218668
7,0.00033054634830859635,0.0008697418267866412,0.0002082514146676645,0.975696726220484
17,0.0006398870624873351,0.0018741679547672912,6.279829275166456e-05,2.3213874778661823
8,0.00018443972090492647,0.0007911673390998975,0.0003686906944492661,1.0183467689792054
10,0.00020061526251567905,0.001327907968166215,0.00021387699026370293,1.4572822041438995
4,0.0002941485991460913,0.00036301180887462613,0.00039909709436533337,0.5969637017748706
17,0.0015085020097247049,0.0018638808319018972,0.0004910445329703539,2.165045355027922
16,0.0009499615902490446,0.0010765936085556601,0.00019344469017054593,1.8912458092346303
32,0.0025173828414409368,0.004036120999097502,0.00047519158740262396,4.191244843412749
6,0.0006634526067910234,0.0007142990643243809,0.00015382009452118365,0.7854873882863502
16,0.0011597737180130147,0.0012780946496286313,0.00012026151726245069,1.954525544144679
6,0.000652151277019703,0.0007155853517060192,0.00023389429094920346,0.8391775046634866
6,0.0009331314363127311,0.0009811632124949417,0.0005008583829478971,0.8207414781662973
8,0.00013800195582129896,0.0008038837653073939,9.846224835835604e-05,1.1851517285753865
6,0.00038376582106716304,0.0009231443992965643,0.00017589334988840193,0.812881383684152
6,0.0006057640707737671,0.0008669187989390153,0.0005005035020623757,0.8752839997147972
19,0.0018494906157699496,0.002701615908091522,0.00047655168661948184,2.5484912991656237
5,0.000632554970584393,0.0006612004424777055,0.0007683286097249144,0.6524675844503982
6,0.0007096431327210407,0.0007755731161694844,0.0004876905238496366,0.7677206430613597
5,0.000417526949915354,0.0005281251200602681,0.000531765575966146,0.672287173114731
6,0.00034511723116391845,0.0007032630736549838,0.00016570691786387158,0.8447563572857117
4,0.0005123312454536462,0.0005390940678904338,0.00028312337967554223,0.5721100596436097
4,9.609401313642715e-05,0.0002928250938442383,0.00013166932738726246,0.5090718640052724
7,0.0007298791879022679,0.0009509325183897002,0.00033234479105627413,0.9465649567054797
4,0.00020059211286529833,0.0002431755384433163,0.0005287284465352902,0.4964353553433477
4,6.402433967878949e-05,0.00020458834260116425,0.0004495787919506702,0.5011937406319592
7,0.0004813769068073486,0.0008061576935532029,0.00019272247643229175,0.9485046360358459
5,7.711575080167591e-05,8.741499037534831e-05,0.00012431470783429377,0.5421729113547067
9,0.00010079667237690607,0.00010169524273893524,0.0003835089998231913,1.0087328601180465
100,0.0,0.0,3.284098637760966e-05,16.65395170492892
160,0.0,0.0,1.0199120257746344e-05,26.775435655438102
323,0.0,0.0,1.0956272353898924e-05,53.85271060530313
73,0.0,0.0,1.5740881190390697e-05,12.136320824956684
470,0.0,0.0,8.864623170671434e-06,78.26743569744647
84,0.0,0.0,1.0020863221221926e-05,14.054266755590593
72,0.0,0.0,2.72052235237651e-05,11.936313203619017
185,0.0,0.0,4.099095908362802e-06,30.75640420920182
162,0.0,0.0,2.2982335293458262e-05,27.05948466659372
103,0.0,0.0,4.773397371455468e-06,17.133549939425
142,0.0,0.0,2.8025134787418318e-05,23.58448781078706
88,0.0,0.0,6.710836316001488e-06,14.623562099136599
37,0.0,0.0,2.275576144869057e-05,6.174613950283605
100,0.0,0.0,1.8351022064309846e-05,16.65395170492892
159,0.0,0.0,1.6528523717104184e-05,26.60445357361741
323,0.0,0.0,8.408757753290016e-06,53.85271060530313
73,0.0,0.0,5.32750005844916e-05,12.136320824956686
471,0.0,0.0,1.0147752890071884e-05,78.44336594331264
84,0.0,0.0,4.135957328724786e-05,14.054266755590593
72,0.0,0.0,9.511016995011683e-06,11.936313203619017
185,0.0,0.0,5.935591184034933e-06,30.75640420920182
162,0.0,0.0,2.1297246742504815e-05,27.05948466659372
102,0.0,0.0,1.4280966975664155e-05,16.964401077397333
142,0.0,0.0,9.709652451235366e-06,23.58448781078706
88,0.0,0.0,1.222087967953078e-05,14.623562099136599
37,0.0,0.0,2.229327271951623e-05,6.174613950283605
100,0.0,0.0,1.3530935350448364e-05,16.65395170492892
160,0.0,0.0,3.280435787656799e-05,26.775435655438102
323,0.0,0.0,6.101477298948564e-06,53.85271060530313
73,0.0,0.0,2.273526670059096e-05,12.136320824956684
471,0.0,0.0,7.671041724904824e-06,78.44336594331264
84,0.0,0.0,1.4751009960406902e-05,14.054266755590593
72,0.0,0.0,3.333459221271098e-05,11.936313203619017
185,0.0,0.0,2.3224221657990475e-05,30.75640420920182
162,0.0,0.0,2.284176163655253e-05,27.05948466659372
103,0.0,0.0,1.1109814529680654e-05,17.133549939425
142,0.0,0.0,1.657237333364071e-05,23.58448781078706
87,0.0,0.0,3.0150789042740096e-05,14.467428525184747
37,0.0,0.0,1.3408438100855435e-05,6.174613950283605
100,0.0,0.0,1.1748875643294078e-05,16.65395170492892
159,0.0,0.0,3.506943368273577e-05,26.59708101802374
322,0.0,0.0,7.609867228940385e-06,53.6893920420506
73,0.0,0.0,4.299795803008364e-06,12.136320824956686
467,0.0,0.0,5.3322499194705385e-06,77.78646731282409
84,0.0,0.0,3.8509561463969407e-05,14.054266755590593
72,0.0,0.0,3.1865923584849733e-05,11.936313203619017
185,0.0,0.0,7.478434294111099e-06,30.75640420920182
162,0.0,0.0,7.518084329446949e-06,27.05948466659372
103,0.0,0.0,2.0427961473819614e-05,17.133549939425
142,0.0,0.0,1.2256665050378154e-05,23.58448781078706
88,0.0,0.0,2.8430573379823917e-05,14.623562099136599
36,0.0,0.0,2.876688455466951e-05,6.00877567269954
100,0.0,0.0,5.020263055271774e-06,16.65395170492892
159,0.0,0.0,1.3106196015015544e-05,26.60237027558099
323,0.0,0.0,1.4327052697373617e-05,53.85271060530313
73,0.0,0.0,1.2643406655774852e-05,12.136320824956686
471,0.0,0.0,5.4890843279230975e-06,78.44336594331264
84,0.0,0.0,2.230433757671665e-05,14.054266755590593
72,0.0,0.0,1.6868952520016836e-05,11.936313203619017
185,0.0,0.0,1.287005395202033e-05,30.75640420920182
162,0.0,0.0,7.245413830294598e-06,27.05948466659372
103,0.0,0.0,6.598276339637795e-06,17.133549939425
142,0.0,0.0,1.8541668436436306e-05,23.58448781078706
88,0.0,0.0,1.538257147492028e-05,14.6235620991366
37,0.0,0.0,1.8242809968018304e-05,6.174613950283605
100,0.0,0.0,1.8724151838013688e-05,16.65395170492892
160,0.0,0.0,2.8327543940153148e-05,26.775435655438102
323,0.0,0.0,1.3888845567743248e-05,53.85271060530313
73,0.0,0.0,3.052275421657048e-05,12.136320824956686
469,0.0,0.0,6.5078872270061625e-06,78.10744791978044
84,0.0,0.0,1.6816258217229496e-05,14.054266755590593
72,0.0,0.0,2.4855719150451962e-05,11.936313203619017
185,0.0,0.0,2.027521086388175e-05,30.75640420920182
162,0.0,0.0,2.9024080732889766e-05,27.05948466659372
103,0.0,0.0,1.9330240135092112e-05,17.133549939425
142,0.0,0.0,1.364616865995322e-05,23.58448781078706
85,0.0,0.0,2.1315701826984327e-05,14.124132548114028
37,0.0,0.0,8.536985263621943e-06,6.174613950283604
100,0.0,0.0,1.7606885245230338e-05,16.65395170492892
160,0.0,0.0,8.60125741853827e-06,26.775435655438102
323,0.0,0.0,1.6240180559376153e-05,53.85271060530313
73,0.0,0.0,2.5986798331931264e-05,12.136320824956684
471,0.0,0.0,4.653137076853785e-06,78.44336594331264
84,0.0,0.0,1.0306089555708861e-05,14.054266755590593
72,0.0,0.0,1.7042816868653974e-05,11.936313203619017
185,0.0,0.0,7.93220964702728e-06,30.75640420920182
162,0.0,0.0,2.2494149306761855e-05,27.05948466659372
102,0.0,0.0,7.249130210359451e-06,16.964401077397333
142,0.0,0.0,1.6523393709570235e-06,23.58448781078706
88,0.0,0.0,4.087140795865204e-06,14.623562099136599
37,0.0,0.0,3.907881559236343e-05,6.174613950283605
100,0.0,0.0,2.0184800992824343e-05,16.65395170492892
160,0.0,0.0,2.172913561462789e-05,26.775435655438102
323,0.0,0.0,6.90755902804422e-06,53.85271060530313
73,0.0,0.0,3.0101187507325742e-05,12.136320824956684
471,0.0,0.0,1.14238985357119e-05,78.44336594331264
84,0.0,0.0,1.0612214315739308e-05,14.054266755590593
72,0.0,0.0,5.09503354301638e-06,11.936313203619017
185,0.0,0.0,9.974222568837865e-06,30.75640420920182
162,0.0,0.0,2.66929418728717e-05,27.05948466659372
103,0.0,0.0,5.634222401485834e-06,17.133549939425
142,0.0,0.0,1.766736916454277e-05,23.58448781078706
88,0.0,0.0,3.114097660394393e-05,14.623562099136599
37,0.0,0.0,2.763335440206748e-05,6.174613950283605
100,0.0,0.0,2.084512881325238e-05,16.65395170492892
160,0.0,0.0,2.4875650877807914e-05,26.775435655438102
323,0.0,0.0,3.959336344103107e-06,53.85271060530313
73,0.0,0.0,1.2305249188572935e-05,12.136320824956686
471,0.0,0.0,6.327674078670134e-06,78.44336594331264
84,0.0,0.0,3.3853021800485035e-06,14.054266755590593
72,0.0,0.0,2.66385703705737e-05,11.936313203619017
185,0.0,0.0,9.072115473723532e-06,30.75640420920182
162,0.0,0.0,5.101581131273718e-06,27.05948466659372
103,0.0,0.0,9.499793253932269e-06,17.133549939425
141,0.0,0.0,8.575051985113564e-06,23.417830841277784
88,0.0,0.0,6.813398015273582e-06,14.6235620991366
37,0.0,0.0,1.5839655009893782e-05,6.174613950283605
100,0.0,0.0,2.003473412767676e-05,16.65395170492892
160,0.0,0.0,1.148694637683955e-05,26.775435655438102
323,0.0,0.0,1.8678174831506527e-05,53.85271060530313
73,0.0,0.0,1.4702341602899304e-05,12.136320824956684
470,0.0,0.0,1.1645057249653397e-05,78.27293026172325
84,0.0,0.0,2.3591869833738933e-05,14.054266755590593
71,0.0,0.0,1.4070316150029247e-05,11.767301229334283
184,0.0,0.0,1.865033777511954e-05,30.58826432017488
162,0.0,0.0,1.0401040097715624e-05,27.05948466659372
103,0.0,0.0,1.8731948825768853e-05,17.133549939425
142,0.0,0.0,3.2807245474319975e-05,23.58448781078706
88,0.0,0.0,6.675714792760727e-06,14.623562099136599
37,0.0,0.0,2.998761828136667e-05,6.174613950283605
100,0.0,0.0,1.5558718990433677e-05,16.65395170492892
160,0.0,0.0,1.650580267788801e-05,26.775435655438102
323,0.0,0.0,8.227332498314632e-06,53.85271060530313
73,0.0,0.0,1.6787293054432914e-05,12.136320824956684
471,0.0,0.0,5.5901299414344256e-06,78.44336594331264
84,0.0,0.0,1.5694494811903307e-05,14.054266755590593
72,0.0,0.0,1.1030579408263691e-06,11.936313203619017
185,0.0,0.0,1.4727581661130577e-05,30.75640420920182
162,0.0,0.0,2.1686644344136195e-05,27.05948466659372
103,0.0,0.0,2.853222100554299e-06,17.133549939425
142,0.0,0.0,8.841850236335558e-06,23.58448781078706
88,0.0,0.0,2.403805205347258e-05,14.6235620991366
37,0.0,0.0,4.107532899808413e-06,6.174613950283605
100,0.0,0.0,2.306064087715486e-05,16.65395170492892
160,0.0,0.0,2.4589493802696485e-05,26.775435655438102
322,0.0,0.0,1.3504375114159334e-05,53.682910608738666
72,0.0,0.0,3.0186532823159687e-05,11.959794963253675
471,0.0,0.0,1.3590901510002573e-05,78.44336594331264
84,0.0,0.0,1.0160842286349484e-05,14.054266755590593
72,0.0,0.0,3.0219664976112162e-05,11.936313203619017
185,0.0,0.0,2.082564350448151e-05,30.75640420920182
162,0.0,0.0,2.479995260385464e-05,27.05948466659372
103,0.0,0.0,2.2575406770561956e-05,17.133549939425
142,0.0,0.0,3.834604522088083e-06,23.58448781078706
88,0.0,0.0,1.7329527283334416e-05,14.6235620991366
37,0.0,0.0,1.1645315079171742e-05,6.174613950283605
100,0.0,0.0,1.4530332593069725e-05,16.65395170492892
160,0.0,0.0,1.4548863808255196e-05,26.775435655438102
322,0.0,0.0,1.546811790670951e-05,53.68278048119162
73,0.0,0.0,6.328447210004201e-06,12.136320824956686
471,0.0,0.0,1.3942605806290398e-05,78.44336594331264
84,0.0,0.0,1.8286645613178594e-05,14.054266755590593
72,0.0,0.0,1.6552228410945414e-05,11.936313203619017
185,0.0,0.0,1.4371153026500734e-05,30.75640420920182
162,0.0,0.0,1.0282684461198105e-05,27.05948466659372
103,0.0,0.0,8.027999970488147e-06,17.133549939425
142,0.0,0.0,3.89342466141014e-06,23.58448781078706
88,0.0,0.0,1.607364134451738e-05,14.6235620991366
36,0.0,0.0,2.0208243355550806e-05,6.011238479472605
100,0.0,0.0,3.925637312414809e-05,16.65395170492892
160,0.0,0.0,5.890923899209052e-06,26.775435655438102
323,0.0,0.0,7.96211368100482e-06,53.85271060530313
73,0.0,0.0,2.618149736381749e-05,12.136320824956684
471,0.0,0.0,5.887421677439507e-06,78.44336594331264
84,0.0,0.0,2.3643748124518383e-05,14.054266755590593
72,0.0,0.0,1.680121943631623e-05,11.936313203619017
185,0.0,0.0,8.947315760120295e-06,30.75640420920182
162,0.0,0.0,1.0527236282427978e-05,27.05948466659372
103,0.0,0.0,3.1237059653855815e-05,17.133549939425
142,0.0,0.0,6.1251561282238305e-06,23.58448781078706
87,0.0,0.0,1.3548625849525714e-05,14.46060715200119
37,0.0,0.0,2.546502803471755e-05,6.174613950283605
100,0.0,0.0,1.426259924140229e-05,16.65395170492892
160,0.0,0.0,1.0107653083949374e-05,26.775435655438102
323,0.0,0.0,1.0277636375080077e-05,53.85271060530313
73,0.0,0.0,2.9255888532695178e-05,12.136320824956684
467,0.0,0.0,6.190141184207514e-06,77.77167563774816
84,0.0,0.0,5.219798256515773e-06,14.054266755590593
72,0.0,0.0,2.340475326369748e-05,11.936313203619017
184,0.0,0.0,1.8061271255140052e-05,30.59424206799758
162,0.0,0.0,2.196805870944154e-05,27.05948466659372
103,0.0,0.0,3.155053399661577e-06,17.133549939425
142,0.0,0.0,4.791581714138053e-06,23.58448781078706
88,0.0,0.0,1.2639326059902088e-05,14.623562099136599
36,0.0,0.0,2.7688479101454483e-05,6.003040747283603
100,0.0,0.0,1.3433549881700856e-05,16.65395170492892
160,0.0,0.0,2.1646338326719297e-05,26.775435655438102
323,0.0,0.0,8.181107855692803e-06,53.85271060530313
73,0.0,0.0,6.360042417434663e-06,12.136320824956684
470,0.0,0.0,1.1205356167248166e-05,78.28657652880827
84,0.0,0.0,9.71727023061335e-06,14.054266755590593
72,0.0,0.0,7.202914339999484e-06,11.936313203619017
185,0.0,0.0,1.461614013482475e-05,30.75640420920182
161,0.0,0.0,1.0623432842593407e-05,26.89278180556111
103,0.0,0.0,2.3598115759588554e-05,17.133549939425
142,0.0,0.0,4.397643737200434e-06,23.58448781078706
88,0.0,0.0,1.0735603718985077e-05,14.6235620991366
37,0.0,0.0,2.6817948114296858e-05,6.174613950283604
100,0.0,0.0,9.613542900089441e-06,16.65395170492892
160,0.0,0.0,1.945895814399364e-05,26.775435655438102
323,0.0,0.0,8.980349825260016e-06,53.85271060530313
72,0.0,0.0,2.6665900162248106e-05,11.96623401747868
470,0.0,0.0,1.2720129681893066e-05,78.2808960517885
84,0.0,0.0,2.6320027589823027e-05,14.054266755590593
72,0.0,0.0,1.5267602762138262e-05,11.936313203619017
185,0.0,0.0,1.2765029105400961e-05,30.75640420920182
162,0.0,0.0,1.901113103992941e-05,27.05948466659372
103,0.0,0.0,2.1896161190136707e-05,17.133549939425
141,0.0,0.0,2.096398187419314e-05,23.415587137024147
87,0.0,0.0,1.4372487029367054e-05,14.466134076852914
37,0.0,0.0,3.3130014983690974e-05,6.174613950283605
100,0.0,0.0,7.708409616601429e-06,16.65395170492892
160,0.0,0.0,2.2025225111619853e-05,26.775435655438102
323,0.0,0.0,7.5173939342128615e-06,53.85271060530313
73,0.0,0.0,3.127902872271111e-05,12.136320824956684
471,0.0,0.0,1.2328087197690325e-05,78.44336594331264
82,0.0,0.0,1.9055532210984067e-05,13.705173953354558
72,0.0,0.0,3.984046746082403e-05,11.936313203619017
185,0.0,0.0,1.9958063272983892e-05,30.75640420920182
162,0.0,0.0,1.2531217374869197e-05,27.05948466659372
103,0.0,0.0,2.2038743729694412e-05,17.133549939425
179,0.0,0.0,1.257607684961229e-05,29.759101761070667
88,0.0,0.0,1.7813803735149243e-05,14.623562099136599
100,0.0,0.0,2.8175584593277873e-05,16.65395170492892
160,0.0,0.0,1.034450855628303e-05,26.775435655438102
322,0.0,0.0,1.3222633690989434e-05,53.69380533804482
73,0.0,0.0,1.1594475393377334e-05,12.136320824956684
471,0.0,0.0,1.1179711554306529e-05,78.44336594331264
84,0.0,0.0,1.0234713500046669e-05,14.054266755590593
72,0.0,0.0,2.926479165459321e-05,11.936313203619017
184,0.0,0.0,1.5553323929194803e-05,30.595427726634096
162,0.0,0.0,6.954599010441609e-06,27.05948466659372
103,0.0,0.0,2.12218270165453e-05,17.133549939425
179,0.0,0.0,1.819709542598526e-05,29.759101761070667
87,0.0,0.0,1.3948125209568263e-05,14.467428525184749
100,0.0,0.0,2.962117837241383e-05,16.65395170492892
160,0.0,0.0,2.368196911481427e-05,26.775435655438102
323,0.0,0.0,1.140853948935705e-05,53.85271060530313
73,0.0,0.0,2.989036107056302e-05,12.136320824956686
470,0.0,0.0,1.5267062965490306e-05,78.27649237317998
84,0.0,0.0,1.0953013572114727e-05,14.054266755590593
72,0.0,0.0,3.210259815306915e-05,11.936313203619017
185,0.0,0.0,1.2612175525789923e-05,30.75640420920182
162,0.0,0.0,6.2398048066163315e-06,27.05948466659372
103,0.0,0.0,1.1410156021983721e-05,17.133549939425
179,0.0,0.0,3.072218178465309e-06,29.759101761070667
88,0.0,0.0,2.9514155133232167e-05,14.623562099136599
100,0.0,0.0,2.1692594732077403e-05,16.65395170492892
160,0.0,0.0,2.995901123038959e-05,26.775435655438102
323,0.0,0.0,1.5075494584328281e-05,53.85271060530313
73,0.0,0.0,2.7275845377577327e-05,12.136320824956684
470,0.0,0.0,3.15262717372115e-06,78.27178537169459
84,0.0,0.0,4.26701266146578e-06,14.054266755590593
72,0.0,0.0,7.438944850531737e-06,11.936313203619017
185,0.0,0.0,6.108830955992644e-06,30.75640420920182
161,0.0,0.0,2.5131306068788258e-05,26.899670882692153
103,0.0,0.0,2.0636323015523038e-05,17.133549939425
179,0.0,0.0,9.231354947469693e-06,29.759101761070664
88,0.0,0.0,1.0846016721750674e-05,14.6235620991366
100,0.0,0.0,1.771765230124775e-05,16.65395170492892
160,0.0,0.0,2.7288737808978552e-05,26.775435655438102
321,0.0,0.0,2.3302915250421582e-05,53.5239827238063
73,0.0,0.0,4.268345493194368e-05,12.136320824956684
471,0.0,0.0,7.887670063281166e-06,78.44336594331264
84,0.0,0.0,1.5216882320283865e-05,14.054266755590593
72,0.0,0.0,5.010719201376496e-05,11.936313203619017
185,0.0,0.0,4.250269349035647e-06,30.75640420920182
162,0.0,0.0,7.248198198851169e-06,27.05948466659372
103,0.0,0.0,2.924678480908274e-05,17.133549939425
179,0.0,0.0,1.1276222162201708e-05,29.759101761070664
88,0.0,0.0,3.4007205866519884e-05,14.623562099136599
100,0.0,0.0,2.207454783016856e-05,16.65395170492892
159,0.0,0.0,1.5662430037767857e-05,26.613680849911972
323,0.0,0.0,1.632131477635721e-05,53.85271060530313
73,0.0,0.0,3.720416971795888e-06,12.136320824956684
471,0.0,0.0,8.191633056247905e-06,78.44336594331264
83,0.0,0.0,1.4121686186539388e-05,13.883389229681065
72,0.0,0.0,9.961578483372934e-06,11.936313203619017
185,0.0,0.0,2.4461102426916377e-05,30.75640420920182
162,0.0,0.0,1.723873961320379e-05,27.05948466659372
103,0.0,0.0,2.1667535640691047e-05,17.133549939425
179,0.0,0.0,4.889277938586478e-06,29.759101761070667
88,0.0,0.0,1.795650690289435e-05,14.623562099136599
100,0.0,0.0,1.561192086512436e-05,16.65395170492892
160,0.0,0.0,9.965472087583652e-06,26.775435655438102
322,0.0,0.0,9.19062952580436e-06,53.688674027262145
73,0.0,0.0,6.0484684263477945e-06,12.136320824956684
471,0.0,0.0,8.490601870286018e-06,78.44336594331264
84,0.0,0.0,1.2879659860432364e-05,14.054266755590593
72,0.0,0.0,2.3458810065825e-06,11.936313203619017
185,0.0,0.0,2.397907265107365e-06,30.75640420920182
162,0.0,0.0,1.7463943874656062e-06,27.05948466659372
103,0.0,0.0,4.161034019317767e-06,17.133549939425
179,0.0,0.0,3.4765679302713686e-05,29.759101761070667
88,0.0,0.0,2.218679425118784e-05,14.6235620991366
100,0.0,0.0,2.504407826256995e-05,16.65395170492892
160,0.0,0.0,2.203796565861006e-05,26.775435655438102
323,0.0,0.0,9.180657022632474e-06,53.85271060530313
73,0.0,0.0,3.420825186689446e-05,12.136320824956684
471,0.0,0.0,5.218171120750133e-06,78.44336594331264
84,0.0,0.0,2.1465085875637478e-05,14.054266755590593
72,0.0,0.0,4.650816792696342e-05,11.936313203619017
184,0.0,0.0,1.2166740891553113e-05,30.589262402006614
162,0.0,0.0,1.153417076471071e-05,27.05948466659372
102,0.0,0.0,2.5385532863657914e-05,16.955925084680946
179,0.0,0.0,1.68970044084352e-05,29.759101761070667
88,0.0,0.0,2.782127015893908e-05,14.623562099136599
576,0.0,0.0,4.452760044374315e-06,95.97779998612
444,0.0,0.0,1.2552964340449567e-05,73.84072362103038
78,0.0,0.0,1.2829497718435341e-05,12.993059612969367
113,0.0,0.0,1.0515717031130216e-05,18.72755807491546
66,0.0,0.0,2.416948232682069e-05,10.915952710710242
230,0.0,0.0,1.4960581652061958e-05,38.322528513501936
161,0.0,0.0,1.1541289175619335e-05,26.724968747887555
143,0.0,0.0,8.032727874143537e-06,23.835087344070622
117,0.0,0.0,2.476333658474891e-05,19.470677753641045
14,0.0,0.0,2.0693004852931113e-05,2.3160339570861366
58,0.0,0.0,4.73814455125573e-06,9.581499606513368
575,0.0,0.0,9.933445680816459e-06,95.81484231916812
444,0.0,0.0,1.0150974726852298e-05,73.84072362103038
78,0.0,0.0,1.5543968263245505e-05,12.993059612969367
113,0.0,0.0,1.9695593483213024e-05,18.72755807491546
66,0.0,0.0,6.713844429455886e-06,10.915952710710242
230,0.0,0.0,8.080310959687897e-06,38.322528513501936
161,0.0,0.0,1.0853759606833752e-05,26.724968747887555
143,0.0,0.0,1.0630220718761349e-05,23.835087344070622
116,0.0,0.0,1.5302269891694863e-05,19.303973695513974
14,0.0,0.0,4.378031028115413e-05,2.3160339570861366
58,0.0,0.0,2.776307024071959e-05,9.581499606513368
576,0.0,0.0,7.261136188259619e-06,95.97779998612
444,0.0,0.0,9.715252691762267e-06,73.84072362103038
78,0.0,0.0,8.163974610137496e-06,12.993059612969367
113,0.0,0.0,1.836161712385085e-05,18.72755807491546
66,0.0,0.0,1.8189344585071768e-05,10.915952710710242
229,0.0,0.0,1.0027445455453942e-05,38.165198739092894
161,0.0,0.0,1.256107995701949e-05,26.724968747887555
143,0.0,0.0,1.7672662605050695e-05,23.835087344070622
117,0.0,0.0,3.444407811524191e-05,19.470677753641045
14,0.0,0.0,6.10641603980578e-05,2.3160339570861366
58,0.0,0.0,1.0804230435375036e-05,9.581499606513368
575,0.0,0.0,2.427181696013389e-06,95.80196060401494
444,0.0,0.0,9.927822114124063e-06,73.84072362103038
78,0.0,0.0,3.0494095262103408e-05,12.993059612969367
113,0.0,0.0,1.655430684888613e-05,18.72755807491546
66,0.0,0.0,1.4305932427795208e-06,10.915952710710242
230,0.0,0.0,3.7409061767470047e-06,38.322528513501936
161,0.0,0.0,1.2268712700582044e-05,26.724968747887555
143,0.0,0.0,5.5531970898008395e-06,23.835087344070622
117,0.0,0.0,2.6521289187399212e-05,19.470677753641045
14,0.0,0.0,4.4309449708442074e-05,2.3160339570861366
58,0.0,0.0,1.7569079419191835e-05,9.581499606513368
575,0.0,0.0,7.905290531104967e-06,95.81539525404119
444,0.0,0.0,1.4744318291055474e-05,73.84072362103038
78,0.0,0.0,1.696515949257216e-05,12.993059612969367
113,0.0,0.0,1.853855572675974e-05,18.72755807491546
66,0.0,0.0,2.90997065567502e-05,10.915952710710242
230,0.0,0.0,1.1212416684386672e-05,38.322528513501936
161,0.0,0.0,3.817531628981763e-06,26.724968747887555
143,0.0,0.0,2.595184800103145e-05,23.835087344070622
117,0.0,0.0,1.9443944286048883e-05,19.470677753641045
14,0.0,0.0,8.102512306513557e-05,2.3160339570861366
57,0.0,0.0,3.098331242850931e-05,9.415417716393453
576,0.0,0.0,1.7020417279085396e-05,95.97779998612
444,0.0,0.0,4.127020098290208e-06,73.84072362103038
78,0.0,0.0,1.970306928523963e-05,12.993059612969367
113,0.0,0.0,2.098763239547938e-05,18.72755807491546
66,0.0,0.0,4.631710057195602e-05,10.915952710710242
230,0.0,0.0,1.2642015374222117e-05,38.322528513501936
161,0.0,0.0,8.81596345599727e-06,26.724968747887555
143,0.0,0.0,3.2265582853525448e-06,23.835087344070622
117,0.0,0.0,1.034702917069073e-05,19.470677753641045
14,0.0,0.0,5.366691953754529e-05,2.3160339570861366
58,0.0,0.0,2.227296463608629e-05,9.581499606513368
576,0.0,0.0,6.904903429014997e-06,95.97779998612
444,0.0,0.0,5.070016319343979e-06,73.84072362103038
78,0.0,0.0,9.314313883855448e-07,12.993059612969367
113,0.0,0.0,2.9521883220054595e-05,18.72755807491546
182,0.0,0.0,1.32287249595447e-05,30.220489717653376
230,0.0,0.0,8.895701513111863e-06,38.322528513501936
161,0.0,0.0,3.580875180796412e-05,26.724968747887555
143,0.0,0.0,9.683954051981541e-06,23.835087344070622
14,0.0,0.0,6.353619062764619e-05,2.3160339570861366
58,0.0,0.0,3.088665408222963e-05,9.581499606513368
576,0.0,0.0,9.513490336767703e-06,95.97779998612
444,0.0,0.0,5.305288363726857e-06,73.84072362103038
78,0.0,0.0,1.43824935680307e-05,12.993059612969367
113,0.0,0.0,1.4975531038711947e-05,18.72755807491546
183,0.0,0.0,6.2313984996803495e-06,30.386630464351278
230,0.0,0.0,1.290064071379862e-05,38.322528513501936
161,0.0,0.0,6.7496475278797e-06,26.724968747887555
143,0.0,0.0,5.585576456493444e-06,23.835087344070622
13,0.0,0.0,3.936744995336327e-05,2.1461144961340906
58,0.0,0.0,2.2068452888563995e-05,9.581499606513368
575,0.0,0.0,5.5116910615735825e-06,95.81314416820344
444,0.0,0.0,6.967192298811125e-06,73.84072362103038
77,0.0,0.0,4.493857962859572e-05,12.821321660138821
112,0.0,0.0,2.9195135530474492e-05,18.557857709305154
183,0.0,0.0,1.867919819139008e-05,30.386630464351278
230,0.0,0.0,1.0265410214792064e-05,38.322528513501936
161,0.0,0.0,1.9395360295896633e-05,26.724968747887555
143,0.0,0.0,1.6020614121302232e-05,23.835087344070622
14,0.0,0.0,1.344428811000731e-05,2.3160339570861366
58,0.0,0.0,2.2210022762254527e-05,9.581499606513368
576,0.0,0.0,5.851630197996432e-06,95.97779998612
444,0.0,0.0,1.486704021480104e-05,73.84072362103038
78,0.0,0.0,8.272279681362052e-06,12.993059612969367
113,0.0,0.0,2.3363378952471216e-05,18.72755807491546
183,0.0,0.0,1.202975109586792e-05,30.386630464351278
230,0.0,0.0,1.4763122017451965e-05,38.322528513501936
161,0.0,0.0,2.4427925137874916e-05,26.724968747887555
143,0.0,0.0,1.2116194451777126e-05,23.835087344070622
14,0.0,0.0,4.99455790647054e-05,2.3160339570861366
58,0.0,0.0,1.927608054687589e-05,9.581499606513368
575,0.0,0.0,3.794768963739107e-06,95.8050436875319
444,0.0,0.0,3.412452341306338e-06,73.84072362103038
78,0.0,0.0,2.6666100691054377e-05,12.993059612969367
113,0.0,0.0,1.7366631889299e-05,18.72755807491546
183,0.0,0.0,7.847979694069049e-06,30.386630464351278
229,0.0,0.0,1.06362394520872e-05,38.164222021356736
161,0.0,0.0,5.118761394994782e-06,26.724968747887555
142,0.0,0.0,2.985531625069617e-05,23.65879182896306
14,0.0,0.0,0.0001232557316618694,2.3160339570861366
58,0.0,0.0,3.306923030828152e-05,9.581499606513368
576,0.0,0.0,6.442390588542861e-06,95.97779998612
444,0.0,0.0,5.42596462601979e-06,73.84072362103038
78,0.0,0.0,3.89503617437306e-06,12.993059612969367
113,0.0,0.0,1.9774542249250873e-05,18.72755807491546
183,0.0,0.0,1.220803136025242e-05,30.386630464351278
230,0.0,0.0,6.965626891087817e-06,38.322528513501936
160,0.0,0.0,1.7615039495643087e-05,26.5567446041451
143,0.0,0.0,2.282455074364813e-05,23.835087344070622
58,0.0,0.0,3.9368211335001094e-05,9.581499606513368
13,0.0,0.0,4.4193071966255196e-05,2.1361734742343748
576,0.0,0.0,4.67150503551155e-06,95.97779998612
444,0.0,0.0,4.827400782231782e-06,73.84072362103038
78,0.0,0.0,2.001371807028615e-05,12.993059612969367
113,0.0,0.0,1.9411566041207674e-05,18.72755807491546
182,0.0,0.0,1.8583219865507946e-05,30.213716704585256
230,0.0,0.0,1.2007349971320965e-05,38.322528513501936
161,0.0,0.0,3.0100231899340693e-05,26.724968747887555
143,0.0,0.0,1.9118620762680973e-05,23.835087344070622
14,0.0,0.0,4.409528487310894e-05,2.3160339570861366
58,0.0,0.0,1.5776380963642193e-05,9.581499606513368
576,0.0,0.0,1.7453904580278555e-06,95.97779998612
444,0.0,0.0,1.5243419326306804e-05,73.84072362103038
78,0.0,0.0,7.009646602364198e-06,12.993059612969367
113,0.0,0.0,4.652253610296173e-06,18.72755807491546
183,0.0,0.0,9.668764823804617e-06,30.386630464351278
230,0.0,0.0,7.024819844908343e-06,38.322528513501936
161,0.0,0.0,2.91383642120476e-05,26.724968747887555
143,0.0,0.0,1.0449358795595693e-05,23.835087344070622
14,0.0,0.0,6.703505002088493e-05,2.3160339570861366
58,0.0,0.0,4.712506890896074e-05,9.581499606513368
576,0.0,0.0,2.4998640831772597e-06,95.97779998612
444,0.0,0.0,1.31865118650644e-05,73.84072362103038
78,0.0,0.0,1.906863933336491e-05,12.993059612969367
113,0.0,0.0,2.130545694025701e-05,18.72755807491546
183,0.0,0.0,2.7185394705445995e-05,30.386630464351278
230,0.0,0.0,8.45499904975973e-06,38.322528513501936
161,0.0,0.0,1.7962758818925265e-05,26.724968747887555
143,0.0,0.0,1.5281271898204985e-05,23.835087344070622
14,0.0,0.0,4.067076964331087e-05,2.3160339570861366
58,0.0,0.0,2.787186925485617e-05,9.581499606513368
575,0.0,0.0,7.4135948125959265e-06,95.80999515870785
444,0.0,0.0,7.2399356638847964e-06,73.84072362103038
78,0.0,0.0,2.2536329054466044e-05,12.993059612969367
113,0.0,0.0,2.4028548193306617e-05,18.72755807491546
183,0.0,0.0,1.181558884161222e-05,30.386630464351278
230,0.0,0.0,1.8918988955076387e-05,38.322528513501936
161,0.0,0.0,1.7964135046638107e-05,26.724968747887555
143,0.0,0.0,3.6854079589333665e-06,23.835087344070622
14,0.0,0.0,3.4489146762736805e-05,2.3160339570861366
57,0.0,0.0,4.351787981760086e-05,9.40945250868269
574,0.0,0.0,8.393514837627651e-06,95.63530322329774
444,0.0,0.0,1.56406873839579e-05,73.84072362103038
78,0.0,0.0,2.4191262691541597e-05,12.993059612969367
113,0.0,0.0,2.2545823733499202e-05,18.72755807491546
183,0.0,0.0,9.399753199554189e-06,30.386630464351278
230,0.0,0.0,1.786779405994001e-05,38.322528513501936
161,0.0,0.0,1.7165607607895525e-05,26.724968747887555
143,0.0,0.0,1.209269451064148e-05,23.835087344070622
14,0.0,0.0,1.7258285462218537e-05,2.3160339570861366
58,0.0,0.0,2.5566107946444537e-05,9.581499606513368
576,0.0,0.0,1.3401735756321319e-06,95.97779998612
441,0.0,0.0,1.3924744621841316e-05,73.3334410999185
78,0.0,0.0,6.035207437405564e-06,12.993059612969367
112,0.0,0.0,8.298995575744638e-06,18.557857709305154
183,0.0,0.0,2.2012195132344804e-05,30.386630464351278
230,0.0,0.0,2.784585756388337e-06,38.322528513501936
159,0.0,0.0,1.2720270814108731e-05,26.390094631487482
143,0.0,0.0,1.230929902573754e-05,23.835087344070622
14,0.0,0.0,3.986813664896665e-05,2.3160339570861366
58,0.0,0.0,2.7831872839795447e-05,9.581499606513368
576,0.0,0.0,3.4823780692743953e-06,95.97779998612
444,0.0,0.0,5.148162131081581e-06,73.84072362103038
78,0.0,0.0,1.5150092629983442e-05,12.993059612969367
113,0.0,0.0,1.1728057672933297e-05,18.72755807491546
182,0.0,0.0,1.506778227505672e-05,30.213716704585256
230,0.0,0.0,2.2928503715577988e-05,38.322528513501936
160,0.0,0.0,3.858559476209468e-05,26.552259294014
143,0.0,0.0,2.140571392746508e-05,23.835087344070622
14,0.0,0.0,8.317973795102494e-05,2.3160339570861366
58,0.0,0.0,2.401948561213315e-05,9.581499606513368
575,0.0,0.0,5.918334427831595e-06,95.81116364668746
444,0.0,0.0,8.837674553979542e-06,73.84072362103038
78,0.0,0.0,7.148167419766918e-06,12.993059612969367
113,0.0,0.0,2.2466871187214018e-05,18.72755807491546
183,0.0,0.0,3.627053892276152e-06,30.386630464351278
229,0.0,0.0,4.288753662605399e-06,38.15933241841631
161,0.0,0.0,4.96610664995268e-06,26.724968747887555
143,0.0,0.0,1.0128161736031086e-05,23.835087344070622
14,0.0,0.0,5.330670051751797e-05,2.3160339570861366
58,0.0,0.0,2.34326578678854e-05,9.581499606513368
575,0.0,0.0,5.680009024079938e-07,95.80853929196303
444,0.0,0.0,6.111108558789312e-06,73.84072362103038
78,0.0,0.0,9.984125767187503e-06,12.993059612969367
113,0.0,0.0,3.770473265262838e-06,18.72755807491546
183,0.0,0.0,3.533628684417452e-05,30.386630464351278
230,0.0,0.0,3.911348658083357e-06,38.322528513501936
161,0.0,0.0,5.621999222642848e-06,26.724968747887555
143,0.0,0.0,1.0054901569380616e-05,23.835087344070622
14,0.0,0.0,4.776160105022852e-05,2.3160339570861366
58,0.0,0.0,7.85435254056848e-06,9.581499606513368
574,0.0,0.0,3.3421578564033816e-06,95.63757523010825
444,0.0,0.0,7.807578277459626e-06,73.84072362103038
78,0.0,0.0,1.2191007792302432e-05,12.993059612969367
113,0.0,0.0,1.4975698901819483e-05,18.72755807491546
183,0.0,0.0,1.8360968358561357e-05,30.386630464351278
230,0.0,0.0,4.646172573589252e-06,38.322528513501936
161,0.0,0.0,8.515336434891579e-06,26.724968747887555
143,0.0,0.0,7.632264869988448e-06,23.835087344070622
14,0.0,0.0,5.9488395972281084e-05,2.3160339570861366
58,0.0,0.0,3.863024776643824e-06,9.581499606513368
575,0.0,0.0,1.1520829683749455e-05,95.80996035496105
444,0.0,0.0,6.4044351595223315e-06,73.84072362103038
78,0.0,0.0,1.554993973096997e-05,12.993059612969367
112,0.0,0.0,2.5154288849327537e-05,18.551380251002275
183,0.0,0.0,2.890260296174087e-05,30.386630464351278
230,0.0,0.0,1.631336482448685e-05,38.322528513501936
161,0.0,0.0,8.047474726914752e-06,26.724968747887555
143,0.0,0.0,1.603185774307368e-05,23.835087344070622
14,0.0,0.0,9.477044128375654e-06,2.3160339570861366
58,0.0,0.0,7.939471424221598e-06,9.581499606513368
576,0.0,0.0,1.970189618174529e-05,95.97779998612
444,0.0,0.0,3.990422901590444e-06,73.84072362103038
78,0.0,0.0,3.201521795889609e-05,12.993059612969367
112,0.0,0.0,1.6372665637018125e-05,18.557857709305154
183,0.0,0.0,9.194842131098102e-06,30.386630464351278
230,0.0,0.0,1.589328096934462e-05,38.322528513501936
161,0.0,0.0,2.4620588437618525e-05,26.724968747887555
143,0.0,0.0,5.257288714424815e-06,23.835087344070622
14,0.0,0.0,0.00010189043405931566,2.3160339570861366
58,0.0,0.0,2.6278717895754827e-05,9.581499606513368
576,0.0,0.0,1.7169462012164476e-05,95.97779998612
444,0.0,0.0,6.210107395818329e-06,73.84072362103038
78,0.0,0.0,3.648982628296352e-05,12.993059612969367
113,0.0,0.0,1.278034961166736e-05,18.72755807491546
183,0.0,0.0,5.234677682242588e-06,30.386630464351278
230,0.0,0.0,6.253053710902642e-06,38.322528513501936
161,0.0,0.0,1.5960889730943397e-05,26.724968747887555
143,0.0,0.0,1.369058582386803e-05,23.835087344070622
13,0.0,0.0,7.211287742216509e-05,2.1461144961340906
58,0.0,0.0,2.800187349148493e-05,9.581499606513368
