file,chi,t,nf0,nf1,dnf,shed,absorbed,fission,fusion,formation,dissolution
bidisperse_a0.005_sr0.667_x0.25_N4000_L24_T400000_seed1_cont1_dense500.npz,0.25,0,2,2,0,0,0,0,0,0,0
bidisperse_a0.005_sr0.667_x0.25_N4000_L24_T400000_seed1_cont1_dense500.npz,0.25,1,2,2,0,0,0,0,0,0,0
bidisperse_a0.005_sr0.667_x0.25_N4000_L24_T400000_seed1_cont1_dense500.npz,0.25,2,2,2,0,0,0,0,0,0,0
bidisperse_a0.005_sr0.667_x0.25_N4000_L24_T400000_seed1_cont1_dense500.npz,0.25,3,2,2,0,0,0,0,0,0,0
bidisperse_a0.005_sr0.667_x0.25_N4000_L24_T400000_seed1_cont1_dense500.npz,0.25,4,2,2,0,0,0,0,0,0,0
bidisperse_a0.005_sr0.667_x0.25_N4000_L24_T400000_seed1_cont1_dense500.npz,0.25,5,2,2,0,0,0,0,0,0,0
bidisperse_a0.005_sr0.667_x0.25_N4000_L24_T400000_seed1_cont1_dense500.npz,0.25,6,2,3,1,1,0,0,0,0,0
bidisperse_a0.005_sr0.667_x0.25_N4000_L24_T400000_seed1_cont1_dense500.npz,0.25,7,3,2,-1,0,1,0,0,0,0
bidisperse_a0.005_sr0.667_x0.25_N4000_L24_T400000_seed1_cont1_dense500.npz,0.25,8,2,2,0,0,0,0,0,0,0
bidisperse_a0.005_sr0.667_x0.25_N4000_L24_T400000_seed1_cont1_dense500.npz,0.25,9,2,2,0,0,0,0,0,0,0
bidisperse_a0.005_sr0.667_x0.25_N4000_L24_T400000_seed1_cont1_dense500.npz,0.25,10,2,2,0,0,0,0,0,0,0
bidisperse_a0.005_sr0.667_x0.25_N4000_L24_T400000_seed1_cont1_dense500.npz,0.25,11,2,2,0,0,0,0,0,0,0
bidisperse_a0.005_sr0.667_x0.25_N4000_L24_T400000_seed1_cont1_dense500.npz,0.25,12,2,2,0,0,0,0,0,0,0
bidisperse_a0.005_sr0.667_x0.25_N4000_L24_T400000_seed1_cont1_dense500.npz,0.25,13,2,2,0,0,0,0,0,0,0
bidisperse_a0.005_sr0.667_x0.25_N4000_L24_T400000_seed1_cont1_dense500.npz,0.25,14,2,2,0,0,0,0,0,0,0
bidisperse_a0.005_sr0.667_x0.25_N4000_L24_T400000_seed1_cont1_dense500.npz,0.25,15,2,2,0,0,0,0,0,0,0
bidisperse_a0.005_sr0.667_x0.25_N4000_L24_T400000_seed1_cont1_dense500.npz,0.25,16,2,3,1,0,0,1,0,0,0
bidisperse_a0.005_sr0.667_x0.25_N4000_L24_T400000_seed1_cont1_dense500.npz,0.25,17,3,2,-1,0,0,0,1,0,0
bidisperse_a0.005_sr0.667_x0.25_N4000_L24_T400000_seed1_cont1_dense500.npz,0.25,18,2,2,0,0,0,0,0,0,0
bidisperse_a0.005_sr0.667_x0.25_N4000_L24_T400000_seed1_cont1_dense500.npz,0.25,19,2,2,0,0,0,0,0,0,0
bidisperse_a0.005_sr0.667_x0.25_N4000_L24_T400000_seed1_cont1_dense500.npz,0.25,20,2,2,0,0,0,0,0,0,0
bidisperse_a0.005_sr0.667_x0.25_N4000_L24_T400000_seed1_cont1_dense500.npz,0.25,21,2,2,0,0,0,0,0,0,0
bidisperse_a0.005_sr0.667_x0.25_N4000_L24_T400000_seed1_cont1_dense500.npz,0.25,22,2,2,0,0,0,0,0,0,0
bidisperse_a0.005_sr0.667_x0.25_N4000_L24_T400000_seed1_cont1_dense500.npz,0.25,23,2,2,0,0,0,0,0,0,0
bidisperse_a0.005_sr0.667_x0.25_N4000_L24_T400000_seed1_cont1_dense500.npz,0.25,24,2,2,0,0,0,0,0,0,0
bidisperse_a0.005_sr0.667_x0.25_N4000_L24_T400000_seed1_cont1_dense500.npz,0.25,25,2,3,1,1,0,0,0,0,0
bidisperse_a0.005_sr0.667_x0.25_N4000_L24_T400000_seed1_cont1_dense500.npz,0.25,26,3,2,-1,0,1,0,0,0,0
bidisperse_a0.005_sr0.667_x0.25_N4000_L24_T400000_seed1_cont1_dense500.npz,0.25,27,2,2,0,0,0,0,0,0,0
bidisperse_a0.005_sr0.667_x0.25_N4000_L24_T400000_seed1_cont1_dense500.npz,0.25,28,2,2,0,0,0,0,0,0,0
bidisperse_a0.005_sr0.667_x0.25_N4000_L24_T400000_seed1_cont1_dense500.npz,0.25,29,2,2,0,0,0,0,0,0,0
bidisperse_a0.005_sr0.667_x0.25_N4000_L24_T400000_seed1_cont1_dense500.npz,0.25,30,2,2,0,0,0,0,0,0,0
bidisperse_a0.005_sr0.667_x0.25_N4000_L24_T400000_seed1_cont1_dense500.npz,0.25,31,2,2,0,0,0,0,0,0,0
bidisperse_a0.005_sr0.667_x0.25_N4000_L24_T400000_seed1_cont1_dense500.npz,0.25,32,2,2,0,0,0,0,0,0,0
bidisperse_a0.005_sr0.667_x0.25_N4000_L24_T400000_seed1_cont1_dense500.npz,0.25,33,2,2,0,0,0,0,0,0,0
bidisperse_a0.005_sr0.667_x0.25_N4000_L24_T400000_seed1_cont1_dense500.npz,0.25,34,2,2,0,0,0,0,0,0,0
bidisperse_a0.005_sr0.667_x0.25_N4000_L24_T400000_seed1_cont1_dense500.npz,0.25,35,2,2,0,0,0,0,0,0,0
bidisperse_a0.005_sr0.667_x0.25_N4000_L24_T400000_seed1_cont1_dense500.npz,0.25,36,2,2,0,0,0,0,0,0,0
bidisperse_a0.005_sr0.667_x0.25_N4000_L24_T400000_seed1_cont1_dense500.npz,0.25,37,2,2,0,0,0,0,0,0,0
bidisperse_a0.005_sr0.667_x0.25_N4000_L24_T400000_seed1_cont1_dense500.npz,0.25,38,2,2,0,0,0,0,0,0,0
bidisperse_a0.005_sr0.667_x0.25_N4000_L24_T400000_seed1_cont1_dense500.npz,0.25,39,2,2,0,0,0,0,0,0,0
bidisperse_a0.005_sr0.667_x0.25_N4000_L24_T400000_seed1_cont1_dense500.npz,0.25,40,2,2,0,0,0,0,0,0,0
bidisperse_a0.005_sr0.667_x0.25_N4000_L24_T400000_seed1_cont1_dense500.npz,0.25,41,2,2,0,0,0,0,0,0,0
bidisperse_a0.005_sr0.667_x0.25_N4000_L24_T400000_seed1_cont1_dense500.npz,0.25,42,2,2,0,0,0,0,0,0,0
bidisperse_a0.005_sr0.667_x0.25_N4000_L24_T400000_seed1_cont1_dense500.npz,0.25,43,2,2,0,0,0,0,0,0,0
bidisperse_a0.005_sr0.667_x0.25_N4000_L24_T400000_seed1_cont1_dense500.npz,0.25,44,2,2,0,0,0,0,0,0,0
bidisperse_a0.005_sr0.667_x0.25_N4000_L24_T400000_seed1_cont1_dense500.npz,0.25,45,2,2,0,0,0,0,0,0,0
bidisperse_a0.005_sr0.667_x0.25_N4000_L24_T400000_seed1_cont1_dense500.npz,0.25,46,2,2,0,0,0,0,0,0,0
bidisperse_a0.005_sr0.667_x0.25_N4000_L24_T400000_seed1_cont1_dense500.npz,0.25,47,2,2,0,0,0,0,0,0,0
bidisperse_a0.005_sr0.667_x0.25_N4000_L24_T400000_seed1_cont1_dense500.npz,0.25,48,2,2,0,0,0,0,0,0,0
bidisperse_a0.005_sr0.667_x0.25_N4000_L24_T400000_seed1_cont1_dense500.npz,0.25,49,2,2,0,0,0,0,0,0,0
bidisperse_a0.005_sr0.667_x0.25_N4000_L24_T400000_seed1_cont1_dense500.npz,0.25,50,2,3,1,0,0,1,0,0,0
bidisperse_a0.005_sr0.667_x0.25_N4000_L24_T400000_seed1_cont1_dense500.npz,0.25,51,3,2,-1,0,0,0,1,0,0
bidisperse_a0.005_sr0.667_x0.25_N4000_L24_T400000_seed1_cont1_dense500.npz,0.25,52,2,2,0,0,0,0,0,0,0
bidisperse_a0.005_sr0.667_x0.25_N4000_L24_T400000_seed1_cont1_dense500.npz,0.25,53,2,2,0,0,0,0,0,0,0
bidisperse_a0.005_sr0.667_x0.25_N4000_L24_T400000_seed1_cont1_dense500.npz,0.25,54,2,2,0,0,0,0,0,0,0
bidisperse_a0.005_sr0.667_x0.25_N4000_L24_T400000_seed1_cont1_dense500.npz,0.25,55,2,2,0,0,0,0,0,0,0
bidisperse_a0.005_sr0.667_x0.25_N4000_L24_T400000_seed1_cont1_dense500.npz,0.25,56,2,2,0,0,0,0,0,0,0
bidisperse_a0.005_sr0.667_x0.25_N4000_L24_T400000_seed1_cont1_dense500.npz,0.25,57,2,3,1,1,0,0,0,0,0
bidisperse_a0.005_sr0.667_x0.25_N4000_L24_T400000_seed1_cont1_dense500.npz,0.25,58,3,2,-1,0,1,0,0,0,0
bidisperse_a0.005_sr0.667_x0.25_N4000_L24_T400000_seed1_cont1_dense500.npz,0.25,59,2,2,0,0,0,0,0,0,0
bidisperse_a0.005_sr0.667_x0.25_N4000_L24_T400000_seed1_cont1_dense500.npz,0.25,60,2,2,0,0,0,0,0,0,0
bidisperse_a0.005_sr0.667_x0.25_N4000_L24_T400000_seed1_cont1_dense500.npz,0.25,61,2,2,0,0,0,0,0,0,0
bidisperse_a0.005_sr0.667_x0.25_N4000_L24_T400000_seed1_cont1_dense500.npz,0.25,62,2,2,0,0,0,0,0,0,0
bidisperse_a0.005_sr0.667_x0.25_N4000_L24_T400000_seed1_cont1_dense500.npz,0.25,63,2,2,0,0,0,0,0,0,0
bidisperse_a0.005_sr0.667_x0.25_N4000_L24_T400000_seed1_cont1_dense500.npz,0.25,64,2,3,1,1,0,0,0,0,0
bidisperse_a0.005_sr0.667_x0.25_N4000_L24_T400000_seed1_cont1_dense500.npz,0.25,65,3,2,-1,0,1,0,0,0,0
bidisperse_a0.005_sr0.667_x0.25_N4000_L24_T400000_seed1_cont1_dense500.npz,0.25,66,2,2,0,0,0,0,0,0,0
bidisperse_a0.005_sr0.667_x0.25_N4000_L24_T400000_seed1_cont1_dense500.npz,0.25,67,2,2,0,0,0,0,0,0,0
bidisperse_a0.005_sr0.667_x0.25_N4000_L24_T400000_seed1_cont1_dense500.npz,0.25,68,2,3,1,1,0,0,0,0,0
bidisperse_a0.005_sr0.667_x0.25_N4000_L24_T400000_seed1_cont1_dense500.npz,0.25,69,3,2,-1,0,1,0,0,0,0
bidisperse_a0.005_sr0.667_x0.25_N4000_L24_T400000_seed1_cont1_dense500.npz,0.25,70,2,2,0,0,0,0,0,0,0
bidisperse_a0.005_sr0.667_x0.25_N4000_L24_T400000_seed1_cont1_dense500.npz,0.25,71,2,2,0,0,0,0,0,0,0
bidisperse_a0.005_sr0.667_x0.25_N4000_L24_T400000_seed1_cont1_dense500.npz,0.25,72,2,2,0,0,0,0,0,0,0
bidisperse_a0.005_sr0.667_x0.25_N4000_L24_T400000_seed1_cont1_dense500.npz,0.25,73,2,2,0,0,0,0,0,0,0
bidisperse_a0.005_sr0.667_x0.25_N4000_L24_T400000_seed1_cont1_dense500.npz,0.25,74,2,2,0,0,0,0,0,0,0
bidisperse_a0.005_sr0.667_x0.25_N4000_L24_T400000_seed1_cont1_dense500.npz,0.25,75,2,2,0,0,0,0,0,0,0
bidisperse_a0.005_sr0.667_x0.25_N4000_L24_T400000_seed1_cont1_dense500.npz,0.25,76,2,2,0,0,0,0,0,0,0
bidisperse_a0.005_sr0.667_x0.25_N4000_L24_T400000_seed1_cont1_dense500.npz,0.25,77,2,2,0,0,0,0,0,0,0
bidisperse_a0.005_sr0.667_x0.25_N4000_L24_T400000_seed1_cont1_dense500.npz,0.25,78,2,3,1,1,0,0,0,0,0
bidisperse_a0.005_sr0.667_x0.25_N4000_L24_T400000_seed1_cont1_dense500.npz,0.25,79,3,2,-1,0,1,0,0,0,0
bidisperse_a0.005_sr0.667_x0.25_N4000_L24_T400000_seed1_cont1_dense500.npz,0.25,80,2,3,1,1,0,0,0,0,0
bidisperse_a0.005_sr0.667_x0.25_N4000_L24_T400000_seed1_cont1_dense500.npz,0.25,81,3,2,-1,0,1,0,0,0,0
bidisperse_a0.005_sr0.667_x0.25_N4000_L24_T400000_seed1_cont1_dense500.npz,0.25,82,2,2,0,0,0,0,0,0,0
bidisperse_a0.005_sr0.667_x0.25_N4000_L24_T400000_seed1_cont1_dense500.npz,0.25,83,2,3,1,1,0,0,0,0,0
bidisperse_a0.005_sr0.667_x0.25_N4000_L24_T400000_seed1_cont1_dense500.npz,0.25,84,3,3,0,1,1,0,0,0,0
bidisperse_a0.005_sr0.667_x0.25_N4000_L24_T400000_seed1_cont1_dense500.npz,0.25,85,3,2,-1,0,1,0,0,0,0
bidisperse_a0.005_sr0.667_x0.25_N4000_L24_T400000_seed1_cont1_dense500.npz,0.25,86,2,2,0,0,0,0,0,0,0
bidisperse_a0.005_sr0.667_x0.25_N4000_L24_T400000_seed1_cont1_dense500.npz,0.25,87,2,2,0,0,0,0,0,0,0
bidisperse_a0.005_sr0.667_x0.25_N4000_L24_T400000_seed1_cont1_dense500.npz,0.25,88,2,3,1,0,0,1,0,0,0
bidisperse_a0.005_sr0.667_x0.25_N4000_L24_T400000_seed1_cont1_dense500.npz,0.25,89,3,2,-1,0,0,0,1,0,0
bidisperse_a0.005_sr0.667_x0.25_N4000_L24_T400000_seed1_cont1_dense500.npz,0.25,90,2,2,0,0,0,0,0,0,0
bidisperse_a0.005_sr0.667_x0.25_N4000_L24_T400000_seed1_cont1_dense500.npz,0.25,91,2,2,0,0,0,0,0,0,0
bidisperse_a0.005_sr0.667_x0.25_N4000_L24_T400000_seed1_cont1_dense500.npz,0.25,92,2,2,0,0,0,0,0,0,0
bidisperse_a0.005_sr0.667_x0.25_N4000_L24_T400000_seed1_cont1_dense500.npz,0.25,93,2,2,0,0,0,0,0,0,0
bidisperse_a0.005_sr0.667_x0.25_N4000_L24_T400000_seed1_cont1_dense500.npz,0.25,94,2,2,0,0,0,0,0,0,0
bidisperse_a0.005_sr0.667_x0.25_N4000_L24_T400000_seed1_cont1_dense500.npz,0.25,95,2,2,0,0,0,0,0,0,0
bidisperse_a0.005_sr0.667_x0.25_N4000_L24_T400000_seed1_cont1_dense500.npz,0.25,96,2,3,1,0,0,1,0,0,0
bidisperse_a0.005_sr0.667_x0.25_N4000_L24_T400000_seed1_cont1_dense500.npz,0.25,97,3,2,-1,0,0,0,1,0,0
bidisperse_a0.005_sr0.667_x0.25_N4000_L24_T400000_seed1_cont1_dense500.npz,0.25,98,2,2,0,0,0,0,0,0,0
bidisperse_a0.005_sr0.667_x0.25_N4000_L24_T400000_seed1_cont1_dense500.npz,0.25,99,2,3,1,0,0,1,0,0,0
bidisperse_a0.005_sr0.667_x0.25_N4000_L24_T400000_seed1_cont1_dense500.npz,0.25,100,3,2,-1,0,0,0,1,0,0
bidisperse_a0.005_sr0.667_x0.25_N4000_L24_T400000_seed1_cont1_dense500.npz,0.25,101,2,2,0,0,0,0,0,0,0
bidisperse_a0.005_sr0.667_x0.25_N4000_L24_T400000_seed1_cont1_dense500.npz,0.25,102,2,2,0,0,0,0,0,0,0
bidisperse_a0.005_sr0.667_x0.25_N4000_L24_T400000_seed1_cont1_dense500.npz,0.25,103,2,2,0,0,0,0,0,0,0
bidisperse_a0.005_sr0.667_x0.25_N4000_L24_T400000_seed1_cont1_dense500.npz,0.25,104,2,2,0,0,0,0,0,0,0
bidisperse_a0.005_sr0.667_x0.25_N4000_L24_T400000_seed1_cont1_dense500.npz,0.25,105,2,3,1,1,0,0,0,0,0
bidisperse_a0.005_sr0.667_x0.25_N4000_L24_T400000_seed1_cont1_dense500.npz,0.25,106,3,2,-1,0,1,0,0,0,0
bidisperse_a0.005_sr0.667_x0.25_N4000_L24_T400000_seed1_cont1_dense500.npz,0.25,107,2,2,0,0,0,0,0,0,0
bidisperse_a0.005_sr0.667_x0.25_N4000_L24_T400000_seed1_cont1_dense500.npz,0.25,108,2,2,0,0,0,0,0,0,0
bidisperse_a0.005_sr0.667_x0.25_N4000_L24_T400000_seed1_cont1_dense500.npz,0.25,109,2,2,0,0,0,0,0,0,0
bidisperse_a0.005_sr0.667_x0.25_N4000_L24_T400000_seed1_cont1_dense500.npz,0.25,110,2,2,0,0,0,0,0,0,0
bidisperse_a0.005_sr0.667_x0.25_N4000_L24_T400000_seed1_cont1_dense500.npz,0.25,111,2,2,0,0,0,0,0,0,0
bidisperse_a0.005_sr0.667_x0.25_N4000_L24_T400000_seed1_cont1_dense500.npz,0.25,112,2,2,0,0,0,0,0,0,0
bidisperse_a0.005_sr0.667_x0.25_N4000_L24_T400000_seed1_cont1_dense500.npz,0.25,113,2,3,1,0,0,1,0,0,0
bidisperse_a0.005_sr0.667_x0.25_N4000_L24_T400000_seed1_cont1_dense500.npz,0.25,114,3,2,-1,0,0,0,1,0,0
bidisperse_a0.005_sr0.667_x0.25_N4000_L24_T400000_seed1_cont1_dense500.npz,0.25,115,2,2,0,0,0,0,0,0,0
bidisperse_a0.005_sr0.667_x0.25_N4000_L24_T400000_seed1_cont1_dense500.npz,0.25,116,2,2,0,0,0,0,0,0,0
bidisperse_a0.005_sr0.667_x0.25_N4000_L24_T400000_seed1_cont1_dense500.npz,0.25,117,2,2,0,0,0,0,0,0,0
bidisperse_a0.005_sr0.667_x0.25_N4000_L24_T400000_seed1_cont1_dense500.npz,0.25,118,2,2,0,0,0,0,0,0,0
bidisperse_a0.005_sr0.667_x0.25_N4000_L24_T400000_seed1_cont1_dense500.npz,0.25,119,2,2,0,0,0,0,0,0,0
bidisperse_a0.005_sr0.667_x0.25_N4000_L24_T400000_seed1_cont1_dense500.npz,0.25,120,2,2,0,0,0,0,0,0,0
bidisperse_a0.005_sr0.667_x0.25_N4000_L24_T400000_seed1_cont1_dense500.npz,0.25,121,2,2,0,0,0,0,0,0,0
bidisperse_a0.005_sr0.667_x0.25_N4000_L24_T400000_seed1_cont1_dense500.npz,0.25,122,2,2,0,0,0,0,0,0,0
bidisperse_a0.005_sr0.667_x0.25_N4000_L24_T400000_seed1_cont1_dense500.npz,0.25,123,2,2,0,0,0,0,0,0,0
bidisperse_a0.005_sr0.667_x0.25_N4000_L24_T400000_seed1_cont1_dense500.npz,0.25,124,2,2,0,0,0,0,0,0,0
bidisperse_a0.005_sr0.667_x0.25_N4000_L24_T400000_seed1_cont1_dense500.npz,0.25,125,2,2,0,0,0,0,0,0,0
bidisperse_a0.005_sr0.667_x0.25_N4000_L24_T400000_seed1_cont1_dense500.npz,0.25,126,2,2,0,0,0,0,0,0,0
bidisperse_a0.005_sr0.667_x0.25_N4000_L24_T400000_seed1_cont1_dense500.npz,0.25,127,2,3,1,1,0,0,0,0,0
bidisperse_a0.005_sr0.667_x0.25_N4000_L24_T400000_seed1_cont1_dense500.npz,0.25,128,3,2,-1,0,1,0,0,0,0
bidisperse_a0.005_sr0.667_x0.25_N4000_L24_T400000_seed1_cont1_dense500.npz,0.25,129,2,2,0,0,0,0,0,0,0
bidisperse_a0.005_sr0.667_x0.25_N4000_L24_T400000_seed1_cont1_dense500.npz,0.25,130,2,2,0,0,0,0,0,0,0
bidisperse_a0.005_sr0.667_x0.25_N4000_L24_T400000_seed1_cont1_dense500.npz,0.25,131,2,2,0,0,0,0,0,0,0
bidisperse_a0.005_sr0.667_x0.25_N4000_L24_T400000_seed1_cont1_dense500.npz,0.25,132,2,2,0,0,0,0,0,0,0
bidisperse_a0.005_sr0.667_x0.25_N4000_L24_T400000_seed1_cont1_dense500.npz,0.25,133,2,2,0,0,0,0,0,0,0
bidisperse_a0.005_sr0.667_x0.25_N4000_L24_T400000_seed1_cont1_dense500.npz,0.25,134,2,2,0,0,0,0,0,0,0
bidisperse_a0.005_sr0.667_x0.25_N4000_L24_T400000_seed1_cont1_dense500.npz,0.25,135,2,2,0,0,0,0,0,0,0
bidisperse_a0.005_sr0.667_x0.25_N4000_L24_T400000_seed1_cont1_dense500.npz,0.25,136,2,3,1,0,0,1,0,0,0
bidisperse_a0.005_sr0.667_x0.25_N4000_L24_T400000_seed1_cont1_dense500.npz,0.25,137,3,2,-1,0,0,0,1,0,0
bidisperse_a0.005_sr0.667_x0.25_N4000_L24_T400000_seed1_cont1_dense500.npz,0.25,138,2,2,0,0,0,0,0,0,0
bidisperse_a0.005_sr0.667_x0.25_N4000_L24_T400000_seed1_cont1_dense500.npz,0.25,139,2,2,0,0,0,0,0,0,0
bidisperse_a0.005_sr0.667_x0.25_N4000_L24_T400000_seed1_cont1_dense500.npz,0.25,140,2,2,0,0,0,0,0,0,0
bidisperse_a0.005_sr0.667_x0.25_N4000_L24_T400000_seed1_cont1_dense500.npz,0.25,141,2,3,1,0,0,1,0,0,0
bidisperse_a0.005_sr0.667_x0.25_N4000_L24_T400000_seed1_cont1_dense500.npz,0.25,142,3,2,-1,0,0,0,1,0,0
bidisperse_a0.005_sr0.667_x0.25_N4000_L24_T400000_seed1_cont1_dense500.npz,0.25,143,2,3,1,1,0,0,0,0,0
bidisperse_a0.005_sr0.667_x0.25_N4000_L24_T400000_seed1_cont1_dense500.npz,0.25,144,3,3,0,1,1,0,0,0,1
bidisperse_a0.005_sr0.667_x0.25_N4000_L24_T400000_seed1_cont1_dense500.npz,0.25,145,3,2,-1,0,1,0,0,0,0
bidisperse_a0.005_sr0.667_x0.25_N4000_L24_T400000_seed1_cont1_dense500.npz,0.25,146,2,2,0,0,0,0,0,0,0
bidisperse_a0.005_sr0.667_x0.25_N4000_L24_T400000_seed1_cont1_dense500.npz,0.25,147,2,2,0,0,0,0,0,0,0
bidisperse_a0.005_sr0.667_x0.25_N4000_L24_T400000_seed1_cont1_dense500.npz,0.25,148,2,2,0,0,0,0,0,0,0
bidisperse_a0.005_sr0.667_x0.25_N4000_L24_T400000_seed1_cont1_dense500.npz,0.25,149,2,2,0,0,0,0,0,0,0
bidisperse_a0.005_sr0.667_x0.25_N4000_L24_T400000_seed1_cont1_dense500.npz,0.25,150,2,2,0,0,0,0,0,0,0
bidisperse_a0.005_sr0.667_x0.25_N4000_L24_T400000_seed1_cont1_dense500.npz,0.25,151,2,2,0,0,0,0,0,0,0
bidisperse_a0.005_sr0.667_x0.25_N4000_L24_T400000_seed1_cont1_dense500.npz,0.25,152,2,2,0,0,0,0,0,0,0
bidisperse_a0.005_sr0.667_x0.25_N4000_L24_T400000_seed1_cont1_dense500.npz,0.25,153,2,3,1,1,0,0,0,0,0
bidisperse_a0.005_sr0.667_x0.25_N4000_L24_T400000_seed1_cont1_dense500.npz,0.25,154,3,2,-1,0,1,0,0,0,0
bidisperse_a0.005_sr0.667_x0.25_N4000_L24_T400000_seed1_cont1_dense500.npz,0.25,155,2,2,0,0,0,0,0,0,0
bidisperse_a0.005_sr0.667_x0.25_N4000_L24_T400000_seed1_cont1_dense500.npz,0.25,156,2,2,0,0,0,0,0,0,0
bidisperse_a0.005_sr0.667_x0.25_N4000_L24_T400000_seed1_cont1_dense500.npz,0.25,157,2,3,1,1,0,0,0,0,0
bidisperse_a0.005_sr0.667_x0.25_N4000_L24_T400000_seed1_cont1_dense500.npz,0.25,158,3,2,-1,0,1,0,0,0,0
bidisperse_a0.005_sr0.667_x0.25_N4000_L24_T400000_seed1_cont1_dense500.npz,0.25,159,2,2,0,0,0,0,0,0,0
bidisperse_a0.005_sr0.667_x0.25_N4000_L24_T400000_seed1_cont1_dense500.npz,0.25,160,2,2,0,0,0,0,0,0,0
bidisperse_a0.005_sr0.667_x0.25_N4000_L24_T400000_seed1_cont1_dense500.npz,0.25,161,2,2,0,0,0,0,0,0,0
bidisperse_a0.005_sr0.667_x0.25_N4000_L24_T400000_seed1_cont1_dense500.npz,0.25,162,2,2,0,0,0,0,0,0,0
bidisperse_a0.005_sr0.667_x0.25_N4000_L24_T400000_seed1_cont1_dense500.npz,0.25,163,2,2,0,0,0,0,0,0,0
bidisperse_a0.005_sr0.667_x0.25_N4000_L24_T400000_seed1_cont1_dense500.npz,0.25,164,2,2,0,0,0,0,0,0,0
bidisperse_a0.005_sr0.667_x0.25_N4000_L24_T400000_seed1_cont1_dense500.npz,0.25,165,2,2,0,0,0,0,0,0,0
bidisperse_a0.005_sr0.667_x0.25_N4000_L24_T400000_seed1_cont1_dense500.npz,0.25,166,2,2,0,0,0,0,0,0,0
bidisperse_a0.005_sr0.667_x0.25_N4000_L24_T400000_seed1_cont1_dense500.npz,0.25,167,2,2,0,0,0,0,0,0,0
bidisperse_a0.005_sr0.667_x0.25_N4000_L24_T400000_seed1_cont1_dense500.npz,0.25,168,2,2,0,0,0,0,0,0,0
bidisperse_a0.005_sr0.667_x0.25_N4000_L24_T400000_seed1_cont1_dense500.npz,0.25,169,2,2,0,0,0,0,0,0,0
bidisperse_a0.005_sr0.667_x0.25_N4000_L24_T400000_seed1_cont1_dense500.npz,0.25,170,2,2,0,0,0,0,0,0,0
bidisperse_a0.005_sr0.667_x0.25_N4000_L24_T400000_seed1_cont1_dense500.npz,0.25,171,2,2,0,0,0,0,0,0,0
bidisperse_a0.005_sr0.667_x0.25_N4000_L24_T400000_seed1_cont1_dense500.npz,0.25,172,2,3,1,1,0,0,0,0,0
bidisperse_a0.005_sr0.667_x0.25_N4000_L24_T400000_seed1_cont1_dense500.npz,0.25,173,3,2,-1,0,1,0,0,0,0
bidisperse_a0.005_sr0.667_x0.25_N4000_L24_T400000_seed1_cont1_dense500.npz,0.25,174,2,2,0,0,0,0,0,0,0
bidisperse_a0.005_sr0.667_x0.25_N4000_L24_T400000_seed1_cont1_dense500.npz,0.25,175,2,2,0,0,0,0,0,0,0
bidisperse_a0.005_sr0.667_x0.25_N4000_L24_T400000_seed1_cont1_dense500.npz,0.25,176,2,2,0,0,0,0,0,0,0
bidisperse_a0.005_sr0.667_x0.25_N4000_L24_T400000_seed1_cont1_dense500.npz,0.25,177,2,2,0,0,0,0,0,0,0
bidisperse_a0.005_sr0.667_x0.25_N4000_L24_T400000_seed1_cont1_dense500.npz,0.25,178,2,2,0,0,0,0,0,0,0
bidisperse_a0.005_sr0.667_x0.25_N4000_L24_T400000_seed1_cont1_dense500.npz,0.25,179,2,2,0,0,0,0,0,0,0
bidisperse_a0.005_sr0.667_x0.25_N4000_L24_T400000_seed1_cont1_dense500.npz,0.25,180,2,2,0,0,0,0,0,0,0
bidisperse_a0.005_sr0.667_x0.25_N4000_L24_T400000_seed1_cont1_dense500.npz,0.25,181,2,2,0,0,0,0,0,0,0
bidisperse_a0.005_sr0.667_x0.25_N4000_L24_T400000_seed1_cont1_dense500.npz,0.25,182,2,2,0,0,0,0,0,0,0
bidisperse_a0.005_sr0.667_x0.25_N4000_L24_T400000_seed1_cont1_dense500.npz,0.25,183,2,2,0,0,0,0,0,0,0
bidisperse_a0.005_sr0.667_x0.25_N4000_L24_T400000_seed1_cont1_dense500.npz,0.25,184,2,2,0,0,0,0,0,0,0
bidisperse_a0.005_sr0.667_x0.25_N4000_L24_T400000_seed1_cont1_dense500.npz,0.25,185,2,2,0,0,0,0,0,0,0
bidisperse_a0.005_sr0.667_x0.25_N4000_L24_T400000_seed1_cont1_dense500.npz,0.25,186,2,2,0,0,0,0,0,0,0
bidisperse_a0.005_sr0.667_x0.25_N4000_L24_T400000_seed1_cont1_dense500.npz,0.25,187,2,2,0,0,0,0,0,0,0
bidisperse_a0.005_sr0.667_x0.25_N4000_L24_T400000_seed1_cont1_dense500.npz,0.25,188,2,2,0,0,0,0,0,0,0
bidisperse_a0.005_sr0.667_x0.25_N4000_L24_T400000_seed1_cont1_dense500.npz,0.25,189,2,2,0,0,0,0,0,0,0
bidisperse_a0.005_sr0.667_x0.25_N4000_L24_T400000_seed1_cont1_dense500.npz,0.25,190,2,2,0,0,0,0,0,0,0
bidisperse_a0.005_sr0.667_x0.25_N4000_L24_T400000_seed1_cont1_dense500.npz,0.25,191,2,2,0,0,0,0,0,0,0
bidisperse_a0.005_sr0.667_x0.25_N4000_L24_T400000_seed1_cont1_dense500.npz,0.25,192,2,2,0,0,0,0,0,0,0
bidisperse_a0.005_sr0.667_x0.25_N4000_L24_T400000_seed1_cont1_dense500.npz,0.25,193,2,2,0,0,0,0,0,0,0
bidisperse_a0.005_sr0.667_x0.25_N4000_L24_T400000_seed1_cont1_dense500.npz,0.25,194,2,2,0,0,0,0,0,0,0
bidisperse_a0.005_sr0.667_x0.25_N4000_L24_T400000_seed1_cont1_dense500.npz,0.25,195,2,3,1,1,0,0,0,0,0
bidisperse_a0.005_sr0.667_x0.25_N4000_L24_T400000_seed1_cont1_dense500.npz,0.25,196,3,2,-1,0,1,0,0,0,0
bidisperse_a0.005_sr0.667_x0.25_N4000_L24_T400000_seed1_cont1_dense500.npz,0.25,197,2,2,0,0,0,0,0,0,0
bidisperse_a0.005_sr0.667_x0.25_N4000_L24_T400000_seed1_cont1_dense500.npz,0.25,198,2,2,0,0,0,0,0,0,0
bidisperse_a0.005_sr0.667_x0.25_N4000_L24_T400000_seed1_cont1_dense500.npz,0.25,199,2,2,0,0,0,0,0,0,0
bidisperse_a0.005_sr0.667_x0.25_N4000_L24_T400000_seed1_cont1_dense500.npz,0.25,200,2,2,0,0,0,0,0,0,0
bidisperse_a0.005_sr0.667_x0.25_N4000_L24_T400000_seed1_cont1_dense500.npz,0.25,201,2,2,0,0,0,0,0,0,0
bidisperse_a0.005_sr0.667_x0.25_N4000_L24_T400000_seed1_cont1_dense500.npz,0.25,202,2,2,0,0,0,0,0,0,0
bidisperse_a0.005_sr0.667_x0.25_N4000_L24_T400000_seed1_cont1_dense500.npz,0.25,203,2,2,0,0,0,0,0,0,0
bidisperse_a0.005_sr0.667_x0.25_N4000_L24_T400000_seed1_cont1_dense500.npz,0.25,204,2,2,0,0,0,0,0,0,0
bidisperse_a0.005_sr0.667_x0.25_N4000_L24_T400000_seed1_cont1_dense500.npz,0.25,205,2,2,0,0,0,0,0,0,0
bidisperse_a0.005_sr0.667_x0.25_N4000_L24_T400000_seed1_cont1_dense500.npz,0.25,206,2,2,0,0,0,0,0,0,0
bidisperse_a0.005_sr0.667_x0.25_N4000_L24_T400000_seed1_cont1_dense500.npz,0.25,207,2,2,0,0,0,0,0,0,0
bidisperse_a0.005_sr0.667_x0.25_N4000_L24_T400000_seed1_cont1_dense500.npz,0.25,208,2,2,0,0,0,0,0,0,0
bidisperse_a0.005_sr0.667_x0.25_N4000_L24_T400000_seed1_cont1_dense500.npz,0.25,209,2,2,0,0,0,0,0,0,0
bidisperse_a0.005_sr0.667_x0.25_N4000_L24_T400000_seed1_cont1_dense500.npz,0.25,210,2,2,0,0,0,0,0,0,0
bidisperse_a0.005_sr0.667_x0.25_N4000_L24_T400000_seed1_cont1_dense500.npz,0.25,211,2,2,0,0,0,0,0,0,0
bidisperse_a0.005_sr0.667_x0.25_N4000_L24_T400000_seed1_cont1_dense500.npz,0.25,212,2,2,0,0,0,0,0,0,0
bidisperse_a0.005_sr0.667_x0.25_N4000_L24_T400000_seed1_cont1_dense500.npz,0.25,213,2,2,0,0,0,0,0,0,0
bidisperse_a0.005_sr0.667_x0.25_N4000_L24_T400000_seed1_cont1_dense500.npz,0.25,214,2,2,0,0,0,0,0,0,0
bidisperse_a0.005_sr0.667_x0.25_N4000_L24_T400000_seed1_cont1_dense500.npz,0.25,215,2,2,0,0,0,0,0,0,0
bidisperse_a0.005_sr0.667_x0.25_N4000_L24_T400000_seed1_cont1_dense500.npz,0.25,216,2,2,0,0,0,0,0,0,0
bidisperse_a0.005_sr0.667_x0.25_N4000_L24_T400000_seed1_cont1_dense500.npz,0.25,217,2,2,0,0,0,0,0,0,0
bidisperse_a0.005_sr0.667_x0.25_N4000_L24_T400000_seed1_cont1_dense500.npz,0.25,218,2,3,1,0,0,0,0,1,0
bidisperse_a0.005_sr0.667_x0.25_N4000_L24_T400000_seed1_cont1_dense500.npz,0.25,219,3,2,-1,0,0,0,1,0,0
bidisperse_a0.005_sr0.667_x0.25_N4000_L24_T400000_seed1_cont1_dense500.npz,0.25,220,2,2,0,0,0,0,0,0,0
bidisperse_a0.005_sr0.667_x0.25_N4000_L24_T400000_seed1_cont1_dense500.npz,0.25,221,2,2,0,0,0,0,0,0,0
bidisperse_a0.005_sr0.667_x0.25_N4000_L24_T400000_seed1_cont1_dense500.npz,0.25,222,2,2,0,0,0,0,0,0,0
bidisperse_a0.005_sr0.667_x0.25_N4000_L24_T400000_seed1_cont1_dense500.npz,0.25,223,2,2,0,0,0,0,0,0,0
bidisperse_a0.005_sr0.667_x0.25_N4000_L24_T400000_seed1_cont1_dense500.npz,0.25,224,2,2,0,0,0,0,0,0,0
bidisperse_a0.005_sr0.667_x0.25_N4000_L24_T400000_seed1_cont1_dense500.npz,0.25,225,2,2,0,0,0,0,0,0,0
bidisperse_a0.005_sr0.667_x0.25_N4000_L24_T400000_seed1_cont1_dense500.npz,0.25,226,2,2,0,0,0,0,0,0,0
bidisperse_a0.005_sr0.667_x0.25_N4000_L24_T400000_seed1_cont1_dense500.npz,0.25,227,2,2,0,0,0,0,0,0,0
bidisperse_a0.005_sr0.667_x0.25_N4000_L24_T400000_seed1_cont1_dense500.npz,0.25,228,2,2,0,0,0,0,0,0,0
bidisperse_a0.005_sr0.667_x0.25_N4000_L24_T400000_seed1_cont1_dense500.npz,0.25,229,2,2,0,0,0,0,0,0,0
bidisperse_a0.005_sr0.667_x0.25_N4000_L24_T400000_seed1_cont1_dense500.npz,0.25,230,2,2,0,0,0,0,0,0,0
bidisperse_a0.005_sr0.667_x0.25_N4000_L24_T400000_seed1_cont1_dense500.npz,0.25,231,2,3,1,1,0,0,0,0,0
bidisperse_a0.005_sr0.667_x0.25_N4000_L24_T400000_seed1_cont1_dense500.npz,0.25,232,3,2,-1,0,1,0,0,0,0
bidisperse_a0.005_sr0.667_x0.25_N4000_L24_T400000_seed1_cont1_dense500.npz,0.25,233,2,2,0,0,0,0,0,0,0
bidisperse_a0.005_sr0.667_x0.25_N4000_L24_T400000_seed1_cont1_dense500.npz,0.25,234,2,2,0,0,0,0,0,0,0
bidisperse_a0.005_sr0.667_x0.25_N4000_L24_T400000_seed1_cont1_dense500.npz,0.25,235,2,2,0,0,0,0,0,0,0
bidisperse_a0.005_sr0.667_x0.25_N4000_L24_T400000_seed1_cont1_dense500.npz,0.25,236,2,2,0,0,0,0,0,0,0
bidisperse_a0.005_sr0.667_x0.25_N4000_L24_T400000_seed1_cont1_dense500.npz,0.25,237,2,2,0,0,0,0,0,0,0
bidisperse_a0.005_sr0.667_x0.25_N4000_L24_T400000_seed1_cont1_dense500.npz,0.25,238,2,2,0,0,0,0,0,0,0
bidisperse_a0.005_sr0.667_x0.25_N4000_L24_T400000_seed1_cont1_dense500.npz,0.25,239,2,2,0,0,0,0,0,0,0
bidisperse_a0.005_sr0.667_x0.25_N4000_L24_T400000_seed1_cont1_dense500.npz,0.25,240,2,2,0,0,0,0,0,0,0
bidisperse_a0.005_sr0.667_x0.25_N4000_L24_T400000_seed1_cont1_dense500.npz,0.25,241,2,2,0,0,0,0,0,0,0
bidisperse_a0.005_sr0.667_x0.25_N4000_L24_T400000_seed1_cont1_dense500.npz,0.25,242,2,2,0,0,0,0,0,0,0
bidisperse_a0.005_sr0.667_x0.25_N4000_L24_T400000_seed1_cont1_dense500.npz,0.25,243,2,2,0,0,0,0,0,0,0
bidisperse_a0.005_sr0.667_x0.25_N4000_L24_T400000_seed1_cont1_dense500.npz,0.25,244,2,2,0,0,0,0,0,0,0
bidisperse_a0.005_sr0.667_x0.25_N4000_L24_T400000_seed1_cont1_dense500.npz,0.25,245,2,2,0,0,0,0,0,0,0
bidisperse_a0.005_sr0.667_x0.25_N4000_L24_T400000_seed1_cont1_dense500.npz,0.25,246,2,2,0,0,0,0,0,0,0
bidisperse_a0.005_sr0.667_x0.25_N4000_L24_T400000_seed1_cont1_dense500.npz,0.25,247,2,2,0,0,0,0,0,0,0
bidisperse_a0.005_sr0.667_x0.25_N4000_L24_T400000_seed1_cont1_dense500.npz,0.25,248,2,2,0,0,0,0,0,0,0
bidisperse_a0.005_sr0.667_x0.25_N4000_L24_T400000_seed1_cont1_dense500.npz,0.25,249,2,2,0,0,0,0,0,0,0
bidisperse_a0.005_sr0.667_x0.25_N4000_L24_T400000_seed1_cont1_dense500.npz,0.25,250,2,2,0,0,0,0,0,0,0
bidisperse_a0.005_sr0.667_x0.25_N4000_L24_T400000_seed1_cont1_dense500.npz,0.25,251,2,2,0,0,0,0,0,0,0
bidisperse_a0.005_sr0.667_x0.25_N4000_L24_T400000_seed1_cont1_dense500.npz,0.25,252,2,2,0,0,0,0,0,0,0
bidisperse_a0.005_sr0.667_x0.25_N4000_L24_T400000_seed1_cont1_dense500.npz,0.25,253,2,2,0,0,0,0,0,0,0
bidisperse_a0.005_sr0.667_x0.25_N4000_L24_T400000_seed1_cont1_dense500.npz,0.25,254,2,2,0,0,0,0,0,0,0
bidisperse_a0.005_sr0.667_x0.25_N4000_L24_T400000_seed1_cont1_dense500.npz,0.25,255,2,2,0,0,0,0,0,0,0
bidisperse_a0.005_sr0.667_x0.25_N4000_L24_T400000_seed1_cont1_dense500.npz,0.25,256,2,2,0,0,0,0,0,0,0
bidisperse_a0.005_sr0.667_x0.25_N4000_L24_T400000_seed1_cont1_dense500.npz,0.25,257,2,2,0,0,0,0,0,0,0
bidisperse_a0.005_sr0.667_x0.25_N4000_L24_T400000_seed1_cont1_dense500.npz,0.25,258,2,2,0,0,0,0,0,0,0
bidisperse_a0.005_sr0.667_x0.25_N4000_L24_T400000_seed1_cont1_dense500.npz,0.25,259,2,2,0,0,0,0,0,0,0
bidisperse_a0.005_sr0.667_x0.25_N4000_L24_T400000_seed1_cont1_dense500.npz,0.25,260,2,2,0,0,0,0,0,0,0
bidisperse_a0.005_sr0.667_x0.25_N4000_L24_T400000_seed1_cont1_dense500.npz,0.25,261,2,2,0,0,0,0,0,0,0
bidisperse_a0.005_sr0.667_x0.25_N4000_L24_T400000_seed1_cont1_dense500.npz,0.25,262,2,2,0,0,0,0,0,0,0
bidisperse_a0.005_sr0.667_x0.25_N4000_L24_T400000_seed1_cont1_dense500.npz,0.25,263,2,3,1,1,0,0,0,0,0
bidisperse_a0.005_sr0.667_x0.25_N4000_L24_T400000_seed1_cont1_dense500.npz,0.25,264,3,2,-1,0,1,0,0,0,0
bidisperse_a0.005_sr0.667_x0.25_N4000_L24_T400000_seed1_cont1_dense500.npz,0.25,265,2,2,0,0,0,0,0,0,0
bidisperse_a0.005_sr0.667_x0.25_N4000_L24_T400000_seed1_cont1_dense500.npz,0.25,266,2,3,1,1,0,0,0,0,0
bidisperse_a0.005_sr0.667_x0.25_N4000_L24_T400000_seed1_cont1_dense500.npz,0.25,267,3,2,-1,0,1,0,0,0,0
bidisperse_a0.005_sr0.667_x0.25_N4000_L24_T400000_seed1_cont1_dense500.npz,0.25,268,2,2,0,0,0,0,0,0,0
bidisperse_a0.005_sr0.667_x0.25_N4000_L24_T400000_seed1_cont1_dense500.npz,0.25,269,2,2,0,0,0,0,0,0,0
bidisperse_a0.005_sr0.667_x0.25_N4000_L24_T400000_seed1_cont1_dense500.npz,0.25,270,2,2,0,0,0,0,0,0,0
bidisperse_a0.005_sr0.667_x0.25_N4000_L24_T400000_seed1_cont1_dense500.npz,0.25,271,2,2,0,0,0,0,0,0,0
bidisperse_a0.005_sr0.667_x0.25_N4000_L24_T400000_seed1_cont1_dense500.npz,0.25,272,2,3,1,0,0,1,0,0,0
bidisperse_a0.005_sr0.667_x0.25_N4000_L24_T400000_seed1_cont1_dense500.npz,0.25,273,3,2,-1,0,0,0,1,0,0
bidisperse_a0.005_sr0.667_x0.25_N4000_L24_T400000_seed1_cont1_dense500.npz,0.25,274,2,2,0,0,0,0,0,0,0
bidisperse_a0.005_sr0.667_x0.25_N4000_L24_T400000_seed1_cont1_dense500.npz,0.25,275,2,2,0,0,0,0,0,0,0
bidisperse_a0.005_sr0.667_x0.25_N4000_L24_T400000_seed1_cont1_dense500.npz,0.25,276,2,2,0,0,0,0,0,0,0
bidisperse_a0.005_sr0.667_x0.25_N4000_L24_T400000_seed1_cont1_dense500.npz,0.25,277,2,2,0,0,0,0,0,0,0
bidisperse_a0.005_sr0.667_x0.25_N4000_L24_T400000_seed1_cont1_dense500.npz,0.25,278,2,2,0,0,0,0,0,0,0
bidisperse_a0.005_sr0.667_x0.25_N4000_L24_T400000_seed1_cont1_dense500.npz,0.25,279,2,2,0,0,0,0,0,0,0
bidisperse_a0.005_sr0.667_x0.25_N4000_L24_T400000_seed1_cont1_dense500.npz,0.25,280,2,2,0,0,0,0,0,0,0
bidisperse_a0.005_sr0.667_x0.25_N4000_L24_T400000_seed1_cont1_dense500.npz,0.25,281,2,2,0,0,0,0,0,0,0
bidisperse_a0.005_sr0.667_x0.25_N4000_L24_T400000_seed1_cont1_dense500.npz,0.25,282,2,2,0,0,0,0,0,0,0
bidisperse_a0.005_sr0.667_x0.25_N4000_L24_T400000_seed1_cont1_dense500.npz,0.25,283,2,2,0,0,0,0,0,0,0
bidisperse_a0.005_sr0.667_x0.25_N4000_L24_T400000_seed1_cont1_dense500.npz,0.25,284,2,2,0,0,0,0,0,0,0
bidisperse_a0.005_sr0.667_x0.25_N4000_L24_T400000_seed1_cont1_dense500.npz,0.25,285,2,2,0,0,0,0,0,0,0
bidisperse_a0.005_sr0.667_x0.25_N4000_L24_T400000_seed1_cont1_dense500.npz,0.25,286,2,2,0,0,0,0,0,0,0
bidisperse_a0.005_sr0.667_x0.25_N4000_L24_T400000_seed1_cont1_dense500.npz,0.25,287,2,2,0,0,0,0,0,0,0
bidisperse_a0.005_sr0.667_x0.25_N4000_L24_T400000_seed1_cont1_dense500.npz,0.25,288,2,2,0,0,0,0,0,0,0
bidisperse_a0.005_sr0.667_x0.25_N4000_L24_T400000_seed1_cont1_dense500.npz,0.25,289,2,2,0,0,0,0,0,0,0
bidisperse_a0.005_sr0.667_x0.25_N4000_L24_T400000_seed1_cont1_dense500.npz,0.25,290,2,2,0,0,0,0,0,0,0
bidisperse_a0.005_sr0.667_x0.25_N4000_L24_T400000_seed1_cont1_dense500.npz,0.25,291,2,2,0,0,0,0,0,0,0
bidisperse_a0.005_sr0.667_x0.25_N4000_L24_T400000_seed1_cont1_dense500.npz,0.25,292,2,2,0,0,0,0,0,0,0
bidisperse_a0.005_sr0.667_x0.25_N4000_L24_T400000_seed1_cont1_dense500.npz,0.25,293,2,2,0,0,0,0,0,0,0
bidisperse_a0.005_sr0.667_x0.25_N4000_L24_T400000_seed1_cont1_dense500.npz,0.25,294,2,2,0,0,0,0,0,0,0
bidisperse_a0.005_sr0.667_x0.25_N4000_L24_T400000_seed1_cont1_dense500.npz,0.25,295,2,2,0,0,0,0,0,0,0
bidisperse_a0.005_sr0.667_x0.25_N4000_L24_T400000_seed1_cont1_dense500.npz,0.25,296,2,2,0,0,0,0,0,0,0
bidisperse_a0.005_sr0.667_x0.25_N4000_L24_T400000_seed1_cont1_dense500.npz,0.25,297,2,2,0,0,0,0,0,0,0
bidisperse_a0.005_sr0.667_x0.25_N4000_L24_T400000_seed1_cont1_dense500.npz,0.25,298,2,2,0,0,0,0,0,0,0
bidisperse_a0.005_sr0.667_x0.25_N4000_L24_T400000_seed1_cont1_dense500.npz,0.25,299,2,2,0,0,0,0,0,0,0
bidisperse_a0.005_sr0.667_x0.25_N4000_L24_T400000_seed1_cont1_dense500.npz,0.25,300,2,2,0,0,0,0,0,0,0
bidisperse_a0.005_sr0.667_x0.25_N4000_L24_T400000_seed1_cont1_dense500.npz,0.25,301,2,2,0,0,0,0,0,0,0
bidisperse_a0.005_sr0.667_x0.25_N4000_L24_T400000_seed1_cont1_dense500.npz,0.25,302,2,2,0,0,0,0,0,0,0
bidisperse_a0.005_sr0.667_x0.25_N4000_L24_T400000_seed1_cont1_dense500.npz,0.25,303,2,2,0,0,0,0,0,0,0
bidisperse_a0.005_sr0.667_x0.25_N4000_L24_T400000_seed1_cont1_dense500.npz,0.25,304,2,2,0,0,0,0,0,0,0
bidisperse_a0.005_sr0.667_x0.25_N4000_L24_T400000_seed1_cont1_dense500.npz,0.25,305,2,3,1,1,0,0,0,0,0
bidisperse_a0.005_sr0.667_x0.25_N4000_L24_T400000_seed1_cont1_dense500.npz,0.25,306,3,2,-1,0,1,0,0,0,0
bidisperse_a0.005_sr0.667_x0.25_N4000_L24_T400000_seed1_cont1_dense500.npz,0.25,307,2,2,0,0,0,0,0,0,0
bidisperse_a0.005_sr0.667_x0.25_N4000_L24_T400000_seed1_cont1_dense500.npz,0.25,308,2,2,0,0,0,0,0,0,0
bidisperse_a0.005_sr0.667_x0.25_N4000_L24_T400000_seed1_cont1_dense500.npz,0.25,309,2,2,0,0,0,0,0,0,0
bidisperse_a0.005_sr0.667_x0.25_N4000_L24_T400000_seed1_cont1_dense500.npz,0.25,310,2,2,0,0,0,0,0,0,0
bidisperse_a0.005_sr0.667_x0.25_N4000_L24_T400000_seed1_cont1_dense500.npz,0.25,311,2,2,0,0,0,0,0,0,0
bidisperse_a0.005_sr0.667_x0.25_N4000_L24_T400000_seed1_cont1_dense500.npz,0.25,312,2,2,0,0,0,0,0,0,0
bidisperse_a0.005_sr0.667_x0.25_N4000_L24_T400000_seed1_cont1_dense500.npz,0.25,313,2,2,0,0,0,0,0,0,0
bidisperse_a0.005_sr0.667_x0.25_N4000_L24_T400000_seed1_cont1_dense500.npz,0.25,314,2,2,0,0,0,0,0,0,0
bidisperse_a0.005_sr0.667_x0.25_N4000_L24_T400000_seed1_cont1_dense500.npz,0.25,315,2,2,0,0,0,0,0,0,0
bidisperse_a0.005_sr0.667_x0.25_N4000_L24_T400000_seed1_cont1_dense500.npz,0.25,316,2,2,0,0,0,0,0,0,0
bidisperse_a0.005_sr0.667_x0.25_N4000_L24_T400000_seed1_cont1_dense500.npz,0.25,317,2,2,0,0,0,0,0,0,0
bidisperse_a0.005_sr0.667_x0.25_N4000_L24_T400000_seed1_cont1_dense500.npz,0.25,318,2,2,0,0,0,0,0,0,0
bidisperse_a0.005_sr0.667_x0.25_N4000_L24_T400000_seed1_cont1_dense500.npz,0.25,319,2,2,0,0,0,0,0,0,0
bidisperse_a0.005_sr0.667_x0.25_N4000_L24_T400000_seed1_cont1_dense500.npz,0.25,320,2,2,0,0,0,0,0,0,0
bidisperse_a0.005_sr0.667_x0.25_N4000_L24_T400000_seed1_cont1_dense500.npz,0.25,321,2,2,0,0,0,0,0,0,0
bidisperse_a0.005_sr0.667_x0.25_N4000_L24_T400000_seed1_cont1_dense500.npz,0.25,322,2,2,0,0,0,0,0,0,0
bidisperse_a0.005_sr0.667_x0.25_N4000_L24_T400000_seed1_cont1_dense500.npz,0.25,323,2,2,0,0,0,0,0,0,0
bidisperse_a0.005_sr0.667_x0.25_N4000_L24_T400000_seed1_cont1_dense500.npz,0.25,324,2,2,0,0,0,0,0,0,0
bidisperse_a0.005_sr0.667_x0.25_N4000_L24_T400000_seed1_cont1_dense500.npz,0.25,325,2,2,0,0,0,0,0,0,0
bidisperse_a0.005_sr0.667_x0.25_N4000_L24_T400000_seed1_cont1_dense500.npz,0.25,326,2,2,0,0,0,0,0,0,0
bidisperse_a0.005_sr0.667_x0.25_N4000_L24_T400000_seed1_cont1_dense500.npz,0.25,327,2,2,0,0,0,0,0,0,0
bidisperse_a0.005_sr0.667_x0.25_N4000_L24_T400000_seed1_cont1_dense500.npz,0.25,328,2,2,0,0,0,0,0,0,0
bidisperse_a0.005_sr0.667_x0.25_N4000_L24_T400000_seed1_cont1_dense500.npz,0.25,329,2,2,0,0,0,0,0,0,0
bidisperse_a0.005_sr0.667_x0.25_N4000_L24_T400000_seed1_cont1_dense500.npz,0.25,330,2,2,0,0,0,0,0,0,0
bidisperse_a0.005_sr0.667_x0.25_N4000_L24_T400000_seed1_cont1_dense500.npz,0.25,331,2,2,0,0,0,0,0,0,0
bidisperse_a0.005_sr0.667_x0.25_N4000_L24_T400000_seed1_cont1_dense500.npz,0.25,332,2,2,0,0,0,0,0,0,0
bidisperse_a0.005_sr0.667_x0.25_N4000_L24_T400000_seed1_cont1_dense500.npz,0.25,333,2,2,0,0,0,0,0,0,0
bidisperse_a0.005_sr0.667_x0.25_N4000_L24_T400000_seed1_cont1_dense500.npz,0.25,334,2,2,0,0,0,0,0,0,0
bidisperse_a0.005_sr0.667_x0.25_N4000_L24_T400000_seed1_cont1_dense500.npz,0.25,335,2,2,0,0,0,0,0,0,0
bidisperse_a0.005_sr0.667_x0.25_N4000_L24_T400000_seed1_cont1_dense500.npz,0.25,336,2,2,0,0,0,0,0,0,0
bidisperse_a0.005_sr0.667_x0.25_N4000_L24_T400000_seed1_cont1_dense500.npz,0.25,337,2,2,0,0,0,0,0,0,0
bidisperse_a0.005_sr0.667_x0.25_N4000_L24_T400000_seed1_cont1_dense500.npz,0.25,338,2,2,0,0,0,0,0,0,0
bidisperse_a0.005_sr0.667_x0.25_N4000_L24_T400000_seed1_cont1_dense500.npz,0.25,339,2,2,0,0,0,0,0,0,0
bidisperse_a0.005_sr0.667_x0.25_N4000_L24_T400000_seed1_cont1_dense500.npz,0.25,340,2,3,1,1,0,0,0,0,0
bidisperse_a0.005_sr0.667_x0.25_N4000_L24_T400000_seed1_cont1_dense500.npz,0.25,341,3,2,-1,0,1,0,0,0,0
bidisperse_a0.005_sr0.667_x0.25_N4000_L24_T400000_seed1_cont1_dense500.npz,0.25,342,2,2,0,0,0,0,0,0,0
bidisperse_a0.005_sr0.667_x0.25_N4000_L24_T400000_seed1_cont1_dense500.npz,0.25,343,2,2,0,0,0,0,0,0,0
bidisperse_a0.005_sr0.667_x0.25_N4000_L24_T400000_seed1_cont1_dense500.npz,0.25,344,2,2,0,0,0,0,0,0,0
bidisperse_a0.005_sr0.667_x0.25_N4000_L24_T400000_seed1_cont1_dense500.npz,0.25,345,2,2,0,0,0,0,0,0,0
bidisperse_a0.005_sr0.667_x0.25_N4000_L24_T400000_seed1_cont1_dense500.npz,0.25,346,2,2,0,0,0,0,0,0,0
bidisperse_a0.005_sr0.667_x0.25_N4000_L24_T400000_seed1_cont1_dense500.npz,0.25,347,2,2,0,0,0,0,0,0,0
bidisperse_a0.005_sr0.667_x0.25_N4000_L24_T400000_seed1_cont1_dense500.npz,0.25,348,2,3,1,1,0,0,0,0,0
bidisperse_a0.005_sr0.667_x0.25_N4000_L24_T400000_seed1_cont1_dense500.npz,0.25,349,3,2,-1,0,1,0,0,0,0
bidisperse_a0.005_sr0.667_x0.25_N4000_L24_T400000_seed1_cont1_dense500.npz,0.25,350,2,2,0,0,0,0,0,0,0
bidisperse_a0.005_sr0.667_x0.25_N4000_L24_T400000_seed1_cont1_dense500.npz,0.25,351,2,2,0,0,0,0,0,0,0
bidisperse_a0.005_sr0.667_x0.25_N4000_L24_T400000_seed1_cont1_dense500.npz,0.25,352,2,3,1,0,0,1,0,0,0
bidisperse_a0.005_sr0.667_x0.25_N4000_L24_T400000_seed1_cont1_dense500.npz,0.25,353,3,2,-1,0,0,0,1,0,0
bidisperse_a0.005_sr0.667_x0.25_N4000_L24_T400000_seed1_cont1_dense500.npz,0.25,354,2,2,0,0,0,0,0,0,0
bidisperse_a0.005_sr0.667_x0.25_N4000_L24_T400000_seed1_cont1_dense500.npz,0.25,355,2,2,0,0,0,0,0,0,0
bidisperse_a0.005_sr0.667_x0.25_N4000_L24_T400000_seed1_cont1_dense500.npz,0.25,356,2,2,0,0,0,0,0,0,0
bidisperse_a0.005_sr0.667_x0.25_N4000_L24_T400000_seed1_cont1_dense500.npz,0.25,357,2,2,0,0,0,0,0,0,0
bidisperse_a0.005_sr0.667_x0.25_N4000_L24_T400000_seed1_cont1_dense500.npz,0.25,358,2,2,0,0,0,0,0,0,0
bidisperse_a0.005_sr0.667_x0.25_N4000_L24_T400000_seed1_cont1_dense500.npz,0.25,359,2,2,0,0,0,0,0,0,0
bidisperse_a0.005_sr0.667_x0.25_N4000_L24_T400000_seed1_cont1_dense500.npz,0.25,360,2,2,0,0,0,0,0,0,0
bidisperse_a0.005_sr0.667_x0.25_N4000_L24_T400000_seed1_cont1_dense500.npz,0.25,361,2,2,0,0,0,0,0,0,0
bidisperse_a0.005_sr0.667_x0.25_N4000_L24_T400000_seed1_cont1_dense500.npz,0.25,362,2,2,0,0,0,0,0,0,0
bidisperse_a0.005_sr0.667_x0.25_N4000_L24_T400000_seed1_cont1_dense500.npz,0.25,363,2,2,0,0,0,0,0,0,0
bidisperse_a0.005_sr0.667_x0.25_N4000_L24_T400000_seed1_cont1_dense500.npz,0.25,364,2,2,0,0,0,0,0,0,0
bidisperse_a0.005_sr0.667_x0.25_N4000_L24_T400000_seed1_cont1_dense500.npz,0.25,365,2,2,0,0,0,0,0,0,0
bidisperse_a0.005_sr0.667_x0.25_N4000_L24_T400000_seed1_cont1_dense500.npz,0.25,366,2,2,0,0,0,0,0,0,0
bidisperse_a0.005_sr0.667_x0.25_N4000_L24_T400000_seed1_cont1_dense500.npz,0.25,367,2,2,0,0,0,0,0,0,0
bidisperse_a0.005_sr0.667_x0.25_N4000_L24_T400000_seed1_cont1_dense500.npz,0.25,368,2,2,0,0,0,0,0,0,0
bidisperse_a0.005_sr0.667_x0.25_N4000_L24_T400000_seed1_cont1_dense500.npz,0.25,369,2,2,0,0,0,0,0,0,0
bidisperse_a0.005_sr0.667_x0.25_N4000_L24_T400000_seed1_cont1_dense500.npz,0.25,370,2,2,0,0,0,0,0,0,0
bidisperse_a0.005_sr0.667_x0.25_N4000_L24_T400000_seed1_cont1_dense500.npz,0.25,371,2,2,0,0,0,0,0,0,0
bidisperse_a0.005_sr0.667_x0.25_N4000_L24_T400000_seed1_cont1_dense500.npz,0.25,372,2,2,0,0,0,0,0,0,0
bidisperse_a0.005_sr0.667_x0.25_N4000_L24_T400000_seed1_cont1_dense500.npz,0.25,373,2,2,0,0,0,0,0,0,0
bidisperse_a0.005_sr0.667_x0.25_N4000_L24_T400000_seed1_cont1_dense500.npz,0.25,374,2,2,0,0,0,0,0,0,0
bidisperse_a0.005_sr0.667_x0.25_N4000_L24_T400000_seed1_cont1_dense500.npz,0.25,375,2,2,0,0,0,0,0,0,0
bidisperse_a0.005_sr0.667_x0.25_N4000_L24_T400000_seed1_cont1_dense500.npz,0.25,376,2,2,0,0,0,0,0,0,0
bidisperse_a0.005_sr0.667_x0.25_N4000_L24_T400000_seed1_cont1_dense500.npz,0.25,377,2,2,0,0,0,0,0,0,0
bidisperse_a0.005_sr0.667_x0.25_N4000_L24_T400000_seed1_cont1_dense500.npz,0.25,378,2,2,0,0,0,0,0,0,0
bidisperse_a0.005_sr0.667_x0.25_N4000_L24_T400000_seed1_cont1_dense500.npz,0.25,379,2,2,0,0,0,0,0,0,0
bidisperse_a0.005_sr0.667_x0.25_N4000_L24_T400000_seed1_cont1_dense500.npz,0.25,380,2,2,0,0,0,0,0,0,0
bidisperse_a0.005_sr0.667_x0.25_N4000_L24_T400000_seed1_cont1_dense500.npz,0.25,381,2,2,0,0,0,0,0,0,0
bidisperse_a0.005_sr0.667_x0.25_N4000_L24_T400000_seed1_cont1_dense500.npz,0.25,382,2,2,0,0,0,0,0,0,0
bidisperse_a0.005_sr0.667_x0.25_N4000_L24_T400000_seed1_cont1_dense500.npz,0.25,383,2,2,0,0,0,0,0,0,0
bidisperse_a0.005_sr0.667_x0.25_N4000_L24_T400000_seed1_cont1_dense500.npz,0.25,384,2,2,0,0,0,0,0,0,0
bidisperse_a0.005_sr0.667_x0.25_N4000_L24_T400000_seed1_cont1_dense500.npz,0.25,385,2,2,0,0,0,0,0,0,0
bidisperse_a0.005_sr0.667_x0.25_N4000_L24_T400000_seed1_cont1_dense500.npz,0.25,386,2,2,0,0,0,0,0,0,0
bidisperse_a0.005_sr0.667_x0.25_N4000_L24_T400000_seed1_cont1_dense500.npz,0.25,387,2,2,0,0,0,0,0,0,0
bidisperse_a0.005_sr0.667_x0.25_N4000_L24_T400000_seed1_cont1_dense500.npz,0.25,388,2,2,0,0,0,0,0,0,0
bidisperse_a0.005_sr0.667_x0.25_N4000_L24_T400000_seed1_cont1_dense500.npz,0.25,389,2,2,0,0,0,0,0,0,0
bidisperse_a0.005_sr0.667_x0.25_N4000_L24_T400000_seed1_cont1_dense500.npz,0.25,390,2,3,1,1,0,0,0,0,0
bidisperse_a0.005_sr0.667_x0.25_N4000_L24_T400000_seed1_cont1_dense500.npz,0.25,391,3,2,-1,0,1,0,0,0,0
bidisperse_a0.005_sr0.667_x0.25_N4000_L24_T400000_seed1_cont1_dense500.npz,0.25,392,2,2,0,0,0,0,0,0,0
bidisperse_a0.005_sr0.667_x0.25_N4000_L24_T400000_seed1_cont1_dense500.npz,0.25,393,2,2,0,0,0,0,0,0,0
bidisperse_a0.005_sr0.667_x0.25_N4000_L24_T400000_seed1_cont1_dense500.npz,0.25,394,2,2,0,0,0,0,0,0,0
bidisperse_a0.005_sr0.667_x0.25_N4000_L24_T400000_seed1_cont1_dense500.npz,0.25,395,2,2,0,0,0,0,0,0,0
bidisperse_a0.005_sr0.667_x0.25_N4000_L24_T400000_seed1_cont1_dense500.npz,0.25,396,2,2,0,0,0,0,0,0,0
bidisperse_a0.005_sr0.667_x0.25_N4000_L24_T400000_seed1_cont1_dense500.npz,0.25,397,2,2,0,0,0,0,0,0,0
bidisperse_a0.005_sr0.667_x0.25_N4000_L24_T400000_seed1_cont1_dense500.npz,0.25,398,2,2,0,0,0,0,0,0,0
bidisperse_a0.005_sr0.667_x0.25_N4000_L24_T400000_seed1_cont1_dense500.npz,0.25,399,2,2,0,0,0,0,0,0,0
bidisperse_a0.005_sr0.667_x0.25_N4000_L24_T400000_seed1_cont1_dense500.npz,0.25,400,2,2,0,0,0,0,0,0,0
bidisperse_a0.005_sr0.667_x0.25_N4000_L24_T400000_seed1_cont1_dense500.npz,0.25,401,2,2,0,0,0,0,0,0,0
bidisperse_a0.005_sr0.667_x0.25_N4000_L24_T400000_seed1_cont1_dense500.npz,0.25,402,2,2,0,0,0,0,0,0,0
bidisperse_a0.005_sr0.667_x0.25_N4000_L24_T400000_seed1_cont1_dense500.npz,0.25,403,2,3,1,1,0,0,0,0,0
bidisperse_a0.005_sr0.667_x0.25_N4000_L24_T400000_seed1_cont1_dense500.npz,0.25,404,3,2,-1,0,1,0,0,0,0
bidisperse_a0.005_sr0.667_x0.25_N4000_L24_T400000_seed1_cont1_dense500.npz,0.25,405,2,2,0,0,0,0,0,0,0
bidisperse_a0.005_sr0.667_x0.25_N4000_L24_T400000_seed1_cont1_dense500.npz,0.25,406,2,2,0,0,0,0,0,0,0
bidisperse_a0.005_sr0.667_x0.25_N4000_L24_T400000_seed1_cont1_dense500.npz,0.25,407,2,2,0,0,0,0,0,0,0
bidisperse_a0.005_sr0.667_x0.25_N4000_L24_T400000_seed1_cont1_dense500.npz,0.25,408,2,2,0,0,0,0,0,0,0
bidisperse_a0.005_sr0.667_x0.25_N4000_L24_T400000_seed1_cont1_dense500.npz,0.25,409,2,2,0,0,0,0,0,0,0
bidisperse_a0.005_sr0.667_x0.25_N4000_L24_T400000_seed1_cont1_dense500.npz,0.25,410,2,2,0,0,0,0,0,0,0
bidisperse_a0.005_sr0.667_x0.25_N4000_L24_T400000_seed1_cont1_dense500.npz,0.25,411,2,2,0,0,0,0,0,0,0
bidisperse_a0.005_sr0.667_x0.25_N4000_L24_T400000_seed1_cont1_dense500.npz,0.25,412,2,2,0,0,0,0,0,0,0
bidisperse_a0.005_sr0.667_x0.25_N4000_L24_T400000_seed1_cont1_dense500.npz,0.25,413,2,2,0,0,0,0,0,0,0
bidisperse_a0.005_sr0.667_x0.25_N4000_L24_T400000_seed1_cont1_dense500.npz,0.25,414,2,2,0,0,0,0,0,0,0
bidisperse_a0.005_sr0.667_x0.25_N4000_L24_T400000_seed1_cont1_dense500.npz,0.25,415,2,2,0,0,0,0,0,0,0
bidisperse_a0.005_sr0.667_x0.25_N4000_L24_T400000_seed1_cont1_dense500.npz,0.25,416,2,2,0,0,0,0,0,0,0
bidisperse_a0.005_sr0.667_x0.25_N4000_L24_T400000_seed1_cont1_dense500.npz,0.25,417,2,2,0,0,0,0,0,0,0
bidisperse_a0.005_sr0.667_x0.25_N4000_L24_T400000_seed1_cont1_dense500.npz,0.25,418,2,2,0,0,0,0,0,0,0
bidisperse_a0.005_sr0.667_x0.25_N4000_L24_T400000_seed1_cont1_dense500.npz,0.25,419,2,2,0,0,0,0,0,0,0
bidisperse_a0.005_sr0.667_x0.25_N4000_L24_T400000_seed1_cont1_dense500.npz,0.25,420,2,2,0,0,0,0,0,0,0
bidisperse_a0.005_sr0.667_x0.25_N4000_L24_T400000_seed1_cont1_dense500.npz,0.25,421,2,2,0,0,0,0,0,0,0
bidisperse_a0.005_sr0.667_x0.25_N4000_L24_T400000_seed1_cont1_dense500.npz,0.25,422,2,2,0,0,0,0,0,0,0
bidisperse_a0.005_sr0.667_x0.25_N4000_L24_T400000_seed1_cont1_dense500.npz,0.25,423,2,2,0,0,0,0,0,0,0
bidisperse_a0.005_sr0.667_x0.25_N4000_L24_T400000_seed1_cont1_dense500.npz,0.25,424,2,2,0,0,0,0,0,0,0
bidisperse_a0.005_sr0.667_x0.25_N4000_L24_T400000_seed1_cont1_dense500.npz,0.25,425,2,2,0,0,0,0,0,0,0
bidisperse_a0.005_sr0.667_x0.25_N4000_L24_T400000_seed1_cont1_dense500.npz,0.25,426,2,2,0,0,0,0,0,0,0
bidisperse_a0.005_sr0.667_x0.25_N4000_L24_T400000_seed1_cont1_dense500.npz,0.25,427,2,2,0,0,0,0,0,0,0
bidisperse_a0.005_sr0.667_x0.25_N4000_L24_T400000_seed1_cont1_dense500.npz,0.25,428,2,2,0,0,0,0,0,0,0
bidisperse_a0.005_sr0.667_x0.25_N4000_L24_T400000_seed1_cont1_dense500.npz,0.25,429,2,2,0,0,0,0,0,0,0
bidisperse_a0.005_sr0.667_x0.25_N4000_L24_T400000_seed1_cont1_dense500.npz,0.25,430,2,2,0,0,0,0,0,0,0
bidisperse_a0.005_sr0.667_x0.25_N4000_L24_T400000_seed1_cont1_dense500.npz,0.25,431,2,2,0,0,0,0,0,0,0
bidisperse_a0.005_sr0.667_x0.25_N4000_L24_T400000_seed1_cont1_dense500.npz,0.25,432,2,2,0,0,0,0,0,0,0
bidisperse_a0.005_sr0.667_x0.25_N4000_L24_T400000_seed1_cont1_dense500.npz,0.25,433,2,2,0,0,0,0,0,0,0
bidisperse_a0.005_sr0.667_x0.25_N4000_L24_T400000_seed1_cont1_dense500.npz,0.25,434,2,2,0,0,0,0,0,0,0
bidisperse_a0.005_sr0.667_x0.25_N4000_L24_T400000_seed1_cont1_dense500.npz,0.25,435,2,2,0,0,0,0,0,0,0
bidisperse_a0.005_sr0.667_x0.25_N4000_L24_T400000_seed1_cont1_dense500.npz,0.25,436,2,2,0,0,0,0,0,0,0
bidisperse_a0.005_sr0.667_x0.25_N4000_L24_T400000_seed1_cont1_dense500.npz,0.25,437,2,2,0,0,0,0,0,0,0
bidisperse_a0.005_sr0.667_x0.25_N4000_L24_T400000_seed1_cont1_dense500.npz,0.25,438,2,2,0,0,0,0,0,0,0
bidisperse_a0.005_sr0.667_x0.25_N4000_L24_T400000_seed1_cont1_dense500.npz,0.25,439,2,2,0,0,0,0,0,0,0
bidisperse_a0.005_sr0.667_x0.25_N4000_L24_T400000_seed1_cont1_dense500.npz,0.25,440,2,2,0,0,0,0,0,0,0
bidisperse_a0.005_sr0.667_x0.25_N4000_L24_T400000_seed1_cont1_dense500.npz,0.25,441,2,2,0,0,0,0,0,0,0
bidisperse_a0.005_sr0.667_x0.25_N4000_L24_T400000_seed1_cont1_dense500.npz,0.25,442,2,3,1,1,0,0,0,0,0
bidisperse_a0.005_sr0.667_x0.25_N4000_L24_T400000_seed1_cont1_dense500.npz,0.25,443,3,2,-1,0,1,0,0,0,0
bidisperse_a0.005_sr0.667_x0.25_N4000_L24_T400000_seed1_cont1_dense500.npz,0.25,444,2,2,0,0,0,0,0,0,0
bidisperse_a0.005_sr0.667_x0.25_N4000_L24_T400000_seed1_cont1_dense500.npz,0.25,445,2,2,0,0,0,0,0,0,0
bidisperse_a0.005_sr0.667_x0.25_N4000_L24_T400000_seed1_cont1_dense500.npz,0.25,446,2,2,0,0,0,0,0,0,0
bidisperse_a0.005_sr0.667_x0.25_N4000_L24_T400000_seed1_cont1_dense500.npz,0.25,447,2,3,1,0,0,1,0,0,0
bidisperse_a0.005_sr0.667_x0.25_N4000_L24_T400000_seed1_cont1_dense500.npz,0.25,448,3,2,-1,0,0,0,1,0,0
bidisperse_a0.005_sr0.667_x0.25_N4000_L24_T400000_seed1_cont1_dense500.npz,0.25,449,2,2,0,0,0,0,0,0,0
bidisperse_a0.005_sr0.667_x0.25_N4000_L24_T400000_seed1_cont1_dense500.npz,0.25,450,2,2,0,0,0,0,0,0,0
bidisperse_a0.005_sr0.667_x0.25_N4000_L24_T400000_seed1_cont1_dense500.npz,0.25,451,2,3,1,0,0,1,0,0,0
bidisperse_a0.005_sr0.667_x0.25_N4000_L24_T400000_seed1_cont1_dense500.npz,0.25,452,3,2,-1,0,0,0,1,0,0
bidisperse_a0.005_sr0.667_x0.25_N4000_L24_T400000_seed1_cont1_dense500.npz,0.25,453,2,2,0,0,0,0,0,0,0
bidisperse_a0.005_sr0.667_x0.25_N4000_L24_T400000_seed1_cont1_dense500.npz,0.25,454,2,3,1,1,0,0,0,0,0
bidisperse_a0.005_sr0.667_x0.25_N4000_L24_T400000_seed1_cont1_dense500.npz,0.25,455,3,2,-1,0,1,0,0,0,0
bidisperse_a0.005_sr0.667_x0.25_N4000_L24_T400000_seed1_cont1_dense500.npz,0.25,456,2,2,0,0,0,0,0,0,0
bidisperse_a0.005_sr0.667_x0.25_N4000_L24_T400000_seed1_cont1_dense500.npz,0.25,457,2,2,0,0,0,0,0,0,0
bidisperse_a0.005_sr0.667_x0.25_N4000_L24_T400000_seed1_cont1_dense500.npz,0.25,458,2,2,0,0,0,0,0,0,0
bidisperse_a0.005_sr0.667_x0.25_N4000_L24_T400000_seed1_cont1_dense500.npz,0.25,459,2,2,0,0,0,0,0,0,0
bidisperse_a0.005_sr0.667_x0.25_N4000_L24_T400000_seed1_cont1_dense500.npz,0.25,460,2,2,0,0,0,0,0,0,0
bidisperse_a0.005_sr0.667_x0.25_N4000_L24_T400000_seed1_cont1_dense500.npz,0.25,461,2,2,0,0,0,0,0,0,0
bidisperse_a0.005_sr0.667_x0.25_N4000_L24_T400000_seed1_cont1_dense500.npz,0.25,462,2,2,0,0,0,0,0,0,0
bidisperse_a0.005_sr0.667_x0.25_N4000_L24_T400000_seed1_cont1_dense500.npz,0.25,463,2,2,0,0,0,0,0,0,0
bidisperse_a0.005_sr0.667_x0.25_N4000_L24_T400000_seed1_cont1_dense500.npz,0.25,464,2,2,0,0,0,0,0,0,0
bidisperse_a0.005_sr0.667_x0.25_N4000_L24_T400000_seed1_cont1_dense500.npz,0.25,465,2,2,0,0,0,0,0,0,0
bidisperse_a0.005_sr0.667_x0.25_N4000_L24_T400000_seed1_cont1_dense500.npz,0.25,466,2,2,0,0,0,0,0,0,0
bidisperse_a0.005_sr0.667_x0.25_N4000_L24_T400000_seed1_cont1_dense500.npz,0.25,467,2,2,0,0,0,0,0,0,0
bidisperse_a0.005_sr0.667_x0.25_N4000_L24_T400000_seed1_cont1_dense500.npz,0.25,468,2,2,0,0,0,0,0,0,0
bidisperse_a0.005_sr0.667_x0.25_N4000_L24_T400000_seed1_cont1_dense500.npz,0.25,469,2,3,1,1,0,0,0,0,0
bidisperse_a0.005_sr0.667_x0.25_N4000_L24_T400000_seed1_cont1_dense500.npz,0.25,470,3,2,-1,0,1,0,0,0,0
bidisperse_a0.005_sr0.667_x0.25_N4000_L24_T400000_seed1_cont1_dense500.npz,0.25,471,2,2,0,0,0,0,0,0,0
bidisperse_a0.005_sr0.667_x0.25_N4000_L24_T400000_seed1_cont1_dense500.npz,0.25,472,2,2,0,0,0,0,0,0,0
bidisperse_a0.005_sr0.667_x0.25_N4000_L24_T400000_seed1_cont1_dense500.npz,0.25,473,2,2,0,0,0,0,0,0,0
bidisperse_a0.005_sr0.667_x0.25_N4000_L24_T400000_seed1_cont1_dense500.npz,0.25,474,2,2,0,0,0,0,0,0,0
bidisperse_a0.005_sr0.667_x0.25_N4000_L24_T400000_seed1_cont1_dense500.npz,0.25,475,2,2,0,0,0,0,0,0,0
bidisperse_a0.005_sr0.667_x0.25_N4000_L24_T400000_seed1_cont1_dense500.npz,0.25,476,2,2,0,0,0,0,0,0,0
bidisperse_a0.005_sr0.667_x0.25_N4000_L24_T400000_seed1_cont1_dense500.npz,0.25,477,2,2,0,0,0,0,0,0,0
bidisperse_a0.005_sr0.667_x0.25_N4000_L24_T400000_seed1_cont1_dense500.npz,0.25,478,2,2,0,0,0,0,0,0,0
bidisperse_a0.005_sr0.667_x0.25_N4000_L24_T400000_seed1_cont1_dense500.npz,0.25,479,2,2,0,0,0,0,0,0,0
bidisperse_a0.005_sr0.667_x0.25_N4000_L24_T400000_seed1_cont1_dense500.npz,0.25,480,2,3,1,0,0,1,0,0,0
bidisperse_a0.005_sr0.667_x0.25_N4000_L24_T400000_seed1_cont1_dense500.npz,0.25,481,3,2,-1,0,0,0,1,0,0
bidisperse_a0.005_sr0.667_x0.25_N4000_L24_T400000_seed1_cont1_dense500.npz,0.25,482,2,3,1,1,0,0,0,0,0
bidisperse_a0.005_sr0.667_x0.25_N4000_L24_T400000_seed1_cont1_dense500.npz,0.25,483,3,2,-1,0,1,0,0,0,0
bidisperse_a0.005_sr0.667_x0.25_N4000_L24_T400000_seed1_cont1_dense500.npz,0.25,484,2,3,1,0,0,0,0,1,0
bidisperse_a0.005_sr0.667_x0.25_N4000_L24_T400000_seed1_cont1_dense500.npz,0.25,485,3,2,-1,0,1,0,0,0,0
bidisperse_a0.005_sr0.667_x0.25_N4000_L24_T400000_seed1_cont1_dense500.npz,0.25,486,2,2,0,0,0,0,0,0,0
bidisperse_a0.005_sr0.667_x0.25_N4000_L24_T400000_seed1_cont1_dense500.npz,0.25,487,2,2,0,0,0,0,0,0,0
bidisperse_a0.005_sr0.667_x0.25_N4000_L24_T400000_seed1_cont1_dense500.npz,0.25,488,2,2,0,0,0,0,0,0,0
bidisperse_a0.005_sr0.667_x0.25_N4000_L24_T400000_seed1_cont1_dense500.npz,0.25,489,2,2,0,0,0,0,0,0,0
bidisperse_a0.005_sr0.667_x0.25_N4000_L24_T400000_seed1_cont1_dense500.npz,0.25,490,2,2,0,0,0,0,0,0,0
bidisperse_a0.005_sr0.667_x0.25_N4000_L24_T400000_seed1_cont1_dense500.npz,0.25,491,2,2,0,0,0,0,0,0,0
bidisperse_a0.005_sr0.667_x0.25_N4000_L24_T400000_seed1_cont1_dense500.npz,0.25,492,2,2,0,0,0,0,0,0,0
bidisperse_a0.005_sr0.667_x0.25_N4000_L24_T400000_seed1_cont1_dense500.npz,0.25,493,2,2,0,0,0,0,0,0,0
bidisperse_a0.005_sr0.667_x0.25_N4000_L24_T400000_seed1_cont1_dense500.npz,0.25,494,2,3,1,0,0,1,0,0,0
bidisperse_a0.005_sr0.667_x0.25_N4000_L24_T400000_seed1_cont1_dense500.npz,0.25,495,3,2,-1,0,0,0,1,0,0
bidisperse_a0.005_sr0.667_x0.25_N4000_L24_T400000_seed1_cont1_dense500.npz,0.25,496,2,2,0,0,0,0,0,0,0
bidisperse_a0.005_sr0.667_x0.25_N4000_L24_T400000_seed1_cont1_dense500.npz,0.25,497,2,2,0,0,0,0,0,0,0
bidisperse_a0.005_sr0.667_x0.25_N4000_L24_T400000_seed1_cont1_dense500.npz,0.25,498,2,2,0,0,0,0,0,0,0
bidisperse_a0.005_sr0.667_x0.25_N4000_L24_T400000_seed1_cont1_dense500.npz,0.25,499,2,2,0,0,0,0,0,0,0
bidisperse_a0.005_sr0.667_x0.5_N4000_L24_T400000_seed1_cont2_dense500.npz,0.5,0,17,16,-1,0,1,2,0,0,1
bidisperse_a0.005_sr0.667_x0.5_N4000_L24_T400000_seed1_cont2_dense500.npz,0.5,1,16,17,1,2,1,1,0,1,2
bidisperse_a0.005_sr0.667_x0.5_N4000_L24_T400000_seed1_cont2_dense500.npz,0.5,2,17,16,-1,0,2,1,0,2,2
bidisperse_a0.005_sr0.667_x0.5_N4000_L24_T400000_seed1_cont2_dense500.npz,0.5,3,16,19,3,0,0,1,0,4,2
bidisperse_a0.005_sr0.667_x0.5_N4000_L24_T400000_seed1_cont2_dense500.npz,0.5,4,19,17,-2,2,0,0,3,1,2
bidisperse_a0.005_sr0.667_x0.5_N4000_L24_T400000_seed1_cont2_dense500.npz,0.5,5,17,14,-3,0,1,0,1,1,2
bidisperse_a0.005_sr0.667_x0.5_N4000_L24_T400000_seed1_cont2_dense500.npz,0.5,6,14,16,2,1,1,1,0,1,0
bidisperse_a0.005_sr0.667_x0.5_N4000_L24_T400000_seed1_cont2_dense500.npz,0.5,7,16,17,1,1,1,1,1,2,1
bidisperse_a0.005_sr0.667_x0.5_N4000_L24_T400000_seed1_cont2_dense500.npz,0.5,8,17,13,-4,1,1,0,2,1,3
bidisperse_a0.005_sr0.667_x0.5_N4000_L24_T400000_seed1_cont2_dense500.npz,0.5,9,13,15,2,0,0,2,0,1,1
bidisperse_a0.005_sr0.667_x0.5_N4000_L24_T400000_seed1_cont2_dense500.npz,0.5,10,15,16,1,0,1,1,1,2,0
bidisperse_a0.005_sr0.667_x0.5_N4000_L24_T400000_seed1_cont2_dense500.npz,0.5,11,16,19,3,1,0,2,1,2,1
bidisperse_a0.005_sr0.667_x0.5_N4000_L24_T400000_seed1_cont2_dense500.npz,0.5,12,19,15,-4,1,0,1,4,0,2
bidisperse_a0.005_sr0.667_x0.5_N4000_L24_T400000_seed1_cont2_dense500.npz,0.5,13,15,15,0,0,0,2,1,0,0
bidisperse_a0.005_sr0.667_x0.5_N4000_L24_T400000_seed1_cont2_dense500.npz,0.5,14,15,18,3,1,0,1,1,2,0
bidisperse_a0.005_sr0.667_x0.5_N4000_L24_T400000_seed1_cont2_dense500.npz,0.5,15,18,18,0,0,1,2,1,0,0
bidisperse_a0.005_sr0.667_x0.5_N4000_L24_T400000_seed1_cont2_dense500.npz,0.5,16,18,18,0,0,0,0,1,2,1
bidisperse_a0.005_sr0.667_x0.5_N4000_L24_T400000_seed1_cont2_dense500.npz,0.5,17,18,16,-2,1,0,0,0,0,3
bidisperse_a0.005_sr0.667_x0.5_N4000_L24_T400000_seed1_cont2_dense500.npz,0.5,18,16,17,1,0,1,1,0,1,0
bidisperse_a0.005_sr0.667_x0.5_N4000_L24_T400000_seed1_cont2_dense500.npz,0.5,19,17,16,-1,0,0,2,1,1,3
bidisperse_a0.005_sr0.667_x0.5_N4000_L24_T400000_seed1_cont2_dense500.npz,0.5,20,16,17,1,0,0,2,0,1,2
bidisperse_a0.005_sr0.667_x0.5_N4000_L24_T400000_seed1_cont2_dense500.npz,0.5,21,17,18,1,1,0,1,2,1,0
bidisperse_a0.005_sr0.667_x0.5_N4000_L24_T400000_seed1_cont2_dense500.npz,0.5,22,18,17,-1,2,1,0,2,1,1
bidisperse_a0.005_sr0.667_x0.5_N4000_L24_T400000_seed1_cont2_dense500.npz,0.5,23,17,17,0,1,2,2,0,0,1
bidisperse_a0.005_sr0.667_x0.5_N4000_L24_T400000_seed1_cont2_dense500.npz,0.5,24,17,17,0,0,1,3,2,1,1
bidisperse_a0.005_sr0.667_x0.5_N4000_L24_T400000_seed1_cont2_dense500.npz,0.5,25,17,17,0,1,0,0,3,2,0
bidisperse_a0.005_sr0.667_x0.5_N4000_L24_T400000_seed1_cont2_dense500.npz,0.5,26,17,16,-1,0,0,0,0,1,2
bidisperse_a0.005_sr0.667_x0.5_N4000_L24_T400000_seed1_cont2_dense500.npz,0.5,27,16,14,-2,0,1,0,0,0,1
bidisperse_a0.005_sr0.667_x0.5_N4000_L24_T400000_seed1_cont2_dense500.npz,0.5,28,14,19,5,0,0,1,0,5,1
bidisperse_a0.005_sr0.667_x0.5_N4000_L24_T400000_seed1_cont2_dense500.npz,0.5,29,19,18,-1,3,0,0,3,1,2
bidisperse_a0.005_sr0.667_x0.5_N4000_L24_T400000_seed1_cont2_dense500.npz,0.5,30,18,19,1,2,3,2,0,0,0
bidisperse_a0.005_sr0.667_x0.5_N4000_L24_T400000_seed1_cont2_dense500.npz,0.5,31,19,16,-3,0,1,0,1,0,1
bidisperse_a0.005_sr0.667_x0.5_N4000_L24_T400000_seed1_cont2_dense500.npz,0.5,32,16,20,4,1,0,2,0,1,0
bidisperse_a0.005_sr0.667_x0.5_N4000_L24_T400000_seed1_cont2_dense500.npz,0.5,33,20,17,-3,0,1,0,2,0,0
bidisperse_a0.005_sr0.667_x0.5_N4000_L24_T400000_seed1_cont2_dense500.npz,0.5,34,17,18,1,0,0,1,0,0,0
bidisperse_a0.005_sr0.667_x0.5_N4000_L24_T400000_seed1_cont2_dense500.npz,0.5,35,18,16,-2,0,0,0,0,1,3
bidisperse_a0.005_sr0.667_x0.5_N4000_L24_T400000_seed1_cont2_dense500.npz,0.5,36,16,16,0,0,0,0,0,1,1
bidisperse_a0.005_sr0.667_x0.5_N4000_L24_T400000_seed1_cont2_dense500.npz,0.5,37,16,19,3,2,0,0,0,2,1
bidisperse_a0.005_sr0.667_x0.5_N4000_L24_T400000_seed1_cont2_dense500.npz,0.5,38,19,22,3,1,0,3,1,2,1
bidisperse_a0.005_sr0.667_x0.5_N4000_L24_T400000_seed1_cont2_dense500.npz,0.5,39,22,19,-3,1,2,3,3,1,3
bidisperse_a0.005_sr0.667_x0.5_N4000_L24_T400000_seed1_cont2_dense500.npz,0.5,40,19,17,-2,0,1,2,3,1,1
bidisperse_a0.005_sr0.667_x0.5_N4000_L24_T400000_seed1_cont2_dense500.npz,0.5,41,17,18,1,1,0,1,2,2,1
bidisperse_a0.005_sr0.667_x0.5_N4000_L24_T400000_seed1_cont2_dense500.npz,0.5,42,18,19,1,0,1,1,0,2,1
bidisperse_a0.005_sr0.667_x0.5_N4000_L24_T400000_seed1_cont2_dense500.npz,0.5,43,19,17,-2,0,0,0,2,2,2
bidisperse_a0.005_sr0.667_x0.5_N4000_L24_T400000_seed1_cont2_dense500.npz,0.5,44,17,16,-1,0,0,1,0,0,2
bidisperse_a0.005_sr0.667_x0.5_N4000_L24_T400000_seed1_cont2_dense500.npz,0.5,45,16,17,1,0,0,3,1,0,1
bidisperse_a0.005_sr0.667_x0.5_N4000_L24_T400000_seed1_cont2_dense500.npz,0.5,46,17,16,-1,0,0,1,3,1,0
bidisperse_a0.005_sr0.667_x0.5_N4000_L24_T400000_seed1_cont2_dense500.npz,0.5,47,16,19,3,1,0,0,1,3,0
bidisperse_a0.005_sr0.667_x0.5_N4000_L24_T400000_seed1_cont2_dense500.npz,0.5,48,19,17,-2,0,1,2,0,0,3
bidisperse_a0.005_sr0.667_x0.5_N4000_L24_T400000_seed1_cont2_dense500.npz,0.5,49,17,19,2,0,0,2,2,2,0
bidisperse_a0.005_sr0.667_x0.5_N4000_L24_T400000_seed1_cont2_dense500.npz,0.5,50,19,19,0,1,1,1,2,2,1
bidisperse_a0.005_sr0.667_x0.5_N4000_L24_T400000_seed1_cont2_dense500.npz,0.5,51,19,19,0,1,1,1,2,1,0
bidisperse_a0.005_sr0.667_x0.5_N4000_L24_T400000_seed1_cont2_dense500.npz,0.5,52,19,14,-5,0,3,0,0,0,2
bidisperse_a0.005_sr0.667_x0.5_N4000_L24_T400000_seed1_cont2_dense500.npz,0.5,53,14,17,3,1,0,1,0,1,0
bidisperse_a0.005_sr0.667_x0.5_N4000_L24_T400000_seed1_cont2_dense500.npz,0.5,54,17,18,1,2,1,0,0,1,1
bidisperse_a0.005_sr0.667_x0.5_N4000_L24_T400000_seed1_cont2_dense500.npz,0.5,55,18,16,-2,0,2,0,0,1,1
bidisperse_a0.005_sr0.667_x0.5_N4000_L24_T400000_seed1_cont2_dense500.npz,0.5,56,16,17,1,0,0,1,0,0,0
bidisperse_a0.005_sr0.667_x0.5_N4000_L24_T400000_seed1_cont2_dense500.npz,0.5,57,17,16,-1,0,0,0,1,1,1
bidisperse_a0.005_sr0.667_x0.5_N4000_L24_T400000_seed1_cont2_dense500.npz,0.5,58,16,17,1,0,0,2,1,0,0
bidisperse_a0.005_sr0.667_x0.5_N4000_L24_T400000_seed1_cont2_dense500.npz,0.5,59,17,18,1,2,0,1,2,0,0
bidisperse_a0.005_sr0.667_x0.5_N4000_L24_T400000_seed1_cont2_dense500.npz,0.5,60,18,16,-2,0,2,0,0,0,0
bidisperse_a0.005_sr0.667_x0.5_N4000_L24_T400000_seed1_cont2_dense500.npz,0.5,61,16,14,-2,0,0,0,1,0,1
bidisperse_a0.005_sr0.667_x0.5_N4000_L24_T400000_seed1_cont2_dense500.npz,0.5,62,14,15,1,0,0,0,0,1,0
bidisperse_a0.005_sr0.667_x0.5_N4000_L24_T400000_seed1_cont2_dense500.npz,0.5,63,15,14,-1,0,0,0,1,0,0
bidisperse_a0.005_sr0.667_x0.5_N4000_L24_T400000_seed1_cont2_dense500.npz,0.5,64,14,16,2,2,0,0,0,0,0
bidisperse_a0.005_sr0.667_x0.5_N4000_L24_T400000_seed1_cont2_dense500.npz,0.5,65,16,18,2,2,2,2,0,0,0
bidisperse_a0.005_sr0.667_x0.5_N4000_L24_T400000_seed1_cont2_dense500.npz,0.5,66,18,15,-3,1,2,0,2,1,1
bidisperse_a0.005_sr0.667_x0.5_N4000_L24_T400000_seed1_cont2_dense500.npz,0.5,67,15,18,3,2,1,2,1,1,0
bidisperse_a0.005_sr0.667_x0.5_N4000_L24_T400000_seed1_cont2_dense500.npz,0.5,68,18,14,-4,0,2,1,3,0,0
bidisperse_a0.005_sr0.667_x0.5_N4000_L24_T400000_seed1_cont2_dense500.npz,0.5,69,14,18,4,2,0,1,1,2,0
bidisperse_a0.005_sr0.667_x0.5_N4000_L24_T400000_seed1_cont2_dense500.npz,0.5,70,18,16,-2,0,0,0,2,1,1
bidisperse_a0.005_sr0.667_x0.5_N4000_L24_T400000_seed1_cont2_dense500.npz,0.5,71,16,16,0,1,1,0,0,1,1
bidisperse_a0.005_sr0.667_x0.5_N4000_L24_T400000_seed1_cont2_dense500.npz,0.5,72,16,16,0,1,2,0,0,1,0
bidisperse_a0.005_sr0.667_x0.5_N4000_L24_T400000_seed1_cont2_dense500.npz,0.5,73,16,16,0,1,1,1,0,0,1
bidisperse_a0.005_sr0.667_x0.5_N4000_L24_T400000_seed1_cont2_dense500.npz,0.5,74,16,15,-1,0,2,1,1,1,0
bidisperse_a0.005_sr0.667_x0.5_N4000_L24_T400000_seed1_cont2_dense500.npz,0.5,75,15,16,1,2,0,0,0,0,1
bidisperse_a0.005_sr0.667_x0.5_N4000_L24_T400000_seed1_cont2_dense500.npz,0.5,76,16,19,3,2,1,0,0,2,0
bidisperse_a0.005_sr0.667_x0.5_N4000_L24_T400000_seed1_cont2_dense500.npz,0.5,77,19,16,-3,0,3,1,0,0,1
bidisperse_a0.005_sr0.667_x0.5_N4000_L24_T400000_seed1_cont2_dense500.npz,0.5,78,16,18,2,3,0,1,1,1,2
bidisperse_a0.005_sr0.667_x0.5_N4000_L24_T400000_seed1_cont2_dense500.npz,0.5,79,18,17,-1,0,3,2,1,1,0
bidisperse_a0.005_sr0.667_x0.5_N4000_L24_T400000_seed1_cont2_dense500.npz,0.5,80,17,15,-2,1,0,0,3,1,1
bidisperse_a0.005_sr0.667_x0.5_N4000_L24_T400000_seed1_cont2_dense500.npz,0.5,81,15,14,-1,0,2,1,0,1,1
bidisperse_a0.005_sr0.667_x0.5_N4000_L24_T400000_seed1_cont2_dense500.npz,0.5,82,14,14,0,0,0,0,1,1,0
bidisperse_a0.005_sr0.667_x0.5_N4000_L24_T400000_seed1_cont2_dense500.npz,0.5,83,14,16,2,1,0,1,1,1,0
bidisperse_a0.005_sr0.667_x0.5_N4000_L24_T400000_seed1_cont2_dense500.npz,0.5,84,16,14,-2,0,2,1,0,0,1
bidisperse_a0.005_sr0.667_x0.5_N4000_L24_T400000_seed1_cont2_dense500.npz,0.5,85,14,15,1,2,0,0,1,1,1
bidisperse_a0.005_sr0.667_x0.5_N4000_L24_T400000_seed1_cont2_dense500.npz,0.5,86,15,14,-1,1,2,0,0,1,1
bidisperse_a0.005_sr0.667_x0.5_N4000_L24_T400000_seed1_cont2_dense500.npz,0.5,87,14,13,-1,0,1,1,0,0,1
bidisperse_a0.005_sr0.667_x0.5_N4000_L24_T400000_seed1_cont2_dense500.npz,0.5,88,13,17,4,2,0,3,1,0,0
bidisperse_a0.005_sr0.667_x0.5_N4000_L24_T400000_seed1_cont2_dense500.npz,0.5,89,17,16,-1,2,2,1,3,1,0
bidisperse_a0.005_sr0.667_x0.5_N4000_L24_T400000_seed1_cont2_dense500.npz,0.5,90,16,19,3,5,1,1,2,1,1
bidisperse_a0.005_sr0.667_x0.5_N4000_L24_T400000_seed1_cont2_dense500.npz,0.5,91,19,16,-3,1,2,0,1,0,1
bidisperse_a0.005_sr0.667_x0.5_N4000_L24_T400000_seed1_cont2_dense500.npz,0.5,92,16,18,2,1,2,3,0,0,0
bidisperse_a0.005_sr0.667_x0.5_N4000_L24_T400000_seed1_cont2_dense500.npz,0.5,93,18,16,-2,1,1,1,2,0,1
bidisperse_a0.005_sr0.667_x0.5_N4000_L24_T400000_seed1_cont2_dense500.npz,0.5,94,16,14,-2,0,0,0,1,0,1
bidisperse_a0.005_sr0.667_x0.5_N4000_L24_T400000_seed1_cont2_dense500.npz,0.5,95,14,14,0,0,1,0,0,1,0
bidisperse_a0.005_sr0.667_x0.5_N4000_L24_T400000_seed1_cont2_dense500.npz,0.5,96,14,14,0,0,0,0,0,0,0
bidisperse_a0.005_sr0.667_x0.5_N4000_L24_T400000_seed1_cont2_dense500.npz,0.5,97,14,15,1,1,0,0,0,0,0
bidisperse_a0.005_sr0.667_x0.5_N4000_L24_T400000_seed1_cont2_dense500.npz,0.5,98,15,15,0,0,1,2,0,0,1
bidisperse_a0.005_sr0.667_x0.5_N4000_L24_T400000_seed1_cont2_dense500.npz,0.5,99,15,15,0,0,0,1,1,1,1
bidisperse_a0.005_sr0.667_x0.5_N4000_L24_T400000_seed1_cont2_dense500.npz,0.5,100,15,16,1,1,0,0,1,1,0
bidisperse_a0.005_sr0.667_x0.5_N4000_L24_T400000_seed1_cont2_dense500.npz,0.5,101,16,15,-1,2,1,0,1,1,2
bidisperse_a0.005_sr0.667_x0.5_N4000_L24_T400000_seed1_cont2_dense500.npz,0.5,102,15,16,1,1,1,1,0,1,0
bidisperse_a0.005_sr0.667_x0.5_N4000_L24_T400000_seed1_cont2_dense500.npz,0.5,103,16,17,1,2,1,0,0,1,1
bidisperse_a0.005_sr0.667_x0.5_N4000_L24_T400000_seed1_cont2_dense500.npz,0.5,104,17,19,2,4,2,1,2,1,0
bidisperse_a0.005_sr0.667_x0.5_N4000_L24_T400000_seed1_cont2_dense500.npz,0.5,105,19,19,0,1,2,2,1,1,1
bidisperse_a0.005_sr0.667_x0.5_N4000_L24_T400000_seed1_cont2_dense500.npz,0.5,106,19,16,-3,0,1,2,2,1,2
bidisperse_a0.005_sr0.667_x0.5_N4000_L24_T400000_seed1_cont2_dense500.npz,0.5,107,16,18,2,2,1,0,0,1,0
bidisperse_a0.005_sr0.667_x0.5_N4000_L24_T400000_seed1_cont2_dense500.npz,0.5,108,18,17,-1,1,1,2,1,0,1
bidisperse_a0.005_sr0.667_x0.5_N4000_L24_T400000_seed1_cont2_dense500.npz,0.5,109,17,18,1,2,1,1,1,0,0
bidisperse_a0.005_sr0.667_x0.5_N4000_L24_T400000_seed1_cont2_dense500.npz,0.5,110,18,15,-3,0,1,0,1,1,2
bidisperse_a0.005_sr0.667_x0.5_N4000_L24_T400000_seed1_cont2_dense500.npz,0.5,111,15,17,2,0,0,0,0,2,0
bidisperse_a0.005_sr0.667_x0.5_N4000_L24_T400000_seed1_cont2_dense500.npz,0.5,112,17,17,0,0,1,2,0,0,1
bidisperse_a0.005_sr0.667_x0.5_N4000_L24_T400000_seed1_cont2_dense500.npz,0.5,113,17,17,0,1,0,2,2,0,1
bidisperse_a0.005_sr0.667_x0.5_N4000_L24_T400000_seed1_cont2_dense500.npz,0.5,114,17,14,-3,1,2,0,2,1,1
bidisperse_a0.005_sr0.667_x0.5_N4000_L24_T400000_seed1_cont2_dense500.npz,0.5,115,14,20,6,3,0,3,0,0,0
bidisperse_a0.005_sr0.667_x0.5_N4000_L24_T400000_seed1_cont2_dense500.npz,0.5,116,20,16,-4,1,2,1,4,0,0
bidisperse_a0.005_sr0.667_x0.5_N4000_L24_T400000_seed1_cont2_dense500.npz,0.5,117,16,15,-1,0,1,1,1,0,0
bidisperse_a0.005_sr0.667_x0.5_N4000_L24_T400000_seed1_cont2_dense500.npz,0.5,118,15,16,1,2,1,1,0,0,1
bidisperse_a0.005_sr0.667_x0.5_N4000_L24_T400000_seed1_cont2_dense500.npz,0.5,119,16,17,1,0,2,2,0,2,1
bidisperse_a0.005_sr0.667_x0.5_N4000_L24_T400000_seed1_cont2_dense500.npz,0.5,120,17,16,-1,1,0,1,2,2,3
bidisperse_a0.005_sr0.667_x0.5_N4000_L24_T400000_seed1_cont2_dense500.npz,0.5,121,16,16,0,1,0,0,2,1,0
bidisperse_a0.005_sr0.667_x0.5_N4000_L24_T400000_seed1_cont2_dense500.npz,0.5,122,16,17,1,1,0,1,0,1,1
bidisperse_a0.005_sr0.667_x0.5_N4000_L24_T400000_seed1_cont2_dense500.npz,0.5,123,17,20,3,2,2,3,1,2,1
bidisperse_a0.005_sr0.667_x0.5_N4000_L24_T400000_seed1_cont2_dense500.npz,0.5,124,20,20,0,2,2,3,3,0,0
bidisperse_a0.005_sr0.667_x0.5_N4000_L24_T400000_seed1_cont2_dense500.npz,0.5,125,20,18,-2,2,1,2,4,0,1
bidisperse_a0.005_sr0.667_x0.5_N4000_L24_T400000_seed1_cont2_dense500.npz,0.5,126,18,16,-2,1,3,2,1,0,1
bidisperse_a0.005_sr0.667_x0.5_N4000_L24_T400000_seed1_cont2_dense500.npz,0.5,127,16,16,0,1,1,1,1,2,2
bidisperse_a0.005_sr0.667_x0.5_N4000_L24_T400000_seed1_cont2_dense500.npz,0.5,128,16,20,4,5,1,0,1,1,0
bidisperse_a0.005_sr0.667_x0.5_N4000_L24_T400000_seed1_cont2_dense500.npz,0.5,129,20,17,-3,0,3,2,1,0,0
bidisperse_a0.005_sr0.667_x0.5_N4000_L24_T400000_seed1_cont2_dense500.npz,0.5,130,17,15,-2,0,2,0,0,1,1
bidisperse_a0.005_sr0.667_x0.5_N4000_L24_T400000_seed1_cont2_dense500.npz,0.5,131,15,23,8,5,0,3,0,0,0
bidisperse_a0.005_sr0.667_x0.5_N4000_L24_T400000_seed1_cont2_dense500.npz,0.5,132,23,17,-6,1,4,1,2,1,3
bidisperse_a0.005_sr0.667_x0.5_N4000_L24_T400000_seed1_cont2_dense500.npz,0.5,133,17,17,0,0,1,2,1,2,1
bidisperse_a0.005_sr0.667_x0.5_N4000_L24_T400000_seed1_cont2_dense500.npz,0.5,134,17,20,3,3,0,0,1,1,0
bidisperse_a0.005_sr0.667_x0.5_N4000_L24_T400000_seed1_cont2_dense500.npz,0.5,135,20,16,-4,1,2,1,3,1,2
bidisperse_a0.005_sr0.667_x0.5_N4000_L24_T400000_seed1_cont2_dense500.npz,0.5,136,16,18,2,1,0,2,1,1,0
bidisperse_a0.005_sr0.667_x0.5_N4000_L24_T400000_seed1_cont2_dense500.npz,0.5,137,18,19,1,3,0,0,2,0,0
bidisperse_a0.005_sr0.667_x0.5_N4000_L24_T400000_seed1_cont2_dense500.npz,0.5,138,19,17,-2,1,2,0,0,0,1
bidisperse_a0.005_sr0.667_x0.5_N4000_L24_T400000_seed1_cont2_dense500.npz,0.5,139,17,17,0,0,2,2,0,1,1
bidisperse_a0.005_sr0.667_x0.5_N4000_L24_T400000_seed1_cont2_dense500.npz,0.5,140,17,16,-1,1,0,0,2,0,0
bidisperse_a0.005_sr0.667_x0.5_N4000_L24_T400000_seed1_cont2_dense500.npz,0.5,141,16,16,0,0,1,0,0,1,0
bidisperse_a0.005_sr0.667_x0.5_N4000_L24_T400000_seed1_cont2_dense500.npz,0.5,142,16,17,1,0,0,1,0,0,0
bidisperse_a0.005_sr0.667_x0.5_N4000_L24_T400000_seed1_cont2_dense500.npz,0.5,143,17,19,2,0,0,3,0,0,1
bidisperse_a0.005_sr0.667_x0.5_N4000_L24_T400000_seed1_cont2_dense500.npz,0.5,144,19,17,-2,0,0,1,3,0,0
bidisperse_a0.005_sr0.667_x0.5_N4000_L24_T400000_seed1_cont2_dense500.npz,0.5,145,17,20,3,2,0,2,1,0,0
bidisperse_a0.005_sr0.667_x0.5_N4000_L24_T400000_seed1_cont2_dense500.npz,0.5,146,20,19,-1,1,2,1,0,0,1
bidisperse_a0.005_sr0.667_x0.5_N4000_L24_T400000_seed1_cont2_dense500.npz,0.5,147,19,17,-2,0,1,1,2,0,0
bidisperse_a0.005_sr0.667_x0.5_N4000_L24_T400000_seed1_cont2_dense500.npz,0.5,148,17,17,0,0,0,1,1,0,0
bidisperse_a0.005_sr0.667_x0.5_N4000_L24_T400000_seed1_cont2_dense500.npz,0.5,149,17,18,1,0,0,2,0,0,1
bidisperse_a0.005_sr0.667_x0.5_N4000_L24_T400000_seed1_cont2_dense500.npz,0.5,150,18,19,1,2,0,0,2,1,0
bidisperse_a0.005_sr0.667_x0.5_N4000_L24_T400000_seed1_cont2_dense500.npz,0.5,151,19,18,-1,0,1,0,0,1,1
bidisperse_a0.005_sr0.667_x0.5_N4000_L24_T400000_seed1_cont2_dense500.npz,0.5,152,18,16,-2,0,0,1,2,0,1
bidisperse_a0.005_sr0.667_x0.5_N4000_L24_T400000_seed1_cont2_dense500.npz,0.5,153,16,16,0,0,0,0,1,2,1
bidisperse_a0.005_sr0.667_x0.5_N4000_L24_T400000_seed1_cont2_dense500.npz,0.5,154,16,16,0,0,0,0,1,1,0
bidisperse_a0.005_sr0.667_x0.5_N4000_L24_T400000_seed1_cont2_dense500.npz,0.5,155,16,17,1,1,0,0,0,0,0
bidisperse_a0.005_sr0.667_x0.5_N4000_L24_T400000_seed1_cont2_dense500.npz,0.5,156,17,15,-2,0,1,0,0,1,2
bidisperse_a0.005_sr0.667_x0.5_N4000_L24_T400000_seed1_cont2_dense500.npz,0.5,157,15,19,4,1,0,1,0,2,0
bidisperse_a0.005_sr0.667_x0.5_N4000_L24_T400000_seed1_cont2_dense500.npz,0.5,158,19,17,-2,0,1,2,2,0,1
bidisperse_a0.005_sr0.667_x0.5_N4000_L24_T400000_seed1_cont2_dense500.npz,0.5,159,17,14,-3,1,0,0,2,0,2
bidisperse_a0.005_sr0.667_x0.5_N4000_L24_T400000_seed1_cont2_dense500.npz,0.5,160,14,20,6,1,1,4,0,2,0
bidisperse_a0.005_sr0.667_x0.5_N4000_L24_T400000_seed1_cont2_dense500.npz,0.5,161,20,16,-4,0,1,0,4,1,0
bidisperse_a0.005_sr0.667_x0.5_N4000_L24_T400000_seed1_cont2_dense500.npz,0.5,162,16,18,2,0,0,3,0,1,2
bidisperse_a0.005_sr0.667_x0.5_N4000_L24_T400000_seed1_cont2_dense500.npz,0.5,163,18,16,-2,0,1,1,3,3,2
bidisperse_a0.005_sr0.667_x0.5_N4000_L24_T400000_seed1_cont2_dense500.npz,0.5,164,16,18,2,1,0,2,2,1,0
bidisperse_a0.005_sr0.667_x0.5_N4000_L24_T400000_seed1_cont2_dense500.npz,0.5,165,18,18,0,1,0,1,2,1,1
bidisperse_a0.005_sr0.667_x0.5_N4000_L24_T400000_seed1_cont2_dense500.npz,0.5,166,18,18,0,0,1,1,1,2,1
bidisperse_a0.005_sr0.667_x0.5_N4000_L24_T400000_seed1_cont2_dense500.npz,0.5,167,18,15,-3,0,1,0,2,0,0
bidisperse_a0.005_sr0.667_x0.5_N4000_L24_T400000_seed1_cont2_dense500.npz,0.5,168,15,17,2,2,0,1,0,0,1
bidisperse_a0.005_sr0.667_x0.5_N4000_L24_T400000_seed1_cont2_dense500.npz,0.5,169,17,16,-1,1,2,0,1,2,1
bidisperse_a0.005_sr0.667_x0.5_N4000_L24_T400000_seed1_cont2_dense500.npz,0.5,170,16,19,3,0,1,4,0,0,0
bidisperse_a0.005_sr0.667_x0.5_N4000_L24_T400000_seed1_cont2_dense500.npz,0.5,171,19,16,-3,1,0,0,4,0,0
bidisperse_a0.005_sr0.667_x0.5_N4000_L24_T400000_seed1_cont2_dense500.npz,0.5,172,16,14,-2,0,1,0,0,0,1
bidisperse_a0.005_sr0.667_x0.5_N4000_L24_T400000_seed1_cont2_dense500.npz,0.5,173,14,15,1,0,0,0,0,3,2
bidisperse_a0.005_sr0.667_x0.5_N4000_L24_T400000_seed1_cont2_dense500.npz,0.5,174,15,15,0,0,0,0,0,1,1
bidisperse_a0.005_sr0.667_x0.5_N4000_L24_T400000_seed1_cont2_dense500.npz,0.5,175,15,18,3,0,0,3,0,2,2
bidisperse_a0.005_sr0.667_x0.5_N4000_L24_T400000_seed1_cont2_dense500.npz,0.5,176,18,18,0,1,0,1,3,1,0
bidisperse_a0.005_sr0.667_x0.5_N4000_L24_T400000_seed1_cont2_dense500.npz,0.5,177,18,19,1,2,1,2,0,1,3
bidisperse_a0.005_sr0.667_x0.5_N4000_L24_T400000_seed1_cont2_dense500.npz,0.5,178,19,17,-2,0,2,1,3,2,0
bidisperse_a0.005_sr0.667_x0.5_N4000_L24_T400000_seed1_cont2_dense500.npz,0.5,179,17,17,0,1,1,1,0,0,1
bidisperse_a0.005_sr0.667_x0.5_N4000_L24_T400000_seed1_cont2_dense500.npz,0.5,180,17,17,0,1,1,0,1,2,1
bidisperse_a0.005_sr0.667_x0.5_N4000_L24_T400000_seed1_cont2_dense500.npz,0.5,181,17,17,0,0,1,2,0,0,1
bidisperse_a0.005_sr0.667_x0.5_N4000_L24_T400000_seed1_cont2_dense500.npz,0.5,182,17,18,1,0,0,2,2,1,0
bidisperse_a0.005_sr0.667_x0.5_N4000_L24_T400000_seed1_cont2_dense500.npz,0.5,183,18,18,0,1,0,2,2,0,1
bidisperse_a0.005_sr0.667_x0.5_N4000_L24_T400000_seed1_cont2_dense500.npz,0.5,184,18,20,2,2,0,1,1,1,1
bidisperse_a0.005_sr0.667_x0.5_N4000_L24_T400000_seed1_cont2_dense500.npz,0.5,185,20,17,-3,0,2,1,2,0,0
bidisperse_a0.005_sr0.667_x0.5_N4000_L24_T400000_seed1_cont2_dense500.npz,0.5,186,17,17,0,1,0,0,1,0,0
bidisperse_a0.005_sr0.667_x0.5_N4000_L24_T400000_seed1_cont2_dense500.npz,0.5,187,17,16,-1,0,0,0,0,1,2
bidisperse_a0.005_sr0.667_x0.5_N4000_L24_T400000_seed1_cont2_dense500.npz,0.5,188,16,17,1,0,0,2,0,0,1
bidisperse_a0.005_sr0.667_x0.5_N4000_L24_T400000_seed1_cont2_dense500.npz,0.5,189,17,19,2,0,0,3,2,2,1
bidisperse_a0.005_sr0.667_x0.5_N4000_L24_T400000_seed1_cont2_dense500.npz,0.5,190,19,18,-1,0,2,2,2,1,0
bidisperse_a0.005_sr0.667_x0.5_N4000_L24_T400000_seed1_cont2_dense500.npz,0.5,191,18,20,2,3,0,0,1,1,1
bidisperse_a0.005_sr0.667_x0.5_N4000_L24_T400000_seed1_cont2_dense500.npz,0.5,192,20,19,-1,0,2,2,0,0,0
bidisperse_a0.005_sr0.667_x0.5_N4000_L24_T400000_seed1_cont2_dense500.npz,0.5,193,19,19,0,2,0,3,3,0,2
bidisperse_a0.005_sr0.667_x0.5_N4000_L24_T400000_seed1_cont2_dense500.npz,0.5,194,19,20,1,1,1,2,1,1,1
bidisperse_a0.005_sr0.667_x0.5_N4000_L24_T400000_seed1_cont2_dense500.npz,0.5,195,20,20,0,0,1,3,2,2,2
bidisperse_a0.005_sr0.667_x0.5_N4000_L24_T400000_seed1_cont2_dense500.npz,0.5,196,20,17,-3,0,2,0,2,1,0
bidisperse_a0.005_sr0.667_x0.5_N4000_L24_T400000_seed1_cont2_dense500.npz,0.5,197,17,19,2,4,1,1,1,0,1
bidisperse_a0.005_sr0.667_x0.5_N4000_L24_T400000_seed1_cont2_dense500.npz,0.5,198,19,16,-3,0,1,2,3,1,2
bidisperse_a0.005_sr0.667_x0.5_N4000_L24_T400000_seed1_cont2_dense500.npz,0.5,199,16,19,3,0,0,4,2,2,1
bidisperse_a0.005_sr0.667_x0.5_N4000_L24_T400000_seed1_cont2_dense500.npz,0.5,200,19,19,0,0,0,3,4,2,1
bidisperse_a0.005_sr0.667_x0.5_N4000_L24_T400000_seed1_cont2_dense500.npz,0.5,201,19,21,2,0,0,4,2,0,0
bidisperse_a0.005_sr0.667_x0.5_N4000_L24_T400000_seed1_cont2_dense500.npz,0.5,202,21,20,-1,1,0,0,2,1,1
bidisperse_a0.005_sr0.667_x0.5_N4000_L24_T400000_seed1_cont2_dense500.npz,0.5,203,20,18,-2,0,2,2,3,2,1
bidisperse_a0.005_sr0.667_x0.5_N4000_L24_T400000_seed1_cont2_dense500.npz,0.5,204,18,18,0,0,0,3,2,0,1
bidisperse_a0.005_sr0.667_x0.5_N4000_L24_T400000_seed1_cont2_dense500.npz,0.5,205,18,21,3,0,0,3,1,2,1
bidisperse_a0.005_sr0.667_x0.5_N4000_L24_T400000_seed1_cont2_dense500.npz,0.5,206,21,22,1,1,0,4,4,2,2
bidisperse_a0.005_sr0.667_x0.5_N4000_L24_T400000_seed1_cont2_dense500.npz,0.5,207,22,18,-4,0,1,1,5,3,2
bidisperse_a0.005_sr0.667_x0.5_N4000_L24_T400000_seed1_cont2_dense500.npz,0.5,208,18,17,-1,0,0,2,2,0,1
bidisperse_a0.005_sr0.667_x0.5_N4000_L24_T400000_seed1_cont2_dense500.npz,0.5,209,17,20,3,0,0,2,0,1,0
bidisperse_a0.005_sr0.667_x0.5_N4000_L24_T400000_seed1_cont2_dense500.npz,0.5,210,20,20,0,1,0,2,3,0,0
bidisperse_a0.005_sr0.667_x0.5_N4000_L24_T400000_seed1_cont2_dense500.npz,0.5,211,20,19,-1,0,1,3,3,1,1
bidisperse_a0.005_sr0.667_x0.5_N4000_L24_T400000_seed1_cont2_dense500.npz,0.5,212,19,22,3,0,0,4,2,1,0
bidisperse_a0.005_sr0.667_x0.5_N4000_L24_T400000_seed1_cont2_dense500.npz,0.5,213,22,19,-3,0,0,0,2,1,2
bidisperse_a0.005_sr0.667_x0.5_N4000_L24_T400000_seed1_cont2_dense500.npz,0.5,214,19,19,0,0,0,2,3,1,0
bidisperse_a0.005_sr0.667_x0.5_N4000_L24_T400000_seed1_cont2_dense500.npz,0.5,215,19,18,-1,0,0,1,2,0,0
bidisperse_a0.005_sr0.667_x0.5_N4000_L24_T400000_seed1_cont2_dense500.npz,0.5,216,18,21,3,2,0,3,1,0,1
bidisperse_a0.005_sr0.667_x0.5_N4000_L24_T400000_seed1_cont2_dense500.npz,0.5,217,21,22,1,0,2,6,3,1,1
bidisperse_a0.005_sr0.667_x0.5_N4000_L24_T400000_seed1_cont2_dense500.npz,0.5,218,22,22,0,1,0,1,4,3,1
bidisperse_a0.005_sr0.667_x0.5_N4000_L24_T400000_seed1_cont2_dense500.npz,0.5,219,22,20,-2,0,1,2,3,0,0
bidisperse_a0.005_sr0.667_x0.5_N4000_L24_T400000_seed1_cont2_dense500.npz,0.5,220,20,18,-2,0,0,2,2,0,2
bidisperse_a0.005_sr0.667_x0.5_N4000_L24_T400000_seed1_cont2_dense500.npz,0.5,221,18,21,3,1,0,1,2,3,0
bidisperse_a0.005_sr0.667_x0.5_N4000_L24_T400000_seed1_cont2_dense500.npz,0.5,222,21,20,-1,0,2,2,0,0,1
bidisperse_a0.005_sr0.667_x0.5_N4000_L24_T400000_seed1_cont2_dense500.npz,0.5,223,20,20,0,0,0,3,2,0,1
bidisperse_a0.005_sr0.667_x0.5_N4000_L24_T400000_seed1_cont2_dense500.npz,0.5,224,20,18,-2,0,0,2,3,0,1
bidisperse_a0.005_sr0.667_x0.5_N4000_L24_T400000_seed1_cont2_dense500.npz,0.5,225,18,22,4,2,0,1,1,4,2
bidisperse_a0.005_sr0.667_x0.5_N4000_L24_T400000_seed1_cont2_dense500.npz,0.5,226,22,19,-3,0,2,3,3,2,3
bidisperse_a0.005_sr0.667_x0.5_N4000_L24_T400000_seed1_cont2_dense500.npz,0.5,227,19,19,0,2,0,1,3,1,1
bidisperse_a0.005_sr0.667_x0.5_N4000_L24_T400000_seed1_cont2_dense500.npz,0.5,228,19,18,-1,0,2,0,1,2,0
bidisperse_a0.005_sr0.667_x0.5_N4000_L24_T400000_seed1_cont2_dense500.npz,0.5,229,18,17,-1,0,0,1,1,1,2
bidisperse_a0.005_sr0.667_x0.5_N4000_L24_T400000_seed1_cont2_dense500.npz,0.5,230,17,17,0,0,0,0,1,1,0
bidisperse_a0.005_sr0.667_x0.5_N4000_L24_T400000_seed1_cont2_dense500.npz,0.5,231,17,23,6,1,0,6,0,0,1
bidisperse_a0.005_sr0.667_x0.5_N4000_L24_T400000_seed1_cont2_dense500.npz,0.5,232,23,21,-2,2,1,3,6,0,0
bidisperse_a0.005_sr0.667_x0.5_N4000_L24_T400000_seed1_cont2_dense500.npz,0.5,233,21,19,-2,3,1,0,3,0,1
bidisperse_a0.005_sr0.667_x0.5_N4000_L24_T400000_seed1_cont2_dense500.npz,0.5,234,19,21,2,0,3,5,0,1,1
bidisperse_a0.005_sr0.667_x0.5_N4000_L24_T400000_seed1_cont2_dense500.npz,0.5,235,21,19,-2,1,0,1,3,0,1
bidisperse_a0.005_sr0.667_x0.5_N4000_L24_T400000_seed1_cont2_dense500.npz,0.5,236,19,18,-1,0,1,1,3,4,2
bidisperse_a0.005_sr0.667_x0.5_N4000_L24_T400000_seed1_cont2_dense500.npz,0.5,237,18,18,0,0,0,1,1,2,2
bidisperse_a0.005_sr0.667_x0.5_N4000_L24_T400000_seed1_cont2_dense500.npz,0.5,238,18,17,-1,0,0,0,1,0,0
bidisperse_a0.005_sr0.667_x0.5_N4000_L24_T400000_seed1_cont2_dense500.npz,0.5,239,17,18,1,0,0,1,0,0,0
bidisperse_a0.005_sr0.667_x0.5_N4000_L24_T400000_seed1_cont2_dense500.npz,0.5,240,18,19,1,0,0,3,1,0,1
bidisperse_a0.005_sr0.667_x0.5_N4000_L24_T400000_seed1_cont2_dense500.npz,0.5,241,19,19,0,2,0,1,3,2,2
bidisperse_a0.005_sr0.667_x0.5_N4000_L24_T400000_seed1_cont2_dense500.npz,0.5,242,19,19,0,0,2,3,1,0,0
bidisperse_a0.005_sr0.667_x0.5_N4000_L24_T400000_seed1_cont2_dense500.npz,0.5,243,19,17,-2,0,0,0,2,1,1
bidisperse_a0.005_sr0.667_x0.5_N4000_L24_T400000_seed1_cont2_dense500.npz,0.5,244,17,19,2,1,0,0,0,1,0
bidisperse_a0.005_sr0.667_x0.5_N4000_L24_T400000_seed1_cont2_dense500.npz,0.5,245,19,17,-2,0,1,1,0,0,2
bidisperse_a0.005_sr0.667_x0.5_N4000_L24_T400000_seed1_cont2_dense500.npz,0.5,246,17,17,0,1,0,0,2,1,0
bidisperse_a0.005_sr0.667_x0.5_N4000_L24_T400000_seed1_cont2_dense500.npz,0.5,247,17,18,1,1,1,2,0,0,1
bidisperse_a0.005_sr0.667_x0.5_N4000_L24_T400000_seed1_cont2_dense500.npz,0.5,248,18,15,-3,0,1,1,2,0,1
bidisperse_a0.005_sr0.667_x0.5_N4000_L24_T400000_seed1_cont2_dense500.npz,0.5,249,15,16,1,0,0,0,1,2,0
bidisperse_a0.005_sr0.667_x0.5_N4000_L24_T400000_seed1_cont2_dense500.npz,0.5,250,16,17,1,0,0,1,0,0,0
bidisperse_a0.005_sr0.667_x0.5_N4000_L24_T400000_seed1_cont2_dense500.npz,0.5,251,17,17,0,0,0,1,1,0,0
bidisperse_a0.005_sr0.667_x0.5_N4000_L24_T400000_seed1_cont2_dense500.npz,0.5,252,17,17,0,2,0,0,1,1,2
bidisperse_a0.005_sr0.667_x0.5_N4000_L24_T400000_seed1_cont2_dense500.npz,0.5,253,17,18,1,0,2,1,1,3,0
bidisperse_a0.005_sr0.667_x0.5_N4000_L24_T400000_seed1_cont2_dense500.npz,0.5,254,18,16,-2,1,1,0,1,0,1
bidisperse_a0.005_sr0.667_x0.5_N4000_L24_T400000_seed1_cont2_dense500.npz,0.5,255,16,19,3,0,1,3,0,1,0
bidisperse_a0.005_sr0.667_x0.5_N4000_L24_T400000_seed1_cont2_dense500.npz,0.5,256,19,18,-1,0,0,1,2,1,1
bidisperse_a0.005_sr0.667_x0.5_N4000_L24_T400000_seed1_cont2_dense500.npz,0.5,257,18,18,0,0,0,2,2,1,1
bidisperse_a0.005_sr0.667_x0.5_N4000_L24_T400000_seed1_cont2_dense500.npz,0.5,258,18,17,-1,1,0,0,1,1,2
bidisperse_a0.005_sr0.667_x0.5_N4000_L24_T400000_seed1_cont2_dense500.npz,0.5,259,17,19,2,1,1,2,0,0,0
bidisperse_a0.005_sr0.667_x0.5_N4000_L24_T400000_seed1_cont2_dense500.npz,0.5,260,19,20,1,1,1,3,2,1,1
bidisperse_a0.005_sr0.667_x0.5_N4000_L24_T400000_seed1_cont2_dense500.npz,0.5,261,20,20,0,2,1,0,2,1,0
bidisperse_a0.005_sr0.667_x0.5_N4000_L24_T400000_seed1_cont2_dense500.npz,0.5,262,20,19,-1,0,2,1,0,0,0
bidisperse_a0.005_sr0.667_x0.5_N4000_L24_T400000_seed1_cont2_dense500.npz,0.5,263,19,15,-4,0,0,0,2,0,2
bidisperse_a0.005_sr0.667_x0.5_N4000_L24_T400000_seed1_cont2_dense500.npz,0.5,264,15,16,1,0,0,0,0,1,0
bidisperse_a0.005_sr0.667_x0.5_N4000_L24_T400000_seed1_cont2_dense500.npz,0.5,265,16,18,2,0,0,1,0,2,1
bidisperse_a0.005_sr0.667_x0.5_N4000_L24_T400000_seed1_cont2_dense500.npz,0.5,266,18,21,3,0,0,3,1,3,2
bidisperse_a0.005_sr0.667_x0.5_N4000_L24_T400000_seed1_cont2_dense500.npz,0.5,267,21,18,-3,0,1,2,3,0,1
bidisperse_a0.005_sr0.667_x0.5_N4000_L24_T400000_seed1_cont2_dense500.npz,0.5,268,18,18,0,0,0,1,1,0,0
bidisperse_a0.005_sr0.667_x0.5_N4000_L24_T400000_seed1_cont2_dense500.npz,0.5,269,18,17,-1,0,0,2,2,0,1
bidisperse_a0.005_sr0.667_x0.5_N4000_L24_T400000_seed1_cont2_dense500.npz,0.5,270,17,20,3,0,0,3,2,2,0
bidisperse_a0.005_sr0.667_x0.5_N4000_L24_T400000_seed1_cont2_dense500.npz,0.5,271,20,18,-2,1,0,1,3,0,1
bidisperse_a0.005_sr0.667_x0.5_N4000_L24_T400000_seed1_cont2_dense500.npz,0.5,272,18,18,0,2,1,0,1,0,0
bidisperse_a0.005_sr0.667_x0.5_N4000_L24_T400000_seed1_cont2_dense500.npz,0.5,273,18,16,-2,0,2,1,0,0,1
bidisperse_a0.005_sr0.667_x0.5_N4000_L24_T400000_seed1_cont2_dense500.npz,0.5,274,16,20,4,2,0,1,1,2,0
bidisperse_a0.005_sr0.667_x0.5_N4000_L24_T400000_seed1_cont2_dense500.npz,0.5,275,20,20,0,0,2,5,0,0,3
bidisperse_a0.005_sr0.667_x0.5_N4000_L24_T400000_seed1_cont2_dense500.npz,0.5,276,20,21,1,1,0,1,3,2,0
bidisperse_a0.005_sr0.667_x0.5_N4000_L24_T400000_seed1_cont2_dense500.npz,0.5,277,21,22,1,0,1,2,0,1,1
bidisperse_a0.005_sr0.667_x0.5_N4000_L24_T400000_seed1_cont2_dense500.npz,0.5,278,22,18,-4,0,0,2,3,0,3
bidisperse_a0.005_sr0.667_x0.5_N4000_L24_T400000_seed1_cont2_dense500.npz,0.5,279,18,19,1,1,0,1,2,2,1
bidisperse_a0.005_sr0.667_x0.5_N4000_L24_T400000_seed1_cont2_dense500.npz,0.5,280,19,19,0,1,1,2,2,1,1
bidisperse_a0.005_sr0.667_x0.5_N4000_L24_T400000_seed1_cont2_dense500.npz,0.5,281,19,17,-2,0,1,0,1,1,1
bidisperse_a0.005_sr0.667_x0.5_N4000_L24_T400000_seed1_cont2_dense500.npz,0.5,282,17,20,3,1,0,2,1,1,0
bidisperse_a0.005_sr0.667_x0.5_N4000_L24_T400000_seed1_cont2_dense500.npz,0.5,283,20,19,-1,0,1,2,2,1,1
bidisperse_a0.005_sr0.667_x0.5_N4000_L24_T400000_seed1_cont2_dense500.npz,0.5,284,19,16,-3,0,0,0,2,0,1
bidisperse_a0.005_sr0.667_x0.5_N4000_L24_T400000_seed1_cont2_dense500.npz,0.5,285,16,16,0,0,0,0,0,0,0
bidisperse_a0.005_sr0.667_x0.5_N4000_L24_T400000_seed1_cont2_dense500.npz,0.5,286,16,17,1,0,0,1,0,1,1
bidisperse_a0.005_sr0.667_x0.5_N4000_L24_T400000_seed1_cont2_dense500.npz,0.5,287,17,22,5,1,0,4,1,1,0
bidisperse_a0.005_sr0.667_x0.5_N4000_L24_T400000_seed1_cont2_dense500.npz,0.5,288,22,20,-2,0,1,4,4,0,1
bidisperse_a0.005_sr0.667_x0.5_N4000_L24_T400000_seed1_cont2_dense500.npz,0.5,289,20,18,-2,0,0,0,1,1,2
bidisperse_a0.005_sr0.667_x0.5_N4000_L24_T400000_seed1_cont2_dense500.npz,0.5,290,18,18,0,0,0,3,3,0,0
bidisperse_a0.005_sr0.667_x0.5_N4000_L24_T400000_seed1_cont2_dense500.npz,0.5,291,18,18,0,0,0,1,2,2,1
bidisperse_a0.005_sr0.667_x0.5_N4000_L24_T400000_seed1_cont2_dense500.npz,0.5,292,18,19,1,1,0,2,2,1,1
bidisperse_a0.005_sr0.667_x0.5_N4000_L24_T400000_seed1_cont2_dense500.npz,0.5,293,19,15,-4,0,1,0,2,0,1
bidisperse_a0.005_sr0.667_x0.5_N4000_L24_T400000_seed1_cont2_dense500.npz,0.5,294,15,17,2,0,0,1,0,2,1
bidisperse_a0.005_sr0.667_x0.5_N4000_L24_T400000_seed1_cont2_dense500.npz,0.5,295,17,18,1,0,0,1,1,1,0
bidisperse_a0.005_sr0.667_x0.5_N4000_L24_T400000_seed1_cont2_dense500.npz,0.5,296,18,18,0,0,0,2,1,0,1
bidisperse_a0.005_sr0.667_x0.5_N4000_L24_T400000_seed1_cont2_dense500.npz,0.5,297,18,19,1,2,0,0,2,1,0
bidisperse_a0.005_sr0.667_x0.5_N4000_L24_T400000_seed1_cont2_dense500.npz,0.5,298,19,19,0,0,2,2,0,0,0
bidisperse_a0.005_sr0.667_x0.5_N4000_L24_T400000_seed1_cont2_dense500.npz,0.5,299,19,18,-1,1,0,1,2,0,1
bidisperse_a0.005_sr0.667_x0.5_N4000_L24_T400000_seed1_cont2_dense500.npz,0.5,300,18,19,1,1,1,1,1,2,1
bidisperse_a0.005_sr0.667_x0.5_N4000_L24_T400000_seed1_cont2_dense500.npz,0.5,301,19,14,-5,0,2,0,1,0,2
bidisperse_a0.005_sr0.667_x0.5_N4000_L24_T400000_seed1_cont2_dense500.npz,0.5,302,14,18,4,0,0,2,0,2,0
bidisperse_a0.005_sr0.667_x0.5_N4000_L24_T400000_seed1_cont2_dense500.npz,0.5,303,18,18,0,0,0,2,2,0,0
bidisperse_a0.005_sr0.667_x0.5_N4000_L24_T400000_seed1_cont2_dense500.npz,0.5,304,18,18,0,1,0,2,1,1,3
bidisperse_a0.005_sr0.667_x0.5_N4000_L24_T400000_seed1_cont2_dense500.npz,0.5,305,18,19,1,1,1,2,2,1,0
bidisperse_a0.005_sr0.667_x0.5_N4000_L24_T400000_seed1_cont2_dense500.npz,0.5,306,19,20,1,0,1,3,1,1,1
bidisperse_a0.005_sr0.667_x0.5_N4000_L24_T400000_seed1_cont2_dense500.npz,0.5,307,20,20,0,0,0,2,3,1,0
bidisperse_a0.005_sr0.667_x0.5_N4000_L24_T400000_seed1_cont2_dense500.npz,0.5,308,20,18,-2,0,0,1,2,1,2
bidisperse_a0.005_sr0.667_x0.5_N4000_L24_T400000_seed1_cont2_dense500.npz,0.5,309,18,24,6,1,0,4,1,2,0
bidisperse_a0.005_sr0.667_x0.5_N4000_L24_T400000_seed1_cont2_dense500.npz,0.5,310,24,21,-3,0,1,1,3,2,2
bidisperse_a0.005_sr0.667_x0.5_N4000_L24_T400000_seed1_cont2_dense500.npz,0.5,311,21,18,-3,0,0,0,4,1,0
bidisperse_a0.005_sr0.667_x0.5_N4000_L24_T400000_seed1_cont2_dense500.npz,0.5,312,18,18,0,0,0,0,0,0,0
bidisperse_a0.005_sr0.667_x0.5_N4000_L24_T400000_seed1_cont2_dense500.npz,0.5,313,18,18,0,0,0,2,1,0,1
bidisperse_a0.005_sr0.667_x0.5_N4000_L24_T400000_seed1_cont2_dense500.npz,0.5,314,18,18,0,1,0,1,2,1,1
bidisperse_a0.005_sr0.667_x0.5_N4000_L24_T400000_seed1_cont2_dense500.npz,0.5,315,18,19,1,0,1,2,2,2,0
bidisperse_a0.005_sr0.667_x0.5_N4000_L24_T400000_seed1_cont2_dense500.npz,0.5,316,19,18,-1,0,0,2,2,0,1
bidisperse_a0.005_sr0.667_x0.5_N4000_L24_T400000_seed1_cont2_dense500.npz,0.5,317,18,16,-2,0,0,1,2,1,2
bidisperse_a0.005_sr0.667_x0.5_N4000_L24_T400000_seed1_cont2_dense500.npz,0.5,318,16,16,0,0,0,1,2,2,1
bidisperse_a0.005_sr0.667_x0.5_N4000_L24_T400000_seed1_cont2_dense500.npz,0.5,319,16,18,2,0,0,3,0,0,1
bidisperse_a0.005_sr0.667_x0.5_N4000_L24_T400000_seed1_cont2_dense500.npz,0.5,320,18,18,0,1,0,0,1,1,1
bidisperse_a0.005_sr0.667_x0.5_N4000_L24_T400000_seed1_cont2_dense500.npz,0.5,321,18,18,0,0,1,2,1,0,0
bidisperse_a0.005_sr0.667_x0.5_N4000_L24_T400000_seed1_cont2_dense500.npz,0.5,322,18,19,1,0,0,2,2,2,1
bidisperse_a0.005_sr0.667_x0.5_N4000_L24_T400000_seed1_cont2_dense500.npz,0.5,323,19,17,-2,0,0,0,3,1,0
bidisperse_a0.005_sr0.667_x0.5_N4000_L24_T400000_seed1_cont2_dense500.npz,0.5,324,17,20,3,2,0,1,0,0,0
bidisperse_a0.005_sr0.667_x0.5_N4000_L24_T400000_seed1_cont2_dense500.npz,0.5,325,20,22,2,0,2,4,0,1,1
bidisperse_a0.005_sr0.667_x0.5_N4000_L24_T400000_seed1_cont2_dense500.npz,0.5,326,22,20,-2,0,1,2,4,1,0
bidisperse_a0.005_sr0.667_x0.5_N4000_L24_T400000_seed1_cont2_dense500.npz,0.5,327,20,17,-3,0,0,0,3,2,2
bidisperse_a0.005_sr0.667_x0.5_N4000_L24_T400000_seed1_cont2_dense500.npz,0.5,328,17,17,0,0,0,2,2,1,1
bidisperse_a0.005_sr0.667_x0.5_N4000_L24_T400000_seed1_cont2_dense500.npz,0.5,329,17,21,4,1,0,4,1,2,2
bidisperse_a0.005_sr0.667_x0.5_N4000_L24_T400000_seed1_cont2_dense500.npz,0.5,330,21,22,1,1,0,3,2,2,3
bidisperse_a0.005_sr0.667_x0.5_N4000_L24_T400000_seed1_cont2_dense500.npz,0.5,331,22,20,-2,0,0,2,4,0,0
bidisperse_a0.005_sr0.667_x0.5_N4000_L24_T400000_seed1_cont2_dense500.npz,0.5,332,20,21,1,0,0,4,2,1,1
bidisperse_a0.005_sr0.667_x0.5_N4000_L24_T400000_seed1_cont2_dense500.npz,0.5,333,21,18,-3,1,1,2,3,0,2
bidisperse_a0.005_sr0.667_x0.5_N4000_L24_T400000_seed1_cont2_dense500.npz,0.5,334,18,18,0,0,1,0,2,3,0
bidisperse_a0.005_sr0.667_x0.5_N4000_L24_T400000_seed1_cont2_dense500.npz,0.5,335,18,19,1,0,0,2,1,0,0
bidisperse_a0.005_sr0.667_x0.5_N4000_L24_T400000_seed1_cont2_dense500.npz,0.5,336,19,24,5,1,0,4,0,0,0
bidisperse_a0.005_sr0.667_x0.5_N4000_L24_T400000_seed1_cont2_dense500.npz,0.5,337,24,20,-4,0,1,3,5,0,1
bidisperse_a0.005_sr0.667_x0.5_N4000_L24_T400000_seed1_cont2_dense500.npz,0.5,338,20,21,1,0,0,2,3,2,0
bidisperse_a0.005_sr0.667_x0.5_N4000_L24_T400000_seed1_cont2_dense500.npz,0.5,339,21,19,-2,0,0,1,3,0,0
bidisperse_a0.005_sr0.667_x0.5_N4000_L24_T400000_seed1_cont2_dense500.npz,0.5,340,19,19,0,1,0,1,2,1,1
bidisperse_a0.005_sr0.667_x0.5_N4000_L24_T400000_seed1_cont2_dense500.npz,0.5,341,19,17,-2,1,2,1,1,1,2
bidisperse_a0.005_sr0.667_x0.5_N4000_L24_T400000_seed1_cont2_dense500.npz,0.5,342,17,21,4,3,1,3,1,0,0
bidisperse_a0.005_sr0.667_x0.5_N4000_L24_T400000_seed1_cont2_dense500.npz,0.5,343,21,18,-3,0,3,2,3,1,0
bidisperse_a0.005_sr0.667_x0.5_N4000_L24_T400000_seed1_cont2_dense500.npz,0.5,344,18,18,0,0,0,3,2,0,1
bidisperse_a0.005_sr0.667_x0.5_N4000_L24_T400000_seed1_cont2_dense500.npz,0.5,345,18,18,0,1,0,1,2,1,1
bidisperse_a0.005_sr0.667_x0.5_N4000_L24_T400000_seed1_cont2_dense500.npz,0.5,346,18,20,2,0,0,2,1,1,0
bidisperse_a0.005_sr0.667_x0.5_N4000_L24_T400000_seed1_cont2_dense500.npz,0.5,347,20,20,0,0,0,2,2,0,0
bidisperse_a0.005_sr0.667_x0.5_N4000_L24_T400000_seed1_cont2_dense500.npz,0.5,348,20,18,-2,0,0,0,3,1,0
bidisperse_a0.005_sr0.667_x0.5_N4000_L24_T400000_seed1_cont2_dense500.npz,0.5,349,18,21,3,1,0,4,2,0,0
bidisperse_a0.005_sr0.667_x0.5_N4000_L24_T400000_seed1_cont2_dense500.npz,0.5,350,21,22,1,3,1,3,2,0,2
bidisperse_a0.005_sr0.667_x0.5_N4000_L24_T400000_seed1_cont2_dense500.npz,0.5,351,22,25,3,1,2,4,1,2,1
bidisperse_a0.005_sr0.667_x0.5_N4000_L24_T400000_seed1_cont2_dense500.npz,0.5,352,25,19,-6,1,1,0,6,1,1
bidisperse_a0.005_sr0.667_x0.5_N4000_L24_T400000_seed1_cont2_dense500.npz,0.5,353,19,22,3,0,1,4,1,1,0
bidisperse_a0.005_sr0.667_x0.5_N4000_L24_T400000_seed1_cont2_dense500.npz,0.5,354,22,23,1,3,0,1,2,1,2
bidisperse_a0.005_sr0.667_x0.5_N4000_L24_T400000_seed1_cont2_dense500.npz,0.5,355,23,22,-1,0,2,2,1,0,0
bidisperse_a0.005_sr0.667_x0.5_N4000_L24_T400000_seed1_cont2_dense500.npz,0.5,356,22,22,0,0,1,1,2,2,0
bidisperse_a0.005_sr0.667_x0.5_N4000_L24_T400000_seed1_cont2_dense500.npz,0.5,357,22,19,-3,0,1,0,1,0,1
bidisperse_a0.005_sr0.667_x0.5_N4000_L24_T400000_seed1_cont2_dense500.npz,0.5,358,19,23,4,1,0,3,0,0,0
bidisperse_a0.005_sr0.667_x0.5_N4000_L24_T400000_seed1_cont2_dense500.npz,0.5,359,23,20,-3,0,1,1,2,0,1
bidisperse_a0.005_sr0.667_x0.5_N4000_L24_T400000_seed1_cont2_dense500.npz,0.5,360,20,23,3,0,0,1,0,2,0
bidisperse_a0.005_sr0.667_x0.5_N4000_L24_T400000_seed1_cont2_dense500.npz,0.5,361,23,17,-6,0,0,2,2,0,6
bidisperse_a0.005_sr0.667_x0.5_N4000_L24_T400000_seed1_cont2_dense500.npz,0.5,362,17,20,3,1,2,2,1,3,0
bidisperse_a0.005_sr0.667_x0.5_N4000_L24_T400000_seed1_cont2_dense500.npz,0.5,363,20,18,-2,0,1,1,1,0,1
bidisperse_a0.005_sr0.667_x0.5_N4000_L24_T400000_seed1_cont2_dense500.npz,0.5,364,18,17,-1,0,0,1,2,1,1
bidisperse_a0.005_sr0.667_x0.5_N4000_L24_T400000_seed1_cont2_dense500.npz,0.5,365,17,16,-1,0,0,1,1,0,1
bidisperse_a0.005_sr0.667_x0.5_N4000_L24_T400000_seed1_cont2_dense500.npz,0.5,366,16,17,1,1,0,0,2,2,0
bidisperse_a0.005_sr0.667_x0.5_N4000_L24_T400000_seed1_cont2_dense500.npz,0.5,367,17,15,-2,0,1,2,0,0,3
bidisperse_a0.005_sr0.667_x0.5_N4000_L24_T400000_seed1_cont2_dense500.npz,0.5,368,15,18,3,1,0,0,0,3,1
bidisperse_a0.005_sr0.667_x0.5_N4000_L24_T400000_seed1_cont2_dense500.npz,0.5,369,18,20,2,0,1,3,0,0,0
bidisperse_a0.005_sr0.667_x0.5_N4000_L24_T400000_seed1_cont2_dense500.npz,0.5,370,20,24,4,0,0,5,2,3,2
bidisperse_a0.005_sr0.667_x0.5_N4000_L24_T400000_seed1_cont2_dense500.npz,0.5,371,24,18,-6,0,1,0,5,4,4
bidisperse_a0.005_sr0.667_x0.5_N4000_L24_T400000_seed1_cont2_dense500.npz,0.5,372,18,18,0,0,0,1,1,2,2
bidisperse_a0.005_sr0.667_x0.5_N4000_L24_T400000_seed1_cont2_dense500.npz,0.5,373,18,20,2,1,0,1,1,2,1
bidisperse_a0.005_sr0.667_x0.5_N4000_L24_T400000_seed1_cont2_dense500.npz,0.5,374,20,21,1,1,0,2,1,2,3
bidisperse_a0.005_sr0.667_x0.5_N4000_L24_T400000_seed1_cont2_dense500.npz,0.5,375,21,19,-2,0,1,1,1,0,1
bidisperse_a0.005_sr0.667_x0.5_N4000_L24_T400000_seed1_cont2_dense500.npz,0.5,376,19,20,1,0,0,4,1,2,4
bidisperse_a0.005_sr0.667_x0.5_N4000_L24_T400000_seed1_cont2_dense500.npz,0.5,377,20,17,-3,0,0,1,3,2,3
bidisperse_a0.005_sr0.667_x0.5_N4000_L24_T400000_seed1_cont2_dense500.npz,0.5,378,17,20,3,2,0,2,2,2,1
bidisperse_a0.005_sr0.667_x0.5_N4000_L24_T400000_seed1_cont2_dense500.npz,0.5,379,20,16,-4,0,2,1,1,1,3
bidisperse_a0.005_sr0.667_x0.5_N4000_L24_T400000_seed1_cont2_dense500.npz,0.5,380,16,19,3,1,0,1,0,1,0
bidisperse_a0.005_sr0.667_x0.5_N4000_L24_T400000_seed1_cont2_dense500.npz,0.5,381,19,19,0,0,1,0,1,2,0
bidisperse_a0.005_sr0.667_x0.5_N4000_L24_T400000_seed1_cont2_dense500.npz,0.5,382,19,19,0,0,0,1,0,0,1
bidisperse_a0.005_sr0.667_x0.5_N4000_L24_T400000_seed1_cont2_dense500.npz,0.5,383,19,23,4,2,0,1,0,2,1
bidisperse_a0.005_sr0.667_x0.5_N4000_L24_T400000_seed1_cont2_dense500.npz,0.5,384,23,19,-4,1,2,0,1,0,2
bidisperse_a0.005_sr0.667_x0.5_N4000_L24_T400000_seed1_cont2_dense500.npz,0.5,385,19,22,3,1,1,2,0,1,0
bidisperse_a0.005_sr0.667_x0.5_N4000_L24_T400000_seed1_cont2_dense500.npz,0.5,386,22,19,-3,0,1,0,2,1,1
bidisperse_a0.005_sr0.667_x0.5_N4000_L24_T400000_seed1_cont2_dense500.npz,0.5,387,19,19,0,1,0,0,0,0,1
bidisperse_a0.005_sr0.667_x0.5_N4000_L24_T400000_seed1_cont2_dense500.npz,0.5,388,19,20,1,0,1,1,0,1,1
bidisperse_a0.005_sr0.667_x0.5_N4000_L24_T400000_seed1_cont2_dense500.npz,0.5,389,20,20,0,0,0,2,1,0,1
bidisperse_a0.005_sr0.667_x0.5_N4000_L24_T400000_seed1_cont2_dense500.npz,0.5,390,20,19,-1,0,0,1,1,1,2
bidisperse_a0.005_sr0.667_x0.5_N4000_L24_T400000_seed1_cont2_dense500.npz,0.5,391,19,19,0,0,0,2,1,1,2
bidisperse_a0.005_sr0.667_x0.5_N4000_L24_T400000_seed1_cont2_dense500.npz,0.5,392,19,18,-1,1,0,0,1,2,3
bidisperse_a0.005_sr0.667_x0.5_N4000_L24_T400000_seed1_cont2_dense500.npz,0.5,393,18,20,2,0,1,1,0,2,0
bidisperse_a0.005_sr0.667_x0.5_N4000_L24_T400000_seed1_cont2_dense500.npz,0.5,394,20,18,-2,0,0,0,1,0,1
bidisperse_a0.005_sr0.667_x0.5_N4000_L24_T400000_seed1_cont2_dense500.npz,0.5,395,18,21,3,0,0,2,0,1,0
bidisperse_a0.005_sr0.667_x0.5_N4000_L24_T400000_seed1_cont2_dense500.npz,0.5,396,21,18,-3,0,0,0,1,0,2
bidisperse_a0.005_sr0.667_x0.5_N4000_L24_T400000_seed1_cont2_dense500.npz,0.5,397,18,19,1,0,0,1,0,1,1
bidisperse_a0.005_sr0.667_x0.5_N4000_L24_T400000_seed1_cont2_dense500.npz,0.5,398,19,19,0,0,0,2,1,0,1
bidisperse_a0.005_sr0.667_x0.5_N4000_L24_T400000_seed1_cont2_dense500.npz,0.5,399,19,17,-2,0,0,0,1,2,3
bidisperse_a0.005_sr0.667_x0.5_N4000_L24_T400000_seed1_cont2_dense500.npz,0.5,400,17,19,2,0,0,1,0,1,0
bidisperse_a0.005_sr0.667_x0.5_N4000_L24_T400000_seed1_cont2_dense500.npz,0.5,401,19,18,-1,0,0,2,1,0,2
bidisperse_a0.005_sr0.667_x0.5_N4000_L24_T400000_seed1_cont2_dense500.npz,0.5,402,18,17,-1,0,0,0,0,0,1
bidisperse_a0.005_sr0.667_x0.5_N4000_L24_T400000_seed1_cont2_dense500.npz,0.5,403,17,17,0,1,0,0,1,1,1
bidisperse_a0.005_sr0.667_x0.5_N4000_L24_T400000_seed1_cont2_dense500.npz,0.5,404,17,19,2,0,1,1,0,3,1
bidisperse_a0.005_sr0.667_x0.5_N4000_L24_T400000_seed1_cont2_dense500.npz,0.5,405,19,20,1,2,0,1,2,2,2
bidisperse_a0.005_sr0.667_x0.5_N4000_L24_T400000_seed1_cont2_dense500.npz,0.5,406,20,18,-2,0,1,0,1,1,1
bidisperse_a0.005_sr0.667_x0.5_N4000_L24_T400000_seed1_cont2_dense500.npz,0.5,407,18,19,1,1,1,0,0,2,1
bidisperse_a0.005_sr0.667_x0.5_N4000_L24_T400000_seed1_cont2_dense500.npz,0.5,408,19,22,3,1,1,2,0,2,1
bidisperse_a0.005_sr0.667_x0.5_N4000_L24_T400000_seed1_cont2_dense500.npz,0.5,409,22,20,-2,0,1,1,1,1,2
bidisperse_a0.005_sr0.667_x0.5_N4000_L24_T400000_seed1_cont2_dense500.npz,0.5,410,20,15,-5,0,0,0,1,1,5
bidisperse_a0.005_sr0.667_x0.5_N4000_L24_T400000_seed1_cont2_dense500.npz,0.5,411,15,21,6,0,0,3,0,3,0
bidisperse_a0.005_sr0.667_x0.5_N4000_L24_T400000_seed1_cont2_dense500.npz,0.5,412,21,23,2,1,0,3,3,2,1
bidisperse_a0.005_sr0.667_x0.5_N4000_L24_T400000_seed1_cont2_dense500.npz,0.5,413,23,20,-3,0,1,0,3,1,0
bidisperse_a0.005_sr0.667_x0.5_N4000_L24_T400000_seed1_cont2_dense500.npz,0.5,414,20,19,-1,0,0,1,0,0,2
bidisperse_a0.005_sr0.667_x0.5_N4000_L24_T400000_seed1_cont2_dense500.npz,0.5,415,19,20,1,1,0,0,1,2,1
bidisperse_a0.005_sr0.667_x0.5_N4000_L24_T400000_seed1_cont2_dense500.npz,0.5,416,20,21,1,2,0,1,1,1,2
bidisperse_a0.005_sr0.667_x0.5_N4000_L24_T400000_seed1_cont2_dense500.npz,0.5,417,21,19,-2,1,2,0,1,1,1
bidisperse_a0.005_sr0.667_x0.5_N4000_L24_T400000_seed1_cont2_dense500.npz,0.5,418,19,18,-1,1,1,0,0,0,1
bidisperse_a0.005_sr0.667_x0.5_N4000_L24_T400000_seed1_cont2_dense500.npz,0.5,419,18,21,3,1,0,1,0,2,1
bidisperse_a0.005_sr0.667_x0.5_N4000_L24_T400000_seed1_cont2_dense500.npz,0.5,420,21,20,-1,0,1,0,0,1,1
bidisperse_a0.005_sr0.667_x0.5_N4000_L24_T400000_seed1_cont2_dense500.npz,0.5,421,20,18,-2,1,0,1,1,0,3
bidisperse_a0.005_sr0.667_x0.5_N4000_L24_T400000_seed1_cont2_dense500.npz,0.5,422,18,18,0,0,1,1,0,1,1
bidisperse_a0.005_sr0.667_x0.5_N4000_L24_T400000_seed1_cont2_dense500.npz,0.5,423,18,19,1,0,0,0,0,1,0
bidisperse_a0.005_sr0.667_x0.5_N4000_L24_T400000_seed1_cont2_dense500.npz,0.5,424,19,23,4,0,0,3,1,2,0
bidisperse_a0.005_sr0.667_x0.5_N4000_L24_T400000_seed1_cont2_dense500.npz,0.5,425,23,23,0,1,0,2,3,2,2
bidisperse_a0.005_sr0.667_x0.5_N4000_L24_T400000_seed1_cont2_dense500.npz,0.5,426,23,21,-2,1,2,2,1,1,3
bidisperse_a0.005_sr0.667_x0.5_N4000_L24_T400000_seed1_cont2_dense500.npz,0.5,427,21,19,-2,0,1,0,2,1,0
bidisperse_a0.005_sr0.667_x0.5_N4000_L24_T400000_seed1_cont2_dense500.npz,0.5,428,19,22,3,2,0,0,0,1,0
bidisperse_a0.005_sr0.667_x0.5_N4000_L24_T400000_seed1_cont2_dense500.npz,0.5,429,22,20,-2,2,2,0,0,0,2
bidisperse_a0.005_sr0.667_x0.5_N4000_L24_T400000_seed1_cont2_dense500.npz,0.5,430,20,20,0,1,2,0,0,2,1
bidisperse_a0.005_sr0.667_x0.5_N4000_L24_T400000_seed1_cont2_dense500.npz,0.5,431,20,20,0,0,1,1,0,1,1
bidisperse_a0.005_sr0.667_x0.5_N4000_L24_T400000_seed1_cont2_dense500.npz,0.5,432,20,19,-1,0,0,1,1,1,2
bidisperse_a0.005_sr0.667_x0.5_N4000_L24_T400000_seed1_cont2_dense500.npz,0.5,433,19,23,4,2,0,2,1,2,1
bidisperse_a0.005_sr0.667_x0.5_N4000_L24_T400000_seed1_cont2_dense500.npz,0.5,434,23,18,-5,1,3,1,2,1,3
bidisperse_a0.005_sr0.667_x0.5_N4000_L24_T400000_seed1_cont2_dense500.npz,0.5,435,18,19,1,0,1,0,1,3,0
bidisperse_a0.005_sr0.667_x0.5_N4000_L24_T400000_seed1_cont2_dense500.npz,0.5,436,19,23,4,3,0,3,0,0,2
bidisperse_a0.005_sr0.667_x0.5_N4000_L24_T400000_seed1_cont2_dense500.npz,0.5,437,23,19,-4,0,3,0,2,2,1
bidisperse_a0.005_sr0.667_x0.5_N4000_L24_T400000_seed1_cont2_dense500.npz,0.5,438,19,21,2,0,0,0,0,2,0
bidisperse_a0.005_sr0.667_x0.5_N4000_L24_T400000_seed1_cont2_dense500.npz,0.5,439,21,20,-1,1,0,0,1,0,1
bidisperse_a0.005_sr0.667_x0.5_N4000_L24_T400000_seed1_cont2_dense500.npz,0.5,440,20,21,1,1,1,1,0,1,1
bidisperse_a0.005_sr0.667_x0.5_N4000_L24_T400000_seed1_cont2_dense500.npz,0.5,441,21,21,0,0,1,1,1,1,0
bidisperse_a0.005_sr0.667_x0.5_N4000_L24_T400000_seed1_cont2_dense500.npz,0.5,442,21,18,-3,0,0,1,1,0,3
bidisperse_a0.005_sr0.667_x0.5_N4000_L24_T400000_seed1_cont2_dense500.npz,0.5,443,18,21,3,2,0,1,1,1,0
bidisperse_a0.005_sr0.667_x0.5_N4000_L24_T400000_seed1_cont2_dense500.npz,0.5,444,21,21,0,0,1,1,0,2,2
bidisperse_a0.005_sr0.667_x0.5_N4000_L24_T400000_seed1_cont2_dense500.npz,0.5,445,21,23,2,0,0,2,2,2,0
bidisperse_a0.005_sr0.667_x0.5_N4000_L24_T400000_seed1_cont2_dense500.npz,0.5,446,23,22,-1,0,0,2,2,1,2
bidisperse_a0.005_sr0.667_x0.5_N4000_L24_T400000_seed1_cont2_dense500.npz,0.5,447,22,21,-1,0,0,2,3,1,1
bidisperse_a0.005_sr0.667_x0.5_N4000_L24_T400000_seed1_cont2_dense500.npz,0.5,448,21,25,4,2,0,2,2,2,0
bidisperse_a0.005_sr0.667_x0.5_N4000_L24_T400000_seed1_cont2_dense500.npz,0.5,449,25,25,0,3,1,3,2,0,3
bidisperse_a0.005_sr0.667_x0.5_N4000_L24_T400000_seed1_cont2_dense500.npz,0.5,450,25,24,-1,1,2,2,3,2,1
bidisperse_a0.005_sr0.667_x0.5_N4000_L24_T400000_seed1_cont2_dense500.npz,0.5,451,24,21,-3,0,2,0,2,1,0
bidisperse_a0.005_sr0.667_x0.5_N4000_L24_T400000_seed1_cont2_dense500.npz,0.5,452,21,25,4,2,0,0,0,3,1
bidisperse_a0.005_sr0.667_x0.5_N4000_L24_T400000_seed1_cont2_dense500.npz,0.5,453,25,21,-4,1,1,0,1,0,3
bidisperse_a0.005_sr0.667_x0.5_N4000_L24_T400000_seed1_cont2_dense500.npz,0.5,454,21,22,1,0,1,0,0,3,1
bidisperse_a0.005_sr0.667_x0.5_N4000_L24_T400000_seed1_cont2_dense500.npz,0.5,455,22,22,0,2,0,1,3,2,2
bidisperse_a0.005_sr0.667_x0.5_N4000_L24_T400000_seed1_cont2_dense500.npz,0.5,456,22,18,-4,0,2,1,0,1,4
bidisperse_a0.005_sr0.667_x0.5_N4000_L24_T400000_seed1_cont2_dense500.npz,0.5,457,18,24,6,2,0,3,1,3,1
bidisperse_a0.005_sr0.667_x0.5_N4000_L24_T400000_seed1_cont2_dense500.npz,0.5,458,24,22,-2,1,2,1,3,1,0
bidisperse_a0.005_sr0.667_x0.5_N4000_L24_T400000_seed1_cont2_dense500.npz,0.5,459,22,23,1,1,1,3,1,0,1
bidisperse_a0.005_sr0.667_x0.5_N4000_L24_T400000_seed1_cont2_dense500.npz,0.5,460,23,21,-2,2,0,1,2,0,3
bidisperse_a0.005_sr0.667_x0.5_N4000_L24_T400000_seed1_cont2_dense500.npz,0.5,461,21,24,3,0,2,2,0,3,0
bidisperse_a0.005_sr0.667_x0.5_N4000_L24_T400000_seed1_cont2_dense500.npz,0.5,462,24,24,0,1,1,2,3,2,1
bidisperse_a0.005_sr0.667_x0.5_N4000_L24_T400000_seed1_cont2_dense500.npz,0.5,463,24,26,2,1,0,3,2,1,0
bidisperse_a0.005_sr0.667_x0.5_N4000_L24_T400000_seed1_cont2_dense500.npz,0.5,464,26,22,-4,1,1,1,4,0,1
bidisperse_a0.005_sr0.667_x0.5_N4000_L24_T400000_seed1_cont2_dense500.npz,0.5,465,22,22,0,0,1,2,1,1,1
bidisperse_a0.005_sr0.667_x0.5_N4000_L24_T400000_seed1_cont2_dense500.npz,0.5,466,22,19,-3,0,0,1,1,0,3
bidisperse_a0.005_sr0.667_x0.5_N4000_L24_T400000_seed1_cont2_dense500.npz,0.5,467,19,20,1,0,0,1,1,3,2
bidisperse_a0.005_sr0.667_x0.5_N4000_L24_T400000_seed1_cont2_dense500.npz,0.5,468,20,19,-1,0,0,1,0,1,3
bidisperse_a0.005_sr0.667_x0.5_N4000_L24_T400000_seed1_cont2_dense500.npz,0.5,469,19,19,0,0,0,0,2,4,2
bidisperse_a0.005_sr0.667_x0.5_N4000_L24_T400000_seed1_cont2_dense500.npz,0.5,470,19,21,2,2,0,0,0,2,2
bidisperse_a0.005_sr0.667_x0.5_N4000_L24_T400000_seed1_cont2_dense500.npz,0.5,471,21,20,-1,0,2,1,0,2,2
bidisperse_a0.005_sr0.667_x0.5_N4000_L24_T400000_seed1_cont2_dense500.npz,0.5,472,20,20,0,0,0,0,0,0,0
bidisperse_a0.005_sr0.667_x0.5_N4000_L24_T400000_seed1_cont2_dense500.npz,0.5,473,20,19,-1,1,0,0,0,1,3
bidisperse_a0.005_sr0.667_x0.5_N4000_L24_T400000_seed1_cont2_dense500.npz,0.5,474,19,20,1,1,1,0,1,4,2
bidisperse_a0.005_sr0.667_x0.5_N4000_L24_T400000_seed1_cont2_dense500.npz,0.5,475,20,23,3,0,1,2,0,4,2
bidisperse_a0.005_sr0.667_x0.5_N4000_L24_T400000_seed1_cont2_dense500.npz,0.5,476,23,18,-5,0,0,0,2,0,3
bidisperse_a0.005_sr0.667_x0.5_N4000_L24_T400000_seed1_cont2_dense500.npz,0.5,477,18,23,5,0,0,2,0,4,1
bidisperse_a0.005_sr0.667_x0.5_N4000_L24_T400000_seed1_cont2_dense500.npz,0.5,478,23,22,-1,0,0,1,2,2,2
bidisperse_a0.005_sr0.667_x0.5_N4000_L24_T400000_seed1_cont2_dense500.npz,0.5,479,22,19,-3,1,0,0,2,1,3
bidisperse_a0.005_sr0.667_x0.5_N4000_L24_T400000_seed1_cont2_dense500.npz,0.5,480,19,17,-2,0,0,1,0,1,4
bidisperse_a0.005_sr0.667_x0.5_N4000_L24_T400000_seed1_cont2_dense500.npz,0.5,481,17,19,2,0,0,2,1,4,3
bidisperse_a0.005_sr0.667_x0.5_N4000_L24_T400000_seed1_cont2_dense500.npz,0.5,482,19,19,0,0,0,1,2,4,3
bidisperse_a0.005_sr0.667_x0.5_N4000_L24_T400000_seed1_cont2_dense500.npz,0.5,483,19,19,0,0,0,0,1,2,1
bidisperse_a0.005_sr0.667_x0.5_N4000_L24_T400000_seed1_cont2_dense500.npz,0.5,484,19,19,0,1,0,1,0,1,3
bidisperse_a0.005_sr0.667_x0.5_N4000_L24_T400000_seed1_cont2_dense500.npz,0.5,485,19,22,3,0,1,1,1,4,0
bidisperse_a0.005_sr0.667_x0.5_N4000_L24_T400000_seed1_cont2_dense500.npz,0.5,486,22,17,-5,0,0,0,2,1,4
bidisperse_a0.005_sr0.667_x0.5_N4000_L24_T400000_seed1_cont2_dense500.npz,0.5,487,17,18,1,0,0,0,0,1,0
bidisperse_a0.005_sr0.667_x0.5_N4000_L24_T400000_seed1_cont2_dense500.npz,0.5,488,18,22,4,0,0,3,0,3,2
bidisperse_a0.005_sr0.667_x0.5_N4000_L24_T400000_seed1_cont2_dense500.npz,0.5,489,22,23,1,2,0,1,2,1,1
bidisperse_a0.005_sr0.667_x0.5_N4000_L24_T400000_seed1_cont2_dense500.npz,0.5,490,23,19,-4,0,2,0,2,2,2
bidisperse_a0.005_sr0.667_x0.5_N4000_L24_T400000_seed1_cont2_dense500.npz,0.5,491,19,23,4,3,0,1,0,3,3
bidisperse_a0.005_sr0.667_x0.5_N4000_L24_T400000_seed1_cont2_dense500.npz,0.5,492,23,22,-1,0,4,3,1,3,3
bidisperse_a0.005_sr0.667_x0.5_N4000_L24_T400000_seed1_cont2_dense500.npz,0.5,493,22,24,2,0,0,3,2,2,1
bidisperse_a0.005_sr0.667_x0.5_N4000_L24_T400000_seed1_cont2_dense500.npz,0.5,494,24,19,-5,0,0,0,1,0,4
bidisperse_a0.005_sr0.667_x0.5_N4000_L24_T400000_seed1_cont2_dense500.npz,0.5,495,19,20,1,0,0,1,1,2,1
bidisperse_a0.005_sr0.667_x0.5_N4000_L24_T400000_seed1_cont2_dense500.npz,0.5,496,20,22,2,2,0,2,1,1,2
bidisperse_a0.005_sr0.667_x0.5_N4000_L24_T400000_seed1_cont2_dense500.npz,0.5,497,22,20,-2,0,2,2,3,4,3
bidisperse_a0.005_sr0.667_x0.5_N4000_L24_T400000_seed1_cont2_dense500.npz,0.5,498,20,20,0,1,0,1,0,3,5
bidisperse_a0.005_sr0.667_x0.5_N4000_L24_T400000_seed1_cont2_dense500.npz,0.5,499,20,24,4,0,0,3,2,5,2
bidisperse_a0.005_sr0.667_x0.75_N4000_L24_T400000_seed1_cont1_dense500.npz,0.75,0,65,67,2,3,3,3,4,9,6
bidisperse_a0.005_sr0.667_x0.75_N4000_L24_T400000_seed1_cont1_dense500.npz,0.75,1,67,53,-14,1,4,0,6,7,12
bidisperse_a0.005_sr0.667_x0.75_N4000_L24_T400000_seed1_cont1_dense500.npz,0.75,2,53,66,13,5,3,6,2,8,1
bidisperse_a0.005_sr0.667_x0.75_N4000_L24_T400000_seed1_cont1_dense500.npz,0.75,3,66,64,-2,4,3,4,7,8,8
bidisperse_a0.005_sr0.667_x0.75_N4000_L24_T400000_seed1_cont1_dense500.npz,0.75,4,64,60,-4,3,1,6,6,5,11
bidisperse_a0.005_sr0.667_x0.75_N4000_L24_T400000_seed1_cont1_dense500.npz,0.75,5,60,61,1,2,4,7,4,10,10
bidisperse_a0.005_sr0.667_x0.75_N4000_L24_T400000_seed1_cont1_dense500.npz,0.75,6,61,65,4,0,1,11,5,8,8
bidisperse_a0.005_sr0.667_x0.75_N4000_L24_T400000_seed1_cont1_dense500.npz,0.75,7,65,65,0,8,2,3,8,8,9
bidisperse_a0.005_sr0.667_x0.75_N4000_L24_T400000_seed1_cont1_dense500.npz,0.75,8,65,62,-3,3,6,4,6,8,6
bidisperse_a0.005_sr0.667_x0.75_N4000_L24_T400000_seed1_cont1_dense500.npz,0.75,9,62,61,-1,4,6,4,5,5,3
bidisperse_a0.005_sr0.667_x0.75_N4000_L24_T400000_seed1_cont1_dense500.npz,0.75,10,61,58,-3,1,1,4,6,4,5
bidisperse_a0.005_sr0.667_x0.75_N4000_L24_T400000_seed1_cont1_dense500.npz,0.75,11,58,58,0,4,1,4,5,2,4
bidisperse_a0.005_sr0.667_x0.75_N4000_L24_T400000_seed1_cont1_dense500.npz,0.75,12,58,60,2,6,4,6,5,4,5
bidisperse_a0.005_sr0.667_x0.75_N4000_L24_T400000_seed1_cont1_dense500.npz,0.75,13,60,58,-2,1,3,7,5,8,9
bidisperse_a0.005_sr0.667_x0.75_N4000_L24_T400000_seed1_cont1_dense500.npz,0.75,14,58,64,6,7,2,6,6,6,5
bidisperse_a0.005_sr0.667_x0.75_N4000_L24_T400000_seed1_cont1_dense500.npz,0.75,15,64,60,-4,4,4,3,3,3,7
bidisperse_a0.005_sr0.667_x0.75_N4000_L24_T400000_seed1_cont1_dense500.npz,0.75,16,60,54,-6,2,4,3,6,4,5
bidisperse_a0.005_sr0.667_x0.75_N4000_L24_T400000_seed1_cont1_dense500.npz,0.75,17,54,58,4,4,2,5,3,4,4
bidisperse_a0.005_sr0.667_x0.75_N4000_L24_T400000_seed1_cont1_dense500.npz,0.75,18,58,57,-1,3,5,3,4,8,6
bidisperse_a0.005_sr0.667_x0.75_N4000_L24_T400000_seed1_cont1_dense500.npz,0.75,19,57,59,2,8,3,0,3,7,7
bidisperse_a0.005_sr0.667_x0.75_N4000_L24_T400000_seed1_cont1_dense500.npz,0.75,20,59,62,3,2,6,7,4,6,2
bidisperse_a0.005_sr0.667_x0.75_N4000_L24_T400000_seed1_cont1_dense500.npz,0.75,21,62,64,2,5,3,8,8,4,4
bidisperse_a0.005_sr0.667_x0.75_N4000_L24_T400000_seed1_cont1_dense500.npz,0.75,22,64,62,-2,4,4,7,8,6,8
bidisperse_a0.005_sr0.667_x0.75_N4000_L24_T400000_seed1_cont1_dense500.npz,0.75,23,62,62,0,2,5,10,7,5,6
bidisperse_a0.005_sr0.667_x0.75_N4000_L24_T400000_seed1_cont1_dense500.npz,0.75,24,62,59,-3,1,3,5,8,6,4
bidisperse_a0.005_sr0.667_x0.75_N4000_L24_T400000_seed1_cont1_dense500.npz,0.75,25,59,54,-5,3,2,6,7,5,11
bidisperse_a0.005_sr0.667_x0.75_N4000_L24_T400000_seed1_cont1_dense500.npz,0.75,26,54,60,6,4,1,6,7,7,3
bidisperse_a0.005_sr0.667_x0.75_N4000_L24_T400000_seed1_cont1_dense500.npz,0.75,27,60,51,-9,1,8,6,4,1,4
bidisperse_a0.005_sr0.667_x0.75_N4000_L24_T400000_seed1_cont1_dense500.npz,0.75,28,51,57,6,2,2,7,4,7,4
bidisperse_a0.005_sr0.667_x0.75_N4000_L24_T400000_seed1_cont1_dense500.npz,0.75,29,57,52,-5,1,3,3,4,6,8
bidisperse_a0.005_sr0.667_x0.75_N4000_L24_T400000_seed1_cont1_dense500.npz,0.75,30,52,59,7,5,1,7,3,7,7
bidisperse_a0.005_sr0.667_x0.75_N4000_L24_T400000_seed1_cont1_dense500.npz,0.75,31,59,65,6,5,2,5,2,7,6
bidisperse_a0.005_sr0.667_x0.75_N4000_L24_T400000_seed1_cont1_dense500.npz,0.75,32,65,54,-11,6,3,1,10,1,6
bidisperse_a0.005_sr0.667_x0.75_N4000_L24_T400000_seed1_cont1_dense500.npz,0.75,33,54,63,9,5,2,8,4,6,4
bidisperse_a0.005_sr0.667_x0.75_N4000_L24_T400000_seed1_cont1_dense500.npz,0.75,34,63,57,-6,1,6,5,5,3,5
bidisperse_a0.005_sr0.667_x0.75_N4000_L24_T400000_seed1_cont1_dense500.npz,0.75,35,57,59,2,4,2,5,6,4,3
bidisperse_a0.005_sr0.667_x0.75_N4000_L24_T400000_seed1_cont1_dense500.npz,0.75,36,59,57,-2,5,4,2,6,6,5
bidisperse_a0.005_sr0.667_x0.75_N4000_L24_T400000_seed1_cont1_dense500.npz,0.75,37,57,58,1,5,3,5,3,6,9
bidisperse_a0.005_sr0.667_x0.75_N4000_L24_T400000_seed1_cont1_dense500.npz,0.75,38,58,67,9,3,2,8,7,15,8
bidisperse_a0.005_sr0.667_x0.75_N4000_L24_T400000_seed1_cont1_dense500.npz,0.75,39,67,61,-6,2,11,8,4,5,6
bidisperse_a0.005_sr0.667_x0.75_N4000_L24_T400000_seed1_cont1_dense500.npz,0.75,40,61,50,-11,1,2,3,8,3,8
bidisperse_a0.005_sr0.667_x0.75_N4000_L24_T400000_seed1_cont1_dense500.npz,0.75,41,50,59,9,8,0,4,1,3,5
bidisperse_a0.005_sr0.667_x0.75_N4000_L24_T400000_seed1_cont1_dense500.npz,0.75,42,59,64,5,2,5,3,4,13,5
bidisperse_a0.005_sr0.667_x0.75_N4000_L24_T400000_seed1_cont1_dense500.npz,0.75,43,64,59,-5,1,4,6,6,8,10
bidisperse_a0.005_sr0.667_x0.75_N4000_L24_T400000_seed1_cont1_dense500.npz,0.75,44,59,61,2,2,1,4,4,5,4
bidisperse_a0.005_sr0.667_x0.75_N4000_L24_T400000_seed1_cont1_dense500.npz,0.75,45,61,57,-4,2,2,5,7,3,5
bidisperse_a0.005_sr0.667_x0.75_N4000_L24_T400000_seed1_cont1_dense500.npz,0.75,46,57,58,1,1,2,8,4,4,6
bidisperse_a0.005_sr0.667_x0.75_N4000_L24_T400000_seed1_cont1_dense500.npz,0.75,47,58,60,2,3,0,6,7,6,6
bidisperse_a0.005_sr0.667_x0.75_N4000_L24_T400000_seed1_cont1_dense500.npz,0.75,48,60,59,-1,1,3,5,5,10,9
bidisperse_a0.005_sr0.667_x0.75_N4000_L24_T400000_seed1_cont1_dense500.npz,0.75,49,59,62,3,1,1,6,9,10,4
bidisperse_a0.005_sr0.667_x0.75_N4000_L24_T400000_seed1_cont1_dense500.npz,0.75,50,62,61,-1,1,2,6,3,2,5
bidisperse_a0.005_sr0.667_x0.75_N4000_L24_T400000_seed1_cont1_dense500.npz,0.75,51,61,58,-3,4,1,3,4,5,10
bidisperse_a0.005_sr0.667_x0.75_N4000_L24_T400000_seed1_cont1_dense500.npz,0.75,52,58,49,-9,0,5,3,0,3,10
bidisperse_a0.005_sr0.667_x0.75_N4000_L24_T400000_seed1_cont1_dense500.npz,0.75,53,49,52,3,2,0,5,4,3,3
bidisperse_a0.005_sr0.667_x0.75_N4000_L24_T400000_seed1_cont1_dense500.npz,0.75,54,52,59,7,1,2,8,4,7,3
bidisperse_a0.005_sr0.667_x0.75_N4000_L24_T400000_seed1_cont1_dense500.npz,0.75,55,59,56,-3,1,0,5,8,3,4
bidisperse_a0.005_sr0.667_x0.75_N4000_L24_T400000_seed1_cont1_dense500.npz,0.75,56,56,63,7,6,1,5,1,4,6
bidisperse_a0.005_sr0.667_x0.75_N4000_L24_T400000_seed1_cont1_dense500.npz,0.75,57,63,60,-3,3,3,2,6,7,6
bidisperse_a0.005_sr0.667_x0.75_N4000_L24_T400000_seed1_cont1_dense500.npz,0.75,58,60,60,0,2,5,7,4,2,3
bidisperse_a0.005_sr0.667_x0.75_N4000_L24_T400000_seed1_cont1_dense500.npz,0.75,59,60,61,1,3,3,5,2,5,7
bidisperse_a0.005_sr0.667_x0.75_N4000_L24_T400000_seed1_cont1_dense500.npz,0.75,60,61,59,-2,0,4,7,5,7,7
bidisperse_a0.005_sr0.667_x0.75_N4000_L24_T400000_seed1_cont1_dense500.npz,0.75,61,59,63,4,2,0,8,5,4,5
bidisperse_a0.005_sr0.667_x0.75_N4000_L24_T400000_seed1_cont1_dense500.npz,0.75,62,63,67,4,1,2,6,4,5,2
bidisperse_a0.005_sr0.667_x0.75_N4000_L24_T400000_seed1_cont1_dense500.npz,0.75,63,67,58,-9,2,1,6,10,4,10
bidisperse_a0.005_sr0.667_x0.75_N4000_L24_T400000_seed1_cont1_dense500.npz,0.75,64,58,57,-1,3,2,6,6,5,6
bidisperse_a0.005_sr0.667_x0.75_N4000_L24_T400000_seed1_cont1_dense500.npz,0.75,65,57,58,1,3,3,5,4,3,3
bidisperse_a0.005_sr0.667_x0.75_N4000_L24_T400000_seed1_cont1_dense500.npz,0.75,66,58,66,8,3,3,11,6,6,3
bidisperse_a0.005_sr0.667_x0.75_N4000_L24_T400000_seed1_cont1_dense500.npz,0.75,67,66,65,-1,3,3,10,11,7,7
bidisperse_a0.005_sr0.667_x0.75_N4000_L24_T400000_seed1_cont1_dense500.npz,0.75,68,65,60,-5,2,1,5,6,3,8
bidisperse_a0.005_sr0.667_x0.75_N4000_L24_T400000_seed1_cont1_dense500.npz,0.75,69,60,61,1,4,2,5,7,8,7
bidisperse_a0.005_sr0.667_x0.75_N4000_L24_T400000_seed1_cont1_dense500.npz,0.75,70,61,56,-5,3,4,6,8,6,8
bidisperse_a0.005_sr0.667_x0.75_N4000_L24_T400000_seed1_cont1_dense500.npz,0.75,71,56,63,7,2,2,13,3,5,7
bidisperse_a0.005_sr0.667_x0.75_N4000_L24_T400000_seed1_cont1_dense500.npz,0.75,72,63,55,-8,2,3,7,8,5,10
bidisperse_a0.005_sr0.667_x0.75_N4000_L24_T400000_seed1_cont1_dense500.npz,0.75,73,55,62,7,5,2,7,6,11,8
bidisperse_a0.005_sr0.667_x0.75_N4000_L24_T400000_seed1_cont1_dense500.npz,0.75,74,62,69,7,4,4,9,5,9,6
bidisperse_a0.005_sr0.667_x0.75_N4000_L24_T400000_seed1_cont1_dense500.npz,0.75,75,69,63,-6,7,4,4,10,3,7
bidisperse_a0.005_sr0.667_x0.75_N4000_L24_T400000_seed1_cont1_dense500.npz,0.75,76,63,54,-9,0,8,5,6,5,4
bidisperse_a0.005_sr0.667_x0.75_N4000_L24_T400000_seed1_cont1_dense500.npz,0.75,77,54,57,3,2,1,4,3,5,4
bidisperse_a0.005_sr0.667_x0.75_N4000_L24_T400000_seed1_cont1_dense500.npz,0.75,78,57,59,2,3,1,6,8,4,2
bidisperse_a0.005_sr0.667_x0.75_N4000_L24_T400000_seed1_cont1_dense500.npz,0.75,79,59,64,5,1,1,12,5,5,7
bidisperse_a0.005_sr0.667_x0.75_N4000_L24_T400000_seed1_cont1_dense500.npz,0.75,80,64,53,-11,0,3,4,10,5,7
bidisperse_a0.005_sr0.667_x0.75_N4000_L24_T400000_seed1_cont1_dense500.npz,0.75,81,53,65,12,2,1,11,4,5,1
bidisperse_a0.005_sr0.667_x0.75_N4000_L24_T400000_seed1_cont1_dense500.npz,0.75,82,65,62,-3,3,2,7,10,1,2
bidisperse_a0.005_sr0.667_x0.75_N4000_L24_T400000_seed1_cont1_dense500.npz,0.75,83,62,59,-3,3,3,6,6,0,3
bidisperse_a0.005_sr0.667_x0.75_N4000_L24_T400000_seed1_cont1_dense500.npz,0.75,84,59,52,-7,1,4,2,6,7,7
bidisperse_a0.005_sr0.667_x0.75_N4000_L24_T400000_seed1_cont1_dense500.npz,0.75,85,52,58,6,4,1,6,3,7,7
bidisperse_a0.005_sr0.667_x0.75_N4000_L24_T400000_seed1_cont1_dense500.npz,0.75,86,58,66,8,7,2,6,3,6,6
bidisperse_a0.005_sr0.667_x0.75_N4000_L24_T400000_seed1_cont1_dense500.npz,0.75,87,66,64,-2,2,6,5,5,8,6
bidisperse_a0.005_sr0.667_x0.75_N4000_L24_T400000_seed1_cont1_dense500.npz,0.75,88,64,59,-5,0,2,8,7,4,8
bidisperse_a0.005_sr0.667_x0.75_N4000_L24_T400000_seed1_cont1_dense500.npz,0.75,89,59,68,9,2,1,6,6,9,1
bidisperse_a0.005_sr0.667_x0.75_N4000_L24_T400000_seed1_cont1_dense500.npz,0.75,90,68,60,-8,2,1,4,6,5,12
bidisperse_a0.005_sr0.667_x0.75_N4000_L24_T400000_seed1_cont1_dense500.npz,0.75,91,60,61,1,2,3,4,6,8,4
bidisperse_a0.005_sr0.667_x0.75_N4000_L24_T400000_seed1_cont1_dense500.npz,0.75,92,61,59,-2,2,1,4,6,5,6
bidisperse_a0.005_sr0.667_x0.75_N4000_L24_T400000_seed1_cont1_dense500.npz,0.75,93,59,63,4,3,1,8,5,6,5
bidisperse_a0.005_sr0.667_x0.75_N4000_L24_T400000_seed1_cont1_dense500.npz,0.75,94,63,62,-1,4,5,9,2,5,11
bidisperse_a0.005_sr0.667_x0.75_N4000_L24_T400000_seed1_cont1_dense500.npz,0.75,95,62,78,16,9,2,8,7,14,6
bidisperse_a0.005_sr0.667_x0.75_N4000_L24_T400000_seed1_cont1_dense500.npz,0.75,96,78,61,-17,3,4,1,9,3,11
bidisperse_a0.005_sr0.667_x0.75_N4000_L24_T400000_seed1_cont1_dense500.npz,0.75,97,61,71,10,1,2,10,4,9,4
bidisperse_a0.005_sr0.667_x0.75_N4000_L24_T400000_seed1_cont1_dense500.npz,0.75,98,71,53,-18,0,4,3,10,4,11
bidisperse_a0.005_sr0.667_x0.75_N4000_L24_T400000_seed1_cont1_dense500.npz,0.75,99,53,70,17,5,1,12,3,9,5
bidisperse_a0.005_sr0.667_x0.75_N4000_L24_T400000_seed1_cont1_dense500.npz,0.75,100,70,67,-3,2,5,10,11,7,4
bidisperse_a0.005_sr0.667_x0.75_N4000_L24_T400000_seed1_cont1_dense500.npz,0.75,101,67,67,0,3,3,9,5,7,11
bidisperse_a0.005_sr0.667_x0.75_N4000_L24_T400000_seed1_cont1_dense500.npz,0.75,102,67,60,-7,1,4,5,6,7,10
bidisperse_a0.005_sr0.667_x0.75_N4000_L24_T400000_seed1_cont1_dense500.npz,0.75,103,60,69,9,7,1,7,8,6,2
bidisperse_a0.005_sr0.667_x0.75_N4000_L24_T400000_seed1_cont1_dense500.npz,0.75,104,69,63,-6,1,5,3,8,9,5
bidisperse_a0.005_sr0.667_x0.75_N4000_L24_T400000_seed1_cont1_dense500.npz,0.75,105,63,63,0,1,1,9,6,3,6
bidisperse_a0.005_sr0.667_x0.75_N4000_L24_T400000_seed1_cont1_dense500.npz,0.75,106,63,62,-1,2,3,5,7,6,4
bidisperse_a0.005_sr0.667_x0.75_N4000_L24_T400000_seed1_cont1_dense500.npz,0.75,107,62,67,5,5,2,11,5,6,9
bidisperse_a0.005_sr0.667_x0.75_N4000_L24_T400000_seed1_cont1_dense500.npz,0.75,108,67,61,-6,1,4,6,7,9,11
bidisperse_a0.005_sr0.667_x0.75_N4000_L24_T400000_seed1_cont1_dense500.npz,0.75,109,61,66,5,6,1,5,7,8,6
bidisperse_a0.005_sr0.667_x0.75_N4000_L24_T400000_seed1_cont1_dense500.npz,0.75,110,66,62,-4,1,4,5,5,8,9
bidisperse_a0.005_sr0.667_x0.75_N4000_L24_T400000_seed1_cont1_dense500.npz,0.75,111,62,60,-2,2,3,5,6,7,7
bidisperse_a0.005_sr0.667_x0.75_N4000_L24_T400000_seed1_cont1_dense500.npz,0.75,112,60,59,-1,2,3,6,4,3,6
bidisperse_a0.005_sr0.667_x0.75_N4000_L24_T400000_seed1_cont1_dense500.npz,0.75,113,59,62,3,2,1,8,5,6,6
bidisperse_a0.005_sr0.667_x0.75_N4000_L24_T400000_seed1_cont1_dense500.npz,0.75,114,62,58,-4,0,3,5,6,5,5
bidisperse_a0.005_sr0.667_x0.75_N4000_L24_T400000_seed1_cont1_dense500.npz,0.75,115,58,63,5,4,0,8,3,7,11
bidisperse_a0.005_sr0.667_x0.75_N4000_L24_T400000_seed1_cont1_dense500.npz,0.75,116,63,64,1,1,1,5,7,8,5
bidisperse_a0.005_sr0.667_x0.75_N4000_L24_T400000_seed1_cont1_dense500.npz,0.75,117,64,66,2,2,1,9,8,4,4
bidisperse_a0.005_sr0.667_x0.75_N4000_L24_T400000_seed1_cont1_dense500.npz,0.75,118,66,63,-3,3,3,4,6,10,11
bidisperse_a0.005_sr0.667_x0.75_N4000_L24_T400000_seed1_cont1_dense500.npz,0.75,119,63,61,-2,6,2,5,10,6,7
bidisperse_a0.005_sr0.667_x0.75_N4000_L24_T400000_seed1_cont1_dense500.npz,0.75,120,61,58,-3,4,4,5,7,5,7
bidisperse_a0.005_sr0.667_x0.75_N4000_L24_T400000_seed1_cont1_dense500.npz,0.75,121,58,63,5,2,2,6,5,9,5
bidisperse_a0.005_sr0.667_x0.75_N4000_L24_T400000_seed1_cont1_dense500.npz,0.75,122,63,66,3,0,3,9,5,5,4
bidisperse_a0.005_sr0.667_x0.75_N4000_L24_T400000_seed1_cont1_dense500.npz,0.75,123,66,61,-5,2,3,3,6,6,7
bidisperse_a0.005_sr0.667_x0.75_N4000_L24_T400000_seed1_cont1_dense500.npz,0.75,124,61,70,9,2,1,7,5,10,4
bidisperse_a0.005_sr0.667_x0.75_N4000_L24_T400000_seed1_cont1_dense500.npz,0.75,125,70,65,-5,2,4,6,4,0,6
bidisperse_a0.005_sr0.667_x0.75_N4000_L24_T400000_seed1_cont1_dense500.npz,0.75,126,65,64,-1,2,2,9,5,8,13
bidisperse_a0.005_sr0.667_x0.75_N4000_L24_T400000_seed1_cont1_dense500.npz,0.75,127,64,68,4,0,1,7,9,12,5
bidisperse_a0.005_sr0.667_x0.75_N4000_L24_T400000_seed1_cont1_dense500.npz,0.75,128,68,62,-6,3,2,2,6,4,7
bidisperse_a0.005_sr0.667_x0.75_N4000_L24_T400000_seed1_cont1_dense500.npz,0.75,129,62,68,6,3,2,9,2,6,8
bidisperse_a0.005_sr0.667_x0.75_N4000_L24_T400000_seed1_cont1_dense500.npz,0.75,130,68,63,-5,1,1,3,6,8,10
bidisperse_a0.005_sr0.667_x0.75_N4000_L24_T400000_seed1_cont1_dense500.npz,0.75,131,63,71,8,1,0,7,3,10,7
bidisperse_a0.005_sr0.667_x0.75_N4000_L24_T400000_seed1_cont1_dense500.npz,0.75,132,71,63,-8,1,4,4,5,7,11
bidisperse_a0.005_sr0.667_x0.75_N4000_L24_T400000_seed1_cont1_dense500.npz,0.75,133,63,61,-2,4,1,4,8,8,9
bidisperse_a0.005_sr0.667_x0.75_N4000_L24_T400000_seed1_cont1_dense500.npz,0.75,134,61,62,1,1,1,6,5,9,8
bidisperse_a0.005_sr0.667_x0.75_N4000_L24_T400000_seed1_cont1_dense500.npz,0.75,135,62,67,5,4,1,5,6,8,5
bidisperse_a0.005_sr0.667_x0.75_N4000_L24_T400000_seed1_cont1_dense500.npz,0.75,136,67,68,1,1,6,7,3,11,9
bidisperse_a0.005_sr0.667_x0.75_N4000_L24_T400000_seed1_cont1_dense500.npz,0.75,137,68,67,-1,1,1,2,2,13,14
bidisperse_a0.005_sr0.667_x0.75_N4000_L24_T400000_seed1_cont1_dense500.npz,0.75,138,67,65,-2,2,1,4,5,6,8
bidisperse_a0.005_sr0.667_x0.75_N4000_L24_T400000_seed1_cont1_dense500.npz,0.75,139,65,59,-6,1,4,4,6,7,8
bidisperse_a0.005_sr0.667_x0.75_N4000_L24_T400000_seed1_cont1_dense500.npz,0.75,140,59,61,2,2,1,2,3,5,3
bidisperse_a0.005_sr0.667_x0.75_N4000_L24_T400000_seed1_cont1_dense500.npz,0.75,141,61,60,-1,2,3,4,2,3,5
bidisperse_a0.005_sr0.667_x0.75_N4000_L24_T400000_seed1_cont1_dense500.npz,0.75,142,60,65,5,1,1,5,2,9,6
bidisperse_a0.005_sr0.667_x0.75_N4000_L24_T400000_seed1_cont1_dense500.npz,0.75,143,65,69,4,4,1,5,4,8,8
bidisperse_a0.005_sr0.667_x0.75_N4000_L24_T400000_seed1_cont1_dense500.npz,0.75,144,69,66,-3,3,3,4,5,5,7
bidisperse_a0.005_sr0.667_x0.75_N4000_L24_T400000_seed1_cont1_dense500.npz,0.75,145,66,61,-5,0,2,7,3,6,12
bidisperse_a0.005_sr0.667_x0.75_N4000_L24_T400000_seed1_cont1_dense500.npz,0.75,146,61,61,0,3,0,4,7,7,7
bidisperse_a0.005_sr0.667_x0.75_N4000_L24_T400000_seed1_cont1_dense500.npz,0.75,147,61,64,3,0,2,9,1,6,8
bidisperse_a0.005_sr0.667_x0.75_N4000_L24_T400000_seed1_cont1_dense500.npz,0.75,148,64,62,-2,1,1,4,9,6,3
bidisperse_a0.005_sr0.667_x0.75_N4000_L24_T400000_seed1_cont1_dense500.npz,0.75,149,62,64,2,1,2,6,3,4,4
bidisperse_a0.005_sr0.667_x0.75_N4000_L24_T400000_seed1_cont1_dense500.npz,0.75,150,64,61,-3,0,1,4,5,6,7
bidisperse_a0.005_sr0.667_x0.75_N4000_L24_T400000_seed1_cont1_dense500.npz,0.75,151,61,65,4,3,0,6,4,3,4
bidisperse_a0.005_sr0.667_x0.75_N4000_L24_T400000_seed1_cont1_dense500.npz,0.75,152,65,64,-1,3,0,4,6,3,5
bidisperse_a0.005_sr0.667_x0.75_N4000_L24_T400000_seed1_cont1_dense500.npz,0.75,153,64,70,6,2,3,5,3,11,6
bidisperse_a0.005_sr0.667_x0.75_N4000_L24_T400000_seed1_cont1_dense500.npz,0.75,154,70,63,-7,0,4,4,4,7,10
bidisperse_a0.005_sr0.667_x0.75_N4000_L24_T400000_seed1_cont1_dense500.npz,0.75,155,63,65,2,2,0,5,6,4,3
bidisperse_a0.005_sr0.667_x0.75_N4000_L24_T400000_seed1_cont1_dense500.npz,0.75,156,65,72,7,2,1,6,5,8,3
bidisperse_a0.005_sr0.667_x0.75_N4000_L24_T400000_seed1_cont1_dense500.npz,0.75,157,72,68,-4,1,1,3,8,6,5
bidisperse_a0.005_sr0.667_x0.75_N4000_L24_T400000_seed1_cont1_dense500.npz,0.75,158,68,67,-1,3,2,4,2,3,7
bidisperse_a0.005_sr0.667_x0.75_N4000_L24_T400000_seed1_cont1_dense500.npz,0.75,159,67,71,4,4,4,4,4,7,3
bidisperse_a0.005_sr0.667_x0.75_N4000_L24_T400000_seed1_cont1_dense500.npz,0.75,160,71,70,-1,2,4,6,6,7,7
bidisperse_a0.005_sr0.667_x0.75_N4000_L24_T400000_seed1_cont1_dense500.npz,0.75,161,70,65,-5,0,2,4,1,6,12
bidisperse_a0.005_sr0.667_x0.75_N4000_L24_T400000_seed1_cont1_dense500.npz,0.75,162,65,70,5,1,0,8,8,8,4
bidisperse_a0.005_sr0.667_x0.75_N4000_L24_T400000_seed1_cont1_dense500.npz,0.75,163,70,65,-5,0,1,8,7,7,12
bidisperse_a0.005_sr0.667_x0.75_N4000_L24_T400000_seed1_cont1_dense500.npz,0.75,164,65,69,4,2,0,3,3,11,9
bidisperse_a0.005_sr0.667_x0.75_N4000_L24_T400000_seed1_cont1_dense500.npz,0.75,165,69,65,-4,0,2,2,4,9,9
bidisperse_a0.005_sr0.667_x0.75_N4000_L24_T400000_seed1_cont1_dense500.npz,0.75,166,65,74,9,3,0,6,4,11,7
bidisperse_a0.005_sr0.667_x0.75_N4000_L24_T400000_seed1_cont1_dense500.npz,0.75,167,74,77,3,2,2,10,6,5,6
bidisperse_a0.005_sr0.667_x0.75_N4000_L24_T400000_seed1_cont1_dense500.npz,0.75,168,77,71,-6,3,3,6,8,7,11
bidisperse_a0.005_sr0.667_x0.75_N4000_L24_T400000_seed1_cont1_dense500.npz,0.75,169,71,64,-7,1,4,3,8,11,10
bidisperse_a0.005_sr0.667_x0.75_N4000_L24_T400000_seed1_cont1_dense500.npz,0.75,170,64,82,18,5,1,13,0,8,6
bidisperse_a0.005_sr0.667_x0.75_N4000_L24_T400000_seed1_cont1_dense500.npz,0.75,171,82,71,-11,0,5,3,8,7,8
bidisperse_a0.005_sr0.667_x0.75_N4000_L24_T400000_seed1_cont1_dense500.npz,0.75,172,71,69,-2,0,1,4,5,8,8
bidisperse_a0.005_sr0.667_x0.75_N4000_L24_T400000_seed1_cont1_dense500.npz,0.75,173,69,68,-1,0,1,5,3,8,10
bidisperse_a0.005_sr0.667_x0.75_N4000_L24_T400000_seed1_cont1_dense500.npz,0.75,174,68,71,3,3,0,4,5,11,10
bidisperse_a0.005_sr0.667_x0.75_N4000_L24_T400000_seed1_cont1_dense500.npz,0.75,175,71,68,-3,2,1,4,7,9,10
bidisperse_a0.005_sr0.667_x0.75_N4000_L24_T400000_seed1_cont1_dense500.npz,0.75,176,68,64,-4,1,4,3,6,9,7
bidisperse_a0.005_sr0.667_x0.75_N4000_L24_T400000_seed1_cont1_dense500.npz,0.75,177,64,64,0,1,1,5,2,7,10
bidisperse_a0.005_sr0.667_x0.75_N4000_L24_T400000_seed1_cont1_dense500.npz,0.75,178,64,73,9,1,0,8,4,8,4
bidisperse_a0.005_sr0.667_x0.75_N4000_L24_T400000_seed1_cont1_dense500.npz,0.75,179,73,70,-3,3,3,6,6,3,6
bidisperse_a0.005_sr0.667_x0.75_N4000_L24_T400000_seed1_cont1_dense500.npz,0.75,180,70,67,-3,2,2,2,6,6,5
bidisperse_a0.005_sr0.667_x0.75_N4000_L24_T400000_seed1_cont1_dense500.npz,0.75,181,67,77,10,1,0,8,2,12,9
bidisperse_a0.005_sr0.667_x0.75_N4000_L24_T400000_seed1_cont1_dense500.npz,0.75,182,77,71,-6,0,3,3,6,8,8
bidisperse_a0.005_sr0.667_x0.75_N4000_L24_T400000_seed1_cont1_dense500.npz,0.75,183,71,70,-1,1,0,6,10,11,9
bidisperse_a0.005_sr0.667_x0.75_N4000_L24_T400000_seed1_cont1_dense500.npz,0.75,184,70,73,3,0,0,9,5,9,10
bidisperse_a0.005_sr0.667_x0.75_N4000_L24_T400000_seed1_cont1_dense500.npz,0.75,185,73,72,-1,2,1,5,6,7,8
bidisperse_a0.005_sr0.667_x0.75_N4000_L24_T400000_seed1_cont1_dense500.npz,0.75,186,72,72,0,0,1,7,6,7,7
bidisperse_a0.005_sr0.667_x0.75_N4000_L24_T400000_seed1_cont1_dense500.npz,0.75,187,72,69,-3,1,1,4,9,11,9
bidisperse_a0.005_sr0.667_x0.75_N4000_L24_T400000_seed1_cont1_dense500.npz,0.75,188,69,73,4,1,0,9,6,9,9
bidisperse_a0.005_sr0.667_x0.75_N4000_L24_T400000_seed1_cont1_dense500.npz,0.75,189,73,74,1,3,2,6,5,9,11
bidisperse_a0.005_sr0.667_x0.75_N4000_L24_T400000_seed1_cont1_dense500.npz,0.75,190,74,69,-5,0,3,5,9,10,10
bidisperse_a0.005_sr0.667_x0.75_N4000_L24_T400000_seed1_cont1_dense500.npz,0.75,191,69,63,-6,0,0,3,7,9,11
bidisperse_a0.005_sr0.667_x0.75_N4000_L24_T400000_seed1_cont1_dense500.npz,0.75,192,63,68,5,0,0,10,5,7,7
bidisperse_a0.005_sr0.667_x0.75_N4000_L24_T400000_seed1_cont1_dense500.npz,0.75,193,68,64,-4,4,2,1,4,8,11
bidisperse_a0.005_sr0.667_x0.75_N4000_L24_T400000_seed1_cont1_dense500.npz,0.75,194,64,71,7,0,5,8,0,11,7
bidisperse_a0.005_sr0.667_x0.75_N4000_L24_T400000_seed1_cont1_dense500.npz,0.75,195,71,65,-6,1,0,2,10,8,7
bidisperse_a0.005_sr0.667_x0.75_N4000_L24_T400000_seed1_cont1_dense500.npz,0.75,196,65,68,3,6,1,5,5,6,8
bidisperse_a0.005_sr0.667_x0.75_N4000_L24_T400000_seed1_cont1_dense500.npz,0.75,197,68,64,-4,0,6,3,3,9,7
bidisperse_a0.005_sr0.667_x0.75_N4000_L24_T400000_seed1_cont1_dense500.npz,0.75,198,64,55,-9,1,2,3,8,4,7
bidisperse_a0.005_sr0.667_x0.75_N4000_L24_T400000_seed1_cont1_dense500.npz,0.75,199,55,69,14,4,1,7,2,11,5
bidisperse_a0.005_sr0.667_x0.75_N4000_L24_T400000_seed1_cont1_dense500.npz,0.75,200,69,72,3,3,2,4,7,11,6
bidisperse_a0.005_sr0.667_x0.75_N4000_L24_T400000_seed1_cont1_dense500.npz,0.75,201,72,65,-7,3,4,4,7,6,9
bidisperse_a0.005_sr0.667_x0.75_N4000_L24_T400000_seed1_cont1_dense500.npz,0.75,202,65,65,0,1,3,2,2,15,14
bidisperse_a0.005_sr0.667_x0.75_N4000_L24_T400000_seed1_cont1_dense500.npz,0.75,203,65,66,1,2,1,4,4,11,11
bidisperse_a0.005_sr0.667_x0.75_N4000_L24_T400000_seed1_cont1_dense500.npz,0.75,204,66,65,-1,2,2,3,3,8,10
bidisperse_a0.005_sr0.667_x0.75_N4000_L24_T400000_seed1_cont1_dense500.npz,0.75,205,65,75,10,2,2,10,6,10,4
bidisperse_a0.005_sr0.667_x0.75_N4000_L24_T400000_seed1_cont1_dense500.npz,0.75,206,75,61,-14,1,1,3,10,4,12
bidisperse_a0.005_sr0.667_x0.75_N4000_L24_T400000_seed1_cont1_dense500.npz,0.75,207,61,68,7,2,1,6,2,7,5
bidisperse_a0.005_sr0.667_x0.75_N4000_L24_T400000_seed1_cont1_dense500.npz,0.75,208,68,69,1,3,2,8,8,8,8
bidisperse_a0.005_sr0.667_x0.75_N4000_L24_T400000_seed1_cont1_dense500.npz,0.75,209,69,66,-3,0,3,4,8,8,4
bidisperse_a0.005_sr0.667_x0.75_N4000_L24_T400000_seed1_cont1_dense500.npz,0.75,210,66,68,2,0,0,6,4,6,6
bidisperse_a0.005_sr0.667_x0.75_N4000_L24_T400000_seed1_cont1_dense500.npz,0.75,211,68,67,-1,2,3,4,5,3,2
bidisperse_a0.005_sr0.667_x0.75_N4000_L24_T400000_seed1_cont1_dense500.npz,0.75,212,67,72,5,3,2,12,2,2,8
bidisperse_a0.005_sr0.667_x0.75_N4000_L24_T400000_seed1_cont1_dense500.npz,0.75,213,72,57,-15,0,3,2,9,7,12
bidisperse_a0.005_sr0.667_x0.75_N4000_L24_T400000_seed1_cont1_dense500.npz,0.75,214,57,65,8,2,0,5,5,9,3
bidisperse_a0.005_sr0.667_x0.75_N4000_L24_T400000_seed1_cont1_dense500.npz,0.75,215,65,59,-6,3,3,2,5,5,8
bidisperse_a0.005_sr0.667_x0.75_N4000_L24_T400000_seed1_cont1_dense500.npz,0.75,216,59,58,-1,3,2,6,1,5,11
bidisperse_a0.005_sr0.667_x0.75_N4000_L24_T400000_seed1_cont1_dense500.npz,0.75,217,58,60,2,0,5,4,2,14,9
bidisperse_a0.005_sr0.667_x0.75_N4000_L24_T400000_seed1_cont1_dense500.npz,0.75,218,60,64,4,3,1,4,2,12,12
bidisperse_a0.005_sr0.667_x0.75_N4000_L24_T400000_seed1_cont1_dense500.npz,0.75,219,64,59,-5,2,3,5,6,4,7
bidisperse_a0.005_sr0.667_x0.75_N4000_L24_T400000_seed1_cont1_dense500.npz,0.75,220,59,60,1,6,2,5,3,4,9
bidisperse_a0.005_sr0.667_x0.75_N4000_L24_T400000_seed1_cont1_dense500.npz,0.75,221,60,61,1,2,2,4,3,10,10
bidisperse_a0.005_sr0.667_x0.75_N4000_L24_T400000_seed1_cont1_dense500.npz,0.75,222,61,59,-2,0,3,6,7,7,5
bidisperse_a0.005_sr0.667_x0.75_N4000_L24_T400000_seed1_cont1_dense500.npz,0.75,223,59,62,3,2,0,9,3,2,7
bidisperse_a0.005_sr0.667_x0.75_N4000_L24_T400000_seed1_cont1_dense500.npz,0.75,224,62,58,-4,2,3,5,6,8,10
bidisperse_a0.005_sr0.667_x0.75_N4000_L24_T400000_seed1_cont1_dense500.npz,0.75,225,58,58,0,2,2,3,4,8,7
bidisperse_a0.005_sr0.667_x0.75_N4000_L24_T400000_seed1_cont1_dense500.npz,0.75,226,58,60,2,2,2,4,5,6,3
bidisperse_a0.005_sr0.667_x0.75_N4000_L24_T400000_seed1_cont1_dense500.npz,0.75,227,60,64,4,6,2,6,4,4,6
bidisperse_a0.005_sr0.667_x0.75_N4000_L24_T400000_seed1_cont1_dense500.npz,0.75,228,64,63,-1,1,7,5,6,11,5
bidisperse_a0.005_sr0.667_x0.75_N4000_L24_T400000_seed1_cont1_dense500.npz,0.75,229,63,65,2,1,1,6,3,7,8
bidisperse_a0.005_sr0.667_x0.75_N4000_L24_T400000_seed1_cont1_dense500.npz,0.75,230,65,60,-5,1,0,0,7,6,5
bidisperse_a0.005_sr0.667_x0.75_N4000_L24_T400000_seed1_cont1_dense500.npz,0.75,231,60,61,1,2,1,6,2,5,9
bidisperse_a0.005_sr0.667_x0.75_N4000_L24_T400000_seed1_cont1_dense500.npz,0.75,232,61,62,1,1,2,5,5,7,5
bidisperse_a0.005_sr0.667_x0.75_N4000_L24_T400000_seed1_cont1_dense500.npz,0.75,233,62,64,2,4,0,4,6,6,6
bidisperse_a0.005_sr0.667_x0.75_N4000_L24_T400000_seed1_cont1_dense500.npz,0.75,234,64,61,-3,1,5,4,6,8,4
bidisperse_a0.005_sr0.667_x0.75_N4000_L24_T400000_seed1_cont1_dense500.npz,0.75,235,61,57,-4,1,1,4,6,5,7
bidisperse_a0.005_sr0.667_x0.75_N4000_L24_T400000_seed1_cont1_dense500.npz,0.75,236,57,55,-2,2,2,5,4,3,6
bidisperse_a0.005_sr0.667_x0.75_N4000_L24_T400000_seed1_cont1_dense500.npz,0.75,237,55,62,7,1,3,8,3,9,5
bidisperse_a0.005_sr0.667_x0.75_N4000_L24_T400000_seed1_cont1_dense500.npz,0.75,238,62,56,-6,0,2,3,8,5,3
bidisperse_a0.005_sr0.667_x0.75_N4000_L24_T400000_seed1_cont1_dense500.npz,0.75,239,56,57,1,2,1,6,4,5,7
bidisperse_a0.005_sr0.667_x0.75_N4000_L24_T400000_seed1_cont1_dense500.npz,0.75,240,57,63,6,2,1,7,3,6,3
bidisperse_a0.005_sr0.667_x0.75_N4000_L24_T400000_seed1_cont1_dense500.npz,0.75,241,63,56,-7,2,2,2,7,5,7
bidisperse_a0.005_sr0.667_x0.75_N4000_L24_T400000_seed1_cont1_dense500.npz,0.75,242,56,62,6,2,3,6,5,8,2
bidisperse_a0.005_sr0.667_x0.75_N4000_L24_T400000_seed1_cont1_dense500.npz,0.75,243,62,55,-7,3,0,3,7,2,8
bidisperse_a0.005_sr0.667_x0.75_N4000_L24_T400000_seed1_cont1_dense500.npz,0.75,244,55,61,6,3,2,12,5,4,6
bidisperse_a0.005_sr0.667_x0.75_N4000_L24_T400000_seed1_cont1_dense500.npz,0.75,245,61,56,-5,2,4,3,8,8,6
bidisperse_a0.005_sr0.667_x0.75_N4000_L24_T400000_seed1_cont1_dense500.npz,0.75,246,56,58,2,5,2,4,4,3,4
bidisperse_a0.005_sr0.667_x0.75_N4000_L24_T400000_seed1_cont1_dense500.npz,0.75,247,58,61,3,0,2,5,5,6,1
bidisperse_a0.005_sr0.667_x0.75_N4000_L24_T400000_seed1_cont1_dense500.npz,0.75,248,61,61,0,3,0,5,10,8,6
bidisperse_a0.005_sr0.667_x0.75_N4000_L24_T400000_seed1_cont1_dense500.npz,0.75,249,61,55,-6,1,2,3,6,4,6
bidisperse_a0.005_sr0.667_x0.75_N4000_L24_T400000_seed1_cont1_dense500.npz,0.75,250,55,60,5,2,2,10,2,6,9
bidisperse_a0.005_sr0.667_x0.75_N4000_L24_T400000_seed1_cont1_dense500.npz,0.75,251,60,58,-2,2,3,2,9,11,5
bidisperse_a0.005_sr0.667_x0.75_N4000_L24_T400000_seed1_cont1_dense500.npz,0.75,252,58,60,2,1,3,9,3,5,7
bidisperse_a0.005_sr0.667_x0.75_N4000_L24_T400000_seed1_cont1_dense500.npz,0.75,253,60,60,0,1,1,5,10,9,4
bidisperse_a0.005_sr0.667_x0.75_N4000_L24_T400000_seed1_cont1_dense500.npz,0.75,254,60,66,6,2,1,11,7,6,5
bidisperse_a0.005_sr0.667_x0.75_N4000_L24_T400000_seed1_cont1_dense500.npz,0.75,255,66,64,-2,4,2,6,9,5,6
bidisperse_a0.005_sr0.667_x0.75_N4000_L24_T400000_seed1_cont1_dense500.npz,0.75,256,64,64,0,0,3,7,4,5,5
bidisperse_a0.005_sr0.667_x0.75_N4000_L24_T400000_seed1_cont1_dense500.npz,0.75,257,64,65,1,3,1,7,7,4,5
bidisperse_a0.005_sr0.667_x0.75_N4000_L24_T400000_seed1_cont1_dense500.npz,0.75,258,65,58,-7,0,2,4,9,5,5
bidisperse_a0.005_sr0.667_x0.75_N4000_L24_T400000_seed1_cont1_dense500.npz,0.75,259,58,66,8,2,0,10,4,6,6
bidisperse_a0.005_sr0.667_x0.75_N4000_L24_T400000_seed1_cont1_dense500.npz,0.75,260,66,60,-6,0,2,4,9,7,6
bidisperse_a0.005_sr0.667_x0.75_N4000_L24_T400000_seed1_cont1_dense500.npz,0.75,261,60,61,1,1,0,5,5,3,3
bidisperse_a0.005_sr0.667_x0.75_N4000_L24_T400000_seed1_cont1_dense500.npz,0.75,262,61,66,5,1,1,5,4,11,7
bidisperse_a0.005_sr0.667_x0.75_N4000_L24_T400000_seed1_cont1_dense500.npz,0.75,263,66,63,-3,0,3,6,5,5,6
bidisperse_a0.005_sr0.667_x0.75_N4000_L24_T400000_seed1_cont1_dense500.npz,0.75,264,63,59,-4,1,0,2,8,9,8
bidisperse_a0.005_sr0.667_x0.75_N4000_L24_T400000_seed1_cont1_dense500.npz,0.75,265,59,62,3,0,2,6,1,5,5
bidisperse_a0.005_sr0.667_x0.75_N4000_L24_T400000_seed1_cont1_dense500.npz,0.75,266,62,65,3,3,1,4,6,4,1
bidisperse_a0.005_sr0.667_x0.75_N4000_L24_T400000_seed1_cont1_dense500.npz,0.75,267,65,53,-12,3,4,5,6,2,12
bidisperse_a0.005_sr0.667_x0.75_N4000_L24_T400000_seed1_cont1_dense500.npz,0.75,268,53,55,2,1,4,1,2,11,5
bidisperse_a0.005_sr0.667_x0.75_N4000_L24_T400000_seed1_cont1_dense500.npz,0.75,269,55,59,4,2,0,5,1,3,5
bidisperse_a0.005_sr0.667_x0.75_N4000_L24_T400000_seed1_cont1_dense500.npz,0.75,270,59,55,-4,0,2,5,5,5,7
bidisperse_a0.005_sr0.667_x0.75_N4000_L24_T400000_seed1_cont1_dense500.npz,0.75,271,55,59,4,2,0,3,2,7,6
bidisperse_a0.005_sr0.667_x0.75_N4000_L24_T400000_seed1_cont1_dense500.npz,0.75,272,59,58,-1,3,2,1,2,3,4
bidisperse_a0.005_sr0.667_x0.75_N4000_L24_T400000_seed1_cont1_dense500.npz,0.75,273,58,58,0,1,1,4,2,4,6
bidisperse_a0.005_sr0.667_x0.75_N4000_L24_T400000_seed1_cont1_dense500.npz,0.75,274,58,63,5,5,1,8,6,5,6
bidisperse_a0.005_sr0.667_x0.75_N4000_L24_T400000_seed1_cont1_dense500.npz,0.75,275,63,60,-3,0,3,5,6,7,7
bidisperse_a0.005_sr0.667_x0.75_N4000_L24_T400000_seed1_cont1_dense500.npz,0.75,276,60,61,1,1,0,8,6,2,4
bidisperse_a0.005_sr0.667_x0.75_N4000_L24_T400000_seed1_cont1_dense500.npz,0.75,277,61,59,-2,0,2,7,8,4,3
bidisperse_a0.005_sr0.667_x0.75_N4000_L24_T400000_seed1_cont1_dense500.npz,0.75,278,59,60,1,2,0,6,8,4,3
bidisperse_a0.005_sr0.667_x0.75_N4000_L24_T400000_seed1_cont1_dense500.npz,0.75,279,60,58,-2,0,1,6,5,3,5
bidisperse_a0.005_sr0.667_x0.75_N4000_L24_T400000_seed1_cont1_dense500.npz,0.75,280,58,59,1,2,0,4,4,5,6
bidisperse_a0.005_sr0.667_x0.75_N4000_L24_T400000_seed1_cont1_dense500.npz,0.75,281,59,57,-2,0,2,6,4,2,4
bidisperse_a0.005_sr0.667_x0.75_N4000_L24_T400000_seed1_cont1_dense500.npz,0.75,282,57,62,5,1,1,6,4,8,5
bidisperse_a0.005_sr0.667_x0.75_N4000_L24_T400000_seed1_cont1_dense500.npz,0.75,283,62,65,3,2,1,6,3,6,7
bidisperse_a0.005_sr0.667_x0.75_N4000_L24_T400000_seed1_cont1_dense500.npz,0.75,284,65,62,-3,3,0,6,8,2,5
bidisperse_a0.005_sr0.667_x0.75_N4000_L24_T400000_seed1_cont1_dense500.npz,0.75,285,62,63,1,0,4,5,5,7,2
bidisperse_a0.005_sr0.667_x0.75_N4000_L24_T400000_seed1_cont1_dense500.npz,0.75,286,63,58,-5,1,1,6,6,1,6
bidisperse_a0.005_sr0.667_x0.75_N4000_L24_T400000_seed1_cont1_dense500.npz,0.75,287,58,60,2,1,1,7,6,6,5
bidisperse_a0.005_sr0.667_x0.75_N4000_L24_T400000_seed1_cont1_dense500.npz,0.75,288,60,61,1,0,2,9,6,3,3
bidisperse_a0.005_sr0.667_x0.75_N4000_L24_T400000_seed1_cont1_dense500.npz,0.75,289,61,65,4,2,0,9,5,4,6
bidisperse_a0.005_sr0.667_x0.75_N4000_L24_T400000_seed1_cont1_dense500.npz,0.75,290,65,58,-7,0,2,5,8,5,7
bidisperse_a0.005_sr0.667_x0.75_N4000_L24_T400000_seed1_cont1_dense500.npz,0.75,291,58,62,4,2,0,5,6,6,3
bidisperse_a0.005_sr0.667_x0.75_N4000_L24_T400000_seed1_cont1_dense500.npz,0.75,292,62,66,4,1,1,8,6,7,5
bidisperse_a0.005_sr0.667_x0.75_N4000_L24_T400000_seed1_cont1_dense500.npz,0.75,293,66,65,-1,2,2,9,11,6,5
bidisperse_a0.005_sr0.667_x0.75_N4000_L24_T400000_seed1_cont1_dense500.npz,0.75,294,65,63,-2,0,3,7,6,6,6
bidisperse_a0.005_sr0.667_x0.75_N4000_L24_T400000_seed1_cont1_dense500.npz,0.75,295,63,60,-3,4,0,3,7,5,8
bidisperse_a0.005_sr0.667_x0.75_N4000_L24_T400000_seed1_cont1_dense500.npz,0.75,296,60,63,3,2,3,6,2,8,8
bidisperse_a0.005_sr0.667_x0.75_N4000_L24_T400000_seed1_cont1_dense500.npz,0.75,297,63,64,1,0,3,7,7,9,5
bidisperse_a0.005_sr0.667_x0.75_N4000_L24_T400000_seed1_cont1_dense500.npz,0.75,298,64,61,-3,1,2,6,5,6,9
bidisperse_a0.005_sr0.667_x0.75_N4000_L24_T400000_seed1_cont1_dense500.npz,0.75,299,61,62,1,2,2,6,3,5,7
bidisperse_a0.005_sr0.667_x0.75_N4000_L24_T400000_seed1_cont1_dense500.npz,0.75,300,62,55,-7,3,2,2,9,6,7
bidisperse_a0.005_sr0.667_x0.75_N4000_L24_T400000_seed1_cont1_dense500.npz,0.75,301,55,60,5,2,4,10,2,3,4
bidisperse_a0.005_sr0.667_x0.75_N4000_L24_T400000_seed1_cont1_dense500.npz,0.75,302,60,62,2,1,1,4,7,7,2
bidisperse_a0.005_sr0.667_x0.75_N4000_L24_T400000_seed1_cont1_dense500.npz,0.75,303,62,64,2,2,2,7,3,6,8
bidisperse_a0.005_sr0.667_x0.75_N4000_L24_T400000_seed1_cont1_dense500.npz,0.75,304,64,63,-1,0,1,3,5,9,7
bidisperse_a0.005_sr0.667_x0.75_N4000_L24_T400000_seed1_cont1_dense500.npz,0.75,305,63,67,4,4,0,4,5,8,7
bidisperse_a0.005_sr0.667_x0.75_N4000_L24_T400000_seed1_cont1_dense500.npz,0.75,306,67,71,4,2,4,9,5,7,5
bidisperse_a0.005_sr0.667_x0.75_N4000_L24_T400000_seed1_cont1_dense500.npz,0.75,307,71,64,-7,0,1,7,8,4,9
bidisperse_a0.005_sr0.667_x0.75_N4000_L24_T400000_seed1_cont1_dense500.npz,0.75,308,64,64,0,3,1,6,7,4,5
bidisperse_a0.005_sr0.667_x0.75_N4000_L24_T400000_seed1_cont1_dense500.npz,0.75,309,64,71,7,4,3,5,2,6,3
bidisperse_a0.005_sr0.667_x0.75_N4000_L24_T400000_seed1_cont1_dense500.npz,0.75,310,71,60,-11,0,1,1,5,8,14
bidisperse_a0.005_sr0.667_x0.75_N4000_L24_T400000_seed1_cont1_dense500.npz,0.75,311,60,63,3,0,3,5,2,8,5
bidisperse_a0.005_sr0.667_x0.75_N4000_L24_T400000_seed1_cont1_dense500.npz,0.75,312,63,64,1,3,1,2,5,7,5
bidisperse_a0.005_sr0.667_x0.75_N4000_L24_T400000_seed1_cont1_dense500.npz,0.75,313,64,62,-2,0,2,5,3,5,7
bidisperse_a0.005_sr0.667_x0.75_N4000_L24_T400000_seed1_cont1_dense500.npz,0.75,314,62,64,2,1,0,3,5,7,4
bidisperse_a0.005_sr0.667_x0.75_N4000_L24_T400000_seed1_cont1_dense500.npz,0.75,315,64,62,-2,0,1,5,2,6,10
bidisperse_a0.005_sr0.667_x0.75_N4000_L24_T400000_seed1_cont1_dense500.npz,0.75,316,62,61,-1,0,1,5,7,7,5
bidisperse_a0.005_sr0.667_x0.75_N4000_L24_T400000_seed1_cont1_dense500.npz,0.75,317,61,66,5,0,1,6,3,11,8
bidisperse_a0.005_sr0.667_x0.75_N4000_L24_T400000_seed1_cont1_dense500.npz,0.75,318,66,64,-2,2,1,4,3,5,9
bidisperse_a0.005_sr0.667_x0.75_N4000_L24_T400000_seed1_cont1_dense500.npz,0.75,319,64,59,-5,1,1,3,5,6,9
bidisperse_a0.005_sr0.667_x0.75_N4000_L24_T400000_seed1_cont1_dense500.npz,0.75,320,59,60,1,1,0,7,4,6,9
bidisperse_a0.005_sr0.667_x0.75_N4000_L24_T400000_seed1_cont1_dense500.npz,0.75,321,60,57,-3,0,2,4,4,8,9
bidisperse_a0.005_sr0.667_x0.75_N4000_L24_T400000_seed1_cont1_dense500.npz,0.75,322,57,59,2,4,4,3,4,6,2
bidisperse_a0.005_sr0.667_x0.75_N4000_L24_T400000_seed1_cont1_dense500.npz,0.75,323,59,64,5,4,2,5,2,7,8
bidisperse_a0.005_sr0.667_x0.75_N4000_L24_T400000_seed1_cont1_dense500.npz,0.75,324,64,53,-11,1,6,0,3,6,10
bidisperse_a0.005_sr0.667_x0.75_N4000_L24_T400000_seed1_cont1_dense500.npz,0.75,325,53,60,7,1,1,7,3,8,5
bidisperse_a0.005_sr0.667_x0.75_N4000_L24_T400000_seed1_cont1_dense500.npz,0.75,326,60,56,-4,1,1,3,7,4,4
bidisperse_a0.005_sr0.667_x0.75_N4000_L24_T400000_seed1_cont1_dense500.npz,0.75,327,56,61,5,1,1,7,2,4,4
bidisperse_a0.005_sr0.667_x0.75_N4000_L24_T400000_seed1_cont1_dense500.npz,0.75,328,61,59,-2,0,1,4,4,6,7
bidisperse_a0.005_sr0.667_x0.75_N4000_L24_T400000_seed1_cont1_dense500.npz,0.75,329,59,54,-5,0,0,5,6,2,6
bidisperse_a0.005_sr0.667_x0.75_N4000_L24_T400000_seed1_cont1_dense500.npz,0.75,330,54,63,9,4,0,5,3,7,4
bidisperse_a0.005_sr0.667_x0.75_N4000_L24_T400000_seed1_cont1_dense500.npz,0.75,331,63,64,1,0,2,6,3,4,4
bidisperse_a0.005_sr0.667_x0.75_N4000_L24_T400000_seed1_cont1_dense500.npz,0.75,332,64,58,-6,2,3,4,6,2,5
bidisperse_a0.005_sr0.667_x0.75_N4000_L24_T400000_seed1_cont1_dense500.npz,0.75,333,58,54,-4,0,3,4,6,6,5
bidisperse_a0.005_sr0.667_x0.75_N4000_L24_T400000_seed1_cont1_dense500.npz,0.75,334,54,58,4,0,0,5,4,5,2
bidisperse_a0.005_sr0.667_x0.75_N4000_L24_T400000_seed1_cont1_dense500.npz,0.75,335,58,56,-2,2,1,4,5,6,8
bidisperse_a0.005_sr0.667_x0.75_N4000_L24_T400000_seed1_cont1_dense500.npz,0.75,336,56,55,-1,1,3,3,6,9,5
bidisperse_a0.005_sr0.667_x0.75_N4000_L24_T400000_seed1_cont1_dense500.npz,0.75,337,55,54,-1,2,1,3,5,7,7
bidisperse_a0.005_sr0.667_x0.75_N4000_L24_T400000_seed1_cont1_dense500.npz,0.75,338,54,55,1,0,2,6,4,4,3
bidisperse_a0.005_sr0.667_x0.75_N4000_L24_T400000_seed1_cont1_dense500.npz,0.75,339,55,51,-4,5,1,1,3,3,9
bidisperse_a0.005_sr0.667_x0.75_N4000_L24_T400000_seed1_cont1_dense500.npz,0.75,340,51,55,4,5,1,3,4,7,5
bidisperse_a0.005_sr0.667_x0.75_N4000_L24_T400000_seed1_cont1_dense500.npz,0.75,341,55,55,0,4,6,5,0,5,8
bidisperse_a0.005_sr0.667_x0.75_N4000_L24_T400000_seed1_cont1_dense500.npz,0.75,342,55,56,1,3,3,6,7,8,6
bidisperse_a0.005_sr0.667_x0.75_N4000_L24_T400000_seed1_cont1_dense500.npz,0.75,343,56,51,-5,0,3,4,6,6,6
bidisperse_a0.005_sr0.667_x0.75_N4000_L24_T400000_seed1_cont1_dense500.npz,0.75,344,51,56,5,1,0,10,3,4,7
bidisperse_a0.005_sr0.667_x0.75_N4000_L24_T400000_seed1_cont1_dense500.npz,0.75,345,56,56,0,2,2,7,7,7,7
bidisperse_a0.005_sr0.667_x0.75_N4000_L24_T400000_seed1_cont1_dense500.npz,0.75,346,56,58,2,1,2,5,8,9,3
bidisperse_a0.005_sr0.667_x0.75_N4000_L24_T400000_seed1_cont1_dense500.npz,0.75,347,58,54,-4,0,2,3,7,5,3
bidisperse_a0.005_sr0.667_x0.75_N4000_L24_T400000_seed1_cont1_dense500.npz,0.75,348,54,52,-2,1,0,4,5,3,5
bidisperse_a0.005_sr0.667_x0.75_N4000_L24_T400000_seed1_cont1_dense500.npz,0.75,349,52,55,3,1,1,3,4,9,5
bidisperse_a0.005_sr0.667_x0.75_N4000_L24_T400000_seed1_cont1_dense500.npz,0.75,350,55,61,6,0,1,10,5,5,3
bidisperse_a0.005_sr0.667_x0.75_N4000_L24_T400000_seed1_cont1_dense500.npz,0.75,351,61,65,4,5,0,6,6,3,4
bidisperse_a0.005_sr0.667_x0.75_N4000_L24_T400000_seed1_cont1_dense500.npz,0.75,352,65,62,-3,2,3,7,6,4,6
bidisperse_a0.005_sr0.667_x0.75_N4000_L24_T400000_seed1_cont1_dense500.npz,0.75,353,62,56,-6,3,2,1,5,6,9
bidisperse_a0.005_sr0.667_x0.75_N4000_L24_T400000_seed1_cont1_dense500.npz,0.75,354,56,61,5,0,3,8,4,8,4
bidisperse_a0.005_sr0.667_x0.75_N4000_L24_T400000_seed1_cont1_dense500.npz,0.75,355,61,55,-6,1,2,5,6,4,8
bidisperse_a0.005_sr0.667_x0.75_N4000_L24_T400000_seed1_cont1_dense500.npz,0.75,356,55,56,1,2,2,7,4,5,7
bidisperse_a0.005_sr0.667_x0.75_N4000_L24_T400000_seed1_cont1_dense500.npz,0.75,357,56,58,2,2,1,4,5,6,4
bidisperse_a0.005_sr0.667_x0.75_N4000_L24_T400000_seed1_cont1_dense500.npz,0.75,358,58,60,2,1,0,3,6,11,7
bidisperse_a0.005_sr0.667_x0.75_N4000_L24_T400000_seed1_cont1_dense500.npz,0.75,359,60,63,3,2,1,8,4,8,10
bidisperse_a0.005_sr0.667_x0.75_N4000_L24_T400000_seed1_cont1_dense500.npz,0.75,360,63,60,-3,0,1,6,10,10,8
bidisperse_a0.005_sr0.667_x0.75_N4000_L24_T400000_seed1_cont1_dense500.npz,0.75,361,60,58,-2,3,0,5,6,5,9
bidisperse_a0.005_sr0.667_x0.75_N4000_L24_T400000_seed1_cont1_dense500.npz,0.75,362,58,61,3,1,3,8,5,6,4
bidisperse_a0.005_sr0.667_x0.75_N4000_L24_T400000_seed1_cont1_dense500.npz,0.75,363,61,60,-1,3,1,1,5,6,5
bidisperse_a0.005_sr0.667_x0.75_N4000_L24_T400000_seed1_cont1_dense500.npz,0.75,364,60,63,3,2,1,9,6,7,8
bidisperse_a0.005_sr0.667_x0.75_N4000_L24_T400000_seed1_cont1_dense500.npz,0.75,365,63,61,-2,1,2,5,8,9,7
bidisperse_a0.005_sr0.667_x0.75_N4000_L24_T400000_seed1_cont1_dense500.npz,0.75,366,61,60,-1,3,0,2,5,8,9
bidisperse_a0.005_sr0.667_x0.75_N4000_L24_T400000_seed1_cont1_dense500.npz,0.75,367,60,52,-8,1,3,2,6,6,8
bidisperse_a0.005_sr0.667_x0.75_N4000_L24_T400000_seed1_cont1_dense500.npz,0.75,368,52,60,8,2,1,1,2,10,2
bidisperse_a0.005_sr0.667_x0.75_N4000_L24_T400000_seed1_cont1_dense500.npz,0.75,369,60,63,3,2,2,4,2,6,5
bidisperse_a0.005_sr0.667_x0.75_N4000_L24_T400000_seed1_cont1_dense500.npz,0.75,370,63,56,-7,0,3,5,6,4,7
bidisperse_a0.005_sr0.667_x0.75_N4000_L24_T400000_seed1_cont1_dense500.npz,0.75,371,56,55,-1,1,0,3,3,7,9
bidisperse_a0.005_sr0.667_x0.75_N4000_L24_T400000_seed1_cont1_dense500.npz,0.75,372,55,56,1,1,0,2,5,9,6
bidisperse_a0.005_sr0.667_x0.75_N4000_L24_T400000_seed1_cont1_dense500.npz,0.75,373,56,57,1,0,2,9,3,4,7
bidisperse_a0.005_sr0.667_x0.75_N4000_L24_T400000_seed1_cont1_dense500.npz,0.75,374,57,52,-5,0,0,5,8,6,8
bidisperse_a0.005_sr0.667_x0.75_N4000_L24_T400000_seed1_cont1_dense500.npz,0.75,375,52,65,13,0,0,9,6,11,1
bidisperse_a0.005_sr0.667_x0.75_N4000_L24_T400000_seed1_cont1_dense500.npz,0.75,376,65,64,-1,1,1,9,7,4,7
bidisperse_a0.005_sr0.667_x0.75_N4000_L24_T400000_seed1_cont1_dense500.npz,0.75,377,64,60,-4,3,2,5,10,6,7
bidisperse_a0.005_sr0.667_x0.75_N4000_L24_T400000_seed1_cont1_dense500.npz,0.75,378,60,54,-6,0,3,3,6,6,7
bidisperse_a0.005_sr0.667_x0.75_N4000_L24_T400000_seed1_cont1_dense500.npz,0.75,379,54,57,3,2,0,9,5,3,6
bidisperse_a0.005_sr0.667_x0.75_N4000_L24_T400000_seed1_cont1_dense500.npz,0.75,380,57,55,-2,1,2,2,4,7,6
bidisperse_a0.005_sr0.667_x0.75_N4000_L24_T400000_seed1_cont1_dense500.npz,0.75,381,55,54,-1,1,2,4,3,6,7
bidisperse_a0.005_sr0.667_x0.75_N4000_L24_T400000_seed1_cont1_dense500.npz,0.75,382,54,60,6,2,2,5,4,11,7
bidisperse_a0.005_sr0.667_x0.75_N4000_L24_T400000_seed1_cont1_dense500.npz,0.75,383,60,63,3,4,3,11,7,4,6
bidisperse_a0.005_sr0.667_x0.75_N4000_L24_T400000_seed1_cont1_dense500.npz,0.75,384,63,57,-6,1,5,4,9,10,7
bidisperse_a0.005_sr0.667_x0.75_N4000_L24_T400000_seed1_cont1_dense500.npz,0.75,385,57,56,-1,5,1,4,6,4,7
bidisperse_a0.005_sr0.667_x0.75_N4000_L24_T400000_seed1_cont1_dense500.npz,0.75,386,56,55,-1,0,5,7,3,6,6
bidisperse_a0.005_sr0.667_x0.75_N4000_L24_T400000_seed1_cont1_dense500.npz,0.75,387,55,55,0,0,1,5,7,8,5
bidisperse_a0.005_sr0.667_x0.75_N4000_L24_T400000_seed1_cont1_dense500.npz,0.75,388,55,54,-1,0,1,3,4,6,6
bidisperse_a0.005_sr0.667_x0.75_N4000_L24_T400000_seed1_cont1_dense500.npz,0.75,389,54,57,3,0,0,4,6,9,4
bidisperse_a0.005_sr0.667_x0.75_N4000_L24_T400000_seed1_cont1_dense500.npz,0.75,390,57,59,2,2,0,6,6,4,4
bidisperse_a0.005_sr0.667_x0.75_N4000_L24_T400000_seed1_cont1_dense500.npz,0.75,391,59,52,-7,1,2,3,4,5,10
bidisperse_a0.005_sr0.667_x0.75_N4000_L24_T400000_seed1_cont1_dense500.npz,0.75,392,52,57,5,2,1,6,3,8,7
bidisperse_a0.005_sr0.667_x0.75_N4000_L24_T400000_seed1_cont1_dense500.npz,0.75,393,57,59,2,2,2,4,3,10,9
bidisperse_a0.005_sr0.667_x0.75_N4000_L24_T400000_seed1_cont1_dense500.npz,0.75,394,59,61,2,2,2,7,6,9,8
bidisperse_a0.005_sr0.667_x0.75_N4000_L24_T400000_seed1_cont1_dense500.npz,0.75,395,61,60,-1,2,2,7,5,4,7
bidisperse_a0.005_sr0.667_x0.75_N4000_L24_T400000_seed1_cont1_dense500.npz,0.75,396,60,65,5,1,1,5,6,10,4
bidisperse_a0.005_sr0.667_x0.75_N4000_L24_T400000_seed1_cont1_dense500.npz,0.75,397,65,55,-10,4,2,7,6,2,15
bidisperse_a0.005_sr0.667_x0.75_N4000_L24_T400000_seed1_cont1_dense500.npz,0.75,398,55,58,3,0,2,4,3,11,7
bidisperse_a0.005_sr0.667_x0.75_N4000_L24_T400000_seed1_cont1_dense500.npz,0.75,399,58,62,4,1,0,6,5,9,7
bidisperse_a0.005_sr0.667_x0.75_N4000_L24_T400000_seed1_cont1_dense500.npz,0.75,400,62,61,-1,3,1,2,9,7,3
bidisperse_a0.005_sr0.667_x0.75_N4000_L24_T400000_seed1_cont1_dense500.npz,0.75,401,61,50,-11,0,3,5,3,3,13
bidisperse_a0.005_sr0.667_x0.75_N4000_L24_T400000_seed1_cont1_dense500.npz,0.75,402,50,59,9,2,1,6,3,12,7
bidisperse_a0.005_sr0.667_x0.75_N4000_L24_T400000_seed1_cont1_dense500.npz,0.75,403,59,57,-2,1,3,5,5,7,7
bidisperse_a0.005_sr0.667_x0.75_N4000_L24_T400000_seed1_cont1_dense500.npz,0.75,404,57,57,0,1,3,5,5,7,5
bidisperse_a0.005_sr0.667_x0.75_N4000_L24_T400000_seed1_cont1_dense500.npz,0.75,405,57,61,4,4,1,9,8,4,4
bidisperse_a0.005_sr0.667_x0.75_N4000_L24_T400000_seed1_cont1_dense500.npz,0.75,406,61,67,6,2,3,12,2,6,8
bidisperse_a0.005_sr0.667_x0.75_N4000_L24_T400000_seed1_cont1_dense500.npz,0.75,407,67,58,-9,3,2,4,5,5,13
bidisperse_a0.005_sr0.667_x0.75_N4000_L24_T400000_seed1_cont1_dense500.npz,0.75,408,58,57,-1,0,4,5,4,7,5
bidisperse_a0.005_sr0.667_x0.75_N4000_L24_T400000_seed1_cont1_dense500.npz,0.75,409,57,68,11,5,0,9,4,9,8
bidisperse_a0.005_sr0.667_x0.75_N4000_L24_T400000_seed1_cont1_dense500.npz,0.75,410,68,68,0,2,5,11,8,12,12
bidisperse_a0.005_sr0.667_x0.75_N4000_L24_T400000_seed1_cont1_dense500.npz,0.75,411,68,51,-17,2,4,4,13,4,9
bidisperse_a0.005_sr0.667_x0.75_N4000_L24_T400000_seed1_cont1_dense500.npz,0.75,412,51,59,8,3,3,5,3,12,6
bidisperse_a0.005_sr0.667_x0.75_N4000_L24_T400000_seed1_cont1_dense500.npz,0.75,413,59,54,-5,4,1,5,8,2,7
bidisperse_a0.005_sr0.667_x0.75_N4000_L24_T400000_seed1_cont1_dense500.npz,0.75,414,54,57,3,2,3,5,5,10,5
bidisperse_a0.005_sr0.667_x0.75_N4000_L24_T400000_seed1_cont1_dense500.npz,0.75,415,57,52,-5,0,3,7,9,5,5
bidisperse_a0.005_sr0.667_x0.75_N4000_L24_T400000_seed1_cont1_dense500.npz,0.75,416,52,54,2,3,4,7,4,6,6
bidisperse_a0.005_sr0.667_x0.75_N4000_L24_T400000_seed1_cont1_dense500.npz,0.75,417,54,59,5,3,2,6,5,5,2
bidisperse_a0.005_sr0.667_x0.75_N4000_L24_T400000_seed1_cont1_dense500.npz,0.75,418,59,53,-6,3,2,3,7,3,6
bidisperse_a0.005_sr0.667_x0.75_N4000_L24_T400000_seed1_cont1_dense500.npz,0.75,419,53,53,0,3,4,5,4,4,4
bidisperse_a0.005_sr0.667_x0.75_N4000_L24_T400000_seed1_cont1_dense500.npz,0.75,420,53,47,-6,2,5,2,5,5,6
bidisperse_a0.005_sr0.667_x0.75_N4000_L24_T400000_seed1_cont1_dense500.npz,0.75,421,47,58,11,9,3,6,1,8,9
bidisperse_a0.005_sr0.667_x0.75_N4000_L24_T400000_seed1_cont1_dense500.npz,0.75,422,58,55,-3,3,5,4,8,6,3
bidisperse_a0.005_sr0.667_x0.75_N4000_L24_T400000_seed1_cont1_dense500.npz,0.75,423,55,57,2,1,3,6,4,10,9
bidisperse_a0.005_sr0.667_x0.75_N4000_L24_T400000_seed1_cont1_dense500.npz,0.75,424,57,63,6,4,1,4,6,7,2
bidisperse_a0.005_sr0.667_x0.75_N4000_L24_T400000_seed1_cont1_dense500.npz,0.75,425,63,62,-1,4,3,6,7,2,3
bidisperse_a0.005_sr0.667_x0.75_N4000_L24_T400000_seed1_cont1_dense500.npz,0.75,426,62,66,4,3,1,11,10,5,4
bidisperse_a0.005_sr0.667_x0.75_N4000_L24_T400000_seed1_cont1_dense500.npz,0.75,427,66,65,-1,2,3,8,10,9,6
bidisperse_a0.005_sr0.667_x0.75_N4000_L24_T400000_seed1_cont1_dense500.npz,0.75,428,65,60,-5,3,3,6,7,5,9
bidisperse_a0.005_sr0.667_x0.75_N4000_L24_T400000_seed1_cont1_dense500.npz,0.75,429,60,59,-1,3,6,7,7,8,6
bidisperse_a0.005_sr0.667_x0.75_N4000_L24_T400000_seed1_cont1_dense500.npz,0.75,430,59,67,8,2,1,7,4,6,2
bidisperse_a0.005_sr0.667_x0.75_N4000_L24_T400000_seed1_cont1_dense500.npz,0.75,431,67,63,-4,2,3,3,6,5,5
bidisperse_a0.005_sr0.667_x0.75_N4000_L24_T400000_seed1_cont1_dense500.npz,0.75,432,63,60,-3,2,2,5,4,4,8
bidisperse_a0.005_sr0.667_x0.75_N4000_L24_T400000_seed1_cont1_dense500.npz,0.75,433,60,56,-4,1,2,4,7,5,5
bidisperse_a0.005_sr0.667_x0.75_N4000_L24_T400000_seed1_cont1_dense500.npz,0.75,434,56,60,4,0,1,4,5,8,2
bidisperse_a0.005_sr0.667_x0.75_N4000_L24_T400000_seed1_cont1_dense500.npz,0.75,435,60,69,9,5,0,6,5,7,4
bidisperse_a0.005_sr0.667_x0.75_N4000_L24_T400000_seed1_cont1_dense500.npz,0.75,436,69,65,-4,2,4,5,7,11,11
bidisperse_a0.005_sr0.667_x0.75_N4000_L24_T400000_seed1_cont1_dense500.npz,0.75,437,65,63,-2,2,3,5,5,8,9
bidisperse_a0.005_sr0.667_x0.75_N4000_L24_T400000_seed1_cont1_dense500.npz,0.75,438,63,64,1,2,2,9,3,3,9
bidisperse_a0.005_sr0.667_x0.75_N4000_L24_T400000_seed1_cont1_dense500.npz,0.75,439,64,54,-10,2,3,4,6,5,11
bidisperse_a0.005_sr0.667_x0.75_N4000_L24_T400000_seed1_cont1_dense500.npz,0.75,440,54,67,13,4,1,6,2,13,7
bidisperse_a0.005_sr0.667_x0.75_N4000_L24_T400000_seed1_cont1_dense500.npz,0.75,441,67,58,-9,1,3,8,11,7,11
bidisperse_a0.005_sr0.667_x0.75_N4000_L24_T400000_seed1_cont1_dense500.npz,0.75,442,58,59,1,2,2,6,6,6,5
bidisperse_a0.005_sr0.667_x0.75_N4000_L24_T400000_seed1_cont1_dense500.npz,0.75,443,59,58,-1,2,5,7,6,7,5
bidisperse_a0.005_sr0.667_x0.75_N4000_L24_T400000_seed1_cont1_dense500.npz,0.75,444,58,75,17,5,1,15,5,7,4
bidisperse_a0.005_sr0.667_x0.75_N4000_L24_T400000_seed1_cont1_dense500.npz,0.75,445,75,64,-11,3,5,4,14,9,8
bidisperse_a0.005_sr0.667_x0.75_N4000_L24_T400000_seed1_cont1_dense500.npz,0.75,446,64,62,-2,3,3,9,8,2,5
bidisperse_a0.005_sr0.667_x0.75_N4000_L24_T400000_seed1_cont1_dense500.npz,0.75,447,62,54,-8,2,3,4,9,6,8
bidisperse_a0.005_sr0.667_x0.75_N4000_L24_T400000_seed1_cont1_dense500.npz,0.75,448,54,53,-1,1,2,6,6,7,7
bidisperse_a0.005_sr0.667_x0.75_N4000_L24_T400000_seed1_cont1_dense500.npz,0.75,449,53,56,3,3,0,5,5,4,4
bidisperse_a0.005_sr0.667_x0.75_N4000_L24_T400000_seed1_cont1_dense500.npz,0.75,450,56,58,2,1,3,5,4,5,2
bidisperse_a0.005_sr0.667_x0.75_N4000_L24_T400000_seed1_cont1_dense500.npz,0.75,451,58,66,8,4,0,7,3,5,5
bidisperse_a0.005_sr0.667_x0.75_N4000_L24_T400000_seed1_cont1_dense500.npz,0.75,452,66,67,1,4,2,7,7,8,8
bidisperse_a0.005_sr0.667_x0.75_N4000_L24_T400000_seed1_cont1_dense500.npz,0.75,453,67,67,0,5,3,6,7,10,11
bidisperse_a0.005_sr0.667_x0.75_N4000_L24_T400000_seed1_cont1_dense500.npz,0.75,454,67,62,-5,5,3,5,10,5,7
bidisperse_a0.005_sr0.667_x0.75_N4000_L24_T400000_seed1_cont1_dense500.npz,0.75,455,62,62,0,1,7,10,7,8,5
bidisperse_a0.005_sr0.667_x0.75_N4000_L24_T400000_seed1_cont1_dense500.npz,0.75,456,62,59,-3,0,1,3,7,9,7
bidisperse_a0.005_sr0.667_x0.75_N4000_L24_T400000_seed1_cont1_dense500.npz,0.75,457,59,63,4,4,0,4,4,4,4
bidisperse_a0.005_sr0.667_x0.75_N4000_L24_T400000_seed1_cont1_dense500.npz,0.75,458,63,68,5,3,4,14,9,6,5
bidisperse_a0.005_sr0.667_x0.75_N4000_L24_T400000_seed1_cont1_dense500.npz,0.75,459,68,61,-7,0,6,6,12,9,4
bidisperse_a0.005_sr0.667_x0.75_N4000_L24_T400000_seed1_cont1_dense500.npz,0.75,460,61,63,2,4,0,8,7,5,8
bidisperse_a0.005_sr0.667_x0.75_N4000_L24_T400000_seed1_cont1_dense500.npz,0.75,461,63,62,-1,4,2,5,7,10,11
bidisperse_a0.005_sr0.667_x0.75_N4000_L24_T400000_seed1_cont1_dense500.npz,0.75,462,62,67,5,3,4,9,3,7,7
bidisperse_a0.005_sr0.667_x0.75_N4000_L24_T400000_seed1_cont1_dense500.npz,0.75,463,67,61,-6,2,2,6,8,4,7
bidisperse_a0.005_sr0.667_x0.75_N4000_L24_T400000_seed1_cont1_dense500.npz,0.75,464,61,64,3,6,1,7,5,7,9
bidisperse_a0.005_sr0.667_x0.75_N4000_L24_T400000_seed1_cont1_dense500.npz,0.75,465,64,68,4,3,4,6,9,16,9
bidisperse_a0.005_sr0.667_x0.75_N4000_L24_T400000_seed1_cont1_dense500.npz,0.75,466,68,59,-9,0,2,4,4,6,13
bidisperse_a0.005_sr0.667_x0.75_N4000_L24_T400000_seed1_cont1_dense500.npz,0.75,467,59,60,1,3,1,4,3,9,11
bidisperse_a0.005_sr0.667_x0.75_N4000_L24_T400000_seed1_cont1_dense500.npz,0.75,468,60,59,-1,1,4,5,5,7,5
bidisperse_a0.005_sr0.667_x0.75_N4000_L24_T400000_seed1_cont1_dense500.npz,0.75,469,59,61,2,1,1,8,6,6,6
bidisperse_a0.005_sr0.667_x0.75_N4000_L24_T400000_seed1_cont1_dense500.npz,0.75,470,61,57,-4,3,1,4,8,4,6
bidisperse_a0.005_sr0.667_x0.75_N4000_L24_T400000_seed1_cont1_dense500.npz,0.75,471,57,61,4,2,2,7,6,6,3
bidisperse_a0.005_sr0.667_x0.75_N4000_L24_T400000_seed1_cont1_dense500.npz,0.75,472,61,56,-5,0,2,6,8,6,7
bidisperse_a0.005_sr0.667_x0.75_N4000_L24_T400000_seed1_cont1_dense500.npz,0.75,473,56,56,0,0,0,3,6,10,7
bidisperse_a0.005_sr0.667_x0.75_N4000_L24_T400000_seed1_cont1_dense500.npz,0.75,474,56,59,3,0,0,4,2,4,3
bidisperse_a0.005_sr0.667_x0.75_N4000_L24_T400000_seed1_cont1_dense500.npz,0.75,475,59,54,-5,1,1,2,4,3,6
bidisperse_a0.005_sr0.667_x0.75_N4000_L24_T400000_seed1_cont1_dense500.npz,0.75,476,54,61,7,5,1,5,6,7,3
bidisperse_a0.005_sr0.667_x0.75_N4000_L24_T400000_seed1_cont1_dense500.npz,0.75,477,61,54,-7,1,2,2,5,6,9
bidisperse_a0.005_sr0.667_x0.75_N4000_L24_T400000_seed1_cont1_dense500.npz,0.75,478,54,52,-2,4,1,2,4,5,8
bidisperse_a0.005_sr0.667_x0.75_N4000_L24_T400000_seed1_cont1_dense500.npz,0.75,479,52,55,3,2,5,5,2,9,6
bidisperse_a0.005_sr0.667_x0.75_N4000_L24_T400000_seed1_cont1_dense500.npz,0.75,480,55,57,2,3,3,4,1,5,6
bidisperse_a0.005_sr0.667_x0.75_N4000_L24_T400000_seed1_cont1_dense500.npz,0.75,481,57,48,-9,1,3,2,5,2,6
bidisperse_a0.005_sr0.667_x0.75_N4000_L24_T400000_seed1_cont1_dense500.npz,0.75,482,48,54,6,3,1,5,2,5,4
bidisperse_a0.005_sr0.667_x0.75_N4000_L24_T400000_seed1_cont1_dense500.npz,0.75,483,54,51,-3,2,4,5,4,4,6
bidisperse_a0.005_sr0.667_x0.75_N4000_L24_T400000_seed1_cont1_dense500.npz,0.75,484,51,50,-1,1,2,4,7,6,3
bidisperse_a0.005_sr0.667_x0.75_N4000_L24_T400000_seed1_cont1_dense500.npz,0.75,485,50,46,-4,2,1,1,5,4,5
bidisperse_a0.005_sr0.667_x0.75_N4000_L24_T400000_seed1_cont1_dense500.npz,0.75,486,46,56,10,2,3,8,1,6,2
bidisperse_a0.005_sr0.667_x0.75_N4000_L24_T400000_seed1_cont1_dense500.npz,0.75,487,56,51,-5,3,2,5,8,3,6
bidisperse_a0.005_sr0.667_x0.75_N4000_L24_T400000_seed1_cont1_dense500.npz,0.75,488,51,48,-3,4,4,3,3,5,8
bidisperse_a0.005_sr0.667_x0.75_N4000_L24_T400000_seed1_cont1_dense500.npz,0.75,489,48,56,8,2,3,5,2,9,3
bidisperse_a0.005_sr0.667_x0.75_N4000_L24_T400000_seed1_cont1_dense500.npz,0.75,490,56,52,-4,2,1,3,8,4,4
bidisperse_a0.005_sr0.667_x0.75_N4000_L24_T400000_seed1_cont1_dense500.npz,0.75,491,52,52,0,2,3,5,3,5,6
bidisperse_a0.005_sr0.667_x0.75_N4000_L24_T400000_seed1_cont1_dense500.npz,0.75,492,52,55,3,3,3,7,4,4,4
bidisperse_a0.005_sr0.667_x0.75_N4000_L24_T400000_seed1_cont1_dense500.npz,0.75,493,55,61,6,5,3,7,4,9,8
bidisperse_a0.005_sr0.667_x0.75_N4000_L24_T400000_seed1_cont1_dense500.npz,0.75,494,61,59,-2,3,3,4,8,4,2
bidisperse_a0.005_sr0.667_x0.75_N4000_L24_T400000_seed1_cont1_dense500.npz,0.75,495,59,51,-8,0,5,4,6,3,4
bidisperse_a0.005_sr0.667_x0.75_N4000_L24_T400000_seed1_cont1_dense500.npz,0.75,496,51,56,5,4,2,4,4,7,4
bidisperse_a0.005_sr0.667_x0.75_N4000_L24_T400000_seed1_cont1_dense500.npz,0.75,497,56,54,-2,5,6,5,2,2,7
bidisperse_a0.005_sr0.667_x0.75_N4000_L24_T400000_seed1_cont1_dense500.npz,0.75,498,54,54,0,1,4,4,3,4,2
bidisperse_a0.005_sr0.667_x0.75_N4000_L24_T400000_seed1_cont1_dense500.npz,0.75,499,54,58,4,3,1,8,6,5,5
bidisperse_a0.005_sr0.667_x0_N4000_L24_T400000_seed1_cont1_dense500.npz,0.0,0,8,8,0,0,0,0,0,0,0
bidisperse_a0.005_sr0.667_x0_N4000_L24_T400000_seed1_cont1_dense500.npz,0.0,1,8,8,0,0,0,0,0,0,0
bidisperse_a0.005_sr0.667_x0_N4000_L24_T400000_seed1_cont1_dense500.npz,0.0,2,8,9,1,1,0,0,0,0,0
bidisperse_a0.005_sr0.667_x0_N4000_L24_T400000_seed1_cont1_dense500.npz,0.0,3,9,9,0,1,1,0,0,0,0
bidisperse_a0.005_sr0.667_x0_N4000_L24_T400000_seed1_cont1_dense500.npz,0.0,4,9,8,-1,0,1,0,0,0,0
bidisperse_a0.005_sr0.667_x0_N4000_L24_T400000_seed1_cont1_dense500.npz,0.0,5,8,9,1,1,0,0,0,0,0
bidisperse_a0.005_sr0.667_x0_N4000_L24_T400000_seed1_cont1_dense500.npz,0.0,6,9,8,-1,0,1,0,0,0,0
bidisperse_a0.005_sr0.667_x0_N4000_L24_T400000_seed1_cont1_dense500.npz,0.0,7,8,8,0,0,0,0,0,0,0
bidisperse_a0.005_sr0.667_x0_N4000_L24_T400000_seed1_cont1_dense500.npz,0.0,8,8,8,0,0,0,0,0,0,0
bidisperse_a0.005_sr0.667_x0_N4000_L24_T400000_seed1_cont1_dense500.npz,0.0,9,8,9,1,1,0,0,0,0,0
bidisperse_a0.005_sr0.667_x0_N4000_L24_T400000_seed1_cont1_dense500.npz,0.0,10,9,8,-1,0,1,0,0,0,1
bidisperse_a0.005_sr0.667_x0_N4000_L24_T400000_seed1_cont1_dense500.npz,0.0,11,8,9,1,0,0,1,0,0,0
bidisperse_a0.005_sr0.667_x0_N4000_L24_T400000_seed1_cont1_dense500.npz,0.0,12,9,8,-1,0,0,0,1,0,0
bidisperse_a0.005_sr0.667_x0_N4000_L24_T400000_seed1_cont1_dense500.npz,0.0,13,8,8,0,0,0,0,0,0,0
bidisperse_a0.005_sr0.667_x0_N4000_L24_T400000_seed1_cont1_dense500.npz,0.0,14,8,8,0,0,0,0,0,0,0
bidisperse_a0.005_sr0.667_x0_N4000_L24_T400000_seed1_cont1_dense500.npz,0.0,15,8,8,0,0,0,0,0,0,0
bidisperse_a0.005_sr0.667_x0_N4000_L24_T400000_seed1_cont1_dense500.npz,0.0,16,8,8,0,0,0,0,0,0,0
bidisperse_a0.005_sr0.667_x0_N4000_L24_T400000_seed1_cont1_dense500.npz,0.0,17,8,8,0,0,0,0,0,0,0
bidisperse_a0.005_sr0.667_x0_N4000_L24_T400000_seed1_cont1_dense500.npz,0.0,18,8,9,1,0,0,1,0,0,0
bidisperse_a0.005_sr0.667_x0_N4000_L24_T400000_seed1_cont1_dense500.npz,0.0,19,9,10,1,1,0,1,1,0,0
bidisperse_a0.005_sr0.667_x0_N4000_L24_T400000_seed1_cont1_dense500.npz,0.0,20,10,8,-2,0,1,0,1,0,0
bidisperse_a0.005_sr0.667_x0_N4000_L24_T400000_seed1_cont1_dense500.npz,0.0,21,8,8,0,0,0,0,0,0,0
bidisperse_a0.005_sr0.667_x0_N4000_L24_T400000_seed1_cont1_dense500.npz,0.0,22,8,9,1,0,0,0,0,1,0
bidisperse_a0.005_sr0.667_x0_N4000_L24_T400000_seed1_cont1_dense500.npz,0.0,23,9,8,-1,0,1,0,0,0,0
bidisperse_a0.005_sr0.667_x0_N4000_L24_T400000_seed1_cont1_dense500.npz,0.0,24,8,8,0,0,0,0,0,0,0
bidisperse_a0.005_sr0.667_x0_N4000_L24_T400000_seed1_cont1_dense500.npz,0.0,25,8,8,0,0,0,0,0,0,0
bidisperse_a0.005_sr0.667_x0_N4000_L24_T400000_seed1_cont1_dense500.npz,0.0,26,8,9,1,0,0,0,0,1,0
bidisperse_a0.005_sr0.667_x0_N4000_L24_T400000_seed1_cont1_dense500.npz,0.0,27,9,8,-1,0,0,0,1,0,0
bidisperse_a0.005_sr0.667_x0_N4000_L24_T400000_seed1_cont1_dense500.npz,0.0,28,8,8,0,0,0,0,0,0,0
bidisperse_a0.005_sr0.667_x0_N4000_L24_T400000_seed1_cont1_dense500.npz,0.0,29,8,8,0,0,0,0,0,0,0
bidisperse_a0.005_sr0.667_x0_N4000_L24_T400000_seed1_cont1_dense500.npz,0.0,30,8,8,0,0,0,0,0,0,0
bidisperse_a0.005_sr0.667_x0_N4000_L24_T400000_seed1_cont1_dense500.npz,0.0,31,8,8,0,0,0,0,0,0,0
bidisperse_a0.005_sr0.667_x0_N4000_L24_T400000_seed1_cont1_dense500.npz,0.0,32,8,8,0,0,0,0,0,0,0
bidisperse_a0.005_sr0.667_x0_N4000_L24_T400000_seed1_cont1_dense500.npz,0.0,33,8,8,0,0,0,0,0,0,0
bidisperse_a0.005_sr0.667_x0_N4000_L24_T400000_seed1_cont1_dense500.npz,0.0,34,8,8,0,0,0,0,0,0,0
bidisperse_a0.005_sr0.667_x0_N4000_L24_T400000_seed1_cont1_dense500.npz,0.0,35,8,8,0,0,0,0,0,0,0
bidisperse_a0.005_sr0.667_x0_N4000_L24_T400000_seed1_cont1_dense500.npz,0.0,36,8,8,0,0,0,0,0,0,0
bidisperse_a0.005_sr0.667_x0_N4000_L24_T400000_seed1_cont1_dense500.npz,0.0,37,8,8,0,0,0,0,0,0,0
bidisperse_a0.005_sr0.667_x0_N4000_L24_T400000_seed1_cont1_dense500.npz,0.0,38,8,8,0,0,0,0,0,0,0
bidisperse_a0.005_sr0.667_x0_N4000_L24_T400000_seed1_cont1_dense500.npz,0.0,39,8,10,2,1,0,0,0,1,0
bidisperse_a0.005_sr0.667_x0_N4000_L24_T400000_seed1_cont1_dense500.npz,0.0,40,10,10,0,0,2,2,0,0,0
bidisperse_a0.005_sr0.667_x0_N4000_L24_T400000_seed1_cont1_dense500.npz,0.0,41,10,8,-2,0,0,0,2,0,0
bidisperse_a0.005_sr0.667_x0_N4000_L24_T400000_seed1_cont1_dense500.npz,0.0,42,8,8,0,0,0,0,0,0,0
bidisperse_a0.005_sr0.667_x0_N4000_L24_T400000_seed1_cont1_dense500.npz,0.0,43,8,9,1,0,0,0,0,1,0
bidisperse_a0.005_sr0.667_x0_N4000_L24_T400000_seed1_cont1_dense500.npz,0.0,44,9,9,0,0,1,1,0,0,0
bidisperse_a0.005_sr0.667_x0_N4000_L24_T400000_seed1_cont1_dense500.npz,0.0,45,9,8,-1,0,0,0,1,0,0
bidisperse_a0.005_sr0.667_x0_N4000_L24_T400000_seed1_cont1_dense500.npz,0.0,46,8,8,0,0,0,0,0,0,0
bidisperse_a0.005_sr0.667_x0_N4000_L24_T400000_seed1_cont1_dense500.npz,0.0,47,8,8,0,0,0,0,0,0,0
bidisperse_a0.005_sr0.667_x0_N4000_L24_T400000_seed1_cont1_dense500.npz,0.0,48,8,9,1,0,0,1,0,0,0
bidisperse_a0.005_sr0.667_x0_N4000_L24_T400000_seed1_cont1_dense500.npz,0.0,49,9,8,-1,0,0,0,1,0,0
bidisperse_a0.005_sr0.667_x0_N4000_L24_T400000_seed1_cont1_dense500.npz,0.0,50,8,9,1,0,0,1,0,0,0
bidisperse_a0.005_sr0.667_x0_N4000_L24_T400000_seed1_cont1_dense500.npz,0.0,51,9,9,0,0,0,1,1,0,0
bidisperse_a0.005_sr0.667_x0_N4000_L24_T400000_seed1_cont1_dense500.npz,0.0,52,9,10,1,0,0,2,1,0,0
bidisperse_a0.005_sr0.667_x0_N4000_L24_T400000_seed1_cont1_dense500.npz,0.0,53,10,8,-2,0,0,0,2,0,0
bidisperse_a0.005_sr0.667_x0_N4000_L24_T400000_seed1_cont1_dense500.npz,0.0,54,8,8,0,0,0,0,0,0,0
bidisperse_a0.005_sr0.667_x0_N4000_L24_T400000_seed1_cont1_dense500.npz,0.0,55,8,8,0,0,0,0,0,0,0
bidisperse_a0.005_sr0.667_x0_N4000_L24_T400000_seed1_cont1_dense500.npz,0.0,56,8,8,0,0,0,0,0,0,0
bidisperse_a0.005_sr0.667_x0_N4000_L24_T400000_seed1_cont1_dense500.npz,0.0,57,8,9,1,0,0,1,0,0,0
bidisperse_a0.005_sr0.667_x0_N4000_L24_T400000_seed1_cont1_dense500.npz,0.0,58,9,8,-1,0,0,0,1,0,0
bidisperse_a0.005_sr0.667_x0_N4000_L24_T400000_seed1_cont1_dense500.npz,0.0,59,8,8,0,0,0,0,0,0,0
bidisperse_a0.005_sr0.667_x0_N4000_L24_T400000_seed1_cont1_dense500.npz,0.0,60,8,8,0,0,0,0,0,0,0
bidisperse_a0.005_sr0.667_x0_N4000_L24_T400000_seed1_cont1_dense500.npz,0.0,61,8,9,1,1,0,0,0,0,0
bidisperse_a0.005_sr0.667_x0_N4000_L24_T400000_seed1_cont1_dense500.npz,0.0,62,9,9,0,0,1,1,0,0,0
bidisperse_a0.005_sr0.667_x0_N4000_L24_T400000_seed1_cont1_dense500.npz,0.0,63,9,8,-1,0,0,0,1,0,0
bidisperse_a0.005_sr0.667_x0_N4000_L24_T400000_seed1_cont1_dense500.npz,0.0,64,8,8,0,0,0,0,0,0,0
bidisperse_a0.005_sr0.667_x0_N4000_L24_T400000_seed1_cont1_dense500.npz,0.0,65,8,8,0,0,0,0,0,0,0
bidisperse_a0.005_sr0.667_x0_N4000_L24_T400000_seed1_cont1_dense500.npz,0.0,66,8,9,1,0,0,1,0,0,0
bidisperse_a0.005_sr0.667_x0_N4000_L24_T400000_seed1_cont1_dense500.npz,0.0,67,9,8,-1,0,0,0,1,0,0
bidisperse_a0.005_sr0.667_x0_N4000_L24_T400000_seed1_cont1_dense500.npz,0.0,68,8,9,1,0,0,1,0,0,0
bidisperse_a0.005_sr0.667_x0_N4000_L24_T400000_seed1_cont1_dense500.npz,0.0,69,9,8,-1,0,0,0,1,0,0
bidisperse_a0.005_sr0.667_x0_N4000_L24_T400000_seed1_cont1_dense500.npz,0.0,70,8,8,0,0,0,0,0,0,0
bidisperse_a0.005_sr0.667_x0_N4000_L24_T400000_seed1_cont1_dense500.npz,0.0,71,8,8,0,0,0,0,0,0,0
bidisperse_a0.005_sr0.667_x0_N4000_L24_T400000_seed1_cont1_dense500.npz,0.0,72,8,9,1,1,0,0,0,0,0
bidisperse_a0.005_sr0.667_x0_N4000_L24_T400000_seed1_cont1_dense500.npz,0.0,73,9,9,0,1,0,0,0,0,1
bidisperse_a0.005_sr0.667_x0_N4000_L24_T400000_seed1_cont1_dense500.npz,0.0,74,9,9,0,0,1,1,0,0,0
bidisperse_a0.005_sr0.667_x0_N4000_L24_T400000_seed1_cont1_dense500.npz,0.0,75,9,8,-1,0,0,0,1,0,0
bidisperse_a0.005_sr0.667_x0_N4000_L24_T400000_seed1_cont1_dense500.npz,0.0,76,8,8,0,0,0,0,0,0,0
bidisperse_a0.005_sr0.667_x0_N4000_L24_T400000_seed1_cont1_dense500.npz,0.0,77,8,8,0,0,0,0,0,0,0
bidisperse_a0.005_sr0.667_x0_N4000_L24_T400000_seed1_cont1_dense500.npz,0.0,78,8,9,1,0,0,1,0,0,0
bidisperse_a0.005_sr0.667_x0_N4000_L24_T400000_seed1_cont1_dense500.npz,0.0,79,9,8,-1,0,0,0,1,0,0
bidisperse_a0.005_sr0.667_x0_N4000_L24_T400000_seed1_cont1_dense500.npz,0.0,80,8,8,0,0,0,0,0,0,0
bidisperse_a0.005_sr0.667_x0_N4000_L24_T400000_seed1_cont1_dense500.npz,0.0,81,8,9,1,0,0,1,0,0,0
bidisperse_a0.005_sr0.667_x0_N4000_L24_T400000_seed1_cont1_dense500.npz,0.0,82,9,9,0,0,0,1,1,0,0
bidisperse_a0.005_sr0.667_x0_N4000_L24_T400000_seed1_cont1_dense500.npz,0.0,83,9,8,-1,0,0,0,1,0,0
bidisperse_a0.005_sr0.667_x0_N4000_L24_T400000_seed1_cont1_dense500.npz,0.0,84,8,9,1,0,0,1,0,0,0
bidisperse_a0.005_sr0.667_x0_N4000_L24_T400000_seed1_cont1_dense500.npz,0.0,85,9,8,-1,0,0,0,1,0,0
bidisperse_a0.005_sr0.667_x0_N4000_L24_T400000_seed1_cont1_dense500.npz,0.0,86,8,8,0,0,0,0,0,0,0
bidisperse_a0.005_sr0.667_x0_N4000_L24_T400000_seed1_cont1_dense500.npz,0.0,87,8,8,0,0,0,0,0,0,0
bidisperse_a0.005_sr0.667_x0_N4000_L24_T400000_seed1_cont1_dense500.npz,0.0,88,8,8,0,0,0,0,0,0,0
bidisperse_a0.005_sr0.667_x0_N4000_L24_T400000_seed1_cont1_dense500.npz,0.0,89,8,8,0,0,0,0,0,0,0
bidisperse_a0.005_sr0.667_x0_N4000_L24_T400000_seed1_cont1_dense500.npz,0.0,90,8,8,0,0,0,0,0,0,0
bidisperse_a0.005_sr0.667_x0_N4000_L24_T400000_seed1_cont1_dense500.npz,0.0,91,8,8,0,0,0,0,0,0,0
bidisperse_a0.005_sr0.667_x0_N4000_L24_T400000_seed1_cont1_dense500.npz,0.0,92,8,8,0,0,0,0,0,0,0
bidisperse_a0.005_sr0.667_x0_N4000_L24_T400000_seed1_cont1_dense500.npz,0.0,93,8,9,1,0,0,1,0,0,0
bidisperse_a0.005_sr0.667_x0_N4000_L24_T400000_seed1_cont1_dense500.npz,0.0,94,9,8,-1,0,0,0,1,0,0
bidisperse_a0.005_sr0.667_x0_N4000_L24_T400000_seed1_cont1_dense500.npz,0.0,95,8,8,0,0,0,0,0,0,0
bidisperse_a0.005_sr0.667_x0_N4000_L24_T400000_seed1_cont1_dense500.npz,0.0,96,8,8,0,0,0,0,0,0,0
bidisperse_a0.005_sr0.667_x0_N4000_L24_T400000_seed1_cont1_dense500.npz,0.0,97,8,10,2,0,0,1,0,1,0
bidisperse_a0.005_sr0.667_x0_N4000_L24_T400000_seed1_cont1_dense500.npz,0.0,98,10,8,-2,0,0,0,2,0,0
bidisperse_a0.005_sr0.667_x0_N4000_L24_T400000_seed1_cont1_dense500.npz,0.0,99,8,8,0,0,0,0,0,0,0
bidisperse_a0.005_sr0.667_x0_N4000_L24_T400000_seed1_cont1_dense500.npz,0.0,100,8,8,0,0,0,0,0,0,0
bidisperse_a0.005_sr0.667_x0_N4000_L24_T400000_seed1_cont1_dense500.npz,0.0,101,8,8,0,0,0,0,0,0,0
bidisperse_a0.005_sr0.667_x0_N4000_L24_T400000_seed1_cont1_dense500.npz,0.0,102,8,8,0,0,0,0,0,0,0
bidisperse_a0.005_sr0.667_x0_N4000_L24_T400000_seed1_cont1_dense500.npz,0.0,103,8,8,0,0,0,0,0,0,0
bidisperse_a0.005_sr0.667_x0_N4000_L24_T400000_seed1_cont1_dense500.npz,0.0,104,8,9,1,1,0,0,0,0,0
bidisperse_a0.005_sr0.667_x0_N4000_L24_T400000_seed1_cont1_dense500.npz,0.0,105,9,8,-1,0,1,0,0,0,0
bidisperse_a0.005_sr0.667_x0_N4000_L24_T400000_seed1_cont1_dense500.npz,0.0,106,8,8,0,0,0,0,0,0,0
bidisperse_a0.005_sr0.667_x0_N4000_L24_T400000_seed1_cont1_dense500.npz,0.0,107,8,8,0,0,0,0,0,0,0
bidisperse_a0.005_sr0.667_x0_N4000_L24_T400000_seed1_cont1_dense500.npz,0.0,108,8,10,2,0,0,1,0,1,0
bidisperse_a0.005_sr0.667_x0_N4000_L24_T400000_seed1_cont1_dense500.npz,0.0,109,10,8,-2,0,0,0,2,0,0
bidisperse_a0.005_sr0.667_x0_N4000_L24_T400000_seed1_cont1_dense500.npz,0.0,110,8,8,0,0,0,0,0,0,0
bidisperse_a0.005_sr0.667_x0_N4000_L24_T400000_seed1_cont1_dense500.npz,0.0,111,8,8,0,0,0,0,0,0,0
bidisperse_a0.005_sr0.667_x0_N4000_L24_T400000_seed1_cont1_dense500.npz,0.0,112,8,8,0,0,0,0,0,0,0
bidisperse_a0.005_sr0.667_x0_N4000_L24_T400000_seed1_cont1_dense500.npz,0.0,113,8,8,0,0,0,0,0,0,0
bidisperse_a0.005_sr0.667_x0_N4000_L24_T400000_seed1_cont1_dense500.npz,0.0,114,8,10,2,1,0,1,0,0,0
bidisperse_a0.005_sr0.667_x0_N4000_L24_T400000_seed1_cont1_dense500.npz,0.0,115,10,9,-1,0,1,1,1,0,0
bidisperse_a0.005_sr0.667_x0_N4000_L24_T400000_seed1_cont1_dense500.npz,0.0,116,9,8,-1,0,0,0,1,0,0
bidisperse_a0.005_sr0.667_x0_N4000_L24_T400000_seed1_cont1_dense500.npz,0.0,117,8,9,1,0,0,1,0,0,0
bidisperse_a0.005_sr0.667_x0_N4000_L24_T400000_seed1_cont1_dense500.npz,0.0,118,9,8,-1,0,0,0,1,0,0
bidisperse_a0.005_sr0.667_x0_N4000_L24_T400000_seed1_cont1_dense500.npz,0.0,119,8,8,0,0,0,0,0,0,0
bidisperse_a0.005_sr0.667_x0_N4000_L24_T400000_seed1_cont1_dense500.npz,0.0,120,8,8,0,0,0,0,0,0,0
bidisperse_a0.005_sr0.667_x0_N4000_L24_T400000_seed1_cont1_dense500.npz,0.0,121,8,8,0,0,0,0,0,0,0
bidisperse_a0.005_sr0.667_x0_N4000_L24_T400000_seed1_cont1_dense500.npz,0.0,122,8,8,0,0,0,0,0,0,0
bidisperse_a0.005_sr0.667_x0_N4000_L24_T400000_seed1_cont1_dense500.npz,0.0,123,8,8,0,0,0,0,0,0,0
bidisperse_a0.005_sr0.667_x0_N4000_L24_T400000_seed1_cont1_dense500.npz,0.0,124,8,8,0,0,0,0,0,0,0
bidisperse_a0.005_sr0.667_x0_N4000_L24_T400000_seed1_cont1_dense500.npz,0.0,125,8,8,0,0,0,0,0,0,0
bidisperse_a0.005_sr0.667_x0_N4000_L24_T400000_seed1_cont1_dense500.npz,0.0,126,8,8,0,0,0,0,0,0,0
bidisperse_a0.005_sr0.667_x0_N4000_L24_T400000_seed1_cont1_dense500.npz,0.0,127,8,8,0,0,0,0,0,0,0
bidisperse_a0.005_sr0.667_x0_N4000_L24_T400000_seed1_cont1_dense500.npz,0.0,128,8,8,0,0,0,0,0,0,0
bidisperse_a0.005_sr0.667_x0_N4000_L24_T400000_seed1_cont1_dense500.npz,0.0,129,8,8,0,0,0,0,0,0,0
bidisperse_a0.005_sr0.667_x0_N4000_L24_T400000_seed1_cont1_dense500.npz,0.0,130,8,8,0,0,0,0,0,0,0
bidisperse_a0.005_sr0.667_x0_N4000_L24_T400000_seed1_cont1_dense500.npz,0.0,131,8,8,0,0,0,0,0,0,0
bidisperse_a0.005_sr0.667_x0_N4000_L24_T400000_seed1_cont1_dense500.npz,0.0,132,8,8,0,0,0,0,0,0,0
bidisperse_a0.005_sr0.667_x0_N4000_L24_T400000_seed1_cont1_dense500.npz,0.0,133,8,8,0,0,0,0,0,0,0
bidisperse_a0.005_sr0.667_x0_N4000_L24_T400000_seed1_cont1_dense500.npz,0.0,134,8,8,0,0,0,0,0,0,0
bidisperse_a0.005_sr0.667_x0_N4000_L24_T400000_seed1_cont1_dense500.npz,0.0,135,8,9,1,0,0,1,0,0,0
bidisperse_a0.005_sr0.667_x0_N4000_L24_T400000_seed1_cont1_dense500.npz,0.0,136,9,8,-1,0,0,0,1,0,0
bidisperse_a0.005_sr0.667_x0_N4000_L24_T400000_seed1_cont1_dense500.npz,0.0,137,8,8,0,0,0,0,0,0,0
bidisperse_a0.005_sr0.667_x0_N4000_L24_T400000_seed1_cont1_dense500.npz,0.0,138,8,8,0,0,0,0,0,0,0
bidisperse_a0.005_sr0.667_x0_N4000_L24_T400000_seed1_cont1_dense500.npz,0.0,139,8,8,0,0,0,0,0,0,0
bidisperse_a0.005_sr0.667_x0_N4000_L24_T400000_seed1_cont1_dense500.npz,0.0,140,8,10,2,0,0,1,0,1,0
bidisperse_a0.005_sr0.667_x0_N4000_L24_T400000_seed1_cont1_dense500.npz,0.0,141,10,9,-1,0,0,1,2,0,0
bidisperse_a0.005_sr0.667_x0_N4000_L24_T400000_seed1_cont1_dense500.npz,0.0,142,9,9,0,0,0,1,1,0,0
bidisperse_a0.005_sr0.667_x0_N4000_L24_T400000_seed1_cont1_dense500.npz,0.0,143,9,8,-1,0,0,0,0,0,1
bidisperse_a0.005_sr0.667_x0_N4000_L24_T400000_seed1_cont1_dense500.npz,0.0,144,8,8,0,0,0,0,0,0,0
bidisperse_a0.005_sr0.667_x0_N4000_L24_T400000_seed1_cont1_dense500.npz,0.0,145,8,8,0,0,0,0,0,0,0
bidisperse_a0.005_sr0.667_x0_N4000_L24_T400000_seed1_cont1_dense500.npz,0.0,146,8,8,0,0,0,0,0,0,0
bidisperse_a0.005_sr0.667_x0_N4000_L24_T400000_seed1_cont1_dense500.npz,0.0,147,8,8,0,0,0,0,0,0,0
bidisperse_a0.005_sr0.667_x0_N4000_L24_T400000_seed1_cont1_dense500.npz,0.0,148,8,8,0,0,0,0,0,0,0
bidisperse_a0.005_sr0.667_x0_N4000_L24_T400000_seed1_cont1_dense500.npz,0.0,149,8,9,1,0,0,1,0,0,0
bidisperse_a0.005_sr0.667_x0_N4000_L24_T400000_seed1_cont1_dense500.npz,0.0,150,9,8,-1,0,0,0,1,0,0
bidisperse_a0.005_sr0.667_x0_N4000_L24_T400000_seed1_cont1_dense500.npz,0.0,151,8,8,0,0,0,0,0,0,0
bidisperse_a0.005_sr0.667_x0_N4000_L24_T400000_seed1_cont1_dense500.npz,0.0,152,8,9,1,1,0,0,0,0,0
bidisperse_a0.005_sr0.667_x0_N4000_L24_T400000_seed1_cont1_dense500.npz,0.0,153,9,9,0,0,1,1,0,0,0
bidisperse_a0.005_sr0.667_x0_N4000_L24_T400000_seed1_cont1_dense500.npz,0.0,154,9,8,-1,0,0,0,1,0,0
bidisperse_a0.005_sr0.667_x0_N4000_L24_T400000_seed1_cont1_dense500.npz,0.0,155,8,8,0,0,0,0,0,0,0
bidisperse_a0.005_sr0.667_x0_N4000_L24_T400000_seed1_cont1_dense500.npz,0.0,156,8,8,0,0,0,0,0,0,0
bidisperse_a0.005_sr0.667_x0_N4000_L24_T400000_seed1_cont1_dense500.npz,0.0,157,8,9,1,0,0,1,0,0,0
bidisperse_a0.005_sr0.667_x0_N4000_L24_T400000_seed1_cont1_dense500.npz,0.0,158,9,8,-1,0,0,0,1,0,0
bidisperse_a0.005_sr0.667_x0_N4000_L24_T400000_seed1_cont1_dense500.npz,0.0,159,8,8,0,0,0,0,0,0,0
bidisperse_a0.005_sr0.667_x0_N4000_L24_T400000_seed1_cont1_dense500.npz,0.0,160,8,8,0,0,0,0,0,0,0
bidisperse_a0.005_sr0.667_x0_N4000_L24_T400000_seed1_cont1_dense500.npz,0.0,161,8,8,0,0,0,0,0,0,0
bidisperse_a0.005_sr0.667_x0_N4000_L24_T400000_seed1_cont1_dense500.npz,0.0,162,8,9,1,0,0,1,0,0,0
bidisperse_a0.005_sr0.667_x0_N4000_L24_T400000_seed1_cont1_dense500.npz,0.0,163,9,8,-1,0,0,0,1,0,0
bidisperse_a0.005_sr0.667_x0_N4000_L24_T400000_seed1_cont1_dense500.npz,0.0,164,8,8,0,0,0,0,0,0,0
bidisperse_a0.005_sr0.667_x0_N4000_L24_T400000_seed1_cont1_dense500.npz,0.0,165,8,8,0,0,0,0,0,0,0
bidisperse_a0.005_sr0.667_x0_N4000_L24_T400000_seed1_cont1_dense500.npz,0.0,166,8,8,0,0,0,0,0,0,0
bidisperse_a0.005_sr0.667_x0_N4000_L24_T400000_seed1_cont1_dense500.npz,0.0,167,8,8,0,0,0,0,0,0,0
bidisperse_a0.005_sr0.667_x0_N4000_L24_T400000_seed1_cont1_dense500.npz,0.0,168,8,8,0,0,0,0,0,0,0
bidisperse_a0.005_sr0.667_x0_N4000_L24_T400000_seed1_cont1_dense500.npz,0.0,169,8,8,0,0,0,0,0,0,0
bidisperse_a0.005_sr0.667_x0_N4000_L24_T400000_seed1_cont1_dense500.npz,0.0,170,8,8,0,0,0,0,0,0,0
bidisperse_a0.005_sr0.667_x0_N4000_L24_T400000_seed1_cont1_dense500.npz,0.0,171,8,8,0,0,0,0,0,0,0
bidisperse_a0.005_sr0.667_x0_N4000_L24_T400000_seed1_cont1_dense500.npz,0.0,172,8,8,0,0,0,0,0,0,0
bidisperse_a0.005_sr0.667_x0_N4000_L24_T400000_seed1_cont1_dense500.npz,0.0,173,8,8,0,0,0,0,0,0,0
bidisperse_a0.005_sr0.667_x0_N4000_L24_T400000_seed1_cont1_dense500.npz,0.0,174,8,8,0,0,0,0,0,0,0
bidisperse_a0.005_sr0.667_x0_N4000_L24_T400000_seed1_cont1_dense500.npz,0.0,175,8,8,0,0,0,0,0,0,0
bidisperse_a0.005_sr0.667_x0_N4000_L24_T400000_seed1_cont1_dense500.npz,0.0,176,8,9,1,0,0,1,0,0,0
bidisperse_a0.005_sr0.667_x0_N4000_L24_T400000_seed1_cont1_dense500.npz,0.0,177,9,8,-1,0,0,0,1,0,0
bidisperse_a0.005_sr0.667_x0_N4000_L24_T400000_seed1_cont1_dense500.npz,0.0,178,8,8,0,0,0,0,0,0,0
bidisperse_a0.005_sr0.667_x0_N4000_L24_T400000_seed1_cont1_dense500.npz,0.0,179,8,8,0,0,0,0,0,0,0
bidisperse_a0.005_sr0.667_x0_N4000_L24_T400000_seed1_cont1_dense500.npz,0.0,180,8,9,1,1,0,0,0,0,0
bidisperse_a0.005_sr0.667_x0_N4000_L24_T400000_seed1_cont1_dense500.npz,0.0,181,9,8,-1,0,1,0,0,0,0
bidisperse_a0.005_sr0.667_x0_N4000_L24_T400000_seed1_cont1_dense500.npz,0.0,182,8,9,1,1,0,0,0,0,0
bidisperse_a0.005_sr0.667_x0_N4000_L24_T400000_seed1_cont1_dense500.npz,0.0,183,9,8,-1,0,1,0,0,0,0
bidisperse_a0.005_sr0.667_x0_N4000_L24_T400000_seed1_cont1_dense500.npz,0.0,184,8,9,1,0,0,1,0,0,0
bidisperse_a0.005_sr0.667_x0_N4000_L24_T400000_seed1_cont1_dense500.npz,0.0,185,9,8,-1,0,0,0,1,0,0
bidisperse_a0.005_sr0.667_x0_N4000_L24_T400000_seed1_cont1_dense500.npz,0.0,186,8,8,0,0,0,0,0,0,0
bidisperse_a0.005_sr0.667_x0_N4000_L24_T400000_seed1_cont1_dense500.npz,0.0,187,8,8,0,0,0,0,0,0,0
bidisperse_a0.005_sr0.667_x0_N4000_L24_T400000_seed1_cont1_dense500.npz,0.0,188,8,9,1,0,0,1,0,0,0
bidisperse_a0.005_sr0.667_x0_N4000_L24_T400000_seed1_cont1_dense500.npz,0.0,189,9,8,-1,0,0,0,1,0,0
bidisperse_a0.005_sr0.667_x0_N4000_L24_T400000_seed1_cont1_dense500.npz,0.0,190,8,9,1,0,0,1,0,0,0
bidisperse_a0.005_sr0.667_x0_N4000_L24_T400000_seed1_cont1_dense500.npz,0.0,191,9,8,-1,0,0,0,1,0,0
bidisperse_a0.005_sr0.667_x0_N4000_L24_T400000_seed1_cont1_dense500.npz,0.0,192,8,8,0,0,0,0,0,0,0
bidisperse_a0.005_sr0.667_x0_N4000_L24_T400000_seed1_cont1_dense500.npz,0.0,193,8,8,0,0,0,0,0,0,0
bidisperse_a0.005_sr0.667_x0_N4000_L24_T400000_seed1_cont1_dense500.npz,0.0,194,8,8,0,0,0,0,0,0,0
bidisperse_a0.005_sr0.667_x0_N4000_L24_T400000_seed1_cont1_dense500.npz,0.0,195,8,8,0,0,0,0,0,0,0
bidisperse_a0.005_sr0.667_x0_N4000_L24_T400000_seed1_cont1_dense500.npz,0.0,196,8,9,1,1,0,0,0,0,0
bidisperse_a0.005_sr0.667_x0_N4000_L24_T400000_seed1_cont1_dense500.npz,0.0,197,9,8,-1,0,1,0,0,0,0
bidisperse_a0.005_sr0.667_x0_N4000_L24_T400000_seed1_cont1_dense500.npz,0.0,198,8,8,0,0,0,0,0,0,0
bidisperse_a0.005_sr0.667_x0_N4000_L24_T400000_seed1_cont1_dense500.npz,0.0,199,8,9,1,0,0,1,0,0,0
bidisperse_a0.005_sr0.667_x0_N4000_L24_T400000_seed1_cont1_dense500.npz,0.0,200,9,8,-1,0,0,0,1,0,0
bidisperse_a0.005_sr0.667_x0_N4000_L24_T400000_seed1_cont1_dense500.npz,0.0,201,8,8,0,0,0,0,0,0,0
bidisperse_a0.005_sr0.667_x0_N4000_L24_T400000_seed1_cont1_dense500.npz,0.0,202,8,8,0,0,0,0,0,0,0
bidisperse_a0.005_sr0.667_x0_N4000_L24_T400000_seed1_cont1_dense500.npz,0.0,203,8,8,0,0,0,0,0,0,0
bidisperse_a0.005_sr0.667_x0_N4000_L24_T400000_seed1_cont1_dense500.npz,0.0,204,8,9,1,1,0,0,0,0,0
bidisperse_a0.005_sr0.667_x0_N4000_L24_T400000_seed1_cont1_dense500.npz,0.0,205,9,9,0,0,1,1,0,0,0
bidisperse_a0.005_sr0.667_x0_N4000_L24_T400000_seed1_cont1_dense500.npz,0.0,206,9,8,-1,0,0,0,1,0,0
bidisperse_a0.005_sr0.667_x0_N4000_L24_T400000_seed1_cont1_dense500.npz,0.0,207,8,8,0,0,0,0,0,0,0
bidisperse_a0.005_sr0.667_x0_N4000_L24_T400000_seed1_cont1_dense500.npz,0.0,208,8,8,0,0,0,0,0,0,0
bidisperse_a0.005_sr0.667_x0_N4000_L24_T400000_seed1_cont1_dense500.npz,0.0,209,8,10,2,1,0,1,0,0,0
bidisperse_a0.005_sr0.667_x0_N4000_L24_T400000_seed1_cont1_dense500.npz,0.0,210,10,9,-1,0,1,0,1,1,0
bidisperse_a0.005_sr0.667_x0_N4000_L24_T400000_seed1_cont1_dense500.npz,0.0,211,9,9,0,1,0,0,1,0,0
bidisperse_a0.005_sr0.667_x0_N4000_L24_T400000_seed1_cont1_dense500.npz,0.0,212,9,8,-1,0,1,0,0,0,0
bidisperse_a0.005_sr0.667_x0_N4000_L24_T400000_seed1_cont1_dense500.npz,0.0,213,8,8,0,0,0,0,0,0,0
bidisperse_a0.005_sr0.667_x0_N4000_L24_T400000_seed1_cont1_dense500.npz,0.0,214,8,8,0,0,0,0,0,0,0
bidisperse_a0.005_sr0.667_x0_N4000_L24_T400000_seed1_cont1_dense500.npz,0.0,215,8,9,1,0,0,1,0,0,0
bidisperse_a0.005_sr0.667_x0_N4000_L24_T400000_seed1_cont1_dense500.npz,0.0,216,9,8,-1,0,0,0,1,0,0
bidisperse_a0.005_sr0.667_x0_N4000_L24_T400000_seed1_cont1_dense500.npz,0.0,217,8,10,2,0,0,2,0,0,0
bidisperse_a0.005_sr0.667_x0_N4000_L24_T400000_seed1_cont1_dense500.npz,0.0,218,10,9,-1,0,0,1,2,0,0
bidisperse_a0.005_sr0.667_x0_N4000_L24_T400000_seed1_cont1_dense500.npz,0.0,219,9,8,-1,0,0,0,1,0,0
bidisperse_a0.005_sr0.667_x0_N4000_L24_T400000_seed1_cont1_dense500.npz,0.0,220,8,8,0,0,0,0,0,0,0
bidisperse_a0.005_sr0.667_x0_N4000_L24_T400000_seed1_cont1_dense500.npz,0.0,221,8,8,0,0,0,0,0,0,0
bidisperse_a0.005_sr0.667_x0_N4000_L24_T400000_seed1_cont1_dense500.npz,0.0,222,8,8,0,0,0,0,0,0,0
bidisperse_a0.005_sr0.667_x0_N4000_L24_T400000_seed1_cont1_dense500.npz,0.0,223,8,9,1,0,0,0,0,1,0
bidisperse_a0.005_sr0.667_x0_N4000_L24_T400000_seed1_cont1_dense500.npz,0.0,224,9,8,-1,0,0,0,0,0,1
bidisperse_a0.005_sr0.667_x0_N4000_L24_T400000_seed1_cont1_dense500.npz,0.0,225,8,8,0,0,0,0,0,0,0
bidisperse_a0.005_sr0.667_x0_N4000_L24_T400000_seed1_cont1_dense500.npz,0.0,226,8,9,1,0,0,1,0,0,0
bidisperse_a0.005_sr0.667_x0_N4000_L24_T400000_seed1_cont1_dense500.npz,0.0,227,9,8,-1,0,0,0,1,0,0
bidisperse_a0.005_sr0.667_x0_N4000_L24_T400000_seed1_cont1_dense500.npz,0.0,228,8,8,0,0,0,0,0,0,0
bidisperse_a0.005_sr0.667_x0_N4000_L24_T400000_seed1_cont1_dense500.npz,0.0,229,8,8,0,0,0,0,0,0,0
bidisperse_a0.005_sr0.667_x0_N4000_L24_T400000_seed1_cont1_dense500.npz,0.0,230,8,8,0,0,0,0,0,0,0
bidisperse_a0.005_sr0.667_x0_N4000_L24_T400000_seed1_cont1_dense500.npz,0.0,231,8,8,0,0,0,0,0,0,0
bidisperse_a0.005_sr0.667_x0_N4000_L24_T400000_seed1_cont1_dense500.npz,0.0,232,8,8,0,0,0,0,0,0,0
bidisperse_a0.005_sr0.667_x0_N4000_L24_T400000_seed1_cont1_dense500.npz,0.0,233,8,8,0,0,0,0,0,0,0
bidisperse_a0.005_sr0.667_x0_N4000_L24_T400000_seed1_cont1_dense500.npz,0.0,234,8,8,0,0,0,0,0,0,0
bidisperse_a0.005_sr0.667_x0_N4000_L24_T400000_seed1_cont1_dense500.npz,0.0,235,8,8,0,0,0,0,0,0,0
bidisperse_a0.005_sr0.667_x0_N4000_L24_T400000_seed1_cont1_dense500.npz,0.0,236,8,8,0,0,0,0,0,0,0
bidisperse_a0.005_sr0.667_x0_N4000_L24_T400000_seed1_cont1_dense500.npz,0.0,237,8,9,1,0,0,1,0,0,0
bidisperse_a0.005_sr0.667_x0_N4000_L24_T400000_seed1_cont1_dense500.npz,0.0,238,9,8,-1,0,0,0,1,0,0
bidisperse_a0.005_sr0.667_x0_N4000_L24_T400000_seed1_cont1_dense500.npz,0.0,239,8,9,1,0,0,1,0,0,0
bidisperse_a0.005_sr0.667_x0_N4000_L24_T400000_seed1_cont1_dense500.npz,0.0,240,9,8,-1,0,0,0,1,0,0
bidisperse_a0.005_sr0.667_x0_N4000_L24_T400000_seed1_cont1_dense500.npz,0.0,241,8,8,0,0,0,0,0,0,0
bidisperse_a0.005_sr0.667_x0_N4000_L24_T400000_seed1_cont1_dense500.npz,0.0,242,8,8,0,0,0,0,0,0,0
bidisperse_a0.005_sr0.667_x0_N4000_L24_T400000_seed1_cont1_dense500.npz,0.0,243,8,8,0,0,0,0,0,0,0
bidisperse_a0.005_sr0.667_x0_N4000_L24_T400000_seed1_cont1_dense500.npz,0.0,244,8,8,0,0,0,0,0,0,0
bidisperse_a0.005_sr0.667_x0_N4000_L24_T400000_seed1_cont1_dense500.npz,0.0,245,8,8,0,0,0,0,0,0,0
bidisperse_a0.005_sr0.667_x0_N4000_L24_T400000_seed1_cont1_dense500.npz,0.0,246,8,8,0,0,0,0,0,0,0
bidisperse_a0.005_sr0.667_x0_N4000_L24_T400000_seed1_cont1_dense500.npz,0.0,247,8,8,0,0,0,0,0,0,0
bidisperse_a0.005_sr0.667_x0_N4000_L24_T400000_seed1_cont1_dense500.npz,0.0,248,8,8,0,0,0,0,0,0,0
bidisperse_a0.005_sr0.667_x0_N4000_L24_T400000_seed1_cont1_dense500.npz,0.0,249,8,8,0,0,0,0,0,0,0
bidisperse_a0.005_sr0.667_x0_N4000_L24_T400000_seed1_cont1_dense500.npz,0.0,250,8,8,0,0,0,0,0,0,0
bidisperse_a0.005_sr0.667_x0_N4000_L24_T400000_seed1_cont1_dense500.npz,0.0,251,8,8,0,0,0,0,0,0,0
bidisperse_a0.005_sr0.667_x0_N4000_L24_T400000_seed1_cont1_dense500.npz,0.0,252,8,8,0,0,0,0,0,0,0
bidisperse_a0.005_sr0.667_x0_N4000_L24_T400000_seed1_cont1_dense500.npz,0.0,253,8,8,0,0,0,0,0,0,0
bidisperse_a0.005_sr0.667_x0_N4000_L24_T400000_seed1_cont1_dense500.npz,0.0,254,8,9,1,1,0,0,0,0,0
bidisperse_a0.005_sr0.667_x0_N4000_L24_T400000_seed1_cont1_dense500.npz,0.0,255,9,9,0,0,1,1,0,0,0
bidisperse_a0.005_sr0.667_x0_N4000_L24_T400000_seed1_cont1_dense500.npz,0.0,256,9,8,-1,0,0,0,1,0,0
bidisperse_a0.005_sr0.667_x0_N4000_L24_T400000_seed1_cont1_dense500.npz,0.0,257,8,8,0,0,0,0,0,0,0
bidisperse_a0.005_sr0.667_x0_N4000_L24_T400000_seed1_cont1_dense500.npz,0.0,258,8,8,0,0,0,0,0,0,0
bidisperse_a0.005_sr0.667_x0_N4000_L24_T400000_seed1_cont1_dense500.npz,0.0,259,8,8,0,0,0,0,0,0,0
bidisperse_a0.005_sr0.667_x0_N4000_L24_T400000_seed1_cont1_dense500.npz,0.0,260,8,9,1,0,0,1,0,0,0
bidisperse_a0.005_sr0.667_x0_N4000_L24_T400000_seed1_cont1_dense500.npz,0.0,261,9,9,0,1,0,0,1,0,0
bidisperse_a0.005_sr0.667_x0_N4000_L24_T400000_seed1_cont1_dense500.npz,0.0,262,9,8,-1,0,1,0,0,0,0
bidisperse_a0.005_sr0.667_x0_N4000_L24_T400000_seed1_cont1_dense500.npz,0.0,263,8,8,0,0,0,0,0,0,0
bidisperse_a0.005_sr0.667_x0_N4000_L24_T400000_seed1_cont1_dense500.npz,0.0,264,8,8,0,0,0,0,0,0,0
bidisperse_a0.005_sr0.667_x0_N4000_L24_T400000_seed1_cont1_dense500.npz,0.0,265,8,9,1,0,0,1,0,0,0
bidisperse_a0.005_sr0.667_x0_N4000_L24_T400000_seed1_cont1_dense500.npz,0.0,266,9,8,-1,0,0,0,1,0,0
bidisperse_a0.005_sr0.667_x0_N4000_L24_T400000_seed1_cont1_dense500.npz,0.0,267,8,8,0,0,0,0,0,0,0
bidisperse_a0.005_sr0.667_x0_N4000_L24_T400000_seed1_cont1_dense500.npz,0.0,268,8,8,0,0,0,0,0,0,0
bidisperse_a0.005_sr0.667_x0_N4000_L24_T400000_seed1_cont1_dense500.npz,0.0,269,8,10,2,1,0,0,0,1,0
bidisperse_a0.005_sr0.667_x0_N4000_L24_T400000_seed1_cont1_dense500.npz,0.0,270,10,8,-2,0,2,0,0,0,0
bidisperse_a0.005_sr0.667_x0_N4000_L24_T400000_seed1_cont1_dense500.npz,0.0,271,8,9,1,1,0,0,0,0,0
bidisperse_a0.005_sr0.667_x0_N4000_L24_T400000_seed1_cont1_dense500.npz,0.0,272,9,8,-1,0,1,0,0,0,0
bidisperse_a0.005_sr0.667_x0_N4000_L24_T400000_seed1_cont1_dense500.npz,0.0,273,8,8,0,0,0,0,0,0,0
bidisperse_a0.005_sr0.667_x0_N4000_L24_T400000_seed1_cont1_dense500.npz,0.0,274,8,8,0,0,0,0,0,0,0
bidisperse_a0.005_sr0.667_x0_N4000_L24_T400000_seed1_cont1_dense500.npz,0.0,275,8,8,0,0,0,0,0,0,0
bidisperse_a0.005_sr0.667_x0_N4000_L24_T400000_seed1_cont1_dense500.npz,0.0,276,8,10,2,1,0,1,0,0,0
bidisperse_a0.005_sr0.667_x0_N4000_L24_T400000_seed1_cont1_dense500.npz,0.0,277,10,9,-1,0,1,1,1,0,0
bidisperse_a0.005_sr0.667_x0_N4000_L24_T400000_seed1_cont1_dense500.npz,0.0,278,9,8,-1,0,0,0,1,0,0
bidisperse_a0.005_sr0.667_x0_N4000_L24_T400000_seed1_cont1_dense500.npz,0.0,279,8,8,0,0,0,0,0,0,0
bidisperse_a0.005_sr0.667_x0_N4000_L24_T400000_seed1_cont1_dense500.npz,0.0,280,8,8,0,0,0,0,0,0,0
bidisperse_a0.005_sr0.667_x0_N4000_L24_T400000_seed1_cont1_dense500.npz,0.0,281,8,8,0,0,0,0,0,0,0
bidisperse_a0.005_sr0.667_x0_N4000_L24_T400000_seed1_cont1_dense500.npz,0.0,282,8,9,1,0,0,1,0,0,0
bidisperse_a0.005_sr0.667_x0_N4000_L24_T400000_seed1_cont1_dense500.npz,0.0,283,9,9,0,1,0,0,1,0,0
bidisperse_a0.005_sr0.667_x0_N4000_L24_T400000_seed1_cont1_dense500.npz,0.0,284,9,8,-1,0,1,0,0,0,0
bidisperse_a0.005_sr0.667_x0_N4000_L24_T400000_seed1_cont1_dense500.npz,0.0,285,8,8,0,0,0,0,0,0,0
bidisperse_a0.005_sr0.667_x0_N4000_L24_T400000_seed1_cont1_dense500.npz,0.0,286,8,8,0,0,0,0,0,0,0
bidisperse_a0.005_sr0.667_x0_N4000_L24_T400000_seed1_cont1_dense500.npz,0.0,287,8,8,0,0,0,0,0,0,0
bidisperse_a0.005_sr0.667_x0_N4000_L24_T400000_seed1_cont1_dense500.npz,0.0,288,8,8,0,0,0,0,0,0,0
bidisperse_a0.005_sr0.667_x0_N4000_L24_T400000_seed1_cont1_dense500.npz,0.0,289,8,8,0,0,0,0,0,0,0
bidisperse_a0.005_sr0.667_x0_N4000_L24_T400000_seed1_cont1_dense500.npz,0.0,290,8,8,0,0,0,0,0,0,0
bidisperse_a0.005_sr0.667_x0_N4000_L24_T400000_seed1_cont1_dense500.npz,0.0,291,8,8,0,0,0,0,0,0,0
bidisperse_a0.005_sr0.667_x0_N4000_L24_T400000_seed1_cont1_dense500.npz,0.0,292,8,8,0,0,0,0,0,0,0
bidisperse_a0.005_sr0.667_x0_N4000_L24_T400000_seed1_cont1_dense500.npz,0.0,293,8,9,1,0,0,1,0,0,0
bidisperse_a0.005_sr0.667_x0_N4000_L24_T400000_seed1_cont1_dense500.npz,0.0,294,9,8,-1,0,0,0,1,0,0
bidisperse_a0.005_sr0.667_x0_N4000_L24_T400000_seed1_cont1_dense500.npz,0.0,295,8,8,0,0,0,0,0,0,0
bidisperse_a0.005_sr0.667_x0_N4000_L24_T400000_seed1_cont1_dense500.npz,0.0,296,8,8,0,0,0,0,0,0,0
bidisperse_a0.005_sr0.667_x0_N4000_L24_T400000_seed1_cont1_dense500.npz,0.0,297,8,8,0,0,0,0,0,0,0
bidisperse_a0.005_sr0.667_x0_N4000_L24_T400000_seed1_cont1_dense500.npz,0.0,298,8,8,0,0,0,0,0,0,0
bidisperse_a0.005_sr0.667_x0_N4000_L24_T400000_seed1_cont1_dense500.npz,0.0,299,8,8,0,0,0,0,0,0,0
bidisperse_a0.005_sr0.667_x0_N4000_L24_T400000_seed1_cont1_dense500.npz,0.0,300,8,8,0,0,0,0,0,0,0
bidisperse_a0.005_sr0.667_x0_N4000_L24_T400000_seed1_cont1_dense500.npz,0.0,301,8,8,0,0,0,0,0,0,0
bidisperse_a0.005_sr0.667_x0_N4000_L24_T400000_seed1_cont1_dense500.npz,0.0,302,8,8,0,0,0,0,0,0,0
bidisperse_a0.005_sr0.667_x0_N4000_L24_T400000_seed1_cont1_dense500.npz,0.0,303,8,8,0,0,0,0,0,0,0
bidisperse_a0.005_sr0.667_x0_N4000_L24_T400000_seed1_cont1_dense500.npz,0.0,304,8,8,0,0,0,0,0,0,0
bidisperse_a0.005_sr0.667_x0_N4000_L24_T400000_seed1_cont1_dense500.npz,0.0,305,8,8,0,0,0,0,0,0,0
bidisperse_a0.005_sr0.667_x0_N4000_L24_T400000_seed1_cont1_dense500.npz,0.0,306,8,8,0,0,0,0,0,0,0
bidisperse_a0.005_sr0.667_x0_N4000_L24_T400000_seed1_cont1_dense500.npz,0.0,307,8,8,0,0,0,0,0,0,0
bidisperse_a0.005_sr0.667_x0_N4000_L24_T400000_seed1_cont1_dense500.npz,0.0,308,8,8,0,0,0,0,0,0,0
bidisperse_a0.005_sr0.667_x0_N4000_L24_T400000_seed1_cont1_dense500.npz,0.0,309,8,8,0,0,0,0,0,0,0
bidisperse_a0.005_sr0.667_x0_N4000_L24_T400000_seed1_cont1_dense500.npz,0.0,310,8,8,0,0,0,0,0,0,0
bidisperse_a0.005_sr0.667_x0_N4000_L24_T400000_seed1_cont1_dense500.npz,0.0,311,8,8,0,0,0,0,0,0,0
bidisperse_a0.005_sr0.667_x0_N4000_L24_T400000_seed1_cont1_dense500.npz,0.0,312,8,9,1,1,0,0,0,0,0
bidisperse_a0.005_sr0.667_x0_N4000_L24_T400000_seed1_cont1_dense500.npz,0.0,313,9,9,0,0,1,0,0,1,0
bidisperse_a0.005_sr0.667_x0_N4000_L24_T400000_seed1_cont1_dense500.npz,0.0,314,9,9,0,0,0,0,1,1,0
bidisperse_a0.005_sr0.667_x0_N4000_L24_T400000_seed1_cont1_dense500.npz,0.0,315,9,9,0,0,0,1,1,0,0
bidisperse_a0.005_sr0.667_x0_N4000_L24_T400000_seed1_cont1_dense500.npz,0.0,316,9,8,-1,0,0,0,1,0,0
bidisperse_a0.005_sr0.667_x0_N4000_L24_T400000_seed1_cont1_dense500.npz,0.0,317,8,8,0,0,0,0,0,0,0
bidisperse_a0.005_sr0.667_x0_N4000_L24_T400000_seed1_cont1_dense500.npz,0.0,318,8,9,1,1,0,0,0,0,0
bidisperse_a0.005_sr0.667_x0_N4000_L24_T400000_seed1_cont1_dense500.npz,0.0,319,9,9,0,0,1,1,0,0,0
bidisperse_a0.005_sr0.667_x0_N4000_L24_T400000_seed1_cont1_dense500.npz,0.0,320,9,8,-1,0,0,0,0,0,1
bidisperse_a0.005_sr0.667_x0_N4000_L24_T400000_seed1_cont1_dense500.npz,0.0,321,8,8,0,0,0,0,0,0,0
bidisperse_a0.005_sr0.667_x0_N4000_L24_T400000_seed1_cont1_dense500.npz,0.0,322,8,8,0,0,0,0,0,0,0
bidisperse_a0.005_sr0.667_x0_N4000_L24_T400000_seed1_cont1_dense500.npz,0.0,323,8,8,0,0,0,0,0,0,0
bidisperse_a0.005_sr0.667_x0_N4000_L24_T400000_seed1_cont1_dense500.npz,0.0,324,8,8,0,0,0,0,0,0,0
bidisperse_a0.005_sr0.667_x0_N4000_L24_T400000_seed1_cont1_dense500.npz,0.0,325,8,8,0,0,0,0,0,0,0
bidisperse_a0.005_sr0.667_x0_N4000_L24_T400000_seed1_cont1_dense500.npz,0.0,326,8,8,0,0,0,0,0,0,0
bidisperse_a0.005_sr0.667_x0_N4000_L24_T400000_seed1_cont1_dense500.npz,0.0,327,8,8,0,0,0,0,0,0,0
bidisperse_a0.005_sr0.667_x0_N4000_L24_T400000_seed1_cont1_dense500.npz,0.0,328,8,8,0,0,0,0,0,0,0
bidisperse_a0.005_sr0.667_x0_N4000_L24_T400000_seed1_cont1_dense500.npz,0.0,329,8,8,0,0,0,0,0,0,0
bidisperse_a0.005_sr0.667_x0_N4000_L24_T400000_seed1_cont1_dense500.npz,0.0,330,8,8,0,0,0,0,0,0,0
bidisperse_a0.005_sr0.667_x0_N4000_L24_T400000_seed1_cont1_dense500.npz,0.0,331,8,8,0,0,0,0,0,0,0
bidisperse_a0.005_sr0.667_x0_N4000_L24_T400000_seed1_cont1_dense500.npz,0.0,332,8,8,0,0,0,0,0,0,0
bidisperse_a0.005_sr0.667_x0_N4000_L24_T400000_seed1_cont1_dense500.npz,0.0,333,8,8,0,0,0,0,0,0,0
bidisperse_a0.005_sr0.667_x0_N4000_L24_T400000_seed1_cont1_dense500.npz,0.0,334,8,8,0,0,0,0,0,0,0
bidisperse_a0.005_sr0.667_x0_N4000_L24_T400000_seed1_cont1_dense500.npz,0.0,335,8,8,0,0,0,0,0,0,0
bidisperse_a0.005_sr0.667_x0_N4000_L24_T400000_seed1_cont1_dense500.npz,0.0,336,8,9,1,0,0,1,0,0,0
bidisperse_a0.005_sr0.667_x0_N4000_L24_T400000_seed1_cont1_dense500.npz,0.0,337,9,8,-1,0,0,0,1,0,0
bidisperse_a0.005_sr0.667_x0_N4000_L24_T400000_seed1_cont1_dense500.npz,0.0,338,8,8,0,0,0,0,0,0,0
bidisperse_a0.005_sr0.667_x0_N4000_L24_T400000_seed1_cont1_dense500.npz,0.0,339,8,8,0,0,0,0,0,0,0
bidisperse_a0.005_sr0.667_x0_N4000_L24_T400000_seed1_cont1_dense500.npz,0.0,340,8,9,1,1,0,0,0,0,0
bidisperse_a0.005_sr0.667_x0_N4000_L24_T400000_seed1_cont1_dense500.npz,0.0,341,9,8,-1,0,1,0,0,0,0
bidisperse_a0.005_sr0.667_x0_N4000_L24_T400000_seed1_cont1_dense500.npz,0.0,342,8,9,1,0,0,1,0,0,0
bidisperse_a0.005_sr0.667_x0_N4000_L24_T400000_seed1_cont1_dense500.npz,0.0,343,9,8,-1,0,0,0,1,0,0
bidisperse_a0.005_sr0.667_x0_N4000_L24_T400000_seed1_cont1_dense500.npz,0.0,344,8,8,0,0,0,0,0,0,0
bidisperse_a0.005_sr0.667_x0_N4000_L24_T400000_seed1_cont1_dense500.npz,0.0,345,8,9,1,0,0,1,0,0,0
bidisperse_a0.005_sr0.667_x0_N4000_L24_T400000_seed1_cont1_dense500.npz,0.0,346,9,8,-1,0,0,0,1,0,0
bidisperse_a0.005_sr0.667_x0_N4000_L24_T400000_seed1_cont1_dense500.npz,0.0,347,8,8,0,0,0,0,0,0,0
bidisperse_a0.005_sr0.667_x0_N4000_L24_T400000_seed1_cont1_dense500.npz,0.0,348,8,8,0,0,0,0,0,0,0
bidisperse_a0.005_sr0.667_x0_N4000_L24_T400000_seed1_cont1_dense500.npz,0.0,349,8,9,1,0,0,1,0,0,0
bidisperse_a0.005_sr0.667_x0_N4000_L24_T400000_seed1_cont1_dense500.npz,0.0,350,9,8,-1,0,0,0,1,0,0
bidisperse_a0.005_sr0.667_x0_N4000_L24_T400000_seed1_cont1_dense500.npz,0.0,351,8,8,0,0,0,0,0,0,0
bidisperse_a0.005_sr0.667_x0_N4000_L24_T400000_seed1_cont1_dense500.npz,0.0,352,8,9,1,1,0,0,0,0,0
bidisperse_a0.005_sr0.667_x0_N4000_L24_T400000_seed1_cont1_dense500.npz,0.0,353,9,9,0,0,1,1,0,0,0
bidisperse_a0.005_sr0.667_x0_N4000_L24_T400000_seed1_cont1_dense500.npz,0.0,354,9,9,0,0,0,1,1,0,0
bidisperse_a0.005_sr0.667_x0_N4000_L24_T400000_seed1_cont1_dense500.npz,0.0,355,9,9,0,0,0,0,0,1,1
bidisperse_a0.005_sr0.667_x0_N4000_L24_T400000_seed1_cont1_dense500.npz,0.0,356,9,8,-1,0,0,0,1,0,0
bidisperse_a0.005_sr0.667_x0_N4000_L24_T400000_seed1_cont1_dense500.npz,0.0,357,8,8,0,0,0,0,0,0,0
bidisperse_a0.005_sr0.667_x0_N4000_L24_T400000_seed1_cont1_dense500.npz,0.0,358,8,8,0,0,0,0,0,0,0
bidisperse_a0.005_sr0.667_x0_N4000_L24_T400000_seed1_cont1_dense500.npz,0.0,359,8,8,0,0,0,0,0,0,0
bidisperse_a0.005_sr0.667_x0_N4000_L24_T400000_seed1_cont1_dense500.npz,0.0,360,8,9,1,0,0,1,0,0,0
bidisperse_a0.005_sr0.667_x0_N4000_L24_T400000_seed1_cont1_dense500.npz,0.0,361,9,9,0,0,0,1,1,0,0
bidisperse_a0.005_sr0.667_x0_N4000_L24_T400000_seed1_cont1_dense500.npz,0.0,362,9,8,-1,0,0,0,1,0,0
bidisperse_a0.005_sr0.667_x0_N4000_L24_T400000_seed1_cont1_dense500.npz,0.0,363,8,8,0,0,0,0,0,0,0
bidisperse_a0.005_sr0.667_x0_N4000_L24_T400000_seed1_cont1_dense500.npz,0.0,364,8,8,0,0,0,0,0,0,0
bidisperse_a0.005_sr0.667_x0_N4000_L24_T400000_seed1_cont1_dense500.npz,0.0,365,8,8,0,0,0,0,0,0,0
bidisperse_a0.005_sr0.667_x0_N4000_L24_T400000_seed1_cont1_dense500.npz,0.0,366,8,9,1,1,0,0,0,0,0
bidisperse_a0.005_sr0.667_x0_N4000_L24_T400000_seed1_cont1_dense500.npz,0.0,367,9,8,-1,0,1,0,0,0,0
bidisperse_a0.005_sr0.667_x0_N4000_L24_T400000_seed1_cont1_dense500.npz,0.0,368,8,9,1,1,0,0,0,0,0
bidisperse_a0.005_sr0.667_x0_N4000_L24_T400000_seed1_cont1_dense500.npz,0.0,369,9,8,-1,0,1,0,0,0,0
bidisperse_a0.005_sr0.667_x0_N4000_L24_T400000_seed1_cont1_dense500.npz,0.0,370,8,8,0,0,0,0,0,0,0
bidisperse_a0.005_sr0.667_x0_N4000_L24_T400000_seed1_cont1_dense500.npz,0.0,371,8,8,0,0,0,0,0,0,0
bidisperse_a0.005_sr0.667_x0_N4000_L24_T400000_seed1_cont1_dense500.npz,0.0,372,8,8,0,0,0,0,0,0,0
bidisperse_a0.005_sr0.667_x0_N4000_L24_T400000_seed1_cont1_dense500.npz,0.0,373,8,8,0,0,0,0,0,0,0
bidisperse_a0.005_sr0.667_x0_N4000_L24_T400000_seed1_cont1_dense500.npz,0.0,374,8,9,1,0,0,1,0,0,0
bidisperse_a0.005_sr0.667_x0_N4000_L24_T400000_seed1_cont1_dense500.npz,0.0,375,9,8,-1,0,0,0,0,0,1
bidisperse_a0.005_sr0.667_x0_N4000_L24_T400000_seed1_cont1_dense500.npz,0.0,376,8,8,0,0,0,0,0,0,0
bidisperse_a0.005_sr0.667_x0_N4000_L24_T400000_seed1_cont1_dense500.npz,0.0,377,8,8,0,0,0,0,0,0,0
bidisperse_a0.005_sr0.667_x0_N4000_L24_T400000_seed1_cont1_dense500.npz,0.0,378,8,8,0,0,0,0,0,0,0
bidisperse_a0.005_sr0.667_x0_N4000_L24_T400000_seed1_cont1_dense500.npz,0.0,379,8,8,0,0,0,0,0,0,0
bidisperse_a0.005_sr0.667_x0_N4000_L24_T400000_seed1_cont1_dense500.npz,0.0,380,8,9,1,0,0,1,0,0,0
bidisperse_a0.005_sr0.667_x0_N4000_L24_T400000_seed1_cont1_dense500.npz,0.0,381,9,8,-1,0,0,0,0,0,1
bidisperse_a0.005_sr0.667_x0_N4000_L24_T400000_seed1_cont1_dense500.npz,0.0,382,8,8,0,0,0,0,0,0,0
bidisperse_a0.005_sr0.667_x0_N4000_L24_T400000_seed1_cont1_dense500.npz,0.0,383,8,8,0,0,0,0,0,0,0
bidisperse_a0.005_sr0.667_x0_N4000_L24_T400000_seed1_cont1_dense500.npz,0.0,384,8,9,1,0,0,1,0,0,0
bidisperse_a0.005_sr0.667_x0_N4000_L24_T400000_seed1_cont1_dense500.npz,0.0,385,9,8,-1,0,0,0,1,0,0
bidisperse_a0.005_sr0.667_x0_N4000_L24_T400000_seed1_cont1_dense500.npz,0.0,386,8,8,0,0,0,0,0,0,0
bidisperse_a0.005_sr0.667_x0_N4000_L24_T400000_seed1_cont1_dense500.npz,0.0,387,8,8,0,0,0,0,0,0,0
bidisperse_a0.005_sr0.667_x0_N4000_L24_T400000_seed1_cont1_dense500.npz,0.0,388,8,8,0,0,0,0,0,0,0
bidisperse_a0.005_sr0.667_x0_N4000_L24_T400000_seed1_cont1_dense500.npz,0.0,389,8,8,0,0,0,0,0,0,0
bidisperse_a0.005_sr0.667_x0_N4000_L24_T400000_seed1_cont1_dense500.npz,0.0,390,8,8,0,0,0,0,0,0,0
bidisperse_a0.005_sr0.667_x0_N4000_L24_T400000_seed1_cont1_dense500.npz,0.0,391,8,8,0,0,0,0,0,0,0
bidisperse_a0.005_sr0.667_x0_N4000_L24_T400000_seed1_cont1_dense500.npz,0.0,392,8,8,0,0,0,0,0,0,0
bidisperse_a0.005_sr0.667_x0_N4000_L24_T400000_seed1_cont1_dense500.npz,0.0,393,8,8,0,0,0,0,0,0,0
bidisperse_a0.005_sr0.667_x0_N4000_L24_T400000_seed1_cont1_dense500.npz,0.0,394,8,8,0,0,0,0,0,0,0
bidisperse_a0.005_sr0.667_x0_N4000_L24_T400000_seed1_cont1_dense500.npz,0.0,395,8,8,0,0,0,0,0,0,0
bidisperse_a0.005_sr0.667_x0_N4000_L24_T400000_seed1_cont1_dense500.npz,0.0,396,8,9,1,0,0,1,0,0,0
bidisperse_a0.005_sr0.667_x0_N4000_L24_T400000_seed1_cont1_dense500.npz,0.0,397,9,8,-1,0,0,0,1,0,0
bidisperse_a0.005_sr0.667_x0_N4000_L24_T400000_seed1_cont1_dense500.npz,0.0,398,8,8,0,0,0,0,0,0,0
bidisperse_a0.005_sr0.667_x0_N4000_L24_T400000_seed1_cont1_dense500.npz,0.0,399,8,8,0,0,0,0,0,0,0
bidisperse_a0.005_sr0.667_x0_N4000_L24_T400000_seed1_cont1_dense500.npz,0.0,400,8,8,0,0,0,0,0,0,0
bidisperse_a0.005_sr0.667_x0_N4000_L24_T400000_seed1_cont1_dense500.npz,0.0,401,8,9,1,0,0,1,0,0,0
bidisperse_a0.005_sr0.667_x0_N4000_L24_T400000_seed1_cont1_dense500.npz,0.0,402,9,9,0,0,0,0,1,1,0
bidisperse_a0.005_sr0.667_x0_N4000_L24_T400000_seed1_cont1_dense500.npz,0.0,403,9,8,-1,0,0,0,1,0,0
bidisperse_a0.005_sr0.667_x0_N4000_L24_T400000_seed1_cont1_dense500.npz,0.0,404,8,8,0,0,0,0,0,0,0
bidisperse_a0.005_sr0.667_x0_N4000_L24_T400000_seed1_cont1_dense500.npz,0.0,405,8,8,0,0,0,0,0,0,0
bidisperse_a0.005_sr0.667_x0_N4000_L24_T400000_seed1_cont1_dense500.npz,0.0,406,8,8,0,0,0,0,0,0,0
bidisperse_a0.005_sr0.667_x0_N4000_L24_T400000_seed1_cont1_dense500.npz,0.0,407,8,8,0,0,0,0,0,0,0
bidisperse_a0.005_sr0.667_x0_N4000_L24_T400000_seed1_cont1_dense500.npz,0.0,408,8,8,0,0,0,0,0,0,0
bidisperse_a0.005_sr0.667_x0_N4000_L24_T400000_seed1_cont1_dense500.npz,0.0,409,8,8,0,0,0,0,0,0,0
bidisperse_a0.005_sr0.667_x0_N4000_L24_T400000_seed1_cont1_dense500.npz,0.0,410,8,8,0,0,0,0,0,0,0
bidisperse_a0.005_sr0.667_x0_N4000_L24_T400000_seed1_cont1_dense500.npz,0.0,411,8,8,0,0,0,0,0,0,0
bidisperse_a0.005_sr0.667_x0_N4000_L24_T400000_seed1_cont1_dense500.npz,0.0,412,8,8,0,0,0,0,0,0,0
bidisperse_a0.005_sr0.667_x0_N4000_L24_T400000_seed1_cont1_dense500.npz,0.0,413,8,8,0,0,0,0,0,0,0
bidisperse_a0.005_sr0.667_x0_N4000_L24_T400000_seed1_cont1_dense500.npz,0.0,414,8,8,0,0,0,0,0,0,0
bidisperse_a0.005_sr0.667_x0_N4000_L24_T400000_seed1_cont1_dense500.npz,0.0,415,8,8,0,0,0,0,0,0,0
bidisperse_a0.005_sr0.667_x0_N4000_L24_T400000_seed1_cont1_dense500.npz,0.0,416,8,8,0,0,0,0,0,0,0
bidisperse_a0.005_sr0.667_x0_N4000_L24_T400000_seed1_cont1_dense500.npz,0.0,417,8,8,0,0,0,0,0,0,0
bidisperse_a0.005_sr0.667_x0_N4000_L24_T400000_seed1_cont1_dense500.npz,0.0,418,8,9,1,0,0,1,0,0,0
bidisperse_a0.005_sr0.667_x0_N4000_L24_T400000_seed1_cont1_dense500.npz,0.0,419,9,8,-1,0,0,0,1,0,0
bidisperse_a0.005_sr0.667_x0_N4000_L24_T400000_seed1_cont1_dense500.npz,0.0,420,8,9,1,0,0,1,0,0,0
bidisperse_a0.005_sr0.667_x0_N4000_L24_T400000_seed1_cont1_dense500.npz,0.0,421,9,9,0,0,0,1,1,0,0
bidisperse_a0.005_sr0.667_x0_N4000_L24_T400000_seed1_cont1_dense500.npz,0.0,422,9,8,-1,0,0,0,1,0,0
bidisperse_a0.005_sr0.667_x0_N4000_L24_T400000_seed1_cont1_dense500.npz,0.0,423,8,8,0,0,0,0,0,0,0
bidisperse_a0.005_sr0.667_x0_N4000_L24_T400000_seed1_cont1_dense500.npz,0.0,424,8,8,0,0,0,0,0,0,0
bidisperse_a0.005_sr0.667_x0_N4000_L24_T400000_seed1_cont1_dense500.npz,0.0,425,8,8,0,0,0,0,0,0,0
bidisperse_a0.005_sr0.667_x0_N4000_L24_T400000_seed1_cont1_dense500.npz,0.0,426,8,8,0,0,0,0,0,0,0
bidisperse_a0.005_sr0.667_x0_N4000_L24_T400000_seed1_cont1_dense500.npz,0.0,427,8,8,0,0,0,0,0,0,0
bidisperse_a0.005_sr0.667_x0_N4000_L24_T400000_seed1_cont1_dense500.npz,0.0,428,8,8,0,0,0,0,0,0,0
bidisperse_a0.005_sr0.667_x0_N4000_L24_T400000_seed1_cont1_dense500.npz,0.0,429,8,8,0,0,0,0,0,0,0
bidisperse_a0.005_sr0.667_x0_N4000_L24_T400000_seed1_cont1_dense500.npz,0.0,430,8,8,0,0,0,0,0,0,0
bidisperse_a0.005_sr0.667_x0_N4000_L24_T400000_seed1_cont1_dense500.npz,0.0,431,8,8,0,0,0,0,0,0,0
bidisperse_a0.005_sr0.667_x0_N4000_L24_T400000_seed1_cont1_dense500.npz,0.0,432,8,9,1,0,0,1,0,0,0
bidisperse_a0.005_sr0.667_x0_N4000_L24_T400000_seed1_cont1_dense500.npz,0.0,433,9,10,1,0,0,1,1,1,0
bidisperse_a0.005_sr0.667_x0_N4000_L24_T400000_seed1_cont1_dense500.npz,0.0,434,10,8,-2,0,1,0,1,0,1
bidisperse_a0.005_sr0.667_x0_N4000_L24_T400000_seed1_cont1_dense500.npz,0.0,435,8,8,0,0,0,0,0,0,0
bidisperse_a0.005_sr0.667_x0_N4000_L24_T400000_seed1_cont1_dense500.npz,0.0,436,8,8,0,0,0,0,0,0,0
bidisperse_a0.005_sr0.667_x0_N4000_L24_T400000_seed1_cont1_dense500.npz,0.0,437,8,8,0,0,0,0,0,0,0
bidisperse_a0.005_sr0.667_x0_N4000_L24_T400000_seed1_cont1_dense500.npz,0.0,438,8,8,0,0,0,0,0,0,0
bidisperse_a0.005_sr0.667_x0_N4000_L24_T400000_seed1_cont1_dense500.npz,0.0,439,8,8,0,0,0,0,0,0,0
bidisperse_a0.005_sr0.667_x0_N4000_L24_T400000_seed1_cont1_dense500.npz,0.0,440,8,8,0,0,0,0,0,0,0
bidisperse_a0.005_sr0.667_x0_N4000_L24_T400000_seed1_cont1_dense500.npz,0.0,441,8,8,0,0,0,0,0,0,0
bidisperse_a0.005_sr0.667_x0_N4000_L24_T400000_seed1_cont1_dense500.npz,0.0,442,8,8,0,0,0,0,0,0,0
bidisperse_a0.005_sr0.667_x0_N4000_L24_T400000_seed1_cont1_dense500.npz,0.0,443,8,8,0,0,0,0,0,0,0
bidisperse_a0.005_sr0.667_x0_N4000_L24_T400000_seed1_cont1_dense500.npz,0.0,444,8,8,0,0,0,0,0,0,0
bidisperse_a0.005_sr0.667_x0_N4000_L24_T400000_seed1_cont1_dense500.npz,0.0,445,8,8,0,0,0,0,0,0,0
bidisperse_a0.005_sr0.667_x0_N4000_L24_T400000_seed1_cont1_dense500.npz,0.0,446,8,8,0,0,0,0,0,0,0
bidisperse_a0.005_sr0.667_x0_N4000_L24_T400000_seed1_cont1_dense500.npz,0.0,447,8,9,1,0,0,1,0,0,0
bidisperse_a0.005_sr0.667_x0_N4000_L24_T400000_seed1_cont1_dense500.npz,0.0,448,9,8,-1,0,0,0,1,0,0
bidisperse_a0.005_sr0.667_x0_N4000_L24_T400000_seed1_cont1_dense500.npz,0.0,449,8,8,0,0,0,0,0,0,0
bidisperse_a0.005_sr0.667_x0_N4000_L24_T400000_seed1_cont1_dense500.npz,0.0,450,8,8,0,0,0,0,0,0,0
bidisperse_a0.005_sr0.667_x0_N4000_L24_T400000_seed1_cont1_dense500.npz,0.0,451,8,8,0,0,0,0,0,0,0
bidisperse_a0.005_sr0.667_x0_N4000_L24_T400000_seed1_cont1_dense500.npz,0.0,452,8,9,1,0,0,1,0,0,0
bidisperse_a0.005_sr0.667_x0_N4000_L24_T400000_seed1_cont1_dense500.npz,0.0,453,9,8,-1,0,0,0,1,0,0
bidisperse_a0.005_sr0.667_x0_N4000_L24_T400000_seed1_cont1_dense500.npz,0.0,454,8,8,0,0,0,0,0,0,0
bidisperse_a0.005_sr0.667_x0_N4000_L24_T400000_seed1_cont1_dense500.npz,0.0,455,8,9,1,0,0,1,0,0,0
bidisperse_a0.005_sr0.667_x0_N4000_L24_T400000_seed1_cont1_dense500.npz,0.0,456,9,8,-1,0,0,0,1,0,0
bidisperse_a0.005_sr0.667_x0_N4000_L24_T400000_seed1_cont1_dense500.npz,0.0,457,8,8,0,0,0,0,0,0,0
bidisperse_a0.005_sr0.667_x0_N4000_L24_T400000_seed1_cont1_dense500.npz,0.0,458,8,8,0,0,0,0,0,0,0
bidisperse_a0.005_sr0.667_x0_N4000_L24_T400000_seed1_cont1_dense500.npz,0.0,459,8,8,0,0,0,0,0,0,0
bidisperse_a0.005_sr0.667_x0_N4000_L24_T400000_seed1_cont1_dense500.npz,0.0,460,8,8,0,0,0,0,0,0,0
bidisperse_a0.005_sr0.667_x0_N4000_L24_T400000_seed1_cont1_dense500.npz,0.0,461,8,8,0,0,0,0,0,0,0
bidisperse_a0.005_sr0.667_x0_N4000_L24_T400000_seed1_cont1_dense500.npz,0.0,462,8,8,0,0,0,0,0,0,0
bidisperse_a0.005_sr0.667_x0_N4000_L24_T400000_seed1_cont1_dense500.npz,0.0,463,8,9,1,1,0,0,0,0,0
bidisperse_a0.005_sr0.667_x0_N4000_L24_T400000_seed1_cont1_dense500.npz,0.0,464,9,8,-1,0,1,0,0,0,0
bidisperse_a0.005_sr0.667_x0_N4000_L24_T400000_seed1_cont1_dense500.npz,0.0,465,8,8,0,0,0,0,0,0,0
bidisperse_a0.005_sr0.667_x0_N4000_L24_T400000_seed1_cont1_dense500.npz,0.0,466,8,8,0,0,0,0,0,0,0
bidisperse_a0.005_sr0.667_x0_N4000_L24_T400000_seed1_cont1_dense500.npz,0.0,467,8,9,1,0,0,1,0,0,0
bidisperse_a0.005_sr0.667_x0_N4000_L24_T400000_seed1_cont1_dense500.npz,0.0,468,9,8,-1,0,0,0,1,0,0
bidisperse_a0.005_sr0.667_x0_N4000_L24_T400000_seed1_cont1_dense500.npz,0.0,469,8,8,0,0,0,0,0,0,0
bidisperse_a0.005_sr0.667_x0_N4000_L24_T400000_seed1_cont1_dense500.npz,0.0,470,8,8,0,0,0,0,0,0,0
bidisperse_a0.005_sr0.667_x0_N4000_L24_T400000_seed1_cont1_dense500.npz,0.0,471,8,9,1,1,0,0,0,0,0
bidisperse_a0.005_sr0.667_x0_N4000_L24_T400000_seed1_cont1_dense500.npz,0.0,472,9,8,-1,0,1,0,0,0,0
bidisperse_a0.005_sr0.667_x0_N4000_L24_T400000_seed1_cont1_dense500.npz,0.0,473,8,8,0,0,0,0,0,0,0
bidisperse_a0.005_sr0.667_x0_N4000_L24_T400000_seed1_cont1_dense500.npz,0.0,474,8,8,0,0,0,0,0,0,0
bidisperse_a0.005_sr0.667_x0_N4000_L24_T400000_seed1_cont1_dense500.npz,0.0,475,8,9,1,1,0,0,0,0,0
bidisperse_a0.005_sr0.667_x0_N4000_L24_T400000_seed1_cont1_dense500.npz,0.0,476,9,8,-1,0,1,0,0,0,0
bidisperse_a0.005_sr0.667_x0_N4000_L24_T400000_seed1_cont1_dense500.npz,0.0,477,8,10,2,0,0,2,0,0,0
bidisperse_a0.005_sr0.667_x0_N4000_L24_T400000_seed1_cont1_dense500.npz,0.0,478,10,8,-2,0,0,0,2,0,0
bidisperse_a0.005_sr0.667_x0_N4000_L24_T400000_seed1_cont1_dense500.npz,0.0,479,8,8,0,0,0,0,0,0,0
bidisperse_a0.005_sr0.667_x0_N4000_L24_T400000_seed1_cont1_dense500.npz,0.0,480,8,8,0,0,0,0,0,0,0
bidisperse_a0.005_sr0.667_x0_N4000_L24_T400000_seed1_cont1_dense500.npz,0.0,481,8,8,0,0,0,0,0,0,0
bidisperse_a0.005_sr0.667_x0_N4000_L24_T400000_seed1_cont1_dense500.npz,0.0,482,8,8,0,0,0,0,0,0,0
bidisperse_a0.005_sr0.667_x0_N4000_L24_T400000_seed1_cont1_dense500.npz,0.0,483,8,8,0,0,0,0,0,0,0
bidisperse_a0.005_sr0.667_x0_N4000_L24_T400000_seed1_cont1_dense500.npz,0.0,484,8,8,0,0,0,0,0,0,0
bidisperse_a0.005_sr0.667_x0_N4000_L24_T400000_seed1_cont1_dense500.npz,0.0,485,8,8,0,0,0,0,0,0,0
bidisperse_a0.005_sr0.667_x0_N4000_L24_T400000_seed1_cont1_dense500.npz,0.0,486,8,8,0,0,0,0,0,0,0
bidisperse_a0.005_sr0.667_x0_N4000_L24_T400000_seed1_cont1_dense500.npz,0.0,487,8,11,3,1,0,2,0,0,0
bidisperse_a0.005_sr0.667_x0_N4000_L24_T400000_seed1_cont1_dense500.npz,0.0,488,11,9,-2,0,1,1,2,0,0
bidisperse_a0.005_sr0.667_x0_N4000_L24_T400000_seed1_cont1_dense500.npz,0.0,489,9,9,0,0,0,1,1,0,0
bidisperse_a0.005_sr0.667_x0_N4000_L24_T400000_seed1_cont1_dense500.npz,0.0,490,9,8,-1,0,0,0,1,0,0
bidisperse_a0.005_sr0.667_x0_N4000_L24_T400000_seed1_cont1_dense500.npz,0.0,491,8,8,0,0,0,0,0,0,0
bidisperse_a0.005_sr0.667_x0_N4000_L24_T400000_seed1_cont1_dense500.npz,0.0,492,8,8,0,0,0,0,0,0,0
bidisperse_a0.005_sr0.667_x0_N4000_L24_T400000_seed1_cont1_dense500.npz,0.0,493,8,8,0,0,0,0,0,0,0
bidisperse_a0.005_sr0.667_x0_N4000_L24_T400000_seed1_cont1_dense500.npz,0.0,494,8,8,0,0,0,0,0,0,0
bidisperse_a0.005_sr0.667_x0_N4000_L24_T400000_seed1_cont1_dense500.npz,0.0,495,8,9,1,0,0,0,0,1,0
bidisperse_a0.005_sr0.667_x0_N4000_L24_T400000_seed1_cont1_dense500.npz,0.0,496,9,9,0,1,0,0,1,0,0
bidisperse_a0.005_sr0.667_x0_N4000_L24_T400000_seed1_cont1_dense500.npz,0.0,497,9,8,-1,0,1,0,0,0,0
bidisperse_a0.005_sr0.667_x0_N4000_L24_T400000_seed1_cont1_dense500.npz,0.0,498,8,8,0,0,0,0,0,0,0
bidisperse_a0.005_sr0.667_x0_N4000_L24_T400000_seed1_cont1_dense500.npz,0.0,499,8,8,0,0,0,0,0,0,0
bidisperse_a0.005_sr0.667_x1_N4000_L24_T400000_seed1_cont1_dense500.npz,1.0,0,116,110,-6,2,2,8,13,12,12
bidisperse_a0.005_sr0.667_x1_N4000_L24_T400000_seed1_cont1_dense500.npz,1.0,1,110,105,-5,3,0,6,12,10,11
bidisperse_a0.005_sr0.667_x1_N4000_L24_T400000_seed1_cont1_dense500.npz,1.0,2,105,118,13,3,3,12,4,15,10
bidisperse_a0.005_sr0.667_x1_N4000_L24_T400000_seed1_cont1_dense500.npz,1.0,3,118,102,-16,1,4,8,13,9,17
bidisperse_a0.005_sr0.667_x1_N4000_L24_T400000_seed1_cont1_dense500.npz,1.0,4,102,112,10,5,3,16,12,12,8
bidisperse_a0.005_sr0.667_x1_N4000_L24_T400000_seed1_cont1_dense500.npz,1.0,5,112,112,0,2,5,10,10,15,12
bidisperse_a0.005_sr0.667_x1_N4000_L24_T400000_seed1_cont1_dense500.npz,1.0,6,112,101,-11,2,3,10,14,8,14
bidisperse_a0.005_sr0.667_x1_N4000_L24_T400000_seed1_cont1_dense500.npz,1.0,7,101,109,8,2,3,14,8,15,12
bidisperse_a0.005_sr0.667_x1_N4000_L24_T400000_seed1_cont1_dense500.npz,1.0,8,109,117,8,3,1,9,12,21,11
bidisperse_a0.005_sr0.667_x1_N4000_L24_T400000_seed1_cont1_dense500.npz,1.0,9,117,115,-2,6,2,6,5,13,21
bidisperse_a0.005_sr0.667_x1_N4000_L24_T400000_seed1_cont1_dense500.npz,1.0,10,115,105,-10,2,2,4,11,14,17
bidisperse_a0.005_sr0.667_x1_N4000_L24_T400000_seed1_cont1_dense500.npz,1.0,11,105,108,3,2,4,9,10,15,9
bidisperse_a0.005_sr0.667_x1_N4000_L24_T400000_seed1_cont1_dense500.npz,1.0,12,108,95,-13,0,2,5,8,9,17
bidisperse_a0.005_sr0.667_x1_N4000_L24_T400000_seed1_cont1_dense500.npz,1.0,13,95,103,8,1,3,6,2,20,13
bidisperse_a0.005_sr0.667_x1_N4000_L24_T400000_seed1_cont1_dense500.npz,1.0,14,103,100,-3,3,1,3,6,16,18
bidisperse_a0.005_sr0.667_x1_N4000_L24_T400000_seed1_cont1_dense500.npz,1.0,15,100,106,6,2,1,7,7,20,15
bidisperse_a0.005_sr0.667_x1_N4000_L24_T400000_seed1_cont1_dense500.npz,1.0,16,106,101,-5,0,3,10,12,15,16
bidisperse_a0.005_sr0.667_x1_N4000_L24_T400000_seed1_cont1_dense500.npz,1.0,17,101,100,-1,1,0,5,8,14,13
bidisperse_a0.005_sr0.667_x1_N4000_L24_T400000_seed1_cont1_dense500.npz,1.0,18,100,102,2,3,1,8,8,12,12
bidisperse_a0.005_sr0.667_x1_N4000_L24_T400000_seed1_cont1_dense500.npz,1.0,19,102,98,-4,0,3,6,7,12,12
bidisperse_a0.005_sr0.667_x1_N4000_L24_T400000_seed1_cont1_dense500.npz,1.0,20,98,100,2,3,1,8,4,10,14
bidisperse_a0.005_sr0.667_x1_N4000_L24_T400000_seed1_cont1_dense500.npz,1.0,21,100,112,12,2,2,10,6,23,15
bidisperse_a0.005_sr0.667_x1_N4000_L24_T400000_seed1_cont1_dense500.npz,1.0,22,112,104,-8,6,3,2,12,15,16
bidisperse_a0.005_sr0.667_x1_N4000_L24_T400000_seed1_cont1_dense500.npz,1.0,23,104,112,8,3,6,10,5,15,9
bidisperse_a0.005_sr0.667_x1_N4000_L24_T400000_seed1_cont1_dense500.npz,1.0,24,112,104,-8,3,5,4,12,9,7
bidisperse_a0.005_sr0.667_x1_N4000_L24_T400000_seed1_cont1_dense500.npz,1.0,25,104,108,4,4,2,12,6,12,16
bidisperse_a0.005_sr0.667_x1_N4000_L24_T400000_seed1_cont1_dense500.npz,1.0,26,108,105,-3,2,3,10,6,11,17
bidisperse_a0.005_sr0.667_x1_N4000_L24_T400000_seed1_cont1_dense500.npz,1.0,27,105,114,9,5,2,11,11,15,9
bidisperse_a0.005_sr0.667_x1_N4000_L24_T400000_seed1_cont1_dense500.npz,1.0,28,114,120,6,2,4,12,8,13,9
bidisperse_a0.005_sr0.667_x1_N4000_L24_T400000_seed1_cont1_dense500.npz,1.0,29,120,104,-16,4,6,6,6,6,20
bidisperse_a0.005_sr0.667_x1_N4000_L24_T400000_seed1_cont1_dense500.npz,1.0,30,104,122,18,7,1,9,7,20,10
bidisperse_a0.005_sr0.667_x1_N4000_L24_T400000_seed1_cont1_dense500.npz,1.0,31,122,104,-18,2,9,5,10,7,14
bidisperse_a0.005_sr0.667_x1_N4000_L24_T400000_seed1_cont1_dense500.npz,1.0,32,104,110,6,5,3,4,4,20,16
bidisperse_a0.005_sr0.667_x1_N4000_L24_T400000_seed1_cont1_dense500.npz,1.0,33,110,90,-20,1,7,2,9,12,19
bidisperse_a0.005_sr0.667_x1_N4000_L24_T400000_seed1_cont1_dense500.npz,1.0,34,90,105,15,4,0,7,1,15,10
bidisperse_a0.005_sr0.667_x1_N4000_L24_T400000_seed1_cont1_dense500.npz,1.0,35,105,103,-2,1,5,7,5,11,11
bidisperse_a0.005_sr0.667_x1_N4000_L24_T400000_seed1_cont1_dense500.npz,1.0,36,103,99,-4,4,0,5,8,12,17
bidisperse_a0.005_sr0.667_x1_N4000_L24_T400000_seed1_cont1_dense500.npz,1.0,37,99,101,2,2,3,11,6,11,12
bidisperse_a0.005_sr0.667_x1_N4000_L24_T400000_seed1_cont1_dense500.npz,1.0,38,101,107,6,3,1,12,10,13,11
bidisperse_a0.005_sr0.667_x1_N4000_L24_T400000_seed1_cont1_dense500.npz,1.0,39,107,106,-1,3,5,7,8,16,14
bidisperse_a0.005_sr0.667_x1_N4000_L24_T400000_seed1_cont1_dense500.npz,1.0,40,106,100,-6,2,4,6,7,14,18
bidisperse_a0.005_sr0.667_x1_N4000_L24_T400000_seed1_cont1_dense500.npz,1.0,41,100,103,3,4,0,9,10,17,15
bidisperse_a0.005_sr0.667_x1_N4000_L24_T400000_seed1_cont1_dense500.npz,1.0,42,103,99,-4,1,7,8,6,9,9
bidisperse_a0.005_sr0.667_x1_N4000_L24_T400000_seed1_cont1_dense500.npz,1.0,43,99,100,1,2,2,5,6,11,9
bidisperse_a0.005_sr0.667_x1_N4000_L24_T400000_seed1_cont1_dense500.npz,1.0,44,100,109,9,5,0,11,6,9,10
bidisperse_a0.005_sr0.667_x1_N4000_L24_T400000_seed1_cont1_dense500.npz,1.0,45,109,98,-11,3,6,6,9,15,21
bidisperse_a0.005_sr0.667_x1_N4000_L24_T400000_seed1_cont1_dense500.npz,1.0,46,98,92,-6,1,3,8,7,14,18
bidisperse_a0.005_sr0.667_x1_N4000_L24_T400000_seed1_cont1_dense500.npz,1.0,47,92,92,0,2,0,9,9,9,11
bidisperse_a0.005_sr0.667_x1_N4000_L24_T400000_seed1_cont1_dense500.npz,1.0,48,92,100,8,1,4,9,5,16,10
bidisperse_a0.005_sr0.667_x1_N4000_L24_T400000_seed1_cont1_dense500.npz,1.0,49,100,86,-14,4,3,2,10,8,15
bidisperse_a0.005_sr0.667_x1_N4000_L24_T400000_seed1_cont1_dense500.npz,1.0,50,86,94,8,2,4,7,3,18,12
bidisperse_a0.005_sr0.667_x1_N4000_L24_T400000_seed1_cont1_dense500.npz,1.0,51,94,97,3,2,1,9,9,12,10
bidisperse_a0.005_sr0.667_x1_N4000_L24_T400000_seed1_cont1_dense500.npz,1.0,52,97,102,5,6,3,8,6,7,7
bidisperse_a0.005_sr0.667_x1_N4000_L24_T400000_seed1_cont1_dense500.npz,1.0,53,102,94,-8,1,5,6,8,10,12
bidisperse_a0.005_sr0.667_x1_N4000_L24_T400000_seed1_cont1_dense500.npz,1.0,54,94,97,3,2,5,8,3,15,14
bidisperse_a0.005_sr0.667_x1_N4000_L24_T400000_seed1_cont1_dense500.npz,1.0,55,97,97,0,3,2,5,7,12,11
bidisperse_a0.005_sr0.667_x1_N4000_L24_T400000_seed1_cont1_dense500.npz,1.0,56,97,94,-3,5,2,6,9,8,11
bidisperse_a0.005_sr0.667_x1_N4000_L24_T400000_seed1_cont1_dense500.npz,1.0,57,94,87,-7,2,3,10,7,5,13
bidisperse_a0.005_sr0.667_x1_N4000_L24_T400000_seed1_cont1_dense500.npz,1.0,58,87,93,6,4,3,5,6,14,8
bidisperse_a0.005_sr0.667_x1_N4000_L24_T400000_seed1_cont1_dense500.npz,1.0,59,93,91,-2,1,2,5,6,8,8
bidisperse_a0.005_sr0.667_x1_N4000_L24_T400000_seed1_cont1_dense500.npz,1.0,60,91,90,-1,3,2,4,5,11,12
bidisperse_a0.005_sr0.667_x1_N4000_L24_T400000_seed1_cont1_dense500.npz,1.0,61,90,103,13,4,2,16,5,14,14
bidisperse_a0.005_sr0.667_x1_N4000_L24_T400000_seed1_cont1_dense500.npz,1.0,62,103,102,-1,5,4,9,11,15,15
bidisperse_a0.005_sr0.667_x1_N4000_L24_T400000_seed1_cont1_dense500.npz,1.0,63,102,99,-3,1,7,11,12,18,14
bidisperse_a0.005_sr0.667_x1_N4000_L24_T400000_seed1_cont1_dense500.npz,1.0,64,99,93,-6,1,3,11,10,10,15
bidisperse_a0.005_sr0.667_x1_N4000_L24_T400000_seed1_cont1_dense500.npz,1.0,65,93,85,-8,3,1,6,12,10,14
bidisperse_a0.005_sr0.667_x1_N4000_L24_T400000_seed1_cont1_dense500.npz,1.0,66,85,89,4,1,1,7,4,16,15
bidisperse_a0.005_sr0.667_x1_N4000_L24_T400000_seed1_cont1_dense500.npz,1.0,67,89,86,-3,3,0,3,7,12,14
bidisperse_a0.005_sr0.667_x1_N4000_L24_T400000_seed1_cont1_dense500.npz,1.0,68,86,92,6,3,1,11,5,12,13
bidisperse_a0.005_sr0.667_x1_N4000_L24_T400000_seed1_cont1_dense500.npz,1.0,69,92,89,-3,2,4,4,7,13,11
bidisperse_a0.005_sr0.667_x1_N4000_L24_T400000_seed1_cont1_dense500.npz,1.0,70,89,90,1,5,3,10,7,5,9
bidisperse_a0.005_sr0.667_x1_N4000_L24_T400000_seed1_cont1_dense500.npz,1.0,71,90,99,9,7,5,7,7,16,9
bidisperse_a0.005_sr0.667_x1_N4000_L24_T400000_seed1_cont1_dense500.npz,1.0,72,99,105,6,3,4,9,4,10,8
bidisperse_a0.005_sr0.667_x1_N4000_L24_T400000_seed1_cont1_dense500.npz,1.0,73,105,98,-7,3,5,7,7,8,14
bidisperse_a0.005_sr0.667_x1_N4000_L24_T400000_seed1_cont1_dense500.npz,1.0,74,98,90,-8,1,4,6,7,10,13
bidisperse_a0.005_sr0.667_x1_N4000_L24_T400000_seed1_cont1_dense500.npz,1.0,75,90,93,3,3,4,6,4,14,13
bidisperse_a0.005_sr0.667_x1_N4000_L24_T400000_seed1_cont1_dense500.npz,1.0,76,93,102,9,4,3,8,3,14,11
bidisperse_a0.005_sr0.667_x1_N4000_L24_T400000_seed1_cont1_dense500.npz,1.0,77,102,91,-11,3,3,3,11,10,13
bidisperse_a0.005_sr0.667_x1_N4000_L24_T400000_seed1_cont1_dense500.npz,1.0,78,91,88,-3,3,3,7,9,13,14
bidisperse_a0.005_sr0.667_x1_N4000_L24_T400000_seed1_cont1_dense500.npz,1.0,79,88,95,7,3,1,8,8,17,12
bidisperse_a0.005_sr0.667_x1_N4000_L24_T400000_seed1_cont1_dense500.npz,1.0,80,95,95,0,2,5,7,7,16,13
bidisperse_a0.005_sr0.667_x1_N4000_L24_T400000_seed1_cont1_dense500.npz,1.0,81,95,96,1,5,2,6,9,12,12
bidisperse_a0.005_sr0.667_x1_N4000_L24_T400000_seed1_cont1_dense500.npz,1.0,82,96,95,-1,1,3,7,8,10,8
bidisperse_a0.005_sr0.667_x1_N4000_L24_T400000_seed1_cont1_dense500.npz,1.0,83,95,99,4,4,1,10,8,9,10
bidisperse_a0.005_sr0.667_x1_N4000_L24_T400000_seed1_cont1_dense500.npz,1.0,84,99,91,-8,4,5,6,12,13,14
bidisperse_a0.005_sr0.667_x1_N4000_L24_T400000_seed1_cont1_dense500.npz,1.0,85,91,88,-3,4,3,7,7,13,16
bidisperse_a0.005_sr0.667_x1_N4000_L24_T400000_seed1_cont1_dense500.npz,1.0,86,88,101,13,6,3,8,7,18,9
bidisperse_a0.005_sr0.667_x1_N4000_L24_T400000_seed1_cont1_dense500.npz,1.0,87,101,99,-2,3,7,12,6,13,18
bidisperse_a0.005_sr0.667_x1_N4000_L24_T400000_seed1_cont1_dense500.npz,1.0,88,99,101,2,6,2,5,9,14,13
bidisperse_a0.005_sr0.667_x1_N4000_L24_T400000_seed1_cont1_dense500.npz,1.0,89,101,98,-3,1,3,9,8,14,16
bidisperse_a0.005_sr0.667_x1_N4000_L24_T400000_seed1_cont1_dense500.npz,1.0,90,98,105,7,4,0,7,7,14,11
bidisperse_a0.005_sr0.667_x1_N4000_L24_T400000_seed1_cont1_dense500.npz,1.0,91,105,94,-11,1,4,6,8,8,14
bidisperse_a0.005_sr0.667_x1_N4000_L24_T400000_seed1_cont1_dense500.npz,1.0,92,94,98,4,1,2,13,7,10,11
bidisperse_a0.005_sr0.667_x1_N4000_L24_T400000_seed1_cont1_dense500.npz,1.0,93,98,104,6,4,5,10,9,15,10
bidisperse_a0.005_sr0.667_x1_N4000_L24_T400000_seed1_cont1_dense500.npz,1.0,94,104,103,-1,3,5,7,9,12,10
bidisperse_a0.005_sr0.667_x1_N4000_L24_T400000_seed1_cont1_dense500.npz,1.0,95,103,98,-5,3,7,11,6,10,15
bidisperse_a0.005_sr0.667_x1_N4000_L24_T400000_seed1_cont1_dense500.npz,1.0,96,98,95,-3,4,4,8,8,10,12
bidisperse_a0.005_sr0.667_x1_N4000_L24_T400000_seed1_cont1_dense500.npz,1.0,97,95,102,7,4,3,12,9,10,7
bidisperse_a0.005_sr0.667_x1_N4000_L24_T400000_seed1_cont1_dense500.npz,1.0,98,102,97,-5,3,4,10,9,12,17
bidisperse_a0.005_sr0.667_x1_N4000_L24_T400000_seed1_cont1_dense500.npz,1.0,99,97,103,6,6,3,13,11,15,14
bidisperse_a0.005_sr0.667_x1_N4000_L24_T400000_seed1_cont1_dense500.npz,1.0,100,103,100,-3,7,3,6,14,12,11
bidisperse_a0.005_sr0.667_x1_N4000_L24_T400000_seed1_cont1_dense500.npz,1.0,101,100,112,12,3,4,18,7,13,11
bidisperse_a0.005_sr0.667_x1_N4000_L24_T400000_seed1_cont1_dense500.npz,1.0,102,112,104,-8,3,4,11,12,10,15
bidisperse_a0.005_sr0.667_x1_N4000_L24_T400000_seed1_cont1_dense500.npz,1.0,103,104,101,-3,2,4,9,10,13,13
bidisperse_a0.005_sr0.667_x1_N4000_L24_T400000_seed1_cont1_dense500.npz,1.0,104,101,102,1,3,3,15,13,12,14
bidisperse_a0.005_sr0.667_x1_N4000_L24_T400000_seed1_cont1_dense500.npz,1.0,105,102,110,8,2,4,13,10,12,5
bidisperse_a0.005_sr0.667_x1_N4000_L24_T400000_seed1_cont1_dense500.npz,1.0,106,110,103,-7,4,3,5,11,9,11
bidisperse_a0.005_sr0.667_x1_N4000_L24_T400000_seed1_cont1_dense500.npz,1.0,107,103,104,1,3,4,8,8,14,12
bidisperse_a0.005_sr0.667_x1_N4000_L24_T400000_seed1_cont1_dense500.npz,1.0,108,104,114,10,6,3,8,5,11,7
bidisperse_a0.005_sr0.667_x1_N4000_L24_T400000_seed1_cont1_dense500.npz,1.0,109,114,112,-2,0,2,7,7,14,15
bidisperse_a0.005_sr0.667_x1_N4000_L24_T400000_seed1_cont1_dense500.npz,1.0,110,112,112,0,2,4,15,12,10,11
bidisperse_a0.005_sr0.667_x1_N4000_L24_T400000_seed1_cont1_dense500.npz,1.0,111,112,117,5,2,2,5,8,21,13
bidisperse_a0.005_sr0.667_x1_N4000_L24_T400000_seed1_cont1_dense500.npz,1.0,112,117,109,-8,5,5,7,7,4,12
bidisperse_a0.005_sr0.667_x1_N4000_L24_T400000_seed1_cont1_dense500.npz,1.0,113,109,101,-8,1,6,7,12,10,8
bidisperse_a0.005_sr0.667_x1_N4000_L24_T400000_seed1_cont1_dense500.npz,1.0,114,101,101,0,6,1,7,8,9,13
bidisperse_a0.005_sr0.667_x1_N4000_L24_T400000_seed1_cont1_dense500.npz,1.0,115,101,103,2,6,5,5,8,11,7
bidisperse_a0.005_sr0.667_x1_N4000_L24_T400000_seed1_cont1_dense500.npz,1.0,116,103,104,1,3,4,10,6,14,16
bidisperse_a0.005_sr0.667_x1_N4000_L24_T400000_seed1_cont1_dense500.npz,1.0,117,104,104,0,2,4,10,14,13,7
bidisperse_a0.005_sr0.667_x1_N4000_L24_T400000_seed1_cont1_dense500.npz,1.0,118,104,102,-2,1,6,13,14,12,8
bidisperse_a0.005_sr0.667_x1_N4000_L24_T400000_seed1_cont1_dense500.npz,1.0,119,102,98,-4,8,3,11,17,7,11
bidisperse_a0.005_sr0.667_x1_N4000_L24_T400000_seed1_cont1_dense500.npz,1.0,120,98,98,0,1,7,12,7,12,11
bidisperse_a0.005_sr0.667_x1_N4000_L24_T400000_seed1_cont1_dense500.npz,1.0,121,98,94,-4,2,3,8,12,13,12
bidisperse_a0.005_sr0.667_x1_N4000_L24_T400000_seed1_cont1_dense500.npz,1.0,122,94,101,7,2,2,10,7,17,13
bidisperse_a0.005_sr0.667_x1_N4000_L24_T400000_seed1_cont1_dense500.npz,1.0,123,101,103,2,4,3,7,8,11,9
bidisperse_a0.005_sr0.667_x1_N4000_L24_T400000_seed1_cont1_dense500.npz,1.0,124,103,96,-7,1,7,10,8,7,10
bidisperse_a0.005_sr0.667_x1_N4000_L24_T400000_seed1_cont1_dense500.npz,1.0,125,96,99,3,4,2,13,8,10,14
bidisperse_a0.005_sr0.667_x1_N4000_L24_T400000_seed1_cont1_dense500.npz,1.0,126,99,94,-5,3,2,10,10,8,14
bidisperse_a0.005_sr0.667_x1_N4000_L24_T400000_seed1_cont1_dense500.npz,1.0,127,94,98,4,1,2,14,12,16,13
bidisperse_a0.005_sr0.667_x1_N4000_L24_T400000_seed1_cont1_dense500.npz,1.0,128,98,97,-1,1,2,8,12,13,9
bidisperse_a0.005_sr0.667_x1_N4000_L24_T400000_seed1_cont1_dense500.npz,1.0,129,97,99,2,2,0,13,15,10,8
bidisperse_a0.005_sr0.667_x1_N4000_L24_T400000_seed1_cont1_dense500.npz,1.0,130,99,97,-2,1,1,12,8,7,13
bidisperse_a0.005_sr0.667_x1_N4000_L24_T400000_seed1_cont1_dense500.npz,1.0,131,97,89,-8,1,1,6,8,10,16
bidisperse_a0.005_sr0.667_x1_N4000_L24_T400000_seed1_cont1_dense500.npz,1.0,132,89,99,10,4,0,6,5,21,16
bidisperse_a0.005_sr0.667_x1_N4000_L24_T400000_seed1_cont1_dense500.npz,1.0,133,99,101,2,2,3,13,8,11,13
bidisperse_a0.005_sr0.667_x1_N4000_L24_T400000_seed1_cont1_dense500.npz,1.0,134,101,98,-3,2,2,10,9,12,16
bidisperse_a0.005_sr0.667_x1_N4000_L24_T400000_seed1_cont1_dense500.npz,1.0,135,98,105,7,3,2,8,6,15,11
bidisperse_a0.005_sr0.667_x1_N4000_L24_T400000_seed1_cont1_dense500.npz,1.0,136,105,102,-3,5,2,5,9,16,18
bidisperse_a0.005_sr0.667_x1_N4000_L24_T400000_seed1_cont1_dense500.npz,1.0,137,102,100,-2,0,4,10,4,13,16
bidisperse_a0.005_sr0.667_x1_N4000_L24_T400000_seed1_cont1_dense500.npz,1.0,138,100,99,-1,1,1,10,7,11,15
bidisperse_a0.005_sr0.667_x1_N4000_L24_T400000_seed1_cont1_dense500.npz,1.0,139,99,98,-1,0,2,9,9,16,15
bidisperse_a0.005_sr0.667_x1_N4000_L24_T400000_seed1_cont1_dense500.npz,1.0,140,98,102,4,1,0,6,8,16,11
bidisperse_a0.005_sr0.667_x1_N4000_L24_T400000_seed1_cont1_dense500.npz,1.0,141,102,89,-13,2,1,5,11,7,15
bidisperse_a0.005_sr0.667_x1_N4000_L24_T400000_seed1_cont1_dense500.npz,1.0,142,89,89,0,4,3,6,6,8,10
bidisperse_a0.005_sr0.667_x1_N4000_L24_T400000_seed1_cont1_dense500.npz,1.0,143,89,91,2,1,2,7,6,14,12
bidisperse_a0.005_sr0.667_x1_N4000_L24_T400000_seed1_cont1_dense500.npz,1.0,144,91,91,0,1,3,5,4,16,14
bidisperse_a0.005_sr0.667_x1_N4000_L24_T400000_seed1_cont1_dense500.npz,1.0,145,91,95,4,1,1,12,8,12,11
bidisperse_a0.005_sr0.667_x1_N4000_L24_T400000_seed1_cont1_dense500.npz,1.0,146,95,90,-5,4,3,7,12,11,12
bidisperse_a0.005_sr0.667_x1_N4000_L24_T400000_seed1_cont1_dense500.npz,1.0,147,90,94,4,5,4,6,4,10,9
bidisperse_a0.005_sr0.667_x1_N4000_L24_T400000_seed1_cont1_dense500.npz,1.0,148,94,86,-8,3,3,2,9,8,9
bidisperse_a0.005_sr0.667_x1_N4000_L24_T400000_seed1_cont1_dense500.npz,1.0,149,86,89,3,2,4,8,6,9,6
bidisperse_a0.005_sr0.667_x1_N4000_L24_T400000_seed1_cont1_dense500.npz,1.0,150,89,82,-7,2,4,6,7,7,11
bidisperse_a0.005_sr0.667_x1_N4000_L24_T400000_seed1_cont1_dense500.npz,1.0,151,82,90,8,1,2,9,5,12,7
bidisperse_a0.005_sr0.667_x1_N4000_L24_T400000_seed1_cont1_dense500.npz,1.0,152,90,95,5,3,2,13,7,14,16
bidisperse_a0.005_sr0.667_x1_N4000_L24_T400000_seed1_cont1_dense500.npz,1.0,153,95,93,-2,3,3,9,7,10,14
bidisperse_a0.005_sr0.667_x1_N4000_L24_T400000_seed1_cont1_dense500.npz,1.0,154,93,96,3,2,2,7,8,12,8
bidisperse_a0.005_sr0.667_x1_N4000_L24_T400000_seed1_cont1_dense500.npz,1.0,155,96,93,-3,4,0,4,8,10,13
bidisperse_a0.005_sr0.667_x1_N4000_L24_T400000_seed1_cont1_dense500.npz,1.0,156,93,92,-1,5,3,8,7,5,9
bidisperse_a0.005_sr0.667_x1_N4000_L24_T400000_seed1_cont1_dense500.npz,1.0,157,92,99,7,0,2,9,7,15,8
bidisperse_a0.005_sr0.667_x1_N4000_L24_T400000_seed1_cont1_dense500.npz,1.0,158,99,102,3,3,3,12,10,7,7
bidisperse_a0.005_sr0.667_x1_N4000_L24_T400000_seed1_cont1_dense500.npz,1.0,159,102,88,-14,3,4,3,8,10,18
bidisperse_a0.005_sr0.667_x1_N4000_L24_T400000_seed1_cont1_dense500.npz,1.0,160,88,91,3,3,4,7,6,14,10
bidisperse_a0.005_sr0.667_x1_N4000_L24_T400000_seed1_cont1_dense500.npz,1.0,161,91,91,0,2,2,2,6,14,10
bidisperse_a0.005_sr0.667_x1_N4000_L24_T400000_seed1_cont1_dense500.npz,1.0,162,91,96,5,2,1,9,3,11,13
bidisperse_a0.005_sr0.667_x1_N4000_L24_T400000_seed1_cont1_dense500.npz,1.0,163,96,99,3,1,1,11,10,14,12
bidisperse_a0.005_sr0.667_x1_N4000_L24_T400000_seed1_cont1_dense500.npz,1.0,164,99,90,-9,3,4,5,9,12,16
bidisperse_a0.005_sr0.667_x1_N4000_L24_T400000_seed1_cont1_dense500.npz,1.0,165,90,98,8,2,3,11,3,14,14
bidisperse_a0.005_sr0.667_x1_N4000_L24_T400000_seed1_cont1_dense500.npz,1.0,166,98,84,-14,4,1,3,13,10,17
bidisperse_a0.005_sr0.667_x1_N4000_L24_T400000_seed1_cont1_dense500.npz,1.0,167,84,96,12,3,4,9,1,16,11
bidisperse_a0.005_sr0.667_x1_N4000_L24_T400000_seed1_cont1_dense500.npz,1.0,168,96,97,1,1,3,5,4,19,18
bidisperse_a0.005_sr0.667_x1_N4000_L24_T400000_seed1_cont1_dense500.npz,1.0,169,97,94,-3,1,3,5,5,12,13
bidisperse_a0.005_sr0.667_x1_N4000_L24_T400000_seed1_cont1_dense500.npz,1.0,170,94,96,2,3,3,8,7,13,12
bidisperse_a0.005_sr0.667_x1_N4000_L24_T400000_seed1_cont1_dense500.npz,1.0,171,96,100,4,4,5,11,5,10,11
bidisperse_a0.005_sr0.667_x1_N4000_L24_T400000_seed1_cont1_dense500.npz,1.0,172,100,94,-6,4,2,8,10,10,17
bidisperse_a0.005_sr0.667_x1_N4000_L24_T400000_seed1_cont1_dense500.npz,1.0,173,94,92,-2,4,4,8,9,16,17
bidisperse_a0.005_sr0.667_x1_N4000_L24_T400000_seed1_cont1_dense500.npz,1.0,174,92,91,-1,1,7,6,8,20,15
bidisperse_a0.005_sr0.667_x1_N4000_L24_T400000_seed1_cont1_dense500.npz,1.0,175,91,83,-8,5,0,2,6,5,14
bidisperse_a0.005_sr0.667_x1_N4000_L24_T400000_seed1_cont1_dense500.npz,1.0,176,83,101,18,6,3,10,3,14,6
bidisperse_a0.005_sr0.667_x1_N4000_L24_T400000_seed1_cont1_dense500.npz,1.0,177,101,87,-14,1,7,8,6,5,14
bidisperse_a0.005_sr0.667_x1_N4000_L24_T400000_seed1_cont1_dense500.npz,1.0,178,87,96,9,5,0,9,10,13,8
bidisperse_a0.005_sr0.667_x1_N4000_L24_T400000_seed1_cont1_dense500.npz,1.0,179,96,89,-7,2,3,5,12,9,8
bidisperse_a0.005_sr0.667_x1_N4000_L24_T400000_seed1_cont1_dense500.npz,1.0,180,89,97,8,3,2,11,4,8,8
bidisperse_a0.005_sr0.667_x1_N4000_L24_T400000_seed1_cont1_dense500.npz,1.0,181,97,95,-2,2,3,8,5,10,14
bidisperse_a0.005_sr0.667_x1_N4000_L24_T400000_seed1_cont1_dense500.npz,1.0,182,95,91,-4,2,1,2,5,9,11
bidisperse_a0.005_sr0.667_x1_N4000_L24_T400000_seed1_cont1_dense500.npz,1.0,183,91,103,12,4,2,16,5,11,12
bidisperse_a0.005_sr0.667_x1_N4000_L24_T400000_seed1_cont1_dense500.npz,1.0,184,103,90,-13,2,3,3,17,15,14
bidisperse_a0.005_sr0.667_x1_N4000_L24_T400000_seed1_cont1_dense500.npz,1.0,185,90,94,4,3,3,9,3,13,15
bidisperse_a0.005_sr0.667_x1_N4000_L24_T400000_seed1_cont1_dense500.npz,1.0,186,94,91,-3,3,3,9,12,10,10
bidisperse_a0.005_sr0.667_x1_N4000_L24_T400000_seed1_cont1_dense500.npz,1.0,187,91,100,9,3,3,14,10,16,11
bidisperse_a0.005_sr0.667_x1_N4000_L24_T400000_seed1_cont1_dense500.npz,1.0,188,100,95,-5,1,3,7,8,13,16
bidisperse_a0.005_sr0.667_x1_N4000_L24_T400000_seed1_cont1_dense500.npz,1.0,189,95,88,-7,1,1,4,8,9,12
bidisperse_a0.005_sr0.667_x1_N4000_L24_T400000_seed1_cont1_dense500.npz,1.0,190,88,95,7,3,1,7,5,9,6
bidisperse_a0.005_sr0.667_x1_N4000_L24_T400000_seed1_cont1_dense500.npz,1.0,191,95,94,-1,3,2,5,5,12,14
bidisperse_a0.005_sr0.667_x1_N4000_L24_T400000_seed1_cont1_dense500.npz,1.0,192,94,95,1,3,5,4,4,10,7
bidisperse_a0.005_sr0.667_x1_N4000_L24_T400000_seed1_cont1_dense500.npz,1.0,193,95,99,4,6,3,9,7,8,9
bidisperse_a0.005_sr0.667_x1_N4000_L24_T400000_seed1_cont1_dense500.npz,1.0,194,99,94,-5,2,4,6,7,11,13
bidisperse_a0.005_sr0.667_x1_N4000_L24_T400000_seed1_cont1_dense500.npz,1.0,195,94,91,-3,1,2,3,6,9,8
bidisperse_a0.005_sr0.667_x1_N4000_L24_T400000_seed1_cont1_dense500.npz,1.0,196,91,93,2,2,1,7,4,8,10
bidisperse_a0.005_sr0.667_x1_N4000_L24_T400000_seed1_cont1_dense500.npz,1.0,197,93,90,-3,3,3,6,8,14,15
bidisperse_a0.005_sr0.667_x1_N4000_L24_T400000_seed1_cont1_dense500.npz,1.0,198,90,88,-2,2,1,6,5,10,14
bidisperse_a0.005_sr0.667_x1_N4000_L24_T400000_seed1_cont1_dense500.npz,1.0,199,88,84,-4,1,3,7,3,9,15
bidisperse_a0.005_sr0.667_x1_N4000_L24_T400000_seed1_cont1_dense500.npz,1.0,200,84,90,6,3,1,5,6,12,7
bidisperse_a0.005_sr0.667_x1_N4000_L24_T400000_seed1_cont1_dense500.npz,1.0,201,90,91,1,3,2,3,6,9,6
bidisperse_a0.005_sr0.667_x1_N4000_L24_T400000_seed1_cont1_dense500.npz,1.0,202,91,93,2,2,2,7,9,11,6
bidisperse_a0.005_sr0.667_x1_N4000_L24_T400000_seed1_cont1_dense500.npz,1.0,203,93,87,-6,3,5,8,6,7,13
bidisperse_a0.005_sr0.667_x1_N4000_L24_T400000_seed1_cont1_dense500.npz,1.0,204,87,91,4,5,3,6,5,10,9
bidisperse_a0.005_sr0.667_x1_N4000_L24_T400000_seed1_cont1_dense500.npz,1.0,205,91,98,7,2,4,10,8,11,4
bidisperse_a0.005_sr0.667_x1_N4000_L24_T400000_seed1_cont1_dense500.npz,1.0,206,98,93,-5,5,5,5,10,8,8
bidisperse_a0.005_sr0.667_x1_N4000_L24_T400000_seed1_cont1_dense500.npz,1.0,207,93,96,3,5,3,7,5,13,13
bidisperse_a0.005_sr0.667_x1_N4000_L24_T400000_seed1_cont1_dense500.npz,1.0,208,96,98,2,2,5,12,1,6,12
bidisperse_a0.005_sr0.667_x1_N4000_L24_T400000_seed1_cont1_dense500.npz,1.0,209,98,99,1,1,2,7,10,13,8
bidisperse_a0.005_sr0.667_x1_N4000_L24_T400000_seed1_cont1_dense500.npz,1.0,210,99,104,5,5,3,11,7,8,9
bidisperse_a0.005_sr0.667_x1_N4000_L24_T400000_seed1_cont1_dense500.npz,1.0,211,104,93,-11,3,7,6,9,12,16
bidisperse_a0.005_sr0.667_x1_N4000_L24_T400000_seed1_cont1_dense500.npz,1.0,212,93,101,8,6,2,6,8,16,10
bidisperse_a0.005_sr0.667_x1_N4000_L24_T400000_seed1_cont1_dense500.npz,1.0,213,101,100,-1,2,4,9,8,7,7
bidisperse_a0.005_sr0.667_x1_N4000_L24_T400000_seed1_cont1_dense500.npz,1.0,214,100,99,-1,4,0,13,11,11,18
bidisperse_a0.005_sr0.667_x1_N4000_L24_T400000_seed1_cont1_dense500.npz,1.0,215,99,98,-1,0,1,7,10,15,12
bidisperse_a0.005_sr0.667_x1_N4000_L24_T400000_seed1_cont1_dense500.npz,1.0,216,98,96,-2,1,1,13,9,6,12
bidisperse_a0.005_sr0.667_x1_N4000_L24_T400000_seed1_cont1_dense500.npz,1.0,217,96,88,-8,4,2,5,10,9,14
bidisperse_a0.005_sr0.667_x1_N4000_L24_T400000_seed1_cont1_dense500.npz,1.0,218,88,88,0,3,3,6,5,11,14
bidisperse_a0.005_sr0.667_x1_N4000_L24_T400000_seed1_cont1_dense500.npz,1.0,219,88,98,10,2,3,9,4,18,12
bidisperse_a0.005_sr0.667_x1_N4000_L24_T400000_seed1_cont1_dense500.npz,1.0,220,98,100,2,1,3,9,6,15,14
bidisperse_a0.005_sr0.667_x1_N4000_L24_T400000_seed1_cont1_dense500.npz,1.0,221,100,93,-7,3,4,5,9,15,16
bidisperse_a0.005_sr0.667_x1_N4000_L24_T400000_seed1_cont1_dense500.npz,1.0,222,93,108,15,2,2,12,5,18,10
bidisperse_a0.005_sr0.667_x1_N4000_L24_T400000_seed1_cont1_dense500.npz,1.0,223,108,96,-12,1,3,9,15,12,15
bidisperse_a0.005_sr0.667_x1_N4000_L24_T400000_seed1_cont1_dense500.npz,1.0,224,96,95,-1,1,1,15,9,9,15
bidisperse_a0.005_sr0.667_x1_N4000_L24_T400000_seed1_cont1_dense500.npz,1.0,225,95,99,4,5,0,4,10,18,13
bidisperse_a0.005_sr0.667_x1_N4000_L24_T400000_seed1_cont1_dense500.npz,1.0,226,99,98,-1,2,6,8,8,12,9
bidisperse_a0.005_sr0.667_x1_N4000_L24_T400000_seed1_cont1_dense500.npz,1.0,227,98,95,-3,3,3,14,14,8,10
bidisperse_a0.005_sr0.667_x1_N4000_L24_T400000_seed1_cont1_dense500.npz,1.0,228,95,92,-3,6,3,7,6,12,18
bidisperse_a0.005_sr0.667_x1_N4000_L24_T400000_seed1_cont1_dense500.npz,1.0,229,92,98,6,4,7,11,8,16,10
bidisperse_a0.005_sr0.667_x1_N4000_L24_T400000_seed1_cont1_dense500.npz,1.0,230,98,93,-5,1,3,6,12,15,12
bidisperse_a0.005_sr0.667_x1_N4000_L24_T400000_seed1_cont1_dense500.npz,1.0,231,93,99,6,5,1,9,7,7,7
bidisperse_a0.005_sr0.667_x1_N4000_L24_T400000_seed1_cont1_dense500.npz,1.0,232,99,93,-6,5,6,5,4,12,18
bidisperse_a0.005_sr0.667_x1_N4000_L24_T400000_seed1_cont1_dense500.npz,1.0,233,93,102,9,5,4,8,4,13,8
bidisperse_a0.005_sr0.667_x1_N4000_L24_T400000_seed1_cont1_dense500.npz,1.0,234,102,100,-2,4,2,6,9,12,13
bidisperse_a0.005_sr0.667_x1_N4000_L24_T400000_seed1_cont1_dense500.npz,1.0,235,100,102,2,4,3,8,8,13,12
bidisperse_a0.005_sr0.667_x1_N4000_L24_T400000_seed1_cont1_dense500.npz,1.0,236,102,98,-4,3,7,9,6,11,13
bidisperse_a0.005_sr0.667_x1_N4000_L24_T400000_seed1_cont1_dense500.npz,1.0,237,98,93,-5,5,6,5,11,15,14
bidisperse_a0.005_sr0.667_x1_N4000_L24_T400000_seed1_cont1_dense500.npz,1.0,238,93,95,2,3,6,7,5,16,13
bidisperse_a0.005_sr0.667_x1_N4000_L24_T400000_seed1_cont1_dense500.npz,1.0,239,95,98,3,5,2,10,7,6,10
bidisperse_a0.005_sr0.667_x1_N4000_L24_T400000_seed1_cont1_dense500.npz,1.0,240,98,93,-5,7,4,12,15,11,15
bidisperse_a0.005_sr0.667_x1_N4000_L24_T400000_seed1_cont1_dense500.npz,1.0,241,93,97,4,4,11,12,8,16,10
bidisperse_a0.005_sr0.667_x1_N4000_L24_T400000_seed1_cont1_dense500.npz,1.0,242,97,94,-3,4,5,6,4,12,16
bidisperse_a0.005_sr0.667_x1_N4000_L24_T400000_seed1_cont1_dense500.npz,1.0,243,94,92,-2,4,2,6,13,11,7
bidisperse_a0.005_sr0.667_x1_N4000_L24_T400000_seed1_cont1_dense500.npz,1.0,244,92,90,-2,3,6,5,6,15,12
bidisperse_a0.005_sr0.667_x1_N4000_L24_T400000_seed1_cont1_dense500.npz,1.0,245,90,95,5,6,4,7,5,13,12
bidisperse_a0.005_sr0.667_x1_N4000_L24_T400000_seed1_cont1_dense500.npz,1.0,246,95,105,10,4,4,13,7,15,12
bidisperse_a0.005_sr0.667_x1_N4000_L24_T400000_seed1_cont1_dense500.npz,1.0,247,105,100,-5,7,5,7,6,10,18
bidisperse_a0.005_sr0.667_x1_N4000_L24_T400000_seed1_cont1_dense500.npz,1.0,248,100,96,-4,1,3,9,10,12,13
bidisperse_a0.005_sr0.667_x1_N4000_L24_T400000_seed1_cont1_dense500.npz,1.0,249,96,102,6,3,3,10,5,12,11
bidisperse_a0.005_sr0.667_x1_N4000_L24_T400000_seed1_cont1_dense500.npz,1.0,250,102,94,-8,5,3,10,15,9,14
bidisperse_a0.005_sr0.667_x1_N4000_L24_T400000_seed1_cont1_dense500.npz,1.0,251,94,103,9,3,2,13,9,14,10
bidisperse_a0.005_sr0.667_x1_N4000_L24_T400000_seed1_cont1_dense500.npz,1.0,252,103,92,-11,2,3,7,13,12,15
bidisperse_a0.005_sr0.667_x1_N4000_L24_T400000_seed1_cont1_dense500.npz,1.0,253,92,103,11,3,3,16,11,19,12
bidisperse_a0.005_sr0.667_x1_N4000_L24_T400000_seed1_cont1_dense500.npz,1.0,254,103,93,-10,2,2,8,7,9,21
bidisperse_a0.005_sr0.667_x1_N4000_L24_T400000_seed1_cont1_dense500.npz,1.0,255,93,91,-2,1,4,10,7,14,16
bidisperse_a0.005_sr0.667_x1_N4000_L24_T400000_seed1_cont1_dense500.npz,1.0,256,91,102,11,5,1,7,9,20,11
bidisperse_a0.005_sr0.667_x1_N4000_L24_T400000_seed1_cont1_dense500.npz,1.0,257,102,97,-5,2,4,11,8,11,17
bidisperse_a0.005_sr0.667_x1_N4000_L24_T400000_seed1_cont1_dense500.npz,1.0,258,97,91,-6,2,0,3,7,13,17
bidisperse_a0.005_sr0.667_x1_N4000_L24_T400000_seed1_cont1_dense500.npz,1.0,259,91,91,0,0,2,9,3,9,13
bidisperse_a0.005_sr0.667_x1_N4000_L24_T400000_seed1_cont1_dense500.npz,1.0,260,91,92,1,3,1,7,9,10,9
bidisperse_a0.005_sr0.667_x1_N4000_L24_T400000_seed1_cont1_dense500.npz,1.0,261,92,96,4,3,2,8,6,16,15
bidisperse_a0.005_sr0.667_x1_N4000_L24_T400000_seed1_cont1_dense500.npz,1.0,262,96,92,-4,1,2,4,7,10,10
bidisperse_a0.005_sr0.667_x1_N4000_L24_T400000_seed1_cont1_dense500.npz,1.0,263,92,99,7,4,1,9,4,11,12
bidisperse_a0.005_sr0.667_x1_N4000_L24_T400000_seed1_cont1_dense500.npz,1.0,264,99,95,-4,4,4,10,13,10,11
bidisperse_a0.005_sr0.667_x1_N4000_L24_T400000_seed1_cont1_dense500.npz,1.0,265,95,106,11,3,5,13,7,20,13
bidisperse_a0.005_sr0.667_x1_N4000_L24_T400000_seed1_cont1_dense500.npz,1.0,266,106,100,-6,1,4,9,8,16,20
bidisperse_a0.005_sr0.667_x1_N4000_L24_T400000_seed1_cont1_dense500.npz,1.0,267,100,111,11,2,2,13,10,12,4
bidisperse_a0.005_sr0.667_x1_N4000_L24_T400000_seed1_cont1_dense500.npz,1.0,268,111,99,-12,4,3,6,14,7,12
bidisperse_a0.005_sr0.667_x1_N4000_L24_T400000_seed1_cont1_dense500.npz,1.0,269,99,83,-16,2,5,4,10,12,19
bidisperse_a0.005_sr0.667_x1_N4000_L24_T400000_seed1_cont1_dense500.npz,1.0,270,83,81,-2,3,1,5,7,13,15
bidisperse_a0.005_sr0.667_x1_N4000_L24_T400000_seed1_cont1_dense500.npz,1.0,271,81,95,14,2,1,6,3,19,9
bidisperse_a0.005_sr0.667_x1_N4000_L24_T400000_seed1_cont1_dense500.npz,1.0,272,95,96,1,3,3,11,11,15,14
bidisperse_a0.005_sr0.667_x1_N4000_L24_T400000_seed1_cont1_dense500.npz,1.0,273,96,92,-4,2,6,7,4,10,13
bidisperse_a0.005_sr0.667_x1_N4000_L24_T400000_seed1_cont1_dense500.npz,1.0,274,92,91,-1,2,4,10,4,12,17
bidisperse_a0.005_sr0.667_x1_N4000_L24_T400000_seed1_cont1_dense500.npz,1.0,275,91,95,4,2,1,6,8,14,9
bidisperse_a0.005_sr0.667_x1_N4000_L24_T400000_seed1_cont1_dense500.npz,1.0,276,95,101,6,4,2,13,5,12,15
bidisperse_a0.005_sr0.667_x1_N4000_L24_T400000_seed1_cont1_dense500.npz,1.0,277,101,95,-6,5,6,6,3,8,16
bidisperse_a0.005_sr0.667_x1_N4000_L24_T400000_seed1_cont1_dense500.npz,1.0,278,95,102,7,8,6,9,4,15,15
bidisperse_a0.005_sr0.667_x1_N4000_L24_T400000_seed1_cont1_dense500.npz,1.0,279,102,97,-5,1,5,5,9,15,12
bidisperse_a0.005_sr0.667_x1_N4000_L24_T400000_seed1_cont1_dense500.npz,1.0,280,97,90,-7,3,2,9,8,7,16
bidisperse_a0.005_sr0.667_x1_N4000_L24_T400000_seed1_cont1_dense500.npz,1.0,281,90,98,8,10,2,6,8,16,14
bidisperse_a0.005_sr0.667_x1_N4000_L24_T400000_seed1_cont1_dense500.npz,1.0,282,98,97,-1,2,6,9,7,13,10
bidisperse_a0.005_sr0.667_x1_N4000_L24_T400000_seed1_cont1_dense500.npz,1.0,283,97,102,5,6,5,6,5,14,11
bidisperse_a0.005_sr0.667_x1_N4000_L24_T400000_seed1_cont1_dense500.npz,1.0,284,102,99,-3,1,7,10,6,8,9
bidisperse_a0.005_sr0.667_x1_N4000_L24_T400000_seed1_cont1_dense500.npz,1.0,285,99,107,8,9,0,9,11,15,14
bidisperse_a0.005_sr0.667_x1_N4000_L24_T400000_seed1_cont1_dense500.npz,1.0,286,107,110,3,2,3,9,7,17,14
bidisperse_a0.005_sr0.667_x1_N4000_L24_T400000_seed1_cont1_dense500.npz,1.0,287,110,107,-3,3,5,10,10,16,17
bidisperse_a0.005_sr0.667_x1_N4000_L24_T400000_seed1_cont1_dense500.npz,1.0,288,107,104,-3,1,2,10,11,17,18
bidisperse_a0.005_sr0.667_x1_N4000_L24_T400000_seed1_cont1_dense500.npz,1.0,289,104,105,1,1,5,7,7,15,10
bidisperse_a0.005_sr0.667_x1_N4000_L24_T400000_seed1_cont1_dense500.npz,1.0,290,105,104,-1,4,1,4,8,12,12
bidisperse_a0.005_sr0.667_x1_N4000_L24_T400000_seed1_cont1_dense500.npz,1.0,291,104,97,-7,2,2,4,7,15,19
bidisperse_a0.005_sr0.667_x1_N4000_L24_T400000_seed1_cont1_dense500.npz,1.0,292,97,101,4,3,3,9,4,9,11
bidisperse_a0.005_sr0.667_x1_N4000_L24_T400000_seed1_cont1_dense500.npz,1.0,293,101,110,9,7,2,8,7,17,14
bidisperse_a0.005_sr0.667_x1_N4000_L24_T400000_seed1_cont1_dense500.npz,1.0,294,110,107,-3,2,4,11,10,9,11
bidisperse_a0.005_sr0.667_x1_N4000_L24_T400000_seed1_cont1_dense500.npz,1.0,295,107,103,-4,1,2,9,14,11,9
bidisperse_a0.005_sr0.667_x1_N4000_L24_T400000_seed1_cont1_dense500.npz,1.0,296,103,97,-6,4,3,9,10,11,18
bidisperse_a0.005_sr0.667_x1_N4000_L24_T400000_seed1_cont1_dense500.npz,1.0,297,97,109,12,3,1,12,9,20,13
bidisperse_a0.005_sr0.667_x1_N4000_L24_T400000_seed1_cont1_dense500.npz,1.0,298,109,105,-4,2,4,9,10,15,17
bidisperse_a0.005_sr0.667_x1_N4000_L24_T400000_seed1_cont1_dense500.npz,1.0,299,105,104,-1,3,2,7,5,13,17
bidisperse_a0.005_sr0.667_x1_N4000_L24_T400000_seed1_cont1_dense500.npz,1.0,300,104,107,3,0,5,19,4,9,16
bidisperse_a0.005_sr0.667_x1_N4000_L24_T400000_seed1_cont1_dense500.npz,1.0,301,107,108,1,7,3,6,15,14,8
bidisperse_a0.005_sr0.667_x1_N4000_L24_T400000_seed1_cont1_dense500.npz,1.0,302,108,100,-8,1,4,7,8,10,14
bidisperse_a0.005_sr0.667_x1_N4000_L24_T400000_seed1_cont1_dense500.npz,1.0,303,100,105,5,6,2,5,7,10,7
bidisperse_a0.005_sr0.667_x1_N4000_L24_T400000_seed1_cont1_dense500.npz,1.0,304,105,99,-6,4,5,6,6,6,11
bidisperse_a0.005_sr0.667_x1_N4000_L24_T400000_seed1_cont1_dense500.npz,1.0,305,99,104,5,4,1,7,6,16,16
bidisperse_a0.005_sr0.667_x1_N4000_L24_T400000_seed1_cont1_dense500.npz,1.0,306,104,97,-7,1,3,5,6,11,15
bidisperse_a0.005_sr0.667_x1_N4000_L24_T400000_seed1_cont1_dense500.npz,1.0,307,97,104,7,3,0,8,5,15,14
bidisperse_a0.005_sr0.667_x1_N4000_L24_T400000_seed1_cont1_dense500.npz,1.0,308,104,104,0,1,2,12,11,10,9
bidisperse_a0.005_sr0.667_x1_N4000_L24_T400000_seed1_cont1_dense500.npz,1.0,309,104,97,-7,1,3,9,10,8,12
bidisperse_a0.005_sr0.667_x1_N4000_L24_T400000_seed1_cont1_dense500.npz,1.0,310,97,99,2,0,2,10,8,14,12
bidisperse_a0.005_sr0.667_x1_N4000_L24_T400000_seed1_cont1_dense500.npz,1.0,311,99,94,-5,2,0,8,8,12,19
bidisperse_a0.005_sr0.667_x1_N4000_L24_T400000_seed1_cont1_dense500.npz,1.0,312,94,96,2,3,1,2,7,16,11
bidisperse_a0.005_sr0.667_x1_N4000_L24_T400000_seed1_cont1_dense500.npz,1.0,313,96,99,3,2,2,5,4,14,12
bidisperse_a0.005_sr0.667_x1_N4000_L24_T400000_seed1_cont1_dense500.npz,1.0,314,99,105,6,6,3,6,8,16,11
bidisperse_a0.005_sr0.667_x1_N4000_L24_T400000_seed1_cont1_dense500.npz,1.0,315,105,100,-5,2,5,6,6,20,23
bidisperse_a0.005_sr0.667_x1_N4000_L24_T400000_seed1_cont1_dense500.npz,1.0,316,100,96,-4,2,4,7,5,13,17
bidisperse_a0.005_sr0.667_x1_N4000_L24_T400000_seed1_cont1_dense500.npz,1.0,317,96,100,4,2,2,8,6,20,18
bidisperse_a0.005_sr0.667_x1_N4000_L24_T400000_seed1_cont1_dense500.npz,1.0,318,100,102,2,1,3,8,2,14,17
bidisperse_a0.005_sr0.667_x1_N4000_L24_T400000_seed1_cont1_dense500.npz,1.0,319,102,106,4,6,0,4,6,15,15
bidisperse_a0.005_sr0.667_x1_N4000_L24_T400000_seed1_cont1_dense500.npz,1.0,320,106,99,-7,3,7,6,4,11,16
bidisperse_a0.005_sr0.667_x1_N4000_L24_T400000_seed1_cont1_dense500.npz,1.0,321,99,105,6,3,1,8,4,17,16
bidisperse_a0.005_sr0.667_x1_N4000_L24_T400000_seed1_cont1_dense500.npz,1.0,322,105,106,1,2,3,8,10,19,16
bidisperse_a0.005_sr0.667_x1_N4000_L24_T400000_seed1_cont1_dense500.npz,1.0,323,106,106,0,2,3,10,6,12,15
bidisperse_a0.005_sr0.667_x1_N4000_L24_T400000_seed1_cont1_dense500.npz,1.0,324,106,110,4,4,1,9,8,16,16
bidisperse_a0.005_sr0.667_x1_N4000_L24_T400000_seed1_cont1_dense500.npz,1.0,325,110,102,-8,2,5,8,9,11,15
bidisperse_a0.005_sr0.667_x1_N4000_L24_T400000_seed1_cont1_dense500.npz,1.0,326,102,107,5,2,5,13,6,12,12
bidisperse_a0.005_sr0.667_x1_N4000_L24_T400000_seed1_cont1_dense500.npz,1.0,327,107,104,-3,3,1,10,11,13,17
bidisperse_a0.005_sr0.667_x1_N4000_L24_T400000_seed1_cont1_dense500.npz,1.0,328,104,105,1,5,0,8,12,16,16
bidisperse_a0.005_sr0.667_x1_N4000_L24_T400000_seed1_cont1_dense500.npz,1.0,329,105,102,-3,3,4,13,9,13,19
bidisperse_a0.005_sr0.667_x1_N4000_L24_T400000_seed1_cont1_dense500.npz,1.0,330,102,110,8,4,3,10,13,20,10
bidisperse_a0.005_sr0.667_x1_N4000_L24_T400000_seed1_cont1_dense500.npz,1.0,331,110,106,-4,2,5,11,11,13,14
bidisperse_a0.005_sr0.667_x1_N4000_L24_T400000_seed1_cont1_dense500.npz,1.0,332,106,114,8,5,1,9,9,18,14
bidisperse_a0.005_sr0.667_x1_N4000_L24_T400000_seed1_cont1_dense500.npz,1.0,333,114,97,-17,1,4,5,11,9,17
bidisperse_a0.005_sr0.667_x1_N4000_L24_T400000_seed1_cont1_dense500.npz,1.0,334,97,92,-5,2,3,4,6,11,13
bidisperse_a0.005_sr0.667_x1_N4000_L24_T400000_seed1_cont1_dense500.npz,1.0,335,92,103,11,3,2,8,4,15,9
bidisperse_a0.005_sr0.667_x1_N4000_L24_T400000_seed1_cont1_dense500.npz,1.0,336,103,105,2,1,4,10,5,13,13
bidisperse_a0.005_sr0.667_x1_N4000_L24_T400000_seed1_cont1_dense500.npz,1.0,337,105,106,1,1,2,4,10,17,9
bidisperse_a0.005_sr0.667_x1_N4000_L24_T400000_seed1_cont1_dense500.npz,1.0,338,106,105,-1,3,3,10,5,11,17
bidisperse_a0.005_sr0.667_x1_N4000_L24_T400000_seed1_cont1_dense500.npz,1.0,339,105,110,5,4,0,7,7,14,13
bidisperse_a0.005_sr0.667_x1_N4000_L24_T400000_seed1_cont1_dense500.npz,1.0,340,110,97,-13,0,5,2,7,8,11
bidisperse_a0.005_sr0.667_x1_N4000_L24_T400000_seed1_cont1_dense500.npz,1.0,341,97,96,-1,1,1,7,6,12,14
bidisperse_a0.005_sr0.667_x1_N4000_L24_T400000_seed1_cont1_dense500.npz,1.0,342,96,111,15,5,0,11,4,18,15
bidisperse_a0.005_sr0.667_x1_N4000_L24_T400000_seed1_cont1_dense500.npz,1.0,343,111,91,-20,0,2,3,9,13,25
bidisperse_a0.005_sr0.667_x1_N4000_L24_T400000_seed1_cont1_dense500.npz,1.0,344,91,100,9,2,1,6,3,20,15
bidisperse_a0.005_sr0.667_x1_N4000_L24_T400000_seed1_cont1_dense500.npz,1.0,345,100,103,3,6,4,5,2,17,19
bidisperse_a0.005_sr0.667_x1_N4000_L24_T400000_seed1_cont1_dense500.npz,1.0,346,103,105,2,4,3,6,7,18,16
bidisperse_a0.005_sr0.667_x1_N4000_L24_T400000_seed1_cont1_dense500.npz,1.0,347,105,104,-1,1,3,9,5,16,19
bidisperse_a0.005_sr0.667_x1_N4000_L24_T400000_seed1_cont1_dense500.npz,1.0,348,104,103,-1,2,4,9,13,16,11
bidisperse_a0.005_sr0.667_x1_N4000_L24_T400000_seed1_cont1_dense500.npz,1.0,349,103,101,-2,4,1,7,8,13,18
bidisperse_a0.005_sr0.667_x1_N4000_L24_T400000_seed1_cont1_dense500.npz,1.0,350,101,103,2,1,2,9,7,11,10
bidisperse_a0.005_sr0.667_x1_N4000_L24_T400000_seed1_cont1_dense500.npz,1.0,351,103,104,1,1,3,7,11,21,14
bidisperse_a0.005_sr0.667_x1_N4000_L24_T400000_seed1_cont1_dense500.npz,1.0,352,104,95,-9,3,1,3,6,11,18
bidisperse_a0.005_sr0.667_x1_N4000_L24_T400000_seed1_cont1_dense500.npz,1.0,353,95,90,-5,1,2,4,9,15,14
bidisperse_a0.005_sr0.667_x1_N4000_L24_T400000_seed1_cont1_dense500.npz,1.0,354,90,95,5,2,3,10,3,18,21
bidisperse_a0.005_sr0.667_x1_N4000_L24_T400000_seed1_cont1_dense500.npz,1.0,355,95,101,6,3,0,4,7,19,13
bidisperse_a0.005_sr0.667_x1_N4000_L24_T400000_seed1_cont1_dense500.npz,1.0,356,101,105,4,3,6,10,6,15,12
bidisperse_a0.005_sr0.667_x1_N4000_L24_T400000_seed1_cont1_dense500.npz,1.0,357,105,96,-9,3,1,5,8,10,18
bidisperse_a0.005_sr0.667_x1_N4000_L24_T400000_seed1_cont1_dense500.npz,1.0,358,96,110,14,3,3,11,5,19,11
bidisperse_a0.005_sr0.667_x1_N4000_L24_T400000_seed1_cont1_dense500.npz,1.0,359,110,99,-11,1,4,7,11,10,14
bidisperse_a0.005_sr0.667_x1_N4000_L24_T400000_seed1_cont1_dense500.npz,1.0,360,99,103,4,7,3,6,6,14,14
bidisperse_a0.005_sr0.667_x1_N4000_L24_T400000_seed1_cont1_dense500.npz,1.0,361,103,99,-4,4,6,9,7,14,19
bidisperse_a0.005_sr0.667_x1_N4000_L24_T400000_seed1_cont1_dense500.npz,1.0,362,99,100,1,3,5,8,5,18,18
bidisperse_a0.005_sr0.667_x1_N4000_L24_T400000_seed1_cont1_dense500.npz,1.0,363,100,100,0,2,3,10,10,16,14
bidisperse_a0.005_sr0.667_x1_N4000_L24_T400000_seed1_cont1_dense500.npz,1.0,364,100,104,4,3,1,9,6,15,17
bidisperse_a0.005_sr0.667_x1_N4000_L24_T400000_seed1_cont1_dense500.npz,1.0,365,104,97,-7,1,4,3,6,14,16
bidisperse_a0.005_sr0.667_x1_N4000_L24_T400000_seed1_cont1_dense500.npz,1.0,366,97,100,3,4,1,6,5,14,15
bidisperse_a0.005_sr0.667_x1_N4000_L24_T400000_seed1_cont1_dense500.npz,1.0,367,100,96,-4,2,2,5,3,7,13
bidisperse_a0.005_sr0.667_x1_N4000_L24_T400000_seed1_cont1_dense500.npz,1.0,368,96,105,9,1,3,10,7,22,14
bidisperse_a0.005_sr0.667_x1_N4000_L24_T400000_seed1_cont1_dense500.npz,1.0,369,105,100,-5,3,2,3,9,11,11
bidisperse_a0.005_sr0.667_x1_N4000_L24_T400000_seed1_cont1_dense500.npz,1.0,370,100,100,0,3,2,7,4,11,15
bidisperse_a0.005_sr0.667_x1_N4000_L24_T400000_seed1_cont1_dense500.npz,1.0,371,100,101,1,2,3,5,9,19,13
bidisperse_a0.005_sr0.667_x1_N4000_L24_T400000_seed1_cont1_dense500.npz,1.0,372,101,103,2,4,2,6,4,11,14
bidisperse_a0.005_sr0.667_x1_N4000_L24_T400000_seed1_cont1_dense500.npz,1.0,373,103,101,-2,3,3,8,5,8,13
bidisperse_a0.005_sr0.667_x1_N4000_L24_T400000_seed1_cont1_dense500.npz,1.0,374,101,104,3,2,3,7,12,14,5
bidisperse_a0.005_sr0.667_x1_N4000_L24_T400000_seed1_cont1_dense500.npz,1.0,375,104,106,2,2,1,11,8,14,16
bidisperse_a0.005_sr0.667_x1_N4000_L24_T400000_seed1_cont1_dense500.npz,1.0,376,106,97,-9,3,3,5,8,5,11
bidisperse_a0.005_sr0.667_x1_N4000_L24_T400000_seed1_cont1_dense500.npz,1.0,377,97,96,-1,0,4,5,1,12,13
bidisperse_a0.005_sr0.667_x1_N4000_L24_T400000_seed1_cont1_dense500.npz,1.0,378,96,103,7,5,1,4,4,16,13
bidisperse_a0.005_sr0.667_x1_N4000_L24_T400000_seed1_cont1_dense500.npz,1.0,379,103,95,-8,1,6,7,7,10,14
bidisperse_a0.005_sr0.667_x1_N4000_L24_T400000_seed1_cont1_dense500.npz,1.0,380,95,97,2,3,0,11,7,11,15
bidisperse_a0.005_sr0.667_x1_N4000_L24_T400000_seed1_cont1_dense500.npz,1.0,381,97,95,-2,4,4,8,13,14,11
bidisperse_a0.005_sr0.667_x1_N4000_L24_T400000_seed1_cont1_dense500.npz,1.0,382,95,85,-10,3,0,3,9,8,15
bidisperse_a0.005_sr0.667_x1_N4000_L24_T400000_seed1_cont1_dense500.npz,1.0,383,85,93,8,0,6,9,3,22,14
bidisperse_a0.005_sr0.667_x1_N4000_L24_T400000_seed1_cont1_dense500.npz,1.0,384,93,98,5,1,0,4,6,16,10
bidisperse_a0.005_sr0.667_x1_N4000_L24_T400000_seed1_cont1_dense500.npz,1.0,385,98,95,-3,3,4,5,3,9,14
bidisperse_a0.005_sr0.667_x1_N4000_L24_T400000_seed1_cont1_dense500.npz,1.0,386,95,98,3,4,2,7,4,11,13
bidisperse_a0.005_sr0.667_x1_N4000_L24_T400000_seed1_cont1_dense500.npz,1.0,387,98,90,-8,0,6,4,7,9,9
bidisperse_a0.005_sr0.667_x1_N4000_L24_T400000_seed1_cont1_dense500.npz,1.0,388,90,100,10,5,1,8,3,15,14
bidisperse_a0.005_sr0.667_x1_N4000_L24_T400000_seed1_cont1_dense500.npz,1.0,389,100,92,-8,3,3,3,7,9,12
bidisperse_a0.005_sr0.667_x1_N4000_L24_T400000_seed1_cont1_dense500.npz,1.0,390,92,102,10,5,5,10,4,11,7
bidisperse_a0.005_sr0.667_x1_N4000_L24_T400000_seed1_cont1_dense500.npz,1.0,391,102,101,-1,3,3,6,7,10,9
bidisperse_a0.005_sr0.667_x1_N4000_L24_T400000_seed1_cont1_dense500.npz,1.0,392,101,90,-11,1,2,2,10,14,16
bidisperse_a0.005_sr0.667_x1_N4000_L24_T400000_seed1_cont1_dense500.npz,1.0,393,90,96,6,4,4,6,5,16,11
bidisperse_a0.005_sr0.667_x1_N4000_L24_T400000_seed1_cont1_dense500.npz,1.0,394,96,92,-4,5,5,7,8,5,8
bidisperse_a0.005_sr0.667_x1_N4000_L24_T400000_seed1_cont1_dense500.npz,1.0,395,92,92,0,5,3,3,11,11,5
bidisperse_a0.005_sr0.667_x1_N4000_L24_T400000_seed1_cont1_dense500.npz,1.0,396,92,89,-3,1,2,8,3,6,13
bidisperse_a0.005_sr0.667_x1_N4000_L24_T400000_seed1_cont1_dense500.npz,1.0,397,89,94,5,2,3,9,7,15,11
bidisperse_a0.005_sr0.667_x1_N4000_L24_T400000_seed1_cont1_dense500.npz,1.0,398,94,95,1,2,2,8,8,14,13
bidisperse_a0.005_sr0.667_x1_N4000_L24_T400000_seed1_cont1_dense500.npz,1.0,399,95,88,-7,4,3,3,9,15,17
bidisperse_a0.005_sr0.667_x1_N4000_L24_T400000_seed1_cont1_dense500.npz,1.0,400,88,91,3,3,2,5,9,13,7
bidisperse_a0.005_sr0.667_x1_N4000_L24_T400000_seed1_cont1_dense500.npz,1.0,401,91,94,3,1,4,5,1,13,12
bidisperse_a0.005_sr0.667_x1_N4000_L24_T400000_seed1_cont1_dense500.npz,1.0,402,94,99,5,4,1,4,3,19,18
bidisperse_a0.005_sr0.667_x1_N4000_L24_T400000_seed1_cont1_dense500.npz,1.0,403,99,92,-7,1,6,3,5,14,14
bidisperse_a0.005_sr0.667_x1_N4000_L24_T400000_seed1_cont1_dense500.npz,1.0,404,92,100,8,4,2,9,5,14,12
bidisperse_a0.005_sr0.667_x1_N4000_L24_T400000_seed1_cont1_dense500.npz,1.0,405,100,100,0,3,5,5,6,16,13
bidisperse_a0.005_sr0.667_x1_N4000_L24_T400000_seed1_cont1_dense500.npz,1.0,406,100,88,-12,1,2,3,5,5,14
bidisperse_a0.005_sr0.667_x1_N4000_L24_T400000_seed1_cont1_dense500.npz,1.0,407,88,88,0,2,2,6,4,9,11
bidisperse_a0.005_sr0.667_x1_N4000_L24_T400000_seed1_cont1_dense500.npz,1.0,408,88,100,12,2,2,12,4,12,8
bidisperse_a0.005_sr0.667_x1_N4000_L24_T400000_seed1_cont1_dense500.npz,1.0,409,100,98,-2,4,1,7,7,12,17
bidisperse_a0.005_sr0.667_x1_N4000_L24_T400000_seed1_cont1_dense500.npz,1.0,410,98,100,2,6,3,3,4,19,19
bidisperse_a0.005_sr0.667_x1_N4000_L24_T400000_seed1_cont1_dense500.npz,1.0,411,100,101,1,7,5,4,7,16,14
bidisperse_a0.005_sr0.667_x1_N4000_L24_T400000_seed1_cont1_dense500.npz,1.0,412,101,98,-3,4,5,5,4,6,9
bidisperse_a0.005_sr0.667_x1_N4000_L24_T400000_seed1_cont1_dense500.npz,1.0,413,98,107,9,6,4,7,7,14,7
bidisperse_a0.005_sr0.667_x1_N4000_L24_T400000_seed1_cont1_dense500.npz,1.0,414,107,99,-8,2,5,12,12,10,15
bidisperse_a0.005_sr0.667_x1_N4000_L24_T400000_seed1_cont1_dense500.npz,1.0,415,99,96,-3,3,2,6,10,10,10
bidisperse_a0.005_sr0.667_x1_N4000_L24_T400000_seed1_cont1_dense500.npz,1.0,416,96,85,-11,1,6,8,8,10,17
bidisperse_a0.005_sr0.667_x1_N4000_L24_T400000_seed1_cont1_dense500.npz,1.0,417,85,100,15,5,1,6,5,16,6
bidisperse_a0.005_sr0.667_x1_N4000_L24_T400000_seed1_cont1_dense500.npz,1.0,418,100,96,-4,2,4,7,10,13,13
bidisperse_a0.005_sr0.667_x1_N4000_L24_T400000_seed1_cont1_dense500.npz,1.0,419,96,95,-1,3,3,5,5,16,17
bidisperse_a0.005_sr0.667_x1_N4000_L24_T400000_seed1_cont1_dense500.npz,1.0,420,95,98,3,2,3,7,6,13,10
bidisperse_a0.005_sr0.667_x1_N4000_L24_T400000_seed1_cont1_dense500.npz,1.0,421,98,92,-6,4,5,8,8,6,11
bidisperse_a0.005_sr0.667_x1_N4000_L24_T400000_seed1_cont1_dense500.npz,1.0,422,92,104,12,3,2,7,6,17,7
bidisperse_a0.005_sr0.667_x1_N4000_L24_T400000_seed1_cont1_dense500.npz,1.0,423,104,99,-5,6,6,7,6,12,18
bidisperse_a0.005_sr0.667_x1_N4000_L24_T400000_seed1_cont1_dense500.npz,1.0,424,99,102,3,7,5,8,7,17,17
bidisperse_a0.005_sr0.667_x1_N4000_L24_T400000_seed1_cont1_dense500.npz,1.0,425,102,105,3,5,3,9,9,20,19
bidisperse_a0.005_sr0.667_x1_N4000_L24_T400000_seed1_cont1_dense500.npz,1.0,426,105,103,-2,1,4,9,10,15,13
bidisperse_a0.005_sr0.667_x1_N4000_L24_T400000_seed1_cont1_dense500.npz,1.0,427,103,110,7,5,2,9,4,14,15
bidisperse_a0.005_sr0.667_x1_N4000_L24_T400000_seed1_cont1_dense500.npz,1.0,428,110,103,-7,5,5,10,10,13,21
bidisperse_a0.005_sr0.667_x1_N4000_L24_T400000_seed1_cont1_dense500.npz,1.0,429,103,105,2,2,4,8,11,16,10
bidisperse_a0.005_sr0.667_x1_N4000_L24_T400000_seed1_cont1_dense500.npz,1.0,430,105,99,-6,6,1,6,9,11,19
bidisperse_a0.005_sr0.667_x1_N4000_L24_T400000_seed1_cont1_dense500.npz,1.0,431,99,108,9,2,3,8,3,18,13
bidisperse_a0.005_sr0.667_x1_N4000_L24_T400000_seed1_cont1_dense500.npz,1.0,432,108,88,-20,2,4,5,9,9,23
bidisperse_a0.005_sr0.667_x1_N4000_L24_T400000_seed1_cont1_dense500.npz,1.0,433,88,94,6,3,0,9,4,18,20
bidisperse_a0.005_sr0.667_x1_N4000_L24_T400000_seed1_cont1_dense500.npz,1.0,434,94,97,3,1,1,6,7,14,10
bidisperse_a0.005_sr0.667_x1_N4000_L24_T400000_seed1_cont1_dense500.npz,1.0,435,97,95,-2,1,1,9,6,12,17
bidisperse_a0.005_sr0.667_x1_N4000_L24_T400000_seed1_cont1_dense500.npz,1.0,436,95,96,1,1,3,5,8,17,11
bidisperse_a0.005_sr0.667_x1_N4000_L24_T400000_seed1_cont1_dense500.npz,1.0,437,96,98,2,4,2,9,7,12,15
bidisperse_a0.005_sr0.667_x1_N4000_L24_T400000_seed1_cont1_dense500.npz,1.0,438,98,96,-2,1,3,8,10,15,13
bidisperse_a0.005_sr0.667_x1_N4000_L24_T400000_seed1_cont1_dense500.npz,1.0,439,96,90,-6,2,3,5,3,13,20
bidisperse_a0.005_sr0.667_x1_N4000_L24_T400000_seed1_cont1_dense500.npz,1.0,440,90,95,5,1,2,3,3,22,16
bidisperse_a0.005_sr0.667_x1_N4000_L24_T400000_seed1_cont1_dense500.npz,1.0,441,95,98,3,4,2,3,5,20,17
bidisperse_a0.005_sr0.667_x1_N4000_L24_T400000_seed1_cont1_dense500.npz,1.0,442,98,106,8,2,2,9,6,19,14
bidisperse_a0.005_sr0.667_x1_N4000_L24_T400000_seed1_cont1_dense500.npz,1.0,443,106,105,-1,4,3,8,7,12,15
bidisperse_a0.005_sr0.667_x1_N4000_L24_T400000_seed1_cont1_dense500.npz,1.0,444,105,95,-10,0,6,10,6,12,21
bidisperse_a0.005_sr0.667_x1_N4000_L24_T400000_seed1_cont1_dense500.npz,1.0,445,95,94,-1,5,1,8,6,9,16
bidisperse_a0.005_sr0.667_x1_N4000_L24_T400000_seed1_cont1_dense500.npz,1.0,446,94,90,-4,3,2,5,7,10,12
bidisperse_a0.005_sr0.667_x1_N4000_L24_T400000_seed1_cont1_dense500.npz,1.0,447,90,93,3,1,3,7,2,14,14
bidisperse_a0.005_sr0.667_x1_N4000_L24_T400000_seed1_cont1_dense500.npz,1.0,448,93,93,0,4,3,7,4,11,15
bidisperse_a0.005_sr0.667_x1_N4000_L24_T400000_seed1_cont1_dense500.npz,1.0,449,93,90,-3,5,4,4,8,14,14
bidisperse_a0.005_sr0.667_x1_N4000_L24_T400000_seed1_cont1_dense500.npz,1.0,450,90,92,2,7,2,3,7,13,12
bidisperse_a0.005_sr0.667_x1_N4000_L24_T400000_seed1_cont1_dense500.npz,1.0,451,92,94,2,1,9,4,2,17,10
bidisperse_a0.005_sr0.667_x1_N4000_L24_T400000_seed1_cont1_dense500.npz,1.0,452,94,85,-9,1,4,6,9,10,13
bidisperse_a0.005_sr0.667_x1_N4000_L24_T400000_seed1_cont1_dense500.npz,1.0,453,85,93,8,3,2,11,6,9,7
bidisperse_a0.005_sr0.667_x1_N4000_L24_T400000_seed1_cont1_dense500.npz,1.0,454,93,97,4,7,3,7,9,11,9
bidisperse_a0.005_sr0.667_x1_N4000_L24_T400000_seed1_cont1_dense500.npz,1.0,455,97,93,-4,4,6,6,8,9,9
bidisperse_a0.005_sr0.667_x1_N4000_L24_T400000_seed1_cont1_dense500.npz,1.0,456,93,87,-6,3,4,4,8,13,14
bidisperse_a0.005_sr0.667_x1_N4000_L24_T400000_seed1_cont1_dense500.npz,1.0,457,87,90,3,2,5,9,4,12,11
bidisperse_a0.005_sr0.667_x1_N4000_L24_T400000_seed1_cont1_dense500.npz,1.0,458,90,93,3,4,2,7,7,9,8
bidisperse_a0.005_sr0.667_x1_N4000_L24_T400000_seed1_cont1_dense500.npz,1.0,459,93,88,-5,3,1,7,9,10,15
bidisperse_a0.005_sr0.667_x1_N4000_L24_T400000_seed1_cont1_dense500.npz,1.0,460,88,90,2,1,2,8,6,13,12
bidisperse_a0.005_sr0.667_x1_N4000_L24_T400000_seed1_cont1_dense500.npz,1.0,461,90,85,-5,3,2,6,12,15,15
bidisperse_a0.005_sr0.667_x1_N4000_L24_T400000_seed1_cont1_dense500.npz,1.0,462,85,86,1,1,1,6,5,9,9
bidisperse_a0.005_sr0.667_x1_N4000_L24_T400000_seed1_cont1_dense500.npz,1.0,463,86,85,-1,0,1,6,3,9,12
bidisperse_a0.005_sr0.667_x1_N4000_L24_T400000_seed1_cont1_dense500.npz,1.0,464,85,91,6,0,1,10,3,11,11
bidisperse_a0.005_sr0.667_x1_N4000_L24_T400000_seed1_cont1_dense500.npz,1.0,465,91,95,4,2,1,8,9,14,10
bidisperse_a0.005_sr0.667_x1_N4000_L24_T400000_seed1_cont1_dense500.npz,1.0,466,95,99,4,4,1,5,6,13,11
bidisperse_a0.005_sr0.667_x1_N4000_L24_T400000_seed1_cont1_dense500.npz,1.0,467,99,84,-15,3,4,3,7,6,17
bidisperse_a0.005_sr0.667_x1_N4000_L24_T400000_seed1_cont1_dense500.npz,1.0,468,84,92,8,2,2,7,8,19,10
bidisperse_a0.005_sr0.667_x1_N4000_L24_T400000_seed1_cont1_dense500.npz,1.0,469,92,84,-8,2,2,4,8,8,13
bidisperse_a0.005_sr0.667_x1_N4000_L24_T400000_seed1_cont1_dense500.npz,1.0,470,84,85,1,1,4,6,5,10,7
bidisperse_a0.005_sr0.667_x1_N4000_L24_T400000_seed1_cont1_dense500.npz,1.0,471,85,85,0,2,1,7,3,9,14
bidisperse_a0.005_sr0.667_x1_N4000_L24_T400000_seed1_cont1_dense500.npz,1.0,472,85,90,5,5,1,8,8,13,12
bidisperse_a0.005_sr0.667_x1_N4000_L24_T400000_seed1_cont1_dense500.npz,1.0,473,90,90,0,3,4,4,5,14,12
bidisperse_a0.005_sr0.667_x1_N4000_L24_T400000_seed1_cont1_dense500.npz,1.0,474,90,94,4,5,4,7,4,9,9
bidisperse_a0.005_sr0.667_x1_N4000_L24_T400000_seed1_cont1_dense500.npz,1.0,475,94,92,-2,1,4,6,5,12,12
bidisperse_a0.005_sr0.667_x1_N4000_L24_T400000_seed1_cont1_dense500.npz,1.0,476,92,99,7,3,1,9,4,12,12
bidisperse_a0.005_sr0.667_x1_N4000_L24_T400000_seed1_cont1_dense500.npz,1.0,477,99,97,-2,4,2,6,8,12,14
bidisperse_a0.005_sr0.667_x1_N4000_L24_T400000_seed1_cont1_dense500.npz,1.0,478,97,91,-6,3,3,6,8,9,13
bidisperse_a0.005_sr0.667_x1_N4000_L24_T400000_seed1_cont1_dense500.npz,1.0,479,91,96,5,2,4,7,5,13,8
bidisperse_a0.005_sr0.667_x1_N4000_L24_T400000_seed1_cont1_dense500.npz,1.0,480,96,99,3,3,4,7,8,15,12
bidisperse_a0.005_sr0.667_x1_N4000_L24_T400000_seed1_cont1_dense500.npz,1.0,481,99,103,4,7,4,5,4,12,12
bidisperse_a0.005_sr0.667_x1_N4000_L24_T400000_seed1_cont1_dense500.npz,1.0,482,103,85,-18,3,3,3,10,6,17
bidisperse_a0.005_sr0.667_x1_N4000_L24_T400000_seed1_cont1_dense500.npz,1.0,483,85,86,1,1,2,6,7,19,16
bidisperse_a0.005_sr0.667_x1_N4000_L24_T400000_seed1_cont1_dense500.npz,1.0,484,86,89,3,1,3,5,3,13,10
bidisperse_a0.005_sr0.667_x1_N4000_L24_T400000_seed1_cont1_dense500.npz,1.0,485,89,87,-2,3,1,6,8,7,9
bidisperse_a0.005_sr0.667_x1_N4000_L24_T400000_seed1_cont1_dense500.npz,1.0,486,87,87,0,3,3,7,4,14,17
bidisperse_a0.005_sr0.667_x1_N4000_L24_T400000_seed1_cont1_dense500.npz,1.0,487,87,94,7,1,2,6,6,18,10
bidisperse_a0.005_sr0.667_x1_N4000_L24_T400000_seed1_cont1_dense500.npz,1.0,488,94,85,-9,8,4,4,4,6,18
bidisperse_a0.005_sr0.667_x1_N4000_L24_T400000_seed1_cont1_dense500.npz,1.0,489,85,89,4,6,5,3,5,19,13
bidisperse_a0.005_sr0.667_x1_N4000_L24_T400000_seed1_cont1_dense500.npz,1.0,490,89,95,6,3,4,7,2,17,16
bidisperse_a0.005_sr0.667_x1_N4000_L24_T400000_seed1_cont1_dense500.npz,1.0,491,95,89,-6,2,4,6,5,9,14
bidisperse_a0.005_sr0.667_x1_N4000_L24_T400000_seed1_cont1_dense500.npz,1.0,492,89,93,4,6,2,6,5,12,13
bidisperse_a0.005_sr0.667_x1_N4000_L24_T400000_seed1_cont1_dense500.npz,1.0,493,93,101,8,4,3,5,4,19,13
bidisperse_a0.005_sr0.667_x1_N4000_L24_T400000_seed1_cont1_dense500.npz,1.0,494,101,88,-13,1,4,3,9,13,18
bidisperse_a0.005_sr0.667_x1_N4000_L24_T400000_seed1_cont1_dense500.npz,1.0,495,88,96,8,6,2,3,7,15,7
bidisperse_a0.005_sr0.667_x1_N4000_L24_T400000_seed1_cont1_dense500.npz,1.0,496,96,88,-8,2,9,9,4,10,16
bidisperse_a0.005_sr0.667_x1_N4000_L24_T400000_seed1_cont1_dense500.npz,1.0,497,88,87,-1,2,5,5,7,16,12
bidisperse_a0.005_sr0.667_x1_N4000_L24_T400000_seed1_cont1_dense500.npz,1.0,498,87,97,10,6,2,10,6,10,8
bidisperse_a0.005_sr0.667_x1_N4000_L24_T400000_seed1_cont1_dense500.npz,1.0,499,97,95,-2,1,6,13,7,8,11
bidisperse_a0.005_sr0.667_x1.5_N4000_L24_T400000_seed1_cont2_dense500.npz,1.5,0,145,128,-17,3,5,6,12,12,22
bidisperse_a0.005_sr0.667_x1.5_N4000_L24_T400000_seed1_cont2_dense500.npz,1.5,1,128,134,6,6,1,11,8,16,18
bidisperse_a0.005_sr0.667_x1.5_N4000_L24_T400000_seed1_cont2_dense500.npz,1.5,2,134,136,2,1,5,16,11,12,11
bidisperse_a0.005_sr0.667_x1.5_N4000_L24_T400000_seed1_cont2_dense500.npz,1.5,3,136,128,-8,2,1,4,11,17,19
bidisperse_a0.005_sr0.667_x1.5_N4000_L24_T400000_seed1_cont2_dense500.npz,1.5,4,128,136,8,5,2,12,10,20,17
bidisperse_a0.005_sr0.667_x1.5_N4000_L24_T400000_seed1_cont2_dense500.npz,1.5,5,136,129,-7,1,5,16,16,11,14
bidisperse_a0.005_sr0.667_x1.5_N4000_L24_T400000_seed1_cont2_dense500.npz,1.5,6,129,130,1,3,2,10,7,15,18
bidisperse_a0.005_sr0.667_x1.5_N4000_L24_T400000_seed1_cont2_dense500.npz,1.5,7,130,124,-6,2,5,11,12,18,21
bidisperse_a0.005_sr0.667_x1.5_N4000_L24_T400000_seed1_cont2_dense500.npz,1.5,8,124,143,19,3,1,13,6,22,12
bidisperse_a0.005_sr0.667_x1.5_N4000_L24_T400000_seed1_cont2_dense500.npz,1.5,9,143,142,-1,4,3,11,14,15,14
bidisperse_a0.005_sr0.667_x1.5_N4000_L24_T400000_seed1_cont2_dense500.npz,1.5,10,142,137,-5,7,2,10,9,11,22
bidisperse_a0.005_sr0.667_x1.5_N4000_L24_T400000_seed1_cont2_dense500.npz,1.5,11,137,148,11,2,7,14,5,28,21
bidisperse_a0.005_sr0.667_x1.5_N4000_L24_T400000_seed1_cont2_dense500.npz,1.5,12,148,134,-14,2,4,11,16,16,23
bidisperse_a0.005_sr0.667_x1.5_N4000_L24_T400000_seed1_cont2_dense500.npz,1.5,13,134,136,2,2,3,10,12,21,16
bidisperse_a0.005_sr0.667_x1.5_N4000_L24_T400000_seed1_cont2_dense500.npz,1.5,14,136,135,-1,1,3,10,9,14,14
bidisperse_a0.005_sr0.667_x1.5_N4000_L24_T400000_seed1_cont2_dense500.npz,1.5,15,135,148,13,7,1,15,8,16,16
bidisperse_a0.005_sr0.667_x1.5_N4000_L24_T400000_seed1_cont2_dense500.npz,1.5,16,148,141,-7,3,4,10,11,25,31
bidisperse_a0.005_sr0.667_x1.5_N4000_L24_T400000_seed1_cont2_dense500.npz,1.5,17,141,149,8,1,1,11,12,27,18
bidisperse_a0.005_sr0.667_x1.5_N4000_L24_T400000_seed1_cont2_dense500.npz,1.5,18,149,148,-1,3,3,12,13,22,22
bidisperse_a0.005_sr0.667_x1.5_N4000_L24_T400000_seed1_cont2_dense500.npz,1.5,19,148,148,0,2,7,14,8,21,21
bidisperse_a0.005_sr0.667_x1.5_N4000_L24_T400000_seed1_cont2_dense500.npz,1.5,20,148,144,-4,4,1,12,13,19,25
bidisperse_a0.005_sr0.667_x1.5_N4000_L24_T400000_seed1_cont2_dense500.npz,1.5,21,144,141,-3,2,3,8,8,27,30
bidisperse_a0.005_sr0.667_x1.5_N4000_L24_T400000_seed1_cont2_dense500.npz,1.5,22,141,152,11,4,3,14,17,33,20
bidisperse_a0.005_sr0.667_x1.5_N4000_L24_T400000_seed1_cont2_dense500.npz,1.5,23,152,139,-13,3,3,5,17,10,12
bidisperse_a0.005_sr0.667_x1.5_N4000_L24_T400000_seed1_cont2_dense500.npz,1.5,24,139,134,-5,1,4,12,10,21,25
bidisperse_a0.005_sr0.667_x1.5_N4000_L24_T400000_seed1_cont2_dense500.npz,1.5,25,134,149,15,2,2,16,6,28,23
bidisperse_a0.005_sr0.667_x1.5_N4000_L24_T400000_seed1_cont2_dense500.npz,1.5,26,149,138,-11,4,3,7,16,19,22
bidisperse_a0.005_sr0.667_x1.5_N4000_L24_T400000_seed1_cont2_dense500.npz,1.5,27,138,138,0,1,4,13,10,24,23
bidisperse_a0.005_sr0.667_x1.5_N4000_L24_T400000_seed1_cont2_dense500.npz,1.5,28,138,134,-4,3,2,12,14,21,24
bidisperse_a0.005_sr0.667_x1.5_N4000_L24_T400000_seed1_cont2_dense500.npz,1.5,29,134,131,-3,2,3,8,9,21,22
bidisperse_a0.005_sr0.667_x1.5_N4000_L24_T400000_seed1_cont2_dense500.npz,1.5,30,131,137,6,2,2,17,10,17,18
bidisperse_a0.005_sr0.667_x1.5_N4000_L24_T400000_seed1_cont2_dense500.npz,1.5,31,137,137,0,3,1,12,14,23,23
bidisperse_a0.005_sr0.667_x1.5_N4000_L24_T400000_seed1_cont2_dense500.npz,1.5,32,137,130,-7,2,2,11,9,18,26
bidisperse_a0.005_sr0.667_x1.5_N4000_L24_T400000_seed1_cont2_dense500.npz,1.5,33,130,132,2,1,2,10,9,23,22
bidisperse_a0.005_sr0.667_x1.5_N4000_L24_T400000_seed1_cont2_dense500.npz,1.5,34,132,130,-2,2,3,11,10,19,21
bidisperse_a0.005_sr0.667_x1.5_N4000_L24_T400000_seed1_cont2_dense500.npz,1.5,35,130,137,7,3,3,8,7,17,11
bidisperse_a0.005_sr0.667_x1.5_N4000_L24_T400000_seed1_cont2_dense500.npz,1.5,36,137,136,-1,5,2,8,10,15,17
bidisperse_a0.005_sr0.667_x1.5_N4000_L24_T400000_seed1_cont2_dense500.npz,1.5,37,136,135,-1,5,4,9,6,11,16
bidisperse_a0.005_sr0.667_x1.5_N4000_L24_T400000_seed1_cont2_dense500.npz,1.5,38,135,137,2,5,2,14,8,14,20
bidisperse_a0.005_sr0.667_x1.5_N4000_L24_T400000_seed1_cont2_dense500.npz,1.5,39,137,139,2,3,5,14,4,16,21
bidisperse_a0.005_sr0.667_x1.5_N4000_L24_T400000_seed1_cont2_dense500.npz,1.5,40,139,143,4,5,2,9,6,21,23
bidisperse_a0.005_sr0.667_x1.5_N4000_L24_T400000_seed1_cont2_dense500.npz,1.5,41,143,140,-3,1,5,11,18,19,11
bidisperse_a0.005_sr0.667_x1.5_N4000_L24_T400000_seed1_cont2_dense500.npz,1.5,42,140,145,5,2,1,14,14,19,15
bidisperse_a0.005_sr0.667_x1.5_N4000_L24_T400000_seed1_cont2_dense500.npz,1.5,43,145,136,-9,7,0,10,15,12,23
bidisperse_a0.005_sr0.667_x1.5_N4000_L24_T400000_seed1_cont2_dense500.npz,1.5,44,136,139,3,3,6,12,10,20,16
bidisperse_a0.005_sr0.667_x1.5_N4000_L24_T400000_seed1_cont2_dense500.npz,1.5,45,139,153,14,9,3,15,10,22,19
bidisperse_a0.005_sr0.667_x1.5_N4000_L24_T400000_seed1_cont2_dense500.npz,1.5,46,153,139,-14,3,6,8,18,16,17
bidisperse_a0.005_sr0.667_x1.5_N4000_L24_T400000_seed1_cont2_dense500.npz,1.5,47,139,140,1,2,3,13,13,19,17
bidisperse_a0.005_sr0.667_x1.5_N4000_L24_T400000_seed1_cont2_dense500.npz,1.5,48,140,148,8,7,2,18,14,26,27
bidisperse_a0.005_sr0.667_x1.5_N4000_L24_T400000_seed1_cont2_dense500.npz,1.5,49,148,144,-4,4,5,10,13,24,24
bidisperse_a0.005_sr0.667_x1.5_N4000_L24_T400000_seed1_cont2_dense500.npz,1.5,50,144,149,5,4,3,10,10,27,22
bidisperse_a0.005_sr0.667_x1.5_N4000_L24_T400000_seed1_cont2_dense500.npz,1.5,51,149,150,1,4,5,10,11,19,16
bidisperse_a0.005_sr0.667_x1.5_N4000_L24_T400000_seed1_cont2_dense500.npz,1.5,52,150,139,-11,3,3,6,12,21,26
bidisperse_a0.005_sr0.667_x1.5_N4000_L24_T400000_seed1_cont2_dense500.npz,1.5,53,139,139,0,2,5,14,10,18,19
bidisperse_a0.005_sr0.667_x1.5_N4000_L24_T400000_seed1_cont2_dense500.npz,1.5,54,139,151,12,7,2,11,9,26,23
bidisperse_a0.005_sr0.667_x1.5_N4000_L24_T400000_seed1_cont2_dense500.npz,1.5,55,151,151,0,2,3,11,11,24,24
bidisperse_a0.005_sr0.667_x1.5_N4000_L24_T400000_seed1_cont2_dense500.npz,1.5,56,151,155,4,4,3,17,15,22,20
bidisperse_a0.005_sr0.667_x1.5_N4000_L24_T400000_seed1_cont2_dense500.npz,1.5,57,155,153,-2,3,8,16,16,26,24
bidisperse_a0.005_sr0.667_x1.5_N4000_L24_T400000_seed1_cont2_dense500.npz,1.5,58,153,144,-9,3,0,10,18,20,24
bidisperse_a0.005_sr0.667_x1.5_N4000_L24_T400000_seed1_cont2_dense500.npz,1.5,59,144,143,-1,4,4,13,10,24,28
bidisperse_a0.005_sr0.667_x1.5_N4000_L24_T400000_seed1_cont2_dense500.npz,1.5,60,143,137,-6,2,4,11,12,22,25
bidisperse_a0.005_sr0.667_x1.5_N4000_L24_T400000_seed1_cont2_dense500.npz,1.5,61,137,127,-10,2,1,10,13,13,21
bidisperse_a0.005_sr0.667_x1.5_N4000_L24_T400000_seed1_cont2_dense500.npz,1.5,62,127,134,7,3,2,16,14,16,12
bidisperse_a0.005_sr0.667_x1.5_N4000_L24_T400000_seed1_cont2_dense500.npz,1.5,63,134,141,7,6,5,12,10,23,19
bidisperse_a0.005_sr0.667_x1.5_N4000_L24_T400000_seed1_cont2_dense500.npz,1.5,64,141,155,14,6,5,13,7,24,17
bidisperse_a0.005_sr0.667_x1.5_N4000_L24_T400000_seed1_cont2_dense500.npz,1.5,65,155,140,-15,5,2,9,19,18,25
bidisperse_a0.005_sr0.667_x1.5_N4000_L24_T400000_seed1_cont2_dense500.npz,1.5,66,140,144,4,3,6,11,7,19,17
bidisperse_a0.005_sr0.667_x1.5_N4000_L24_T400000_seed1_cont2_dense500.npz,1.5,67,144,152,8,3,2,12,8,24,21
bidisperse_a0.005_sr0.667_x1.5_N4000_L24_T400000_seed1_cont2_dense500.npz,1.5,68,152,148,-4,1,1,13,12,24,28
bidisperse_a0.005_sr0.667_x1.5_N4000_L24_T400000_seed1_cont2_dense500.npz,1.5,69,148,137,-11,2,4,12,12,17,26
bidisperse_a0.005_sr0.667_x1.5_N4000_L24_T400000_seed1_cont2_dense500.npz,1.5,70,137,134,-3,1,2,12,9,20,25
bidisperse_a0.005_sr0.667_x1.5_N4000_L24_T400000_seed1_cont2_dense500.npz,1.5,71,134,151,17,6,3,16,14,26,14
bidisperse_a0.005_sr0.667_x1.5_N4000_L24_T400000_seed1_cont2_dense500.npz,1.5,72,151,147,-4,3,4,13,13,20,24
bidisperse_a0.005_sr0.667_x1.5_N4000_L24_T400000_seed1_cont2_dense500.npz,1.5,73,147,138,-9,3,1,8,11,18,26
bidisperse_a0.005_sr0.667_x1.5_N4000_L24_T400000_seed1_cont2_dense500.npz,1.5,74,138,142,4,3,5,10,11,24,17
bidisperse_a0.005_sr0.667_x1.5_N4000_L24_T400000_seed1_cont2_dense500.npz,1.5,75,142,147,5,6,2,15,16,18,16
bidisperse_a0.005_sr0.667_x1.5_N4000_L24_T400000_seed1_cont2_dense500.npz,1.5,76,147,149,2,3,6,15,13,22,19
bidisperse_a0.005_sr0.667_x1.5_N4000_L24_T400000_seed1_cont2_dense500.npz,1.5,77,149,141,-8,4,2,10,13,19,26
bidisperse_a0.005_sr0.667_x1.5_N4000_L24_T400000_seed1_cont2_dense500.npz,1.5,78,141,141,0,3,8,9,15,25,15
bidisperse_a0.005_sr0.667_x1.5_N4000_L24_T400000_seed1_cont2_dense500.npz,1.5,79,141,140,-1,4,3,9,8,20,23
bidisperse_a0.005_sr0.667_x1.5_N4000_L24_T400000_seed1_cont2_dense500.npz,1.5,80,140,144,4,3,2,13,11,20,19
bidisperse_a0.005_sr0.667_x1.5_N4000_L24_T400000_seed1_cont2_dense500.npz,1.5,81,144,148,4,3,0,13,15,20,17
bidisperse_a0.005_sr0.667_x1.5_N4000_L24_T400000_seed1_cont2_dense500.npz,1.5,82,148,133,-15,1,5,11,17,20,25
bidisperse_a0.005_sr0.667_x1.5_N4000_L24_T400000_seed1_cont2_dense500.npz,1.5,83,133,134,1,3,6,14,14,24,20
bidisperse_a0.005_sr0.667_x1.5_N4000_L24_T400000_seed1_cont2_dense500.npz,1.5,84,134,133,-1,4,3,9,14,16,13
bidisperse_a0.005_sr0.667_x1.5_N4000_L24_T400000_seed1_cont2_dense500.npz,1.5,85,133,139,6,4,2,17,12,15,16
bidisperse_a0.005_sr0.667_x1.5_N4000_L24_T400000_seed1_cont2_dense500.npz,1.5,86,139,135,-4,2,5,14,10,18,24
bidisperse_a0.005_sr0.667_x1.5_N4000_L24_T400000_seed1_cont2_dense500.npz,1.5,87,135,144,9,3,1,16,13,24,20
bidisperse_a0.005_sr0.667_x1.5_N4000_L24_T400000_seed1_cont2_dense500.npz,1.5,88,144,134,-10,1,2,14,20,18,21
bidisperse_a0.005_sr0.667_x1.5_N4000_L24_T400000_seed1_cont2_dense500.npz,1.5,89,134,140,6,2,1,14,10,19,18
bidisperse_a0.005_sr0.667_x1.5_N4000_L24_T400000_seed1_cont2_dense500.npz,1.5,90,140,148,8,5,5,8,10,21,11
bidisperse_a0.005_sr0.667_x1.5_N4000_L24_T400000_seed1_cont2_dense500.npz,1.5,91,148,142,-6,5,8,11,12,11,13
bidisperse_a0.005_sr0.667_x1.5_N4000_L24_T400000_seed1_cont2_dense500.npz,1.5,92,142,135,-7,5,7,10,11,17,22
bidisperse_a0.005_sr0.667_x1.5_N4000_L24_T400000_seed1_cont2_dense500.npz,1.5,93,135,145,10,5,4,9,9,23,14
bidisperse_a0.005_sr0.667_x1.5_N4000_L24_T400000_seed1_cont2_dense500.npz,1.5,94,145,132,-13,1,9,10,11,18,22
bidisperse_a0.005_sr0.667_x1.5_N4000_L24_T400000_seed1_cont2_dense500.npz,1.5,95,132,132,0,3,7,7,8,25,20
bidisperse_a0.005_sr0.667_x1.5_N4000_L24_T400000_seed1_cont2_dense500.npz,1.5,96,132,139,7,4,3,10,9,22,17
bidisperse_a0.005_sr0.667_x1.5_N4000_L24_T400000_seed1_cont2_dense500.npz,1.5,97,139,134,-5,5,2,10,13,15,20
bidisperse_a0.005_sr0.667_x1.5_N4000_L24_T400000_seed1_cont2_dense500.npz,1.5,98,134,142,8,0,2,21,10,20,21
bidisperse_a0.005_sr0.667_x1.5_N4000_L24_T400000_seed1_cont2_dense500.npz,1.5,99,142,124,-18,2,1,7,16,19,29
bidisperse_a0.005_sr0.667_x1.5_N4000_L24_T400000_seed1_cont2_dense500.npz,1.5,100,124,125,1,2,2,9,9,19,18
bidisperse_a0.005_sr0.667_x1.5_N4000_L24_T400000_seed1_cont2_dense500.npz,1.5,101,125,139,14,6,0,12,12,24,16
bidisperse_a0.005_sr0.667_x1.5_N4000_L24_T400000_seed1_cont2_dense500.npz,1.5,102,139,133,-6,1,4,18,8,15,29
bidisperse_a0.005_sr0.667_x1.5_N4000_L24_T400000_seed1_cont2_dense500.npz,1.5,103,133,135,2,8,5,7,13,18,13
bidisperse_a0.005_sr0.667_x1.5_N4000_L24_T400000_seed1_cont2_dense500.npz,1.5,104,135,133,-2,4,6,6,9,16,14
bidisperse_a0.005_sr0.667_x1.5_N4000_L24_T400000_seed1_cont2_dense500.npz,1.5,105,133,139,6,3,4,13,6,12,12
bidisperse_a0.005_sr0.667_x1.5_N4000_L24_T400000_seed1_cont2_dense500.npz,1.5,106,139,130,-9,4,4,11,7,18,31
bidisperse_a0.005_sr0.667_x1.5_N4000_L24_T400000_seed1_cont2_dense500.npz,1.5,107,130,136,6,3,3,11,9,23,19
bidisperse_a0.005_sr0.667_x1.5_N4000_L24_T400000_seed1_cont2_dense500.npz,1.5,108,136,137,1,7,5,7,14,22,17
bidisperse_a0.005_sr0.667_x1.5_N4000_L24_T400000_seed1_cont2_dense500.npz,1.5,109,137,140,3,5,3,9,12,19,15
bidisperse_a0.005_sr0.667_x1.5_N4000_L24_T400000_seed1_cont2_dense500.npz,1.5,110,140,128,-12,4,5,8,11,14,22
bidisperse_a0.005_sr0.667_x1.5_N4000_L24_T400000_seed1_cont2_dense500.npz,1.5,111,128,134,6,2,4,17,8,16,17
bidisperse_a0.005_sr0.667_x1.5_N4000_L24_T400000_seed1_cont2_dense500.npz,1.5,112,134,126,-8,4,3,6,20,23,18
bidisperse_a0.005_sr0.667_x1.5_N4000_L24_T400000_seed1_cont2_dense500.npz,1.5,113,126,143,17,2,4,16,9,24,12
bidisperse_a0.005_sr0.667_x1.5_N4000_L24_T400000_seed1_cont2_dense500.npz,1.5,114,143,132,-11,3,1,7,14,16,22
bidisperse_a0.005_sr0.667_x1.5_N4000_L24_T400000_seed1_cont2_dense500.npz,1.5,115,132,138,6,3,3,10,6,19,18
bidisperse_a0.005_sr0.667_x1.5_N4000_L24_T400000_seed1_cont2_dense500.npz,1.5,116,138,136,-2,1,2,5,10,25,21
bidisperse_a0.005_sr0.667_x1.5_N4000_L24_T400000_seed1_cont2_dense500.npz,1.5,117,136,136,0,3,3,14,9,11,16
bidisperse_a0.005_sr0.667_x1.5_N4000_L24_T400000_seed1_cont2_dense500.npz,1.5,118,136,141,5,3,5,17,11,18,17
bidisperse_a0.005_sr0.667_x1.5_N4000_L24_T400000_seed1_cont2_dense500.npz,1.5,119,141,134,-7,2,5,8,12,15,15
bidisperse_a0.005_sr0.667_x1.5_N4000_L24_T400000_seed1_cont2_dense500.npz,1.5,120,134,134,0,6,4,9,12,9,8
bidisperse_a0.005_sr0.667_x1.5_N4000_L24_T400000_seed1_cont2_dense500.npz,1.5,121,134,134,0,2,4,11,8,13,14
bidisperse_a0.005_sr0.667_x1.5_N4000_L24_T400000_seed1_cont2_dense500.npz,1.5,122,134,125,-9,7,3,3,12,13,17
bidisperse_a0.005_sr0.667_x1.5_N4000_L24_T400000_seed1_cont2_dense500.npz,1.5,123,125,132,7,2,3,14,5,21,22
bidisperse_a0.005_sr0.667_x1.5_N4000_L24_T400000_seed1_cont2_dense500.npz,1.5,124,132,123,-9,4,4,7,13,19,23
bidisperse_a0.005_sr0.667_x1.5_N4000_L24_T400000_seed1_cont2_dense500.npz,1.5,125,123,132,9,4,2,11,6,17,16
bidisperse_a0.005_sr0.667_x1.5_N4000_L24_T400000_seed1_cont2_dense500.npz,1.5,126,132,139,7,3,4,16,13,24,19
bidisperse_a0.005_sr0.667_x1.5_N4000_L24_T400000_seed1_cont2_dense500.npz,1.5,127,139,134,-5,2,2,5,11,27,26
bidisperse_a0.005_sr0.667_x1.5_N4000_L24_T400000_seed1_cont2_dense500.npz,1.5,128,134,130,-4,4,2,6,11,17,17
bidisperse_a0.005_sr0.667_x1.5_N4000_L24_T400000_seed1_cont2_dense500.npz,1.5,129,130,129,-1,3,3,9,10,15,15
bidisperse_a0.005_sr0.667_x1.5_N4000_L24_T400000_seed1_cont2_dense500.npz,1.5,130,129,132,3,2,4,6,7,29,23
bidisperse_a0.005_sr0.667_x1.5_N4000_L24_T400000_seed1_cont2_dense500.npz,1.5,131,132,130,-2,5,3,11,13,18,21
bidisperse_a0.005_sr0.667_x1.5_N4000_L24_T400000_seed1_cont2_dense500.npz,1.5,132,130,132,2,6,4,8,10,20,18
bidisperse_a0.005_sr0.667_x1.5_N4000_L24_T400000_seed1_cont2_dense500.npz,1.5,133,132,130,-2,3,4,12,11,18,18
bidisperse_a0.005_sr0.667_x1.5_N4000_L24_T400000_seed1_cont2_dense500.npz,1.5,134,130,130,0,2,3,10,8,21,23
bidisperse_a0.005_sr0.667_x1.5_N4000_L24_T400000_seed1_cont2_dense500.npz,1.5,135,130,126,-4,3,4,6,8,16,17
bidisperse_a0.005_sr0.667_x1.5_N4000_L24_T400000_seed1_cont2_dense500.npz,1.5,136,126,133,7,2,4,10,7,25,19
bidisperse_a0.005_sr0.667_x1.5_N4000_L24_T400000_seed1_cont2_dense500.npz,1.5,137,133,129,-4,3,2,12,12,16,22
bidisperse_a0.005_sr0.667_x1.5_N4000_L24_T400000_seed1_cont2_dense500.npz,1.5,138,129,124,-5,3,4,4,9,23,22
bidisperse_a0.005_sr0.667_x1.5_N4000_L24_T400000_seed1_cont2_dense500.npz,1.5,139,124,124,0,4,3,14,8,16,21
bidisperse_a0.005_sr0.667_x1.5_N4000_L24_T400000_seed1_cont2_dense500.npz,1.5,140,124,136,12,6,3,10,15,26,12
bidisperse_a0.005_sr0.667_x1.5_N4000_L24_T400000_seed1_cont2_dense500.npz,1.5,141,136,140,4,4,4,18,10,15,19
bidisperse_a0.005_sr0.667_x1.5_N4000_L24_T400000_seed1_cont2_dense500.npz,1.5,142,140,134,-6,4,5,10,13,16,18
bidisperse_a0.005_sr0.667_x1.5_N4000_L24_T400000_seed1_cont2_dense500.npz,1.5,143,134,128,-6,3,6,9,8,16,20
bidisperse_a0.005_sr0.667_x1.5_N4000_L24_T400000_seed1_cont2_dense500.npz,1.5,144,128,127,-1,5,5,15,6,16,26
bidisperse_a0.005_sr0.667_x1.5_N4000_L24_T400000_seed1_cont2_dense500.npz,1.5,145,127,139,12,8,3,14,10,21,18
bidisperse_a0.005_sr0.667_x1.5_N4000_L24_T400000_seed1_cont2_dense500.npz,1.5,146,139,151,12,4,2,15,13,24,16
bidisperse_a0.005_sr0.667_x1.5_N4000_L24_T400000_seed1_cont2_dense500.npz,1.5,147,151,137,-14,3,9,14,11,11,23
bidisperse_a0.005_sr0.667_x1.5_N4000_L24_T400000_seed1_cont2_dense500.npz,1.5,148,137,132,-5,5,6,12,8,15,24
bidisperse_a0.005_sr0.667_x1.5_N4000_L24_T400000_seed1_cont2_dense500.npz,1.5,149,132,124,-8,4,6,8,12,17,19
bidisperse_a0.005_sr0.667_x1.5_N4000_L24_T400000_seed1_cont2_dense500.npz,1.5,150,124,141,17,5,4,14,4,21,15
bidisperse_a0.005_sr0.667_x1.5_N4000_L24_T400000_seed1_cont2_dense500.npz,1.5,151,141,135,-6,2,5,13,14,17,19
bidisperse_a0.005_sr0.667_x1.5_N4000_L24_T400000_seed1_cont2_dense500.npz,1.5,152,135,142,7,9,3,14,11,21,23
bidisperse_a0.005_sr0.667_x1.5_N4000_L24_T400000_seed1_cont2_dense500.npz,1.5,153,142,141,-1,3,4,11,11,21,21
bidisperse_a0.005_sr0.667_x1.5_N4000_L24_T400000_seed1_cont2_dense500.npz,1.5,154,141,129,-12,3,5,12,14,12,20
bidisperse_a0.005_sr0.667_x1.5_N4000_L24_T400000_seed1_cont2_dense500.npz,1.5,155,129,137,8,4,5,12,9,20,15
bidisperse_a0.005_sr0.667_x1.5_N4000_L24_T400000_seed1_cont2_dense500.npz,1.5,156,137,132,-5,5,2,15,14,12,21
bidisperse_a0.005_sr0.667_x1.5_N4000_L24_T400000_seed1_cont2_dense500.npz,1.5,157,132,131,-1,3,5,14,15,18,16
bidisperse_a0.005_sr0.667_x1.5_N4000_L24_T400000_seed1_cont2_dense500.npz,1.5,158,131,135,4,4,1,15,16,15,12
bidisperse_a0.005_sr0.667_x1.5_N4000_L24_T400000_seed1_cont2_dense500.npz,1.5,159,135,139,4,4,5,16,10,16,17
bidisperse_a0.005_sr0.667_x1.5_N4000_L24_T400000_seed1_cont2_dense500.npz,1.5,160,139,142,3,4,3,10,11,23,21
bidisperse_a0.005_sr0.667_x1.5_N4000_L24_T400000_seed1_cont2_dense500.npz,1.5,161,142,139,-3,1,2,14,13,13,16
bidisperse_a0.005_sr0.667_x1.5_N4000_L24_T400000_seed1_cont2_dense500.npz,1.5,162,139,151,12,4,0,10,10,23,15
bidisperse_a0.005_sr0.667_x1.5_N4000_L24_T400000_seed1_cont2_dense500.npz,1.5,163,151,155,4,3,4,16,8,16,21
bidisperse_a0.005_sr0.667_x1.5_N4000_L24_T400000_seed1_cont2_dense500.npz,1.5,164,155,155,0,2,2,15,19,18,14
bidisperse_a0.005_sr0.667_x1.5_N4000_L24_T400000_seed1_cont2_dense500.npz,1.5,165,155,146,-9,1,5,12,13,19,22
bidisperse_a0.005_sr0.667_x1.5_N4000_L24_T400000_seed1_cont2_dense500.npz,1.5,166,146,143,-3,2,1,11,11,16,19
bidisperse_a0.005_sr0.667_x1.5_N4000_L24_T400000_seed1_cont2_dense500.npz,1.5,167,143,141,-2,5,3,7,10,22,23
bidisperse_a0.005_sr0.667_x1.5_N4000_L24_T400000_seed1_cont2_dense500.npz,1.5,168,141,142,1,2,2,12,11,23,22
bidisperse_a0.005_sr0.667_x1.5_N4000_L24_T400000_seed1_cont2_dense500.npz,1.5,169,142,144,2,2,4,16,8,13,17
bidisperse_a0.005_sr0.667_x1.5_N4000_L24_T400000_seed1_cont2_dense500.npz,1.5,170,144,156,12,4,2,13,12,25,16
bidisperse_a0.005_sr0.667_x1.5_N4000_L24_T400000_seed1_cont2_dense500.npz,1.5,171,156,139,-17,1,4,8,14,19,26
bidisperse_a0.005_sr0.667_x1.5_N4000_L24_T400000_seed1_cont2_dense500.npz,1.5,172,139,146,7,3,1,10,9,23,19
bidisperse_a0.005_sr0.667_x1.5_N4000_L24_T400000_seed1_cont2_dense500.npz,1.5,173,146,137,-9,0,1,7,13,26,28
bidisperse_a0.005_sr0.667_x1.5_N4000_L24_T400000_seed1_cont2_dense500.npz,1.5,174,137,156,19,3,0,16,9,24,15
bidisperse_a0.005_sr0.667_x1.5_N4000_L24_T400000_seed1_cont2_dense500.npz,1.5,175,156,140,-16,1,3,13,14,12,25
bidisperse_a0.005_sr0.667_x1.5_N4000_L24_T400000_seed1_cont2_dense500.npz,1.5,176,140,157,17,0,1,20,14,29,17
bidisperse_a0.005_sr0.667_x1.5_N4000_L24_T400000_seed1_cont2_dense500.npz,1.5,177,157,152,-5,2,3,15,14,17,22
bidisperse_a0.005_sr0.667_x1.5_N4000_L24_T400000_seed1_cont2_dense500.npz,1.5,178,152,148,-4,4,2,11,14,19,22
bidisperse_a0.005_sr0.667_x1.5_N4000_L24_T400000_seed1_cont2_dense500.npz,1.5,179,148,144,-4,3,2,11,18,21,18
bidisperse_a0.005_sr0.667_x1.5_N4000_L24_T400000_seed1_cont2_dense500.npz,1.5,180,144,144,0,4,5,16,16,18,17
bidisperse_a0.005_sr0.667_x1.5_N4000_L24_T400000_seed1_cont2_dense500.npz,1.5,181,144,142,-2,2,3,17,15,16,19
bidisperse_a0.005_sr0.667_x1.5_N4000_L24_T400000_seed1_cont2_dense500.npz,1.5,182,142,139,-3,2,2,10,17,20,16
bidisperse_a0.005_sr0.667_x1.5_N4000_L24_T400000_seed1_cont2_dense500.npz,1.5,183,139,144,5,5,0,19,10,14,23
bidisperse_a0.005_sr0.667_x1.5_N4000_L24_T400000_seed1_cont2_dense500.npz,1.5,184,144,146,2,1,3,15,15,28,25
bidisperse_a0.005_sr0.667_x1.5_N4000_L24_T400000_seed1_cont2_dense500.npz,1.5,185,146,129,-17,1,4,12,7,13,32
bidisperse_a0.005_sr0.667_x1.5_N4000_L24_T400000_seed1_cont2_dense500.npz,1.5,186,129,148,19,1,2,18,17,30,11
bidisperse_a0.005_sr0.667_x1.5_N4000_L24_T400000_seed1_cont2_dense500.npz,1.5,187,148,145,-3,3,2,17,13,13,21
bidisperse_a0.005_sr0.667_x1.5_N4000_L24_T400000_seed1_cont2_dense500.npz,1.5,188,145,147,2,3,3,12,17,26,19
bidisperse_a0.005_sr0.667_x1.5_N4000_L24_T400000_seed1_cont2_dense500.npz,1.5,189,147,141,-6,2,4,16,12,18,27
bidisperse_a0.005_sr0.667_x1.5_N4000_L24_T400000_seed1_cont2_dense500.npz,1.5,190,141,145,4,5,4,9,13,23,16
bidisperse_a0.005_sr0.667_x1.5_N4000_L24_T400000_seed1_cont2_dense500.npz,1.5,191,145,141,-4,4,3,13,12,17,22
bidisperse_a0.005_sr0.667_x1.5_N4000_L24_T400000_seed1_cont2_dense500.npz,1.5,192,141,140,-1,4,1,13,15,22,23
bidisperse_a0.005_sr0.667_x1.5_N4000_L24_T400000_seed1_cont2_dense500.npz,1.5,193,140,136,-4,1,3,11,13,18,18
bidisperse_a0.005_sr0.667_x1.5_N4000_L24_T400000_seed1_cont2_dense500.npz,1.5,194,136,148,12,2,6,19,12,20,13
bidisperse_a0.005_sr0.667_x1.5_N4000_L24_T400000_seed1_cont2_dense500.npz,1.5,195,148,135,-13,4,3,13,24,13,17
bidisperse_a0.005_sr0.667_x1.5_N4000_L24_T400000_seed1_cont2_dense500.npz,1.5,196,135,141,6,2,2,10,15,23,13
bidisperse_a0.005_sr0.667_x1.5_N4000_L24_T400000_seed1_cont2_dense500.npz,1.5,197,141,147,6,3,1,18,11,16,19
bidisperse_a0.005_sr0.667_x1.5_N4000_L24_T400000_seed1_cont2_dense500.npz,1.5,198,147,148,1,4,8,16,15,22,20
bidisperse_a0.005_sr0.667_x1.5_N4000_L24_T400000_seed1_cont2_dense500.npz,1.5,199,148,135,-13,2,3,12,17,16,23
bidisperse_a0.005_sr0.667_x1.5_N4000_L24_T400000_seed1_cont2_dense500.npz,1.5,200,135,134,-1,4,2,6,13,23,19
bidisperse_a0.005_sr0.667_x1.5_N4000_L24_T400000_seed1_cont2_dense500.npz,1.5,201,134,145,11,3,2,21,14,16,13
bidisperse_a0.005_sr0.667_x1.5_N4000_L24_T400000_seed1_cont2_dense500.npz,1.5,202,145,141,-4,4,5,13,18,17,15
bidisperse_a0.005_sr0.667_x1.5_N4000_L24_T400000_seed1_cont2_dense500.npz,1.5,203,141,139,-2,2,3,13,12,19,21
bidisperse_a0.005_sr0.667_x1.5_N4000_L24_T400000_seed1_cont2_dense500.npz,1.5,204,139,146,7,2,1,14,9,20,18
bidisperse_a0.005_sr0.667_x1.5_N4000_L24_T400000_seed1_cont2_dense500.npz,1.5,205,146,133,-13,5,2,7,16,16,23
bidisperse_a0.005_sr0.667_x1.5_N4000_L24_T400000_seed1_cont2_dense500.npz,1.5,206,133,144,11,3,4,14,6,26,22
bidisperse_a0.005_sr0.667_x1.5_N4000_L24_T400000_seed1_cont2_dense500.npz,1.5,207,144,130,-14,5,4,10,20,21,26
bidisperse_a0.005_sr0.667_x1.5_N4000_L24_T400000_seed1_cont2_dense500.npz,1.5,208,130,142,12,3,3,18,17,24,13
bidisperse_a0.005_sr0.667_x1.5_N4000_L24_T400000_seed1_cont2_dense500.npz,1.5,209,142,134,-8,0,3,12,18,19,18
bidisperse_a0.005_sr0.667_x1.5_N4000_L24_T400000_seed1_cont2_dense500.npz,1.5,210,134,138,4,5,1,16,14,18,20
bidisperse_a0.005_sr0.667_x1.5_N4000_L24_T400000_seed1_cont2_dense500.npz,1.5,211,138,137,-1,5,3,10,14,22,21
bidisperse_a0.005_sr0.667_x1.5_N4000_L24_T400000_seed1_cont2_dense500.npz,1.5,212,137,130,-7,4,5,13,15,13,18
bidisperse_a0.005_sr0.667_x1.5_N4000_L24_T400000_seed1_cont2_dense500.npz,1.5,213,130,131,1,3,6,9,11,24,19
bidisperse_a0.005_sr0.667_x1.5_N4000_L24_T400000_seed1_cont2_dense500.npz,1.5,214,131,124,-7,1,2,10,10,23,29
bidisperse_a0.005_sr0.667_x1.5_N4000_L24_T400000_seed1_cont2_dense500.npz,1.5,215,124,134,10,0,1,14,8,26,21
bidisperse_a0.005_sr0.667_x1.5_N4000_L24_T400000_seed1_cont2_dense500.npz,1.5,216,134,126,-8,2,1,10,10,15,25
bidisperse_a0.005_sr0.667_x1.5_N4000_L24_T400000_seed1_cont2_dense500.npz,1.5,217,126,133,7,2,2,18,11,18,18
bidisperse_a0.005_sr0.667_x1.5_N4000_L24_T400000_seed1_cont2_dense500.npz,1.5,218,133,140,7,1,3,14,9,17,13
bidisperse_a0.005_sr0.667_x1.5_N4000_L24_T400000_seed1_cont2_dense500.npz,1.5,219,140,142,2,5,1,17,16,15,18
bidisperse_a0.005_sr0.667_x1.5_N4000_L24_T400000_seed1_cont2_dense500.npz,1.5,220,142,149,7,3,2,14,14,29,23
bidisperse_a0.005_sr0.667_x1.5_N4000_L24_T400000_seed1_cont2_dense500.npz,1.5,221,149,137,-12,4,3,8,17,16,21
bidisperse_a0.005_sr0.667_x1.5_N4000_L24_T400000_seed1_cont2_dense500.npz,1.5,222,137,138,1,6,4,13,15,14,13
bidisperse_a0.005_sr0.667_x1.5_N4000_L24_T400000_seed1_cont2_dense500.npz,1.5,223,138,140,2,3,4,19,10,13,17
bidisperse_a0.005_sr0.667_x1.5_N4000_L24_T400000_seed1_cont2_dense500.npz,1.5,224,140,135,-5,1,4,15,9,18,26
bidisperse_a0.005_sr0.667_x1.5_N4000_L24_T400000_seed1_cont2_dense500.npz,1.5,225,135,135,0,4,2,10,13,18,17
bidisperse_a0.005_sr0.667_x1.5_N4000_L24_T400000_seed1_cont2_dense500.npz,1.5,226,135,139,4,3,1,12,12,15,13
bidisperse_a0.005_sr0.667_x1.5_N4000_L24_T400000_seed1_cont2_dense500.npz,1.5,227,139,139,0,2,3,11,12,15,13
bidisperse_a0.005_sr0.667_x1.5_N4000_L24_T400000_seed1_cont2_dense500.npz,1.5,228,139,143,4,3,2,14,12,16,15
bidisperse_a0.005_sr0.667_x1.5_N4000_L24_T400000_seed1_cont2_dense500.npz,1.5,229,143,138,-5,0,3,10,12,15,15
bidisperse_a0.005_sr0.667_x1.5_N4000_L24_T400000_seed1_cont2_dense500.npz,1.5,230,138,136,-2,1,1,13,12,14,17
bidisperse_a0.005_sr0.667_x1.5_N4000_L24_T400000_seed1_cont2_dense500.npz,1.5,231,136,143,7,5,2,18,9,12,19
bidisperse_a0.005_sr0.667_x1.5_N4000_L24_T400000_seed1_cont2_dense500.npz,1.5,232,143,141,-2,2,4,11,11,17,17
bidisperse_a0.005_sr0.667_x1.5_N4000_L24_T400000_seed1_cont2_dense500.npz,1.5,233,141,127,-14,1,4,5,7,16,25
bidisperse_a0.005_sr0.667_x1.5_N4000_L24_T400000_seed1_cont2_dense500.npz,1.5,234,127,136,9,4,0,11,7,18,17
bidisperse_a0.005_sr0.667_x1.5_N4000_L24_T400000_seed1_cont2_dense500.npz,1.5,235,136,145,9,2,4,18,10,21,19
bidisperse_a0.005_sr0.667_x1.5_N4000_L24_T400000_seed1_cont2_dense500.npz,1.5,236,145,143,-2,2,2,11,10,21,24
bidisperse_a0.005_sr0.667_x1.5_N4000_L24_T400000_seed1_cont2_dense500.npz,1.5,237,143,138,-5,2,3,11,16,23,22
bidisperse_a0.005_sr0.667_x1.5_N4000_L24_T400000_seed1_cont2_dense500.npz,1.5,238,138,153,15,3,2,15,10,31,22
bidisperse_a0.005_sr0.667_x1.5_N4000_L24_T400000_seed1_cont2_dense500.npz,1.5,239,153,141,-12,2,1,11,15,16,25
bidisperse_a0.005_sr0.667_x1.5_N4000_L24_T400000_seed1_cont2_dense500.npz,1.5,240,141,137,-4,2,2,7,15,16,12
bidisperse_a0.005_sr0.667_x1.5_N4000_L24_T400000_seed1_cont2_dense500.npz,1.5,241,137,148,11,6,3,15,7,17,17
bidisperse_a0.005_sr0.667_x1.5_N4000_L24_T400000_seed1_cont2_dense500.npz,1.5,242,148,148,0,3,4,12,14,26,23
bidisperse_a0.005_sr0.667_x1.5_N4000_L24_T400000_seed1_cont2_dense500.npz,1.5,243,148,131,-17,1,0,7,12,13,25
bidisperse_a0.005_sr0.667_x1.5_N4000_L24_T400000_seed1_cont2_dense500.npz,1.5,244,131,146,15,3,1,16,10,18,10
bidisperse_a0.005_sr0.667_x1.5_N4000_L24_T400000_seed1_cont2_dense500.npz,1.5,245,146,141,-5,2,4,10,12,21,22
bidisperse_a0.005_sr0.667_x1.5_N4000_L24_T400000_seed1_cont2_dense500.npz,1.5,246,141,146,5,3,5,16,11,17,15
bidisperse_a0.005_sr0.667_x1.5_N4000_L24_T400000_seed1_cont2_dense500.npz,1.5,247,146,138,-8,4,4,11,16,16,20
bidisperse_a0.005_sr0.667_x1.5_N4000_L24_T400000_seed1_cont2_dense500.npz,1.5,248,138,152,14,5,1,17,9,23,21
bidisperse_a0.005_sr0.667_x1.5_N4000_L24_T400000_seed1_cont2_dense500.npz,1.5,249,152,142,-10,1,3,9,9,18,26
bidisperse_a0.005_sr0.667_x1.5_N4000_L24_T400000_seed1_cont2_dense500.npz,1.5,250,142,144,2,2,8,11,12,25,15
bidisperse_a0.005_sr0.667_x1.5_N4000_L24_T400000_seed1_cont2_dense500.npz,1.5,251,144,142,-2,0,3,12,14,22,18
bidisperse_a0.005_sr0.667_x1.5_N4000_L24_T400000_seed1_cont2_dense500.npz,1.5,252,142,144,2,1,2,13,9,19,20
bidisperse_a0.005_sr0.667_x1.5_N4000_L24_T400000_seed1_cont2_dense500.npz,1.5,253,144,137,-7,3,2,11,11,14,22
bidisperse_a0.005_sr0.667_x1.5_N4000_L24_T400000_seed1_cont2_dense500.npz,1.5,254,137,143,6,2,3,12,9,26,21
bidisperse_a0.005_sr0.667_x1.5_N4000_L24_T400000_seed1_cont2_dense500.npz,1.5,255,143,137,-6,3,2,8,7,17,26
bidisperse_a0.005_sr0.667_x1.5_N4000_L24_T400000_seed1_cont2_dense500.npz,1.5,256,137,141,4,3,0,10,12,21,18
bidisperse_a0.005_sr0.667_x1.5_N4000_L24_T400000_seed1_cont2_dense500.npz,1.5,257,141,148,7,2,1,12,11,26,21
bidisperse_a0.005_sr0.667_x1.5_N4000_L24_T400000_seed1_cont2_dense500.npz,1.5,258,148,140,-8,2,2,14,14,13,21
bidisperse_a0.005_sr0.667_x1.5_N4000_L24_T400000_seed1_cont2_dense500.npz,1.5,259,140,147,7,5,2,13,12,26,23
bidisperse_a0.005_sr0.667_x1.5_N4000_L24_T400000_seed1_cont2_dense500.npz,1.5,260,147,139,-8,1,0,12,17,22,26
bidisperse_a0.005_sr0.667_x1.5_N4000_L24_T400000_seed1_cont2_dense500.npz,1.5,261,139,139,0,3,3,14,13,17,18
bidisperse_a0.005_sr0.667_x1.5_N4000_L24_T400000_seed1_cont2_dense500.npz,1.5,262,139,142,3,3,4,11,11,20,16
bidisperse_a0.005_sr0.667_x1.5_N4000_L24_T400000_seed1_cont2_dense500.npz,1.5,263,142,137,-5,0,2,9,9,14,17
bidisperse_a0.005_sr0.667_x1.5_N4000_L24_T400000_seed1_cont2_dense500.npz,1.5,264,137,146,9,5,0,12,8,23,23
bidisperse_a0.005_sr0.667_x1.5_N4000_L24_T400000_seed1_cont2_dense500.npz,1.5,265,146,143,-3,0,4,17,15,19,19
bidisperse_a0.005_sr0.667_x1.5_N4000_L24_T400000_seed1_cont2_dense500.npz,1.5,266,143,147,4,5,1,11,12,19,18
bidisperse_a0.005_sr0.667_x1.5_N4000_L24_T400000_seed1_cont2_dense500.npz,1.5,267,147,145,-2,6,4,13,9,20,28
bidisperse_a0.005_sr0.667_x1.5_N4000_L24_T400000_seed1_cont2_dense500.npz,1.5,268,145,151,6,4,4,13,12,31,26
bidisperse_a0.005_sr0.667_x1.5_N4000_L24_T400000_seed1_cont2_dense500.npz,1.5,269,151,145,-6,3,6,13,12,18,23
bidisperse_a0.005_sr0.667_x1.5_N4000_L24_T400000_seed1_cont2_dense500.npz,1.5,270,145,145,0,2,2,14,18,19,14
bidisperse_a0.005_sr0.667_x1.5_N4000_L24_T400000_seed1_cont2_dense500.npz,1.5,271,145,152,7,4,3,14,10,20,17
bidisperse_a0.005_sr0.667_x1.5_N4000_L24_T400000_seed1_cont2_dense500.npz,1.5,272,152,146,-6,2,2,8,16,27,26
bidisperse_a0.005_sr0.667_x1.5_N4000_L24_T400000_seed1_cont2_dense500.npz,1.5,273,146,147,1,3,3,14,11,23,25
bidisperse_a0.005_sr0.667_x1.5_N4000_L24_T400000_seed1_cont2_dense500.npz,1.5,274,147,140,-7,3,2,10,10,19,27
bidisperse_a0.005_sr0.667_x1.5_N4000_L24_T400000_seed1_cont2_dense500.npz,1.5,275,140,144,4,2,4,12,6,22,24
bidisperse_a0.005_sr0.667_x1.5_N4000_L24_T400000_seed1_cont2_dense500.npz,1.5,276,144,155,11,2,1,17,16,30,21
bidisperse_a0.005_sr0.667_x1.5_N4000_L24_T400000_seed1_cont2_dense500.npz,1.5,277,155,151,-4,1,5,9,17,26,19
bidisperse_a0.005_sr0.667_x1.5_N4000_L24_T400000_seed1_cont2_dense500.npz,1.5,278,151,150,-1,3,0,15,14,18,23
bidisperse_a0.005_sr0.667_x1.5_N4000_L24_T400000_seed1_cont2_dense500.npz,1.5,279,150,138,-12,1,6,9,11,14,20
bidisperse_a0.005_sr0.667_x1.5_N4000_L24_T400000_seed1_cont2_dense500.npz,1.5,280,138,147,9,7,1,9,9,22,19
bidisperse_a0.005_sr0.667_x1.5_N4000_L24_T400000_seed1_cont2_dense500.npz,1.5,281,147,145,-2,1,3,11,12,25,24
bidisperse_a0.005_sr0.667_x1.5_N4000_L24_T400000_seed1_cont2_dense500.npz,1.5,282,145,155,10,1,2,15,8,26,22
bidisperse_a0.005_sr0.667_x1.5_N4000_L24_T400000_seed1_cont2_dense500.npz,1.5,283,155,147,-8,3,2,11,15,19,24
bidisperse_a0.005_sr0.667_x1.5_N4000_L24_T400000_seed1_cont2_dense500.npz,1.5,284,147,142,-5,2,2,7,19,24,17
bidisperse_a0.005_sr0.667_x1.5_N4000_L24_T400000_seed1_cont2_dense500.npz,1.5,285,142,146,4,3,1,11,7,15,17
bidisperse_a0.005_sr0.667_x1.5_N4000_L24_T400000_seed1_cont2_dense500.npz,1.5,286,146,144,-2,2,3,10,11,21,21
bidisperse_a0.005_sr0.667_x1.5_N4000_L24_T400000_seed1_cont2_dense500.npz,1.5,287,144,142,-2,1,5,10,7,23,24
bidisperse_a0.005_sr0.667_x1.5_N4000_L24_T400000_seed1_cont2_dense500.npz,1.5,288,142,132,-10,3,2,5,15,20,21
bidisperse_a0.005_sr0.667_x1.5_N4000_L24_T400000_seed1_cont2_dense500.npz,1.5,289,132,144,12,3,1,12,4,24,21
bidisperse_a0.005_sr0.667_x1.5_N4000_L24_T400000_seed1_cont2_dense500.npz,1.5,290,144,140,-4,0,3,12,13,26,26
bidisperse_a0.005_sr0.667_x1.5_N4000_L24_T400000_seed1_cont2_dense500.npz,1.5,291,140,144,4,1,2,10,5,23,23
bidisperse_a0.005_sr0.667_x1.5_N4000_L24_T400000_seed1_cont2_dense500.npz,1.5,292,144,134,-10,3,2,8,15,18,22
bidisperse_a0.005_sr0.667_x1.5_N4000_L24_T400000_seed1_cont2_dense500.npz,1.5,293,134,127,-7,2,6,7,10,23,23
bidisperse_a0.005_sr0.667_x1.5_N4000_L24_T400000_seed1_cont2_dense500.npz,1.5,294,127,123,-4,1,5,4,6,24,22
bidisperse_a0.005_sr0.667_x1.5_N4000_L24_T400000_seed1_cont2_dense500.npz,1.5,295,123,121,-2,3,3,9,11,16,16
bidisperse_a0.005_sr0.667_x1.5_N4000_L24_T400000_seed1_cont2_dense500.npz,1.5,296,121,129,8,2,4,12,8,20,14
bidisperse_a0.005_sr0.667_x1.5_N4000_L24_T400000_seed1_cont2_dense500.npz,1.5,297,129,123,-6,3,1,9,11,17,23
bidisperse_a0.005_sr0.667_x1.5_N4000_L24_T400000_seed1_cont2_dense500.npz,1.5,298,123,122,-1,4,2,9,10,15,17
bidisperse_a0.005_sr0.667_x1.5_N4000_L24_T400000_seed1_cont2_dense500.npz,1.5,299,122,129,7,1,3,16,13,18,13
bidisperse_a0.005_sr0.667_x1.5_N4000_L24_T400000_seed1_cont2_dense500.npz,1.5,300,129,124,-5,2,0,12,13,12,18
bidisperse_a0.005_sr0.667_x1.5_N4000_L24_T400000_seed1_cont2_dense500.npz,1.5,301,124,128,4,1,1,11,11,19,15
bidisperse_a0.005_sr0.667_x1.5_N4000_L24_T400000_seed1_cont2_dense500.npz,1.5,302,128,128,0,1,1,15,15,16,16
bidisperse_a0.005_sr0.667_x1.5_N4000_L24_T400000_seed1_cont2_dense500.npz,1.5,303,128,129,1,4,3,17,13,18,22
bidisperse_a0.005_sr0.667_x1.5_N4000_L24_T400000_seed1_cont2_dense500.npz,1.5,304,129,130,1,5,2,15,17,16,15
bidisperse_a0.005_sr0.667_x1.5_N4000_L24_T400000_seed1_cont2_dense500.npz,1.5,305,130,135,5,2,4,17,13,17,14
bidisperse_a0.005_sr0.667_x1.5_N4000_L24_T400000_seed1_cont2_dense500.npz,1.5,306,135,146,11,2,2,18,13,19,11
bidisperse_a0.005_sr0.667_x1.5_N4000_L24_T400000_seed1_cont2_dense500.npz,1.5,307,146,120,-26,0,2,11,19,11,27
bidisperse_a0.005_sr0.667_x1.5_N4000_L24_T400000_seed1_cont2_dense500.npz,1.5,308,120,122,2,4,0,9,11,19,18
bidisperse_a0.005_sr0.667_x1.5_N4000_L24_T400000_seed1_cont2_dense500.npz,1.5,309,122,119,-3,3,3,6,5,20,24
bidisperse_a0.005_sr0.667_x1.5_N4000_L24_T400000_seed1_cont2_dense500.npz,1.5,310,119,128,9,1,5,18,6,17,15
bidisperse_a0.005_sr0.667_x1.5_N4000_L24_T400000_seed1_cont2_dense500.npz,1.5,311,128,142,14,4,0,22,14,24,21
bidisperse_a0.005_sr0.667_x1.5_N4000_L24_T400000_seed1_cont2_dense500.npz,1.5,312,142,125,-17,2,8,12,16,15,23
bidisperse_a0.005_sr0.667_x1.5_N4000_L24_T400000_seed1_cont2_dense500.npz,1.5,313,125,129,4,5,1,10,14,20,16
bidisperse_a0.005_sr0.667_x1.5_N4000_L24_T400000_seed1_cont2_dense500.npz,1.5,314,129,137,8,3,1,14,6,16,18
bidisperse_a0.005_sr0.667_x1.5_N4000_L24_T400000_seed1_cont2_dense500.npz,1.5,315,137,141,4,1,3,15,14,21,16
bidisperse_a0.005_sr0.667_x1.5_N4000_L24_T400000_seed1_cont2_dense500.npz,1.5,316,141,141,0,3,1,16,22,18,12
bidisperse_a0.005_sr0.667_x1.5_N4000_L24_T400000_seed1_cont2_dense500.npz,1.5,317,141,137,-4,4,3,19,15,12,21
bidisperse_a0.005_sr0.667_x1.5_N4000_L24_T400000_seed1_cont2_dense500.npz,1.5,318,137,132,-5,0,4,14,18,19,16
bidisperse_a0.005_sr0.667_x1.5_N4000_L24_T400000_seed1_cont2_dense500.npz,1.5,319,132,140,8,2,1,14,9,22,20
bidisperse_a0.005_sr0.667_x1.5_N4000_L24_T400000_seed1_cont2_dense500.npz,1.5,320,140,140,0,6,4,19,16,16,21
bidisperse_a0.005_sr0.667_x1.5_N4000_L24_T400000_seed1_cont2_dense500.npz,1.5,321,140,144,4,4,4,17,13,16,16
bidisperse_a0.005_sr0.667_x1.5_N4000_L24_T400000_seed1_cont2_dense500.npz,1.5,322,144,127,-17,2,6,6,21,18,17
bidisperse_a0.005_sr0.667_x1.5_N4000_L24_T400000_seed1_cont2_dense500.npz,1.5,323,127,148,21,7,3,25,6,15,17
bidisperse_a0.005_sr0.667_x1.5_N4000_L24_T400000_seed1_cont2_dense500.npz,1.5,324,148,136,-12,0,5,13,19,16,17
bidisperse_a0.005_sr0.667_x1.5_N4000_L24_T400000_seed1_cont2_dense500.npz,1.5,325,136,145,9,4,2,16,14,26,21
bidisperse_a0.005_sr0.667_x1.5_N4000_L24_T400000_seed1_cont2_dense500.npz,1.5,326,145,143,-2,5,2,10,15,20,20
bidisperse_a0.005_sr0.667_x1.5_N4000_L24_T400000_seed1_cont2_dense500.npz,1.5,327,143,148,5,1,6,15,10,23,18
bidisperse_a0.005_sr0.667_x1.5_N4000_L24_T400000_seed1_cont2_dense500.npz,1.5,328,148,137,-11,3,1,15,15,15,28
bidisperse_a0.005_sr0.667_x1.5_N4000_L24_T400000_seed1_cont2_dense500.npz,1.5,329,137,139,2,2,3,12,12,16,13
bidisperse_a0.005_sr0.667_x1.5_N4000_L24_T400000_seed1_cont2_dense500.npz,1.5,330,139,136,-3,1,0,13,10,13,20
bidisperse_a0.005_sr0.667_x1.5_N4000_L24_T400000_seed1_cont2_dense500.npz,1.5,331,136,131,-5,2,1,10,13,15,17
bidisperse_a0.005_sr0.667_x1.5_N4000_L24_T400000_seed1_cont2_dense500.npz,1.5,332,131,128,-3,0,3,12,13,20,18
bidisperse_a0.005_sr0.667_x1.5_N4000_L24_T400000_seed1_cont2_dense500.npz,1.5,333,128,133,5,5,2,11,8,25,26
bidisperse_a0.005_sr0.667_x1.5_N4000_L24_T400000_seed1_cont2_dense500.npz,1.5,334,133,134,1,1,2,7,10,24,19
bidisperse_a0.005_sr0.667_x1.5_N4000_L24_T400000_seed1_cont2_dense500.npz,1.5,335,134,142,8,5,1,11,7,20,20
bidisperse_a0.005_sr0.667_x1.5_N4000_L24_T400000_seed1_cont2_dense500.npz,1.5,336,142,126,-16,0,4,8,15,19,24
bidisperse_a0.005_sr0.667_x1.5_N4000_L24_T400000_seed1_cont2_dense500.npz,1.5,337,126,133,7,4,1,14,10,22,22
bidisperse_a0.005_sr0.667_x1.5_N4000_L24_T400000_seed1_cont2_dense500.npz,1.5,338,133,127,-6,1,2,15,14,18,25
bidisperse_a0.005_sr0.667_x1.5_N4000_L24_T400000_seed1_cont2_dense500.npz,1.5,339,127,131,4,2,4,9,13,23,13
bidisperse_a0.005_sr0.667_x1.5_N4000_L24_T400000_seed1_cont2_dense500.npz,1.5,340,131,140,9,3,3,17,11,18,15
bidisperse_a0.005_sr0.667_x1.5_N4000_L24_T400000_seed1_cont2_dense500.npz,1.5,341,140,140,0,7,2,14,16,14,17
bidisperse_a0.005_sr0.667_x1.5_N4000_L24_T400000_seed1_cont2_dense500.npz,1.5,342,140,122,-18,4,7,10,19,13,19
bidisperse_a0.005_sr0.667_x1.5_N4000_L24_T400000_seed1_cont2_dense500.npz,1.5,343,122,129,7,5,4,10,8,15,11
bidisperse_a0.005_sr0.667_x1.5_N4000_L24_T400000_seed1_cont2_dense500.npz,1.5,344,129,139,10,5,2,12,10,18,13
bidisperse_a0.005_sr0.667_x1.5_N4000_L24_T400000_seed1_cont2_dense500.npz,1.5,345,139,134,-5,1,4,14,16,14,14
bidisperse_a0.005_sr0.667_x1.5_N4000_L24_T400000_seed1_cont2_dense500.npz,1.5,346,134,127,-7,5,3,14,17,13,19
bidisperse_a0.005_sr0.667_x1.5_N4000_L24_T400000_seed1_cont2_dense500.npz,1.5,347,127,133,6,4,5,12,10,20,15
bidisperse_a0.005_sr0.667_x1.5_N4000_L24_T400000_seed1_cont2_dense500.npz,1.5,348,133,131,-2,4,4,15,14,12,15
bidisperse_a0.005_sr0.667_x1.5_N4000_L24_T400000_seed1_cont2_dense500.npz,1.5,349,131,139,8,1,3,12,10,25,17
bidisperse_a0.005_sr0.667_x1.5_N4000_L24_T400000_seed1_cont2_dense500.npz,1.5,350,139,135,-4,5,2,10,13,20,24
bidisperse_a0.005_sr0.667_x1.5_N4000_L24_T400000_seed1_cont2_dense500.npz,1.5,351,135,137,2,2,4,12,10,19,17
bidisperse_a0.005_sr0.667_x1.5_N4000_L24_T400000_seed1_cont2_dense500.npz,1.5,352,137,130,-7,0,0,8,12,17,19
bidisperse_a0.005_sr0.667_x1.5_N4000_L24_T400000_seed1_cont2_dense500.npz,1.5,353,130,133,3,0,1,14,13,24,20
bidisperse_a0.005_sr0.667_x1.5_N4000_L24_T400000_seed1_cont2_dense500.npz,1.5,354,133,144,11,2,2,18,11,17,14
bidisperse_a0.005_sr0.667_x1.5_N4000_L24_T400000_seed1_cont2_dense500.npz,1.5,355,144,144,0,4,3,13,16,24,22
bidisperse_a0.005_sr0.667_x1.5_N4000_L24_T400000_seed1_cont2_dense500.npz,1.5,356,144,148,4,2,2,10,11,23,18
bidisperse_a0.005_sr0.667_x1.5_N4000_L24_T400000_seed1_cont2_dense500.npz,1.5,357,148,141,-7,0,2,10,9,13,19
bidisperse_a0.005_sr0.667_x1.5_N4000_L24_T400000_seed1_cont2_dense500.npz,1.5,358,141,142,1,3,1,12,11,18,20
bidisperse_a0.005_sr0.667_x1.5_N4000_L24_T400000_seed1_cont2_dense500.npz,1.5,359,142,140,-2,0,1,9,10,24,24
bidisperse_a0.005_sr0.667_x1.5_N4000_L24_T400000_seed1_cont2_dense500.npz,1.5,360,140,135,-5,4,3,7,14,24,24
bidisperse_a0.005_sr0.667_x1.5_N4000_L24_T400000_seed1_cont2_dense500.npz,1.5,361,135,147,12,2,2,12,9,25,16
bidisperse_a0.005_sr0.667_x1.5_N4000_L24_T400000_seed1_cont2_dense500.npz,1.5,362,147,142,-5,1,4,10,12,22,22
bidisperse_a0.005_sr0.667_x1.5_N4000_L24_T400000_seed1_cont2_dense500.npz,1.5,363,142,143,1,4,1,12,12,20,22
bidisperse_a0.005_sr0.667_x1.5_N4000_L24_T400000_seed1_cont2_dense500.npz,1.5,364,143,147,4,1,3,8,10,24,16
bidisperse_a0.005_sr0.667_x1.5_N4000_L24_T400000_seed1_cont2_dense500.npz,1.5,365,147,140,-7,3,1,7,10,18,24
bidisperse_a0.005_sr0.667_x1.5_N4000_L24_T400000_seed1_cont2_dense500.npz,1.5,366,140,148,8,1,2,15,9,18,16
bidisperse_a0.005_sr0.667_x1.5_N4000_L24_T400000_seed1_cont2_dense500.npz,1.5,367,148,137,-11,3,1,8,12,16,25
bidisperse_a0.005_sr0.667_x1.5_N4000_L24_T400000_seed1_cont2_dense500.npz,1.5,368,137,145,8,4,3,8,9,28,19
bidisperse_a0.005_sr0.667_x1.5_N4000_L24_T400000_seed1_cont2_dense500.npz,1.5,369,145,137,-8,4,7,7,8,14,18
bidisperse_a0.005_sr0.667_x1.5_N4000_L24_T400000_seed1_cont2_dense500.npz,1.5,370,137,136,-1,1,2,18,12,17,24
bidisperse_a0.005_sr0.667_x1.5_N4000_L24_T400000_seed1_cont2_dense500.npz,1.5,371,136,140,4,1,3,9,12,22,13
bidisperse_a0.005_sr0.667_x1.5_N4000_L24_T400000_seed1_cont2_dense500.npz,1.5,372,140,138,-2,3,1,11,14,17,18
bidisperse_a0.005_sr0.667_x1.5_N4000_L24_T400000_seed1_cont2_dense500.npz,1.5,373,138,149,11,2,0,11,6,22,18
bidisperse_a0.005_sr0.667_x1.5_N4000_L24_T400000_seed1_cont2_dense500.npz,1.5,374,149,141,-8,0,4,12,20,23,19
bidisperse_a0.005_sr0.667_x1.5_N4000_L24_T400000_seed1_cont2_dense500.npz,1.5,375,141,147,6,2,1,13,6,17,19
bidisperse_a0.005_sr0.667_x1.5_N4000_L24_T400000_seed1_cont2_dense500.npz,1.5,376,147,137,-10,1,1,10,16,19,23
bidisperse_a0.005_sr0.667_x1.5_N4000_L24_T400000_seed1_cont2_dense500.npz,1.5,377,137,138,1,3,2,18,18,20,20
bidisperse_a0.005_sr0.667_x1.5_N4000_L24_T400000_seed1_cont2_dense500.npz,1.5,378,138,142,4,2,0,17,13,21,22
bidisperse_a0.005_sr0.667_x1.5_N4000_L24_T400000_seed1_cont2_dense500.npz,1.5,379,142,143,1,1,0,13,16,22,19
bidisperse_a0.005_sr0.667_x1.5_N4000_L24_T400000_seed1_cont2_dense500.npz,1.5,380,143,138,-5,0,1,14,11,17,24
bidisperse_a0.005_sr0.667_x1.5_N4000_L24_T400000_seed1_cont2_dense500.npz,1.5,381,138,133,-5,3,0,11,14,18,23
bidisperse_a0.005_sr0.667_x1.5_N4000_L24_T400000_seed1_cont2_dense500.npz,1.5,382,133,134,1,1,2,16,14,20,20
bidisperse_a0.005_sr0.667_x1.5_N4000_L24_T400000_seed1_cont2_dense500.npz,1.5,383,134,137,3,1,1,14,18,21,14
bidisperse_a0.005_sr0.667_x1.5_N4000_L24_T400000_seed1_cont2_dense500.npz,1.5,384,137,138,1,2,1,10,13,18,15
bidisperse_a0.005_sr0.667_x1.5_N4000_L24_T400000_seed1_cont2_dense500.npz,1.5,385,138,144,6,0,1,14,8,16,15
bidisperse_a0.005_sr0.667_x1.5_N4000_L24_T400000_seed1_cont2_dense500.npz,1.5,386,144,138,-6,0,2,16,17,18,21
bidisperse_a0.005_sr0.667_x1.5_N4000_L24_T400000_seed1_cont2_dense500.npz,1.5,387,138,126,-12,2,1,4,15,17,20
bidisperse_a0.005_sr0.667_x1.5_N4000_L24_T400000_seed1_cont2_dense500.npz,1.5,388,126,125,-1,1,1,12,8,14,19
bidisperse_a0.005_sr0.667_x1.5_N4000_L24_T400000_seed1_cont2_dense500.npz,1.5,389,125,124,-1,3,1,9,14,15,13
bidisperse_a0.005_sr0.667_x1.5_N4000_L24_T400000_seed1_cont2_dense500.npz,1.5,390,124,128,4,1,3,14,11,19,16
bidisperse_a0.005_sr0.667_x1.5_N4000_L24_T400000_seed1_cont2_dense500.npz,1.5,391,128,130,2,2,2,16,8,18,24
bidisperse_a0.005_sr0.667_x1.5_N4000_L24_T400000_seed1_cont2_dense500.npz,1.5,392,130,143,13,3,1,18,11,17,13
bidisperse_a0.005_sr0.667_x1.5_N4000_L24_T400000_seed1_cont2_dense500.npz,1.5,393,143,130,-13,0,3,12,13,12,21
bidisperse_a0.005_sr0.667_x1.5_N4000_L24_T400000_seed1_cont2_dense500.npz,1.5,394,130,135,5,1,1,17,11,21,22
bidisperse_a0.005_sr0.667_x1.5_N4000_L24_T400000_seed1_cont2_dense500.npz,1.5,395,135,131,-4,1,0,11,16,19,19
bidisperse_a0.005_sr0.667_x1.5_N4000_L24_T400000_seed1_cont2_dense500.npz,1.5,396,131,131,0,0,2,11,12,19,16
bidisperse_a0.005_sr0.667_x1.5_N4000_L24_T400000_seed1_cont2_dense500.npz,1.5,397,131,138,7,1,0,18,13,20,19
bidisperse_a0.005_sr0.667_x1.5_N4000_L24_T400000_seed1_cont2_dense500.npz,1.5,398,138,134,-4,1,0,6,13,25,23
bidisperse_a0.005_sr0.667_x1.5_N4000_L24_T400000_seed1_cont2_dense500.npz,1.5,399,134,140,6,1,3,13,13,20,12
bidisperse_a0.005_sr0.667_x1.5_N4000_L24_T400000_seed1_cont2_dense500.npz,1.5,400,140,147,7,3,0,14,12,19,17
bidisperse_a0.005_sr0.667_x1.5_N4000_L24_T400000_seed1_cont2_dense500.npz,1.5,401,147,144,-3,1,1,11,7,17,24
bidisperse_a0.005_sr0.667_x1.5_N4000_L24_T400000_seed1_cont2_dense500.npz,1.5,402,144,133,-11,2,1,11,14,12,21
bidisperse_a0.005_sr0.667_x1.5_N4000_L24_T400000_seed1_cont2_dense500.npz,1.5,403,133,136,3,0,2,15,10,19,19
bidisperse_a0.005_sr0.667_x1.5_N4000_L24_T400000_seed1_cont2_dense500.npz,1.5,404,136,146,10,1,2,15,13,24,15
bidisperse_a0.005_sr0.667_x1.5_N4000_L24_T400000_seed1_cont2_dense500.npz,1.5,405,146,140,-6,2,1,12,13,15,21
bidisperse_a0.005_sr0.667_x1.5_N4000_L24_T400000_seed1_cont2_dense500.npz,1.5,406,140,137,-3,2,2,15,14,18,22
bidisperse_a0.005_sr0.667_x1.5_N4000_L24_T400000_seed1_cont2_dense500.npz,1.5,407,137,147,10,1,1,15,12,22,15
bidisperse_a0.005_sr0.667_x1.5_N4000_L24_T400000_seed1_cont2_dense500.npz,1.5,408,147,132,-15,0,0,6,19,17,19
bidisperse_a0.005_sr0.667_x1.5_N4000_L24_T400000_seed1_cont2_dense500.npz,1.5,409,132,139,7,0,0,19,7,17,22
bidisperse_a0.005_sr0.667_x1.5_N4000_L24_T400000_seed1_cont2_dense500.npz,1.5,410,139,136,-3,0,0,16,12,11,18
bidisperse_a0.005_sr0.667_x1.5_N4000_L24_T400000_seed1_cont2_dense500.npz,1.5,411,136,134,-2,0,1,16,15,22,24
bidisperse_a0.005_sr0.667_x1.5_N4000_L24_T400000_seed1_cont2_dense500.npz,1.5,412,134,135,1,1,0,13,17,24,20
bidisperse_a0.005_sr0.667_x1.5_N4000_L24_T400000_seed1_cont2_dense500.npz,1.5,413,135,136,1,1,1,9,12,22,18
bidisperse_a0.005_sr0.667_x1.5_N4000_L24_T400000_seed1_cont2_dense500.npz,1.5,414,136,146,10,2,2,16,9,19,16
bidisperse_a0.005_sr0.667_x1.5_N4000_L24_T400000_seed1_cont2_dense500.npz,1.5,415,146,133,-13,2,3,10,10,14,26
bidisperse_a0.005_sr0.667_x1.5_N4000_L24_T400000_seed1_cont2_dense500.npz,1.5,416,133,142,9,3,1,9,11,25,16
bidisperse_a0.005_sr0.667_x1.5_N4000_L24_T400000_seed1_cont2_dense500.npz,1.5,417,142,145,3,2,4,17,11,18,18
bidisperse_a0.005_sr0.667_x1.5_N4000_L24_T400000_seed1_cont2_dense500.npz,1.5,418,145,132,-13,4,3,7,20,13,14
bidisperse_a0.005_sr0.667_x1.5_N4000_L24_T400000_seed1_cont2_dense500.npz,1.5,419,132,131,-1,2,2,8,8,15,15
bidisperse_a0.005_sr0.667_x1.5_N4000_L24_T400000_seed1_cont2_dense500.npz,1.5,420,131,131,0,2,2,11,12,16,15
bidisperse_a0.005_sr0.667_x1.5_N4000_L24_T400000_seed1_cont2_dense500.npz,1.5,421,131,141,10,1,0,13,12,25,17
bidisperse_a0.005_sr0.667_x1.5_N4000_L24_T400000_seed1_cont2_dense500.npz,1.5,422,141,139,-2,0,3,10,7,22,24
bidisperse_a0.005_sr0.667_x1.5_N4000_L24_T400000_seed1_cont2_dense500.npz,1.5,423,139,137,-2,3,2,11,8,14,20
bidisperse_a0.005_sr0.667_x1.5_N4000_L24_T400000_seed1_cont2_dense500.npz,1.5,424,137,131,-6,2,2,9,20,17,12
bidisperse_a0.005_sr0.667_x1.5_N4000_L24_T400000_seed1_cont2_dense500.npz,1.5,425,131,137,6,0,2,17,8,16,17
bidisperse_a0.005_sr0.667_x1.5_N4000_L24_T400000_seed1_cont2_dense500.npz,1.5,426,137,138,1,2,0,11,12,15,15
bidisperse_a0.005_sr0.667_x1.5_N4000_L24_T400000_seed1_cont2_dense500.npz,1.5,427,138,135,-3,2,2,8,11,16,17
bidisperse_a0.005_sr0.667_x1.5_N4000_L24_T400000_seed1_cont2_dense500.npz,1.5,428,135,132,-3,1,1,12,11,14,18
bidisperse_a0.005_sr0.667_x1.5_N4000_L24_T400000_seed1_cont2_dense500.npz,1.5,429,132,141,9,0,3,13,9,22,14
bidisperse_a0.005_sr0.667_x1.5_N4000_L24_T400000_seed1_cont2_dense500.npz,1.5,430,141,137,-4,2,2,19,16,14,21
bidisperse_a0.005_sr0.667_x1.5_N4000_L24_T400000_seed1_cont2_dense500.npz,1.5,431,137,129,-8,1,3,14,18,15,18
bidisperse_a0.005_sr0.667_x1.5_N4000_L24_T400000_seed1_cont2_dense500.npz,1.5,432,129,128,-1,3,3,14,16,17,16
bidisperse_a0.005_sr0.667_x1.5_N4000_L24_T400000_seed1_cont2_dense500.npz,1.5,433,128,131,3,4,2,16,14,17,17
bidisperse_a0.005_sr0.667_x1.5_N4000_L24_T400000_seed1_cont2_dense500.npz,1.5,434,131,134,3,4,3,13,15,17,13
bidisperse_a0.005_sr0.667_x1.5_N4000_L24_T400000_seed1_cont2_dense500.npz,1.5,435,134,137,3,3,1,17,16,15,14
bidisperse_a0.005_sr0.667_x1.5_N4000_L24_T400000_seed1_cont2_dense500.npz,1.5,436,137,132,-5,4,2,17,14,11,21
bidisperse_a0.005_sr0.667_x1.5_N4000_L24_T400000_seed1_cont2_dense500.npz,1.5,437,132,140,8,2,2,17,15,21,15
bidisperse_a0.005_sr0.667_x1.5_N4000_L24_T400000_seed1_cont2_dense500.npz,1.5,438,140,138,-2,1,0,15,23,17,11
bidisperse_a0.005_sr0.667_x1.5_N4000_L24_T400000_seed1_cont2_dense500.npz,1.5,439,138,128,-10,4,2,13,19,13,19
bidisperse_a0.005_sr0.667_x1.5_N4000_L24_T400000_seed1_cont2_dense500.npz,1.5,440,128,139,11,4,1,15,11,20,16
bidisperse_a0.005_sr0.667_x1.5_N4000_L24_T400000_seed1_cont2_dense500.npz,1.5,441,139,137,-2,2,1,12,11,12,15
bidisperse_a0.005_sr0.667_x1.5_N4000_L24_T400000_seed1_cont2_dense500.npz,1.5,442,137,138,1,0,3,9,8,17,14
bidisperse_a0.005_sr0.667_x1.5_N4000_L24_T400000_seed1_cont2_dense500.npz,1.5,443,138,140,2,4,2,12,11,16,17
bidisperse_a0.005_sr0.667_x1.5_N4000_L24_T400000_seed1_cont2_dense500.npz,1.5,444,140,145,5,3,3,18,12,22,22
bidisperse_a0.005_sr0.667_x1.5_N4000_L24_T400000_seed1_cont2_dense500.npz,1.5,445,145,137,-8,1,3,11,15,19,21
bidisperse_a0.005_sr0.667_x1.5_N4000_L24_T400000_seed1_cont2_dense500.npz,1.5,446,137,135,-2,2,1,14,11,13,19
bidisperse_a0.005_sr0.667_x1.5_N4000_L24_T400000_seed1_cont2_dense500.npz,1.5,447,135,152,17,3,1,18,7,21,17
bidisperse_a0.005_sr0.667_x1.5_N4000_L24_T400000_seed1_cont2_dense500.npz,1.5,448,152,145,-7,3,2,13,22,21,20
bidisperse_a0.005_sr0.667_x1.5_N4000_L24_T400000_seed1_cont2_dense500.npz,1.5,449,145,148,3,3,1,14,11,17,19
bidisperse_a0.005_sr0.667_x1.5_N4000_L24_T400000_seed1_cont2_dense500.npz,1.5,450,148,147,-1,1,2,11,9,20,22
bidisperse_a0.005_sr0.667_x1.5_N4000_L24_T400000_seed1_cont2_dense500.npz,1.5,451,147,155,8,4,1,15,7,21,24
bidisperse_a0.005_sr0.667_x1.5_N4000_L24_T400000_seed1_cont2_dense500.npz,1.5,452,155,143,-12,1,2,8,14,19,23
bidisperse_a0.005_sr0.667_x1.5_N4000_L24_T400000_seed1_cont2_dense500.npz,1.5,453,143,146,3,2,4,19,15,19,18
bidisperse_a0.005_sr0.667_x1.5_N4000_L24_T400000_seed1_cont2_dense500.npz,1.5,454,146,142,-4,1,0,13,18,14,14
bidisperse_a0.005_sr0.667_x1.5_N4000_L24_T400000_seed1_cont2_dense500.npz,1.5,455,142,138,-4,2,2,6,15,20,16
bidisperse_a0.005_sr0.667_x1.5_N4000_L24_T400000_seed1_cont2_dense500.npz,1.5,456,138,144,6,1,4,15,8,20,19
bidisperse_a0.005_sr0.667_x1.5_N4000_L24_T400000_seed1_cont2_dense500.npz,1.5,457,144,144,0,2,5,14,8,24,27
bidisperse_a0.005_sr0.667_x1.5_N4000_L24_T400000_seed1_cont2_dense500.npz,1.5,458,144,149,5,2,3,14,15,22,15
bidisperse_a0.005_sr0.667_x1.5_N4000_L24_T400000_seed1_cont2_dense500.npz,1.5,459,149,132,-17,3,2,7,17,19,27
bidisperse_a0.005_sr0.667_x1.5_N4000_L24_T400000_seed1_cont2_dense500.npz,1.5,460,132,141,9,3,4,13,10,22,15
bidisperse_a0.005_sr0.667_x1.5_N4000_L24_T400000_seed1_cont2_dense500.npz,1.5,461,141,151,10,4,3,18,14,25,20
bidisperse_a0.005_sr0.667_x1.5_N4000_L24_T400000_seed1_cont2_dense500.npz,1.5,462,151,137,-14,0,3,5,10,18,24
bidisperse_a0.005_sr0.667_x1.5_N4000_L24_T400000_seed1_cont2_dense500.npz,1.5,463,137,146,9,3,1,10,4,21,20
bidisperse_a0.005_sr0.667_x1.5_N4000_L24_T400000_seed1_cont2_dense500.npz,1.5,464,146,151,5,2,3,15,16,19,13
bidisperse_a0.005_sr0.667_x1.5_N4000_L24_T400000_seed1_cont2_dense500.npz,1.5,465,151,128,-23,4,2,11,21,11,26
bidisperse_a0.005_sr0.667_x1.5_N4000_L24_T400000_seed1_cont2_dense500.npz,1.5,466,128,132,4,1,5,11,8,23,18
bidisperse_a0.005_sr0.667_x1.5_N4000_L24_T400000_seed1_cont2_dense500.npz,1.5,467,132,137,5,1,0,8,11,22,15
bidisperse_a0.005_sr0.667_x1.5_N4000_L24_T400000_seed1_cont2_dense500.npz,1.5,468,137,135,-2,0,1,9,6,21,25
bidisperse_a0.005_sr0.667_x1.5_N4000_L24_T400000_seed1_cont2_dense500.npz,1.5,469,135,133,-2,2,0,10,17,25,22
bidisperse_a0.005_sr0.667_x1.5_N4000_L24_T400000_seed1_cont2_dense500.npz,1.5,470,133,124,-9,0,2,11,9,15,24
bidisperse_a0.005_sr0.667_x1.5_N4000_L24_T400000_seed1_cont2_dense500.npz,1.5,471,124,125,1,2,0,10,11,18,18
bidisperse_a0.005_sr0.667_x1.5_N4000_L24_T400000_seed1_cont2_dense500.npz,1.5,472,125,130,5,5,0,11,10,17,18
bidisperse_a0.005_sr0.667_x1.5_N4000_L24_T400000_seed1_cont2_dense500.npz,1.5,473,130,132,2,1,3,11,11,21,16
bidisperse_a0.005_sr0.667_x1.5_N4000_L24_T400000_seed1_cont2_dense500.npz,1.5,474,132,141,9,6,2,15,15,19,14
bidisperse_a0.005_sr0.667_x1.5_N4000_L24_T400000_seed1_cont2_dense500.npz,1.5,475,141,128,-13,2,8,10,10,18,24
bidisperse_a0.005_sr0.667_x1.5_N4000_L24_T400000_seed1_cont2_dense500.npz,1.5,476,128,130,2,3,3,10,17,22,13
bidisperse_a0.005_sr0.667_x1.5_N4000_L24_T400000_seed1_cont2_dense500.npz,1.5,477,130,136,6,4,6,14,9,19,16
bidisperse_a0.005_sr0.667_x1.5_N4000_L24_T400000_seed1_cont2_dense500.npz,1.5,478,136,132,-4,4,1,13,13,12,18
bidisperse_a0.005_sr0.667_x1.5_N4000_L24_T400000_seed1_cont2_dense500.npz,1.5,479,132,131,-1,1,6,16,8,12,16
bidisperse_a0.005_sr0.667_x1.5_N4000_L24_T400000_seed1_cont2_dense500.npz,1.5,480,131,135,4,8,3,12,11,16,19
bidisperse_a0.005_sr0.667_x1.5_N4000_L24_T400000_seed1_cont2_dense500.npz,1.5,481,135,140,5,4,7,20,15,21,17
bidisperse_a0.005_sr0.667_x1.5_N4000_L24_T400000_seed1_cont2_dense500.npz,1.5,482,140,129,-11,5,5,13,19,13,18
bidisperse_a0.005_sr0.667_x1.5_N4000_L24_T400000_seed1_cont2_dense500.npz,1.5,483,129,134,5,4,3,14,13,17,15
bidisperse_a0.005_sr0.667_x1.5_N4000_L24_T400000_seed1_cont2_dense500.npz,1.5,484,134,130,-4,3,3,6,16,21,15
bidisperse_a0.005_sr0.667_x1.5_N4000_L24_T400000_seed1_cont2_dense500.npz,1.5,485,130,139,9,2,1,15,12,23,18
bidisperse_a0.005_sr0.667_x1.5_N4000_L24_T400000_seed1_cont2_dense500.npz,1.5,486,139,142,3,3,5,13,11,24,21
bidisperse_a0.005_sr0.667_x1.5_N4000_L24_T400000_seed1_cont2_dense500.npz,1.5,487,142,136,-6,2,5,10,19,21,14
bidisperse_a0.005_sr0.667_x1.5_N4000_L24_T400000_seed1_cont2_dense500.npz,1.5,488,136,145,9,0,2,11,4,21,17
bidisperse_a0.005_sr0.667_x1.5_N4000_L24_T400000_seed1_cont2_dense500.npz,1.5,489,145,136,-9,6,1,9,11,12,24
bidisperse_a0.005_sr0.667_x1.5_N4000_L24_T400000_seed1_cont2_dense500.npz,1.5,490,136,146,10,2,2,13,8,20,15
bidisperse_a0.005_sr0.667_x1.5_N4000_L24_T400000_seed1_cont2_dense500.npz,1.5,491,146,145,-1,3,4,15,14,16,17
bidisperse_a0.005_sr0.667_x1.5_N4000_L24_T400000_seed1_cont2_dense500.npz,1.5,492,145,140,-5,0,4,10,13,19,17
bidisperse_a0.005_sr0.667_x1.5_N4000_L24_T400000_seed1_cont2_dense500.npz,1.5,493,140,142,2,4,1,8,10,18,17
bidisperse_a0.005_sr0.667_x1.5_N4000_L24_T400000_seed1_cont2_dense500.npz,1.5,494,142,149,7,4,2,9,8,22,18
bidisperse_a0.005_sr0.667_x1.5_N4000_L24_T400000_seed1_cont2_dense500.npz,1.5,495,149,127,-22,0,5,10,13,16,29
bidisperse_a0.005_sr0.667_x1.5_N4000_L24_T400000_seed1_cont2_dense500.npz,1.5,496,127,134,7,2,4,9,10,22,12
bidisperse_a0.005_sr0.667_x1.5_N4000_L24_T400000_seed1_cont2_dense500.npz,1.5,497,134,137,3,2,4,11,11,19,14
bidisperse_a0.005_sr0.667_x1.5_N4000_L24_T400000_seed1_cont2_dense500.npz,1.5,498,137,128,-9,3,2,8,11,15,22
bidisperse_a0.005_sr0.667_x1.5_N4000_L24_T400000_seed1_cont2_dense500.npz,1.5,499,128,139,11,3,1,11,9,29,22
