t,Q,n_cl,lcf,nullQ,ARI,edge_jac,sigv2,file,case,seed,alpha,s_ratio,ari_floor
0.0,0.9878905834838984,199,0.026,0.8863117538172672,,,,bidisperse_a0.003_sr0.667_N1000_L12_T100000_seed1.npz,bidisperse,1,0.003,0.6666666666666666,0.8959091785425531
1000.0,0.958861847059946,89,0.058,,0.20691826132727079,0.8297872340425532,2.5277138488470493e-08,bidisperse_a0.003_sr0.667_N1000_L12_T100000_seed1.npz,bidisperse,1,0.003,0.6666666666666666,0.8959091785425531
2000.0,0.9512046749521907,61,0.132,,0.48263337052788424,0.7546948356807512,2.0467075179580224e-08,bidisperse_a0.003_sr0.667_N1000_L12_T100000_seed1.npz,bidisperse,1,0.003,0.6666666666666666,0.8959091785425531
3000.0,0.950416277340249,58,0.114,,0.559137656736068,0.748314606741573,2.230556322175088e-08,bidisperse_a0.003_sr0.667_N1000_L12_T100000_seed1.npz,bidisperse,1,0.003,0.6666666666666666,0.8959091785425531
4000.0,0.9305559583538761,49,0.159,0.7182623021091148,0.5291660838841474,0.7189901207464324,1.8477984973438758e-08,bidisperse_a0.003_sr0.667_N1000_L12_T100000_seed1.npz,bidisperse,1,0.003,0.6666666666666666,0.8959091785425531
5000.0,0.9345767245332827,50,0.233,,0.4959463545465542,0.7128980032379925,2.0037416120573413e-08,bidisperse_a0.003_sr0.667_N1000_L12_T100000_seed1.npz,bidisperse,1,0.003,0.6666666666666666,0.8959091785425531
6000.0,0.9338126649787938,47,0.191,,0.48815259026473545,0.6901790558871406,1.9028128626649375e-08,bidisperse_a0.003_sr0.667_N1000_L12_T100000_seed1.npz,bidisperse,1,0.003,0.6666666666666666,0.8959091785425531
7000.0,0.9233929167574292,44,0.157,,0.4842552887900312,0.6923884514435695,2.0178908306521406e-08,bidisperse_a0.003_sr0.667_N1000_L12_T100000_seed1.npz,bidisperse,1,0.003,0.6666666666666666,0.8959091785425531
8000.0,0.9225154022010994,45,0.176,0.6876289488918458,0.46486467930652625,0.6856118791602663,2.1796256314862645e-08,bidisperse_a0.003_sr0.667_N1000_L12_T100000_seed1.npz,bidisperse,1,0.003,0.6666666666666666,0.8959091785425531
9000.0,0.9202755511817273,42,0.203,,0.4904024977777646,0.6847265221878225,2.1694704042622997e-08,bidisperse_a0.003_sr0.667_N1000_L12_T100000_seed1.npz,bidisperse,1,0.003,0.6666666666666666,0.8959091785425531
10000.0,0.9170057858287806,43,0.301,,0.4722216137457937,0.6506087877183695,1.9480094573244158e-08,bidisperse_a0.003_sr0.667_N1000_L12_T100000_seed1.npz,bidisperse,1,0.003,0.6666666666666666,0.8959091785425531
11000.0,0.91602488211795,36,0.31,,0.5058317473593742,0.6554925219185147,1.8670664167532844e-08,bidisperse_a0.003_sr0.667_N1000_L12_T100000_seed1.npz,bidisperse,1,0.003,0.6666666666666666,0.8959091785425531
12000.0,0.913301177450845,37,0.187,0.6713079138732748,0.45662384096539843,0.6823411705852926,2.1755224368803883e-08,bidisperse_a0.003_sr0.667_N1000_L12_T100000_seed1.npz,bidisperse,1,0.003,0.6666666666666666,0.8959091785425531
13000.0,0.9138770296912222,35,0.466,,0.4698638729185409,0.6532586558044806,1.8847593796316668e-08,bidisperse_a0.003_sr0.667_N1000_L12_T100000_seed1.npz,bidisperse,1,0.003,0.6666666666666666,0.8959091785425531
14000.0,0.9141812744271935,47,0.213,,0.4779537525210517,0.6538461538461539,2.364874633611627e-08,bidisperse_a0.003_sr0.667_N1000_L12_T100000_seed1.npz,bidisperse,1,0.003,0.6666666666666666,0.8959091785425531
15000.0,0.9066774819602612,34,0.359,,0.4694770723711367,0.6391545042778057,2.033431648115611e-08,bidisperse_a0.003_sr0.667_N1000_L12_T100000_seed1.npz,bidisperse,1,0.003,0.6666666666666666,0.8959091785425531
16000.0,0.9047704560185515,39,0.401,0.6574724961575223,0.4686682153539227,0.623370110330993,2.1996483152876122e-08,bidisperse_a0.003_sr0.667_N1000_L12_T100000_seed1.npz,bidisperse,1,0.003,0.6666666666666666,0.8959091785425531
17000.0,0.9085574665905777,35,0.417,,0.5253547293163638,0.6245648930880159,1.939137501937584e-08,bidisperse_a0.003_sr0.667_N1000_L12_T100000_seed1.npz,bidisperse,1,0.003,0.6666666666666666,0.8959091785425531
18000.0,0.911022704214658,36,0.4,,0.5649995281658826,0.6188318227593153,1.5163485089801514e-08,bidisperse_a0.003_sr0.667_N1000_L12_T100000_seed1.npz,bidisperse,1,0.003,0.6666666666666666,0.8959091785425531
19000.0,0.9105750700548025,28,0.507,,0.5233067908054461,0.6150753768844222,1.618643158046278e-08,bidisperse_a0.003_sr0.667_N1000_L12_T100000_seed1.npz,bidisperse,1,0.003,0.6666666666666666,0.8959091785425531
20000.0,0.914814219216073,38,0.329,0.6675343457429039,0.5060497688104789,0.6270512182993535,1.745240288217012e-08,bidisperse_a0.003_sr0.667_N1000_L12_T100000_seed1.npz,bidisperse,1,0.003,0.6666666666666666,0.8959091785425531
21000.0,0.9187093570210454,36,0.335,,0.5722620123085088,0.6268134067033517,1.8076327636033166e-08,bidisperse_a0.003_sr0.667_N1000_L12_T100000_seed1.npz,bidisperse,1,0.003,0.6666666666666666,0.8959091785425531
22000.0,0.9173710485601285,48,0.309,,0.555517613223832,0.6467686235816478,1.8313443233223414e-08,bidisperse_a0.003_sr0.667_N1000_L12_T100000_seed1.npz,bidisperse,1,0.003,0.6666666666666666,0.8959091785425531
23000.0,0.9085500160688657,38,0.317,,0.5476902767323111,0.6322580645161291,1.7125322096056904e-08,bidisperse_a0.003_sr0.667_N1000_L12_T100000_seed1.npz,bidisperse,1,0.003,0.6666666666666666,0.8959091785425531
24000.0,0.9128897119341564,34,0.337,0.6772667581161409,0.6077347494567259,0.6302939711011459,1.7432486166936694e-08,bidisperse_a0.003_sr0.667_N1000_L12_T100000_seed1.npz,bidisperse,1,0.003,0.6666666666666666,0.8959091785425531
25000.0,0.9107240254064448,37,0.46,,0.5481899432933548,0.6511156186612577,1.775685156519001e-08,bidisperse_a0.003_sr0.667_N1000_L12_T100000_seed1.npz,bidisperse,1,0.003,0.6666666666666666,0.8959091785425531
26000.0,0.9113592910969908,40,0.586,,0.5212185389105412,0.6478371501272264,1.6565887862635775e-08,bidisperse_a0.003_sr0.667_N1000_L12_T100000_seed1.npz,bidisperse,1,0.003,0.6666666666666666,0.8959091785425531
27000.0,0.9109682602361079,43,0.624,,0.5182629860950062,0.6428930185836264,1.725092925466137e-08,bidisperse_a0.003_sr0.667_N1000_L12_T100000_seed1.npz,bidisperse,1,0.003,0.6666666666666666,0.8959091785425531
28000.0,0.9157615363153282,39,0.393,0.6793661409611581,0.4893139859660549,0.6545637922339889,1.9022491462833987e-08,bidisperse_a0.003_sr0.667_N1000_L12_T100000_seed1.npz,bidisperse,1,0.003,0.6666666666666666,0.8959091785425531
29000.0,0.9138232607664294,51,0.397,,0.4963971344111779,0.6353790613718411,1.6667246658216037e-08,bidisperse_a0.003_sr0.667_N1000_L12_T100000_seed1.npz,bidisperse,1,0.003,0.6666666666666666,0.8959091785425531
30000.0,0.9112832683833483,35,0.536,,0.4981361567543825,0.6364102564102564,1.872359432203352e-08,bidisperse_a0.003_sr0.667_N1000_L12_T100000_seed1.npz,bidisperse,1,0.003,0.6666666666666666,0.8959091785425531
31000.0,0.9144157419895522,45,0.466,,0.45645576516811265,0.663115169964485,1.965325885843343e-08,bidisperse_a0.003_sr0.667_N1000_L12_T100000_seed1.npz,bidisperse,1,0.003,0.6666666666666666,0.8959091785425531
32000.0,0.9128264681361365,45,0.335,0.684737627077615,0.518208839446613,0.6463858554342174,2.1160825474624533e-08,bidisperse_a0.003_sr0.667_N1000_L12_T100000_seed1.npz,bidisperse,1,0.003,0.6666666666666666,0.8959091785425531
33000.0,0.909332409824711,37,0.353,,0.5609533772450312,0.6673336668334167,1.8249912447794135e-08,bidisperse_a0.003_sr0.667_N1000_L12_T100000_seed1.npz,bidisperse,1,0.003,0.6666666666666666,0.8959091785425531
34000.0,0.9146348231657385,46,0.685,,0.5302097684372653,0.6349206349206349,1.69931546423836e-08,bidisperse_a0.003_sr0.667_N1000_L12_T100000_seed1.npz,bidisperse,1,0.003,0.6666666666666666,0.8959091785425531
35000.0,0.9074978303116876,32,0.429,,0.47711098460799456,0.6239443616492797,1.9707292824195966e-08,bidisperse_a0.003_sr0.667_N1000_L12_T100000_seed1.npz,bidisperse,1,0.003,0.6666666666666666,0.8959091785425531
36000.0,0.8990868691691455,27,0.831,0.6673051205888317,0.4412254750554111,0.6444335458558117,1.735361137375309e-08,bidisperse_a0.003_sr0.667_N1000_L12_T100000_seed1.npz,bidisperse,1,0.003,0.6666666666666666,0.8959091785425531
37000.0,0.899016254079989,38,0.735,,0.4393398037267904,0.6408866995073892,1.6794791782714568e-08,bidisperse_a0.003_sr0.667_N1000_L12_T100000_seed1.npz,bidisperse,1,0.003,0.6666666666666666,0.8959091785425531
38000.0,0.8943907373801699,35,0.774,,0.4999370414654659,0.6104944500504541,1.4122103338413151e-08,bidisperse_a0.003_sr0.667_N1000_L12_T100000_seed1.npz,bidisperse,1,0.003,0.6666666666666666,0.8959091785425531
39000.0,0.901269626779397,34,0.684,,0.43615748303766366,0.6327655310621243,1.935828074766186e-08,bidisperse_a0.003_sr0.667_N1000_L12_T100000_seed1.npz,bidisperse,1,0.003,0.6666666666666666,0.8959091785425531
40000.0,0.8932928260550638,32,0.712,0.6441896914274537,0.5035639414413725,0.6293018682399214,2.152140925058052e-08,bidisperse_a0.003_sr0.667_N1000_L12_T100000_seed1.npz,bidisperse,1,0.003,0.6666666666666666,0.8959091785425531
41000.0,0.8970505572793046,29,0.79,,0.5009170096751392,0.5857902368293861,1.888991382520189e-08,bidisperse_a0.003_sr0.667_N1000_L12_T100000_seed1.npz,bidisperse,1,0.003,0.6666666666666666,0.8959091785425531
42000.0,0.892898655393929,30,0.809,,0.44922788930720436,0.5880640465793304,2.007894645730708e-08,bidisperse_a0.003_sr0.667_N1000_L12_T100000_seed1.npz,bidisperse,1,0.003,0.6666666666666666,0.8959091785425531
43000.0,0.8936872644316604,34,0.784,,0.48276864847676226,0.6209245742092457,1.740244830917469e-08,bidisperse_a0.003_sr0.667_N1000_L12_T100000_seed1.npz,bidisperse,1,0.003,0.6666666666666666,0.8959091785425531
44000.0,0.893756366872503,29,0.792,0.6440916826338875,0.4585349775602221,0.6188624210014584,1.7110859825745115e-08,bidisperse_a0.003_sr0.667_N1000_L12_T100000_seed1.npz,bidisperse,1,0.003,0.6666666666666666,0.8959091785425531
45000.0,0.8933842668202197,38,0.793,,0.5023784383255432,0.6034063260340632,1.7136040863094186e-08,bidisperse_a0.003_sr0.667_N1000_L12_T100000_seed1.npz,bidisperse,1,0.003,0.6666666666666666,0.8959091785425531
46000.0,0.8874025152611431,43,0.773,,0.44103867905765737,0.5858190709046455,1.55866673890479e-08,bidisperse_a0.003_sr0.667_N1000_L12_T100000_seed1.npz,bidisperse,1,0.003,0.6666666666666666,0.8959091785425531
47000.0,0.894370673171377,34,0.768,,0.4815990417855393,0.597953216374269,1.68653049714108e-08,bidisperse_a0.003_sr0.667_N1000_L12_T100000_seed1.npz,bidisperse,1,0.003,0.6666666666666666,0.8959091785425531
48000.0,0.8889182736332835,39,0.775,0.6456644969119787,0.49224034077651085,0.6023278370514065,1.7202166107283222e-08,bidisperse_a0.003_sr0.667_N1000_L12_T100000_seed1.npz,bidisperse,1,0.003,0.6666666666666666,0.8959091785425531
49000.0,0.8959890699859363,36,0.774,,0.40202037417230213,0.5879470847623713,1.5949218607628147e-08,bidisperse_a0.003_sr0.667_N1000_L12_T100000_seed1.npz,bidisperse,1,0.003,0.6666666666666666,0.8959091785425531
50000.0,0.8892730337920146,33,0.739,,0.461559832411498,0.6,1.6240208899922987e-08,bidisperse_a0.003_sr0.667_N1000_L12_T100000_seed1.npz,bidisperse,1,0.003,0.6666666666666666,0.8959091785425531
51000.0,0.8978272014601223,39,0.451,,0.4927533220920788,0.5941443715295305,1.735973893463834e-08,bidisperse_a0.003_sr0.667_N1000_L12_T100000_seed1.npz,bidisperse,1,0.003,0.6666666666666666,0.8959091785425531
52000.0,0.8949082562712585,42,0.501,0.6673932756696429,0.43611141868510367,0.6222222222222222,1.8035024691957672e-08,bidisperse_a0.003_sr0.667_N1000_L12_T100000_seed1.npz,bidisperse,1,0.003,0.6666666666666666,0.8959091785425531
53000.0,0.8938796428479288,40,0.445,,0.471021566151106,0.6446446446446447,1.8809803586822852e-08,bidisperse_a0.003_sr0.667_N1000_L12_T100000_seed1.npz,bidisperse,1,0.003,0.6666666666666666,0.8959091785425531
54000.0,0.8977295918367347,45,0.443,,0.4633466682645945,0.6330365974282888,1.973180846220007e-08,bidisperse_a0.003_sr0.667_N1000_L12_T100000_seed1.npz,bidisperse,1,0.003,0.6666666666666666,0.8959091785425531
55000.0,0.882141197235441,40,0.469,,0.4856526689513228,0.5802285146547441,2.1684004370891728e-08,bidisperse_a0.003_sr0.667_N1000_L12_T100000_seed1.npz,bidisperse,1,0.003,0.6666666666666666,0.8959091785425531
56000.0,0.8907064571272448,39,0.454,0.6349241548765359,0.45621345088737414,0.5790494665373425,1.957092632865174e-08,bidisperse_a0.003_sr0.667_N1000_L12_T100000_seed1.npz,bidisperse,1,0.003,0.6666666666666666,0.8959091785425531
57000.0,0.8837741406352894,34,0.447,,0.4500264463119175,0.5921814671814671,1.750289221459928e-08,bidisperse_a0.003_sr0.667_N1000_L12_T100000_seed1.npz,bidisperse,1,0.003,0.6666666666666666,0.8959091785425531
58000.0,0.8881790663480265,51,0.685,,0.4571294612409943,0.5688027819175361,2.024622933993432e-08,bidisperse_a0.003_sr0.667_N1000_L12_T100000_seed1.npz,bidisperse,1,0.003,0.6666666666666666,0.8959091785425531
59000.0,0.8965831131117681,41,0.478,,0.49196419215842957,0.5853658536585367,2.1133822847072052e-08,bidisperse_a0.003_sr0.667_N1000_L12_T100000_seed1.npz,bidisperse,1,0.003,0.6666666666666666,0.8959091785425531
60000.0,0.8798006636671745,42,0.464,0.6275921005499069,0.5319178888394407,0.571917808219178,2.035997574173671e-08,bidisperse_a0.003_sr0.667_N1000_L12_T100000_seed1.npz,bidisperse,1,0.003,0.6666666666666666,0.8959091785425531
61000.0,0.8836384659577802,46,0.514,,0.5238894468425234,0.5642679900744416,1.939547868871904e-08,bidisperse_a0.003_sr0.667_N1000_L12_T100000_seed1.npz,bidisperse,1,0.003,0.6666666666666666,0.8959091785425531
62000.0,0.8789007308287777,42,0.482,,0.5116061906671657,0.5736015701668302,1.862943318072264e-08,bidisperse_a0.003_sr0.667_N1000_L12_T100000_seed1.npz,bidisperse,1,0.003,0.6666666666666666,0.8959091785425531
63000.0,0.8826169693169729,42,0.716,,0.4666606444013938,0.5570866141732284,2.0386455010918156e-08,bidisperse_a0.003_sr0.667_N1000_L12_T100000_seed1.npz,bidisperse,1,0.003,0.6666666666666666,0.8959091785425531
64000.0,0.8831550674543989,44,0.668,0.6369098636814189,0.4616014288944511,0.5724743777452416,2.256557189448146e-08,bidisperse_a0.003_sr0.667_N1000_L12_T100000_seed1.npz,bidisperse,1,0.003,0.6666666666666666,0.8959091785425531
65000.0,0.8886660840797728,42,0.684,,0.42521240127035165,0.5924124513618677,1.6822849467170586e-08,bidisperse_a0.003_sr0.667_N1000_L12_T100000_seed1.npz,bidisperse,1,0.003,0.6666666666666666,0.8959091785425531
66000.0,0.8759267194957431,48,0.662,,0.5008755376342475,0.5728962818003913,2.32397409669178e-08,bidisperse_a0.003_sr0.667_N1000_L12_T100000_seed1.npz,bidisperse,1,0.003,0.6666666666666666,0.8959091785425531
67000.0,0.8865051770730688,43,0.684,,0.5145009244333296,0.564963503649635,2.2193156618024635e-08,bidisperse_a0.003_sr0.667_N1000_L12_T100000_seed1.npz,bidisperse,1,0.003,0.6666666666666666,0.8959091785425531
68000.0,0.8834008461733703,25,0.705,0.6222322223964087,0.5330277336335408,0.5800193986420951,1.8103607029092586e-08,bidisperse_a0.003_sr0.667_N1000_L12_T100000_seed1.npz,bidisperse,1,0.003,0.6666666666666666,0.8959091785425531
69000.0,0.8885222437291245,49,0.668,,0.5296668552311726,0.5844793713163066,1.871666665457791e-08,bidisperse_a0.003_sr0.667_N1000_L12_T100000_seed1.npz,bidisperse,1,0.003,0.6666666666666666,0.8959091785425531
70000.0,0.8852920150066608,40,0.701,,0.4781878787835049,0.5778769841269842,1.9979907050745345e-08,bidisperse_a0.003_sr0.667_N1000_L12_T100000_seed1.npz,bidisperse,1,0.003,0.6666666666666666,0.8959091785425531
71000.0,0.8909300190609937,36,0.712,,0.4191184752458353,0.5752343364578194,2.1973565147599993e-08,bidisperse_a0.003_sr0.667_N1000_L12_T100000_seed1.npz,bidisperse,1,0.003,0.6666666666666666,0.8959091785425531
72000.0,0.8871044793146536,38,0.726,0.6327661774815612,0.4815767901617848,0.5749636098981077,1.981703210630039e-08,bidisperse_a0.003_sr0.667_N1000_L12_T100000_seed1.npz,bidisperse,1,0.003,0.6666666666666666,0.8959091785425531
73000.0,0.8875155673398645,39,0.698,,0.4708065013945804,0.5791505791505791,1.9862921604774297e-08,bidisperse_a0.003_sr0.667_N1000_L12_T100000_seed1.npz,bidisperse,1,0.003,0.6666666666666666,0.8959091785425531
74000.0,0.8853055947069856,51,0.679,,0.47286849222535837,0.5882638215324927,1.8645658186917908e-08,bidisperse_a0.003_sr0.667_N1000_L12_T100000_seed1.npz,bidisperse,1,0.003,0.6666666666666666,0.8959091785425531
75000.0,0.8872447260980024,47,0.667,,0.4091968960098197,0.5860029571217349,1.8728157181186837e-08,bidisperse_a0.003_sr0.667_N1000_L12_T100000_seed1.npz,bidisperse,1,0.003,0.6666666666666666,0.8959091785425531
76000.0,0.8784001719744867,39,0.656,0.6262753068336284,0.4117750071330511,0.5841144548593982,2.0721043904824167e-08,bidisperse_a0.003_sr0.667_N1000_L12_T100000_seed1.npz,bidisperse,1,0.003,0.6666666666666666,0.8959091785425531
77000.0,0.8766572865096972,46,0.743,,0.4467232972173808,0.5736585365853659,2.1902372943081758e-08,bidisperse_a0.003_sr0.667_N1000_L12_T100000_seed1.npz,bidisperse,1,0.003,0.6666666666666666,0.8959091785425531
78000.0,0.8854953172166852,47,0.68,,0.4612740646281653,0.5794161306284018,2.3905147280214773e-08,bidisperse_a0.003_sr0.667_N1000_L12_T100000_seed1.npz,bidisperse,1,0.003,0.6666666666666666,0.8959091785425531
79000.0,0.887843112244898,51,0.657,,0.45167437113479336,0.580010095911156,2.4384106919680352e-08,bidisperse_a0.003_sr0.667_N1000_L12_T100000_seed1.npz,bidisperse,1,0.003,0.6666666666666666,0.8959091785425531
80000.0,0.8890707948828013,50,0.676,0.643113462296951,0.44597561072003833,0.5915422885572139,2.4779957946012156e-08,bidisperse_a0.003_sr0.667_N1000_L12_T100000_seed1.npz,bidisperse,1,0.003,0.6666666666666666,0.8959091785425531
81000.0,0.8867254602849718,40,0.698,,0.46575309106836477,0.5916666666666667,2.173164014054763e-08,bidisperse_a0.003_sr0.667_N1000_L12_T100000_seed1.npz,bidisperse,1,0.003,0.6666666666666666,0.8959091785425531
82000.0,0.8859172560174232,54,0.678,,0.4563267726335975,0.6005902606984752,2.0284877216652436e-08,bidisperse_a0.003_sr0.667_N1000_L12_T100000_seed1.npz,bidisperse,1,0.003,0.6666666666666666,0.8959091785425531
83000.0,0.8855280437833604,50,0.701,,0.4215696346755231,0.5865724381625441,1.9750684641466178e-08,bidisperse_a0.003_sr0.667_N1000_L12_T100000_seed1.npz,bidisperse,1,0.003,0.6666666666666666,0.8959091785425531
84000.0,0.8883150546446573,49,0.661,0.6443453093038215,0.4116361278663632,0.5906579608237067,2.5808540039620236e-08,bidisperse_a0.003_sr0.667_N1000_L12_T100000_seed1.npz,bidisperse,1,0.003,0.6666666666666666,0.8959091785425531
85000.0,0.8878872229121517,39,0.467,,0.39872216872628086,0.6224289911851126,1.9644182523681576e-08,bidisperse_a0.003_sr0.667_N1000_L12_T100000_seed1.npz,bidisperse,1,0.003,0.6666666666666666,0.8959091785425531
86000.0,0.8855115164555724,36,0.737,,0.5055333149901184,0.5808713069604406,2.199029543271416e-08,bidisperse_a0.003_sr0.667_N1000_L12_T100000_seed1.npz,bidisperse,1,0.003,0.6666666666666666,0.8959091785425531
87000.0,0.8887574316290131,37,0.759,,0.4535375600763825,0.5909980430528377,2.1565469109873907e-08,bidisperse_a0.003_sr0.667_N1000_L12_T100000_seed1.npz,bidisperse,1,0.003,0.6666666666666666,0.8959091785425531
88000.0,0.8874926480568248,27,0.699,0.6343929475112238,0.4561724378428736,0.5860373647984267,2.218159294707936e-08,bidisperse_a0.003_sr0.667_N1000_L12_T100000_seed1.npz,bidisperse,1,0.003,0.6666666666666666,0.8959091785425531
89000.0,0.8905209874260355,37,0.695,,0.4258560410301871,0.5851742758959253,1.9753392801395898e-08,bidisperse_a0.003_sr0.667_N1000_L12_T100000_seed1.npz,bidisperse,1,0.003,0.6666666666666666,0.8959091785425531
90000.0,0.8992657593123209,32,0.702,,0.46807037401395746,0.6242161119150988,1.9918975580854663e-08,bidisperse_a0.003_sr0.667_N1000_L12_T100000_seed1.npz,bidisperse,1,0.003,0.6666666666666666,0.8959091785425531
91000.0,0.8911666832980327,33,0.691,,0.5270391941032483,0.6090555014605648,2.0099558582770042e-08,bidisperse_a0.003_sr0.667_N1000_L12_T100000_seed1.npz,bidisperse,1,0.003,0.6666666666666666,0.8959091785425531
92000.0,0.88926506397946,32,0.703,0.6291875658667736,0.4372575041632267,0.5972088546679499,1.8064466681928384e-08,bidisperse_a0.003_sr0.667_N1000_L12_T100000_seed1.npz,bidisperse,1,0.003,0.6666666666666666,0.8959091785425531
93000.0,0.8946541758211666,35,0.687,,0.43269564501795116,0.627906976744186,1.8846092736683684e-08,bidisperse_a0.003_sr0.667_N1000_L12_T100000_seed1.npz,bidisperse,1,0.003,0.6666666666666666,0.8959091785425531
94000.0,0.8972332549271967,42,0.692,,0.4469133353444457,0.6018376722817764,1.7800737452554004e-08,bidisperse_a0.003_sr0.667_N1000_L12_T100000_seed1.npz,bidisperse,1,0.003,0.6666666666666666,0.8959091785425531
95000.0,0.8989328059624205,42,0.618,,0.42446191567904484,0.6283987915407855,1.745819748192157e-08,bidisperse_a0.003_sr0.667_N1000_L12_T100000_seed1.npz,bidisperse,1,0.003,0.6666666666666666,0.8959091785425531
96000.0,0.9003165338641318,34,0.737,0.657215678726962,0.46444073078472214,0.6331184928111055,2.0906684590232657e-08,bidisperse_a0.003_sr0.667_N1000_L12_T100000_seed1.npz,bidisperse,1,0.003,0.6666666666666666,0.8959091785425531
97000.0,0.8930083081839906,37,0.723,,0.4843323515826372,0.6236985622211204,2.0195644847108644e-08,bidisperse_a0.003_sr0.667_N1000_L12_T100000_seed1.npz,bidisperse,1,0.003,0.6666666666666666,0.8959091785425531
98000.0,0.896640868520531,43,0.616,,0.47450557867433363,0.6217154189390184,1.9886953179416874e-08,bidisperse_a0.003_sr0.667_N1000_L12_T100000_seed1.npz,bidisperse,1,0.003,0.6666666666666666,0.8959091785425531
99000.0,0.8926263320450397,37,0.638,,0.44891624917897666,0.598069105691057,2.0057636981043105e-08,bidisperse_a0.003_sr0.667_N1000_L12_T100000_seed1.npz,bidisperse,1,0.003,0.6666666666666666,0.8959091785425531
100000.0,0.8953734121908284,38,0.703,0.6476802472106483,0.49769263274160414,0.5987841945288754,1.976931797412814e-08,bidisperse_a0.003_sr0.667_N1000_L12_T100000_seed1.npz,bidisperse,1,0.003,0.6666666666666666,0.8959091785425531
0.0,0.9870901187829257,202,0.025,0.8823109811331674,,,,bidisperse_a0.003_sr0.667_N1000_L12_T100000_seed2.npz,bidisperse,2,0.003,0.6666666666666666,0.8094910885870913
1000.0,0.9508890730704137,59,0.167,,0.18972337633782085,0.8414634146341463,2.3351883768791417e-08,bidisperse_a0.003_sr0.667_N1000_L12_T100000_seed2.npz,bidisperse,2,0.003,0.6666666666666666,0.8094910885870913
2000.0,0.9506205774595611,55,0.159,,0.4511529699990208,0.7165492957746479,1.907832710741182e-08,bidisperse_a0.003_sr0.667_N1000_L12_T100000_seed2.npz,bidisperse,2,0.003,0.6666666666666666,0.8094910885870913
3000.0,0.9370735526863807,49,0.425,,0.4832245720272279,0.7108825121819167,1.9626906572689515e-08,bidisperse_a0.003_sr0.667_N1000_L12_T100000_seed2.npz,bidisperse,2,0.003,0.6666666666666666,0.8094910885870913
4000.0,0.9370882688702464,39,0.428,0.7113305483115314,0.5135482577304361,0.7128661087866108,1.824185764174912e-08,bidisperse_a0.003_sr0.667_N1000_L12_T100000_seed2.npz,bidisperse,2,0.003,0.6666666666666666,0.8094910885870913
5000.0,0.9331889898230995,39,0.46,,0.4736417545165542,0.7071881606765328,1.7201418267778065e-08,bidisperse_a0.003_sr0.667_N1000_L12_T100000_seed2.npz,bidisperse,2,0.003,0.6666666666666666,0.8094910885870913
6000.0,0.9349443910200604,41,0.337,,0.5162277206754778,0.6945786366076221,1.8690267689982232e-08,bidisperse_a0.003_sr0.667_N1000_L12_T100000_seed2.npz,bidisperse,2,0.003,0.6666666666666666,0.8094910885870913
7000.0,0.9374716049382715,58,0.227,,0.45608922243657685,0.7125617114646188,1.922785864853936e-08,bidisperse_a0.003_sr0.667_N1000_L12_T100000_seed2.npz,bidisperse,2,0.003,0.6666666666666666,0.8094910885870913
8000.0,0.9213889911711208,40,0.423,0.7042741899016521,0.4130762528545676,0.7291097760786456,2.2466334445379494e-08,bidisperse_a0.003_sr0.667_N1000_L12_T100000_seed2.npz,bidisperse,2,0.003,0.6666666666666666,0.8094910885870913
9000.0,0.9253387931177751,43,0.408,,0.47086649007825104,0.6992715920915713,1.7573651627011885e-08,bidisperse_a0.003_sr0.667_N1000_L12_T100000_seed2.npz,bidisperse,2,0.003,0.6666666666666666,0.8094910885870913
10000.0,0.9168919954926122,41,0.517,,0.4272101855096377,0.676923076923077,1.66309107660482e-08,bidisperse_a0.003_sr0.667_N1000_L12_T100000_seed2.npz,bidisperse,2,0.003,0.6666666666666666,0.8094910885870913
11000.0,0.9161484967144095,40,0.65,,0.44609238085226083,0.6652697747511787,1.884328835983628e-08,bidisperse_a0.003_sr0.667_N1000_L12_T100000_seed2.npz,bidisperse,2,0.003,0.6666666666666666,0.8094910885870913
12000.0,0.9233158388560913,51,0.396,0.6972933101394734,0.44751994718646365,0.667020711630377,1.9059627384196768e-08,bidisperse_a0.003_sr0.667_N1000_L12_T100000_seed2.npz,bidisperse,2,0.003,0.6666666666666666,0.8094910885870913
13000.0,0.9221530047204066,57,0.193,,0.49952269406411753,0.6637791012452625,1.833169454069649e-08,bidisperse_a0.003_sr0.667_N1000_L12_T100000_seed2.npz,bidisperse,2,0.003,0.6666666666666666,0.8094910885870913
14000.0,0.9207542673519324,51,0.465,,0.5591751865843031,0.6695050558807877,1.9566713977251478e-08,bidisperse_a0.003_sr0.667_N1000_L12_T100000_seed2.npz,bidisperse,2,0.003,0.6666666666666666,0.8094910885870913
15000.0,0.9135058168410307,40,0.51,,0.4985400562824015,0.662892434379825,1.739542735080335e-08,bidisperse_a0.003_sr0.667_N1000_L12_T100000_seed2.npz,bidisperse,2,0.003,0.6666666666666666,0.8094910885870913
16000.0,0.9112865880517819,44,0.455,0.6800281653468744,0.4243639584004784,0.6394805194805195,1.5937000116130936e-08,bidisperse_a0.003_sr0.667_N1000_L12_T100000_seed2.npz,bidisperse,2,0.003,0.6666666666666666,0.8094910885870913
17000.0,0.9066405547251362,49,0.495,,0.4114853799101363,0.6298026998961579,2.2337910604049892e-08,bidisperse_a0.003_sr0.667_N1000_L12_T100000_seed2.npz,bidisperse,2,0.003,0.6666666666666666,0.8094910885870913
18000.0,0.9120000267719548,45,0.278,,0.4871417181342594,0.6065488565488566,1.7650793914221686e-08,bidisperse_a0.003_sr0.667_N1000_L12_T100000_seed2.npz,bidisperse,2,0.003,0.6666666666666666,0.8094910885870913
19000.0,0.9066175892532503,46,0.464,,0.47156622391867187,0.6366006256517205,1.998947809493621e-08,bidisperse_a0.003_sr0.667_N1000_L12_T100000_seed2.npz,bidisperse,2,0.003,0.6666666666666666,0.8094910885870913
20000.0,0.91178427830546,49,0.43,0.6827053590505604,0.5105381834095655,0.645364064955474,1.94607084643965e-08,bidisperse_a0.003_sr0.667_N1000_L12_T100000_seed2.npz,bidisperse,2,0.003,0.6666666666666666,0.8094910885870913
21000.0,0.9119603429169972,53,0.473,,0.5512178737624209,0.6399176954732511,1.9704039482813185e-08,bidisperse_a0.003_sr0.667_N1000_L12_T100000_seed2.npz,bidisperse,2,0.003,0.6666666666666666,0.8094910885870913
22000.0,0.9199708732446307,46,0.231,,0.5049756060184986,0.6512107161257084,2.1560578296020226e-08,bidisperse_a0.003_sr0.667_N1000_L12_T100000_seed2.npz,bidisperse,2,0.003,0.6666666666666666,0.8094910885870913
23000.0,0.9123976279865373,42,0.589,,0.4772845165466483,0.6585618210036213,2.2478354610661228e-08,bidisperse_a0.003_sr0.667_N1000_L12_T100000_seed2.npz,bidisperse,2,0.003,0.6666666666666666,0.8094910885870913
24000.0,0.9180954332833527,52,0.556,0.7014449319302214,0.5161634062237016,0.6755784061696658,2.2728913595709894e-08,bidisperse_a0.003_sr0.667_N1000_L12_T100000_seed2.npz,bidisperse,2,0.003,0.6666666666666666,0.8094910885870913
25000.0,0.9105942951228195,50,0.434,,0.5113852208465786,0.6487493347525279,1.9341061417110913e-08,bidisperse_a0.003_sr0.667_N1000_L12_T100000_seed2.npz,bidisperse,2,0.003,0.6666666666666666,0.8094910885870913
26000.0,0.9067081096761621,38,0.478,,0.46233422848660105,0.6353677621283256,1.8927854376292152e-08,bidisperse_a0.003_sr0.667_N1000_L12_T100000_seed2.npz,bidisperse,2,0.003,0.6666666666666666,0.8094910885870913
27000.0,0.9048860861589325,48,0.459,,0.4320159646729054,0.6345280161534579,1.9362130491570022e-08,bidisperse_a0.003_sr0.667_N1000_L12_T100000_seed2.npz,bidisperse,2,0.003,0.6666666666666666,0.8094910885870913
28000.0,0.9040414965729984,43,0.484,0.6694529889597761,0.534118905565534,0.6174223127865512,2.312606734732752e-08,bidisperse_a0.003_sr0.667_N1000_L12_T100000_seed2.npz,bidisperse,2,0.003,0.6666666666666666,0.8094910885870913
29000.0,0.897492519690322,39,0.699,,0.47782893858316156,0.6362267937782238,2.060352759833994e-08,bidisperse_a0.003_sr0.667_N1000_L12_T100000_seed2.npz,bidisperse,2,0.003,0.6666666666666666,0.8094910885870913
30000.0,0.8996205361084696,35,0.707,,0.46147614654601826,0.622983870967742,1.9092412488458793e-08,bidisperse_a0.003_sr0.667_N1000_L12_T100000_seed2.npz,bidisperse,2,0.003,0.6666666666666666,0.8094910885870913
31000.0,0.9042856170259119,40,0.714,,0.4870480829187708,0.6396801599200399,2.0509708961020284e-08,bidisperse_a0.003_sr0.667_N1000_L12_T100000_seed2.npz,bidisperse,2,0.003,0.6666666666666666,0.8094910885870913
32000.0,0.8971580718918137,35,0.717,0.6609431621461579,0.42169725222905313,0.6432835820895522,1.6205093239185096e-08,bidisperse_a0.003_sr0.667_N1000_L12_T100000_seed2.npz,bidisperse,2,0.003,0.6666666666666666,0.8094910885870913
33000.0,0.9031645731160624,35,0.712,,0.3541652049605409,0.6327655310621243,1.865373800190312e-08,bidisperse_a0.003_sr0.667_N1000_L12_T100000_seed2.npz,bidisperse,2,0.003,0.6666666666666666,0.8094910885870913
34000.0,0.8992334327677123,33,0.694,,0.4201272863944853,0.6490360850222442,1.821641253977878e-08,bidisperse_a0.003_sr0.667_N1000_L12_T100000_seed2.npz,bidisperse,2,0.003,0.6666666666666666,0.8094910885870913
35000.0,0.885311495746891,38,0.699,,0.41054869495098745,0.6204701273261508,1.9498128543818245e-08,bidisperse_a0.003_sr0.667_N1000_L12_T100000_seed2.npz,bidisperse,2,0.003,0.6666666666666666,0.8094910885870913
36000.0,0.8833546448933145,44,0.671,0.6440677315267674,0.4424313434953301,0.5864289252105003,1.8394173307962983e-08,bidisperse_a0.003_sr0.667_N1000_L12_T100000_seed2.npz,bidisperse,2,0.003,0.6666666666666666,0.8094910885870913
37000.0,0.8743158391683615,38,0.705,,0.4064105456203117,0.5635910224438903,2.0825991862029015e-08,bidisperse_a0.003_sr0.667_N1000_L12_T100000_seed2.npz,bidisperse,2,0.003,0.6666666666666666,0.8094910885870913
38000.0,0.8799434631527417,46,0.641,,0.4558497409436815,0.5935515388373229,1.9551782932768198e-08,bidisperse_a0.003_sr0.667_N1000_L12_T100000_seed2.npz,bidisperse,2,0.003,0.6666666666666666,0.8094910885870913
39000.0,0.8736979226885575,48,0.676,,0.4178838182696889,0.5915704967385851,2.315661236134061e-08,bidisperse_a0.003_sr0.667_N1000_L12_T100000_seed2.npz,bidisperse,2,0.003,0.6666666666666666,0.8094910885870913
40000.0,0.877312558988958,51,0.676,0.6255656705365981,0.4757840724059072,0.5861553784860558,2.0762594087585045e-08,bidisperse_a0.003_sr0.667_N1000_L12_T100000_seed2.npz,bidisperse,2,0.003,0.6666666666666666,0.8094910885870913
41000.0,0.8756065866016138,35,0.685,,0.4142324133487368,0.5868613138686132,1.985239222593951e-08,bidisperse_a0.003_sr0.667_N1000_L12_T100000_seed2.npz,bidisperse,2,0.003,0.6666666666666666,0.8094910885870913
42000.0,0.8767147501560112,32,0.717,,0.46489737361080485,0.5650072498791687,2.4065725871262553e-08,bidisperse_a0.003_sr0.667_N1000_L12_T100000_seed2.npz,bidisperse,2,0.003,0.6666666666666666,0.8094910885870913
43000.0,0.8741938009641951,27,0.716,,0.434526306863135,0.565425023877746,1.7669111057739804e-08,bidisperse_a0.003_sr0.667_N1000_L12_T100000_seed2.npz,bidisperse,2,0.003,0.6666666666666666,0.8094910885870913
44000.0,0.8757557530972208,36,0.706,0.6140665693423899,0.4903180641980209,0.5458494208494209,2.1473213416190146e-08,bidisperse_a0.003_sr0.667_N1000_L12_T100000_seed2.npz,bidisperse,2,0.003,0.6666666666666666,0.8094910885870913
45000.0,0.8799000182615048,34,0.719,,0.4471050391451166,0.5558766859344895,1.7870526389417928e-08,bidisperse_a0.003_sr0.667_N1000_L12_T100000_seed2.npz,bidisperse,2,0.003,0.6666666666666666,0.8094910885870913
46000.0,0.8793291651281218,36,0.718,,0.44108145898492324,0.5569682151589241,2.0466346382931367e-08,bidisperse_a0.003_sr0.667_N1000_L12_T100000_seed2.npz,bidisperse,2,0.003,0.6666666666666666,0.8094910885870913
47000.0,0.8780570595585173,42,0.684,,0.4428861572976516,0.5840154068367838,1.8918676885744515e-08,bidisperse_a0.003_sr0.667_N1000_L12_T100000_seed2.npz,bidisperse,2,0.003,0.6666666666666666,0.8094910885870913
48000.0,0.8732201525416805,47,0.689,0.6379005710424978,0.43241158190339085,0.5666337611056269,1.8858391938663775e-08,bidisperse_a0.003_sr0.667_N1000_L12_T100000_seed2.npz,bidisperse,2,0.003,0.6666666666666666,0.8094910885870913
49000.0,0.8747568051514264,36,0.724,,0.3857397525553204,0.5798816568047338,1.953596777704799e-08,bidisperse_a0.003_sr0.667_N1000_L12_T100000_seed2.npz,bidisperse,2,0.003,0.6666666666666666,0.8094910885870913
50000.0,0.877581045442626,45,0.68,,0.410458690387882,0.5781172991621488,1.9931291035880566e-08,bidisperse_a0.003_sr0.667_N1000_L12_T100000_seed2.npz,bidisperse,2,0.003,0.6666666666666666,0.8094910885870913
51000.0,0.871957602570204,43,0.704,,0.40034793558966814,0.5724104074619538,1.8153549752930906e-08,bidisperse_a0.003_sr0.667_N1000_L12_T100000_seed2.npz,bidisperse,2,0.003,0.6666666666666666,0.8094910885870913
52000.0,0.8771760876705784,40,0.72,0.6178369669891607,0.4087168080702727,0.5480198019801981,1.9590838089976278e-08,bidisperse_a0.003_sr0.667_N1000_L12_T100000_seed2.npz,bidisperse,2,0.003,0.6666666666666666,0.8094910885870913
53000.0,0.8739712247324614,45,0.706,,0.392944171906969,0.5715686274509804,2.1414684284163284e-08,bidisperse_a0.003_sr0.667_N1000_L12_T100000_seed2.npz,bidisperse,2,0.003,0.6666666666666666,0.8094910885870913
54000.0,0.8789529615178554,40,0.707,,0.4093562400496278,0.5784600389863548,2.310806902081202e-08,bidisperse_a0.003_sr0.667_N1000_L12_T100000_seed2.npz,bidisperse,2,0.003,0.6666666666666666,0.8094910885870913
55000.0,0.879442063765359,31,0.728,,0.4283184260894351,0.5776911836337068,2.1187113850278284e-08,bidisperse_a0.003_sr0.667_N1000_L12_T100000_seed2.npz,bidisperse,2,0.003,0.6666666666666666,0.8094910885870913
56000.0,0.8747152730363809,35,0.694,0.6279737879368489,0.45595084136283626,0.597181729834791,1.8752866629012278e-08,bidisperse_a0.003_sr0.667_N1000_L12_T100000_seed2.npz,bidisperse,2,0.003,0.6666666666666666,0.8094910885870913
57000.0,0.8817372466021115,35,0.724,,0.4614091387650109,0.5778546712802768,2.0867113245814196e-08,bidisperse_a0.003_sr0.667_N1000_L12_T100000_seed2.npz,bidisperse,2,0.003,0.6666666666666666,0.8094910885870913
58000.0,0.8741730157507132,35,0.722,,0.41954577637931795,0.5833333333333333,1.9502388375460674e-08,bidisperse_a0.003_sr0.667_N1000_L12_T100000_seed2.npz,bidisperse,2,0.003,0.6666666666666666,0.8094910885870913
59000.0,0.8822375781925443,46,0.731,,0.4868121870970183,0.5826959847036328,2.001890196322878e-08,bidisperse_a0.003_sr0.667_N1000_L12_T100000_seed2.npz,bidisperse,2,0.003,0.6666666666666666,0.8094910885870913
60000.0,0.8860026019913796,45,0.682,0.6464599030204817,0.4415248533429724,0.5816023738872403,2.0322298421775375e-08,bidisperse_a0.003_sr0.667_N1000_L12_T100000_seed2.npz,bidisperse,2,0.003,0.6666666666666666,0.8094910885870913
61000.0,0.8858332985152112,40,0.728,,0.3903917706754788,0.5822467402206619,2.0615860654038114e-08,bidisperse_a0.003_sr0.667_N1000_L12_T100000_seed2.npz,bidisperse,2,0.003,0.6666666666666666,0.8094910885870913
62000.0,0.8862564235728896,44,0.707,,0.4453432006736545,0.5876338851022396,1.8670928681922955e-08,bidisperse_a0.003_sr0.667_N1000_L12_T100000_seed2.npz,bidisperse,2,0.003,0.6666666666666666,0.8094910885870913
63000.0,0.8812364048605944,42,0.696,,0.4895477744050392,0.5893462469733657,2.1473118841475453e-08,bidisperse_a0.003_sr0.667_N1000_L12_T100000_seed2.npz,bidisperse,2,0.003,0.6666666666666666,0.8094910885870913
64000.0,0.8905336215243148,32,0.755,0.6355737034655107,0.48437186368154145,0.6030680728667306,2.1136178605402736e-08,bidisperse_a0.003_sr0.667_N1000_L12_T100000_seed2.npz,bidisperse,2,0.003,0.6666666666666666,0.8094910885870913
65000.0,0.8811202491084492,38,0.732,,0.5150889529432418,0.578125,1.7988283595568922e-08,bidisperse_a0.003_sr0.667_N1000_L12_T100000_seed2.npz,bidisperse,2,0.003,0.6666666666666666,0.8094910885870913
66000.0,0.8817505141680826,35,0.726,,0.42195933304811956,0.5813840155945419,1.793941993042385e-08,bidisperse_a0.003_sr0.667_N1000_L12_T100000_seed2.npz,bidisperse,2,0.003,0.6666666666666666,0.8094910885870913
67000.0,0.8835395030357842,37,0.71,,0.4359150932496582,0.570446735395189,1.935768428511565e-08,bidisperse_a0.003_sr0.667_N1000_L12_T100000_seed2.npz,bidisperse,2,0.003,0.6666666666666666,0.8094910885870913
68000.0,0.8923225769440084,38,0.697,0.6518696326371837,0.44948166427465946,0.6012782694198624,2.074745901026715e-08,bidisperse_a0.003_sr0.667_N1000_L12_T100000_seed2.npz,bidisperse,2,0.003,0.6666666666666666,0.8094910885870913
69000.0,0.8902147168505632,45,0.598,,0.4157710962848068,0.5837974683544304,2.0639741175054455e-08,bidisperse_a0.003_sr0.667_N1000_L12_T100000_seed2.npz,bidisperse,2,0.003,0.6666666666666666,0.8094910885870913
70000.0,0.8895175496345239,36,0.688,,0.4373761202273676,0.6105366814377153,1.990244946027963e-08,bidisperse_a0.003_sr0.667_N1000_L12_T100000_seed2.npz,bidisperse,2,0.003,0.6666666666666666,0.8094910885870913
71000.0,0.8928127711911495,35,0.721,,0.40818010758332374,0.6033219345383488,2.049687477199185e-08,bidisperse_a0.003_sr0.667_N1000_L12_T100000_seed2.npz,bidisperse,2,0.003,0.6666666666666666,0.8094910885870913
72000.0,0.8904409555960937,40,0.673,0.6498536513879246,0.40066418704848783,0.5996084189916788,1.9683343455068013e-08,bidisperse_a0.003_sr0.667_N1000_L12_T100000_seed2.npz,bidisperse,2,0.003,0.6666666666666666,0.8094910885870913
73000.0,0.8865286475855287,35,0.7,,0.4740675743747884,0.6092124814264488,1.8817401162046427e-08,bidisperse_a0.003_sr0.667_N1000_L12_T100000_seed2.npz,bidisperse,2,0.003,0.6666666666666666,0.8094910885870913
74000.0,0.8905857214680744,48,0.683,,0.46032581496155905,0.6050333846944016,1.921929898363758e-08,bidisperse_a0.003_sr0.667_N1000_L12_T100000_seed2.npz,bidisperse,2,0.003,0.6666666666666666,0.8094910885870913
75000.0,0.8842625890854818,49,0.622,,0.46690305778695074,0.6128697457187338,2.24117734279215e-08,bidisperse_a0.003_sr0.667_N1000_L12_T100000_seed2.npz,bidisperse,2,0.003,0.6666666666666666,0.8094910885870913
76000.0,0.8895189818524422,39,0.652,0.6622848774753675,0.4157022214673561,0.624298111281266,2.234187155001622e-08,bidisperse_a0.003_sr0.667_N1000_L12_T100000_seed2.npz,bidisperse,2,0.003,0.6666666666666666,0.8094910885870913
77000.0,0.8938697688148238,46,0.598,,0.3890736742554989,0.6214430894308943,2.1081626734698485e-08,bidisperse_a0.003_sr0.667_N1000_L12_T100000_seed2.npz,bidisperse,2,0.003,0.6666666666666666,0.8094910885870913
78000.0,0.890732576053285,40,0.644,,0.43482371103379935,0.6179718875502008,2.1610042130246463e-08,bidisperse_a0.003_sr0.667_N1000_L12_T100000_seed2.npz,bidisperse,2,0.003,0.6666666666666666,0.8094910885870913
79000.0,0.8841491975159115,60,0.584,,0.4528846109428824,0.623688155922039,1.870517117438212e-08,bidisperse_a0.003_sr0.667_N1000_L12_T100000_seed2.npz,bidisperse,2,0.003,0.6666666666666666,0.8094910885870913
80000.0,0.884449701425869,54,0.634,0.6550269756221065,0.42822188088442326,0.5996955859969559,2.498082767783435e-08,bidisperse_a0.003_sr0.667_N1000_L12_T100000_seed2.npz,bidisperse,2,0.003,0.6666666666666666,0.8094910885870913
81000.0,0.8953226875524173,49,0.606,,0.39984055131450186,0.6294620412267471,2.3354273226924633e-08,bidisperse_a0.003_sr0.667_N1000_L12_T100000_seed2.npz,bidisperse,2,0.003,0.6666666666666666,0.8094910885870913
82000.0,0.8899624952178602,45,0.651,,0.42197240901140964,0.6351692774128348,2.6056818346085077e-08,bidisperse_a0.003_sr0.667_N1000_L12_T100000_seed2.npz,bidisperse,2,0.003,0.6666666666666666,0.8094910885870913
83000.0,0.8911518564927211,52,0.585,,0.37797385791923876,0.616751269035533,2.278187968724078e-08,bidisperse_a0.003_sr0.667_N1000_L12_T100000_seed2.npz,bidisperse,2,0.003,0.6666666666666666,0.8094910885870913
84000.0,0.8853414382181488,32,0.685,0.6403209820716239,0.42255774833832815,0.6012941762070683,2.077610733618314e-08,bidisperse_a0.003_sr0.667_N1000_L12_T100000_seed2.npz,bidisperse,2,0.003,0.6666666666666666,0.8094910885870913
85000.0,0.8881602780182603,40,0.671,,0.47441289433241524,0.5902125556104795,1.7916313946606025e-08,bidisperse_a0.003_sr0.667_N1000_L12_T100000_seed2.npz,bidisperse,2,0.003,0.6666666666666666,0.8094910885870913
86000.0,0.8859372296712803,45,0.637,,0.39997945929195566,0.6084762865792129,2.0670985009323406e-08,bidisperse_a0.003_sr0.667_N1000_L12_T100000_seed2.npz,bidisperse,2,0.003,0.6666666666666666,0.8094910885870913
87000.0,0.8957297159494962,39,0.636,,0.4203474811948779,0.6153455284552846,2.1139252044950092e-08,bidisperse_a0.003_sr0.667_N1000_L12_T100000_seed2.npz,bidisperse,2,0.003,0.6666666666666666,0.8094910885870913
88000.0,0.8934354591836735,35,0.621,0.6507715136054423,0.42755860623862957,0.6277915632754343,2.1291487047984812e-08,bidisperse_a0.003_sr0.667_N1000_L12_T100000_seed2.npz,bidisperse,2,0.003,0.6666666666666666,0.8094910885870913
89000.0,0.8935161817957155,43,0.638,,0.46899959145570524,0.6227722772277228,2.3776923811698144e-08,bidisperse_a0.003_sr0.667_N1000_L12_T100000_seed2.npz,bidisperse,2,0.003,0.6666666666666666,0.8094910885870913
90000.0,0.8931304278331291,44,0.622,,0.5134986974095931,0.5937659683188554,2.130134846075973e-08,bidisperse_a0.003_sr0.667_N1000_L12_T100000_seed2.npz,bidisperse,2,0.003,0.6666666666666666,0.8094910885870913
91000.0,0.8930104119511091,27,0.697,,0.43031276112753497,0.6016096579476862,2.102686820786944e-08,bidisperse_a0.003_sr0.667_N1000_L12_T100000_seed2.npz,bidisperse,2,0.003,0.6666666666666666,0.8094910885870913
92000.0,0.8917499569089342,36,0.739,0.6369440199176482,0.48755820695569785,0.6042573778422835,2.0637007182283046e-08,bidisperse_a0.003_sr0.667_N1000_L12_T100000_seed2.npz,bidisperse,2,0.003,0.6666666666666666,0.8094910885870913
93000.0,0.891408188356569,35,0.731,,0.45117662147995535,0.5926456542502387,1.8026623086483595e-08,bidisperse_a0.003_sr0.667_N1000_L12_T100000_seed2.npz,bidisperse,2,0.003,0.6666666666666666,0.8094910885870913
94000.0,0.8915793367346939,38,0.723,,0.4773916858342911,0.6078526417838099,1.80411291121622e-08,bidisperse_a0.003_sr0.667_N1000_L12_T100000_seed2.npz,bidisperse,2,0.003,0.6666666666666666,0.8094910885870913
95000.0,0.8891740278764205,40,0.616,,0.4513822915896231,0.6085232903865213,1.9329425352776504e-08,bidisperse_a0.003_sr0.667_N1000_L12_T100000_seed2.npz,bidisperse,2,0.003,0.6666666666666666,0.8094910885870913
96000.0,0.8931294864555698,44,0.577,0.648950618745323,0.44264228213116985,0.5950124688279301,1.7932440623069842e-08,bidisperse_a0.003_sr0.667_N1000_L12_T100000_seed2.npz,bidisperse,2,0.003,0.6666666666666666,0.8094910885870913
97000.0,0.8882922881257949,38,0.619,,0.476265978628255,0.6021934197407777,1.7149781592437175e-08,bidisperse_a0.003_sr0.667_N1000_L12_T100000_seed2.npz,bidisperse,2,0.003,0.6666666666666666,0.8094910885870913
98000.0,0.8865671689088697,42,0.577,,0.4511274089090361,0.5990899898887765,1.6809093966107173e-08,bidisperse_a0.003_sr0.667_N1000_L12_T100000_seed2.npz,bidisperse,2,0.003,0.6666666666666666,0.8094910885870913
99000.0,0.8985576247638969,39,0.553,,0.43177249803481055,0.5939425051334702,2.023851148931185e-08,bidisperse_a0.003_sr0.667_N1000_L12_T100000_seed2.npz,bidisperse,2,0.003,0.6666666666666666,0.8094910885870913
100000.0,0.8881136844241179,36,0.632,0.6369179293959124,0.4222626353692531,0.6053159478435306,2.025101163264195e-08,bidisperse_a0.003_sr0.667_N1000_L12_T100000_seed2.npz,bidisperse,2,0.003,0.6666666666666666,0.8094910885870913
0.0,0.9881983244317549,199,0.02,0.8538287047079677,,,,bidisperse_a0.003_sr0.667_N1000_L12_T100000_seed3.npz,bidisperse,3,0.003,0.6666666666666666,0.6635885455611923
1000.0,0.9556190391333563,70,0.146,,0.18961589674633772,0.8429546865301055,2.3551430415700724e-08,bidisperse_a0.003_sr0.667_N1000_L12_T100000_seed3.npz,bidisperse,3,0.003,0.6666666666666666,0.6635885455611923
2000.0,0.9454314297425339,69,0.165,,0.4580292317278777,0.7390542907180385,2.093910803468427e-08,bidisperse_a0.003_sr0.667_N1000_L12_T100000_seed3.npz,bidisperse,3,0.003,0.6666666666666666,0.6635885455611923
3000.0,0.9331215300592675,44,0.282,,0.47464954881508303,0.7139652271452608,1.9439894830561856e-08,bidisperse_a0.003_sr0.667_N1000_L12_T100000_seed3.npz,bidisperse,3,0.003,0.6666666666666666,0.6635885455611923
4000.0,0.9293129521696789,54,0.296,0.7390910463906354,0.5069926193430876,0.7180471749862863,1.9674971078505657e-08,bidisperse_a0.003_sr0.667_N1000_L12_T100000_seed3.npz,bidisperse,3,0.003,0.6666666666666666,0.6635885455611923
5000.0,0.9241006371030627,54,0.219,,0.4145262809808524,0.7041095890410959,1.9139459078568474e-08,bidisperse_a0.003_sr0.667_N1000_L12_T100000_seed3.npz,bidisperse,3,0.003,0.6666666666666666,0.6635885455611923
6000.0,0.9187983399295137,45,0.245,,0.46045666371923577,0.6950890447922289,1.9506492834395157e-08,bidisperse_a0.003_sr0.667_N1000_L12_T100000_seed3.npz,bidisperse,3,0.003,0.6666666666666666,0.6635885455611923
7000.0,0.9112978132706325,55,0.324,,0.42272980078313305,0.6766756032171581,2.0945085778008044e-08,bidisperse_a0.003_sr0.667_N1000_L12_T100000_seed3.npz,bidisperse,3,0.003,0.6666666666666666,0.6635885455611923
8000.0,0.915690841880423,52,0.284,0.6985850370969477,0.4435645076438219,0.680064308681672,2.2200091329799815e-08,bidisperse_a0.003_sr0.667_N1000_L12_T100000_seed3.npz,bidisperse,3,0.003,0.6666666666666666,0.6635885455611923
9000.0,0.9076813322209791,39,0.351,,0.41834017523693573,0.6893661602933473,1.8744401743224885e-08,bidisperse_a0.003_sr0.667_N1000_L12_T100000_seed3.npz,bidisperse,3,0.003,0.6666666666666666,0.6635885455611923
10000.0,0.8995468936632453,34,0.399,,0.43392339706003824,0.6450617283950617,2.0083034480226834e-08,bidisperse_a0.003_sr0.667_N1000_L12_T100000_seed3.npz,bidisperse,3,0.003,0.6666666666666666,0.6635885455611923
11000.0,0.8985383144404488,34,0.671,,0.5044991382112107,0.63,1.7255220761416702e-08,bidisperse_a0.003_sr0.667_N1000_L12_T100000_seed3.npz,bidisperse,3,0.003,0.6666666666666666,0.6635885455611923
12000.0,0.8964149103764323,41,0.704,0.6535094871585176,0.5070161805296743,0.6038575667655786,1.7374281771451014e-08,bidisperse_a0.003_sr0.667_N1000_L12_T100000_seed3.npz,bidisperse,3,0.003,0.6666666666666666,0.6635885455611923
13000.0,0.9051975596622583,47,0.283,,0.5172633973156987,0.6288404360753221,1.6491349742125615e-08,bidisperse_a0.003_sr0.667_N1000_L12_T100000_seed3.npz,bidisperse,3,0.003,0.6666666666666666,0.6635885455611923
14000.0,0.9071265371734448,40,0.517,,0.4926258865372589,0.6281120331950207,1.6699258926708055e-08,bidisperse_a0.003_sr0.667_N1000_L12_T100000_seed3.npz,bidisperse,3,0.003,0.6666666666666666,0.6635885455611923
15000.0,0.9073295401483438,42,0.587,,0.43376979083873274,0.6529562982005142,1.9878290182037112e-08,bidisperse_a0.003_sr0.667_N1000_L12_T100000_seed3.npz,bidisperse,3,0.003,0.6666666666666666,0.6635885455611923
16000.0,0.9146496136751145,41,0.329,0.6833993243427904,0.46251372415156855,0.6510681586978637,2.0292924853914905e-08,bidisperse_a0.003_sr0.667_N1000_L12_T100000_seed3.npz,bidisperse,3,0.003,0.6666666666666666,0.6635885455611923
17000.0,0.9180989709487529,39,0.698,,0.514649717520597,0.6653205451792024,1.9778243481024344e-08,bidisperse_a0.003_sr0.667_N1000_L12_T100000_seed3.npz,bidisperse,3,0.003,0.6666666666666666,0.6635885455611923
18000.0,0.9104267206714803,37,0.697,,0.42617220223106794,0.6783144912641316,1.9100596678580944e-08,bidisperse_a0.003_sr0.667_N1000_L12_T100000_seed3.npz,bidisperse,3,0.003,0.6666666666666666,0.6635885455611923
19000.0,0.9085820861940588,42,0.651,,0.48413507322522553,0.6635318704284221,1.6949355803152835e-08,bidisperse_a0.003_sr0.667_N1000_L12_T100000_seed3.npz,bidisperse,3,0.003,0.6666666666666666,0.6635885455611923
20000.0,0.9124931527951253,41,0.583,0.678014681326918,0.4919801561161962,0.6731062531774276,1.927888593973887e-08,bidisperse_a0.003_sr0.667_N1000_L12_T100000_seed3.npz,bidisperse,3,0.003,0.6666666666666666,0.6635885455611923
21000.0,0.9110271157990466,40,0.303,,0.4871668391337572,0.6572164948453608,1.641240134040817e-08,bidisperse_a0.003_sr0.667_N1000_L12_T100000_seed3.npz,bidisperse,3,0.003,0.6666666666666666,0.6635885455611923
22000.0,0.911081349887696,50,0.331,,0.4524483625009376,0.6825726141078838,1.913338493956072e-08,bidisperse_a0.003_sr0.667_N1000_L12_T100000_seed3.npz,bidisperse,3,0.003,0.6666666666666666,0.6635885455611923
23000.0,0.9108336955212626,55,0.329,,0.4991138485281169,0.6709844559585492,1.7962744618429258e-08,bidisperse_a0.003_sr0.667_N1000_L12_T100000_seed3.npz,bidisperse,3,0.003,0.6666666666666666,0.6635885455611923
24000.0,0.9175172350851991,43,0.315,0.6879674718694607,0.5096484117105776,0.6642784032753326,2.0953157841747292e-08,bidisperse_a0.003_sr0.667_N1000_L12_T100000_seed3.npz,bidisperse,3,0.003,0.6666666666666666,0.6635885455611923
25000.0,0.9172038461538462,36,0.639,,0.4988795571853327,0.6658110882956878,1.9216691474138736e-08,bidisperse_a0.003_sr0.667_N1000_L12_T100000_seed3.npz,bidisperse,3,0.003,0.6666666666666666,0.6635885455611923
26000.0,0.9120077102543129,36,0.298,,0.5045066346337829,0.6598255515649051,1.9132037773514912e-08,bidisperse_a0.003_sr0.667_N1000_L12_T100000_seed3.npz,bidisperse,3,0.003,0.6666666666666666,0.6635885455611923
27000.0,0.9092657898312322,44,0.578,,0.4791599040420811,0.6458007303077726,1.8427751489855867e-08,bidisperse_a0.003_sr0.667_N1000_L12_T100000_seed3.npz,bidisperse,3,0.003,0.6666666666666666,0.6635885455611923
28000.0,0.915698024996985,27,0.27,0.6851589076333943,0.5110163911233234,0.6518324607329843,1.9833086671910368e-08,bidisperse_a0.003_sr0.667_N1000_L12_T100000_seed3.npz,bidisperse,3,0.003,0.6666666666666666,0.6635885455611923
29000.0,0.9058685246473509,35,0.594,,0.44915394591173297,0.6641337386018238,1.8749583294127776e-08,bidisperse_a0.003_sr0.667_N1000_L12_T100000_seed3.npz,bidisperse,3,0.003,0.6666666666666666,0.6635885455611923
30000.0,0.9101405909097458,31,0.73,,0.45134019699579564,0.6472346786248131,1.9229460936539373e-08,bidisperse_a0.003_sr0.667_N1000_L12_T100000_seed3.npz,bidisperse,3,0.003,0.6666666666666666,0.6635885455611923
31000.0,0.9112906737124871,38,0.55,,0.4766780253734841,0.6344896933132227,1.621478960798296e-08,bidisperse_a0.003_sr0.667_N1000_L12_T100000_seed3.npz,bidisperse,3,0.003,0.6666666666666666,0.6635885455611923
32000.0,0.911497326361665,34,0.562,0.6808055702230827,0.493414186425522,0.6367851622874807,1.8811617537597727e-08,bidisperse_a0.003_sr0.667_N1000_L12_T100000_seed3.npz,bidisperse,3,0.003,0.6666666666666666,0.6635885455611923
33000.0,0.9121163152800572,37,0.754,,0.4611463389422586,0.6676783004552351,1.8912480169341674e-08,bidisperse_a0.003_sr0.667_N1000_L12_T100000_seed3.npz,bidisperse,3,0.003,0.6666666666666666,0.6635885455611923
34000.0,0.9018910214197627,31,0.773,,0.4991960859830742,0.6372549019607843,1.5707284550147946e-08,bidisperse_a0.003_sr0.667_N1000_L12_T100000_seed3.npz,bidisperse,3,0.003,0.6666666666666666,0.6635885455611923
35000.0,0.9025166702210173,28,0.791,,0.4923064251085534,0.632026452527161,1.4796207144237122e-08,bidisperse_a0.003_sr0.667_N1000_L12_T100000_seed3.npz,bidisperse,3,0.003,0.6666666666666666,0.6635885455611923
36000.0,0.9052315294713233,36,0.767,0.6631492271249005,0.4408972944643764,0.6168042739193784,1.5240060266674015e-08,bidisperse_a0.003_sr0.667_N1000_L12_T100000_seed3.npz,bidisperse,3,0.003,0.6666666666666666,0.6635885455611923
37000.0,0.9055197443026524,38,0.731,,0.44986487558557486,0.6469147894221352,1.6516568087695478e-08,bidisperse_a0.003_sr0.667_N1000_L12_T100000_seed3.npz,bidisperse,3,0.003,0.6666666666666666,0.6635885455611923
38000.0,0.9057967694715948,43,0.538,,0.4804695313107328,0.6371859296482412,1.703953159354434e-08,bidisperse_a0.003_sr0.667_N1000_L12_T100000_seed3.npz,bidisperse,3,0.003,0.6666666666666666,0.6635885455611923
39000.0,0.9013385269543626,40,0.729,,0.45583190143921704,0.6269035532994924,1.7103421281922852e-08,bidisperse_a0.003_sr0.667_N1000_L12_T100000_seed3.npz,bidisperse,3,0.003,0.6666666666666666,0.6635885455611923
40000.0,0.9100129339127614,42,0.732,0.6642309377508052,0.4934576225197673,0.6301301301301301,1.633401822750247e-08,bidisperse_a0.003_sr0.667_N1000_L12_T100000_seed3.npz,bidisperse,3,0.003,0.6666666666666666,0.6635885455611923
41000.0,0.9038409946673612,31,0.748,,0.46458280514972006,0.622210953346856,1.600528768441428e-08,bidisperse_a0.003_sr0.667_N1000_L12_T100000_seed3.npz,bidisperse,3,0.003,0.6666666666666666,0.6635885455611923
42000.0,0.9033642104041073,37,0.731,,0.39443556735487395,0.6471471471471472,1.5959905064275078e-08,bidisperse_a0.003_sr0.667_N1000_L12_T100000_seed3.npz,bidisperse,3,0.003,0.6666666666666666,0.6635885455611923
43000.0,0.8972001230916637,44,0.388,,0.45459288145966065,0.6301020408163265,1.7656270507872094e-08,bidisperse_a0.003_sr0.667_N1000_L12_T100000_seed3.npz,bidisperse,3,0.003,0.6666666666666666,0.6635885455611923
44000.0,0.900922577738817,40,0.516,0.6459117958999251,0.5265535767951249,0.6327145007526342,1.5116945219621834e-08,bidisperse_a0.003_sr0.667_N1000_L12_T100000_seed3.npz,bidisperse,3,0.003,0.6666666666666666,0.6635885455611923
45000.0,0.9079244563663349,46,0.384,,0.5210994278815493,0.6314484126984127,1.974183058275755e-08,bidisperse_a0.003_sr0.667_N1000_L12_T100000_seed3.npz,bidisperse,3,0.003,0.6666666666666666,0.6635885455611923
46000.0,0.9115684099734974,43,0.352,,0.5270223960649487,0.6396350734921439,1.8138233762751245e-08,bidisperse_a0.003_sr0.667_N1000_L12_T100000_seed3.npz,bidisperse,3,0.003,0.6666666666666666,0.6635885455611923
47000.0,0.9096113713782132,32,0.378,,0.571023307152249,0.638147961751384,1.865554700525733e-08,bidisperse_a0.003_sr0.667_N1000_L12_T100000_seed3.npz,bidisperse,3,0.003,0.6666666666666666,0.6635885455611923
48000.0,0.9081223733278836,46,0.361,0.6635979582187562,0.5494334858589366,0.6188585607940447,1.59027553993565e-08,bidisperse_a0.003_sr0.667_N1000_L12_T100000_seed3.npz,bidisperse,3,0.003,0.6666666666666666,0.6635885455611923
49000.0,0.9079075497184099,32,0.44,,0.5648161504268322,0.615686274509804,2.0352722699679262e-08,bidisperse_a0.003_sr0.667_N1000_L12_T100000_seed3.npz,bidisperse,3,0.003,0.6666666666666666,0.6635885455611923
50000.0,0.8983565986467047,40,0.403,,0.5911092793626704,0.6101694915254237,1.5042374063424868e-08,bidisperse_a0.003_sr0.667_N1000_L12_T100000_seed3.npz,bidisperse,3,0.003,0.6666666666666666,0.6635885455611923
51000.0,0.9070986671146709,44,0.372,,0.5258805307028731,0.622154779969651,1.838702744884086e-08,bidisperse_a0.003_sr0.667_N1000_L12_T100000_seed3.npz,bidisperse,3,0.003,0.6666666666666666,0.6635885455611923
52000.0,0.9039174315595926,28,0.486,0.6640316144176267,0.5084178984835972,0.6227087576374746,1.6805840931036487e-08,bidisperse_a0.003_sr0.667_N1000_L12_T100000_seed3.npz,bidisperse,3,0.003,0.6666666666666666,0.6635885455611923
53000.0,0.9009155884613144,33,0.361,,0.48844005182088734,0.6249379036264282,1.6623244505952024e-08,bidisperse_a0.003_sr0.667_N1000_L12_T100000_seed3.npz,bidisperse,3,0.003,0.6666666666666666,0.6635885455611923
54000.0,0.8960990631954867,36,0.61,,0.4500409640468175,0.6151948692649235,1.7931082261426806e-08,bidisperse_a0.003_sr0.667_N1000_L12_T100000_seed3.npz,bidisperse,3,0.003,0.6666666666666666,0.6635885455611923
55000.0,0.8860980442063205,38,0.586,,0.4153991593042744,0.5816023738872403,1.6290673436282314e-08,bidisperse_a0.003_sr0.667_N1000_L12_T100000_seed3.npz,bidisperse,3,0.003,0.6666666666666666,0.6635885455611923
56000.0,0.8834852990454496,35,0.819,0.6272971862767897,0.45661698365410824,0.5808929428708594,1.86829532671897e-08,bidisperse_a0.003_sr0.667_N1000_L12_T100000_seed3.npz,bidisperse,3,0.003,0.6666666666666666,0.6635885455611923
57000.0,0.883951134744967,36,0.803,,0.5100028597540467,0.5712895377128954,1.5822496800511863e-08,bidisperse_a0.003_sr0.667_N1000_L12_T100000_seed3.npz,bidisperse,3,0.003,0.6666666666666666,0.6635885455611923
58000.0,0.887016240728305,31,0.615,,0.44235289458112353,0.5796676441837731,1.806529641026421e-08,bidisperse_a0.003_sr0.667_N1000_L12_T100000_seed3.npz,bidisperse,3,0.003,0.6666666666666666,0.6635885455611923
59000.0,0.8904014361394819,40,0.636,,0.5100031520294258,0.5979631425800194,1.8033050709701182e-08,bidisperse_a0.003_sr0.667_N1000_L12_T100000_seed3.npz,bidisperse,3,0.003,0.6666666666666666,0.6635885455611923
60000.0,0.8844379873195226,33,0.638,0.6360880071544481,0.4443409425302898,0.5771119842829077,1.6258752003003612e-08,bidisperse_a0.003_sr0.667_N1000_L12_T100000_seed3.npz,bidisperse,3,0.003,0.6666666666666666,0.6635885455611923
61000.0,0.8930959719417579,23,0.654,,0.499131836693443,0.5967197298601061,1.732755184587177e-08,bidisperse_a0.003_sr0.667_N1000_L12_T100000_seed3.npz,bidisperse,3,0.003,0.6666666666666666,0.6635885455611923
62000.0,0.8906879473735441,31,0.658,,0.4824736616603264,0.587890625,1.6910192544628446e-08,bidisperse_a0.003_sr0.667_N1000_L12_T100000_seed3.npz,bidisperse,3,0.003,0.6666666666666666,0.6635885455611923
63000.0,0.8888432677586987,31,0.545,,0.41883258585013305,0.5767735665694849,1.638809898036805e-08,bidisperse_a0.003_sr0.667_N1000_L12_T100000_seed3.npz,bidisperse,3,0.003,0.6666666666666666,0.6635885455611923
64000.0,0.8853465823471068,27,0.633,0.6257206229760727,0.47361834204519887,0.5851922164214522,1.840359376988717e-08,bidisperse_a0.003_sr0.667_N1000_L12_T100000_seed3.npz,bidisperse,3,0.003,0.6666666666666666,0.6635885455611923
65000.0,0.8940060538040336,30,0.665,,0.5197034392848008,0.590521327014218,1.6766300744190825e-08,bidisperse_a0.003_sr0.667_N1000_L12_T100000_seed3.npz,bidisperse,3,0.003,0.6666666666666666,0.6635885455611923
66000.0,0.8887802670087643,35,0.632,,0.4956943583247029,0.590711175616836,1.763203663445577e-08,bidisperse_a0.003_sr0.667_N1000_L12_T100000_seed3.npz,bidisperse,3,0.003,0.6666666666666666,0.6635885455611923
67000.0,0.8897469946179769,39,0.638,,0.4472124495946692,0.6012814194184327,1.7100279663431373e-08,bidisperse_a0.003_sr0.667_N1000_L12_T100000_seed3.npz,bidisperse,3,0.003,0.6666666666666666,0.6635885455611923
68000.0,0.8886404900644781,39,0.607,0.6479259452518215,0.46276670071521575,0.6069505628976994,1.5345443262093962e-08,bidisperse_a0.003_sr0.667_N1000_L12_T100000_seed3.npz,bidisperse,3,0.003,0.6666666666666666,0.6635885455611923
69000.0,0.895787478281934,39,0.59,,0.3827804804833707,0.623046875,1.6873323891872164e-08,bidisperse_a0.003_sr0.667_N1000_L12_T100000_seed3.npz,bidisperse,3,0.003,0.6666666666666666,0.6635885455611923
70000.0,0.8930452066135827,42,0.576,,0.45520548544901157,0.6150024838549428,1.9514835023777767e-08,bidisperse_a0.003_sr0.667_N1000_L12_T100000_seed3.npz,bidisperse,3,0.003,0.6666666666666666,0.6635885455611923
71000.0,0.9028692715792297,33,0.614,,0.44927998741019726,0.6360544217687074,1.7138907730145334e-08,bidisperse_a0.003_sr0.667_N1000_L12_T100000_seed3.npz,bidisperse,3,0.003,0.6666666666666666,0.6635885455611923
72000.0,0.8953052684861417,34,0.625,0.6451992533073614,0.49991009746244186,0.6096726917440156,1.6668228003565725e-08,bidisperse_a0.003_sr0.667_N1000_L12_T100000_seed3.npz,bidisperse,3,0.003,0.6666666666666666,0.6635885455611923
73000.0,0.8926973129169483,43,0.608,,0.44542541576768446,0.6122850122850123,1.9962878279058838e-08,bidisperse_a0.003_sr0.667_N1000_L12_T100000_seed3.npz,bidisperse,3,0.003,0.6666666666666666,0.6635885455611923
74000.0,0.8994376438229327,51,0.578,,0.5129926096903661,0.6069246435845214,1.6211288202780506e-08,bidisperse_a0.003_sr0.667_N1000_L12_T100000_seed3.npz,bidisperse,3,0.003,0.6666666666666666,0.6635885455611923
75000.0,0.9023534329716305,42,0.584,,0.45770376464715473,0.6374807987711213,1.867371634827615e-08,bidisperse_a0.003_sr0.667_N1000_L12_T100000_seed3.npz,bidisperse,3,0.003,0.6666666666666666,0.6635885455611923
76000.0,0.9007286157641081,38,0.57,0.67004972506541,0.38829594650238125,0.6489524782830863,1.6654613373891995e-08,bidisperse_a0.003_sr0.667_N1000_L12_T100000_seed3.npz,bidisperse,3,0.003,0.6666666666666666,0.6635885455611923
77000.0,0.8909859297627943,41,0.602,,0.47114960184074534,0.606907059421026,1.696669218762979e-08,bidisperse_a0.003_sr0.667_N1000_L12_T100000_seed3.npz,bidisperse,3,0.003,0.6666666666666666,0.6635885455611923
78000.0,0.8971559434999723,44,0.6,,0.47235153439137667,0.5991902834008097,1.8843251500872336e-08,bidisperse_a0.003_sr0.667_N1000_L12_T100000_seed3.npz,bidisperse,3,0.003,0.6666666666666666,0.6635885455611923
79000.0,0.8968168095640623,47,0.597,,0.4731860039478345,0.6312092323130958,1.957366938521706e-08,bidisperse_a0.003_sr0.667_N1000_L12_T100000_seed3.npz,bidisperse,3,0.003,0.6666666666666666,0.6635885455611923
80000.0,0.8944147526836137,52,0.538,0.6860459154062388,0.46212413219974935,0.6389316897791474,1.865862778472107e-08,bidisperse_a0.003_sr0.667_N1000_L12_T100000_seed3.npz,bidisperse,3,0.003,0.6666666666666666,0.6635885455611923
81000.0,0.8996461312932493,38,0.597,,0.4061134731409223,0.6557040082219938,2.0478049037726294e-08,bidisperse_a0.003_sr0.667_N1000_L12_T100000_seed3.npz,bidisperse,3,0.003,0.6666666666666666,0.6635885455611923
82000.0,0.9000121834609806,51,0.612,,0.4249131216062807,0.6556627729812088,1.8215461879525544e-08,bidisperse_a0.003_sr0.667_N1000_L12_T100000_seed3.npz,bidisperse,3,0.003,0.6666666666666666,0.6635885455611923
83000.0,0.8975752216180144,46,0.566,,0.4058058829589618,0.6592405063291139,2.1621643999486985e-08,bidisperse_a0.003_sr0.667_N1000_L12_T100000_seed3.npz,bidisperse,3,0.003,0.6666666666666666,0.6635885455611923
84000.0,0.9016149437716263,40,0.562,0.6613739006632064,0.46198894610315466,0.6341958396752918,2.088331274886686e-08,bidisperse_a0.003_sr0.667_N1000_L12_T100000_seed3.npz,bidisperse,3,0.003,0.6666666666666666,0.6635885455611923
85000.0,0.8903655501462929,49,0.552,,0.4471747454165444,0.6190711462450593,2.1053844566593124e-08,bidisperse_a0.003_sr0.667_N1000_L12_T100000_seed3.npz,bidisperse,3,0.003,0.6666666666666666,0.6635885455611923
86000.0,0.8976915201134178,42,0.561,,0.4416237397514578,0.6048587010411502,2.0232396068478715e-08,bidisperse_a0.003_sr0.667_N1000_L12_T100000_seed3.npz,bidisperse,3,0.003,0.6666666666666666,0.6635885455611923
87000.0,0.8936591287557168,42,0.546,,0.5048655241160224,0.6204523107177975,2.0242826906725356e-08,bidisperse_a0.003_sr0.667_N1000_L12_T100000_seed3.npz,bidisperse,3,0.003,0.6666666666666666,0.6635885455611923
88000.0,0.8965664048824132,31,0.561,0.6422068958451496,0.48670161610819596,0.594515181194907,1.728575766505661e-08,bidisperse_a0.003_sr0.667_N1000_L12_T100000_seed3.npz,bidisperse,3,0.003,0.6666666666666666,0.6635885455611923
89000.0,0.8923282331264042,39,0.531,,0.5298557658120504,0.6178035800677311,1.761665843524446e-08,bidisperse_a0.003_sr0.667_N1000_L12_T100000_seed3.npz,bidisperse,3,0.003,0.6666666666666666,0.6635885455611923
90000.0,0.8952892422886511,34,0.604,,0.48298004732956873,0.600597609561753,1.8663341031497307e-08,bidisperse_a0.003_sr0.667_N1000_L12_T100000_seed3.npz,bidisperse,3,0.003,0.6666666666666666,0.6635885455611923
91000.0,0.899632965217007,39,0.622,,0.45414853012314066,0.6314471707561342,1.670668828027986e-08,bidisperse_a0.003_sr0.667_N1000_L12_T100000_seed3.npz,bidisperse,3,0.003,0.6666666666666666,0.6635885455611923
92000.0,0.9006952489944393,41,0.599,0.6861628722665506,0.38367808712064916,0.6571719226856562,1.93224581989242e-08,bidisperse_a0.003_sr0.667_N1000_L12_T100000_seed3.npz,bidisperse,3,0.003,0.6666666666666666,0.6635885455611923
93000.0,0.8962647895643391,47,0.597,,0.39400393688466584,0.6576668364747835,2.113230151655172e-08,bidisperse_a0.003_sr0.667_N1000_L12_T100000_seed3.npz,bidisperse,3,0.003,0.6666666666666666,0.6635885455611923
94000.0,0.8963829012073298,50,0.611,,0.425554851720852,0.6286445012787724,2.0068711063385057e-08,bidisperse_a0.003_sr0.667_N1000_L12_T100000_seed3.npz,bidisperse,3,0.003,0.6666666666666666,0.6635885455611923
95000.0,0.888503990758244,44,0.637,,0.43772789575451865,0.6168271667511405,2.0029954878256775e-08,bidisperse_a0.003_sr0.667_N1000_L12_T100000_seed3.npz,bidisperse,3,0.003,0.6666666666666666,0.6635885455611923
96000.0,0.8997047212059156,43,0.68,0.66159533074622,0.41510506635963146,0.5995924605196128,1.8290873830146582e-08,bidisperse_a0.003_sr0.667_N1000_L12_T100000_seed3.npz,bidisperse,3,0.003,0.6666666666666666,0.6635885455611923
97000.0,0.8894646363335005,47,0.659,,0.43595868671379123,0.6142568250758342,2.0055803683886237e-08,bidisperse_a0.003_sr0.667_N1000_L12_T100000_seed3.npz,bidisperse,3,0.003,0.6666666666666666,0.6635885455611923
98000.0,0.8930373080687318,41,0.537,,0.4587123918177814,0.615729218516675,1.8283550061179e-08,bidisperse_a0.003_sr0.667_N1000_L12_T100000_seed3.npz,bidisperse,3,0.003,0.6666666666666666,0.6635885455611923
99000.0,0.9007091846855783,28,0.68,,0.4444465716326713,0.6152716593245228,2.0333649192273206e-08,bidisperse_a0.003_sr0.667_N1000_L12_T100000_seed3.npz,bidisperse,3,0.003,0.6666666666666666,0.6635885455611923
100000.0,0.8897663942493348,39,0.694,0.6373462842172414,0.47148118351985413,0.5799498746867168,1.677917022035619e-08,bidisperse_a0.003_sr0.667_N1000_L12_T100000_seed3.npz,bidisperse,3,0.003,0.6666666666666666,0.6635885455611923
0.0,0.9878905834838984,199,0.026,0.8863117538172672,,,,bidisperse_a0.005_sr0.667_N1000_L12_T100000_seed1.npz,bidisperse,1,0.005,0.6666666666666666,0.6732230435525225
1000.0,0.9431131980605766,31,0.253,,0.17698166001204657,0.8403925619834711,4.082952199404156e-08,bidisperse_a0.005_sr0.667_N1000_L12_T100000_seed1.npz,bidisperse,1,0.005,0.6666666666666666,0.6732230435525225
2000.0,0.92833093088601,25,0.366,,0.5823356263183965,0.6479063484916704,4.287177878872287e-08,bidisperse_a0.005_sr0.667_N1000_L12_T100000_seed1.npz,bidisperse,1,0.005,0.6666666666666666,0.6732230435525225
3000.0,0.9213977339705066,17,0.513,,0.5877915112826633,0.6185745140388769,4.049060019926387e-08,bidisperse_a0.005_sr0.667_N1000_L12_T100000_seed1.npz,bidisperse,1,0.005,0.6666666666666666,0.6732230435525225
4000.0,0.9081274252535427,20,0.429,0.5915000228932489,0.6009721686729516,0.5876375952582558,3.359296057460483e-08,bidisperse_a0.005_sr0.667_N1000_L12_T100000_seed1.npz,bidisperse,1,0.005,0.6666666666666666,0.6732230435525225
5000.0,0.902948424704555,19,0.5,,0.5498118786751335,0.5712468193384224,3.3472383893339084e-08,bidisperse_a0.005_sr0.667_N1000_L12_T100000_seed1.npz,bidisperse,1,0.005,0.6666666666666666,0.6732230435525225
6000.0,0.9037238080209951,24,0.48,,0.537246599136128,0.5377077119727312,3.207232893085495e-08,bidisperse_a0.005_sr0.667_N1000_L12_T100000_seed1.npz,bidisperse,1,0.005,0.6666666666666666,0.6732230435525225
7000.0,0.8967913320928627,21,0.291,,0.5601228383864624,0.5360303413400759,3.426771008059662e-08,bidisperse_a0.005_sr0.667_N1000_L12_T100000_seed1.npz,bidisperse,1,0.005,0.6666666666666666,0.6732230435525225
8000.0,0.8892210651661182,28,0.48,0.5736616641545589,0.5077669828434418,0.548172757475083,3.2431402443946594e-08,bidisperse_a0.005_sr0.667_N1000_L12_T100000_seed1.npz,bidisperse,1,0.005,0.6666666666666666,0.6732230435525225
9000.0,0.8795511512200221,23,0.474,,0.5009536269767616,0.5164104694640632,3.0079893530509094e-08,bidisperse_a0.005_sr0.667_N1000_L12_T100000_seed1.npz,bidisperse,1,0.005,0.6666666666666666,0.6732230435525225
10000.0,0.8823841988369071,23,0.647,,0.5417699953668986,0.4736175601519629,3.038184408312742e-08,bidisperse_a0.005_sr0.667_N1000_L12_T100000_seed1.npz,bidisperse,1,0.005,0.6666666666666666,0.6732230435525225
11000.0,0.8785581575949072,19,0.548,,0.6083499421060271,0.45936842105263154,3.630787265986515e-08,bidisperse_a0.005_sr0.667_N1000_L12_T100000_seed1.npz,bidisperse,1,0.005,0.6666666666666666,0.6732230435525225
12000.0,0.8808044736655564,21,0.557,0.555828383737926,0.5930956684572755,0.4599244649601343,2.9528621721074513e-08,bidisperse_a0.005_sr0.667_N1000_L12_T100000_seed1.npz,bidisperse,1,0.005,0.6666666666666666,0.6732230435525225
13000.0,0.8847330466720416,28,0.56,,0.5600587724102831,0.4404965753424658,3.690494432398065e-08,bidisperse_a0.005_sr0.667_N1000_L12_T100000_seed1.npz,bidisperse,1,0.005,0.6666666666666666,0.6732230435525225
14000.0,0.8804783856935599,22,0.612,,0.5446390870237371,0.4580152671755725,2.971138045438005e-08,bidisperse_a0.005_sr0.667_N1000_L12_T100000_seed1.npz,bidisperse,1,0.005,0.6666666666666666,0.6732230435525225
15000.0,0.8817706523696759,24,0.573,,0.5551756886935928,0.4466983167889512,4.0300080081425664e-08,bidisperse_a0.005_sr0.667_N1000_L12_T100000_seed1.npz,bidisperse,1,0.005,0.6666666666666666,0.6732230435525225
16000.0,0.8758797273430372,28,0.579,0.558360853103554,0.533117295340951,0.44015444015444016,3.5357531590122975e-08,bidisperse_a0.005_sr0.667_N1000_L12_T100000_seed1.npz,bidisperse,1,0.005,0.6666666666666666,0.6732230435525225
17000.0,0.8796620667115642,30,0.606,,0.5584150086395903,0.4504273504273504,3.300957026882324e-08,bidisperse_a0.005_sr0.667_N1000_L12_T100000_seed1.npz,bidisperse,1,0.005,0.6666666666666666,0.6732230435525225
18000.0,0.875960262195389,18,0.606,,0.6517178030768528,0.4578364565587735,3.344217579034622e-08,bidisperse_a0.005_sr0.667_N1000_L12_T100000_seed1.npz,bidisperse,1,0.005,0.6666666666666666,0.6732230435525225
19000.0,0.872844003849767,18,0.821,,0.5232433676484755,0.4575,3.769950074357298e-08,bidisperse_a0.005_sr0.667_N1000_L12_T100000_seed1.npz,bidisperse,1,0.005,0.6666666666666666,0.6732230435525225
20000.0,0.872573811609022,26,0.816,0.5445336154811415,0.5083514925392885,0.4239864864864865,3.237569304914802e-08,bidisperse_a0.005_sr0.667_N1000_L12_T100000_seed1.npz,bidisperse,1,0.005,0.6666666666666666,0.6732230435525225
21000.0,0.8626860502672463,21,0.848,,0.5092438562925049,0.4316939890710383,2.9043208035582776e-08,bidisperse_a0.005_sr0.667_N1000_L12_T100000_seed1.npz,bidisperse,1,0.005,0.6666666666666666,0.6732230435525225
22000.0,0.8612532047015384,26,0.838,,0.5328802915843424,0.3972602739726028,2.8175643806447915e-08,bidisperse_a0.005_sr0.667_N1000_L12_T100000_seed1.npz,bidisperse,1,0.005,0.6666666666666666,0.6732230435525225
23000.0,0.8579471744165983,27,0.818,,0.48344084147808847,0.4084388185654009,3.1648290015833256e-08,bidisperse_a0.005_sr0.667_N1000_L12_T100000_seed1.npz,bidisperse,1,0.005,0.6666666666666666,0.6732230435525225
24000.0,0.8599041379056972,18,0.834,0.5322324113254466,0.4522178730899692,0.3970588235294118,3.915528522342095e-08,bidisperse_a0.005_sr0.667_N1000_L12_T100000_seed1.npz,bidisperse,1,0.005,0.6666666666666666,0.6732230435525225
25000.0,0.8623661171123128,18,0.834,,0.49670258099153064,0.39890939597315433,4.229524133700996e-08,bidisperse_a0.005_sr0.667_N1000_L12_T100000_seed1.npz,bidisperse,1,0.005,0.6666666666666666,0.6732230435525225
26000.0,0.8576896468279442,17,0.876,,0.44416605212177085,0.40685045948203846,4.4786103316555414e-08,bidisperse_a0.005_sr0.667_N1000_L12_T100000_seed1.npz,bidisperse,1,0.005,0.6666666666666666,0.6732230435525225
27000.0,0.857000650887097,20,0.833,,0.49483551421071004,0.4044389642416769,3.820572412429873e-08,bidisperse_a0.005_sr0.667_N1000_L12_T100000_seed1.npz,bidisperse,1,0.005,0.6666666666666666,0.6732230435525225
28000.0,0.8572815541939501,19,0.872,0.5321354782489414,0.42627948922850006,0.4083812654067379,3.718270627270995e-08,bidisperse_a0.005_sr0.667_N1000_L12_T100000_seed1.npz,bidisperse,1,0.005,0.6666666666666666,0.6732230435525225
29000.0,0.8533645615009722,20,0.869,,0.491275011167215,0.3951480263157895,2.98094606555855e-08,bidisperse_a0.005_sr0.667_N1000_L12_T100000_seed1.npz,bidisperse,1,0.005,0.6666666666666666,0.6732230435525225
30000.0,0.8574143586005831,18,0.874,,0.5109406177626002,0.36167565325591045,3.203192193442388e-08,bidisperse_a0.005_sr0.667_N1000_L12_T100000_seed1.npz,bidisperse,1,0.005,0.6666666666666666,0.6732230435525225
31000.0,0.8494767088302922,25,0.883,,0.42821274292615136,0.37920997920997923,2.949821804671949e-08,bidisperse_a0.005_sr0.667_N1000_L12_T100000_seed1.npz,bidisperse,1,0.005,0.6666666666666666,0.6732230435525225
32000.0,0.8516085025653828,19,0.858,0.5307902882038302,0.5029056607953416,0.3985086992543496,3.428183859505701e-08,bidisperse_a0.005_sr0.667_N1000_L12_T100000_seed1.npz,bidisperse,1,0.005,0.6666666666666666,0.6732230435525225
33000.0,0.8575822285870724,21,0.863,,0.5309222321284393,0.3783333333333333,3.420018657597816e-08,bidisperse_a0.005_sr0.667_N1000_L12_T100000_seed1.npz,bidisperse,1,0.005,0.6666666666666666,0.6732230435525225
34000.0,0.8569445477734084,23,0.836,,0.43520049709049885,0.38477451386015726,3.023842678902438e-08,bidisperse_a0.005_sr0.667_N1000_L12_T100000_seed1.npz,bidisperse,1,0.005,0.6666666666666666,0.6732230435525225
35000.0,0.8547198387155379,19,0.845,,0.5471483704824373,0.40613344384583505,3.141489963506762e-08,bidisperse_a0.005_sr0.667_N1000_L12_T100000_seed1.npz,bidisperse,1,0.005,0.6666666666666666,0.6732230435525225
36000.0,0.8547856331693479,20,0.848,0.5362685942437518,0.4306704963501653,0.39509306260575294,3.712818888307726e-08,bidisperse_a0.005_sr0.667_N1000_L12_T100000_seed1.npz,bidisperse,1,0.005,0.6666666666666666,0.6732230435525225
37000.0,0.8586095255511486,23,0.835,,0.49312514439243804,0.38099315068493156,3.2834620736036156e-08,bidisperse_a0.005_sr0.667_N1000_L12_T100000_seed1.npz,bidisperse,1,0.005,0.6666666666666666,0.6732230435525225
38000.0,0.8564875310585508,26,0.866,,0.4290251469603521,0.39740910990388634,3.359488004984607e-08,bidisperse_a0.005_sr0.667_N1000_L12_T100000_seed1.npz,bidisperse,1,0.005,0.6666666666666666,0.6732230435525225
39000.0,0.8569753717573106,26,0.849,,0.535384951583692,0.3835333057509309,3.764716335895959e-08,bidisperse_a0.005_sr0.667_N1000_L12_T100000_seed1.npz,bidisperse,1,0.005,0.6666666666666666,0.6732230435525225
40000.0,0.8511579874262701,24,0.86,0.520292092103758,0.509264810697051,0.36616791354945966,3.689771607426337e-08,bidisperse_a0.005_sr0.667_N1000_L12_T100000_seed1.npz,bidisperse,1,0.005,0.6666666666666666,0.6732230435525225
41000.0,0.8502058998650195,24,0.827,,0.4851563880767268,0.3360169491525423,3.715929793656103e-08,bidisperse_a0.005_sr0.667_N1000_L12_T100000_seed1.npz,bidisperse,1,0.005,0.6666666666666666,0.6732230435525225
42000.0,0.8501741191362897,28,0.848,,0.4506139856710434,0.36980033277870217,3.5896063117187646e-08,bidisperse_a0.005_sr0.667_N1000_L12_T100000_seed1.npz,bidisperse,1,0.005,0.6666666666666666,0.6732230435525225
43000.0,0.8441894712658428,21,0.848,,0.5092796917665332,0.3694929343308395,3.7102913825646596e-08,bidisperse_a0.005_sr0.667_N1000_L12_T100000_seed1.npz,bidisperse,1,0.005,0.6666666666666666,0.6732230435525225
44000.0,0.846879304247772,19,0.863,0.5236238561291056,0.4097808091404492,0.3555093555093555,3.081510050185938e-08,bidisperse_a0.005_sr0.667_N1000_L12_T100000_seed1.npz,bidisperse,1,0.005,0.6666666666666666,0.6732230435525225
45000.0,0.8469732680338741,17,0.87,,0.45554121855932134,0.3726937269372693,2.8952770521362183e-08,bidisperse_a0.005_sr0.667_N1000_L12_T100000_seed1.npz,bidisperse,1,0.005,0.6666666666666666,0.6732230435525225
46000.0,0.84809524293447,20,0.851,,0.45785183546989755,0.371641174038859,3.098694033652485e-08,bidisperse_a0.005_sr0.667_N1000_L12_T100000_seed1.npz,bidisperse,1,0.005,0.6666666666666666,0.6732230435525225
47000.0,0.8504666427974699,23,0.833,,0.5617005318959702,0.36341059602649006,3.271911265942622e-08,bidisperse_a0.005_sr0.667_N1000_L12_T100000_seed1.npz,bidisperse,1,0.005,0.6666666666666666,0.6732230435525225
48000.0,0.8529634792039106,20,0.842,0.5208027962188135,0.4686110820738906,0.3516528925619835,3.876897474061483e-08,bidisperse_a0.005_sr0.667_N1000_L12_T100000_seed1.npz,bidisperse,1,0.005,0.6666666666666666,0.6732230435525225
49000.0,0.8524670661371451,13,0.862,,0.5060737133964176,0.35602310231023104,3.4449869837176404e-08,bidisperse_a0.005_sr0.667_N1000_L12_T100000_seed1.npz,bidisperse,1,0.005,0.6666666666666666,0.6732230435525225
50000.0,0.8483239336867171,19,0.864,,0.4559325337159929,0.3444121312837557,3.469632715640587e-08,bidisperse_a0.005_sr0.667_N1000_L12_T100000_seed1.npz,bidisperse,1,0.005,0.6666666666666666,0.6732230435525225
51000.0,0.847739450889373,16,0.871,,0.4323174451427024,0.37433592153657536,3.135146969278917e-08,bidisperse_a0.005_sr0.667_N1000_L12_T100000_seed1.npz,bidisperse,1,0.005,0.6666666666666666,0.6732230435525225
52000.0,0.8490905678600937,20,0.871,0.5248093413276592,0.463223900342382,0.3701725554642563,2.9947229018006134e-08,bidisperse_a0.005_sr0.667_N1000_L12_T100000_seed1.npz,bidisperse,1,0.005,0.6666666666666666,0.6732230435525225
53000.0,0.8494489680228813,22,0.883,,0.4359238249875378,0.3494780793319415,2.928031650016733e-08,bidisperse_a0.005_sr0.667_N1000_L12_T100000_seed1.npz,bidisperse,1,0.005,0.6666666666666666,0.6732230435525225
54000.0,0.8448862117417318,22,0.857,,0.46752742516392287,0.3552686380674719,3.189783952443365e-08,bidisperse_a0.005_sr0.667_N1000_L12_T100000_seed1.npz,bidisperse,1,0.005,0.6666666666666666,0.6732230435525225
55000.0,0.8564904015662785,19,0.881,,0.4959783171326254,0.35227747597158376,3.612530529887396e-08,bidisperse_a0.005_sr0.667_N1000_L12_T100000_seed1.npz,bidisperse,1,0.005,0.6666666666666666,0.6732230435525225
56000.0,0.8461434237851461,20,0.895,0.515685859118734,0.4791768905458621,0.36397209684037757,2.6660909616530464e-08,bidisperse_a0.005_sr0.667_N1000_L12_T100000_seed1.npz,bidisperse,1,0.005,0.6666666666666666,0.6732230435525225
57000.0,0.8468425449588884,18,0.891,,0.5590188912043463,0.36200570729718706,2.1752143275253955e-08,bidisperse_a0.005_sr0.667_N1000_L12_T100000_seed1.npz,bidisperse,1,0.005,0.6666666666666666,0.6732230435525225
58000.0,0.853976125,22,0.865,,0.4975146988009698,0.35664335664335667,2.5160849498735012e-08,bidisperse_a0.005_sr0.667_N1000_L12_T100000_seed1.npz,bidisperse,1,0.005,0.6666666666666666,0.6732230435525225
59000.0,0.8494816080423095,18,0.866,,0.512055487811005,0.3572903758777365,2.55416422373949e-08,bidisperse_a0.005_sr0.667_N1000_L12_T100000_seed1.npz,bidisperse,1,0.005,0.6666666666666666,0.6732230435525225
60000.0,0.8511607944372824,19,0.866,0.5290643325298988,0.45250545488844207,0.3898235535494461,2.9092400804147446e-08,bidisperse_a0.005_sr0.667_N1000_L12_T100000_seed1.npz,bidisperse,1,0.005,0.6666666666666666,0.6732230435525225
61000.0,0.8442643074828595,20,0.896,,0.47661524581396214,0.3824733824733825,2.9584508668567488e-08,bidisperse_a0.005_sr0.667_N1000_L12_T100000_seed1.npz,bidisperse,1,0.005,0.6666666666666666,0.6732230435525225
62000.0,0.8480882104891145,23,0.883,,0.5120898092964481,0.34272689598010775,2.518979573129806e-08,bidisperse_a0.005_sr0.667_N1000_L12_T100000_seed1.npz,bidisperse,1,0.005,0.6666666666666666,0.6732230435525225
63000.0,0.8453922340707247,15,0.89,,0.4875273729201371,0.35602953240360946,3.2664158840110793e-08,bidisperse_a0.005_sr0.667_N1000_L12_T100000_seed1.npz,bidisperse,1,0.005,0.6666666666666666,0.6732230435525225
64000.0,0.8470982123500495,21,0.886,0.5174967582001782,0.5067816384836704,0.35137351373513737,2.742154190492279e-08,bidisperse_a0.005_sr0.667_N1000_L12_T100000_seed1.npz,bidisperse,1,0.005,0.6666666666666666,0.6732230435525225
65000.0,0.852698265307457,15,0.909,,0.4909296053875965,0.3594262295081967,3.0345195503464635e-08,bidisperse_a0.005_sr0.667_N1000_L12_T100000_seed1.npz,bidisperse,1,0.005,0.6666666666666666,0.6732230435525225
66000.0,0.8522770071070565,14,0.915,,0.5213040649118316,0.34704904405652537,3.2790695174803385e-08,bidisperse_a0.005_sr0.667_N1000_L12_T100000_seed1.npz,bidisperse,1,0.005,0.6666666666666666,0.6732230435525225
67000.0,0.8542611303736343,18,0.896,,0.4717558487952777,0.3505197505197505,3.377735625110497e-08,bidisperse_a0.005_sr0.667_N1000_L12_T100000_seed1.npz,bidisperse,1,0.005,0.6666666666666666,0.6732230435525225
68000.0,0.8498377002591428,19,0.874,0.5149080839899709,0.49563836381157533,0.36609336609336607,3.391514148533208e-08,bidisperse_a0.005_sr0.667_N1000_L12_T100000_seed1.npz,bidisperse,1,0.005,0.6666666666666666,0.6732230435525225
69000.0,0.849667151192891,21,0.89,,0.5080840547338601,0.3611903791275989,4.0250844824812604e-08,bidisperse_a0.005_sr0.667_N1000_L12_T100000_seed1.npz,bidisperse,1,0.005,0.6666666666666666,0.6732230435525225
70000.0,0.855176931989692,21,0.894,,0.4766949438479198,0.35664335664335667,3.426535517736725e-08,bidisperse_a0.005_sr0.667_N1000_L12_T100000_seed1.npz,bidisperse,1,0.005,0.6666666666666666,0.6732230435525225
71000.0,0.8481144122935464,26,0.842,,0.50462392681487,0.3465885307660109,2.8668053590437633e-08,bidisperse_a0.005_sr0.667_N1000_L12_T100000_seed1.npz,bidisperse,1,0.005,0.6666666666666666,0.6732230435525225
72000.0,0.8487196473663061,26,0.86,0.5281614537213307,0.4132183982291261,0.3472750316856781,4.0543439938767786e-08,bidisperse_a0.005_sr0.667_N1000_L12_T100000_seed1.npz,bidisperse,1,0.005,0.6666666666666666,0.6732230435525225
73000.0,0.8542437863038967,25,0.821,,0.4964927972478683,0.3617200674536256,3.513354677476172e-08,bidisperse_a0.005_sr0.667_N1000_L12_T100000_seed1.npz,bidisperse,1,0.005,0.6666666666666666,0.6732230435525225
74000.0,0.8542263294477291,24,0.8,,0.49077245041340084,0.37029288702928875,3.935999737978247e-08,bidisperse_a0.005_sr0.667_N1000_L12_T100000_seed1.npz,bidisperse,1,0.005,0.6666666666666666,0.6732230435525225
75000.0,0.8568281854762331,26,0.812,,0.4274672457608206,0.35959339263024137,3.573690743116955e-08,bidisperse_a0.005_sr0.667_N1000_L12_T100000_seed1.npz,bidisperse,1,0.005,0.6666666666666666,0.6732230435525225
76000.0,0.8506714010864644,25,0.802,0.5419451674966047,0.47040659989921657,0.39755480607082627,4.043304184681524e-08,bidisperse_a0.005_sr0.667_N1000_L12_T100000_seed1.npz,bidisperse,1,0.005,0.6666666666666666,0.6732230435525225
77000.0,0.8566947514219818,23,0.838,,0.4580176116800557,0.3936214855224507,3.96856918168131e-08,bidisperse_a0.005_sr0.667_N1000_L12_T100000_seed1.npz,bidisperse,1,0.005,0.6666666666666666,0.6732230435525225
78000.0,0.8617493853856549,18,0.852,,0.4900113973643961,0.4160881992650062,4.277334680941431e-08,bidisperse_a0.005_sr0.667_N1000_L12_T100000_seed1.npz,bidisperse,1,0.005,0.6666666666666666,0.6732230435525225
79000.0,0.8511365784928294,16,0.856,,0.507669132750925,0.39967239967239965,3.9973756000449516e-08,bidisperse_a0.005_sr0.667_N1000_L12_T100000_seed1.npz,bidisperse,1,0.005,0.6666666666666666,0.6732230435525225
80000.0,0.8534041028060108,18,0.85,0.5171266431389181,0.48203098685268964,0.3728675873273761,3.9946829861149104e-08,bidisperse_a0.005_sr0.667_N1000_L12_T100000_seed1.npz,bidisperse,1,0.005,0.6666666666666666,0.6732230435525225
81000.0,0.8520281235660239,18,0.839,,0.500748340341276,0.3542857142857143,3.7988276172907685e-08,bidisperse_a0.005_sr0.667_N1000_L12_T100000_seed1.npz,bidisperse,1,0.005,0.6666666666666666,0.6732230435525225
82000.0,0.8517154496331742,19,0.854,,0.49149654754303435,0.35352286773794805,3.040320331643032e-08,bidisperse_a0.005_sr0.667_N1000_L12_T100000_seed1.npz,bidisperse,1,0.005,0.6666666666666666,0.6732230435525225
83000.0,0.8546036726419949,21,0.853,,0.4803063640729993,0.35776397515527947,2.520214675541615e-08,bidisperse_a0.005_sr0.667_N1000_L12_T100000_seed1.npz,bidisperse,1,0.005,0.6666666666666666,0.6732230435525225
84000.0,0.8502586127563905,27,0.825,0.519855271139057,0.49700597854125944,0.3581472291149711,2.8841797327266316e-08,bidisperse_a0.005_sr0.667_N1000_L12_T100000_seed1.npz,bidisperse,1,0.005,0.6666666666666666,0.6732230435525225
85000.0,0.8563287069434024,26,0.823,,0.5076803381363715,0.32516891891891897,3.737575510533398e-08,bidisperse_a0.005_sr0.667_N1000_L12_T100000_seed1.npz,bidisperse,1,0.005,0.6666666666666666,0.6732230435525225
86000.0,0.8499157851432875,21,0.826,,0.6347924023672321,0.3403716216216216,3.561544898988381e-08,bidisperse_a0.005_sr0.667_N1000_L12_T100000_seed1.npz,bidisperse,1,0.005,0.6666666666666666,0.6732230435525225
87000.0,0.8532046957190405,20,0.841,,0.5737880619765531,0.3788819875776398,3.6357176271457796e-08,bidisperse_a0.005_sr0.667_N1000_L12_T100000_seed1.npz,bidisperse,1,0.005,0.6666666666666666,0.6732230435525225
88000.0,0.8485743509064927,20,0.841,0.5313307959286743,0.5071197641187756,0.3878737541528239,3.457653611489261e-08,bidisperse_a0.005_sr0.667_N1000_L12_T100000_seed1.npz,bidisperse,1,0.005,0.6666666666666666,0.6732230435525225
89000.0,0.8535557876388233,29,0.814,,0.5214202269001179,0.3687735454164922,3.274939707775564e-08,bidisperse_a0.005_sr0.667_N1000_L12_T100000_seed1.npz,bidisperse,1,0.005,0.6666666666666666,0.6732230435525225
90000.0,0.8504817245747757,23,0.817,,0.5240571555167157,0.3510548523206751,3.730547549720255e-08,bidisperse_a0.005_sr0.667_N1000_L12_T100000_seed1.npz,bidisperse,1,0.005,0.6666666666666666,0.6732230435525225
91000.0,0.8500356226544238,19,0.816,,0.4813182128179896,0.37515683814303635,4.199576913056797e-08,bidisperse_a0.005_sr0.667_N1000_L12_T100000_seed1.npz,bidisperse,1,0.005,0.6666666666666666,0.6732230435525225
92000.0,0.8538583752155845,19,0.849,0.5249223304651338,0.4477890734086015,0.3907666941467436,3.2926996027863314e-08,bidisperse_a0.005_sr0.667_N1000_L12_T100000_seed1.npz,bidisperse,1,0.005,0.6666666666666666,0.6732230435525225
93000.0,0.847918424684326,30,0.789,,0.48145847305263895,0.40247933884297515,3.5144011199355193e-08,bidisperse_a0.005_sr0.667_N1000_L12_T100000_seed1.npz,bidisperse,1,0.005,0.6666666666666666,0.6732230435525225
94000.0,0.8502939483727526,23,0.849,,0.4667419858149862,0.36961160904822876,4.507953778944345e-08,bidisperse_a0.005_sr0.667_N1000_L12_T100000_seed1.npz,bidisperse,1,0.005,0.6666666666666666,0.6732230435525225
95000.0,0.8594762443047828,18,0.887,,0.4947998378882675,0.3824267782426778,4.319647703830023e-08,bidisperse_a0.005_sr0.667_N1000_L12_T100000_seed1.npz,bidisperse,1,0.005,0.6666666666666666,0.6732230435525225
96000.0,0.85685280632154,23,0.872,0.5253250804825703,0.47862336408647155,0.38804748260335653,4.374146573884806e-08,bidisperse_a0.005_sr0.667_N1000_L12_T100000_seed1.npz,bidisperse,1,0.005,0.6666666666666666,0.6732230435525225
97000.0,0.85190519575177,23,0.871,,0.5647748942063135,0.37895602137279083,3.7522539658835984e-08,bidisperse_a0.005_sr0.667_N1000_L12_T100000_seed1.npz,bidisperse,1,0.005,0.6666666666666666,0.6732230435525225
98000.0,0.8547147504259726,27,0.854,,0.5181626395939956,0.38680033416875526,3.261936580250294e-08,bidisperse_a0.005_sr0.667_N1000_L12_T100000_seed1.npz,bidisperse,1,0.005,0.6666666666666666,0.6732230435525225
99000.0,0.8543300567079154,25,0.861,,0.5575874029680306,0.38292476754015214,4.52034527457243e-08,bidisperse_a0.005_sr0.667_N1000_L12_T100000_seed1.npz,bidisperse,1,0.005,0.6666666666666666,0.6732230435525225
100000.0,0.8530188260631639,22,0.855,0.5391206300899168,0.4779878001188953,0.41407867494824013,3.394749566222287e-08,bidisperse_a0.005_sr0.667_N1000_L12_T100000_seed1.npz,bidisperse,1,0.005,0.6666666666666666,0.6732230435525225
0.0,0.9870901187829257,202,0.025,0.8823109811331674,,,,bidisperse_a0.005_sr0.667_N1000_L12_T100000_seed2.npz,bidisperse,2,0.005,0.6666666666666666,0.7564909570874463
1000.0,0.9355446781734792,23,0.309,,0.15224787964346498,0.8402246043899949,4.480483789863206e-08,bidisperse_a0.005_sr0.667_N1000_L12_T100000_seed2.npz,bidisperse,2,0.005,0.6666666666666666,0.7564909570874463
2000.0,0.92881484375,22,0.283,,0.5418402239149396,0.6749358426005132,3.553743300847495e-08,bidisperse_a0.005_sr0.667_N1000_L12_T100000_seed2.npz,bidisperse,2,0.005,0.6666666666666666,0.7564909570874463
3000.0,0.925060508951396,18,0.377,,0.5971296904753756,0.6132359260850881,3.2411446534561416e-08,bidisperse_a0.005_sr0.667_N1000_L12_T100000_seed2.npz,bidisperse,2,0.005,0.6666666666666666,0.7564909570874463
4000.0,0.9144860678384058,21,0.378,0.5893426222609359,0.5438051511064925,0.5801199657240788,3.384909333415835e-08,bidisperse_a0.005_sr0.667_N1000_L12_T100000_seed2.npz,bidisperse,2,0.005,0.6666666666666666,0.7564909570874463
5000.0,0.8986860633799341,18,0.804,,0.4971105106095008,0.5650887573964497,3.943202564268945e-08,bidisperse_a0.005_sr0.667_N1000_L12_T100000_seed2.npz,bidisperse,2,0.005,0.6666666666666666,0.7564909570874463
6000.0,0.9018929137076585,18,0.618,,0.5639894593579569,0.5532456512515911,4.268050083819697e-08,bidisperse_a0.005_sr0.667_N1000_L12_T100000_seed2.npz,bidisperse,2,0.005,0.6666666666666666,0.7564909570874463
7000.0,0.8971344302561803,20,0.592,,0.5679625849648402,0.5687421646468868,3.5317303113963186e-08,bidisperse_a0.005_sr0.667_N1000_L12_T100000_seed2.npz,bidisperse,2,0.005,0.6666666666666666,0.7564909570874463
8000.0,0.8911209517809932,20,0.783,0.5640149044399582,0.5493327769332327,0.5288461538461539,2.7364037208607692e-08,bidisperse_a0.005_sr0.667_N1000_L12_T100000_seed2.npz,bidisperse,2,0.005,0.6666666666666666,0.7564909570874463
9000.0,0.8868821095030872,21,0.675,,0.5320537539151393,0.4989429175475687,3.913458499725458e-08,bidisperse_a0.005_sr0.667_N1000_L12_T100000_seed2.npz,bidisperse,2,0.005,0.6666666666666666,0.7564909570874463
10000.0,0.8869307852543871,22,0.8,,0.591112817493438,0.5157496850062999,3.059137184141213e-08,bidisperse_a0.005_sr0.667_N1000_L12_T100000_seed2.npz,bidisperse,2,0.005,0.6666666666666666,0.7564909570874463
11000.0,0.887789608931947,16,0.833,,0.5538567976818195,0.49605317823016204,3.003849004190601e-08,bidisperse_a0.005_sr0.667_N1000_L12_T100000_seed2.npz,bidisperse,2,0.005,0.6666666666666666,0.7564909570874463
12000.0,0.8855614606275336,27,0.82,0.5673289391086002,0.5596128907184058,0.4863731656184487,3.2126821265166714e-08,bidisperse_a0.005_sr0.667_N1000_L12_T100000_seed2.npz,bidisperse,2,0.005,0.6666666666666666,0.7564909570874463
13000.0,0.8852943141619474,16,0.875,,0.5130111426280608,0.5083612040133779,3.469629081030073e-08,bidisperse_a0.005_sr0.667_N1000_L12_T100000_seed2.npz,bidisperse,2,0.005,0.6666666666666666,0.7564909570874463
14000.0,0.8743964375312311,15,0.914,,0.5281811293136992,0.4997956681651001,3.1702475468537834e-08,bidisperse_a0.005_sr0.667_N1000_L12_T100000_seed2.npz,bidisperse,2,0.005,0.6666666666666666,0.7564909570874463
15000.0,0.8766990713266217,24,0.823,,0.4922309558693696,0.47493837304847986,2.5784167768873036e-08,bidisperse_a0.005_sr0.667_N1000_L12_T100000_seed2.npz,bidisperse,2,0.005,0.6666666666666666,0.7564909570874463
16000.0,0.8747645417302291,20,0.824,0.5394487357932076,0.5092526439261225,0.45105328376703846,2.7821237058481558e-08,bidisperse_a0.005_sr0.667_N1000_L12_T100000_seed2.npz,bidisperse,2,0.005,0.6666666666666666,0.7564909570874463
17000.0,0.8668639956999384,21,0.831,,0.5356716576684876,0.4006734006734006,2.7875552484357292e-08,bidisperse_a0.005_sr0.667_N1000_L12_T100000_seed2.npz,bidisperse,2,0.005,0.6666666666666666,0.7564909570874463
18000.0,0.8639703123896618,21,0.844,,0.4668154615616404,0.40227464195450713,2.900209054776086e-08,bidisperse_a0.005_sr0.667_N1000_L12_T100000_seed2.npz,bidisperse,2,0.005,0.6666666666666666,0.7564909570874463
19000.0,0.8599900703899658,27,0.844,,0.47665145751976357,0.4237995824634656,2.9447193870445935e-08,bidisperse_a0.005_sr0.667_N1000_L12_T100000_seed2.npz,bidisperse,2,0.005,0.6666666666666666,0.7564909570874463
20000.0,0.8633862004925602,25,0.851,0.5441648061568535,0.5155670344977958,0.4142435735356089,3.115750068308234e-08,bidisperse_a0.005_sr0.667_N1000_L12_T100000_seed2.npz,bidisperse,2,0.005,0.6666666666666666,0.7564909570874463
21000.0,0.8669542721701932,21,0.859,,0.5215374205349335,0.4288107202680067,3.277857612434908e-08,bidisperse_a0.005_sr0.667_N1000_L12_T100000_seed2.npz,bidisperse,2,0.005,0.6666666666666666,0.7564909570874463
22000.0,0.8679200494715383,15,0.871,,0.47173373810919883,0.44202595228128927,2.9638358135731814e-08,bidisperse_a0.005_sr0.667_N1000_L12_T100000_seed2.npz,bidisperse,2,0.005,0.6666666666666666,0.7564909570874463
23000.0,0.8670888633954192,21,0.88,,0.4645816204347885,0.41934121621621623,3.881277518717283e-08,bidisperse_a0.005_sr0.667_N1000_L12_T100000_seed2.npz,bidisperse,2,0.005,0.6666666666666666,0.7564909570874463
24000.0,0.8610824707902742,18,0.868,0.5314741932794886,0.5263627813715946,0.4128708733806937,2.944788574222085e-08,bidisperse_a0.005_sr0.667_N1000_L12_T100000_seed2.npz,bidisperse,2,0.005,0.6666666666666666,0.7564909570874463
25000.0,0.8608431160234077,26,0.861,,0.47064278524016556,0.38054607508532423,3.213328533961368e-08,bidisperse_a0.005_sr0.667_N1000_L12_T100000_seed2.npz,bidisperse,2,0.005,0.6666666666666666,0.7564909570874463
26000.0,0.8663567065396747,21,0.856,,0.46513831399281796,0.41306191687871074,3.590148786363726e-08,bidisperse_a0.005_sr0.667_N1000_L12_T100000_seed2.npz,bidisperse,2,0.005,0.6666666666666666,0.7564909570874463
27000.0,0.8658087679516251,19,0.861,,0.47929693418367014,0.4250944187998321,3.3791199223866886e-08,bidisperse_a0.005_sr0.667_N1000_L12_T100000_seed2.npz,bidisperse,2,0.005,0.6666666666666666,0.7564909570874463
28000.0,0.8626158282242938,18,0.889,0.5448561537097693,0.46572838551560386,0.4399504746182419,3.493896989679925e-08,bidisperse_a0.005_sr0.667_N1000_L12_T100000_seed2.npz,bidisperse,2,0.005,0.6666666666666666,0.7564909570874463
29000.0,0.8577466830012996,18,0.916,,0.5681831845404921,0.44453574363188164,2.7453601627693353e-08,bidisperse_a0.005_sr0.667_N1000_L12_T100000_seed2.npz,bidisperse,2,0.005,0.6666666666666666,0.7564909570874463
30000.0,0.8598560670722363,22,0.874,,0.5420692297983739,0.4379111842105263,3.349377390402862e-08,bidisperse_a0.005_sr0.667_N1000_L12_T100000_seed2.npz,bidisperse,2,0.005,0.6666666666666666,0.7564909570874463
31000.0,0.8662050750134047,21,0.896,,0.48648542858734395,0.43985117817279873,4.3666458392797675e-08,bidisperse_a0.005_sr0.667_N1000_L12_T100000_seed2.npz,bidisperse,2,0.005,0.6666666666666666,0.7564909570874463
32000.0,0.8637947308572952,24,0.851,0.5483560807604575,0.46969839511928946,0.42695688572624524,3.136182428930355e-08,bidisperse_a0.005_sr0.667_N1000_L12_T100000_seed2.npz,bidisperse,2,0.005,0.6666666666666666,0.7564909570874463
33000.0,0.8582434316657336,29,0.845,,0.5048908701993138,0.4291701592623638,3.927450534978725e-08,bidisperse_a0.005_sr0.667_N1000_L12_T100000_seed2.npz,bidisperse,2,0.005,0.6666666666666666,0.7564909570874463
34000.0,0.8613820376453699,24,0.829,,0.44563512797372934,0.4348191757779647,4.023812904382177e-08,bidisperse_a0.005_sr0.667_N1000_L12_T100000_seed2.npz,bidisperse,2,0.005,0.6666666666666666,0.7564909570874463
35000.0,0.8579160453488882,38,0.796,,0.4877934887847402,0.43568994889267465,4.113514434806187e-08,bidisperse_a0.005_sr0.667_N1000_L12_T100000_seed2.npz,bidisperse,2,0.005,0.6666666666666666,0.7564909570874463
36000.0,0.8572882088945246,37,0.775,0.5493555422526509,0.4241665324462728,0.4251082251082251,5.2324174147474294e-08,bidisperse_a0.005_sr0.667_N1000_L12_T100000_seed2.npz,bidisperse,2,0.005,0.6666666666666666,0.7564909570874463
37000.0,0.8600487422344851,21,0.838,,0.4796116497199053,0.41731266149870805,5.0172121138177785e-08,bidisperse_a0.005_sr0.667_N1000_L12_T100000_seed2.npz,bidisperse,2,0.005,0.6666666666666666,0.7564909570874463
38000.0,0.8552947778827977,30,0.763,,0.4446547717677151,0.4187741105872268,4.703588203940783e-08,bidisperse_a0.005_sr0.667_N1000_L12_T100000_seed2.npz,bidisperse,2,0.005,0.6666666666666666,0.7564909570874463
39000.0,0.8591973554127533,28,0.78,,0.49930823320386836,0.39657387580299786,4.413072460489062e-08,bidisperse_a0.005_sr0.667_N1000_L12_T100000_seed2.npz,bidisperse,2,0.005,0.6666666666666666,0.7564909570874463
40000.0,0.8598231493186852,29,0.755,0.5441718948491462,0.5081919995405577,0.40429112326461925,4.751869671829042e-08,bidisperse_a0.005_sr0.667_N1000_L12_T100000_seed2.npz,bidisperse,2,0.005,0.6666666666666666,0.7564909570874463
41000.0,0.8552605844203957,21,0.784,,0.5623080708146989,0.3951919021509911,4.4457410502101005e-08,bidisperse_a0.005_sr0.667_N1000_L12_T100000_seed2.npz,bidisperse,2,0.005,0.6666666666666666,0.7564909570874463
42000.0,0.8564764047350931,32,0.776,,0.49213520344150585,0.38165680473372776,4.9697914349276496e-08,bidisperse_a0.005_sr0.667_N1000_L12_T100000_seed2.npz,bidisperse,2,0.005,0.6666666666666666,0.7564909570874463
43000.0,0.8627267846116674,30,0.776,,0.4724618661418555,0.3716101694915255,4.392954327808786e-08,bidisperse_a0.005_sr0.667_N1000_L12_T100000_seed2.npz,bidisperse,2,0.005,0.6666666666666666,0.7564909570874463
44000.0,0.8507811975107498,27,0.783,0.5295440993684494,0.4971704226402154,0.3501912452188696,3.781405856800491e-08,bidisperse_a0.005_sr0.667_N1000_L12_T100000_seed2.npz,bidisperse,2,0.005,0.6666666666666666,0.7564909570874463
45000.0,0.8575945890746941,21,0.799,,0.5256828217376295,0.37223843268028345,3.903442208012306e-08,bidisperse_a0.005_sr0.667_N1000_L12_T100000_seed2.npz,bidisperse,2,0.005,0.6666666666666666,0.7564909570874463
46000.0,0.8593891496784697,19,0.835,,0.4608716115481802,0.3882063882063882,3.669269841096911e-08,bidisperse_a0.005_sr0.667_N1000_L12_T100000_seed2.npz,bidisperse,2,0.005,0.6666666666666666,0.7564909570874463
47000.0,0.8585956348321105,23,0.801,,0.4951193744893217,0.36126088759850683,3.72695460045281e-08,bidisperse_a0.005_sr0.667_N1000_L12_T100000_seed2.npz,bidisperse,2,0.005,0.6666666666666666,0.7564909570874463
48000.0,0.8549495635364377,16,0.806,0.5319029966074963,0.5039932328985999,0.37753833402403647,3.661802158906688e-08,bidisperse_a0.005_sr0.667_N1000_L12_T100000_seed2.npz,bidisperse,2,0.005,0.6666666666666666,0.7564909570874463
49000.0,0.851655751680203,22,0.813,,0.4493663384337344,0.3729096989966555,4.093202965660478e-08,bidisperse_a0.005_sr0.667_N1000_L12_T100000_seed2.npz,bidisperse,2,0.005,0.6666666666666666,0.7564909570874463
50000.0,0.8585925075764396,25,0.799,,0.4393949766991723,0.39528145695364236,4.763261932393505e-08,bidisperse_a0.005_sr0.667_N1000_L12_T100000_seed2.npz,bidisperse,2,0.005,0.6666666666666666,0.7564909570874463
51000.0,0.854246873054914,19,0.795,,0.5292112024777812,0.36455270894582104,3.8720219160145666e-08,bidisperse_a0.005_sr0.667_N1000_L12_T100000_seed2.npz,bidisperse,2,0.005,0.6666666666666666,0.7564909570874463
52000.0,0.8510266151675708,20,0.781,0.5331352134307248,0.639986669112683,0.3545108005082592,3.088316969721701e-08,bidisperse_a0.005_sr0.667_N1000_L12_T100000_seed2.npz,bidisperse,2,0.005,0.6666666666666666,0.7564909570874463
53000.0,0.8531185577120044,30,0.763,,0.519062388846269,0.3970772442588727,3.1306791692326125e-08,bidisperse_a0.005_sr0.667_N1000_L12_T100000_seed2.npz,bidisperse,2,0.005,0.6666666666666666,0.7564909570874463
54000.0,0.8528633891378756,19,0.794,,0.5043126011917809,0.394142259414226,3.518611044610523e-08,bidisperse_a0.005_sr0.667_N1000_L12_T100000_seed2.npz,bidisperse,2,0.005,0.6666666666666666,0.7564909570874463
55000.0,0.854156467626812,21,0.783,,0.4852216379302758,0.3909052982895286,3.261737578756501e-08,bidisperse_a0.005_sr0.667_N1000_L12_T100000_seed2.npz,bidisperse,2,0.005,0.6666666666666666,0.7564909570874463
56000.0,0.8559647238852051,25,0.742,0.5351162447314022,0.5201980818842282,0.39025406080799663,3.5834172072566514e-08,bidisperse_a0.005_sr0.667_N1000_L12_T100000_seed2.npz,bidisperse,2,0.005,0.6666666666666666,0.7564909570874463
57000.0,0.8531727972647346,26,0.725,,0.44085486097363463,0.34825656478691347,3.1993961038587115e-08,bidisperse_a0.005_sr0.667_N1000_L12_T100000_seed2.npz,bidisperse,2,0.005,0.6666666666666666,0.7564909570874463
58000.0,0.8597130834976989,26,0.721,,0.5566274772823033,0.35732538330494035,3.403951831217282e-08,bidisperse_a0.005_sr0.667_N1000_L12_T100000_seed2.npz,bidisperse,2,0.005,0.6666666666666666,0.7564909570874463
59000.0,0.8614462514719778,28,0.739,,0.5054304119332752,0.37136842105263157,3.7817808678347474e-08,bidisperse_a0.005_sr0.667_N1000_L12_T100000_seed2.npz,bidisperse,2,0.005,0.6666666666666666,0.7564909570874463
60000.0,0.8583715058407171,25,0.742,0.533582371202833,0.5785343912656719,0.37118644067796613,3.681220258317581e-08,bidisperse_a0.005_sr0.667_N1000_L12_T100000_seed2.npz,bidisperse,2,0.005,0.6666666666666666,0.7564909570874463
61000.0,0.856141147424306,21,0.756,,0.4917391631996357,0.37968815844922044,3.723818690125981e-08,bidisperse_a0.005_sr0.667_N1000_L12_T100000_seed2.npz,bidisperse,2,0.005,0.6666666666666666,0.7564909570874463
62000.0,0.8513635916194086,25,0.757,,0.5186986446649311,0.3610993657505286,3.66668645419739e-08,bidisperse_a0.005_sr0.667_N1000_L12_T100000_seed2.npz,bidisperse,2,0.005,0.6666666666666666,0.7564909570874463
63000.0,0.8568825113454489,22,0.769,,0.5066097408871366,0.3400929446556823,3.043317808886359e-08,bidisperse_a0.005_sr0.667_N1000_L12_T100000_seed2.npz,bidisperse,2,0.005,0.6666666666666666,0.7564909570874463
64000.0,0.8580307061941711,26,0.764,0.5402928131319548,0.5128133357964302,0.39096185737976785,3.268274323306265e-08,bidisperse_a0.005_sr0.667_N1000_L12_T100000_seed2.npz,bidisperse,2,0.005,0.6666666666666666,0.7564909570874463
65000.0,0.8591464555504981,20,0.764,,0.4840115270786636,0.397231543624161,3.3006471840753765e-08,bidisperse_a0.005_sr0.667_N1000_L12_T100000_seed2.npz,bidisperse,2,0.005,0.6666666666666666,0.7564909570874463
66000.0,0.8619786953378911,22,0.88,,0.46928120552837477,0.40984974958263776,4.017594314996254e-08,bidisperse_a0.005_sr0.667_N1000_L12_T100000_seed2.npz,bidisperse,2,0.005,0.6666666666666666,0.7564909570874463
67000.0,0.8668363125059251,21,0.85,,0.498334375916985,0.41132075471698115,2.9296974700500485e-08,bidisperse_a0.005_sr0.667_N1000_L12_T100000_seed2.npz,bidisperse,2,0.005,0.6666666666666666,0.7564909570874463
68000.0,0.8598816758769866,22,0.855,0.5470952725015089,0.4750706261026348,0.4291666666666667,2.907391414804023e-08,bidisperse_a0.005_sr0.667_N1000_L12_T100000_seed2.npz,bidisperse,2,0.005,0.6666666666666666,0.7564909570874463
69000.0,0.8571239629772933,19,0.794,,0.47356855254061925,0.41090146750524104,3.443818012144429e-08,bidisperse_a0.005_sr0.667_N1000_L12_T100000_seed2.npz,bidisperse,2,0.005,0.6666666666666666,0.7564909570874463
70000.0,0.8617201377327837,21,0.796,,0.44013650443011326,0.40928093645484953,3.88699996477719e-08,bidisperse_a0.005_sr0.667_N1000_L12_T100000_seed2.npz,bidisperse,2,0.005,0.6666666666666666,0.7564909570874463
71000.0,0.8636845264075277,28,0.772,,0.45936830420706637,0.40330088870080405,3.467965829986925e-08,bidisperse_a0.005_sr0.667_N1000_L12_T100000_seed2.npz,bidisperse,2,0.005,0.6666666666666666,0.7564909570874463
72000.0,0.8615214489349852,26,0.798,0.5463828544439876,0.4754257685637567,0.4151182432432432,4.807013198802197e-08,bidisperse_a0.005_sr0.667_N1000_L12_T100000_seed2.npz,bidisperse,2,0.005,0.6666666666666666,0.7564909570874463
73000.0,0.8585481271202752,25,0.694,,0.45040396286743367,0.4115905245346869,3.812206491176924e-08,bidisperse_a0.005_sr0.667_N1000_L12_T100000_seed2.npz,bidisperse,2,0.005,0.6666666666666666,0.7564909570874463
74000.0,0.8651410079514096,22,0.798,,0.45123550347233987,0.42803347280334725,4.2251315860653135e-08,bidisperse_a0.005_sr0.667_N1000_L12_T100000_seed2.npz,bidisperse,2,0.005,0.6666666666666666,0.7564909570874463
75000.0,0.8593924226026499,28,0.74,,0.4905426296733188,0.42203389830508475,4.1538225839358074e-08,bidisperse_a0.005_sr0.667_N1000_L12_T100000_seed2.npz,bidisperse,2,0.005,0.6666666666666666,0.7564909570874463
76000.0,0.8660942293304579,17,0.818,0.5438464451426545,0.4899658944902092,0.3916595012897678,3.163698730347993e-08,bidisperse_a0.005_sr0.667_N1000_L12_T100000_seed2.npz,bidisperse,2,0.005,0.6666666666666666,0.7564909570874463
77000.0,0.8670602531378592,26,0.724,,0.6066084648536099,0.4105657237936772,3.878924844428364e-08,bidisperse_a0.005_sr0.667_N1000_L12_T100000_seed2.npz,bidisperse,2,0.005,0.6666666666666666,0.7564909570874463
78000.0,0.8640901806830085,15,0.782,,0.645716285229823,0.41312422616591005,3.2074042765419046e-08,bidisperse_a0.005_sr0.667_N1000_L12_T100000_seed2.npz,bidisperse,2,0.005,0.6666666666666666,0.7564909570874463
79000.0,0.8654742308446012,17,0.846,,0.49064939025032184,0.3977272727272727,3.432797130759048e-08,bidisperse_a0.005_sr0.667_N1000_L12_T100000_seed2.npz,bidisperse,2,0.005,0.6666666666666666,0.7564909570874463
80000.0,0.8651170945508713,20,0.749,0.5473311021542717,0.46705933575165454,0.4084388185654009,3.811468164288235e-08,bidisperse_a0.005_sr0.667_N1000_L12_T100000_seed2.npz,bidisperse,2,0.005,0.6666666666666666,0.7564909570874463
81000.0,0.8704698517203459,25,0.77,,0.53102857714983,0.44134775374376045,4.394514156988091e-08,bidisperse_a0.005_sr0.667_N1000_L12_T100000_seed2.npz,bidisperse,2,0.005,0.6666666666666666,0.7564909570874463
82000.0,0.8661482040196895,16,0.858,,0.5551759548060262,0.4204355108877722,4.707846092475926e-08,bidisperse_a0.005_sr0.667_N1000_L12_T100000_seed2.npz,bidisperse,2,0.005,0.6666666666666666,0.7564909570874463
83000.0,0.8638264880081266,18,0.844,,0.48591224830534513,0.41069208454206385,3.9268259985621525e-08,bidisperse_a0.005_sr0.667_N1000_L12_T100000_seed2.npz,bidisperse,2,0.005,0.6666666666666666,0.7564909570874463
84000.0,0.8643721389216305,13,0.859,0.5395387096479446,0.48010057826635194,0.402829796088223,3.032735801752934e-08,bidisperse_a0.005_sr0.667_N1000_L12_T100000_seed2.npz,bidisperse,2,0.005,0.6666666666666666,0.7564909570874463
85000.0,0.8650867823584498,18,0.829,,0.5156359680411613,0.4128364389233955,3.475398382599196e-08,bidisperse_a0.005_sr0.667_N1000_L12_T100000_seed2.npz,bidisperse,2,0.005,0.6666666666666666,0.7564909570874463
86000.0,0.867187282395092,20,0.86,,0.5225851762588505,0.40613344384583505,3.137388068988924e-08,bidisperse_a0.005_sr0.667_N1000_L12_T100000_seed2.npz,bidisperse,2,0.005,0.6666666666666666,0.7564909570874463
87000.0,0.8690681247663302,23,0.851,,0.5294851581166017,0.4238547255468428,2.9823424838897717e-08,bidisperse_a0.005_sr0.667_N1000_L12_T100000_seed2.npz,bidisperse,2,0.005,0.6666666666666666,0.7564909570874463
88000.0,0.8648695445256291,21,0.862,0.53400511370529,0.48434981700912705,0.4251247920133111,3.0646919761458956e-08,bidisperse_a0.005_sr0.667_N1000_L12_T100000_seed2.npz,bidisperse,2,0.005,0.6666666666666666,0.7564909570874463
89000.0,0.870202562460863,23,0.819,,0.5781228585572801,0.4237995824634656,3.70449822990309e-08,bidisperse_a0.005_sr0.667_N1000_L12_T100000_seed2.npz,bidisperse,2,0.005,0.6666666666666666,0.7564909570874463
90000.0,0.8709519943771259,22,0.833,,0.5549321215838341,0.40901432181971353,3.394071911838873e-08,bidisperse_a0.005_sr0.667_N1000_L12_T100000_seed2.npz,bidisperse,2,0.005,0.6666666666666666,0.7564909570874463
91000.0,0.8694581805934074,23,0.836,,0.5500298974230663,0.41226215644820297,2.5632083414736945e-08,bidisperse_a0.005_sr0.667_N1000_L12_T100000_seed2.npz,bidisperse,2,0.005,0.6666666666666666,0.7564909570874463
92000.0,0.8680801375600927,21,0.825,0.5428141594663521,0.5251621441267967,0.4365546218487395,2.7792356533284723e-08,bidisperse_a0.005_sr0.667_N1000_L12_T100000_seed2.npz,bidisperse,2,0.005,0.6666666666666666,0.7564909570874463
93000.0,0.8692493919123271,19,0.851,,0.5543884006671423,0.41906779661016946,3.203224887632875e-08,bidisperse_a0.005_sr0.667_N1000_L12_T100000_seed2.npz,bidisperse,2,0.005,0.6666666666666666,0.7564909570874463
94000.0,0.8699709513980108,26,0.763,,0.5158900981397377,0.433714527742482,2.8959502671404513e-08,bidisperse_a0.005_sr0.667_N1000_L12_T100000_seed2.npz,bidisperse,2,0.005,0.6666666666666666,0.7564909570874463
95000.0,0.870946753245274,27,0.687,,0.5436879925082806,0.4306321595248197,3.688995409742288e-08,bidisperse_a0.005_sr0.667_N1000_L12_T100000_seed2.npz,bidisperse,2,0.005,0.6666666666666666,0.7564909570874463
96000.0,0.8730545197336432,25,0.687,0.5581711993674321,0.5092176634988608,0.4210750853242321,4.7578834513943056e-08,bidisperse_a0.005_sr0.667_N1000_L12_T100000_seed2.npz,bidisperse,2,0.005,0.6666666666666666,0.7564909570874463
97000.0,0.8711309405776985,25,0.676,,0.5070987113892134,0.43143955574540793,4.5851340029351625e-08,bidisperse_a0.005_sr0.667_N1000_L12_T100000_seed2.npz,bidisperse,2,0.005,0.6666666666666666,0.7564909570874463
98000.0,0.8661986625599556,25,0.701,,0.485534895445721,0.43536280233527935,3.790435491315888e-08,bidisperse_a0.005_sr0.667_N1000_L12_T100000_seed2.npz,bidisperse,2,0.005,0.6666666666666666,0.7564909570874463
99000.0,0.8668170189883554,16,0.852,,0.5565247216074105,0.39891846921797003,3.509162019422767e-08,bidisperse_a0.005_sr0.667_N1000_L12_T100000_seed2.npz,bidisperse,2,0.005,0.6666666666666666,0.7564909570874463
100000.0,0.8632953654051413,19,0.68,0.5327572060119995,0.4835994001227032,0.4064171122994652,2.8363307034848467e-08,bidisperse_a0.005_sr0.667_N1000_L12_T100000_seed2.npz,bidisperse,2,0.005,0.6666666666666666,0.7564909570874463
0.0,0.9881983244317549,199,0.02,0.8538287047079677,,,,bidisperse_a0.005_sr0.667_N1000_L12_T100000_seed3.npz,bidisperse,3,0.005,0.6666666666666666,0.6110641876538256
1000.0,0.9451464881524275,37,0.144,,0.15893023495530403,0.8292191435768261,4.10533914661148e-08,bidisperse_a0.005_sr0.667_N1000_L12_T100000_seed3.npz,bidisperse,3,0.005,0.6666666666666666,0.6110641876538256
2000.0,0.9358437185061901,30,0.207,,0.6127247892193669,0.6679824561403509,3.138696816385375e-08,bidisperse_a0.005_sr0.667_N1000_L12_T100000_seed3.npz,bidisperse,3,0.005,0.6666666666666666,0.6110641876538256
3000.0,0.9264490997229917,26,0.255,,0.5676004719785821,0.6740355439965323,3.464242070003118e-08,bidisperse_a0.005_sr0.667_N1000_L12_T100000_seed3.npz,bidisperse,3,0.005,0.6666666666666666,0.6110641876538256
4000.0,0.9094535640287705,26,0.431,0.5989053127966654,0.5033462748610554,0.6399310047434239,3.708775367378611e-08,bidisperse_a0.005_sr0.667_N1000_L12_T100000_seed3.npz,bidisperse,3,0.005,0.6666666666666666,0.6110641876538256
5000.0,0.9066375087310072,22,0.393,,0.5273480276495227,0.5887131252672082,3.390234385106542e-08,bidisperse_a0.005_sr0.667_N1000_L12_T100000_seed3.npz,bidisperse,3,0.005,0.6666666666666666,0.6110641876538256
6000.0,0.8948763779161323,19,0.326,,0.4500510052768825,0.5747028862478778,3.37630256353931e-08,bidisperse_a0.005_sr0.667_N1000_L12_T100000_seed3.npz,bidisperse,3,0.005,0.6666666666666666,0.6110641876538256
7000.0,0.895623898936556,21,0.367,,0.531815503373922,0.5419300463548251,4.531557806050221e-08,bidisperse_a0.005_sr0.667_N1000_L12_T100000_seed3.npz,bidisperse,3,0.005,0.6666666666666666,0.6110641876538256
8000.0,0.8861627246400908,20,0.417,0.5642630948467088,0.5822674570352463,0.5160885917258671,4.030920777133156e-08,bidisperse_a0.005_sr0.667_N1000_L12_T100000_seed3.npz,bidisperse,3,0.005,0.6666666666666666,0.6110641876538256
9000.0,0.8828915507656202,24,0.345,,0.6451461244817411,0.49750000000000005,4.1170850746988076e-08,bidisperse_a0.005_sr0.667_N1000_L12_T100000_seed3.npz,bidisperse,3,0.005,0.6666666666666666,0.6110641876538256
10000.0,0.8784877225284045,20,0.425,,0.5396916603284498,0.4788259958071279,5.0141970081481403e-08,bidisperse_a0.005_sr0.667_N1000_L12_T100000_seed3.npz,bidisperse,3,0.005,0.6666666666666666,0.6110641876538256
11000.0,0.8804684190167437,15,0.426,,0.48955723553051617,0.4967213114754099,3.5870181296870156e-08,bidisperse_a0.005_sr0.667_N1000_L12_T100000_seed3.npz,bidisperse,3,0.005,0.6666666666666666,0.6110641876538256
12000.0,0.8776744643699135,21,0.887,0.5582191832346421,0.5234416734572266,0.4864532019704434,3.2330245539742034e-08,bidisperse_a0.005_sr0.667_N1000_L12_T100000_seed3.npz,bidisperse,3,0.005,0.6666666666666666,0.6110641876538256
13000.0,0.8792016778462299,20,0.845,,0.5550246556803713,0.4902852418354692,3.520097849388083e-08,bidisperse_a0.005_sr0.667_N1000_L12_T100000_seed3.npz,bidisperse,3,0.005,0.6666666666666666,0.6110641876538256
14000.0,0.8696943384018861,25,0.792,,0.5501180409773384,0.46572496884088077,3.055824980872164e-08,bidisperse_a0.005_sr0.667_N1000_L12_T100000_seed3.npz,bidisperse,3,0.005,0.6666666666666666,0.6110641876538256
15000.0,0.8691729590497079,20,0.87,,0.5553742615873205,0.43940024989587667,2.9796380147997077e-08,bidisperse_a0.005_sr0.667_N1000_L12_T100000_seed3.npz,bidisperse,3,0.005,0.6666666666666666,0.6110641876538256
16000.0,0.8730740347881286,18,0.778,0.5427109827204961,0.5857245087418153,0.42839248434238,3.2146683620201976e-08,bidisperse_a0.005_sr0.667_N1000_L12_T100000_seed3.npz,bidisperse,3,0.005,0.6666666666666666,0.6110641876538256
17000.0,0.8721035377777778,23,0.872,,0.5550847122422301,0.45304777594728174,2.9118385500550725e-08,bidisperse_a0.005_sr0.667_N1000_L12_T100000_seed3.npz,bidisperse,3,0.005,0.6666666666666666,0.6110641876538256
18000.0,0.8654519671242641,20,0.872,,0.4826625329027261,0.4682080924855492,3.804622550874386e-08,bidisperse_a0.005_sr0.667_N1000_L12_T100000_seed3.npz,bidisperse,3,0.005,0.6666666666666666,0.6110641876538256
19000.0,0.8720660606549663,20,0.567,,0.5257813322928306,0.4570247933884297,3.133736302042451e-08,bidisperse_a0.005_sr0.667_N1000_L12_T100000_seed3.npz,bidisperse,3,0.005,0.6666666666666666,0.6110641876538256
20000.0,0.8711486177550749,25,0.554,0.5558664493619336,0.5331136945085568,0.4175213675213675,2.8480540897379938e-08,bidisperse_a0.005_sr0.667_N1000_L12_T100000_seed3.npz,bidisperse,3,0.005,0.6666666666666666,0.6110641876538256
21000.0,0.8694577923729122,28,0.853,,0.4258537545114009,0.4336472602739726,3.5648861296617805e-08,bidisperse_a0.005_sr0.667_N1000_L12_T100000_seed3.npz,bidisperse,3,0.005,0.6666666666666666,0.6110641876538256
22000.0,0.8606048933956743,18,0.88,,0.4364872218138685,0.428087986463621,3.502434868937671e-08,bidisperse_a0.005_sr0.667_N1000_L12_T100000_seed3.npz,bidisperse,3,0.005,0.6666666666666666,0.6110641876538256
23000.0,0.8669065062364486,18,0.876,,0.44916380192485444,0.42911073825503354,3.03227915085715e-08,bidisperse_a0.005_sr0.667_N1000_L12_T100000_seed3.npz,bidisperse,3,0.005,0.6666666666666666,0.6110641876538256
24000.0,0.8589843537141137,18,0.872,0.5385378453330909,0.45517269927733967,0.4414784394250514,3.134592138354842e-08,bidisperse_a0.005_sr0.667_N1000_L12_T100000_seed3.npz,bidisperse,3,0.005,0.6666666666666666,0.6110641876538256
25000.0,0.8557736955735719,17,0.871,,0.4738721030005742,0.4023275145469659,3.546581893760215e-08,bidisperse_a0.005_sr0.667_N1000_L12_T100000_seed3.npz,bidisperse,3,0.005,0.6666666666666666,0.6110641876538256
26000.0,0.85968498599833,17,0.881,,0.4897029720562591,0.3817651956702748,3.8961509722945884e-08,bidisperse_a0.005_sr0.667_N1000_L12_T100000_seed3.npz,bidisperse,3,0.005,0.6666666666666666,0.6110641876538256
27000.0,0.8517400961169697,21,0.868,,0.5316078501335672,0.39975298476739396,4.4439479197291816e-08,bidisperse_a0.005_sr0.667_N1000_L12_T100000_seed3.npz,bidisperse,3,0.005,0.6666666666666666,0.6110641876538256
28000.0,0.8517775041387337,16,0.892,0.5194470539182744,0.44763528950354503,0.42442563482466744,3.7853613724586296e-08,bidisperse_a0.005_sr0.667_N1000_L12_T100000_seed3.npz,bidisperse,3,0.005,0.6666666666666666,0.6110641876538256
29000.0,0.8535952352123254,20,0.874,,0.4448996971476378,0.38160066006600657,3.3506308261811844e-08,bidisperse_a0.005_sr0.667_N1000_L12_T100000_seed3.npz,bidisperse,3,0.005,0.6666666666666666,0.6110641876538256
30000.0,0.8547863114185441,24,0.865,,0.5177873344889175,0.37671517671517674,3.282670012479154e-08,bidisperse_a0.005_sr0.667_N1000_L12_T100000_seed3.npz,bidisperse,3,0.005,0.6666666666666666,0.6110641876538256
31000.0,0.8576833662064431,19,0.879,,0.4945967931972055,0.38085370907583915,3.0466425521391014e-08,bidisperse_a0.005_sr0.667_N1000_L12_T100000_seed3.npz,bidisperse,3,0.005,0.6666666666666666,0.6110641876538256
32000.0,0.8524793817491396,29,0.873,0.5380318278109604,0.4888433371442661,0.36939983093829243,3.2988464484459296e-08,bidisperse_a0.005_sr0.667_N1000_L12_T100000_seed3.npz,bidisperse,3,0.005,0.6666666666666666,0.6110641876538256
33000.0,0.8500182286502743,21,0.875,,0.4237307226101065,0.37142857142857144,2.9586652931691383e-08,bidisperse_a0.005_sr0.667_N1000_L12_T100000_seed3.npz,bidisperse,3,0.005,0.6666666666666666,0.6110641876538256
34000.0,0.8472111984014052,23,0.899,,0.3976848833377761,0.3625263157894737,3.331089638005813e-08,bidisperse_a0.005_sr0.667_N1000_L12_T100000_seed3.npz,bidisperse,3,0.005,0.6666666666666666,0.6110641876538256
35000.0,0.8485929910587426,27,0.884,,0.48426213870750234,0.39117769454848106,4.164378023042727e-08,bidisperse_a0.005_sr0.667_N1000_L12_T100000_seed3.npz,bidisperse,3,0.005,0.6666666666666666,0.6110641876538256
36000.0,0.8474156835651704,20,0.889,0.5301415432255577,0.4572382899796023,0.3976945244956772,3.727047207369631e-08,bidisperse_a0.005_sr0.667_N1000_L12_T100000_seed3.npz,bidisperse,3,0.005,0.6666666666666666,0.6110641876538256
37000.0,0.8466352543380291,23,0.851,,0.436695297872919,0.3773349937733499,3.555287253142519e-08,bidisperse_a0.005_sr0.667_N1000_L12_T100000_seed3.npz,bidisperse,3,0.005,0.6666666666666666,0.6110641876538256
38000.0,0.8520281618341015,24,0.848,,0.4513361411413082,0.3614406779661017,3.1562698785568325e-08,bidisperse_a0.005_sr0.667_N1000_L12_T100000_seed3.npz,bidisperse,3,0.005,0.6666666666666666,0.6110641876538256
39000.0,0.8486796026965422,20,0.859,,0.4448261827847454,0.3867171080285834,2.947318377752339e-08,bidisperse_a0.005_sr0.667_N1000_L12_T100000_seed3.npz,bidisperse,3,0.005,0.6666666666666666,0.6110641876538256
40000.0,0.8549888095533221,26,0.855,0.539246240942569,0.4913368301947425,0.38923917612442205,2.7921667732204237e-08,bidisperse_a0.005_sr0.667_N1000_L12_T100000_seed3.npz,bidisperse,3,0.005,0.6666666666666666,0.6110641876538256
41000.0,0.8584111160298679,25,0.864,,0.5317682211705629,0.41090146750524104,3.9455481780450595e-08,bidisperse_a0.005_sr0.667_N1000_L12_T100000_seed3.npz,bidisperse,3,0.005,0.6666666666666666,0.6110641876538256
42000.0,0.8486891539704117,25,0.861,,0.5506616610936426,0.3871653208669783,3.331493522297213e-08,bidisperse_a0.005_sr0.667_N1000_L12_T100000_seed3.npz,bidisperse,3,0.005,0.6666666666666666,0.6110641876538256
43000.0,0.8554440666319673,26,0.848,,0.48092455931894473,0.4054054054054054,3.3843879775129855e-08,bidisperse_a0.005_sr0.667_N1000_L12_T100000_seed3.npz,bidisperse,3,0.005,0.6666666666666666,0.6110641876538256
44000.0,0.8547982684472611,28,0.843,0.5445018013429909,0.4291913139076605,0.40611724723874254,3.9050957998253296e-08,bidisperse_a0.005_sr0.667_N1000_L12_T100000_seed3.npz,bidisperse,3,0.005,0.6666666666666666,0.6110641876538256
45000.0,0.8576597051544186,21,0.857,,0.4368238154012243,0.42165122156697554,4.098601138603722e-08,bidisperse_a0.005_sr0.667_N1000_L12_T100000_seed3.npz,bidisperse,3,0.005,0.6666666666666666,0.6110641876538256
46000.0,0.8531112339090834,16,0.878,,0.4296202073642883,0.41807432432432434,4.553877636427351e-08,bidisperse_a0.005_sr0.667_N1000_L12_T100000_seed3.npz,bidisperse,3,0.005,0.6666666666666666,0.6110641876538256
47000.0,0.8559990276471207,21,0.877,,0.47087801233527093,0.44843234323432346,4.3059106895801196e-08,bidisperse_a0.005_sr0.667_N1000_L12_T100000_seed3.npz,bidisperse,3,0.005,0.6666666666666666,0.6110641876538256
48000.0,0.8549202256536746,18,0.879,0.5302655009100484,0.5259969596326742,0.41625207296849087,3.4131512213580464e-08,bidisperse_a0.005_sr0.667_N1000_L12_T100000_seed3.npz,bidisperse,3,0.005,0.6666666666666666,0.6110641876538256
49000.0,0.854427349070232,22,0.891,,0.4550388725460147,0.40697674418604646,3.770873644932033e-08,bidisperse_a0.005_sr0.667_N1000_L12_T100000_seed3.npz,bidisperse,3,0.005,0.6666666666666666,0.6110641876538256
50000.0,0.8538531396894821,29,0.828,,0.4376637847014438,0.4151182432432432,4.242162487008978e-08,bidisperse_a0.005_sr0.667_N1000_L12_T100000_seed3.npz,bidisperse,3,0.005,0.6666666666666666,0.6110641876538256
51000.0,0.8618664743034398,25,0.795,,0.5276973255963142,0.4080944350758853,4.794009000731245e-08,bidisperse_a0.005_sr0.667_N1000_L12_T100000_seed3.npz,bidisperse,3,0.005,0.6666666666666666,0.6110641876538256
52000.0,0.854472052622702,24,0.824,0.5357885197054029,0.43302658206149414,0.38267451640033645,4.449348063133093e-08,bidisperse_a0.005_sr0.667_N1000_L12_T100000_seed3.npz,bidisperse,3,0.005,0.6666666666666666,0.6110641876538256
53000.0,0.8553170375593355,23,0.82,,0.3989058134102313,0.38063157894736843,4.182623368354061e-08,bidisperse_a0.005_sr0.667_N1000_L12_T100000_seed3.npz,bidisperse,3,0.005,0.6666666666666666,0.6110641876538256
54000.0,0.8521404140333237,22,0.833,,0.4143564715736133,0.39418212478920744,3.976496679522124e-08,bidisperse_a0.005_sr0.667_N1000_L12_T100000_seed3.npz,bidisperse,3,0.005,0.6666666666666666,0.6110641876538256
55000.0,0.8503852785600693,27,0.798,,0.4485131422305539,0.3969785984053714,4.5941882250912207e-08,bidisperse_a0.005_sr0.667_N1000_L12_T100000_seed3.npz,bidisperse,3,0.005,0.6666666666666666,0.6110641876538256
56000.0,0.8432189788217096,29,0.82,0.5322191638940915,0.42339055235974427,0.3865652724968315,4.907313771641134e-08,bidisperse_a0.005_sr0.667_N1000_L12_T100000_seed3.npz,bidisperse,3,0.005,0.6666666666666666,0.6110641876538256
57000.0,0.8500140286916263,30,0.829,,0.45356774543459016,0.3758071459319845,5.28428829670664e-08,bidisperse_a0.005_sr0.667_N1000_L12_T100000_seed3.npz,bidisperse,3,0.005,0.6666666666666666,0.6110641876538256
58000.0,0.8556304034710098,22,0.808,,0.45997291805880824,0.38683651804670915,5.217452748959224e-08,bidisperse_a0.005_sr0.667_N1000_L12_T100000_seed3.npz,bidisperse,3,0.005,0.6666666666666666,0.6110641876538256
59000.0,0.8527963701760788,17,0.813,,0.5205728837535285,0.4134217067108533,4.146120973175771e-08,bidisperse_a0.005_sr0.667_N1000_L12_T100000_seed3.npz,bidisperse,3,0.005,0.6666666666666666,0.6110641876538256
60000.0,0.856067409623062,26,0.78,0.5339872669269745,0.46143949888645847,0.4059775840597758,4.100111725539894e-08,bidisperse_a0.005_sr0.667_N1000_L12_T100000_seed3.npz,bidisperse,3,0.005,0.6666666666666666,0.6110641876538256
61000.0,0.851787411596024,23,0.802,,0.47944356436240493,0.40969899665551834,5.008170702946108e-08,bidisperse_a0.005_sr0.667_N1000_L12_T100000_seed3.npz,bidisperse,3,0.005,0.6666666666666666,0.6110641876538256
62000.0,0.8569804050449626,19,0.848,,0.46763722050527584,0.40025094102885816,3.915238415268859e-08,bidisperse_a0.005_sr0.667_N1000_L12_T100000_seed3.npz,bidisperse,3,0.005,0.6666666666666666,0.6110641876538256
63000.0,0.8559570132352937,24,0.835,,0.4543529633079561,0.4115716044316783,3.612928315395301e-08,bidisperse_a0.005_sr0.667_N1000_L12_T100000_seed3.npz,bidisperse,3,0.005,0.6666666666666666,0.6110641876538256
64000.0,0.8482632543557185,21,0.838,0.5362821868515829,0.48222343020755093,0.41108829568788496,3.635473372321538e-08,bidisperse_a0.005_sr0.667_N1000_L12_T100000_seed3.npz,bidisperse,3,0.005,0.6666666666666666,0.6110641876538256
65000.0,0.8565530379585559,21,0.835,,0.4648810795444972,0.38394342762063227,3.570766704743993e-08,bidisperse_a0.005_sr0.667_N1000_L12_T100000_seed3.npz,bidisperse,3,0.005,0.6666666666666666,0.6110641876538256
66000.0,0.8481332140794118,24,0.845,,0.4704897600170027,0.38614682704272085,3.745859233708555e-08,bidisperse_a0.005_sr0.667_N1000_L12_T100000_seed3.npz,bidisperse,3,0.005,0.6666666666666666,0.6110641876538256
67000.0,0.848734931015641,27,0.816,,0.47878250545860973,0.3618726275832982,4.330897582865106e-08,bidisperse_a0.005_sr0.667_N1000_L12_T100000_seed3.npz,bidisperse,3,0.005,0.6666666666666666,0.6110641876538256
68000.0,0.8483021821896609,26,0.825,0.5206752131111282,0.5182703569864203,0.3874022231370935,3.932641776424488e-08,bidisperse_a0.005_sr0.667_N1000_L12_T100000_seed3.npz,bidisperse,3,0.005,0.6666666666666666,0.6110641876538256
69000.0,0.8566691961208848,28,0.809,,0.46970252759836023,0.3782426778242678,4.408259876192218e-08,bidisperse_a0.005_sr0.667_N1000_L12_T100000_seed3.npz,bidisperse,3,0.005,0.6666666666666666,0.6110641876538256
70000.0,0.856022723081714,21,0.834,,0.49920365643411657,0.41784820683903257,4.4107596342605885e-08,bidisperse_a0.005_sr0.667_N1000_L12_T100000_seed3.npz,bidisperse,3,0.005,0.6666666666666666,0.6110641876538256
71000.0,0.8575663739247349,29,0.785,,0.47860479954256707,0.40725126475548057,4.0738467404653325e-08,bidisperse_a0.005_sr0.667_N1000_L12_T100000_seed3.npz,bidisperse,3,0.005,0.6666666666666666,0.6110641876538256
72000.0,0.8597572286114004,25,0.757,0.5370533379669155,0.5225330929094678,0.4000848536274926,5.226171700589489e-08,bidisperse_a0.005_sr0.667_N1000_L12_T100000_seed3.npz,bidisperse,3,0.005,0.6666666666666666,0.6110641876538256
73000.0,0.8553612570081583,28,0.772,,0.46664142006585096,0.3970276008492569,4.298736072782867e-08,bidisperse_a0.005_sr0.667_N1000_L12_T100000_seed3.npz,bidisperse,3,0.005,0.6666666666666666,0.6110641876538256
74000.0,0.8573604915840726,31,0.759,,0.4896086663937821,0.3851438385573207,4.983410705361639e-08,bidisperse_a0.005_sr0.667_N1000_L12_T100000_seed3.npz,bidisperse,3,0.005,0.6666666666666666,0.6110641876538256
75000.0,0.8563579789368369,29,0.771,,0.42483466766284106,0.3817480719794345,4.5342212119422015e-08,bidisperse_a0.005_sr0.667_N1000_L12_T100000_seed3.npz,bidisperse,3,0.005,0.6666666666666666,0.6110641876538256
76000.0,0.8597500283297231,22,0.791,0.5347237052953338,0.44047951050149936,0.3862098138747885,4.058652596538212e-08,bidisperse_a0.005_sr0.667_N1000_L12_T100000_seed3.npz,bidisperse,3,0.005,0.6666666666666666,0.6110641876538256
77000.0,0.8520147190228595,23,0.832,,0.4749447743062535,0.40226986128625475,3.003702949486641e-08,bidisperse_a0.005_sr0.667_N1000_L12_T100000_seed3.npz,bidisperse,3,0.005,0.6666666666666666,0.6110641876538256
78000.0,0.856518261666134,24,0.855,,0.4424736373786248,0.4062101233517652,3.981037697688639e-08,bidisperse_a0.005_sr0.667_N1000_L12_T100000_seed3.npz,bidisperse,3,0.005,0.6666666666666666,0.6110641876538256
79000.0,0.8507758173642002,22,0.829,,0.4291827446091153,0.4303586321934946,4.300563691285654e-08,bidisperse_a0.005_sr0.667_N1000_L12_T100000_seed3.npz,bidisperse,3,0.005,0.6666666666666666,0.6110641876538256
80000.0,0.8511428949352298,23,0.812,0.5335734935203473,0.4800582824394663,0.40497260851243155,3.703911403086661e-08,bidisperse_a0.005_sr0.667_N1000_L12_T100000_seed3.npz,bidisperse,3,0.005,0.6666666666666666,0.6110641876538256
81000.0,0.8532068723637812,17,0.841,,0.4352456258105906,0.39284192586280353,3.6026940756740476e-08,bidisperse_a0.005_sr0.667_N1000_L12_T100000_seed3.npz,bidisperse,3,0.005,0.6666666666666666,0.6110641876538256
82000.0,0.8577698979780739,19,0.822,,0.44211617550060467,0.4065934065934066,2.955495726738236e-08,bidisperse_a0.005_sr0.667_N1000_L12_T100000_seed3.npz,bidisperse,3,0.005,0.6666666666666666,0.6110641876538256
83000.0,0.8565478774729319,23,0.83,,0.5339477811993539,0.43129929431299296,3.1599728958648124e-08,bidisperse_a0.005_sr0.667_N1000_L12_T100000_seed3.npz,bidisperse,3,0.005,0.6666666666666666,0.6110641876538256
84000.0,0.8563509405027074,24,0.849,0.5363962615984218,0.5219034568884353,0.43129929431299296,3.3666769926340155e-08,bidisperse_a0.005_sr0.667_N1000_L12_T100000_seed3.npz,bidisperse,3,0.005,0.6666666666666666,0.6110641876538256
85000.0,0.8637793569482795,20,0.856,,0.45785357210793487,0.42833123160992015,4.454834724570003e-08,bidisperse_a0.005_sr0.667_N1000_L12_T100000_seed3.npz,bidisperse,3,0.005,0.6666666666666666,0.6110641876538256
86000.0,0.8593520594139373,25,0.826,,0.41575516383228217,0.43940024989587667,3.805057062636886e-08,bidisperse_a0.005_sr0.667_N1000_L12_T100000_seed3.npz,bidisperse,3,0.005,0.6666666666666666,0.6110641876538256
87000.0,0.8616073390644708,21,0.831,,0.4831382209194467,0.3951817413355875,4.426922772043891e-08,bidisperse_a0.005_sr0.667_N1000_L12_T100000_seed3.npz,bidisperse,3,0.005,0.6666666666666666,0.6110641876538256
88000.0,0.8573411591779652,33,0.788,0.5540352729868826,0.5145446485616851,0.4150783566285472,4.273211015370456e-08,bidisperse_a0.005_sr0.667_N1000_L12_T100000_seed3.npz,bidisperse,3,0.005,0.6666666666666666,0.6110641876538256
89000.0,0.8573999025220981,24,0.795,,0.41792468684825207,0.4182671788305591,4.2375957936225554e-08,bidisperse_a0.005_sr0.667_N1000_L12_T100000_seed3.npz,bidisperse,3,0.005,0.6666666666666666,0.6110641876538256
90000.0,0.8549780832905318,19,0.839,,0.41181926291686183,0.4371880199667221,3.6730806287975205e-08,bidisperse_a0.005_sr0.667_N1000_L12_T100000_seed3.npz,bidisperse,3,0.005,0.6666666666666666,0.6110641876538256
91000.0,0.8626758643557835,22,0.802,,0.4996840413194443,0.41666666666666663,3.361795962462273e-08,bidisperse_a0.005_sr0.667_N1000_L12_T100000_seed3.npz,bidisperse,3,0.005,0.6666666666666666,0.6110641876538256
92000.0,0.8576266596357854,22,0.799,0.542663889048725,0.5423050398492079,0.4167367535744323,3.680698649560482e-08,bidisperse_a0.005_sr0.667_N1000_L12_T100000_seed3.npz,bidisperse,3,0.005,0.6666666666666666,0.6110641876538256
93000.0,0.8569284983389004,19,0.805,,0.4967917508100545,0.428391959798995,3.618543508731339e-08,bidisperse_a0.005_sr0.667_N1000_L12_T100000_seed3.npz,bidisperse,3,0.005,0.6666666666666666,0.6110641876538256
94000.0,0.8554916971003379,24,0.866,,0.4319984477105081,0.4271398747390397,3.6624540317404564e-08,bidisperse_a0.005_sr0.667_N1000_L12_T100000_seed3.npz,bidisperse,3,0.005,0.6666666666666666,0.6110641876538256
95000.0,0.8571104124665454,30,0.847,,0.4851269896764079,0.3965589592950063,2.8773310284612873e-08,bidisperse_a0.005_sr0.667_N1000_L12_T100000_seed3.npz,bidisperse,3,0.005,0.6666666666666666,0.6110641876538256
96000.0,0.8573557016123792,27,0.847,0.5425835415735681,0.5005707117477246,0.38,3.292728364316522e-08,bidisperse_a0.005_sr0.667_N1000_L12_T100000_seed3.npz,bidisperse,3,0.005,0.6666666666666666,0.6110641876538256
97000.0,0.8564787359289928,20,0.848,,0.4829543223244578,0.41201175976480475,4.106368361313563e-08,bidisperse_a0.005_sr0.667_N1000_L12_T100000_seed3.npz,bidisperse,3,0.005,0.6666666666666666,0.6110641876538256
98000.0,0.8613161037449858,26,0.827,,0.4940355086681923,0.3942186845412652,3.608108892170697e-08,bidisperse_a0.005_sr0.667_N1000_L12_T100000_seed3.npz,bidisperse,3,0.005,0.6666666666666666,0.6110641876538256
99000.0,0.8627484483123776,20,0.886,,0.500011951333864,0.3858102434928632,3.836210459426857e-08,bidisperse_a0.005_sr0.667_N1000_L12_T100000_seed3.npz,bidisperse,3,0.005,0.6666666666666666,0.6110641876538256
100000.0,0.8615474035091847,17,0.885,0.5354044730858062,0.5102825411306233,0.40446650124069483,4.414070086139335e-08,bidisperse_a0.005_sr0.667_N1000_L12_T100000_seed3.npz,bidisperse,3,0.005,0.6666666666666666,0.6110641876538256
0.0,0.9843287783920978,193,0.025,0.8167184777124724,,,,bidisperse_a0.005_sr0.667_N1000_L12_T100000_seed4.npz,bidisperse,4,0.005,0.6666666666666666,0.701169501289847
1000.0,0.9425858344986309,35,0.236,,0.19338618253321946,0.8172690763052208,4.392104977194484e-08,bidisperse_a0.005_sr0.667_N1000_L12_T100000_seed4.npz,bidisperse,4,0.005,0.6666666666666666,0.701169501289847
2000.0,0.9303142942039127,23,0.277,,0.620073757339579,0.6935483870967742,3.5818782006827954e-08,bidisperse_a0.005_sr0.667_N1000_L12_T100000_seed4.npz,bidisperse,4,0.005,0.6666666666666666,0.701169501289847
3000.0,0.9150762372723311,16,0.436,,0.6231462469233103,0.6067226890756303,3.417487423550723e-08,bidisperse_a0.005_sr0.667_N1000_L12_T100000_seed4.npz,bidisperse,4,0.005,0.6666666666666666,0.701169501289847
4000.0,0.9156787503632153,14,0.442,0.5923723316515364,0.6270649380091798,0.5670757511637748,2.863798503353233e-08,bidisperse_a0.005_sr0.667_N1000_L12_T100000_seed4.npz,bidisperse,4,0.005,0.6666666666666666,0.701169501289847
5000.0,0.911651908390761,22,0.37,,0.585791540997429,0.5742988698200084,3.1949784034128435e-08,bidisperse_a0.005_sr0.667_N1000_L12_T100000_seed4.npz,bidisperse,4,0.005,0.6666666666666666,0.701169501289847
6000.0,0.8973707730014473,19,0.355,,0.5927315772713542,0.550251256281407,3.092280006499399e-08,bidisperse_a0.005_sr0.667_N1000_L12_T100000_seed4.npz,bidisperse,4,0.005,0.6666666666666666,0.701169501289847
7000.0,0.8923127372837516,23,0.377,,0.5601023665425673,0.5067969413763806,2.6014578071263363e-08,bidisperse_a0.005_sr0.667_N1000_L12_T100000_seed4.npz,bidisperse,4,0.005,0.6666666666666666,0.701169501289847
8000.0,0.8845643372538544,23,0.342,0.5693478406387109,0.6131663918395126,0.5040135192226447,3.6605630386010693e-08,bidisperse_a0.005_sr0.667_N1000_L12_T100000_seed4.npz,bidisperse,4,0.005,0.6666666666666666,0.701169501289847
9000.0,0.8819441606939649,27,0.329,,0.5351958058742255,0.4745030250648228,4.314650792213824e-08,bidisperse_a0.005_sr0.667_N1000_L12_T100000_seed4.npz,bidisperse,4,0.005,0.6666666666666666,0.701169501289847
10000.0,0.8768144858683333,20,0.569,,0.5481477635853252,0.48267117497886725,3.326358052530626e-08,bidisperse_a0.005_sr0.667_N1000_L12_T100000_seed4.npz,bidisperse,4,0.005,0.6666666666666666,0.701169501289847
11000.0,0.8769256845613782,23,0.357,,0.5563802617197495,0.48706365503080085,2.8906871140866844e-08,bidisperse_a0.005_sr0.667_N1000_L12_T100000_seed4.npz,bidisperse,4,0.005,0.6666666666666666,0.701169501289847
12000.0,0.875097903257031,16,0.924,0.5639762725103682,0.5345559054106253,0.46365173288250217,2.6989496183537028e-08,bidisperse_a0.005_sr0.667_N1000_L12_T100000_seed4.npz,bidisperse,4,0.005,0.6666666666666666,0.701169501289847
13000.0,0.8821354465040256,20,0.551,,0.5590220129819066,0.48794926004228334,3.369350228107137e-08,bidisperse_a0.005_sr0.667_N1000_L12_T100000_seed4.npz,bidisperse,4,0.005,0.6666666666666666,0.701169501289847
14000.0,0.879723664080056,24,0.877,,0.5265687470723859,0.49437734277384426,3.2426086476880664e-08,bidisperse_a0.005_sr0.667_N1000_L12_T100000_seed4.npz,bidisperse,4,0.005,0.6666666666666666,0.701169501289847
15000.0,0.8720661333333334,19,0.915,,0.5485249690747488,0.4973544973544973,3.155069521656912e-08,bidisperse_a0.005_sr0.667_N1000_L12_T100000_seed4.npz,bidisperse,4,0.005,0.6666666666666666,0.701169501289847
16000.0,0.8729268824421068,19,0.878,0.5501009116961307,0.6146766331444018,0.4567545304777595,2.792101855558014e-08,bidisperse_a0.005_sr0.667_N1000_L12_T100000_seed4.npz,bidisperse,4,0.005,0.6666666666666666,0.701169501289847
17000.0,0.8710792309904065,17,0.857,,0.48285432774153936,0.4405158069883528,3.653093293738258e-08,bidisperse_a0.005_sr0.667_N1000_L12_T100000_seed4.npz,bidisperse,4,0.005,0.6666666666666666,0.701169501289847
18000.0,0.8700154209971755,14,0.875,,0.5212679404842184,0.4549938347718866,3.505763012441394e-08,bidisperse_a0.005_sr0.667_N1000_L12_T100000_seed4.npz,bidisperse,4,0.005,0.6666666666666666,0.701169501289847
19000.0,0.8755825075389992,18,0.877,,0.5618091670014137,0.4535361842105263,3.291727394945776e-08,bidisperse_a0.005_sr0.667_N1000_L12_T100000_seed4.npz,bidisperse,4,0.005,0.6666666666666666,0.701169501289847
20000.0,0.8748765086979959,17,0.586,0.5528877712765028,0.6164547534439097,0.4278523489932886,3.0219091975422264e-08,bidisperse_a0.005_sr0.667_N1000_L12_T100000_seed4.npz,bidisperse,4,0.005,0.6666666666666666,0.701169501289847
21000.0,0.8715361370602976,26,0.514,,0.5799352379591307,0.46513569937369514,2.6197385257227515e-08,bidisperse_a0.005_sr0.667_N1000_L12_T100000_seed4.npz,bidisperse,4,0.005,0.6666666666666666,0.701169501289847
22000.0,0.8707680644571878,21,0.507,,0.503437716579543,0.459106239460371,3.441503808953061e-08,bidisperse_a0.005_sr0.667_N1000_L12_T100000_seed4.npz,bidisperse,4,0.005,0.6666666666666666,0.701169501289847
23000.0,0.8683145631189731,17,0.884,,0.48995597074677855,0.44113950565563465,3.193296064574897e-08,bidisperse_a0.005_sr0.667_N1000_L12_T100000_seed4.npz,bidisperse,4,0.005,0.6666666666666666,0.701169501289847
24000.0,0.8749985923915224,15,0.497,0.551618999990664,0.49275248369767155,0.44156928213689484,3.657089608723817e-08,bidisperse_a0.005_sr0.667_N1000_L12_T100000_seed4.npz,bidisperse,4,0.005,0.6666666666666666,0.701169501289847
25000.0,0.8665645806010956,18,0.487,,0.5674074859324465,0.44499999999999995,4.3058013809719156e-08,bidisperse_a0.005_sr0.667_N1000_L12_T100000_seed4.npz,bidisperse,4,0.005,0.6666666666666666,0.701169501289847
26000.0,0.8682195427289741,22,0.506,,0.47839051923837533,0.43044397463002115,4.1370761513978157e-08,bidisperse_a0.005_sr0.667_N1000_L12_T100000_seed4.npz,bidisperse,4,0.005,0.6666666666666666,0.701169501289847
27000.0,0.8628212640595713,21,0.475,,0.49638815712450723,0.4482758620689655,3.026668514115114e-08,bidisperse_a0.005_sr0.667_N1000_L12_T100000_seed4.npz,bidisperse,4,0.005,0.6666666666666666,0.701169501289847
28000.0,0.8667499155338539,20,0.483,0.5425973739484476,0.5406131970870318,0.41174004192872116,3.2871334178122834e-08,bidisperse_a0.005_sr0.667_N1000_L12_T100000_seed4.npz,bidisperse,4,0.005,0.6666666666666666,0.701169501289847
29000.0,0.867990470568619,21,0.496,,0.548357376279497,0.4108361774744027,3.6858363848232907e-08,bidisperse_a0.005_sr0.667_N1000_L12_T100000_seed4.npz,bidisperse,4,0.005,0.6666666666666666,0.701169501289847
30000.0,0.863757847248308,23,0.496,,0.4791545302042656,0.44312896405919666,3.141976514746443e-08,bidisperse_a0.005_sr0.667_N1000_L12_T100000_seed4.npz,bidisperse,4,0.005,0.6666666666666666,0.701169501289847
31000.0,0.8672047986559446,21,0.49,,0.43458813993040385,0.456422965716646,3.638446428694596e-08,bidisperse_a0.005_sr0.667_N1000_L12_T100000_seed4.npz,bidisperse,4,0.005,0.6666666666666666,0.701169501289847
32000.0,0.8704016066306689,25,0.479,0.5483085541420322,0.49369423024841264,0.43882206553297387,3.555688538795991e-08,bidisperse_a0.005_sr0.667_N1000_L12_T100000_seed4.npz,bidisperse,4,0.005,0.6666666666666666,0.701169501289847
33000.0,0.8642927547180467,19,0.832,,0.5421320416434161,0.4636550308008214,3.6181159421994785e-08,bidisperse_a0.005_sr0.667_N1000_L12_T100000_seed4.npz,bidisperse,4,0.005,0.6666666666666666,0.701169501289847
34000.0,0.8591123132118199,22,0.862,,0.5298811802933309,0.4428152492668622,3.676434857451994e-08,bidisperse_a0.005_sr0.667_N1000_L12_T100000_seed4.npz,bidisperse,4,0.005,0.6666666666666666,0.701169501289847
35000.0,0.8676586281309195,25,0.85,,0.5814827518429616,0.43900414937759336,3.7778341095119896e-08,bidisperse_a0.005_sr0.667_N1000_L12_T100000_seed4.npz,bidisperse,4,0.005,0.6666666666666666,0.701169501289847
36000.0,0.8663997282922882,22,0.868,0.5487869984969361,0.4787547779179365,0.4094554664415365,3.49252846741381e-08,bidisperse_a0.005_sr0.667_N1000_L12_T100000_seed4.npz,bidisperse,4,0.005,0.6666666666666666,0.701169501289847
37000.0,0.8635462480815651,20,0.883,,0.5111679077317862,0.44018534119629316,2.8659637945380537e-08,bidisperse_a0.005_sr0.667_N1000_L12_T100000_seed4.npz,bidisperse,4,0.005,0.6666666666666666,0.701169501289847
38000.0,0.8670458218892287,17,0.881,,0.5369865405065456,0.4633540372670808,3.084825115322529e-08,bidisperse_a0.005_sr0.667_N1000_L12_T100000_seed4.npz,bidisperse,4,0.005,0.6666666666666666,0.701169501289847
39000.0,0.8693496791420072,15,0.894,,0.4862465848699957,0.4549938347718866,3.031374854728781e-08,bidisperse_a0.005_sr0.667_N1000_L12_T100000_seed4.npz,bidisperse,4,0.005,0.6666666666666666,0.701169501289847
40000.0,0.8711000177777778,19,0.902,0.547465434074074,0.48392711969283475,0.43474646716541976,3.2147739436485406e-08,bidisperse_a0.005_sr0.667_N1000_L12_T100000_seed4.npz,bidisperse,4,0.005,0.6666666666666666,0.701169501289847
41000.0,0.8579066895193099,17,0.876,,0.532236419991515,0.44312114989733065,3.063624036645608e-08,bidisperse_a0.005_sr0.667_N1000_L12_T100000_seed4.npz,bidisperse,4,0.005,0.6666666666666666,0.701169501289847
42000.0,0.8606605137329033,15,0.935,,0.476059679377094,0.4010739363899215,2.666787932326437e-08,bidisperse_a0.005_sr0.667_N1000_L12_T100000_seed4.npz,bidisperse,4,0.005,0.6666666666666666,0.701169501289847
43000.0,0.8660238261105546,14,0.928,,0.4972544182294035,0.4078624078624079,2.5335741452912047e-08,bidisperse_a0.005_sr0.667_N1000_L12_T100000_seed4.npz,bidisperse,4,0.005,0.6666666666666666,0.701169501289847
44000.0,0.8545571309804995,22,0.916,0.5270141200967225,0.4792331192104662,0.4343271555197421,2.9064727664824366e-08,bidisperse_a0.005_sr0.667_N1000_L12_T100000_seed4.npz,bidisperse,4,0.005,0.6666666666666666,0.701169501289847
45000.0,0.8563808819453775,21,0.908,,0.42448700451880483,0.4022094926350246,2.9491004548839965e-08,bidisperse_a0.005_sr0.667_N1000_L12_T100000_seed4.npz,bidisperse,4,0.005,0.6666666666666666,0.701169501289847
46000.0,0.852818056252754,14,0.932,,0.5479683963642519,0.37132200580190633,2.7243471454908417e-08,bidisperse_a0.005_sr0.667_N1000_L12_T100000_seed4.npz,bidisperse,4,0.005,0.6666666666666666,0.701169501289847
47000.0,0.8561545511507636,17,0.877,,0.5858265652545476,0.36514522821576767,2.7402548629645418e-08,bidisperse_a0.005_sr0.667_N1000_L12_T100000_seed4.npz,bidisperse,4,0.005,0.6666666666666666,0.701169501289847
48000.0,0.8573169619550493,16,0.895,0.5311296735637046,0.49250338732977234,0.3632174277335568,3.0482873050209445e-08,bidisperse_a0.005_sr0.667_N1000_L12_T100000_seed4.npz,bidisperse,4,0.005,0.6666666666666666,0.701169501289847
49000.0,0.8607604836165128,25,0.883,,0.4976531832986255,0.3852253756260434,3.151555960542127e-08,bidisperse_a0.005_sr0.667_N1000_L12_T100000_seed4.npz,bidisperse,4,0.005,0.6666666666666666,0.701169501289847
50000.0,0.8576280097159641,21,0.922,,0.4831005797778801,0.36762860727728985,3.3225308914639484e-08,bidisperse_a0.005_sr0.667_N1000_L12_T100000_seed4.npz,bidisperse,4,0.005,0.6666666666666666,0.701169501289847
51000.0,0.8601867662806724,19,0.905,,0.5218724754563808,0.3843344155844156,2.7430873632301193e-08,bidisperse_a0.005_sr0.667_N1000_L12_T100000_seed4.npz,bidisperse,4,0.005,0.6666666666666666,0.701169501289847
52000.0,0.8576332062500455,13,0.932,0.5284388256243413,0.4469767648663154,0.35927152317880795,2.6159905794615663e-08,bidisperse_a0.005_sr0.667_N1000_L12_T100000_seed4.npz,bidisperse,4,0.005,0.6666666666666666,0.701169501289847
53000.0,0.8577962677710159,9,0.943,,0.5324904176713803,0.4,2.678113823519026e-08,bidisperse_a0.005_sr0.667_N1000_L12_T100000_seed4.npz,bidisperse,4,0.005,0.6666666666666666,0.701169501289847
54000.0,0.8615789683820289,9,0.944,,0.5270606193190767,0.3960436011303997,2.1604963698645214e-08,bidisperse_a0.005_sr0.667_N1000_L12_T100000_seed4.npz,bidisperse,4,0.005,0.6666666666666666,0.701169501289847
55000.0,0.8561602968460111,16,0.891,,0.49205505526591875,0.4222850222042793,1.9920677058094085e-08,bidisperse_a0.005_sr0.667_N1000_L12_T100000_seed4.npz,bidisperse,4,0.005,0.6666666666666666,0.701169501289847
56000.0,0.8640786773824506,17,0.883,0.5233056970115831,0.4649646213770085,0.4127694184627898,2.3532986544959272e-08,bidisperse_a0.005_sr0.667_N1000_L12_T100000_seed4.npz,bidisperse,4,0.005,0.6666666666666666,0.701169501289847
57000.0,0.8585537347514406,13,0.92,,0.48516219698984203,0.38900372054568,2.5661736375621542e-08,bidisperse_a0.005_sr0.667_N1000_L12_T100000_seed4.npz,bidisperse,4,0.005,0.6666666666666666,0.701169501289847
58000.0,0.8579844861898634,13,0.851,,0.5099904746507685,0.3849648905410987,2.023094692559266e-08,bidisperse_a0.005_sr0.667_N1000_L12_T100000_seed4.npz,bidisperse,4,0.005,0.6666666666666666,0.701169501289847
59000.0,0.8558036110304672,14,0.854,,0.5270510319012066,0.38744939271255063,2.3514009921777528e-08,bidisperse_a0.005_sr0.667_N1000_L12_T100000_seed4.npz,bidisperse,4,0.005,0.6666666666666666,0.701169501289847
60000.0,0.8518630258225739,16,0.862,0.5273886314729973,0.5743515777357681,0.37966379663796634,2.2845364705810083e-08,bidisperse_a0.005_sr0.667_N1000_L12_T100000_seed4.npz,bidisperse,4,0.005,0.6666666666666666,0.701169501289847
61000.0,0.8606355453865001,15,0.877,,0.5579075820865274,0.38605788830004073,2.174370117500473e-08,bidisperse_a0.005_sr0.667_N1000_L12_T100000_seed4.npz,bidisperse,4,0.005,0.6666666666666666,0.701169501289847
62000.0,0.8613523011245314,12,0.871,,0.5553277999727375,0.3853996737357259,1.9013045291112314e-08,bidisperse_a0.005_sr0.667_N1000_L12_T100000_seed4.npz,bidisperse,4,0.005,0.6666666666666666,0.701169501289847
63000.0,0.8584403298301275,15,0.874,,0.49798790679006943,0.3934560327198364,2.2186490297421255e-08,bidisperse_a0.005_sr0.667_N1000_L12_T100000_seed4.npz,bidisperse,4,0.005,0.6666666666666666,0.701169501289847
64000.0,0.8621504183246608,12,0.881,0.5246079481685542,0.5405016170267448,0.3719587628865979,2.1230079119535355e-08,bidisperse_a0.005_sr0.667_N1000_L12_T100000_seed4.npz,bidisperse,4,0.005,0.6666666666666666,0.701169501289847
65000.0,0.8629104218493394,13,0.818,,0.4719106545055778,0.39720968403775136,2.1574206204220932e-08,bidisperse_a0.005_sr0.667_N1000_L12_T100000_seed4.npz,bidisperse,4,0.005,0.6666666666666666,0.701169501289847
66000.0,0.861504808017479,15,0.813,,0.5114407809325782,0.3999165971643036,3.150843576150662e-08,bidisperse_a0.005_sr0.667_N1000_L12_T100000_seed4.npz,bidisperse,4,0.005,0.6666666666666666,0.701169501289847
67000.0,0.8617720888888889,24,0.774,,0.4459971555901898,0.3964421855146124,2.9871257271296794e-08,bidisperse_a0.005_sr0.667_N1000_L12_T100000_seed4.npz,bidisperse,4,0.005,0.6666666666666666,0.701169501289847
68000.0,0.8639846738183867,25,0.768,0.5332111735309518,0.5369246132743654,0.39198312236286925,3.504147199881343e-08,bidisperse_a0.005_sr0.667_N1000_L12_T100000_seed4.npz,bidisperse,4,0.005,0.6666666666666666,0.701169501289847
69000.0,0.864221218175869,21,0.797,,0.5358823044238914,0.3923625681913554,3.858956132639751e-08,bidisperse_a0.005_sr0.667_N1000_L12_T100000_seed4.npz,bidisperse,4,0.005,0.6666666666666666,0.701169501289847
70000.0,0.8673300904057221,23,0.75,,0.5102413196519354,0.4020313161235717,2.7417587769606667e-08,bidisperse_a0.005_sr0.667_N1000_L12_T100000_seed4.npz,bidisperse,4,0.005,0.6666666666666666,0.701169501289847
71000.0,0.8647845032049768,24,0.727,,0.5621115815542674,0.3946917808219178,3.7818952826195375e-08,bidisperse_a0.005_sr0.667_N1000_L12_T100000_seed4.npz,bidisperse,4,0.005,0.6666666666666666,0.701169501289847
72000.0,0.8672375706354611,28,0.729,0.5416306358134643,0.49967775258790076,0.4225941422594143,4.036704533875991e-08,bidisperse_a0.005_sr0.667_N1000_L12_T100000_seed4.npz,bidisperse,4,0.005,0.6666666666666666,0.701169501289847
73000.0,0.8640396918594432,24,0.736,,0.5262317770096957,0.41990090834021465,3.284346803923608e-08,bidisperse_a0.005_sr0.667_N1000_L12_T100000_seed4.npz,bidisperse,4,0.005,0.6666666666666666,0.701169501289847
74000.0,0.865667950690742,17,0.839,,0.49368859156073464,0.443260958623515,3.989055337021742e-08,bidisperse_a0.005_sr0.667_N1000_L12_T100000_seed4.npz,bidisperse,4,0.005,0.6666666666666666,0.701169501289847
75000.0,0.861288679074571,24,0.766,,0.5160288936248565,0.4277985851019559,3.5435550413359684e-08,bidisperse_a0.005_sr0.667_N1000_L12_T100000_seed4.npz,bidisperse,4,0.005,0.6666666666666666,0.701169501289847
76000.0,0.8664199967199243,16,0.837,0.5358074924144884,0.5021165703756223,0.41694214876033053,3.4823750200167214e-08,bidisperse_a0.005_sr0.667_N1000_L12_T100000_seed4.npz,bidisperse,4,0.005,0.6666666666666666,0.701169501289847
77000.0,0.864704844438257,14,0.849,,0.5245484466960154,0.4072249589490968,2.4667374980638533e-08,bidisperse_a0.005_sr0.667_N1000_L12_T100000_seed4.npz,bidisperse,4,0.005,0.6666666666666666,0.701169501289847
78000.0,0.8643573874409801,13,0.94,,0.4470172095809407,0.42653642653642654,2.5010734220582625e-08,bidisperse_a0.005_sr0.667_N1000_L12_T100000_seed4.npz,bidisperse,4,0.005,0.6666666666666666,0.701169501289847
79000.0,0.8690326605902777,24,0.803,,0.43536805628473607,0.41020323517212776,3.3635457812990455e-08,bidisperse_a0.005_sr0.667_N1000_L12_T100000_seed4.npz,bidisperse,4,0.005,0.6666666666666666,0.701169501289847
80000.0,0.8662206619083436,18,0.895,0.5376880926580578,0.5060778358368977,0.40524781341107874,3.3212094500336343e-08,bidisperse_a0.005_sr0.667_N1000_L12_T100000_seed4.npz,bidisperse,4,0.005,0.6666666666666666,0.701169501289847
81000.0,0.8594311610980345,12,0.906,,0.48340148787991044,0.4000832639467111,2.7590714677407284e-08,bidisperse_a0.005_sr0.667_N1000_L12_T100000_seed4.npz,bidisperse,4,0.005,0.6666666666666666,0.701169501289847
82000.0,0.8640705476433385,18,0.804,,0.5437892274579186,0.4202542025420254,2.8743462436568695e-08,bidisperse_a0.005_sr0.667_N1000_L12_T100000_seed4.npz,bidisperse,4,0.005,0.6666666666666666,0.701169501289847
83000.0,0.8628620558655877,20,0.845,,0.5323889717928733,0.4315181518151815,3.41648926549923e-08,bidisperse_a0.005_sr0.667_N1000_L12_T100000_seed4.npz,bidisperse,4,0.005,0.6666666666666666,0.701169501289847
84000.0,0.8601295793985159,21,0.847,0.53960626927254,0.5454627261966485,0.41986644407345575,3.4648905330041995e-08,bidisperse_a0.005_sr0.667_N1000_L12_T100000_seed4.npz,bidisperse,4,0.005,0.6666666666666666,0.701169501289847
85000.0,0.8582920072945394,19,0.902,,0.505418164093856,0.4074695761644985,3.2670649194458276e-08,bidisperse_a0.005_sr0.667_N1000_L12_T100000_seed4.npz,bidisperse,4,0.005,0.6666666666666666,0.701169501289847
86000.0,0.8644390879411616,15,0.906,,0.47717969764921225,0.43528922180607577,3.515321316992404e-08,bidisperse_a0.005_sr0.667_N1000_L12_T100000_seed4.npz,bidisperse,4,0.005,0.6666666666666666,0.701169501289847
87000.0,0.8568720416217834,24,0.887,,0.5026185385987868,0.43788948899044455,3.3529884160883134e-08,bidisperse_a0.005_sr0.667_N1000_L12_T100000_seed4.npz,bidisperse,4,0.005,0.6666666666666666,0.701169501289847
88000.0,0.8478559260134597,25,0.846,0.5283540746745319,0.44917330765170704,0.4078235538909696,3.418130527332468e-08,bidisperse_a0.005_sr0.667_N1000_L12_T100000_seed4.npz,bidisperse,4,0.005,0.6666666666666666,0.701169501289847
89000.0,0.8530011953234957,27,0.856,,0.47266267820046953,0.3789209535759097,4.208220199330022e-08,bidisperse_a0.005_sr0.667_N1000_L12_T100000_seed4.npz,bidisperse,4,0.005,0.6666666666666666,0.701169501289847
90000.0,0.8526691990003173,24,0.856,,0.45596421780148444,0.40997920997921,4.030709531371161e-08,bidisperse_a0.005_sr0.667_N1000_L12_T100000_seed4.npz,bidisperse,4,0.005,0.6666666666666666,0.701169501289847
91000.0,0.8478812088424577,24,0.849,,0.47413984844689827,0.40745393634840876,3.7924062868177844e-08,bidisperse_a0.005_sr0.667_N1000_L12_T100000_seed4.npz,bidisperse,4,0.005,0.6666666666666666,0.701169501289847
92000.0,0.8522928896765403,22,0.871,0.5259332374691688,0.4444408275657176,0.3996703749484961,3.152536549933885e-08,bidisperse_a0.005_sr0.667_N1000_L12_T100000_seed4.npz,bidisperse,4,0.005,0.6666666666666666,0.701169501289847
93000.0,0.8478220099098432,25,0.851,,0.5234469206275284,0.37774100124120813,2.6351009891951996e-08,bidisperse_a0.005_sr0.667_N1000_L12_T100000_seed4.npz,bidisperse,4,0.005,0.6666666666666666,0.701169501289847
94000.0,0.8464940679182295,26,0.883,,0.42174495695767494,0.3392630241423126,3.312799336224265e-08,bidisperse_a0.005_sr0.667_N1000_L12_T100000_seed4.npz,bidisperse,4,0.005,0.6666666666666666,0.701169501289847
95000.0,0.8481171306612258,27,0.845,,0.49873912989082747,0.37994173949230126,3.719229129948786e-08,bidisperse_a0.005_sr0.667_N1000_L12_T100000_seed4.npz,bidisperse,4,0.005,0.6666666666666666,0.701169501289847
96000.0,0.850693947613615,26,0.858,0.52066647845252,0.4079480924557534,0.3825113966017406,4.694243897656386e-08,bidisperse_a0.005_sr0.667_N1000_L12_T100000_seed4.npz,bidisperse,4,0.005,0.6666666666666666,0.701169501289847
97000.0,0.8513047025231629,13,0.905,,0.42957301261399833,0.37339942172655927,3.7882257545171264e-08,bidisperse_a0.005_sr0.667_N1000_L12_T100000_seed4.npz,bidisperse,4,0.005,0.6666666666666666,0.701169501289847
98000.0,0.8553304418320019,21,0.873,,0.45862341462372846,0.3953017415957878,3.700122300132526e-08,bidisperse_a0.005_sr0.667_N1000_L12_T100000_seed4.npz,bidisperse,4,0.005,0.6666666666666666,0.701169501289847
99000.0,0.8581556777254823,16,0.883,,0.4821147286054613,0.38704387043870436,3.123156999021483e-08,bidisperse_a0.005_sr0.667_N1000_L12_T100000_seed4.npz,bidisperse,4,0.005,0.6666666666666666,0.701169501289847
100000.0,0.8545764884466184,21,0.847,0.5294625962781806,0.5087116605237162,0.39083333333333337,3.2545608760283055e-08,bidisperse_a0.005_sr0.667_N1000_L12_T100000_seed4.npz,bidisperse,4,0.005,0.6666666666666666,0.701169501289847
0.0,0.9892313383406757,211,0.023,0.8702696722418067,,,,bidisperse_a0.005_sr0.667_N1000_L12_T100000_seed5.npz,bidisperse,5,0.005,0.6666666666666666,0.670319045231536
1000.0,0.9471176824353758,29,0.186,,0.13180151912217272,0.8358283433133733,3.686643493504086e-08,bidisperse_a0.005_sr0.667_N1000_L12_T100000_seed5.npz,bidisperse,5,0.005,0.6666666666666666,0.670319045231536
2000.0,0.9323636676395292,18,0.212,,0.6209629723358235,0.6463203463203463,3.4698439450928e-08,bidisperse_a0.005_sr0.667_N1000_L12_T100000_seed5.npz,bidisperse,5,0.005,0.6666666666666666,0.670319045231536
3000.0,0.9294227631020832,19,0.197,,0.6297237989264827,0.6053754266211604,2.8335103655259425e-08,bidisperse_a0.005_sr0.667_N1000_L12_T100000_seed5.npz,bidisperse,5,0.005,0.6666666666666666,0.670319045231536
4000.0,0.9150924496127022,17,0.175,0.5826402333792787,0.6140594602002198,0.570276008492569,3.0191560970321804e-08,bidisperse_a0.005_sr0.667_N1000_L12_T100000_seed5.npz,bidisperse,5,0.005,0.6666666666666666,0.670319045231536
5000.0,0.9093077826976752,16,0.575,,0.6072580643987496,0.5430130088124213,3.357900088194353e-08,bidisperse_a0.005_sr0.667_N1000_L12_T100000_seed5.npz,bidisperse,5,0.005,0.6666666666666666,0.670319045231536
6000.0,0.8962370981120692,16,0.745,,0.6293607780715114,0.5370293752585851,3.071551239436123e-08,bidisperse_a0.005_sr0.667_N1000_L12_T100000_seed5.npz,bidisperse,5,0.005,0.6666666666666666,0.670319045231536
7000.0,0.8935223516877727,19,0.686,,0.6050392697163377,0.5218476903870162,2.6706804905235396e-08,bidisperse_a0.005_sr0.667_N1000_L12_T100000_seed5.npz,bidisperse,5,0.005,0.6666666666666666,0.670319045231536
8000.0,0.8909571539776421,20,0.576,0.5735335328908827,0.5819995730615944,0.5462772521596051,3.01981132307055e-08,bidisperse_a0.005_sr0.667_N1000_L12_T100000_seed5.npz,bidisperse,5,0.005,0.6666666666666666,0.670319045231536
9000.0,0.8844843762391017,18,0.511,,0.543012505554101,0.5164068908941756,2.5826701714100325e-08,bidisperse_a0.005_sr0.667_N1000_L12_T100000_seed5.npz,bidisperse,5,0.005,0.6666666666666666,0.670319045231536
10000.0,0.8897480565603583,23,0.506,,0.6041731983187328,0.4774812343619683,2.7701928615785484e-08,bidisperse_a0.005_sr0.667_N1000_L12_T100000_seed5.npz,bidisperse,5,0.005,0.6666666666666666,0.670319045231536
11000.0,0.8882186594486647,12,0.513,,0.6689645320217628,0.4793423271500843,3.1120073939239535e-08,bidisperse_a0.005_sr0.667_N1000_L12_T100000_seed5.npz,bidisperse,5,0.005,0.6666666666666666,0.670319045231536
12000.0,0.8845138421148372,18,0.826,0.5657694550010407,0.537370590251516,0.4765921552087726,2.7995998988585736e-08,bidisperse_a0.005_sr0.667_N1000_L12_T100000_seed5.npz,bidisperse,5,0.005,0.6666666666666666,0.670319045231536
13000.0,0.8810320725742582,16,0.844,,0.5173403304118456,0.46543778801843316,3.0261385569712166e-08,bidisperse_a0.005_sr0.667_N1000_L12_T100000_seed5.npz,bidisperse,5,0.005,0.6666666666666666,0.670319045231536
14000.0,0.8838544516679817,23,0.838,,0.5993047074993566,0.4795417348608838,2.7925941343536267e-08,bidisperse_a0.005_sr0.667_N1000_L12_T100000_seed5.npz,bidisperse,5,0.005,0.6666666666666666,0.670319045231536
15000.0,0.8815103844308398,14,0.865,,0.5565696090774238,0.5024291497975708,3.085029385310494e-08,bidisperse_a0.005_sr0.667_N1000_L12_T100000_seed5.npz,bidisperse,5,0.005,0.6666666666666666,0.670319045231536
16000.0,0.8833418877743039,14,0.9,0.5579074870838903,0.5717965992477244,0.48618556701030924,3.1761094508277286e-08,bidisperse_a0.005_sr0.667_N1000_L12_T100000_seed5.npz,bidisperse,5,0.005,0.6666666666666666,0.670319045231536
17000.0,0.8831641839061292,14,0.941,,0.5675144674230144,0.4678362573099415,2.8522608371686836e-08,bidisperse_a0.005_sr0.667_N1000_L12_T100000_seed5.npz,bidisperse,5,0.005,0.6666666666666666,0.670319045231536
18000.0,0.8788568854114741,13,0.911,,0.47741682201190094,0.46982937994173946,2.40297027915518e-08,bidisperse_a0.005_sr0.667_N1000_L12_T100000_seed5.npz,bidisperse,5,0.005,0.6666666666666666,0.670319045231536
19000.0,0.8847812520877466,16,0.836,,0.5337051156182809,0.4658853076601088,3.0949166807247665e-08,bidisperse_a0.005_sr0.667_N1000_L12_T100000_seed5.npz,bidisperse,5,0.005,0.6666666666666666,0.670319045231536
20000.0,0.8813843556915008,18,0.793,0.5502054691833923,0.5402588256331802,0.4801980198019802,4.056024069246684e-08,bidisperse_a0.005_sr0.667_N1000_L12_T100000_seed5.npz,bidisperse,5,0.005,0.6666666666666666,0.670319045231536
21000.0,0.8801605881467423,16,0.789,,0.5944840307025387,0.48056244830438377,3.712674635290643e-08,bidisperse_a0.005_sr0.667_N1000_L12_T100000_seed5.npz,bidisperse,5,0.005,0.6666666666666666,0.670319045231536
22000.0,0.8815598624118395,17,0.818,,0.5620087630620937,0.47932175351530193,4.03828755177669e-08,bidisperse_a0.005_sr0.667_N1000_L12_T100000_seed5.npz,bidisperse,5,0.005,0.6666666666666666,0.670319045231536
23000.0,0.8820466877796322,17,0.834,,0.5923032929929132,0.4679354571783202,4.2862840431191644e-08,bidisperse_a0.005_sr0.667_N1000_L12_T100000_seed5.npz,bidisperse,5,0.005,0.6666666666666666,0.670319045231536
24000.0,0.8771081668238859,18,0.851,0.5635304435653424,0.5127742024240398,0.48584512905911736,3.649379631357742e-08,bidisperse_a0.005_sr0.667_N1000_L12_T100000_seed5.npz,bidisperse,5,0.005,0.6666666666666666,0.670319045231536
25000.0,0.869297790121966,23,0.832,,0.46443257931852844,0.4827875734676742,3.629550820684897e-08,bidisperse_a0.005_sr0.667_N1000_L12_T100000_seed5.npz,bidisperse,5,0.005,0.6666666666666666,0.670319045231536
26000.0,0.8699050638168606,24,0.834,,0.48904328535600505,0.4241379310344827,3.6723160224608285e-08,bidisperse_a0.005_sr0.667_N1000_L12_T100000_seed5.npz,bidisperse,5,0.005,0.6666666666666666,0.670319045231536
27000.0,0.8741187657332556,20,0.818,,0.5102307068203583,0.44956048555881123,4.485806561033799e-08,bidisperse_a0.005_sr0.667_N1000_L12_T100000_seed5.npz,bidisperse,5,0.005,0.6666666666666666,0.670319045231536
28000.0,0.8716405419781337,13,0.912,0.5418401257143856,0.5073018393185583,0.4264087468460892,3.8022531461593915e-08,bidisperse_a0.005_sr0.667_N1000_L12_T100000_seed5.npz,bidisperse,5,0.005,0.6666666666666666,0.670319045231536
29000.0,0.8773706679995569,18,0.837,,0.5278165675374772,0.43911592994161797,4.016248178786442e-08,bidisperse_a0.005_sr0.667_N1000_L12_T100000_seed5.npz,bidisperse,5,0.005,0.6666666666666666,0.670319045231536
30000.0,0.8671670044444444,17,0.9,,0.4599319996031022,0.4347826086956522,4.516402748500205e-08,bidisperse_a0.005_sr0.667_N1000_L12_T100000_seed5.npz,bidisperse,5,0.005,0.6666666666666666,0.670319045231536
31000.0,0.8687840441443287,16,0.894,,0.4926500169677722,0.4422277639235245,4.106559641634644e-08,bidisperse_a0.005_sr0.667_N1000_L12_T100000_seed5.npz,bidisperse,5,0.005,0.6666666666666666,0.670319045231536
32000.0,0.8748991271415618,20,0.894,0.5468946552421533,0.5141089242573684,0.42671146577068464,3.835387391990262e-08,bidisperse_a0.005_sr0.667_N1000_L12_T100000_seed5.npz,bidisperse,5,0.005,0.6666666666666666,0.670319045231536
33000.0,0.8712481222462606,22,0.894,,0.5097911106842146,0.40936170212765954,4.08716027434664e-08,bidisperse_a0.005_sr0.667_N1000_L12_T100000_seed5.npz,bidisperse,5,0.005,0.6666666666666666,0.670319045231536
34000.0,0.8712512070308673,19,0.902,,0.5438801515419179,0.4182978723404255,3.575466938934473e-08,bidisperse_a0.005_sr0.667_N1000_L12_T100000_seed5.npz,bidisperse,5,0.005,0.6666666666666666,0.670319045231536
35000.0,0.8764753280985137,17,0.605,,0.5018132608109643,0.4512650352550809,3.209140733974515e-08,bidisperse_a0.005_sr0.667_N1000_L12_T100000_seed5.npz,bidisperse,5,0.005,0.6666666666666666,0.670319045231536
36000.0,0.8693673979377404,15,0.476,0.5482398866019188,0.5120567328230514,0.4304220643543669,3.2830549276453776e-08,bidisperse_a0.005_sr0.667_N1000_L12_T100000_seed5.npz,bidisperse,5,0.005,0.6666666666666666,0.670319045231536
37000.0,0.8785549947649601,19,0.448,,0.5272754841209456,0.41631973355537055,3.011388687788072e-08,bidisperse_a0.005_sr0.667_N1000_L12_T100000_seed5.npz,bidisperse,5,0.005,0.6666666666666666,0.670319045231536
38000.0,0.8736882188356634,16,0.882,,0.5852251099465734,0.41068447412353926,3.226330789008232e-08,bidisperse_a0.005_sr0.667_N1000_L12_T100000_seed5.npz,bidisperse,5,0.005,0.6666666666666666,0.670319045231536
39000.0,0.8764106214617243,20,0.799,,0.5527555081845379,0.4137494727962885,2.8797602234989574e-08,bidisperse_a0.005_sr0.667_N1000_L12_T100000_seed5.npz,bidisperse,5,0.005,0.6666666666666666,0.670319045231536
40000.0,0.8748524701321941,19,0.765,0.5457715279841064,0.5241777900405243,0.41932773109243693,3.0781791308652467e-08,bidisperse_a0.005_sr0.667_N1000_L12_T100000_seed5.npz,bidisperse,5,0.005,0.6666666666666666,0.670319045231536
41000.0,0.8735829254860397,21,0.743,,0.5883715761555324,0.41963911036508605,3.854263606949554e-08,bidisperse_a0.005_sr0.667_N1000_L12_T100000_seed5.npz,bidisperse,5,0.005,0.6666666666666666,0.670319045231536
42000.0,0.8772721549604713,21,0.737,,0.6002005434183051,0.39948783610755445,3.820131757482363e-08,bidisperse_a0.005_sr0.667_N1000_L12_T100000_seed5.npz,bidisperse,5,0.005,0.6666666666666666,0.670319045231536
43000.0,0.8819211246844719,22,0.732,,0.5536907365953082,0.39603960396039606,3.344528180277472e-08,bidisperse_a0.005_sr0.667_N1000_L12_T100000_seed5.npz,bidisperse,5,0.005,0.6666666666666666,0.670319045231536
44000.0,0.876839049701255,21,0.482,0.5418213781685784,0.4990934305320252,0.4452252997106242,3.789491792528111e-08,bidisperse_a0.005_sr0.667_N1000_L12_T100000_seed5.npz,bidisperse,5,0.005,0.6666666666666666,0.670319045231536
45000.0,0.8713736328764071,24,0.481,,0.5441760038674388,0.41496030087755953,3.6788547383857356e-08,bidisperse_a0.005_sr0.667_N1000_L12_T100000_seed5.npz,bidisperse,5,0.005,0.6666666666666666,0.670319045231536
46000.0,0.86900000522459,20,0.486,,0.5433170983707076,0.4045321023919429,4.138375636888272e-08,bidisperse_a0.005_sr0.667_N1000_L12_T100000_seed5.npz,bidisperse,5,0.005,0.6666666666666666,0.670319045231536
47000.0,0.8677224014263277,28,0.485,,0.5500614935490332,0.4088421052631579,3.950166647754237e-08,bidisperse_a0.005_sr0.667_N1000_L12_T100000_seed5.npz,bidisperse,5,0.005,0.6666666666666666,0.670319045231536
48000.0,0.8710666207545185,27,0.484,0.5401108150630506,0.5451424850371942,0.3977079796264855,3.590893259222651e-08,bidisperse_a0.005_sr0.667_N1000_L12_T100000_seed5.npz,bidisperse,5,0.005,0.6666666666666666,0.670319045231536
49000.0,0.8668206032889701,20,0.488,,0.5437562934345719,0.40234211626934335,3.3507728962985e-08,bidisperse_a0.005_sr0.667_N1000_L12_T100000_seed5.npz,bidisperse,5,0.005,0.6666666666666666,0.670319045231536
50000.0,0.8651238174039944,21,0.892,,0.4694423874424426,0.3975496408956485,3.846042530500465e-08,bidisperse_a0.005_sr0.667_N1000_L12_T100000_seed5.npz,bidisperse,5,0.005,0.6666666666666666,0.670319045231536
51000.0,0.8640493133110705,20,0.893,,0.5732873408247791,0.4229962232480067,3.3940567180199315e-08,bidisperse_a0.005_sr0.667_N1000_L12_T100000_seed5.npz,bidisperse,5,0.005,0.6666666666666666,0.670319045231536
52000.0,0.8643562235248217,16,0.902,0.5454519591631987,0.5625416698770331,0.43336127409891034,3.0306200748758085e-08,bidisperse_a0.005_sr0.667_N1000_L12_T100000_seed5.npz,bidisperse,5,0.005,0.6666666666666666,0.670319045231536
53000.0,0.8609461124109428,21,0.907,,0.48695615846194634,0.42191435768261965,2.7824846938635173e-08,bidisperse_a0.005_sr0.667_N1000_L12_T100000_seed5.npz,bidisperse,5,0.005,0.6666666666666666,0.670319045231536
54000.0,0.8679974640225239,19,0.908,,0.6003846173107732,0.41181364392678865,3.2896836163267553e-08,bidisperse_a0.005_sr0.667_N1000_L12_T100000_seed5.npz,bidisperse,5,0.005,0.6666666666666666,0.670319045231536
55000.0,0.8636036204538963,19,0.901,,0.512607052358795,0.4164931278633902,2.746568152883295e-08,bidisperse_a0.005_sr0.667_N1000_L12_T100000_seed5.npz,bidisperse,5,0.005,0.6666666666666666,0.670319045231536
56000.0,0.8700534498705709,17,0.889,0.5538266241044624,0.5257761498777521,0.42211903756859437,3.440084781770493e-08,bidisperse_a0.005_sr0.667_N1000_L12_T100000_seed5.npz,bidisperse,5,0.005,0.6666666666666666,0.670319045231536
57000.0,0.8760270924916136,24,0.832,,0.496887612329789,0.4540540540540541,3.786429286106389e-08,bidisperse_a0.005_sr0.667_N1000_L12_T100000_seed5.npz,bidisperse,5,0.005,0.6666666666666666,0.670319045231536
58000.0,0.871898204454438,25,0.796,,0.5073239536585424,0.4036066981537141,3.2636893705196465e-08,bidisperse_a0.005_sr0.667_N1000_L12_T100000_seed5.npz,bidisperse,5,0.005,0.6666666666666666,0.670319045231536
59000.0,0.8704625982026022,24,0.82,,0.4741397651539841,0.40616966580976865,3.214916990676243e-08,bidisperse_a0.005_sr0.667_N1000_L12_T100000_seed5.npz,bidisperse,5,0.005,0.6666666666666666,0.670319045231536
60000.0,0.8691205259313367,29,0.472,0.5486581933284636,0.5733452223488198,0.41879251700680276,4.0692462412204395e-08,bidisperse_a0.005_sr0.667_N1000_L12_T100000_seed5.npz,bidisperse,5,0.005,0.6666666666666666,0.670319045231536
61000.0,0.8695467230904577,24,0.837,,0.483392344951727,0.4319727891156463,3.6374649006739666e-08,bidisperse_a0.005_sr0.667_N1000_L12_T100000_seed5.npz,bidisperse,5,0.005,0.6666666666666666,0.670319045231536
62000.0,0.8727929272100499,21,0.871,,0.46146432549427396,0.43154761904761907,3.8010175568742007e-08,bidisperse_a0.005_sr0.667_N1000_L12_T100000_seed5.npz,bidisperse,5,0.005,0.6666666666666666,0.670319045231536
63000.0,0.8622655585390671,24,0.876,,0.4475334616798411,0.433786078098472,4.000855779331322e-08,bidisperse_a0.005_sr0.667_N1000_L12_T100000_seed5.npz,bidisperse,5,0.005,0.6666666666666666,0.670319045231536
64000.0,0.8676261610079516,23,0.865,0.5525878629039244,0.4739635052794057,0.4575986565910999,2.7418470621216e-08,bidisperse_a0.005_sr0.667_N1000_L12_T100000_seed5.npz,bidisperse,5,0.005,0.6666666666666666,0.670319045231536
65000.0,0.8623694974607856,23,0.858,,0.5188719016610457,0.45735785953177255,3.561352113755477e-08,bidisperse_a0.005_sr0.667_N1000_L12_T100000_seed5.npz,bidisperse,5,0.005,0.6666666666666666,0.670319045231536
66000.0,0.8682392755876703,19,0.882,,0.4225329160637505,0.4474885844748858,3.1526895915175846e-08,bidisperse_a0.005_sr0.667_N1000_L12_T100000_seed5.npz,bidisperse,5,0.005,0.6666666666666666,0.670319045231536
67000.0,0.8652689611723823,25,0.85,,0.45776403706497026,0.43143812709030105,3.387628986468799e-08,bidisperse_a0.005_sr0.667_N1000_L12_T100000_seed5.npz,bidisperse,5,0.005,0.6666666666666666,0.670319045231536
68000.0,0.8707056561835539,28,0.864,0.5588333811484075,0.45201525800389203,0.4413384159254553,2.996942876483357e-08,bidisperse_a0.005_sr0.667_N1000_L12_T100000_seed5.npz,bidisperse,5,0.005,0.6666666666666666,0.670319045231536
69000.0,0.8641226217404668,23,0.862,,0.4768300661095538,0.4415696420871065,3.421483474322909e-08,bidisperse_a0.005_sr0.667_N1000_L12_T100000_seed5.npz,bidisperse,5,0.005,0.6666666666666666,0.670319045231536
70000.0,0.8648726140377936,30,0.798,,0.4859648664363503,0.45508474576271185,3.7128623303636e-08,bidisperse_a0.005_sr0.667_N1000_L12_T100000_seed5.npz,bidisperse,5,0.005,0.6666666666666666,0.670319045231536
71000.0,0.8687076607520833,27,0.863,,0.4600369308693639,0.4608622854750942,3.322807656372019e-08,bidisperse_a0.005_sr0.667_N1000_L12_T100000_seed5.npz,bidisperse,5,0.005,0.6666666666666666,0.670319045231536
72000.0,0.8777455728420429,28,0.804,0.5548622653737411,0.5316947314446697,0.43272105937633487,2.6276356072800203e-08,bidisperse_a0.005_sr0.667_N1000_L12_T100000_seed5.npz,bidisperse,5,0.005,0.6666666666666666,0.670319045231536
73000.0,0.8687666794349882,25,0.792,,0.5179679907528297,0.4491525423728814,3.526329540519813e-08,bidisperse_a0.005_sr0.667_N1000_L12_T100000_seed5.npz,bidisperse,5,0.005,0.6666666666666666,0.670319045231536
74000.0,0.8676569396830384,24,0.783,,0.4975437425873831,0.4363327674023769,3.4225555567598034e-08,bidisperse_a0.005_sr0.667_N1000_L12_T100000_seed5.npz,bidisperse,5,0.005,0.6666666666666666,0.670319045231536
75000.0,0.8634198302529563,24,0.801,,0.4863413353762368,0.43071000855431996,3.475640732676931e-08,bidisperse_a0.005_sr0.667_N1000_L12_T100000_seed5.npz,bidisperse,5,0.005,0.6666666666666666,0.670319045231536
76000.0,0.8693684925902955,22,0.73,0.5556699565362916,0.4642219311822836,0.4496587030716723,4.339452435422109e-08,bidisperse_a0.005_sr0.667_N1000_L12_T100000_seed5.npz,bidisperse,5,0.005,0.6666666666666666,0.670319045231536
77000.0,0.8665174594910258,17,0.777,,0.49362670405936937,0.4387883887252839,3.9958690833709524e-08,bidisperse_a0.005_sr0.667_N1000_L12_T100000_seed5.npz,bidisperse,5,0.005,0.6666666666666666,0.670319045231536
78000.0,0.8681641705495617,20,0.743,,0.4856176872526181,0.4087468460891506,4.4934846383190706e-08,bidisperse_a0.005_sr0.667_N1000_L12_T100000_seed5.npz,bidisperse,5,0.005,0.6666666666666666,0.670319045231536
79000.0,0.8602436835891382,23,0.786,,0.5261706625802346,0.3912494741270509,3.4189311307010797e-08,bidisperse_a0.005_sr0.667_N1000_L12_T100000_seed5.npz,bidisperse,5,0.005,0.6666666666666666,0.670319045231536
80000.0,0.8633304497316745,19,0.845,0.5341166625146028,0.48349695671249215,0.3874476987447699,3.481116679722869e-08,bidisperse_a0.005_sr0.667_N1000_L12_T100000_seed5.npz,bidisperse,5,0.005,0.6666666666666666,0.670319045231536
81000.0,0.8659413631278627,23,0.828,,0.5146660027553801,0.4028475711892797,3.7525547279821496e-08,bidisperse_a0.005_sr0.667_N1000_L12_T100000_seed5.npz,bidisperse,5,0.005,0.6666666666666666,0.670319045231536
82000.0,0.86597378185894,17,0.888,,0.5274358706932958,0.41109709962168983,3.5258853831610854e-08,bidisperse_a0.005_sr0.667_N1000_L12_T100000_seed5.npz,bidisperse,5,0.005,0.6666666666666666,0.670319045231536
83000.0,0.8588306105914248,18,0.895,,0.5059686391504706,0.4263727121464226,2.3120585829703e-08,bidisperse_a0.005_sr0.667_N1000_L12_T100000_seed5.npz,bidisperse,5,0.005,0.6666666666666666,0.670319045231536
84000.0,0.8578128985304034,22,0.863,0.5335342649903073,0.49627273341656963,0.41369294605809126,2.7509917370666054e-08,bidisperse_a0.005_sr0.667_N1000_L12_T100000_seed5.npz,bidisperse,5,0.005,0.6666666666666666,0.670319045231536
85000.0,0.8616923959459992,18,0.874,,0.49059988549699934,0.3938512671375156,2.7694713135008593e-08,bidisperse_a0.005_sr0.667_N1000_L12_T100000_seed5.npz,bidisperse,5,0.005,0.6666666666666666,0.670319045231536
86000.0,0.8585487799246305,26,0.845,,0.47724537336178496,0.42070665571076415,2.4768172334232133e-08,bidisperse_a0.005_sr0.667_N1000_L12_T100000_seed5.npz,bidisperse,5,0.005,0.6666666666666666,0.670319045231536
87000.0,0.8610858137895142,25,0.835,,0.4862864310852202,0.413647851727043,3.51830910103418e-08,bidisperse_a0.005_sr0.667_N1000_L12_T100000_seed5.npz,bidisperse,5,0.005,0.6666666666666666,0.670319045231536
88000.0,0.8594665602866661,30,0.817,0.5396252437875012,0.465948027811844,0.39837398373983735,3.1533944460654685e-08,bidisperse_a0.005_sr0.667_N1000_L12_T100000_seed5.npz,bidisperse,5,0.005,0.6666666666666666,0.670319045231536
89000.0,0.8628236994276711,24,0.84,,0.495531734114892,0.38346186803770355,4.1231532471689386e-08,bidisperse_a0.005_sr0.667_N1000_L12_T100000_seed5.npz,bidisperse,5,0.005,0.6666666666666666,0.670319045231536
90000.0,0.8564482027272909,20,0.844,,0.5555690350320818,0.3817250213492741,3.24442495693852e-08,bidisperse_a0.005_sr0.667_N1000_L12_T100000_seed5.npz,bidisperse,5,0.005,0.6666666666666666,0.670319045231536
91000.0,0.8565722130061855,26,0.84,,0.5919719668630179,0.3767441860465116,3.652668527721397e-08,bidisperse_a0.005_sr0.667_N1000_L12_T100000_seed5.npz,bidisperse,5,0.005,0.6666666666666666,0.670319045231536
92000.0,0.8578496052068112,30,0.832,0.5326966296914928,0.5917768287919709,0.38667783829074154,4.6723689196990474e-08,bidisperse_a0.005_sr0.667_N1000_L12_T100000_seed5.npz,bidisperse,5,0.005,0.6666666666666666,0.670319045231536
93000.0,0.8591275840934715,28,0.841,,0.48277792023685057,0.4126719466444352,4.348566535873162e-08,bidisperse_a0.005_sr0.667_N1000_L12_T100000_seed5.npz,bidisperse,5,0.005,0.6666666666666666,0.670319045231536
94000.0,0.8526315888586629,24,0.832,,0.4179410847056777,0.38877163360067535,3.617977715646452e-08,bidisperse_a0.005_sr0.667_N1000_L12_T100000_seed5.npz,bidisperse,5,0.005,0.6666666666666666,0.670319045231536
95000.0,0.8614022592493101,26,0.827,,0.4188252531096352,0.3990825688073395,3.548695100433625e-08,bidisperse_a0.005_sr0.667_N1000_L12_T100000_seed5.npz,bidisperse,5,0.005,0.6666666666666666,0.670319045231536
96000.0,0.8573747419048847,27,0.794,0.5326056027726099,0.4619296200285458,0.38639227215455696,3.377460974180222e-08,bidisperse_a0.005_sr0.667_N1000_L12_T100000_seed5.npz,bidisperse,5,0.005,0.6666666666666666,0.670319045231536
97000.0,0.8545907169452143,28,0.812,,0.4290371753707127,0.36918480580452406,3.449733116251182e-08,bidisperse_a0.005_sr0.667_N1000_L12_T100000_seed5.npz,bidisperse,5,0.005,0.6666666666666666,0.670319045231536
98000.0,0.8563632364782531,29,0.813,,0.4517279151470893,0.41445985708280786,3.099242238365955e-08,bidisperse_a0.005_sr0.667_N1000_L12_T100000_seed5.npz,bidisperse,5,0.005,0.6666666666666666,0.670319045231536
99000.0,0.8557003602896095,26,0.836,,0.4933691440122887,0.4054736842105263,3.441449459180218e-08,bidisperse_a0.005_sr0.667_N1000_L12_T100000_seed5.npz,bidisperse,5,0.005,0.6666666666666666,0.670319045231536
100000.0,0.8564090148853403,27,0.837,0.5370421804525903,0.47832410192860414,0.4074383618888424,3.256996713347687e-08,bidisperse_a0.005_sr0.667_N1000_L12_T100000_seed5.npz,bidisperse,5,0.005,0.6666666666666666,0.670319045231536
0.0,0.9832677165354331,171,0.032,0.801012539525079,,,,bidisperse_a0.005_sr0.800_N1000_L12_T100000_seed1.npz,bidisperse,1,0.005,0.8,0.613620527725777
1000.0,0.9398309628999535,29,0.367,,0.2139198484272968,0.7897897897897898,2.4019959810691025e-08,bidisperse_a0.005_sr0.800_N1000_L12_T100000_seed1.npz,bidisperse,1,0.005,0.8,0.613620527725777
2000.0,0.9287267429760666,18,0.478,,0.5919477188232297,0.5739130434782609,1.692448100748771e-08,bidisperse_a0.005_sr0.800_N1000_L12_T100000_seed1.npz,bidisperse,1,0.005,0.8,0.613620527725777
3000.0,0.9287569716387801,18,0.403,,0.7096057564237875,0.5188679245283019,1.9132350450287014e-08,bidisperse_a0.005_sr0.800_N1000_L12_T100000_seed1.npz,bidisperse,1,0.005,0.8,0.613620527725777
4000.0,0.9192394970468581,18,0.668,0.6003904207716564,0.654438634778756,0.5252989880404784,1.5153216666981324e-08,bidisperse_a0.005_sr0.800_N1000_L12_T100000_seed1.npz,bidisperse,1,0.005,0.8,0.613620527725777
5000.0,0.9073012596745538,13,0.919,,0.6419228641392103,0.49540441176470584,1.3933338904291271e-08,bidisperse_a0.005_sr0.800_N1000_L12_T100000_seed1.npz,bidisperse,1,0.005,0.8,0.613620527725777
6000.0,0.9120517261294667,10,0.943,,0.6717506378684478,0.5006790402897239,1.4452316494991747e-08,bidisperse_a0.005_sr0.800_N1000_L12_T100000_seed1.npz,bidisperse,1,0.005,0.8,0.613620527725777
7000.0,0.904935020049219,12,0.934,,0.5430756871291504,0.4796896394340484,1.743249717573989e-08,bidisperse_a0.005_sr0.800_N1000_L12_T100000_seed1.npz,bidisperse,1,0.005,0.8,0.613620527725777
8000.0,0.903885245165203,16,0.625,0.5954954894881067,0.5373939896350852,0.48286744815148785,1.2807883299486136e-08,bidisperse_a0.005_sr0.800_N1000_L12_T100000_seed1.npz,bidisperse,1,0.005,0.8,0.613620527725777
9000.0,0.8932840330967409,17,0.787,,0.6414978756653165,0.4633591260810196,1.2076386445103203e-08,bidisperse_a0.005_sr0.800_N1000_L12_T100000_seed1.npz,bidisperse,1,0.005,0.8,0.613620527725777
10000.0,0.894233233392447,9,0.74,,0.5452725193685091,0.46940598481464935,1.3088421020468872e-08,bidisperse_a0.005_sr0.800_N1000_L12_T100000_seed1.npz,bidisperse,1,0.005,0.8,0.613620527725777
11000.0,0.8970083595883218,16,0.714,,0.5592103777973914,0.46317657497781717,1.766720521693859e-08,bidisperse_a0.005_sr0.800_N1000_L12_T100000_seed1.npz,bidisperse,1,0.005,0.8,0.613620527725777
12000.0,0.8995956205206651,22,0.817,0.5855420593777864,0.5728580260143289,0.450089928057554,1.4847002585153464e-08,bidisperse_a0.005_sr0.800_N1000_L12_T100000_seed1.npz,bidisperse,1,0.005,0.8,0.613620527725777
13000.0,0.8916832598193657,11,0.948,,0.5408979232817548,0.4828345070422535,1.272252332910569e-08,bidisperse_a0.005_sr0.800_N1000_L12_T100000_seed1.npz,bidisperse,1,0.005,0.8,0.613620527725777
14000.0,0.8929549756766806,11,0.945,,0.5089717193724512,0.46734333627537517,1.3058412241512346e-08,bidisperse_a0.005_sr0.800_N1000_L12_T100000_seed1.npz,bidisperse,1,0.005,0.8,0.613620527725777
15000.0,0.8934362086776859,9,0.956,,0.615227297803069,0.45530603258476443,1.2131876453838816e-08,bidisperse_a0.005_sr0.800_N1000_L12_T100000_seed1.npz,bidisperse,1,0.005,0.8,0.613620527725777
16000.0,0.8928603270151589,13,0.913,0.5767234671530387,0.5426307711293673,0.45402298850574707,1.145136721589568e-08,bidisperse_a0.005_sr0.800_N1000_L12_T100000_seed1.npz,bidisperse,1,0.005,0.8,0.613620527725777
17000.0,0.8836275852851749,16,0.907,,0.4952677413300717,0.4543022737405261,1.4733636775195876e-08,bidisperse_a0.005_sr0.800_N1000_L12_T100000_seed1.npz,bidisperse,1,0.005,0.8,0.613620527725777
18000.0,0.8906554789421922,15,0.916,,0.4683940592797954,0.4560931899641577,1.7589068782888093e-08,bidisperse_a0.005_sr0.800_N1000_L12_T100000_seed1.npz,bidisperse,1,0.005,0.8,0.613620527725777
19000.0,0.8909346272054327,14,0.722,,0.49562805540555666,0.45655110310670866,1.8047536635654864e-08,bidisperse_a0.005_sr0.800_N1000_L12_T100000_seed1.npz,bidisperse,1,0.005,0.8,0.613620527725777
20000.0,0.8965806923730896,12,0.925,0.5798838736942074,0.6167811170199149,0.44339197113216056,1.9014433222877784e-08,bidisperse_a0.005_sr0.800_N1000_L12_T100000_seed1.npz,bidisperse,1,0.005,0.8,0.613620527725777
21000.0,0.8955105904610635,16,0.667,,0.6410142962069393,0.4504706409681757,1.4274984214252883e-08,bidisperse_a0.005_sr0.800_N1000_L12_T100000_seed1.npz,bidisperse,1,0.005,0.8,0.613620527725777
22000.0,0.8891572135120971,17,0.879,,0.5640708747370695,0.4660107334525939,1.4214269695084404e-08,bidisperse_a0.005_sr0.800_N1000_L12_T100000_seed1.npz,bidisperse,1,0.005,0.8,0.613620527725777
23000.0,0.8889399424312343,20,0.684,,0.5429519976467673,0.46108861898335585,1.3757794914762311e-08,bidisperse_a0.005_sr0.800_N1000_L12_T100000_seed1.npz,bidisperse,1,0.005,0.8,0.613620527725777
24000.0,0.8860639214200839,13,0.905,0.5745950968844425,0.5026021341788542,0.46341463414634143,1.5025677098985033e-08,bidisperse_a0.005_sr0.800_N1000_L12_T100000_seed1.npz,bidisperse,1,0.005,0.8,0.613620527725777
25000.0,0.8885581543745897,14,0.917,,0.5517740086380363,0.4638766519823788,1.6298970584985957e-08,bidisperse_a0.005_sr0.800_N1000_L12_T100000_seed1.npz,bidisperse,1,0.005,0.8,0.613620527725777
26000.0,0.8909352051068934,13,0.912,,0.5010924513773911,0.44727435210008937,1.628959562820669e-08,bidisperse_a0.005_sr0.800_N1000_L12_T100000_seed1.npz,bidisperse,1,0.005,0.8,0.613620527725777
27000.0,0.8896877149986074,21,0.634,,0.5658927041878107,0.4449932644813651,1.8457125073854594e-08,bidisperse_a0.005_sr0.800_N1000_L12_T100000_seed1.npz,bidisperse,1,0.005,0.8,0.613620527725777
28000.0,0.8911100893896235,17,0.657,0.578092636511688,0.5504489760426143,0.4605026929982047,1.3775149412938828e-08,bidisperse_a0.005_sr0.800_N1000_L12_T100000_seed1.npz,bidisperse,1,0.005,0.8,0.613620527725777
29000.0,0.8898736241540804,17,0.658,,0.5420311793280148,0.4620626987732849,1.83840200801233e-08,bidisperse_a0.005_sr0.800_N1000_L12_T100000_seed1.npz,bidisperse,1,0.005,0.8,0.613620527725777
30000.0,0.8960062262966435,15,0.911,,0.5198666561924246,0.4549611339734797,1.9703456401569947e-08,bidisperse_a0.005_sr0.800_N1000_L12_T100000_seed1.npz,bidisperse,1,0.005,0.8,0.613620527725777
31000.0,0.895206743991224,18,0.912,,0.5660447778265808,0.4612947034857402,1.303503114400377e-08,bidisperse_a0.005_sr0.800_N1000_L12_T100000_seed1.npz,bidisperse,1,0.005,0.8,0.613620527725777
32000.0,0.8959421092521316,14,0.921,0.5939162447928013,0.6088009079203573,0.46733668341708545,1.3481605907012347e-08,bidisperse_a0.005_sr0.800_N1000_L12_T100000_seed1.npz,bidisperse,1,0.005,0.8,0.613620527725777
33000.0,0.8922655682972855,21,0.887,,0.5138073999491004,0.49660479855138073,1.4119738381539735e-08,bidisperse_a0.005_sr0.800_N1000_L12_T100000_seed1.npz,bidisperse,1,0.005,0.8,0.613620527725777
34000.0,0.8906951409694308,19,0.91,,0.4981551027491925,0.4760601915184679,1.6042606122892067e-08,bidisperse_a0.005_sr0.800_N1000_L12_T100000_seed1.npz,bidisperse,1,0.005,0.8,0.613620527725777
35000.0,0.889392789400835,13,0.92,,0.4719726255418421,0.4934948407357559,1.8171849763272573e-08,bidisperse_a0.005_sr0.800_N1000_L12_T100000_seed1.npz,bidisperse,1,0.005,0.8,0.613620527725777
36000.0,0.8915437412126568,10,0.948,0.5848652916607683,0.4953473891170762,0.49889036839769196,1.524872582392878e-08,bidisperse_a0.005_sr0.800_N1000_L12_T100000_seed1.npz,bidisperse,1,0.005,0.8,0.613620527725777
37000.0,0.8878756366067868,11,0.9,,0.5130792981540293,0.4967148488830486,1.7059896222401386e-08,bidisperse_a0.005_sr0.800_N1000_L12_T100000_seed1.npz,bidisperse,1,0.005,0.8,0.613620527725777
38000.0,0.8906194517357958,13,0.888,,0.53291817143989,0.4675615212527964,1.6909572074978764e-08,bidisperse_a0.005_sr0.800_N1000_L12_T100000_seed1.npz,bidisperse,1,0.005,0.8,0.613620527725777
39000.0,0.8905971726780287,12,0.931,,0.5131176581654245,0.4789915966386554,1.5844131537542883e-08,bidisperse_a0.005_sr0.800_N1000_L12_T100000_seed1.npz,bidisperse,1,0.005,0.8,0.613620527725777
40000.0,0.8891505187148273,9,0.942,0.58413259459485,0.5203030483235506,0.4881370826010545,1.4263387201936452e-08,bidisperse_a0.005_sr0.800_N1000_L12_T100000_seed1.npz,bidisperse,1,0.005,0.8,0.613620527725777
41000.0,0.8866896329291342,17,0.809,,0.49455279409714586,0.48323036187113855,1.4335619923444219e-08,bidisperse_a0.005_sr0.800_N1000_L12_T100000_seed1.npz,bidisperse,1,0.005,0.8,0.613620527725777
42000.0,0.8870981715156309,17,0.896,,0.5601573390069163,0.46784922394678496,1.4565611150043644e-08,bidisperse_a0.005_sr0.800_N1000_L12_T100000_seed1.npz,bidisperse,1,0.005,0.8,0.613620527725777
43000.0,0.8826290043853129,19,0.918,,0.5812428529788806,0.4534467323187108,1.8029644776037877e-08,bidisperse_a0.005_sr0.800_N1000_L12_T100000_seed1.npz,bidisperse,1,0.005,0.8,0.613620527725777
44000.0,0.8857355208453815,13,0.864,0.5689155054829732,0.5402995870752348,0.45033112582781454,1.4259693305975311e-08,bidisperse_a0.005_sr0.800_N1000_L12_T100000_seed1.npz,bidisperse,1,0.005,0.8,0.613620527725777
45000.0,0.8819141857961845,14,0.91,,0.5234365924604323,0.4452714535901926,1.4029434473596073e-08,bidisperse_a0.005_sr0.800_N1000_L12_T100000_seed1.npz,bidisperse,1,0.005,0.8,0.613620527725777
46000.0,0.8833761316919239,15,0.919,,0.5758060480204558,0.4327897752313795,1.2276351376806108e-08,bidisperse_a0.005_sr0.800_N1000_L12_T100000_seed1.npz,bidisperse,1,0.005,0.8,0.613620527725777
47000.0,0.8839749308770576,13,0.722,,0.49643180960904365,0.4385574354407836,1.5172569272237112e-08,bidisperse_a0.005_sr0.800_N1000_L12_T100000_seed1.npz,bidisperse,1,0.005,0.8,0.613620527725777
48000.0,0.8768238237474281,9,0.851,0.5633239927108332,0.5247736726118243,0.44076038903625114,1.3006233667174243e-08,bidisperse_a0.005_sr0.800_N1000_L12_T100000_seed1.npz,bidisperse,1,0.005,0.8,0.613620527725777
49000.0,0.8813692344288334,12,0.822,,0.5423598350771963,0.4350846721667391,1.630660550011913e-08,bidisperse_a0.005_sr0.800_N1000_L12_T100000_seed1.npz,bidisperse,1,0.005,0.8,0.613620527725777
50000.0,0.8804064629926599,14,0.813,,0.5863656719200089,0.4480946123521682,1.6152367016339936e-08,bidisperse_a0.005_sr0.800_N1000_L12_T100000_seed1.npz,bidisperse,1,0.005,0.8,0.613620527725777
51000.0,0.8747604399927994,14,0.894,,0.5567176772985931,0.43111903700401244,1.5914885231738712e-08,bidisperse_a0.005_sr0.800_N1000_L12_T100000_seed1.npz,bidisperse,1,0.005,0.8,0.613620527725777
52000.0,0.880800135588843,16,0.809,0.5671331568526171,0.5028954610980282,0.42901508429458735,1.2677690880579937e-08,bidisperse_a0.005_sr0.800_N1000_L12_T100000_seed1.npz,bidisperse,1,0.005,0.8,0.613620527725777
53000.0,0.8789858270432594,23,0.791,,0.5331086407458269,0.4511607533946561,1.5649796182627115e-08,bidisperse_a0.005_sr0.800_N1000_L12_T100000_seed1.npz,bidisperse,1,0.005,0.8,0.613620527725777
54000.0,0.8821821501984712,21,0.902,,0.5350407417297721,0.42901646639964397,1.4028354496869304e-08,bidisperse_a0.005_sr0.800_N1000_L12_T100000_seed1.npz,bidisperse,1,0.005,0.8,0.613620527725777
55000.0,0.8826966046103022,12,0.914,,0.5384728217858445,0.4535809018567639,1.9877706907912597e-08,bidisperse_a0.005_sr0.800_N1000_L12_T100000_seed1.npz,bidisperse,1,0.005,0.8,0.613620527725777
56000.0,0.8790298706939758,15,0.92,0.5781231135910544,0.5100282264448669,0.4594235033259424,2.0870838779017585e-08,bidisperse_a0.005_sr0.800_N1000_L12_T100000_seed1.npz,bidisperse,1,0.005,0.8,0.613620527725777
57000.0,0.8753969423628982,15,0.928,,0.521857471383617,0.44326241134751776,1.6696288127106395e-08,bidisperse_a0.005_sr0.800_N1000_L12_T100000_seed1.npz,bidisperse,1,0.005,0.8,0.613620527725777
58000.0,0.8791754012276815,17,0.907,,0.47533399729237313,0.44483516483516483,1.5948650062838585e-08,bidisperse_a0.005_sr0.800_N1000_L12_T100000_seed1.npz,bidisperse,1,0.005,0.8,0.613620527725777
59000.0,0.8832723715069486,18,0.811,,0.5834793096293793,0.44655477031802115,1.9916634511243674e-08,bidisperse_a0.005_sr0.800_N1000_L12_T100000_seed1.npz,bidisperse,1,0.005,0.8,0.613620527725777
60000.0,0.8840361450617532,17,0.502,0.5700319666583741,0.502158120864712,0.4548641542506573,1.7935060070058887e-08,bidisperse_a0.005_sr0.800_N1000_L12_T100000_seed1.npz,bidisperse,1,0.005,0.8,0.613620527725777
61000.0,0.8870507668455704,16,0.47,,0.4726279775416548,0.45755968169761274,1.8849347281107832e-08,bidisperse_a0.005_sr0.800_N1000_L12_T100000_seed1.npz,bidisperse,1,0.005,0.8,0.613620527725777
62000.0,0.8859028433820372,11,0.908,,0.5582392979716071,0.4425133689839572,1.6792131067532002e-08,bidisperse_a0.005_sr0.800_N1000_L12_T100000_seed1.npz,bidisperse,1,0.005,0.8,0.613620527725777
63000.0,0.8864235115929585,20,0.908,,0.5438679053524099,0.447309915518008,1.460453612555193e-08,bidisperse_a0.005_sr0.800_N1000_L12_T100000_seed1.npz,bidisperse,1,0.005,0.8,0.613620527725777
64000.0,0.8828525668302317,17,0.883,0.5779791998805662,0.5308295649489536,0.4294813466787989,1.6354972299370353e-08,bidisperse_a0.005_sr0.800_N1000_L12_T100000_seed1.npz,bidisperse,1,0.005,0.8,0.613620527725777
65000.0,0.8842958797953262,13,0.893,,0.5828992282147957,0.42321428571428577,1.5991302494777343e-08,bidisperse_a0.005_sr0.800_N1000_L12_T100000_seed1.npz,bidisperse,1,0.005,0.8,0.613620527725777
66000.0,0.8854834635153435,12,0.93,,0.5799533601566802,0.4390673119225693,1.4711465306232362e-08,bidisperse_a0.005_sr0.800_N1000_L12_T100000_seed1.npz,bidisperse,1,0.005,0.8,0.613620527725777
67000.0,0.8803379524886878,11,0.934,,0.589968662154199,0.42869915064818953,1.2344176204173372e-08,bidisperse_a0.005_sr0.800_N1000_L12_T100000_seed1.npz,bidisperse,1,0.005,0.8,0.613620527725777
68000.0,0.8780552110542492,14,0.906,0.5655823549008567,0.46141123512486615,0.4211461572634385,1.2977520952026833e-08,bidisperse_a0.005_sr0.800_N1000_L12_T100000_seed1.npz,bidisperse,1,0.005,0.8,0.613620527725777
69000.0,0.8832148314559983,10,0.923,,0.5044377267630906,0.4286343612334802,1.6425866240607254e-08,bidisperse_a0.005_sr0.800_N1000_L12_T100000_seed1.npz,bidisperse,1,0.005,0.8,0.613620527725777
70000.0,0.8805699486738336,16,0.925,,0.5273924960332707,0.4181818181818182,1.3657540171767086e-08,bidisperse_a0.005_sr0.800_N1000_L12_T100000_seed1.npz,bidisperse,1,0.005,0.8,0.613620527725777
71000.0,0.878835182099952,10,0.948,,0.5221952571090871,0.4238468233246301,1.1271379309367257e-08,bidisperse_a0.005_sr0.800_N1000_L12_T100000_seed1.npz,bidisperse,1,0.005,0.8,0.613620527725777
72000.0,0.8824639853127886,12,0.922,0.5553167501058018,0.4383876309977869,0.4258064516129032,1.4359481371249646e-08,bidisperse_a0.005_sr0.800_N1000_L12_T100000_seed1.npz,bidisperse,1,0.005,0.8,0.613620527725777
73000.0,0.8809993691112492,19,0.908,,0.5255468739612388,0.4106596767147226,1.6654259726080515e-08,bidisperse_a0.005_sr0.800_N1000_L12_T100000_seed1.npz,bidisperse,1,0.005,0.8,0.613620527725777
74000.0,0.883902359540972,13,0.932,,0.5775072769634402,0.43155149934810955,1.4472920513895123e-08,bidisperse_a0.005_sr0.800_N1000_L12_T100000_seed1.npz,bidisperse,1,0.005,0.8,0.613620527725777
75000.0,0.876108921016297,13,0.933,,0.5161179463905309,0.45915735167669824,1.4814965541847538e-08,bidisperse_a0.005_sr0.800_N1000_L12_T100000_seed1.npz,bidisperse,1,0.005,0.8,0.613620527725777
76000.0,0.8746550420128615,14,0.891,0.5557799829107412,0.4795448739907702,0.4135503739551254,1.3153795241613305e-08,bidisperse_a0.005_sr0.800_N1000_L12_T100000_seed1.npz,bidisperse,1,0.005,0.8,0.613620527725777
77000.0,0.8756673433513879,16,0.91,,0.5155434963971632,0.4265217391304348,1.6830210123603246e-08,bidisperse_a0.005_sr0.800_N1000_L12_T100000_seed1.npz,bidisperse,1,0.005,0.8,0.613620527725777
78000.0,0.8717285892669386,14,0.91,,0.4559524634180905,0.44205443371378406,1.504784660047363e-08,bidisperse_a0.005_sr0.800_N1000_L12_T100000_seed1.npz,bidisperse,1,0.005,0.8,0.613620527725777
79000.0,0.875955920595659,18,0.905,,0.6236790529088425,0.41607142857142854,1.7570806071485557e-08,bidisperse_a0.005_sr0.800_N1000_L12_T100000_seed1.npz,bidisperse,1,0.005,0.8,0.613620527725777
80000.0,0.8667153305966457,16,0.908,0.561065381468889,0.49945874344648433,0.4200174825174825,1.4725211943715442e-08,bidisperse_a0.005_sr0.800_N1000_L12_T100000_seed1.npz,bidisperse,1,0.005,0.8,0.613620527725777
81000.0,0.8681070530404115,17,0.879,,0.5705671591999358,0.4242688782191183,1.6382182495485127e-08,bidisperse_a0.005_sr0.800_N1000_L12_T100000_seed1.npz,bidisperse,1,0.005,0.8,0.613620527725777
82000.0,0.8674945652429642,12,0.896,,0.4517215513724616,0.40630472854640975,1.440576540789967e-08,bidisperse_a0.005_sr0.800_N1000_L12_T100000_seed1.npz,bidisperse,1,0.005,0.8,0.613620527725777
83000.0,0.8670813961723705,17,0.884,,0.5265042910326965,0.38976377952755903,1.641944450779409e-08,bidisperse_a0.005_sr0.800_N1000_L12_T100000_seed1.npz,bidisperse,1,0.005,0.8,0.613620527725777
84000.0,0.8673230064615788,18,0.892,0.5599886132547232,0.4999999032579061,0.41276781810231744,1.680263573223246e-08,bidisperse_a0.005_sr0.800_N1000_L12_T100000_seed1.npz,bidisperse,1,0.005,0.8,0.613620527725777
85000.0,0.8678260186003388,17,0.902,,0.430389180060797,0.4329401485364788,1.9726561992456005e-08,bidisperse_a0.005_sr0.800_N1000_L12_T100000_seed1.npz,bidisperse,1,0.005,0.8,0.613620527725777
86000.0,0.866412727631399,22,0.904,,0.47291354867985635,0.4199475065616798,1.7370060948370244e-08,bidisperse_a0.005_sr0.800_N1000_L12_T100000_seed1.npz,bidisperse,1,0.005,0.8,0.613620527725777
87000.0,0.8678679033655895,16,0.909,,0.5226194792992805,0.42573402417962003,1.6405328341887735e-08,bidisperse_a0.005_sr0.800_N1000_L12_T100000_seed1.npz,bidisperse,1,0.005,0.8,0.613620527725777
88000.0,0.8646219808017069,15,0.914,0.5610502312002555,0.4058041314767042,0.4175776125929165,1.5945687146809705e-08,bidisperse_a0.005_sr0.800_N1000_L12_T100000_seed1.npz,bidisperse,1,0.005,0.8,0.613620527725777
89000.0,0.8614966049382716,20,0.905,,0.48542335779679746,0.42982072584171405,1.4653863153190173e-08,bidisperse_a0.005_sr0.800_N1000_L12_T100000_seed1.npz,bidisperse,1,0.005,0.8,0.613620527725777
90000.0,0.8639117480623967,20,0.907,,0.49173992259955784,0.4201131911188507,1.930655751178411e-08,bidisperse_a0.005_sr0.800_N1000_L12_T100000_seed1.npz,bidisperse,1,0.005,0.8,0.613620527725777
91000.0,0.8679933644859537,17,0.913,,0.45006517961346015,0.41504539559014264,1.6716296529577768e-08,bidisperse_a0.005_sr0.800_N1000_L12_T100000_seed1.npz,bidisperse,1,0.005,0.8,0.613620527725777
92000.0,0.8696860414816838,19,0.884,0.5551381584439435,0.435365687028872,0.4176776429809359,1.6693831357484385e-08,bidisperse_a0.005_sr0.800_N1000_L12_T100000_seed1.npz,bidisperse,1,0.005,0.8,0.613620527725777
93000.0,0.8631812766101207,15,0.913,,0.4430465485551813,0.409366869037294,1.725903671473e-08,bidisperse_a0.005_sr0.800_N1000_L12_T100000_seed1.npz,bidisperse,1,0.005,0.8,0.613620527725777
94000.0,0.8646998123619943,14,0.9,,0.4970697152306622,0.3973538198890312,1.426811393367357e-08,bidisperse_a0.005_sr0.800_N1000_L12_T100000_seed1.npz,bidisperse,1,0.005,0.8,0.613620527725777
95000.0,0.8560573582800002,10,0.896,,0.5180488052348319,0.37419354838709673,1.3334916485549322e-08,bidisperse_a0.005_sr0.800_N1000_L12_T100000_seed1.npz,bidisperse,1,0.005,0.8,0.613620527725777
96000.0,0.8642096615868728,17,0.886,0.5433291330469713,0.5184633473357182,0.40127118644067794,1.6365190038378466e-08,bidisperse_a0.005_sr0.800_N1000_L12_T100000_seed1.npz,bidisperse,1,0.005,0.8,0.613620527725777
97000.0,0.8581395178962746,15,0.892,,0.4892957114831626,0.3850797757654161,1.6242700964709745e-08,bidisperse_a0.005_sr0.800_N1000_L12_T100000_seed1.npz,bidisperse,1,0.005,0.8,0.613620527725777
98000.0,0.861440469191792,16,0.901,,0.5084571318765702,0.40102607952116287,1.472708491733681e-08,bidisperse_a0.005_sr0.800_N1000_L12_T100000_seed1.npz,bidisperse,1,0.005,0.8,0.613620527725777
99000.0,0.8618484042553192,18,0.882,,0.5094003301307001,0.38751069289991447,1.4076652176678027e-08,bidisperse_a0.005_sr0.800_N1000_L12_T100000_seed1.npz,bidisperse,1,0.005,0.8,0.613620527725777
100000.0,0.8564189002807006,16,0.901,0.54258320975449,0.5052707659962622,0.3877290157648061,1.2200990847028581e-08,bidisperse_a0.005_sr0.800_N1000_L12_T100000_seed1.npz,bidisperse,1,0.005,0.8,0.613620527725777
0.0,0.9836675841519154,169,0.029,0.798244488775536,,,,bidisperse_a0.005_sr0.800_N1000_L12_T100000_seed2.npz,bidisperse,2,0.005,0.8,0.6562053501694687
1000.0,0.9321909727081528,17,0.745,,0.20029023348288585,0.7873303167420814,2.257840887172688e-08,bidisperse_a0.005_sr0.800_N1000_L12_T100000_seed2.npz,bidisperse,2,0.005,0.8,0.6562053501694687
2000.0,0.9256820125690135,21,0.559,,0.5603314102078258,0.5772793759141882,1.885224652841454e-08,bidisperse_a0.005_sr0.800_N1000_L12_T100000_seed2.npz,bidisperse,2,0.005,0.8,0.6562053501694687
3000.0,0.9174278739905926,14,0.902,,0.6378538302833279,0.5548837209302326,1.8254677806106747e-08,bidisperse_a0.005_sr0.800_N1000_L12_T100000_seed2.npz,bidisperse,2,0.005,0.8,0.6562053501694687
4000.0,0.9070753443154199,15,0.7,0.6114908761236063,0.6023469117275773,0.5159206275957545,1.2827789184226155e-08,bidisperse_a0.005_sr0.800_N1000_L12_T100000_seed2.npz,bidisperse,2,0.005,0.8,0.6562053501694687
5000.0,0.9101811482385508,13,0.666,,0.5304233592340497,0.5066728025770824,1.3653435731652906e-08,bidisperse_a0.005_sr0.800_N1000_L12_T100000_seed2.npz,bidisperse,2,0.005,0.8,0.6562053501694687
6000.0,0.9112954856056938,21,0.676,,0.5742372560080086,0.5169569202566453,1.6256355638682857e-08,bidisperse_a0.005_sr0.800_N1000_L12_T100000_seed2.npz,bidisperse,2,0.005,0.8,0.6562053501694687
7000.0,0.9116236372434602,16,0.535,,0.530521977495133,0.5187728937728937,1.7229445069822164e-08,bidisperse_a0.005_sr0.800_N1000_L12_T100000_seed2.npz,bidisperse,2,0.005,0.8,0.6562053501694687
8000.0,0.9017400299901559,12,0.827,0.5914285411086437,0.631959163675264,0.5,1.9061336347613986e-08,bidisperse_a0.005_sr0.800_N1000_L12_T100000_seed2.npz,bidisperse,2,0.005,0.8,0.6562053501694687
9000.0,0.8992741954304652,18,0.702,,0.5199534827377463,0.4865848112778536,1.3214775340772244e-08,bidisperse_a0.005_sr0.800_N1000_L12_T100000_seed2.npz,bidisperse,2,0.005,0.8,0.6562053501694687
10000.0,0.8981434625449594,23,0.594,,0.5365899332405573,0.4904718693284936,1.2654990194005028e-08,bidisperse_a0.005_sr0.800_N1000_L12_T100000_seed2.npz,bidisperse,2,0.005,0.8,0.6562053501694687
11000.0,0.8974356930272109,25,0.555,,0.5842749624146595,0.46776406035665297,1.7679088821036633e-08,bidisperse_a0.005_sr0.800_N1000_L12_T100000_seed2.npz,bidisperse,2,0.005,0.8,0.6562053501694687
12000.0,0.892290420662234,15,0.793,0.5762761869758428,0.5892808668390862,0.4514078110808356,1.7473954811013702e-08,bidisperse_a0.005_sr0.800_N1000_L12_T100000_seed2.npz,bidisperse,2,0.005,0.8,0.6562053501694687
13000.0,0.8945949936503607,20,0.702,,0.5830422193983154,0.4552338530066815,1.2030788592247935e-08,bidisperse_a0.005_sr0.800_N1000_L12_T100000_seed2.npz,bidisperse,2,0.005,0.8,0.6562053501694687
14000.0,0.8882920959024501,19,0.729,,0.5601230709296354,0.45876058849754797,1.3793968257219133e-08,bidisperse_a0.005_sr0.800_N1000_L12_T100000_seed2.npz,bidisperse,2,0.005,0.8,0.6562053501694687
15000.0,0.8857045563323369,11,0.734,,0.5905224063526079,0.446119733924612,1.7021722043914714e-08,bidisperse_a0.005_sr0.800_N1000_L12_T100000_seed2.npz,bidisperse,2,0.005,0.8,0.6562053501694687
16000.0,0.885490849283589,18,0.716,0.570161212079615,0.5561751458375686,0.4314676068752754,1.628864290806864e-08,bidisperse_a0.005_sr0.800_N1000_L12_T100000_seed2.npz,bidisperse,2,0.005,0.8,0.6562053501694687
17000.0,0.8829007681503974,13,0.715,,0.6000453912224449,0.41328577797592514,1.607185787803559e-08,bidisperse_a0.005_sr0.800_N1000_L12_T100000_seed2.npz,bidisperse,2,0.005,0.8,0.6562053501694687
18000.0,0.8860220040718069,9,0.833,,0.5188045739915614,0.4211453744493392,1.1622518013773245e-08,bidisperse_a0.005_sr0.800_N1000_L12_T100000_seed2.npz,bidisperse,2,0.005,0.8,0.6562053501694687
19000.0,0.8823978083964759,12,0.738,,0.5982497320592698,0.4282570422535211,1.0582331790119372e-08,bidisperse_a0.005_sr0.800_N1000_L12_T100000_seed2.npz,bidisperse,2,0.005,0.8,0.6562053501694687
20000.0,0.8827292666880246,15,0.814,0.5696800839032141,0.5075021932095973,0.44056562085726914,1.1270318703193356e-08,bidisperse_a0.005_sr0.800_N1000_L12_T100000_seed2.npz,bidisperse,2,0.005,0.8,0.6562053501694687
21000.0,0.8772380359486924,13,0.82,,0.5698536410866172,0.43952673093777384,1.3589811540716476e-08,bidisperse_a0.005_sr0.800_N1000_L12_T100000_seed2.npz,bidisperse,2,0.005,0.8,0.6562053501694687
22000.0,0.881734218045668,17,0.693,,0.5212158489033873,0.42951541850220265,1.429412435793216e-08,bidisperse_a0.005_sr0.800_N1000_L12_T100000_seed2.npz,bidisperse,2,0.005,0.8,0.6562053501694687
23000.0,0.8793388638912227,16,0.823,,0.4551473949939103,0.4116331096196868,1.5255266870047076e-08,bidisperse_a0.005_sr0.800_N1000_L12_T100000_seed2.npz,bidisperse,2,0.005,0.8,0.6562053501694687
24000.0,0.8786741719191751,13,0.713,0.5559887083677734,0.5449982922574288,0.4285093437635811,1.3363609354613749e-08,bidisperse_a0.005_sr0.800_N1000_L12_T100000_seed2.npz,bidisperse,2,0.005,0.8,0.6562053501694687
25000.0,0.8731836551584335,11,0.844,,0.5830072035678631,0.44750430292598964,1.1809566035270171e-08,bidisperse_a0.005_sr0.800_N1000_L12_T100000_seed2.npz,bidisperse,2,0.005,0.8,0.6562053501694687
26000.0,0.8808031125854148,12,0.811,,0.5503985747937706,0.4523195876288659,1.1151576483199934e-08,bidisperse_a0.005_sr0.800_N1000_L12_T100000_seed2.npz,bidisperse,2,0.005,0.8,0.6562053501694687
27000.0,0.877342552210894,24,0.793,,0.5614745333701794,0.44429995665366273,1.2817804640649804e-08,bidisperse_a0.005_sr0.800_N1000_L12_T100000_seed2.npz,bidisperse,2,0.005,0.8,0.6562053501694687
28000.0,0.8724097232883147,26,0.783,0.5742547084111308,0.4600791234403084,0.43588601959038287,1.2345533065808743e-08,bidisperse_a0.005_sr0.800_N1000_L12_T100000_seed2.npz,bidisperse,2,0.005,0.8,0.6562053501694687
29000.0,0.8740751305404975,17,0.91,,0.545338783364424,0.4310421286031042,1.5873075293270358e-08,bidisperse_a0.005_sr0.800_N1000_L12_T100000_seed2.npz,bidisperse,2,0.005,0.8,0.6562053501694687
30000.0,0.8765547283503707,16,0.915,,0.6207481440192061,0.4193689745836985,1.4948534408056773e-08,bidisperse_a0.005_sr0.800_N1000_L12_T100000_seed2.npz,bidisperse,2,0.005,0.8,0.6562053501694687
31000.0,0.8635769681374839,18,0.914,,0.47825480571827866,0.4137931034482759,1.1560289716490915e-08,bidisperse_a0.005_sr0.800_N1000_L12_T100000_seed2.npz,bidisperse,2,0.005,0.8,0.6562053501694687
32000.0,0.8598118826303137,13,0.928,0.5486719559058404,0.5267314137536689,0.39501932159725206,1.1301150757391134e-08,bidisperse_a0.005_sr0.800_N1000_L12_T100000_seed2.npz,bidisperse,2,0.005,0.8,0.6562053501694687
33000.0,0.869515120341029,12,0.909,,0.4890388024295229,0.4031209362808843,1.2157003326985104e-08,bidisperse_a0.005_sr0.800_N1000_L12_T100000_seed2.npz,bidisperse,2,0.005,0.8,0.6562053501694687
34000.0,0.8656936397982093,16,0.927,,0.5007862199012624,0.4130434782608695,1.074983343644935e-08,bidisperse_a0.005_sr0.800_N1000_L12_T100000_seed2.npz,bidisperse,2,0.005,0.8,0.6562053501694687
35000.0,0.8700776414466463,12,0.932,,0.4897752029698051,0.4238665526090676,1.1672741247891426e-08,bidisperse_a0.005_sr0.800_N1000_L12_T100000_seed2.npz,bidisperse,2,0.005,0.8,0.6562053501694687
36000.0,0.8606479769340346,13,0.931,0.5445597095904254,0.5564372267372784,0.4212314225053079,1.1356429391153006e-08,bidisperse_a0.005_sr0.800_N1000_L12_T100000_seed2.npz,bidisperse,2,0.005,0.8,0.6562053501694687
37000.0,0.8624857237693896,14,0.927,,0.5130286226078303,0.38418323249783926,1.453182344867645e-08,bidisperse_a0.005_sr0.800_N1000_L12_T100000_seed2.npz,bidisperse,2,0.005,0.8,0.6562053501694687
38000.0,0.8597402774406697,15,0.925,,0.5422231766073723,0.3948275862068965,1.2560484446344046e-08,bidisperse_a0.005_sr0.800_N1000_L12_T100000_seed2.npz,bidisperse,2,0.005,0.8,0.6562053501694687
39000.0,0.8660378695794534,11,0.921,,0.47518743539635616,0.40814558058925476,1.2865346734200665e-08,bidisperse_a0.005_sr0.800_N1000_L12_T100000_seed2.npz,bidisperse,2,0.005,0.8,0.6562053501694687
40000.0,0.8689354514141348,10,0.924,0.5459034035688144,0.48755584957861203,0.4201898188093184,1.2327452649076749e-08,bidisperse_a0.005_sr0.800_N1000_L12_T100000_seed2.npz,bidisperse,2,0.005,0.8,0.6562053501694687
41000.0,0.8599540311642445,13,0.91,,0.5096733303691052,0.40069384215091064,1.2191393701989476e-08,bidisperse_a0.005_sr0.800_N1000_L12_T100000_seed2.npz,bidisperse,2,0.005,0.8,0.6562053501694687
42000.0,0.866028537586639,17,0.901,,0.5329741236972364,0.40883499350368124,1.291155556467856e-08,bidisperse_a0.005_sr0.800_N1000_L12_T100000_seed2.npz,bidisperse,2,0.005,0.8,0.6562053501694687
43000.0,0.8671588555455254,12,0.914,,0.49454912996934297,0.4159100734976221,1.403582204446039e-08,bidisperse_a0.005_sr0.800_N1000_L12_T100000_seed2.npz,bidisperse,2,0.005,0.8,0.6562053501694687
44000.0,0.8637075054258979,14,0.927,0.5570937854306788,0.4770738686622401,0.418866291648637,1.5443278482953243e-08,bidisperse_a0.005_sr0.800_N1000_L12_T100000_seed2.npz,bidisperse,2,0.005,0.8,0.6562053501694687
45000.0,0.8686855452240068,18,0.901,,0.5098976741239399,0.38965059708093763,1.945061255961105e-08,bidisperse_a0.005_sr0.800_N1000_L12_T100000_seed2.npz,bidisperse,2,0.005,0.8,0.6562053501694687
46000.0,0.8619556491479006,13,0.923,,0.45526173848679885,0.42259594652867616,1.687119634302329e-08,bidisperse_a0.005_sr0.800_N1000_L12_T100000_seed2.npz,bidisperse,2,0.005,0.8,0.6562053501694687
47000.0,0.8628374392074882,12,0.942,,0.41467723588614674,0.42905837239028544,1.491015012153017e-08,bidisperse_a0.005_sr0.800_N1000_L12_T100000_seed2.npz,bidisperse,2,0.005,0.8,0.6562053501694687
48000.0,0.8604961957234685,13,0.914,0.5518821193537103,0.42666349466520836,0.3988739714161975,1.145004211088455e-08,bidisperse_a0.005_sr0.800_N1000_L12_T100000_seed2.npz,bidisperse,2,0.005,0.8,0.6562053501694687
49000.0,0.861097554291799,14,0.904,,0.4726071849629172,0.4050796383986225,1.4369878046303082e-08,bidisperse_a0.005_sr0.800_N1000_L12_T100000_seed2.npz,bidisperse,2,0.005,0.8,0.6562053501694687
50000.0,0.8560830464256297,14,0.912,,0.4183625637593538,0.39109766637856525,1.2256178707502816e-08,bidisperse_a0.005_sr0.800_N1000_L12_T100000_seed2.npz,bidisperse,2,0.005,0.8,0.6562053501694687
51000.0,0.8567057708245946,15,0.914,,0.46121386758940425,0.3958956819153484,1.371418040704353e-08,bidisperse_a0.005_sr0.800_N1000_L12_T100000_seed2.npz,bidisperse,2,0.005,0.8,0.6562053501694687
52000.0,0.856236614951376,15,0.912,0.5387179567018346,0.4840126984785479,0.3958155422715628,1.559043548318157e-08,bidisperse_a0.005_sr0.800_N1000_L12_T100000_seed2.npz,bidisperse,2,0.005,0.8,0.6562053501694687
53000.0,0.854463562741606,18,0.894,,0.45491469756003533,0.37813310285220403,1.3528151387819604e-08,bidisperse_a0.005_sr0.800_N1000_L12_T100000_seed2.npz,bidisperse,2,0.005,0.8,0.6562053501694687
54000.0,0.8551901038701581,17,0.898,,0.5163227117155643,0.41023454157782513,1.8237496615614724e-08,bidisperse_a0.005_sr0.800_N1000_L12_T100000_seed2.npz,bidisperse,2,0.005,0.8,0.6562053501694687
55000.0,0.8601111250280623,17,0.882,,0.5154341847148137,0.40702210663198957,1.501751070902561e-08,bidisperse_a0.005_sr0.800_N1000_L12_T100000_seed2.npz,bidisperse,2,0.005,0.8,0.6562053501694687
56000.0,0.8542603725188475,18,0.893,0.5424911547750167,0.4465003613808353,0.3990488543017726,1.5530309795027573e-08,bidisperse_a0.005_sr0.800_N1000_L12_T100000_seed2.npz,bidisperse,2,0.005,0.8,0.6562053501694687
57000.0,0.861488681962052,17,0.891,,0.4104955547305332,0.4059278350515464,1.42623330557104e-08,bidisperse_a0.005_sr0.800_N1000_L12_T100000_seed2.npz,bidisperse,2,0.005,0.8,0.6562053501694687
58000.0,0.85608240417001,19,0.897,,0.4903141062567244,0.3955223880597015,1.5763094279128806e-08,bidisperse_a0.005_sr0.800_N1000_L12_T100000_seed2.npz,bidisperse,2,0.005,0.8,0.6562053501694687
59000.0,0.862256265889111,18,0.878,,0.45742115136917294,0.4040404040404041,1.6579670065864737e-08,bidisperse_a0.005_sr0.800_N1000_L12_T100000_seed2.npz,bidisperse,2,0.005,0.8,0.6562053501694687
60000.0,0.854288917702067,20,0.882,0.5534532769719459,0.4282517792829515,0.4179620034542314,1.9464430527008646e-08,bidisperse_a0.005_sr0.800_N1000_L12_T100000_seed2.npz,bidisperse,2,0.005,0.8,0.6562053501694687
61000.0,0.8534194079068163,19,0.89,,0.4026766908795069,0.38592657342657344,1.8475416960480896e-08,bidisperse_a0.005_sr0.800_N1000_L12_T100000_seed2.npz,bidisperse,2,0.005,0.8,0.6562053501694687
62000.0,0.856316419532759,18,0.884,,0.43869144773012814,0.3865325754263227,1.98131293996033e-08,bidisperse_a0.005_sr0.800_N1000_L12_T100000_seed2.npz,bidisperse,2,0.005,0.8,0.6562053501694687
63000.0,0.8539891966759002,17,0.91,,0.44039749864100053,0.3933933933933934,1.4470164776608483e-08,bidisperse_a0.005_sr0.800_N1000_L12_T100000_seed2.npz,bidisperse,2,0.005,0.8,0.6562053501694687
64000.0,0.8574795840631096,16,0.899,0.5556715484547728,0.47630635451978753,0.40341880341880343,1.6022075477979617e-08,bidisperse_a0.005_sr0.800_N1000_L12_T100000_seed2.npz,bidisperse,2,0.005,0.8,0.6562053501694687
65000.0,0.863601980895428,13,0.88,,0.42846511843103224,0.4081720430107527,1.3971401895484721e-08,bidisperse_a0.005_sr0.800_N1000_L12_T100000_seed2.npz,bidisperse,2,0.005,0.8,0.6562053501694687
66000.0,0.8500010964308085,21,0.857,,0.4957604467365005,0.3838862559241706,1.6435967959449666e-08,bidisperse_a0.005_sr0.800_N1000_L12_T100000_seed2.npz,bidisperse,2,0.005,0.8,0.6562053501694687
67000.0,0.8522778122609235,19,0.865,,0.46871727425058546,0.37037037037037035,1.9718960749486337e-08,bidisperse_a0.005_sr0.800_N1000_L12_T100000_seed2.npz,bidisperse,2,0.005,0.8,0.6562053501694687
68000.0,0.8525343577729213,18,0.852,0.5296153034993822,0.44224341573246423,0.3677282377919321,2.0240824150816525e-08,bidisperse_a0.005_sr0.800_N1000_L12_T100000_seed2.npz,bidisperse,2,0.005,0.8,0.6562053501694687
69000.0,0.8565173525468648,21,0.857,,0.440375074141274,0.3473998294970162,1.8338413743442136e-08,bidisperse_a0.005_sr0.800_N1000_L12_T100000_seed2.npz,bidisperse,2,0.005,0.8,0.6562053501694687
70000.0,0.8506476519725966,21,0.865,,0.43404675358460315,0.32487091222030984,1.730836427971566e-08,bidisperse_a0.005_sr0.800_N1000_L12_T100000_seed2.npz,bidisperse,2,0.005,0.8,0.6562053501694687
71000.0,0.850605065115045,23,0.869,,0.5188405078254922,0.35611205432937176,1.6093577169700986e-08,bidisperse_a0.005_sr0.800_N1000_L12_T100000_seed2.npz,bidisperse,2,0.005,0.8,0.6562053501694687
72000.0,0.8478683301726937,19,0.862,0.5307939459758738,0.48713766806053654,0.36130136986301364,1.4546282790761272e-08,bidisperse_a0.005_sr0.800_N1000_L12_T100000_seed2.npz,bidisperse,2,0.005,0.8,0.6562053501694687
73000.0,0.8525524504643626,22,0.869,,0.5034871930944277,0.36448202959830867,1.7435751458784892e-08,bidisperse_a0.005_sr0.800_N1000_L12_T100000_seed2.npz,bidisperse,2,0.005,0.8,0.6562053501694687
74000.0,0.8551223390496538,14,0.891,,0.4324192882011805,0.34696513129573825,1.8768711334253198e-08,bidisperse_a0.005_sr0.800_N1000_L12_T100000_seed2.npz,bidisperse,2,0.005,0.8,0.6562053501694687
75000.0,0.847118427368627,14,0.905,,0.4547805882539533,0.3504891535516801,1.9432744274684044e-08,bidisperse_a0.005_sr0.800_N1000_L12_T100000_seed2.npz,bidisperse,2,0.005,0.8,0.6562053501694687
76000.0,0.8516027871217813,13,0.899,0.529162940330237,0.4681777193164405,0.3515329693406132,1.511846693395468e-08,bidisperse_a0.005_sr0.800_N1000_L12_T100000_seed2.npz,bidisperse,2,0.005,0.8,0.6562053501694687
77000.0,0.8468896746852035,18,0.895,,0.5102008264757671,0.37668350168350173,1.175019843009155e-08,bidisperse_a0.005_sr0.800_N1000_L12_T100000_seed2.npz,bidisperse,2,0.005,0.8,0.6562053501694687
78000.0,0.8477766579221481,20,0.885,,0.44344291698840527,0.34136891950064574,1.3273261413160639e-08,bidisperse_a0.005_sr0.800_N1000_L12_T100000_seed2.npz,bidisperse,2,0.005,0.8,0.6562053501694687
79000.0,0.8481396916341143,20,0.861,,0.4227504872055464,0.3556876061120543,1.3553146316481173e-08,bidisperse_a0.005_sr0.800_N1000_L12_T100000_seed2.npz,bidisperse,2,0.005,0.8,0.6562053501694687
80000.0,0.844306960437494,21,0.86,0.527916318813448,0.47633491324834626,0.33118833118833124,1.759794523074829e-08,bidisperse_a0.005_sr0.800_N1000_L12_T100000_seed2.npz,bidisperse,2,0.005,0.8,0.6562053501694687
81000.0,0.8435662654015629,19,0.875,,0.4599785203130761,0.3409188492915415,1.7477709727466424e-08,bidisperse_a0.005_sr0.800_N1000_L12_T100000_seed2.npz,bidisperse,2,0.005,0.8,0.6562053501694687
82000.0,0.8507954878678594,17,0.889,,0.5319711297498952,0.36480136693720633,1.3094936347452187e-08,bidisperse_a0.005_sr0.800_N1000_L12_T100000_seed2.npz,bidisperse,2,0.005,0.8,0.6562053501694687
83000.0,0.8459340509513325,17,0.91,,0.47921782854979467,0.3582153582153582,1.6722940064778556e-08,bidisperse_a0.005_sr0.800_N1000_L12_T100000_seed2.npz,bidisperse,2,0.005,0.8,0.6562053501694687
84000.0,0.8428128827305321,19,0.886,0.5363576656033027,0.49832415655302037,0.36981616075245827,1.5848316625389984e-08,bidisperse_a0.005_sr0.800_N1000_L12_T100000_seed2.npz,bidisperse,2,0.005,0.8,0.6562053501694687
85000.0,0.8509028483531874,21,0.882,,0.40817890595324513,0.3610512710038777,1.4790004847096241e-08,bidisperse_a0.005_sr0.800_N1000_L12_T100000_seed2.npz,bidisperse,2,0.005,0.8,0.6562053501694687
86000.0,0.8474361858351385,24,0.868,,0.4347520241595646,0.3721030042918455,1.828589141235551e-08,bidisperse_a0.005_sr0.800_N1000_L12_T100000_seed2.npz,bidisperse,2,0.005,0.8,0.6562053501694687
87000.0,0.8489189560876701,24,0.873,,0.4657242908017772,0.3617762298650413,1.8056635088301842e-08,bidisperse_a0.005_sr0.800_N1000_L12_T100000_seed2.npz,bidisperse,2,0.005,0.8,0.6562053501694687
88000.0,0.8480496257381932,27,0.874,0.5344228319071641,0.4604982287537364,0.3757472245943638,1.8072008663061905e-08,bidisperse_a0.005_sr0.800_N1000_L12_T100000_seed2.npz,bidisperse,2,0.005,0.8,0.6562053501694687
89000.0,0.8460748227554785,16,0.877,,0.4552065654532732,0.36282433007230963,1.4711726837021392e-08,bidisperse_a0.005_sr0.800_N1000_L12_T100000_seed2.npz,bidisperse,2,0.005,0.8,0.6562053501694687
90000.0,0.8453373268920752,16,0.903,,0.4093268517147491,0.34476843910806176,1.6734521146021803e-08,bidisperse_a0.005_sr0.800_N1000_L12_T100000_seed2.npz,bidisperse,2,0.005,0.8,0.6562053501694687
91000.0,0.8466395187548523,18,0.892,,0.4170311777634638,0.3528156996587031,1.8051044290449144e-08,bidisperse_a0.005_sr0.800_N1000_L12_T100000_seed2.npz,bidisperse,2,0.005,0.8,0.6562053501694687
92000.0,0.8498041733141709,21,0.917,0.540392607462492,0.4355225457141347,0.360445205479452,1.6445870184985e-08,bidisperse_a0.005_sr0.800_N1000_L12_T100000_seed2.npz,bidisperse,2,0.005,0.8,0.6562053501694687
93000.0,0.8505871528934756,22,0.91,,0.5254130717976732,0.3682853459389772,1.571089841121684e-08,bidisperse_a0.005_sr0.800_N1000_L12_T100000_seed2.npz,bidisperse,2,0.005,0.8,0.6562053501694687
94000.0,0.8430804283236633,16,0.919,,0.4870270786798014,0.36191296854803967,1.3709764078862654e-08,bidisperse_a0.005_sr0.800_N1000_L12_T100000_seed2.npz,bidisperse,2,0.005,0.8,0.6562053501694687
95000.0,0.8459588362345517,15,0.93,,0.48533606170235444,0.3315949587136028,1.8923741441258136e-08,bidisperse_a0.005_sr0.800_N1000_L12_T100000_seed2.npz,bidisperse,2,0.005,0.8,0.6562053501694687
96000.0,0.8507198534689518,14,0.917,0.5400554123410538,0.4964809691217412,0.3819561551433389,1.6848610946791236e-08,bidisperse_a0.005_sr0.800_N1000_L12_T100000_seed2.npz,bidisperse,2,0.005,0.8,0.6562053501694687
97000.0,0.843503039503382,14,0.915,,0.43952514488074834,0.3689361702127659,1.4745205880750599e-08,bidisperse_a0.005_sr0.800_N1000_L12_T100000_seed2.npz,bidisperse,2,0.005,0.8,0.6562053501694687
98000.0,0.8454520670572917,18,0.891,,0.4108604741603033,0.35220935220935223,1.4315234544180891e-08,bidisperse_a0.005_sr0.800_N1000_L12_T100000_seed2.npz,bidisperse,2,0.005,0.8,0.6562053501694687
99000.0,0.8456918181338705,21,0.882,,0.4819792018590462,0.35149156939040205,1.5140987147737414e-08,bidisperse_a0.005_sr0.800_N1000_L12_T100000_seed2.npz,bidisperse,2,0.005,0.8,0.6562053501694687
100000.0,0.8504229379293912,13,0.886,0.531465789473918,0.47584864219507966,0.3590402742073693,1.7855465768341862e-08,bidisperse_a0.005_sr0.800_N1000_L12_T100000_seed2.npz,bidisperse,2,0.005,0.8,0.6562053501694687
0.0,0.9829151903986721,170,0.045,0.7773211543440404,,,,bidisperse_a0.005_sr0.800_N1000_L12_T100000_seed3.npz,bidisperse,3,0.005,0.8,0.6411518535357276
1000.0,0.9392019907123228,34,0.402,,0.22823245808349615,0.7839195979899498,2.2246130249760216e-08,bidisperse_a0.005_sr0.800_N1000_L12_T100000_seed3.npz,bidisperse,3,0.005,0.8,0.6411518535357276
2000.0,0.9223722459769865,30,0.313,,0.46973459647814797,0.6098765432098765,1.536388317779533e-08,bidisperse_a0.005_sr0.800_N1000_L12_T100000_seed3.npz,bidisperse,3,0.005,0.8,0.6411518535357276
3000.0,0.9129452083767181,23,0.718,,0.5584412195310471,0.5717658168083097,1.7481084405637808e-08,bidisperse_a0.005_sr0.800_N1000_L12_T100000_seed3.npz,bidisperse,3,0.005,0.8,0.6411518535357276
4000.0,0.9102056382155688,20,0.755,0.6033375778160397,0.6221545409989839,0.5355016032982134,1.5967657433288585e-08,bidisperse_a0.005_sr0.800_N1000_L12_T100000_seed3.npz,bidisperse,3,0.005,0.8,0.6411518535357276
5000.0,0.8998064602361328,15,0.9,,0.5870367839934921,0.5015873015873016,1.5088860598548476e-08,bidisperse_a0.005_sr0.800_N1000_L12_T100000_seed3.npz,bidisperse,3,0.005,0.8,0.6411518535357276
6000.0,0.8944076384186633,13,0.917,,0.5840822574732356,0.46237043713384407,1.2527810551442515e-08,bidisperse_a0.005_sr0.800_N1000_L12_T100000_seed3.npz,bidisperse,3,0.005,0.8,0.6411518535357276
7000.0,0.8941123069443581,8,0.936,,0.6681293679326646,0.45744680851063835,1.2850729403994361e-08,bidisperse_a0.005_sr0.800_N1000_L12_T100000_seed3.npz,bidisperse,3,0.005,0.8,0.6411518535357276
8000.0,0.8943222712570025,10,0.937,0.5898136421662485,0.5124803436592822,0.458165548098434,1.2379921309073927e-08,bidisperse_a0.005_sr0.800_N1000_L12_T100000_seed3.npz,bidisperse,3,0.005,0.8,0.6411518535357276
9000.0,0.8885115069456858,7,0.938,,0.4607218228728523,0.4920634920634921,1.5439714326790446e-08,bidisperse_a0.005_sr0.800_N1000_L12_T100000_seed3.npz,bidisperse,3,0.005,0.8,0.6411518535357276
10000.0,0.8918221161702166,8,0.941,,0.5225590157301419,0.47022496691662996,1.2386261277478185e-08,bidisperse_a0.005_sr0.800_N1000_L12_T100000_seed3.npz,bidisperse,3,0.005,0.8,0.6411518535357276
11000.0,0.8821741257416993,8,0.943,,0.5540404442110212,0.44517833553500663,1.2841660768974945e-08,bidisperse_a0.005_sr0.800_N1000_L12_T100000_seed3.npz,bidisperse,3,0.005,0.8,0.6411518535357276
12000.0,0.8839068701627016,12,0.586,0.5673588768828576,0.5169683993170272,0.4401223776223776,1.5477077972435174e-08,bidisperse_a0.005_sr0.800_N1000_L12_T100000_seed3.npz,bidisperse,3,0.005,0.8,0.6411518535357276
13000.0,0.8860054277656223,8,0.944,,0.5530654829783962,0.42548500881834217,1.0381843749741108e-08,bidisperse_a0.005_sr0.800_N1000_L12_T100000_seed3.npz,bidisperse,3,0.005,0.8,0.6411518535357276
14000.0,0.8844102360642729,14,0.933,,0.5451386943274831,0.43303964757709246,1.6746674898407345e-08,bidisperse_a0.005_sr0.800_N1000_L12_T100000_seed3.npz,bidisperse,3,0.005,0.8,0.6411518535357276
15000.0,0.8889453540908959,8,0.939,,0.4801198813525506,0.45065502183406114,1.5475168824663236e-08,bidisperse_a0.005_sr0.800_N1000_L12_T100000_seed3.npz,bidisperse,3,0.005,0.8,0.6411518535357276
16000.0,0.8889342198346759,16,0.563,0.5672280643920318,0.5718262231422746,0.422360248447205,1.555677874794166e-08,bidisperse_a0.005_sr0.800_N1000_L12_T100000_seed3.npz,bidisperse,3,0.005,0.8,0.6411518535357276
17000.0,0.883810913507614,14,0.944,,0.542352360795293,0.42114460463084313,1.2863265240586314e-08,bidisperse_a0.005_sr0.800_N1000_L12_T100000_seed3.npz,bidisperse,3,0.005,0.8,0.6411518535357276
18000.0,0.881439794845297,7,0.96,,0.44672402621988233,0.4208695652173913,1.5419456039858456e-08,bidisperse_a0.005_sr0.800_N1000_L12_T100000_seed3.npz,bidisperse,3,0.005,0.8,0.6411518535357276
19000.0,0.8790252210241605,9,0.958,,0.520603038789313,0.44299956653662764,1.2864474455840794e-08,bidisperse_a0.005_sr0.800_N1000_L12_T100000_seed3.npz,bidisperse,3,0.005,0.8,0.6411518535357276
20000.0,0.887372662500427,8,0.945,0.5692651572377975,0.5350458946214928,0.4263668430335097,1.1584503318947893e-08,bidisperse_a0.005_sr0.800_N1000_L12_T100000_seed3.npz,bidisperse,3,0.005,0.8,0.6411518535357276
21000.0,0.8824836927686402,9,0.948,,0.565734019241082,0.4391951006124234,1.395100037651067e-08,bidisperse_a0.005_sr0.800_N1000_L12_T100000_seed3.npz,bidisperse,3,0.005,0.8,0.6411518535357276
22000.0,0.884886649293675,9,0.934,,0.5594990075283686,0.4463500439753738,1.393982082729071e-08,bidisperse_a0.005_sr0.800_N1000_L12_T100000_seed3.npz,bidisperse,3,0.005,0.8,0.6411518535357276
23000.0,0.8833356873636183,11,0.932,,0.48397850079088583,0.4536263736263736,1.5132060552001858e-08,bidisperse_a0.005_sr0.800_N1000_L12_T100000_seed3.npz,bidisperse,3,0.005,0.8,0.6411518535357276
24000.0,0.8841215506935761,14,0.91,0.5704215120381871,0.5130384073360601,0.45104895104895104,1.4234859312908e-08,bidisperse_a0.005_sr0.800_N1000_L12_T100000_seed3.npz,bidisperse,3,0.005,0.8,0.6411518535357276
25000.0,0.8776080987249084,18,0.901,,0.5207868282480689,0.43518518518518523,1.3681541464882918e-08,bidisperse_a0.005_sr0.800_N1000_L12_T100000_seed3.npz,bidisperse,3,0.005,0.8,0.6411518535357276
26000.0,0.8858468591465926,12,0.91,,0.48577609938847793,0.43574922187638954,1.4265377849571818e-08,bidisperse_a0.005_sr0.800_N1000_L12_T100000_seed3.npz,bidisperse,3,0.005,0.8,0.6411518535357276
27000.0,0.8808503047529987,19,0.895,,0.5793514143291636,0.43738738738738736,1.6001260856202386e-08,bidisperse_a0.005_sr0.800_N1000_L12_T100000_seed3.npz,bidisperse,3,0.005,0.8,0.6411518535357276
28000.0,0.8821238752144532,21,0.871,0.5893849421705589,0.5143565019893626,0.4520361990950226,1.512903517791521e-08,bidisperse_a0.005_sr0.800_N1000_L12_T100000_seed3.npz,bidisperse,3,0.005,0.8,0.6411518535357276
29000.0,0.8787230577357,14,0.889,,0.48852471257734686,0.4672939068100358,1.93470170020656e-08,bidisperse_a0.005_sr0.800_N1000_L12_T100000_seed3.npz,bidisperse,3,0.005,0.8,0.6411518535357276
30000.0,0.8801953147039412,9,0.923,,0.48782969029638257,0.4567243675099867,1.5098675362027947e-08,bidisperse_a0.005_sr0.800_N1000_L12_T100000_seed3.npz,bidisperse,3,0.005,0.8,0.6411518535357276
31000.0,0.8826547824139016,13,0.917,,0.5069587663277432,0.455595026642984,1.3189263070231572e-08,bidisperse_a0.005_sr0.800_N1000_L12_T100000_seed3.npz,bidisperse,3,0.005,0.8,0.6411518535357276
32000.0,0.8798940551557115,8,0.892,0.5595604500184,0.4938968207716208,0.441747572815534,1.689470842111305e-08,bidisperse_a0.005_sr0.800_N1000_L12_T100000_seed3.npz,bidisperse,3,0.005,0.8,0.6411518535357276
33000.0,0.8776981334692798,13,0.888,,0.5432584076992002,0.40124003542958375,1.3545738841199135e-08,bidisperse_a0.005_sr0.800_N1000_L12_T100000_seed3.npz,bidisperse,3,0.005,0.8,0.6411518535357276
34000.0,0.8790525592630989,10,0.933,,0.5524513352282722,0.42695159180113385,1.3070626562777412e-08,bidisperse_a0.005_sr0.800_N1000_L12_T100000_seed3.npz,bidisperse,3,0.005,0.8,0.6411518535357276
35000.0,0.8734300356331741,13,0.878,,0.5210507478878382,0.41303390576838395,1.4675870567965575e-08,bidisperse_a0.005_sr0.800_N1000_L12_T100000_seed3.npz,bidisperse,3,0.005,0.8,0.6411518535357276
36000.0,0.8724617042895546,16,0.817,0.5634192854199657,0.4810879701946279,0.43000874890638674,1.4266695002152575e-08,bidisperse_a0.005_sr0.800_N1000_L12_T100000_seed3.npz,bidisperse,3,0.005,0.8,0.6411518535357276
37000.0,0.8708689816485163,14,0.861,,0.4979726428202101,0.4409448818897638,1.3804954798610178e-08,bidisperse_a0.005_sr0.800_N1000_L12_T100000_seed3.npz,bidisperse,3,0.005,0.8,0.6411518535357276
38000.0,0.8695789180833894,11,0.88,,0.5457991006214211,0.3972602739726028,1.386445242961872e-08,bidisperse_a0.005_sr0.800_N1000_L12_T100000_seed3.npz,bidisperse,3,0.005,0.8,0.6411518535357276
39000.0,0.8709071153249474,20,0.858,,0.5072564737431456,0.3913618334067871,1.4780829740902194e-08,bidisperse_a0.005_sr0.800_N1000_L12_T100000_seed3.npz,bidisperse,3,0.005,0.8,0.6411518535357276
40000.0,0.8739236052547741,11,0.885,0.551874994143663,0.45792503712671145,0.39666520403685823,1.3872297652001562e-08,bidisperse_a0.005_sr0.800_N1000_L12_T100000_seed3.npz,bidisperse,3,0.005,0.8,0.6411518535357276
41000.0,0.8724923086313531,17,0.864,,0.5138354682204829,0.39111498257839716,1.3400435263176651e-08,bidisperse_a0.005_sr0.800_N1000_L12_T100000_seed3.npz,bidisperse,3,0.005,0.8,0.6411518535357276
42000.0,0.8716948915890967,14,0.896,,0.472186658918963,0.4132410212029425,1.2052880663819718e-08,bidisperse_a0.005_sr0.800_N1000_L12_T100000_seed3.npz,bidisperse,3,0.005,0.8,0.6411518535357276
43000.0,0.8743273759207825,16,0.899,,0.48672051589893506,0.4386792452830188,1.2084399345006334e-08,bidisperse_a0.005_sr0.800_N1000_L12_T100000_seed3.npz,bidisperse,3,0.005,0.8,0.6411518535357276
44000.0,0.8759148333811313,11,0.896,0.5554770482833796,0.5592351039095788,0.42789291882556135,1.1126931101399435e-08,bidisperse_a0.005_sr0.800_N1000_L12_T100000_seed3.npz,bidisperse,3,0.005,0.8,0.6411518535357276
45000.0,0.8646590104710843,9,0.906,,0.5020752838919388,0.39037199124726474,1.0119328796533438e-08,bidisperse_a0.005_sr0.800_N1000_L12_T100000_seed3.npz,bidisperse,3,0.005,0.8,0.6411518535357276
46000.0,0.8774660625116143,11,0.907,,0.5073548800225444,0.39861050803300047,1.1442904479378516e-08,bidisperse_a0.005_sr0.800_N1000_L12_T100000_seed3.npz,bidisperse,3,0.005,0.8,0.6411518535357276
47000.0,0.867550002309443,19,0.897,,0.4716045031487662,0.4310564276622826,9.957670842700573e-09,bidisperse_a0.005_sr0.800_N1000_L12_T100000_seed3.npz,bidisperse,3,0.005,0.8,0.6411518535357276
48000.0,0.8705617089176232,8,0.951,0.5437594366858575,0.5014405888870447,0.3975955345641906,8.811591340516139e-09,bidisperse_a0.005_sr0.800_N1000_L12_T100000_seed3.npz,bidisperse,3,0.005,0.8,0.6411518535357276
49000.0,0.8681327401188825,10,0.91,,0.5251916229158319,0.3754355400696864,1.1777466336116309e-08,bidisperse_a0.005_sr0.800_N1000_L12_T100000_seed3.npz,bidisperse,3,0.005,0.8,0.6411518535357276
50000.0,0.8710753757425835,12,0.902,,0.5200683885819819,0.3926406926406927,1.2376621807545173e-08,bidisperse_a0.005_sr0.800_N1000_L12_T100000_seed3.npz,bidisperse,3,0.005,0.8,0.6411518535357276
51000.0,0.8699771607436823,16,0.926,,0.4754532396778019,0.39973901696389735,1.2718033305008879e-08,bidisperse_a0.005_sr0.800_N1000_L12_T100000_seed3.npz,bidisperse,3,0.005,0.8,0.6411518535357276
52000.0,0.8701822359447374,11,0.944,0.5534868136924923,0.45223506189085827,0.41476046611998274,1.519731334023912e-08,bidisperse_a0.005_sr0.800_N1000_L12_T100000_seed3.npz,bidisperse,3,0.005,0.8,0.6411518535357276
53000.0,0.8693509994306445,9,0.915,,0.4682458545811078,0.37835459744830624,1.3275051819532857e-08,bidisperse_a0.005_sr0.800_N1000_L12_T100000_seed3.npz,bidisperse,3,0.005,0.8,0.6411518535357276
54000.0,0.8650541618097989,15,0.886,,0.5418892860395789,0.4039045553145336,1.1172522862855051e-08,bidisperse_a0.005_sr0.800_N1000_L12_T100000_seed3.npz,bidisperse,3,0.005,0.8,0.6411518535357276
55000.0,0.8700112877705894,11,0.944,,0.5040571976531742,0.4027598102630444,1.2023507233106788e-08,bidisperse_a0.005_sr0.800_N1000_L12_T100000_seed3.npz,bidisperse,3,0.005,0.8,0.6411518535357276
56000.0,0.8695599492163428,14,0.94,0.5562853190188756,0.5174119643263734,0.4137044967880086,1.017767781337529e-08,bidisperse_a0.005_sr0.800_N1000_L12_T100000_seed3.npz,bidisperse,3,0.005,0.8,0.6411518535357276
57000.0,0.8768585207082923,6,0.946,,0.5433070361834887,0.4250107434464976,1.2090252144020213e-08,bidisperse_a0.005_sr0.800_N1000_L12_T100000_seed3.npz,bidisperse,3,0.005,0.8,0.6411518535357276
58000.0,0.8701021839682104,17,0.927,,0.5942408604924866,0.44297872340425537,1.170058538325298e-08,bidisperse_a0.005_sr0.800_N1000_L12_T100000_seed3.npz,bidisperse,3,0.005,0.8,0.6411518535357276
59000.0,0.866805230961965,10,0.945,,0.5110570352819064,0.4133160397751837,1.2409718748096474e-08,bidisperse_a0.005_sr0.800_N1000_L12_T100000_seed3.npz,bidisperse,3,0.005,0.8,0.6411518535357276
60000.0,0.8690588347617894,16,0.94,0.5532334515757082,0.46315291303369477,0.40914976262408287,1.1396690223809299e-08,bidisperse_a0.005_sr0.800_N1000_L12_T100000_seed3.npz,bidisperse,3,0.005,0.8,0.6411518535357276
61000.0,0.868077496493122,14,0.939,,0.5154165321888448,0.39913232104121477,9.730743581493138e-09,bidisperse_a0.005_sr0.800_N1000_L12_T100000_seed3.npz,bidisperse,3,0.005,0.8,0.6411518535357276
62000.0,0.8711134562503113,16,0.919,,0.469857362390054,0.41072200605274534,1.3415587567449877e-08,bidisperse_a0.005_sr0.800_N1000_L12_T100000_seed3.npz,bidisperse,3,0.005,0.8,0.6411518535357276
63000.0,0.8689104183749357,14,0.933,,0.45417664102530014,0.40877497827975673,1.363177605685773e-08,bidisperse_a0.005_sr0.800_N1000_L12_T100000_seed3.npz,bidisperse,3,0.005,0.8,0.6411518535357276
64000.0,0.8630935064473613,11,0.937,0.5372556770423306,0.49141230528627033,0.39085418464193267,1.1993732615865115e-08,bidisperse_a0.005_sr0.800_N1000_L12_T100000_seed3.npz,bidisperse,3,0.005,0.8,0.6411518535357276
65000.0,0.8623776432219472,8,0.945,,0.4634132304884323,0.36418685121107264,1.0811446080558579e-08,bidisperse_a0.005_sr0.800_N1000_L12_T100000_seed3.npz,bidisperse,3,0.005,0.8,0.6411518535357276
66000.0,0.8657796553436489,12,0.947,,0.4838952546614976,0.39202375901569797,1.2551871391955259e-08,bidisperse_a0.005_sr0.800_N1000_L12_T100000_seed3.npz,bidisperse,3,0.005,0.8,0.6411518535357276
67000.0,0.8640252777461863,17,0.917,,0.4568571959316938,0.37623762376237624,1.1978380663166903e-08,bidisperse_a0.005_sr0.800_N1000_L12_T100000_seed3.npz,bidisperse,3,0.005,0.8,0.6411518535357276
68000.0,0.862175834437634,19,0.925,0.5468529315806895,0.5076300797785964,0.3782023447676943,1.3205306939457574e-08,bidisperse_a0.005_sr0.800_N1000_L12_T100000_seed3.npz,bidisperse,3,0.005,0.8,0.6411518535357276
69000.0,0.8607106611362961,16,0.914,,0.466681358105051,0.388840830449827,1.5433085773550742e-08,bidisperse_a0.005_sr0.800_N1000_L12_T100000_seed3.npz,bidisperse,3,0.005,0.8,0.6411518535357276
70000.0,0.8626448835253614,16,0.911,,0.4614349069303501,0.39473684210526316,1.3504514211372377e-08,bidisperse_a0.005_sr0.800_N1000_L12_T100000_seed3.npz,bidisperse,3,0.005,0.8,0.6411518535357276
71000.0,0.8597547195635498,16,0.926,,0.453859874900838,0.3864818024263431,1.3583998969144998e-08,bidisperse_a0.005_sr0.800_N1000_L12_T100000_seed3.npz,bidisperse,3,0.005,0.8,0.6411518535357276
72000.0,0.8570705066666666,11,0.936,0.5397282133333333,0.514238009837749,0.38354978354978353,1.452833469623738e-08,bidisperse_a0.005_sr0.800_N1000_L12_T100000_seed3.npz,bidisperse,3,0.005,0.8,0.6411518535357276
73000.0,0.8544212588375134,13,0.94,,0.4699121793554208,0.38027562446167096,1.1374531493401e-08,bidisperse_a0.005_sr0.800_N1000_L12_T100000_seed3.npz,bidisperse,3,0.005,0.8,0.6411518535357276
74000.0,0.8587671619787685,8,0.949,,0.48490616010100357,0.3757497857754927,1.1130751781338692e-08,bidisperse_a0.005_sr0.800_N1000_L12_T100000_seed3.npz,bidisperse,3,0.005,0.8,0.6411518535357276
75000.0,0.857153544058514,9,0.95,,0.5227156012019923,0.35720411663807894,8.549283417791492e-09,bidisperse_a0.005_sr0.800_N1000_L12_T100000_seed3.npz,bidisperse,3,0.005,0.8,0.6411518535357276
76000.0,0.860494612682478,10,0.954,0.5399905227508628,0.4060872308231084,0.36576040781648256,9.854641247134135e-09,bidisperse_a0.005_sr0.800_N1000_L12_T100000_seed3.npz,bidisperse,3,0.005,0.8,0.6411518535357276
77000.0,0.8542196622222222,18,0.92,,0.44832245577855945,0.3763900769888794,1.2133031579731306e-08,bidisperse_a0.005_sr0.800_N1000_L12_T100000_seed3.npz,bidisperse,3,0.005,0.8,0.6411518535357276
78000.0,0.8534898113220211,12,0.93,,0.47943257655675264,0.3576101177496729,1.6819466726493908e-08,bidisperse_a0.005_sr0.800_N1000_L12_T100000_seed3.npz,bidisperse,3,0.005,0.8,0.6411518535357276
79000.0,0.850097989207764,18,0.924,,0.49023166676012697,0.3774946921443737,1.3275758117483762e-08,bidisperse_a0.005_sr0.800_N1000_L12_T100000_seed3.npz,bidisperse,3,0.005,0.8,0.6411518535357276
80000.0,0.8525585577302465,18,0.919,0.5442571246378348,0.437899952648759,0.381578947368421,1.711437347556023e-08,bidisperse_a0.005_sr0.800_N1000_L12_T100000_seed3.npz,bidisperse,3,0.005,0.8,0.6411518535357276
81000.0,0.8585885176235134,11,0.921,,0.46946216069852387,0.37983836665248827,1.7489226598516923e-08,bidisperse_a0.005_sr0.800_N1000_L12_T100000_seed3.npz,bidisperse,3,0.005,0.8,0.6411518535357276
82000.0,0.8565980805251866,17,0.913,,0.46629629814602,0.3694077545803153,1.6086653493277683e-08,bidisperse_a0.005_sr0.800_N1000_L12_T100000_seed3.npz,bidisperse,3,0.005,0.8,0.6411518535357276
83000.0,0.857533191284341,16,0.911,,0.45650297888094005,0.3707865168539326,1.2844656982401767e-08,bidisperse_a0.005_sr0.800_N1000_L12_T100000_seed3.npz,bidisperse,3,0.005,0.8,0.6411518535357276
84000.0,0.8525074718706047,19,0.911,0.5435401051588361,0.4338182520071337,0.37083513630463005,1.2277207872107501e-08,bidisperse_a0.005_sr0.800_N1000_L12_T100000_seed3.npz,bidisperse,3,0.005,0.8,0.6411518535357276
85000.0,0.8554722871718567,12,0.937,,0.4406232065848961,0.35576510930132876,1.1175477359338355e-08,bidisperse_a0.005_sr0.800_N1000_L12_T100000_seed3.npz,bidisperse,3,0.005,0.8,0.6411518535357276
86000.0,0.8498039202509945,12,0.932,,0.4194755486432719,0.3409766454352442,1.3545917203999765e-08,bidisperse_a0.005_sr0.800_N1000_L12_T100000_seed3.npz,bidisperse,3,0.005,0.8,0.6411518535357276
87000.0,0.8561116339832556,12,0.92,,0.4895646276270355,0.35892028679881904,1.441828074054169e-08,bidisperse_a0.005_sr0.800_N1000_L12_T100000_seed3.npz,bidisperse,3,0.005,0.8,0.6411518535357276
88000.0,0.8584291335951602,16,0.918,0.5413337563084624,0.40778971523768653,0.375265618359541,1.3494768061865675e-08,bidisperse_a0.005_sr0.800_N1000_L12_T100000_seed3.npz,bidisperse,3,0.005,0.8,0.6411518535357276
89000.0,0.8504735694096843,17,0.927,,0.4673237288507622,0.35779024600776865,1.4738299775363943e-08,bidisperse_a0.005_sr0.800_N1000_L12_T100000_seed3.npz,bidisperse,3,0.005,0.8,0.6411518535357276
90000.0,0.8505178384089642,6,0.952,,0.4311146229305827,0.37150127226463103,1.1495174963240108e-08,bidisperse_a0.005_sr0.800_N1000_L12_T100000_seed3.npz,bidisperse,3,0.005,0.8,0.6411518535357276
91000.0,0.8595970767118335,8,0.953,,0.5167574182291335,0.3593882752761257,7.628996243230992e-09,bidisperse_a0.005_sr0.800_N1000_L12_T100000_seed3.npz,bidisperse,3,0.005,0.8,0.6411518535357276
92000.0,0.857837146285901,14,0.939,0.5487632415756799,0.38476238775150307,0.38206544836379086,8.9213978636382e-09,bidisperse_a0.005_sr0.800_N1000_L12_T100000_seed3.npz,bidisperse,3,0.005,0.8,0.6411518535357276
93000.0,0.8528158857479103,11,0.941,,0.4228626598436302,0.4005080440304827,1.1267985001707525e-08,bidisperse_a0.005_sr0.800_N1000_L12_T100000_seed3.npz,bidisperse,3,0.005,0.8,0.6411518535357276
94000.0,0.8594035851268415,8,0.95,,0.4786193476709772,0.37734241908006816,1.0312424351727742e-08,bidisperse_a0.005_sr0.800_N1000_L12_T100000_seed3.npz,bidisperse,3,0.005,0.8,0.6411518535357276
95000.0,0.8586005533968503,13,0.937,,0.46343979844775895,0.3688034188034188,1.0516910893909925e-08,bidisperse_a0.005_sr0.800_N1000_L12_T100000_seed3.npz,bidisperse,3,0.005,0.8,0.6411518535357276
96000.0,0.8568083463659419,17,0.896,0.5431002178256313,0.5066031149060544,0.36721453287197237,1.4497179578082955e-08,bidisperse_a0.005_sr0.800_N1000_L12_T100000_seed3.npz,bidisperse,3,0.005,0.8,0.6411518535357276
97000.0,0.8600512911145461,14,0.891,,0.45239338746802177,0.3869565217391304,1.5081075326576916e-08,bidisperse_a0.005_sr0.800_N1000_L12_T100000_seed3.npz,bidisperse,3,0.005,0.8,0.6411518535357276
98000.0,0.859185135405645,15,0.895,,0.42098378485147214,0.39559014267185477,1.7836696612282777e-08,bidisperse_a0.005_sr0.800_N1000_L12_T100000_seed3.npz,bidisperse,3,0.005,0.8,0.6411518535357276
99000.0,0.8636683377777777,10,0.908,,0.4561507539696952,0.4009393680614859,1.584965097695164e-08,bidisperse_a0.005_sr0.800_N1000_L12_T100000_seed3.npz,bidisperse,3,0.005,0.8,0.6411518535357276
100000.0,0.8530289722861126,9,0.939,0.5269281070066679,0.4314781360658231,0.3804857264593098,1.3947666504564435e-08,bidisperse_a0.005_sr0.800_N1000_L12_T100000_seed3.npz,bidisperse,3,0.005,0.8,0.6411518535357276
0.0,0.9702397746725103,98,0.09,0.6526217387609416,,,,bidisperse_a0.005_sr1.000_N1000_L12_T100000_seed1.npz,bidisperse,1,0.005,1.0,0.7556473320163134
1000.0,0.9242812017746913,16,0.859,,0.3017148120409842,0.7467306015693113,1.858378667446483e-08,bidisperse_a0.005_sr1.000_N1000_L12_T100000_seed1.npz,bidisperse,1,0.005,1.0,0.7556473320163134
2000.0,0.9180716503111208,13,0.916,,0.5005185739453915,0.5436702649656526,7.352940831947166e-09,bidisperse_a0.005_sr1.000_N1000_L12_T100000_seed1.npz,bidisperse,1,0.005,1.0,0.7556473320163134
3000.0,0.9112762343610997,8,0.915,,0.5297419550918133,0.5122302158273382,6.717697643814397e-09,bidisperse_a0.005_sr1.000_N1000_L12_T100000_seed1.npz,bidisperse,1,0.005,1.0,0.7556473320163134
4000.0,0.9140079701832498,12,0.93,0.6059617375704479,0.5677734874610857,0.4677496416626852,6.750150241159544e-09,bidisperse_a0.005_sr1.000_N1000_L12_T100000_seed1.npz,bidisperse,1,0.005,1.0,0.7556473320163134
5000.0,0.9153461728852182,5,0.957,,0.5282735572723862,0.4866850321395776,5.8259720444494904e-09,bidisperse_a0.005_sr1.000_N1000_L12_T100000_seed1.npz,bidisperse,1,0.005,1.0,0.7556473320163134
6000.0,0.9073718328000828,9,0.943,,0.6013153901686366,0.46759259259259256,6.634129515252968e-09,bidisperse_a0.005_sr1.000_N1000_L12_T100000_seed1.npz,bidisperse,1,0.005,1.0,0.7556473320163134
7000.0,0.9054490038630209,8,0.955,,0.5230275076786559,0.46019328117809477,5.6955422448835825e-09,bidisperse_a0.005_sr1.000_N1000_L12_T100000_seed1.npz,bidisperse,1,0.005,1.0,0.7556473320163134
8000.0,0.9028860941819405,3,0.956,0.5827057743528593,0.5896450147911695,0.44505494505494503,4.6310317891392265e-09,bidisperse_a0.005_sr1.000_N1000_L12_T100000_seed1.npz,bidisperse,1,0.005,1.0,0.7556473320163134
9000.0,0.9032355848906528,9,0.949,,0.548983269537701,0.45491617580425914,5.038884674411055e-09,bidisperse_a0.005_sr1.000_N1000_L12_T100000_seed1.npz,bidisperse,1,0.005,1.0,0.7556473320163134
10000.0,0.9001059039070255,11,0.945,,0.4819270558040744,0.4431354780244676,4.655577436362736e-09,bidisperse_a0.005_sr1.000_N1000_L12_T100000_seed1.npz,bidisperse,1,0.005,1.0,0.7556473320163134
11000.0,0.9009503337664025,7,0.944,,0.5778054851458088,0.42992338891392523,3.998442854846887e-09,bidisperse_a0.005_sr1.000_N1000_L12_T100000_seed1.npz,bidisperse,1,0.005,1.0,0.7556473320163134
12000.0,0.8979275258198637,9,0.935,0.565433754299289,0.5139458728929592,0.4316866933689364,4.726029851374428e-09,bidisperse_a0.005_sr1.000_N1000_L12_T100000_seed1.npz,bidisperse,1,0.005,1.0,0.7556473320163134
13000.0,0.8928963452922178,8,0.941,,0.5312322232133014,0.42391789379741185,4.928158604511939e-09,bidisperse_a0.005_sr1.000_N1000_L12_T100000_seed1.npz,bidisperse,1,0.005,1.0,0.7556473320163134
14000.0,0.9009767331056936,4,0.955,,0.5879149548685039,0.4163337771859743,4.7602314897404916e-09,bidisperse_a0.005_sr1.000_N1000_L12_T100000_seed1.npz,bidisperse,1,0.005,1.0,0.7556473320163134
15000.0,0.8947431239423786,9,0.941,,0.5381627925206623,0.41739894551845347,4.50733215949899e-09,bidisperse_a0.005_sr1.000_N1000_L12_T100000_seed1.npz,bidisperse,1,0.005,1.0,0.7556473320163134
16000.0,0.899066377264775,8,0.956,0.5670689826358865,0.5287941076392441,0.40435943060498225,4.663954358794308e-09,bidisperse_a0.005_sr1.000_N1000_L12_T100000_seed1.npz,bidisperse,1,0.005,1.0,0.7556473320163134
17000.0,0.8950366258455994,7,0.948,,0.4914239776952981,0.42194469223907227,4.904868498168354e-09,bidisperse_a0.005_sr1.000_N1000_L12_T100000_seed1.npz,bidisperse,1,0.005,1.0,0.7556473320163134
18000.0,0.8947988492449134,7,0.95,,0.5258812149370513,0.4217137729923732,3.832967040376019e-09,bidisperse_a0.005_sr1.000_N1000_L12_T100000_seed1.npz,bidisperse,1,0.005,1.0,0.7556473320163134
19000.0,0.8939088384563822,8,0.94,,0.5178784905149876,0.41879194630872485,4.818963518245433e-09,bidisperse_a0.005_sr1.000_N1000_L12_T100000_seed1.npz,bidisperse,1,0.005,1.0,0.7556473320163134
20000.0,0.8932902201944058,5,0.943,0.5659653772399657,0.4601154262236844,0.4145796064400715,4.9103860583653954e-09,bidisperse_a0.005_sr1.000_N1000_L12_T100000_seed1.npz,bidisperse,1,0.005,1.0,0.7556473320163134
21000.0,0.9032686148811376,5,0.948,,0.49871368321823834,0.4121591417076441,4.8849103604665975e-09,bidisperse_a0.005_sr1.000_N1000_L12_T100000_seed1.npz,bidisperse,1,0.005,1.0,0.7556473320163134
22000.0,0.8978519654872931,4,0.953,,0.4775506356715304,0.4288256227758007,4.3918214716859616e-09,bidisperse_a0.005_sr1.000_N1000_L12_T100000_seed1.npz,bidisperse,1,0.005,1.0,0.7556473320163134
23000.0,0.8875759285182865,9,0.95,,0.5267831288995154,0.43659499780605526,4.910535117573766e-09,bidisperse_a0.005_sr1.000_N1000_L12_T100000_seed1.npz,bidisperse,1,0.005,1.0,0.7556473320163134
24000.0,0.8907488048350077,5,0.941,0.54393576887448,0.5087124117316429,0.4079406631762653,5.210785948550906e-09,bidisperse_a0.005_sr1.000_N1000_L12_T100000_seed1.npz,bidisperse,1,0.005,1.0,0.7556473320163134
25000.0,0.8934528573275139,7,0.942,,0.5302374566681229,0.390652557319224,4.876249093421217e-09,bidisperse_a0.005_sr1.000_N1000_L12_T100000_seed1.npz,bidisperse,1,0.005,1.0,0.7556473320163134
26000.0,0.8961404698152513,9,0.942,,0.5323244691329264,0.4131308619919607,5.574769484615284e-09,bidisperse_a0.005_sr1.000_N1000_L12_T100000_seed1.npz,bidisperse,1,0.005,1.0,0.7556473320163134
27000.0,0.898683775928128,7,0.957,,0.5167093526859292,0.427797833935018,4.18961872969542e-09,bidisperse_a0.005_sr1.000_N1000_L12_T100000_seed1.npz,bidisperse,1,0.005,1.0,0.7556473320163134
28000.0,0.8981356709336029,7,0.942,0.5705630323026498,0.5675610708328478,0.4272850067537145,5.089202382514876e-09,bidisperse_a0.005_sr1.000_N1000_L12_T100000_seed1.npz,bidisperse,1,0.005,1.0,0.7556473320163134
29000.0,0.899488726020982,9,0.934,,0.5529163505771624,0.4215287200361827,5.188844571497739e-09,bidisperse_a0.005_sr1.000_N1000_L12_T100000_seed1.npz,bidisperse,1,0.005,1.0,0.7556473320163134
30000.0,0.8922806873506786,8,0.943,,0.6058460256662281,0.4336482231219073,4.705894049370623e-09,bidisperse_a0.005_sr1.000_N1000_L12_T100000_seed1.npz,bidisperse,1,0.005,1.0,0.7556473320163134
31000.0,0.898733029973052,6,0.948,,0.5525796170209343,0.4448924731182796,4.638224349132352e-09,bidisperse_a0.005_sr1.000_N1000_L12_T100000_seed1.npz,bidisperse,1,0.005,1.0,0.7556473320163134
32000.0,0.9056499974761479,5,0.959,0.5728527765066874,0.5564841713834121,0.4389914452949122,5.182898240444893e-09,bidisperse_a0.005_sr1.000_N1000_L12_T100000_seed1.npz,bidisperse,1,0.005,1.0,0.7556473320163134
33000.0,0.8973225792900651,10,0.944,,0.582973118901036,0.4352144469525959,4.8902497563730516e-09,bidisperse_a0.005_sr1.000_N1000_L12_T100000_seed1.npz,bidisperse,1,0.005,1.0,0.7556473320163134
34000.0,0.8990574367066416,6,0.926,,0.535035680186188,0.4433497536945813,4.402070034342633e-09,bidisperse_a0.005_sr1.000_N1000_L12_T100000_seed1.npz,bidisperse,1,0.005,1.0,0.7556473320163134
35000.0,0.897706491289468,4,0.941,,0.46459625930506515,0.41896162528216707,4.50172635608893e-09,bidisperse_a0.005_sr1.000_N1000_L12_T100000_seed1.npz,bidisperse,1,0.005,1.0,0.7556473320163134
36000.0,0.8907437439631172,10,0.928,0.5649547216878651,0.46195763694208747,0.4221422142214222,5.142800498160242e-09,bidisperse_a0.005_sr1.000_N1000_L12_T100000_seed1.npz,bidisperse,1,0.005,1.0,0.7556473320163134
37000.0,0.8925411165833258,7,0.954,,0.46912779286801887,0.4524647887323944,4.835317465771528e-09,bidisperse_a0.005_sr1.000_N1000_L12_T100000_seed1.npz,bidisperse,1,0.005,1.0,0.7556473320163134
38000.0,0.8946522922894649,7,0.958,,0.5165111607259415,0.4232992441084926,4.863533397681206e-09,bidisperse_a0.005_sr1.000_N1000_L12_T100000_seed1.npz,bidisperse,1,0.005,1.0,0.7556473320163134
39000.0,0.8934005725333053,7,0.948,,0.48904184268263495,0.41416405199462125,5.864043840543342e-09,bidisperse_a0.005_sr1.000_N1000_L12_T100000_seed1.npz,bidisperse,1,0.005,1.0,0.7556473320163134
40000.0,0.8995524553658025,9,0.935,0.5546673805034618,0.5508104994079254,0.4245115452930728,5.0515548825220284e-09,bidisperse_a0.005_sr1.000_N1000_L12_T100000_seed1.npz,bidisperse,1,0.005,1.0,0.7556473320163134
41000.0,0.8924651281560215,4,0.946,,0.5087866145575426,0.4169626998223801,4.418223307538994e-09,bidisperse_a0.005_sr1.000_N1000_L12_T100000_seed1.npz,bidisperse,1,0.005,1.0,0.7556473320163134
42000.0,0.8954727995848176,8,0.956,,0.5533522633693522,0.4252212389380531,5.563590078397349e-09,bidisperse_a0.005_sr1.000_N1000_L12_T100000_seed1.npz,bidisperse,1,0.005,1.0,0.7556473320163134
43000.0,0.8897611286001413,7,0.946,,0.5546890874134635,0.42263483642793986,4.50520140888524e-09,bidisperse_a0.005_sr1.000_N1000_L12_T100000_seed1.npz,bidisperse,1,0.005,1.0,0.7556473320163134
44000.0,0.8932704405886452,10,0.94,0.56187497261158,0.563283775410758,0.42338352524357836,5.320811271422011e-09,bidisperse_a0.005_sr1.000_N1000_L12_T100000_seed1.npz,bidisperse,1,0.005,1.0,0.7556473320163134
45000.0,0.8922180323416663,2,0.972,,0.5363728740493782,0.4244826067811537,4.420346326181641e-09,bidisperse_a0.005_sr1.000_N1000_L12_T100000_seed1.npz,bidisperse,1,0.005,1.0,0.7556473320163134
46000.0,0.8868320629918086,7,0.943,,0.49157213744395567,0.4233480176211454,4.608742885360582e-09,bidisperse_a0.005_sr1.000_N1000_L12_T100000_seed1.npz,bidisperse,1,0.005,1.0,0.7556473320163134
47000.0,0.882813631929775,8,0.947,,0.5714235533220468,0.4290096406660824,4.595811328207324e-09,bidisperse_a0.005_sr1.000_N1000_L12_T100000_seed1.npz,bidisperse,1,0.005,1.0,0.7556473320163134
48000.0,0.8898940092953483,8,0.942,0.5700932017809044,0.4921182518709621,0.4271844660194175,5.2373307043775676e-09,bidisperse_a0.005_sr1.000_N1000_L12_T100000_seed1.npz,bidisperse,1,0.005,1.0,0.7556473320163134
49000.0,0.8961988107230953,7,0.95,,0.479886007956188,0.43838028169014087,5.263587484704224e-09,bidisperse_a0.005_sr1.000_N1000_L12_T100000_seed1.npz,bidisperse,1,0.005,1.0,0.7556473320163134
50000.0,0.8852161368117558,3,0.949,,0.5161327479160921,0.41688654353562005,5.513172004748185e-09,bidisperse_a0.005_sr1.000_N1000_L12_T100000_seed1.npz,bidisperse,1,0.005,1.0,0.7556473320163134
51000.0,0.9009371651756967,8,0.94,,0.5593995023180666,0.4194556001784917,4.394648715600663e-09,bidisperse_a0.005_sr1.000_N1000_L12_T100000_seed1.npz,bidisperse,1,0.005,1.0,0.7556473320163134
52000.0,0.8925368749115566,7,0.952,0.5615475413488485,0.5294616727016462,0.42901646639964397,5.614591941949425e-09,bidisperse_a0.005_sr1.000_N1000_L12_T100000_seed1.npz,bidisperse,1,0.005,1.0,0.7556473320163134
53000.0,0.8894351133141628,6,0.954,,0.50030588455195,0.4151193633952255,4.025210262949285e-09,bidisperse_a0.005_sr1.000_N1000_L12_T100000_seed1.npz,bidisperse,1,0.005,1.0,0.7556473320163134
54000.0,0.8807954963407769,9,0.937,,0.5265496769847684,0.43563068920676207,4.590658092590178e-09,bidisperse_a0.005_sr1.000_N1000_L12_T100000_seed1.npz,bidisperse,1,0.005,1.0,0.7556473320163134
55000.0,0.889468332885425,5,0.939,,0.5602367319096685,0.4232096635030198,4.263473233612461e-09,bidisperse_a0.005_sr1.000_N1000_L12_T100000_seed1.npz,bidisperse,1,0.005,1.0,0.7556473320163134
56000.0,0.8900778004093038,8,0.942,0.5580911134751173,0.577173764045736,0.4055944055944056,3.890197468057555e-09,bidisperse_a0.005_sr1.000_N1000_L12_T100000_seed1.npz,bidisperse,1,0.005,1.0,0.7556473320163134
57000.0,0.8847890784774579,6,0.938,,0.5627089314748929,0.40737489025460927,4.732959921965724e-09,bidisperse_a0.005_sr1.000_N1000_L12_T100000_seed1.npz,bidisperse,1,0.005,1.0,0.7556473320163134
58000.0,0.8864454701722297,8,0.935,,0.5293711066173474,0.39381898454746134,4.686039316617711e-09,bidisperse_a0.005_sr1.000_N1000_L12_T100000_seed1.npz,bidisperse,1,0.005,1.0,0.7556473320163134
59000.0,0.8857533817074263,6,0.967,,0.5013509753866735,0.404709986916703,4.560694870222372e-09,bidisperse_a0.005_sr1.000_N1000_L12_T100000_seed1.npz,bidisperse,1,0.005,1.0,0.7556473320163134
60000.0,0.8862780449515489,7,0.942,0.5555448196038546,0.49269513588867647,0.4055238930293731,4.391024536448222e-09,bidisperse_a0.005_sr1.000_N1000_L12_T100000_seed1.npz,bidisperse,1,0.005,1.0,0.7556473320163134
61000.0,0.8894322874884637,7,0.952,,0.4953172148031111,0.42450765864332607,5.327532098516594e-09,bidisperse_a0.005_sr1.000_N1000_L12_T100000_seed1.npz,bidisperse,1,0.005,1.0,0.7556473320163134
62000.0,0.888031725703312,7,0.952,,0.5163804310784224,0.43730886850152906,5.2815807012240686e-09,bidisperse_a0.005_sr1.000_N1000_L12_T100000_seed1.npz,bidisperse,1,0.005,1.0,0.7556473320163134
63000.0,0.8821672780682521,7,0.927,,0.4977667321326841,0.4077159140727751,4.807875716471654e-09,bidisperse_a0.005_sr1.000_N1000_L12_T100000_seed1.npz,bidisperse,1,0.005,1.0,0.7556473320163134
64000.0,0.8798063806519357,12,0.926,0.5418627353205955,0.5333564692272774,0.39203807875378627,5.454011815602573e-09,bidisperse_a0.005_sr1.000_N1000_L12_T100000_seed1.npz,bidisperse,1,0.005,1.0,0.7556473320163134
65000.0,0.8749990149439569,10,0.941,,0.5987355014423218,0.4100042753313382,5.611457762835585e-09,bidisperse_a0.005_sr1.000_N1000_L12_T100000_seed1.npz,bidisperse,1,0.005,1.0,0.7556473320163134
66000.0,0.8748468707951921,7,0.938,,0.4541955546042777,0.4129310344827586,4.787511444633811e-09,bidisperse_a0.005_sr1.000_N1000_L12_T100000_seed1.npz,bidisperse,1,0.005,1.0,0.7556473320163134
67000.0,0.8781906385666082,10,0.942,,0.47948033330227074,0.40122377622377625,5.729781181773092e-09,bidisperse_a0.005_sr1.000_N1000_L12_T100000_seed1.npz,bidisperse,1,0.005,1.0,0.7556473320163134
68000.0,0.8788351200628222,16,0.922,0.5478133545557591,0.4586304195133215,0.40095777100565955,6.328794745809054e-09,bidisperse_a0.005_sr1.000_N1000_L12_T100000_seed1.npz,bidisperse,1,0.005,1.0,0.7556473320163134
69000.0,0.8848495579145033,10,0.945,,0.4998329395554392,0.3981683384212822,4.826187680651902e-09,bidisperse_a0.005_sr1.000_N1000_L12_T100000_seed1.npz,bidisperse,1,0.005,1.0,0.7556473320163134
70000.0,0.8858019246444782,9,0.933,,0.5946994726728188,0.3992979376919702,5.6291834161869246e-09,bidisperse_a0.005_sr1.000_N1000_L12_T100000_seed1.npz,bidisperse,1,0.005,1.0,0.7556473320163134
71000.0,0.8811032487421373,11,0.928,,0.5097357826088039,0.4008733624454148,4.890862600874691e-09,bidisperse_a0.005_sr1.000_N1000_L12_T100000_seed1.npz,bidisperse,1,0.005,1.0,0.7556473320163134
72000.0,0.8811261149488638,13,0.923,0.5481094171103941,0.48207771257856863,0.4026030368763558,4.534710898120677e-09,bidisperse_a0.005_sr1.000_N1000_L12_T100000_seed1.npz,bidisperse,1,0.005,1.0,0.7556473320163134
73000.0,0.8789027005657436,10,0.933,,0.5106474278474499,0.39930404523705965,5.451951009237973e-09,bidisperse_a0.005_sr1.000_N1000_L12_T100000_seed1.npz,bidisperse,1,0.005,1.0,0.7556473320163134
74000.0,0.8875679485037162,9,0.943,,0.5234351032616735,0.39878630255743386,5.449617273463087e-09,bidisperse_a0.005_sr1.000_N1000_L12_T100000_seed1.npz,bidisperse,1,0.005,1.0,0.7556473320163134
75000.0,0.8808880698090383,7,0.949,,0.47491433152169094,0.40094542329179206,5.142389718271356e-09,bidisperse_a0.005_sr1.000_N1000_L12_T100000_seed1.npz,bidisperse,1,0.005,1.0,0.7556473320163134
76000.0,0.8751628921247913,5,0.964,0.5342145649323071,0.5064702063497578,0.3772455089820359,4.313714467656154e-09,bidisperse_a0.005_sr1.000_N1000_L12_T100000_seed1.npz,bidisperse,1,0.005,1.0,0.7556473320163134
77000.0,0.8809212243022504,3,0.961,,0.5032018250862491,0.3797629127857748,4.005285328275856e-09,bidisperse_a0.005_sr1.000_N1000_L12_T100000_seed1.npz,bidisperse,1,0.005,1.0,0.7556473320163134
78000.0,0.8814891742564217,10,0.946,,0.44491258361308944,0.39661733615221983,4.50327738758277e-09,bidisperse_a0.005_sr1.000_N1000_L12_T100000_seed1.npz,bidisperse,1,0.005,1.0,0.7556473320163134
79000.0,0.8817018672635453,12,0.936,,0.44721659604830455,0.39658848614072495,4.6493260803458715e-09,bidisperse_a0.005_sr1.000_N1000_L12_T100000_seed1.npz,bidisperse,1,0.005,1.0,0.7556473320163134
80000.0,0.881905685181513,7,0.939,0.5414686535302571,0.5404508007305773,0.39168110918544197,5.253608406400623e-09,bidisperse_a0.005_sr1.000_N1000_L12_T100000_seed1.npz,bidisperse,1,0.005,1.0,0.7556473320163134
81000.0,0.879113667926947,6,0.936,,0.48094943346664965,0.4088564058469476,3.9906840409604075e-09,bidisperse_a0.005_sr1.000_N1000_L12_T100000_seed1.npz,bidisperse,1,0.005,1.0,0.7556473320163134
82000.0,0.8782262201113056,8,0.944,,0.45328411629902815,0.3914728682170543,4.5972273027067e-09,bidisperse_a0.005_sr1.000_N1000_L12_T100000_seed1.npz,bidisperse,1,0.005,1.0,0.7556473320163134
83000.0,0.8764911496065196,15,0.924,,0.47503952163281793,0.3883369330453563,4.928914482275716e-09,bidisperse_a0.005_sr1.000_N1000_L12_T100000_seed1.npz,bidisperse,1,0.005,1.0,0.7556473320163134
84000.0,0.8799851759443158,8,0.943,0.5448544161930964,0.4974158170020842,0.400603708495041,4.892167584996644e-09,bidisperse_a0.005_sr1.000_N1000_L12_T100000_seed1.npz,bidisperse,1,0.005,1.0,0.7556473320163134
85000.0,0.8800095097210482,8,0.945,,0.5197516106496919,0.3936216688510267,5.375741365104032e-09,bidisperse_a0.005_sr1.000_N1000_L12_T100000_seed1.npz,bidisperse,1,0.005,1.0,0.7556473320163134
86000.0,0.8868716568606307,9,0.93,,0.6027928746559342,0.3848156182212581,4.3474523754846565e-09,bidisperse_a0.005_sr1.000_N1000_L12_T100000_seed1.npz,bidisperse,1,0.005,1.0,0.7556473320163134
87000.0,0.8799317228163243,9,0.932,,0.5718899042798976,0.4005947323704333,4.920409168883981e-09,bidisperse_a0.005_sr1.000_N1000_L12_T100000_seed1.npz,bidisperse,1,0.005,1.0,0.7556473320163134
88000.0,0.8863170338469529,10,0.925,0.5538213480750488,0.5744055792117804,0.3861646234676007,4.823914742234506e-09,bidisperse_a0.005_sr1.000_N1000_L12_T100000_seed1.npz,bidisperse,1,0.005,1.0,0.7556473320163134
89000.0,0.8784799791375536,8,0.944,,0.43268349558006436,0.39521739130434785,4.255175990299469e-09,bidisperse_a0.005_sr1.000_N1000_L12_T100000_seed1.npz,bidisperse,1,0.005,1.0,0.7556473320163134
90000.0,0.8745265201104583,4,0.941,,0.4651041629803337,0.3877816291161178,4.3624475380375845e-09,bidisperse_a0.005_sr1.000_N1000_L12_T100000_seed1.npz,bidisperse,1,0.005,1.0,0.7556473320163134
91000.0,0.8794546787359888,10,0.942,,0.4807054707938211,0.39801210025929123,4.767695902131891e-09,bidisperse_a0.005_sr1.000_N1000_L12_T100000_seed1.npz,bidisperse,1,0.005,1.0,0.7556473320163134
92000.0,0.870739368921741,5,0.957,0.533801799936583,0.5147936945665437,0.3829059829059829,4.2155471214408555e-09,bidisperse_a0.005_sr1.000_N1000_L12_T100000_seed1.npz,bidisperse,1,0.005,1.0,0.7556473320163134
93000.0,0.8670358478854735,9,0.94,,0.5268726950358399,0.38455079764903444,5.213721819402042e-09,bidisperse_a0.005_sr1.000_N1000_L12_T100000_seed1.npz,bidisperse,1,0.005,1.0,0.7556473320163134
94000.0,0.8688716623236428,3,0.954,,0.4652691964395871,0.3789341166596727,3.633744170860944e-09,bidisperse_a0.005_sr1.000_N1000_L12_T100000_seed1.npz,bidisperse,1,0.005,1.0,0.7556473320163134
95000.0,0.875477383074516,5,0.963,,0.5268824785432368,0.3766288356452291,4.486301579675189e-09,bidisperse_a0.005_sr1.000_N1000_L12_T100000_seed1.npz,bidisperse,1,0.005,1.0,0.7556473320163134
96000.0,0.8743506266447776,3,0.968,0.535330137409139,0.4790561279577693,0.38201772899957787,3.1289606117920193e-09,bidisperse_a0.005_sr1.000_N1000_L12_T100000_seed1.npz,bidisperse,1,0.005,1.0,0.7556473320163134
97000.0,0.8732683063116584,5,0.949,,0.4828337127613434,0.3875776397515528,4.139863906547571e-09,bidisperse_a0.005_sr1.000_N1000_L12_T100000_seed1.npz,bidisperse,1,0.005,1.0,0.7556473320163134
98000.0,0.8771437212360289,6,0.937,,0.4955223948995295,0.3548387096774194,4.105824386122549e-09,bidisperse_a0.005_sr1.000_N1000_L12_T100000_seed1.npz,bidisperse,1,0.005,1.0,0.7556473320163134
99000.0,0.8732868263031976,10,0.933,,0.4929824284810002,0.3736310025273799,4.515157604048846e-09,bidisperse_a0.005_sr1.000_N1000_L12_T100000_seed1.npz,bidisperse,1,0.005,1.0,0.7556473320163134
100000.0,0.869489403976257,8,0.939,0.5190249853783584,0.414194375683642,0.36566849430619996,4.699083197261539e-09,bidisperse_a0.005_sr1.000_N1000_L12_T100000_seed1.npz,bidisperse,1,0.005,1.0,0.7556473320163134
0.0,0.9715447216337529,103,0.085,0.6567906138478313,,,,bidisperse_a0.005_sr1.000_N1000_L12_T100000_seed2.npz,bidisperse,2,0.005,1.0,0.7926548922488341
1000.0,0.9182952268743028,17,0.896,,0.2628717878953557,0.750109409190372,1.6513651749316873e-08,bidisperse_a0.005_sr1.000_N1000_L12_T100000_seed2.npz,bidisperse,2,0.005,1.0,0.7926548922488341
2000.0,0.9130080928884968,15,0.877,,0.4578719438543391,0.5319148936170213,7.2058199442180925e-09,bidisperse_a0.005_sr1.000_N1000_L12_T100000_seed2.npz,bidisperse,2,0.005,1.0,0.7926548922488341
3000.0,0.9109176107493696,13,0.92,,0.4836963530866702,0.5023809523809524,6.9020601641447005e-09,bidisperse_a0.005_sr1.000_N1000_L12_T100000_seed2.npz,bidisperse,2,0.005,1.0,0.7926548922488341
4000.0,0.9061715400160464,16,0.814,0.5970960323815795,0.5752371938817986,0.4623757690487459,6.129187619003761e-09,bidisperse_a0.005_sr1.000_N1000_L12_T100000_seed2.npz,bidisperse,2,0.005,1.0,0.7926548922488341
5000.0,0.9053302203420523,11,0.923,,0.5955905468296732,0.4366791744840526,6.58111955957404e-09,bidisperse_a0.005_sr1.000_N1000_L12_T100000_seed2.npz,bidisperse,2,0.005,1.0,0.7926548922488341
6000.0,0.899405858940801,11,0.936,,0.5864798052869603,0.41795231416549794,5.51992775116771e-09,bidisperse_a0.005_sr1.000_N1000_L12_T100000_seed2.npz,bidisperse,2,0.005,1.0,0.7926548922488341
7000.0,0.9011674106560158,8,0.931,,0.6115536791431451,0.4370645610775662,5.377766001240815e-09,bidisperse_a0.005_sr1.000_N1000_L12_T100000_seed2.npz,bidisperse,2,0.005,1.0,0.7926548922488341
8000.0,0.900672616058171,8,0.936,0.5753653089243601,0.5637890652026193,0.43643873336392836,4.3601078506439166e-09,bidisperse_a0.005_sr1.000_N1000_L12_T100000_seed2.npz,bidisperse,2,0.005,1.0,0.7926548922488341
9000.0,0.9045981990367319,5,0.94,,0.5976930637531461,0.41762805722196583,4.513695834720981e-09,bidisperse_a0.005_sr1.000_N1000_L12_T100000_seed2.npz,bidisperse,2,0.005,1.0,0.7926548922488341
10000.0,0.8912240339396902,15,0.918,,0.5640804828233155,0.390074211502783,4.226329361799104e-09,bidisperse_a0.005_sr1.000_N1000_L12_T100000_seed2.npz,bidisperse,2,0.005,1.0,0.7926548922488341
11000.0,0.9001428242280161,8,0.912,,0.5805593862676276,0.4081818181818182,4.8064224907302766e-09,bidisperse_a0.005_sr1.000_N1000_L12_T100000_seed2.npz,bidisperse,2,0.005,1.0,0.7926548922488341
12000.0,0.9009209342560554,8,0.918,0.5711938869665514,0.5302467928557706,0.4176227627351996,4.7045485144912644e-09,bidisperse_a0.005_sr1.000_N1000_L12_T100000_seed2.npz,bidisperse,2,0.005,1.0,0.7926548922488341
13000.0,0.896700108268592,16,0.906,,0.5240403004348855,0.4336851766865535,5.297199610918962e-09,bidisperse_a0.005_sr1.000_N1000_L12_T100000_seed2.npz,bidisperse,2,0.005,1.0,0.7926548922488341
14000.0,0.9011988581868602,12,0.927,,0.5672690598704666,0.41997264021887826,5.372193539159116e-09,bidisperse_a0.005_sr1.000_N1000_L12_T100000_seed2.npz,bidisperse,2,0.005,1.0,0.7926548922488341
15000.0,0.9005834839891063,15,0.917,,0.5781660298982723,0.40440845704003603,4.670981236174768e-09,bidisperse_a0.005_sr1.000_N1000_L12_T100000_seed2.npz,bidisperse,2,0.005,1.0,0.7926548922488341
16000.0,0.8973615254209659,12,0.911,0.5678247306306746,0.5219755515114357,0.42343960484957344,4.7287060261570436e-09,bidisperse_a0.005_sr1.000_N1000_L12_T100000_seed2.npz,bidisperse,2,0.005,1.0,0.7926548922488341
17000.0,0.897972451270668,9,0.933,,0.5069834296399636,0.421172194457065,4.483551773958163e-09,bidisperse_a0.005_sr1.000_N1000_L12_T100000_seed2.npz,bidisperse,2,0.005,1.0,0.7926548922488341
18000.0,0.8939863873271671,5,0.942,,0.47577141089004693,0.42850739578664276,5.951448369888234e-09,bidisperse_a0.005_sr1.000_N1000_L12_T100000_seed2.npz,bidisperse,2,0.005,1.0,0.7926548922488341
19000.0,0.8906587914792453,14,0.93,,0.48953100130998434,0.42496620099143756,4.940114578836448e-09,bidisperse_a0.005_sr1.000_N1000_L12_T100000_seed2.npz,bidisperse,2,0.005,1.0,0.7926548922488341
20000.0,0.8899553773821398,8,0.924,0.564736297862808,0.5011385350546032,0.4267631103074141,4.780650157512709e-09,bidisperse_a0.005_sr1.000_N1000_L12_T100000_seed2.npz,bidisperse,2,0.005,1.0,0.7926548922488341
21000.0,0.8952775834315293,14,0.876,,0.5144509256002703,0.41928149158708505,4.633361801093187e-09,bidisperse_a0.005_sr1.000_N1000_L12_T100000_seed2.npz,bidisperse,2,0.005,1.0,0.7926548922488341
22000.0,0.8936254849187217,12,0.931,,0.5186475620853237,0.4106980961015413,4.467602516870583e-09,bidisperse_a0.005_sr1.000_N1000_L12_T100000_seed2.npz,bidisperse,2,0.005,1.0,0.7926548922488341
23000.0,0.8976873886264464,10,0.937,,0.554160747802422,0.40800719748088166,5.713643882746514e-09,bidisperse_a0.005_sr1.000_N1000_L12_T100000_seed2.npz,bidisperse,2,0.005,1.0,0.7926548922488341
24000.0,0.8930201369117813,16,0.925,0.5667845057749547,0.533358102731181,0.41274113952445046,6.4534740475528404e-09,bidisperse_a0.005_sr1.000_N1000_L12_T100000_seed2.npz,bidisperse,2,0.005,1.0,0.7926548922488341
25000.0,0.8971345289998679,15,0.92,,0.5335526391426223,0.4405345211581292,5.409793968037148e-09,bidisperse_a0.005_sr1.000_N1000_L12_T100000_seed2.npz,bidisperse,2,0.005,1.0,0.7926548922488341
26000.0,0.8866699133935602,11,0.918,,0.5785870780856975,0.40919435593991804,4.373700601325008e-09,bidisperse_a0.005_sr1.000_N1000_L12_T100000_seed2.npz,bidisperse,2,0.005,1.0,0.7926548922488341
27000.0,0.8939086925413846,7,0.931,,0.5599025295664921,0.37977011494252877,5.2830144311703704e-09,bidisperse_a0.005_sr1.000_N1000_L12_T100000_seed2.npz,bidisperse,2,0.005,1.0,0.7926548922488341
28000.0,0.8904977783651059,8,0.876,0.550884817883558,0.5806758705752655,0.4053811659192825,5.789782900636799e-09,bidisperse_a0.005_sr1.000_N1000_L12_T100000_seed2.npz,bidisperse,2,0.005,1.0,0.7926548922488341
29000.0,0.8901852880229946,16,0.907,,0.6128129424771771,0.39683972911963883,5.983104084725318e-09,bidisperse_a0.005_sr1.000_N1000_L12_T100000_seed2.npz,bidisperse,2,0.005,1.0,0.7926548922488341
30000.0,0.8880347236890817,11,0.928,,0.5320502504775514,0.41707644166294144,4.981969452932522e-09,bidisperse_a0.005_sr1.000_N1000_L12_T100000_seed2.npz,bidisperse,2,0.005,1.0,0.7926548922488341
31000.0,0.8912874141353129,11,0.866,,0.5769192975209952,0.4072256913470116,4.2862434200988884e-09,bidisperse_a0.005_sr1.000_N1000_L12_T100000_seed2.npz,bidisperse,2,0.005,1.0,0.7926548922488341
32000.0,0.8930777530404623,9,0.872,0.5471198939281826,0.6158707095199751,0.39336283185840704,6.058188909301744e-09,bidisperse_a0.005_sr1.000_N1000_L12_T100000_seed2.npz,bidisperse,2,0.005,1.0,0.7926548922488341
33000.0,0.8945537340619307,8,0.955,,0.6423284164485947,0.37815126050420167,4.853660884944442e-09,bidisperse_a0.005_sr1.000_N1000_L12_T100000_seed2.npz,bidisperse,2,0.005,1.0,0.7926548922488341
34000.0,0.8859551154878552,8,0.952,,0.5791787654129216,0.4202081526452732,4.735320750414867e-09,bidisperse_a0.005_sr1.000_N1000_L12_T100000_seed2.npz,bidisperse,2,0.005,1.0,0.7926548922488341
35000.0,0.8781274502611319,8,0.87,,0.5481478445440094,0.40924805531547104,5.252196187247347e-09,bidisperse_a0.005_sr1.000_N1000_L12_T100000_seed2.npz,bidisperse,2,0.005,1.0,0.7926548922488341
36000.0,0.8862845288482958,10,0.881,0.5365095024420996,0.6042934966536333,0.3771131339401821,3.7230145485290935e-09,bidisperse_a0.005_sr1.000_N1000_L12_T100000_seed2.npz,bidisperse,2,0.005,1.0,0.7926548922488341
37000.0,0.8898502717077119,8,0.938,,0.5580770272685847,0.3798785776235907,4.035384125460448e-09,bidisperse_a0.005_sr1.000_N1000_L12_T100000_seed2.npz,bidisperse,2,0.005,1.0,0.7926548922488341
38000.0,0.8806526811819834,6,0.951,,0.5606639041606464,0.3864421416234888,4.533516331570521e-09,bidisperse_a0.005_sr1.000_N1000_L12_T100000_seed2.npz,bidisperse,2,0.005,1.0,0.7926548922488341
39000.0,0.8778393656268045,14,0.864,,0.5741026741681796,0.3789974070872947,4.717492138817072e-09,bidisperse_a0.005_sr1.000_N1000_L12_T100000_seed2.npz,bidisperse,2,0.005,1.0,0.7926548922488341
40000.0,0.8802916846885813,5,0.891,0.53342343371172,0.5480084775440547,0.36732929991356955,4.352488091629216e-09,bidisperse_a0.005_sr1.000_N1000_L12_T100000_seed2.npz,bidisperse,2,0.005,1.0,0.7926548922488341
41000.0,0.8803294375456537,5,0.937,,0.5530313715364723,0.3642701525054466,4.231013797595918e-09,bidisperse_a0.005_sr1.000_N1000_L12_T100000_seed2.npz,bidisperse,2,0.005,1.0,0.7926548922488341
42000.0,0.8788741066200627,9,0.92,,0.47595808783153637,0.38498057833405264,4.360506750661298e-09,bidisperse_a0.005_sr1.000_N1000_L12_T100000_seed2.npz,bidisperse,2,0.005,1.0,0.7926548922488341
43000.0,0.8874679054900776,13,0.945,,0.5116839205017141,0.39182795698924733,4.814377380657886e-09,bidisperse_a0.005_sr1.000_N1000_L12_T100000_seed2.npz,bidisperse,2,0.005,1.0,0.7926548922488341
44000.0,0.8896282417780524,14,0.827,0.5479776100092102,0.5870872330487675,0.3886193206881341,4.6286391990046614e-09,bidisperse_a0.005_sr1.000_N1000_L12_T100000_seed2.npz,bidisperse,2,0.005,1.0,0.7926548922488341
45000.0,0.881954201328542,17,0.831,,0.5674641440779897,0.36846806610093796,4.95914904448239e-09,bidisperse_a0.005_sr1.000_N1000_L12_T100000_seed2.npz,bidisperse,2,0.005,1.0,0.7926548922488341
46000.0,0.8797120007665586,14,0.883,,0.5131934963717154,0.38989010989010986,4.885364890506373e-09,bidisperse_a0.005_sr1.000_N1000_L12_T100000_seed2.npz,bidisperse,2,0.005,1.0,0.7926548922488341
47000.0,0.8847029799431643,10,0.936,,0.5846294461621294,0.4015713662156264,4.8338951723193654e-09,bidisperse_a0.005_sr1.000_N1000_L12_T100000_seed2.npz,bidisperse,2,0.005,1.0,0.7926548922488341
48000.0,0.8822568870675157,12,0.882,0.544334476587765,0.5578525774843645,0.3853893263342082,5.117280338960724e-09,bidisperse_a0.005_sr1.000_N1000_L12_T100000_seed2.npz,bidisperse,2,0.005,1.0,0.7926548922488341
49000.0,0.8757044890860195,11,0.936,,0.555467815270428,0.38511749347258484,5.623873393037121e-09,bidisperse_a0.005_sr1.000_N1000_L12_T100000_seed2.npz,bidisperse,2,0.005,1.0,0.7926548922488341
50000.0,0.8831510385219177,11,0.932,,0.520930380353919,0.3987836663770634,5.86796351486727e-09,bidisperse_a0.005_sr1.000_N1000_L12_T100000_seed2.npz,bidisperse,2,0.005,1.0,0.7926548922488341
51000.0,0.8749504519334206,9,0.868,,0.6069066979333352,0.38771094764171354,4.8732214617762894e-09,bidisperse_a0.005_sr1.000_N1000_L12_T100000_seed2.npz,bidisperse,2,0.005,1.0,0.7926548922488341
52000.0,0.8758120881026709,7,0.944,0.5410310922264617,0.5776980516906505,0.3816072195960464,5.198012138029588e-09,bidisperse_a0.005_sr1.000_N1000_L12_T100000_seed2.npz,bidisperse,2,0.005,1.0,0.7926548922488341
53000.0,0.8794292594460893,5,0.953,,0.5061572216907773,0.394589952769429,4.661247103868761e-09,bidisperse_a0.005_sr1.000_N1000_L12_T100000_seed2.npz,bidisperse,2,0.005,1.0,0.7926548922488341
54000.0,0.8808396274022152,7,0.937,,0.6011527484997051,0.379757785467128,5.530110570067472e-09,bidisperse_a0.005_sr1.000_N1000_L12_T100000_seed2.npz,bidisperse,2,0.005,1.0,0.7926548922488341
55000.0,0.881018527909629,3,0.96,,0.5369905721601614,0.4004264392324094,4.540574599090104e-09,bidisperse_a0.005_sr1.000_N1000_L12_T100000_seed2.npz,bidisperse,2,0.005,1.0,0.7926548922488341
56000.0,0.8787083147389346,4,0.947,0.5350669698868408,0.5709341699088097,0.38629550321199146,4.443067768031029e-09,bidisperse_a0.005_sr1.000_N1000_L12_T100000_seed2.npz,bidisperse,2,0.005,1.0,0.7926548922488341
57000.0,0.8810752342816314,9,0.932,,0.5576745705859567,0.3832179930795848,3.4950103787946853e-09,bidisperse_a0.005_sr1.000_N1000_L12_T100000_seed2.npz,bidisperse,2,0.005,1.0,0.7926548922488341
58000.0,0.8844223278540956,13,0.892,,0.60904377202842,0.3942433493240296,4.90084310055733e-09,bidisperse_a0.005_sr1.000_N1000_L12_T100000_seed2.npz,bidisperse,2,0.005,1.0,0.7926548922488341
59000.0,0.8773437833497354,8,0.924,,0.5286291404030493,0.3984375,4.445313746274312e-09,bidisperse_a0.005_sr1.000_N1000_L12_T100000_seed2.npz,bidisperse,2,0.005,1.0,0.7926548922488341
60000.0,0.8885316675635397,11,0.861,0.5527190735917693,0.559034831644835,0.38920579201404126,4.4477161417047475e-09,bidisperse_a0.005_sr1.000_N1000_L12_T100000_seed2.npz,bidisperse,2,0.005,1.0,0.7926548922488341
61000.0,0.8818941414902055,12,0.854,,0.5280066657647797,0.38752196836555364,4.123639081509277e-09,bidisperse_a0.005_sr1.000_N1000_L12_T100000_seed2.npz,bidisperse,2,0.005,1.0,0.7926548922488341
62000.0,0.8792160630512291,11,0.917,,0.5236400689091537,0.37549581313353897,4.474905786650749e-09,bidisperse_a0.005_sr1.000_N1000_L12_T100000_seed2.npz,bidisperse,2,0.005,1.0,0.7926548922488341
63000.0,0.87807858358686,8,0.951,,0.46627521535776933,0.38818931828050374,3.742727784812585e-09,bidisperse_a0.005_sr1.000_N1000_L12_T100000_seed2.npz,bidisperse,2,0.005,1.0,0.7926548922488341
64000.0,0.8844050415571347,13,0.851,0.5450541597517632,0.5906147916624459,0.38388214904679374,4.962141083720741e-09,bidisperse_a0.005_sr1.000_N1000_L12_T100000_seed2.npz,bidisperse,2,0.005,1.0,0.7926548922488341
65000.0,0.8810002110249328,13,0.868,,0.5752198526442406,0.41163793103448276,5.39358900450289e-09,bidisperse_a0.005_sr1.000_N1000_L12_T100000_seed2.npz,bidisperse,2,0.005,1.0,0.7926548922488341
66000.0,0.8781498357809346,11,0.93,,0.560627902603115,0.38898601398601396,5.223573398354857e-09,bidisperse_a0.005_sr1.000_N1000_L12_T100000_seed2.npz,bidisperse,2,0.005,1.0,0.7926548922488341
67000.0,0.8745082369873163,10,0.923,,0.5267017907491118,0.3849137931034483,4.5861930590847055e-09,bidisperse_a0.005_sr1.000_N1000_L12_T100000_seed2.npz,bidisperse,2,0.005,1.0,0.7926548922488341
68000.0,0.8716991680141181,8,0.929,0.5387879937251772,0.5120160184863767,0.3731728288907996,5.033735900308511e-09,bidisperse_a0.005_sr1.000_N1000_L12_T100000_seed2.npz,bidisperse,2,0.005,1.0,0.7926548922488341
69000.0,0.8805775623268698,9,0.857,,0.5338405762593881,0.377949377949378,5.5851168722900915e-09,bidisperse_a0.005_sr1.000_N1000_L12_T100000_seed2.npz,bidisperse,2,0.005,1.0,0.7926548922488341
70000.0,0.8716718291713494,2,0.954,,0.5492217792842224,0.38422391857506366,5.3468535428438755e-09,bidisperse_a0.005_sr1.000_N1000_L12_T100000_seed2.npz,bidisperse,2,0.005,1.0,0.7926548922488341
71000.0,0.8731358098929303,10,0.93,,0.5006688189585619,0.38093220338983047,4.858838434463291e-09,bidisperse_a0.005_sr1.000_N1000_L12_T100000_seed2.npz,bidisperse,2,0.005,1.0,0.7926548922488341
72000.0,0.8711509897288382,6,0.952,0.5329160036415048,0.5376229363498312,0.3598110777157578,4.760893149733271e-09,bidisperse_a0.005_sr1.000_N1000_L12_T100000_seed2.npz,bidisperse,2,0.005,1.0,0.7926548922488341
73000.0,0.871884884047033,7,0.948,,0.5445603942454026,0.3690932311621967,3.554214467732515e-09,bidisperse_a0.005_sr1.000_N1000_L12_T100000_seed2.npz,bidisperse,2,0.005,1.0,0.7926548922488341
74000.0,0.8785328216604295,11,0.932,,0.4533185825464138,0.3880407124681934,4.016157619427915e-09,bidisperse_a0.005_sr1.000_N1000_L12_T100000_seed2.npz,bidisperse,2,0.005,1.0,0.7926548922488341
75000.0,0.8790729723774613,9,0.934,,0.5280457258132149,0.37425404944586527,4.076622965905995e-09,bidisperse_a0.005_sr1.000_N1000_L12_T100000_seed2.npz,bidisperse,2,0.005,1.0,0.7926548922488341
76000.0,0.883953377909113,10,0.929,0.5320890458227563,0.5087150077753976,0.37531699070160607,4.32748270763683e-09,bidisperse_a0.005_sr1.000_N1000_L12_T100000_seed2.npz,bidisperse,2,0.005,1.0,0.7926548922488341
77000.0,0.8789518847010823,6,0.949,,0.5369876762329492,0.3506660936828535,4.071949358596937e-09,bidisperse_a0.005_sr1.000_N1000_L12_T100000_seed2.npz,bidisperse,2,0.005,1.0,0.7926548922488341
78000.0,0.8787728925954821,9,0.934,,0.5865875371446755,0.3603411513859275,3.98174462741129e-09,bidisperse_a0.005_sr1.000_N1000_L12_T100000_seed2.npz,bidisperse,2,0.005,1.0,0.7926548922488341
79000.0,0.8782921638829109,10,0.933,,0.5757051034120618,0.3702127659574468,3.3625473228781863e-09,bidisperse_a0.005_sr1.000_N1000_L12_T100000_seed2.npz,bidisperse,2,0.005,1.0,0.7926548922488341
80000.0,0.8783573442503736,4,0.949,0.5284271824236811,0.5803687012904656,0.37515896566341667,3.987964275334264e-09,bidisperse_a0.005_sr1.000_N1000_L12_T100000_seed2.npz,bidisperse,2,0.005,1.0,0.7926548922488341
81000.0,0.8776791698521519,7,0.947,,0.5498016398424583,0.3773905652358691,3.406798538669339e-09,bidisperse_a0.005_sr1.000_N1000_L12_T100000_seed2.npz,bidisperse,2,0.005,1.0,0.7926548922488341
82000.0,0.8747583168967784,7,0.949,,0.569919069849879,0.36906779661016953,4.201251378447945e-09,bidisperse_a0.005_sr1.000_N1000_L12_T100000_seed2.npz,bidisperse,2,0.005,1.0,0.7926548922488341
83000.0,0.8748450546564831,5,0.943,,0.5644990982669589,0.36201022146507666,4.671709338801431e-09,bidisperse_a0.005_sr1.000_N1000_L12_T100000_seed2.npz,bidisperse,2,0.005,1.0,0.7926548922488341
84000.0,0.8722117163417686,12,0.891,0.5325476773621127,0.48476676116488665,0.3602404465435809,4.5300388925738445e-09,bidisperse_a0.005_sr1.000_N1000_L12_T100000_seed2.npz,bidisperse,2,0.005,1.0,0.7926548922488341
85000.0,0.874565036482628,12,0.927,,0.5100447833032411,0.3536950021358394,3.829772023193107e-09,bidisperse_a0.005_sr1.000_N1000_L12_T100000_seed2.npz,bidisperse,2,0.005,1.0,0.7926548922488341
86000.0,0.8768521918488849,6,0.933,,0.5675260358087411,0.3524625267665953,3.5627640823070412e-09,bidisperse_a0.005_sr1.000_N1000_L12_T100000_seed2.npz,bidisperse,2,0.005,1.0,0.7926548922488341
87000.0,0.873601611076775,8,0.952,,0.5495771717765358,0.36424957841483985,4.8479629464087395e-09,bidisperse_a0.005_sr1.000_N1000_L12_T100000_seed2.npz,bidisperse,2,0.005,1.0,0.7926548922488341
88000.0,0.8686325127181102,10,0.923,0.523327584348667,0.49283241619268936,0.3455387205387206,4.006338197172324e-09,bidisperse_a0.005_sr1.000_N1000_L12_T100000_seed2.npz,bidisperse,2,0.005,1.0,0.7926548922488341
89000.0,0.8738427538608047,7,0.955,,0.4987995442656772,0.3455696202531645,3.762776238993912e-09,bidisperse_a0.005_sr1.000_N1000_L12_T100000_seed2.npz,bidisperse,2,0.005,1.0,0.7926548922488341
90000.0,0.868785442307451,7,0.937,,0.513198248491865,0.34742180896027053,3.7043080836899904e-09,bidisperse_a0.005_sr1.000_N1000_L12_T100000_seed2.npz,bidisperse,2,0.005,1.0,0.7926548922488341
91000.0,0.8757099553371142,4,0.948,,0.4960160378952449,0.3656184486373165,4.493379264609565e-09,bidisperse_a0.005_sr1.000_N1000_L12_T100000_seed2.npz,bidisperse,2,0.005,1.0,0.7926548922488341
92000.0,0.8746041365315559,8,0.928,0.5347582840737792,0.5572005488198359,0.36919831223628696,4.0580496311697156e-09,bidisperse_a0.005_sr1.000_N1000_L12_T100000_seed2.npz,bidisperse,2,0.005,1.0,0.7926548922488341
93000.0,0.870177005922454,6,0.952,,0.5358077649652253,0.36317352566822236,4.395873320633769e-09,bidisperse_a0.005_sr1.000_N1000_L12_T100000_seed2.npz,bidisperse,2,0.005,1.0,0.7926548922488341
94000.0,0.8756579738760002,7,0.92,,0.5997916047814636,0.34437367303609345,4.554643491588796e-09,bidisperse_a0.005_sr1.000_N1000_L12_T100000_seed2.npz,bidisperse,2,0.005,1.0,0.7926548922488341
95000.0,0.8713915397463885,9,0.936,,0.5309441815950177,0.35744500846023686,4.206256026345819e-09,bidisperse_a0.005_sr1.000_N1000_L12_T100000_seed2.npz,bidisperse,2,0.005,1.0,0.7926548922488341
96000.0,0.8681307948004573,8,0.938,0.52439661382095,0.4840302813274607,0.35993208828522916,3.3460003688623107e-09,bidisperse_a0.005_sr1.000_N1000_L12_T100000_seed2.npz,bidisperse,2,0.005,1.0,0.7926548922488341
97000.0,0.8784057630830298,5,0.95,,0.5850707657571457,0.36108751062022093,4.319471616946066e-09,bidisperse_a0.005_sr1.000_N1000_L12_T100000_seed2.npz,bidisperse,2,0.005,1.0,0.7926548922488341
98000.0,0.8675781768660242,10,0.945,,0.5306276249740359,0.36696466581524056,3.938666077248475e-09,bidisperse_a0.005_sr1.000_N1000_L12_T100000_seed2.npz,bidisperse,2,0.005,1.0,0.7926548922488341
99000.0,0.8712176060246671,11,0.951,,0.5293830476508258,0.3649851632047477,4.710108416694612e-09,bidisperse_a0.005_sr1.000_N1000_L12_T100000_seed2.npz,bidisperse,2,0.005,1.0,0.7926548922488341
100000.0,0.8740442694784079,9,0.954,0.5202851813161203,0.5962981618939934,0.3668195081283868,3.729445805558987e-09,bidisperse_a0.005_sr1.000_N1000_L12_T100000_seed2.npz,bidisperse,2,0.005,1.0,0.7926548922488341
0.0,0.9717411609369652,102,0.095,0.6456989746849886,,,,bidisperse_a0.005_sr1.000_N1000_L12_T100000_seed3.npz,bidisperse,3,0.005,1.0,0.8930938735834163
1000.0,0.9101161553056597,18,0.846,,0.24501564718177832,0.7341772151898734,1.74558349836182e-08,bidisperse_a0.005_sr1.000_N1000_L12_T100000_seed3.npz,bidisperse,3,0.005,1.0,0.8930938735834163
2000.0,0.9155334574099723,10,0.853,,0.46883529727559875,0.5227272727272727,6.37647219913279e-09,bidisperse_a0.005_sr1.000_N1000_L12_T100000_seed3.npz,bidisperse,3,0.005,1.0,0.8930938735834163
3000.0,0.9126464273958744,14,0.909,,0.5792726219931027,0.48291015625,5.651700971934478e-09,bidisperse_a0.005_sr1.000_N1000_L12_T100000_seed3.npz,bidisperse,3,0.005,1.0,0.8930938735834163
4000.0,0.9038912764003673,12,0.836,0.5967519436792165,0.5074484935246895,0.48950069995333645,5.553820460218178e-09,bidisperse_a0.005_sr1.000_N1000_L12_T100000_seed3.npz,bidisperse,3,0.005,1.0,0.8930938735834163
5000.0,0.9024661209288556,14,0.919,,0.4796396138580831,0.4521780303030303,5.090749299087444e-09,bidisperse_a0.005_sr1.000_N1000_L12_T100000_seed3.npz,bidisperse,3,0.005,1.0,0.8930938735834163
6000.0,0.9002550910650924,10,0.933,,0.4834990595255774,0.45330830595964333,6.0649271593241875e-09,bidisperse_a0.005_sr1.000_N1000_L12_T100000_seed3.npz,bidisperse,3,0.005,1.0,0.8930938735834163
7000.0,0.9019876164177034,8,0.846,,0.48105278122883544,0.4377880184331797,4.339171328050812e-09,bidisperse_a0.005_sr1.000_N1000_L12_T100000_seed3.npz,bidisperse,3,0.005,1.0,0.8930938735834163
8000.0,0.8995205012858037,15,0.85,0.577385454495,0.5015012508528713,0.44565217391304346,5.013410865457007e-09,bidisperse_a0.005_sr1.000_N1000_L12_T100000_seed3.npz,bidisperse,3,0.005,1.0,0.8930938735834163
9000.0,0.8972234500907286,11,0.94,,0.5122808168220088,0.4562669071235347,5.797197161569783e-09,bidisperse_a0.005_sr1.000_N1000_L12_T100000_seed3.npz,bidisperse,3,0.005,1.0,0.8930938735834163
10000.0,0.8953808590070036,11,0.841,,0.5298258486640798,0.4320987654320988,6.363385286167122e-09,bidisperse_a0.005_sr1.000_N1000_L12_T100000_seed3.npz,bidisperse,3,0.005,1.0,0.8930938735834163
11000.0,0.8952303043097516,13,0.935,,0.5718066625476491,0.41567912488605285,5.3791452172575325e-09,bidisperse_a0.005_sr1.000_N1000_L12_T100000_seed3.npz,bidisperse,3,0.005,1.0,0.8930938735834163
12000.0,0.8930286914513758,11,0.923,0.5724445564657284,0.47258269669383,0.43800539083557954,4.58582596899871e-09,bidisperse_a0.005_sr1.000_N1000_L12_T100000_seed3.npz,bidisperse,3,0.005,1.0,0.8930938735834163
13000.0,0.8982964581084412,10,0.947,,0.45552711476241253,0.4285061671996345,4.062443330071229e-09,bidisperse_a0.005_sr1.000_N1000_L12_T100000_seed3.npz,bidisperse,3,0.005,1.0,0.8930938735834163
14000.0,0.8959870462137375,9,0.935,,0.5487963019707168,0.4493670886075949,5.2536881088995875e-09,bidisperse_a0.005_sr1.000_N1000_L12_T100000_seed3.npz,bidisperse,3,0.005,1.0,0.8930938735834163
15000.0,0.9010973936899863,5,0.955,,0.5284167811708114,0.4241598546775659,5.576362811657575e-09,bidisperse_a0.005_sr1.000_N1000_L12_T100000_seed3.npz,bidisperse,3,0.005,1.0,0.8930938735834163
16000.0,0.8945576251743895,8,0.944,0.5706911198328374,0.5498813717618567,0.42754275427542754,4.528285705671932e-09,bidisperse_a0.005_sr1.000_N1000_L12_T100000_seed3.npz,bidisperse,3,0.005,1.0,0.8930938735834163
17000.0,0.8864271984227639,6,0.95,,0.5030221831748047,0.42271293375394325,4.702645017524347e-09,bidisperse_a0.005_sr1.000_N1000_L12_T100000_seed3.npz,bidisperse,3,0.005,1.0,0.8930938735834163
18000.0,0.8905333790984827,9,0.943,,0.5003901228351628,0.41428571428571426,4.529254613939257e-09,bidisperse_a0.005_sr1.000_N1000_L12_T100000_seed3.npz,bidisperse,3,0.005,1.0,0.8930938735834163
19000.0,0.883901407571549,7,0.946,,0.5495610945543132,0.42177170559717936,5.55782748024412e-09,bidisperse_a0.005_sr1.000_N1000_L12_T100000_seed3.npz,bidisperse,3,0.005,1.0,0.8930938735834163
20000.0,0.8911402578946755,9,0.932,0.563275883193704,0.5615179881865294,0.4245115452930728,5.093986377396965e-09,bidisperse_a0.005_sr1.000_N1000_L12_T100000_seed3.npz,bidisperse,3,0.005,1.0,0.8930938735834163
21000.0,0.8900991728052168,9,0.927,,0.5322504697323731,0.4175143741707209,4.686168982988043e-09,bidisperse_a0.005_sr1.000_N1000_L12_T100000_seed3.npz,bidisperse,3,0.005,1.0,0.8930938735834163
22000.0,0.8873239957689001,7,0.929,,0.4829734571962298,0.39280958721704395,4.5851742220107015e-09,bidisperse_a0.005_sr1.000_N1000_L12_T100000_seed3.npz,bidisperse,3,0.005,1.0,0.8930938735834163
23000.0,0.8907721047243968,9,0.896,,0.5392941646179447,0.38752783964365256,4.342922731417611e-09,bidisperse_a0.005_sr1.000_N1000_L12_T100000_seed3.npz,bidisperse,3,0.005,1.0,0.8930938735834163
24000.0,0.889147104234544,15,0.921,0.5589242935336579,0.47729704313707905,0.4004434589800443,5.305185793621512e-09,bidisperse_a0.005_sr1.000_N1000_L12_T100000_seed3.npz,bidisperse,3,0.005,1.0,0.8930938735834163
25000.0,0.8897027382125474,7,0.939,,0.48741929381811266,0.39911504424778765,4.1813881225010464e-09,bidisperse_a0.005_sr1.000_N1000_L12_T100000_seed3.npz,bidisperse,3,0.005,1.0,0.8930938735834163
26000.0,0.88678887958219,8,0.944,,0.52368798819786,0.40742377375165706,4.386561116290507e-09,bidisperse_a0.005_sr1.000_N1000_L12_T100000_seed3.npz,bidisperse,3,0.005,1.0,0.8930938735834163
27000.0,0.8909576403578567,11,0.928,,0.5008850173875294,0.41919859092910616,4.7825629970243e-09,bidisperse_a0.005_sr1.000_N1000_L12_T100000_seed3.npz,bidisperse,3,0.005,1.0,0.8930938735834163
28000.0,0.8887461163407847,7,0.912,0.5429324071080308,0.5255670207003186,0.403921568627451,4.3438448059125274e-09,bidisperse_a0.005_sr1.000_N1000_L12_T100000_seed3.npz,bidisperse,3,0.005,1.0,0.8930938735834163
29000.0,0.8839011788967676,4,0.95,,0.4825686872719494,0.4127327847553053,4.510372751901362e-09,bidisperse_a0.005_sr1.000_N1000_L12_T100000_seed3.npz,bidisperse,3,0.005,1.0,0.8930938735834163
30000.0,0.8988162113478746,7,0.957,,0.5187843003900013,0.41138421733505826,4.725188895897462e-09,bidisperse_a0.005_sr1.000_N1000_L12_T100000_seed3.npz,bidisperse,3,0.005,1.0,0.8930938735834163
31000.0,0.8852727471842732,2,0.964,,0.557116293344605,0.3977566867989646,4.0346463937246075e-09,bidisperse_a0.005_sr1.000_N1000_L12_T100000_seed3.npz,bidisperse,3,0.005,1.0,0.8930938735834163
32000.0,0.8881999938951802,7,0.889,0.5571947335754912,0.44463661667819254,0.40679442508710806,4.2162205903463774e-09,bidisperse_a0.005_sr1.000_N1000_L12_T100000_seed3.npz,bidisperse,3,0.005,1.0,0.8930938735834163
33000.0,0.8840662605631701,9,0.946,,0.48765809684676836,0.4180790960451978,4.854373812965235e-09,bidisperse_a0.005_sr1.000_N1000_L12_T100000_seed3.npz,bidisperse,3,0.005,1.0,0.8930938735834163
34000.0,0.8902799645248725,10,0.934,,0.4883580060992316,0.38950644730991557,4.218403617181905e-09,bidisperse_a0.005_sr1.000_N1000_L12_T100000_seed3.npz,bidisperse,3,0.005,1.0,0.8930938735834163
35000.0,0.8837281427221172,5,0.956,,0.46415558102930826,0.40911081909767855,4.799903214167701e-09,bidisperse_a0.005_sr1.000_N1000_L12_T100000_seed3.npz,bidisperse,3,0.005,1.0,0.8930938735834163
36000.0,0.8838538375789342,8,0.946,0.5452834804044868,0.508828405083246,0.37801138852387206,3.741692893731303e-09,bidisperse_a0.005_sr1.000_N1000_L12_T100000_seed3.npz,bidisperse,3,0.005,1.0,0.8930938735834163
37000.0,0.8832938101849446,4,0.951,,0.47422404841826676,0.40603448275862064,4.8782758001834655e-09,bidisperse_a0.005_sr1.000_N1000_L12_T100000_seed3.npz,bidisperse,3,0.005,1.0,0.8930938735834163
38000.0,0.8822825855913774,4,0.96,,0.5442059398668206,0.4086206896551724,5.623513390660477e-09,bidisperse_a0.005_sr1.000_N1000_L12_T100000_seed3.npz,bidisperse,3,0.005,1.0,0.8930938735834163
39000.0,0.8883892072306239,7,0.943,,0.5483963665763623,0.401642888024211,4.604865083233174e-09,bidisperse_a0.005_sr1.000_N1000_L12_T100000_seed3.npz,bidisperse,3,0.005,1.0,0.8930938735834163
40000.0,0.8933055944250354,9,0.933,0.5519438410167359,0.5828396808405819,0.3914949583516002,4.610754966234577e-09,bidisperse_a0.005_sr1.000_N1000_L12_T100000_seed3.npz,bidisperse,3,0.005,1.0,0.8930938735834163
41000.0,0.8886994301876772,8,0.947,,0.5719559210392282,0.4071803852889667,4.066580796417693e-09,bidisperse_a0.005_sr1.000_N1000_L12_T100000_seed3.npz,bidisperse,3,0.005,1.0,0.8930938735834163
42000.0,0.8917315819103021,10,0.947,,0.5106506216251495,0.41310043668122276,4.457477551397669e-09,bidisperse_a0.005_sr1.000_N1000_L12_T100000_seed3.npz,bidisperse,3,0.005,1.0,0.8930938735834163
43000.0,0.8871977417137337,5,0.945,,0.5969771899249099,0.3946794592237244,4.497739605364187e-09,bidisperse_a0.005_sr1.000_N1000_L12_T100000_seed3.npz,bidisperse,3,0.005,1.0,0.8930938735834163
44000.0,0.8845420479034262,13,0.915,0.5448939100281248,0.5991568519300258,0.383347788378144,4.72152679150918e-09,bidisperse_a0.005_sr1.000_N1000_L12_T100000_seed3.npz,bidisperse,3,0.005,1.0,0.8930938735834163
45000.0,0.8858906838208883,8,0.943,,0.5242233294517816,0.39551917277035764,4.436250065778002e-09,bidisperse_a0.005_sr1.000_N1000_L12_T100000_seed3.npz,bidisperse,3,0.005,1.0,0.8930938735834163
46000.0,0.8871039106805293,8,0.942,,0.5239886388201005,0.4044943820224719,4.324349302566396e-09,bidisperse_a0.005_sr1.000_N1000_L12_T100000_seed3.npz,bidisperse,3,0.005,1.0,0.8930938735834163
47000.0,0.8864302410518627,7,0.956,,0.5524092576327032,0.37730870712401055,3.635335911023989e-09,bidisperse_a0.005_sr1.000_N1000_L12_T100000_seed3.npz,bidisperse,3,0.005,1.0,0.8930938735834163
48000.0,0.8881836971405179,5,0.958,0.5502574353436445,0.537413602286036,0.3946110386788353,4.077879231486236e-09,bidisperse_a0.005_sr1.000_N1000_L12_T100000_seed3.npz,bidisperse,3,0.005,1.0,0.8930938735834163
49000.0,0.8844288049799701,9,0.942,,0.5199599631369333,0.4058159722222222,4.351694157421778e-09,bidisperse_a0.005_sr1.000_N1000_L12_T100000_seed3.npz,bidisperse,3,0.005,1.0,0.8930938735834163
50000.0,0.8821526556283421,7,0.923,,0.4786151336282241,0.41194420226678297,4.063997392932572e-09,bidisperse_a0.005_sr1.000_N1000_L12_T100000_seed3.npz,bidisperse,3,0.005,1.0,0.8930938735834163
51000.0,0.8894965271730423,5,0.936,,0.5321204817840148,0.39902998236331566,4.560318773263269e-09,bidisperse_a0.005_sr1.000_N1000_L12_T100000_seed3.npz,bidisperse,3,0.005,1.0,0.8930938735834163
52000.0,0.8902069105360387,8,0.883,0.5549161932359632,0.5045341025896881,0.41601731601731606,4.324843791041913e-09,bidisperse_a0.005_sr1.000_N1000_L12_T100000_seed3.npz,bidisperse,3,0.005,1.0,0.8930938735834163
53000.0,0.8860095097699157,8,0.939,,0.537831081416637,0.39601386481802425,4.118197256266045e-09,bidisperse_a0.005_sr1.000_N1000_L12_T100000_seed3.npz,bidisperse,3,0.005,1.0,0.8930938735834163
54000.0,0.8865425357964625,6,0.94,,0.5223168935086161,0.3909643788010426,3.732302152216433e-09,bidisperse_a0.005_sr1.000_N1000_L12_T100000_seed3.npz,bidisperse,3,0.005,1.0,0.8930938735834163
55000.0,0.8902736015353516,6,0.928,,0.5722444419676468,0.39170710189677993,3.6778328601618286e-09,bidisperse_a0.005_sr1.000_N1000_L12_T100000_seed3.npz,bidisperse,3,0.005,1.0,0.8930938735834163
56000.0,0.8828896358016642,3,0.949,0.5471405649826435,0.58196666968227,0.4079580236117184,4.142808017742676e-09,bidisperse_a0.005_sr1.000_N1000_L12_T100000_seed3.npz,bidisperse,3,0.005,1.0,0.8930938735834163
57000.0,0.886340838465348,3,0.95,,0.5514509360316113,0.3992129427197202,4.491025161619042e-09,bidisperse_a0.005_sr1.000_N1000_L12_T100000_seed3.npz,bidisperse,3,0.005,1.0,0.8930938735834163
58000.0,0.8817735156877785,3,0.957,,0.4966642788777994,0.39878630255743386,4.327951241396707e-09,bidisperse_a0.005_sr1.000_N1000_L12_T100000_seed3.npz,bidisperse,3,0.005,1.0,0.8930938735834163
59000.0,0.8863803847288458,8,0.948,,0.5333079976575275,0.38950988822012034,3.831087405279092e-09,bidisperse_a0.005_sr1.000_N1000_L12_T100000_seed3.npz,bidisperse,3,0.005,1.0,0.8930938735834163
60000.0,0.888525210359626,5,0.941,0.5428648244192075,0.6206084483108024,0.39361242986620626,3.7684674550175894e-09,bidisperse_a0.005_sr1.000_N1000_L12_T100000_seed3.npz,bidisperse,3,0.005,1.0,0.8930938735834163
61000.0,0.8829576571239311,9,0.924,,0.47784442753479334,0.39757470766565617,3.745423266113897e-09,bidisperse_a0.005_sr1.000_N1000_L12_T100000_seed3.npz,bidisperse,3,0.005,1.0,0.8930938735834163
62000.0,0.885849548564468,7,0.95,,0.5418359584879744,0.39699570815450647,4.805121353729567e-09,bidisperse_a0.005_sr1.000_N1000_L12_T100000_seed3.npz,bidisperse,3,0.005,1.0,0.8930938735834163
63000.0,0.8908748014361624,7,0.956,,0.5433651391271229,0.3869715271786023,4.474745871845242e-09,bidisperse_a0.005_sr1.000_N1000_L12_T100000_seed3.npz,bidisperse,3,0.005,1.0,0.8930938735834163
64000.0,0.8789934636140043,8,0.943,0.5431830813189612,0.5330193204132143,0.3969072164948454,3.520060175056016e-09,bidisperse_a0.005_sr1.000_N1000_L12_T100000_seed3.npz,bidisperse,3,0.005,1.0,0.8930938735834163
65000.0,0.8857836870582203,6,0.956,,0.5337860616344112,0.3710446467273515,3.502799036060726e-09,bidisperse_a0.005_sr1.000_N1000_L12_T100000_seed3.npz,bidisperse,3,0.005,1.0,0.8930938735834163
66000.0,0.8817164957186002,6,0.954,,0.5159285447815137,0.3967979229770662,3.763034410443226e-09,bidisperse_a0.005_sr1.000_N1000_L12_T100000_seed3.npz,bidisperse,3,0.005,1.0,0.8930938735834163
67000.0,0.8842428781501922,8,0.939,,0.4592727151840247,0.4154715341156019,3.620950050211509e-09,bidisperse_a0.005_sr1.000_N1000_L12_T100000_seed3.npz,bidisperse,3,0.005,1.0,0.8930938735834163
68000.0,0.8846116971969828,6,0.944,0.5521253880008721,0.5104534256963523,0.41666666666666663,3.3836703797169034e-09,bidisperse_a0.005_sr1.000_N1000_L12_T100000_seed3.npz,bidisperse,3,0.005,1.0,0.8930938735834163
69000.0,0.8877226989051228,6,0.951,,0.5638567716182291,0.4138078902229846,3.6697901095423845e-09,bidisperse_a0.005_sr1.000_N1000_L12_T100000_seed3.npz,bidisperse,3,0.005,1.0,0.8930938735834163
70000.0,0.8795901558538027,4,0.938,,0.49479539334714157,0.3987096774193548,4.595297595245361e-09,bidisperse_a0.005_sr1.000_N1000_L12_T100000_seed3.npz,bidisperse,3,0.005,1.0,0.8930938735834163
71000.0,0.8802884703332887,5,0.956,,0.5117458532819715,0.3858064516129033,3.93067817669788e-09,bidisperse_a0.005_sr1.000_N1000_L12_T100000_seed3.npz,bidisperse,3,0.005,1.0,0.8930938735834163
72000.0,0.8858118483717249,3,0.968,0.5396464470044671,0.513109109047723,0.3853367433930094,3.5864300277295025e-09,bidisperse_a0.005_sr1.000_N1000_L12_T100000_seed3.npz,bidisperse,3,0.005,1.0,0.8930938735834163
73000.0,0.8813702906194548,6,0.948,,0.4942991619073458,0.3871653208669783,3.353867160347382e-09,bidisperse_a0.005_sr1.000_N1000_L12_T100000_seed3.npz,bidisperse,3,0.005,1.0,0.8930938735834163
74000.0,0.8832581969225769,11,0.932,,0.4818935100100464,0.3853489380147378,3.928617963156779e-09,bidisperse_a0.005_sr1.000_N1000_L12_T100000_seed3.npz,bidisperse,3,0.005,1.0,0.8930938735834163
75000.0,0.8812003463702148,6,0.958,,0.5309786123072723,0.3987967339922647,3.9951238119217845e-09,bidisperse_a0.005_sr1.000_N1000_L12_T100000_seed3.npz,bidisperse,3,0.005,1.0,0.8930938735834163
76000.0,0.8805000433939482,6,0.968,0.5434630156589364,0.5045681281569296,0.39508266214497667,4.359231928295908e-09,bidisperse_a0.005_sr1.000_N1000_L12_T100000_seed3.npz,bidisperse,3,0.005,1.0,0.8930938735834163
77000.0,0.8828076223778397,7,0.954,,0.505489151922677,0.38372591006423984,3.6011661396164687e-09,bidisperse_a0.005_sr1.000_N1000_L12_T100000_seed3.npz,bidisperse,3,0.005,1.0,0.8930938735834163
78000.0,0.8781702069626355,7,0.962,,0.48238918245490614,0.3865474670072371,3.5795585562453013e-09,bidisperse_a0.005_sr1.000_N1000_L12_T100000_seed3.npz,bidisperse,3,0.005,1.0,0.8930938735834163
79000.0,0.8798587727246091,4,0.963,,0.5082224251048941,0.3797522426313541,3.5481945859270895e-09,bidisperse_a0.005_sr1.000_N1000_L12_T100000_seed3.npz,bidisperse,3,0.005,1.0,0.8930938735834163
80000.0,0.8795894547709098,3,0.964,0.5386240171537654,0.5576084982497523,0.38230240549828176,3.7979269578584915e-09,bidisperse_a0.005_sr1.000_N1000_L12_T100000_seed3.npz,bidisperse,3,0.005,1.0,0.8930938735834163
81000.0,0.8809957178253375,7,0.953,,0.5396545402387289,0.3984706881903144,3.968568209452151e-09,bidisperse_a0.005_sr1.000_N1000_L12_T100000_seed3.npz,bidisperse,3,0.005,1.0,0.8930938735834163
82000.0,0.8837781452409549,13,0.943,,0.5016841120094614,0.40356083086053407,3.958323155952352e-09,bidisperse_a0.005_sr1.000_N1000_L12_T100000_seed3.npz,bidisperse,3,0.005,1.0,0.8930938735834163
83000.0,0.8745995844875346,9,0.947,,0.4619151341843289,0.39234042553191484,3.5749818413815293e-09,bidisperse_a0.005_sr1.000_N1000_L12_T100000_seed3.npz,bidisperse,3,0.005,1.0,0.8930938735834163
84000.0,0.8764654862237322,5,0.965,0.5382577149759481,0.47859552450719367,0.38650827322868053,3.37000303251427e-09,bidisperse_a0.005_sr1.000_N1000_L12_T100000_seed3.npz,bidisperse,3,0.005,1.0,0.8930938735834163
85000.0,0.8761333168325933,7,0.949,,0.46085155810723544,0.39359460598398655,4.754329323276185e-09,bidisperse_a0.005_sr1.000_N1000_L12_T100000_seed3.npz,bidisperse,3,0.005,1.0,0.8930938735834163
86000.0,0.8818065088393482,9,0.938,,0.5185967846761605,0.3721934369602763,4.387687564579636e-09,bidisperse_a0.005_sr1.000_N1000_L12_T100000_seed3.npz,bidisperse,3,0.005,1.0,0.8930938735834163
87000.0,0.8833427552092261,5,0.939,,0.5028235497330457,0.38101374570446733,5.312543784810817e-09,bidisperse_a0.005_sr1.000_N1000_L12_T100000_seed3.npz,bidisperse,3,0.005,1.0,0.8930938735834163
88000.0,0.8844492455593542,6,0.958,0.5369066971204045,0.556869551882961,0.383177570093458,3.991677336575667e-09,bidisperse_a0.005_sr1.000_N1000_L12_T100000_seed3.npz,bidisperse,3,0.005,1.0,0.8930938735834163
89000.0,0.8794253047044397,8,0.95,,0.48227970683217886,0.3870967741935484,3.60530306338313e-09,bidisperse_a0.005_sr1.000_N1000_L12_T100000_seed3.npz,bidisperse,3,0.005,1.0,0.8930938735834163
90000.0,0.8781816490195051,7,0.947,,0.45110463177294746,0.3793831854668357,3.848968730415001e-09,bidisperse_a0.005_sr1.000_N1000_L12_T100000_seed3.npz,bidisperse,3,0.005,1.0,0.8930938735834163
91000.0,0.8765191701239586,7,0.946,,0.5246049675340562,0.3505942275042445,4.749474339570423e-09,bidisperse_a0.005_sr1.000_N1000_L12_T100000_seed3.npz,bidisperse,3,0.005,1.0,0.8930938735834163
92000.0,0.8782070020737576,4,0.951,0.5363621545981757,0.5250477561097339,0.36317135549872126,4.2887401380652655e-09,bidisperse_a0.005_sr1.000_N1000_L12_T100000_seed3.npz,bidisperse,3,0.005,1.0,0.8930938735834163
93000.0,0.8798969420161062,9,0.932,,0.4731629835358414,0.3728013728013728,3.710634632577862e-09,bidisperse_a0.005_sr1.000_N1000_L12_T100000_seed3.npz,bidisperse,3,0.005,1.0,0.8930938735834163
94000.0,0.8741740620682326,4,0.963,,0.5849995146815494,0.3568376068376068,3.940882878588014e-09,bidisperse_a0.005_sr1.000_N1000_L12_T100000_seed3.npz,bidisperse,3,0.005,1.0,0.8930938735834163
95000.0,0.8830559638694238,5,0.94,,0.48756324883223917,0.3699957859249895,3.899491841435324e-09,bidisperse_a0.005_sr1.000_N1000_L12_T100000_seed3.npz,bidisperse,3,0.005,1.0,0.8930938735834163
96000.0,0.8812496863042298,3,0.941,0.5389155605395631,0.496879790907595,0.3825021132713441,4.719297113725077e-09,bidisperse_a0.005_sr1.000_N1000_L12_T100000_seed3.npz,bidisperse,3,0.005,1.0,0.8930938735834163
97000.0,0.880192202264932,9,0.944,,0.5132384655241057,0.3906779661016949,4.184080443000237e-09,bidisperse_a0.005_sr1.000_N1000_L12_T100000_seed3.npz,bidisperse,3,0.005,1.0,0.8930938735834163
98000.0,0.8777498303910389,10,0.935,,0.48047685004626933,0.37526743688489517,3.554026547650355e-09,bidisperse_a0.005_sr1.000_N1000_L12_T100000_seed3.npz,bidisperse,3,0.005,1.0,0.8930938735834163
99000.0,0.8762000509677635,5,0.955,,0.5517539415798324,0.38494257762654194,4.101503965926718e-09,bidisperse_a0.005_sr1.000_N1000_L12_T100000_seed3.npz,bidisperse,3,0.005,1.0,0.8930938735834163
100000.0,0.8824530976188726,3,0.954,0.5348397584524297,0.5157481354733806,0.3611349957007739,4.250493030402649e-09,bidisperse_a0.005_sr1.000_N1000_L12_T100000_seed3.npz,bidisperse,3,0.005,1.0,0.8930938735834163
0.0,0.9439374800028741,29,0.606,0.5073549633480625,,,,bidisperse_a0.005_sr1.250_N1000_L12_T100000_seed1.npz,bidisperse,1,0.005,1.25,0.37512100184804376
1000.0,0.7963570047792983,1,1.0,,0.2832787788915051,0.632858837485172,2.4117449363477972e-08,bidisperse_a0.005_sr1.250_N1000_L12_T100000_seed1.npz,bidisperse,1,0.005,1.25,0.37512100184804376
2000.0,0.7968589908399023,1,1.0,,0.35508476493429475,0.10479375696767002,9.7521519704689e-10,bidisperse_a0.005_sr1.250_N1000_L12_T100000_seed1.npz,bidisperse,1,0.005,1.25,0.37512100184804376
3000.0,0.7957651836480464,1,1.0,,0.4701403199709475,0.04142692750287691,2.1319655273500402e-10,bidisperse_a0.005_sr1.250_N1000_L12_T100000_seed1.npz,bidisperse,1,0.005,1.25,0.37512100184804376
4000.0,0.7973554622109245,1,1.0,0.44206581829830327,0.4778218438339687,0.0343762070297412,1.5681644970328118e-10,bidisperse_a0.005_sr1.250_N1000_L12_T100000_seed1.npz,bidisperse,1,0.005,1.25,0.37512100184804376
5000.0,0.7949912189624094,1,1.0,,0.3838255471800882,0.026009316770186364,7.23546900457194e-11,bidisperse_a0.005_sr1.250_N1000_L12_T100000_seed1.npz,bidisperse,1,0.005,1.25,0.37512100184804376
6000.0,0.7974933779692356,1,1.0,,0.45486679840543004,0.0328692962103635,1.7071687537748417e-10,bidisperse_a0.005_sr1.250_N1000_L12_T100000_seed1.npz,bidisperse,1,0.005,1.25,0.37512100184804376
7000.0,0.7966135750882891,1,1.0,,0.45974802338480547,0.059473884864658766,4.0931915825089854e-10,bidisperse_a0.005_sr1.250_N1000_L12_T100000_seed1.npz,bidisperse,1,0.005,1.25,0.37512100184804376
8000.0,0.796021468691903,1,1.0,0.44177576848720385,0.5219423909126043,0.03927608779360803,1.3101213909070531e-10,bidisperse_a0.005_sr1.250_N1000_L12_T100000_seed1.npz,bidisperse,1,0.005,1.25,0.37512100184804376
9000.0,0.7996459878753528,1,1.0,,0.4335488349583578,0.041858678955453144,2.6485090400053635e-10,bidisperse_a0.005_sr1.250_N1000_L12_T100000_seed1.npz,bidisperse,1,0.005,1.25,0.37512100184804376
10000.0,0.7996725500157975,1,1.0,,0.49451962836876906,0.05846621108580108,4.790018434848721e-10,bidisperse_a0.005_sr1.250_N1000_L12_T100000_seed1.npz,bidisperse,1,0.005,1.25,0.37512100184804376
11000.0,0.7984668115377044,1,1.0,,0.3705928217381265,0.07323518308795773,4.882862051302496e-10,bidisperse_a0.005_sr1.250_N1000_L12_T100000_seed1.npz,bidisperse,1,0.005,1.25,0.37512100184804376
12000.0,0.7962956057465242,1,1.0,0.439380620325162,0.45426402483945705,0.03276792598303779,9.67109308756735e-11,bidisperse_a0.005_sr1.250_N1000_L12_T100000_seed1.npz,bidisperse,1,0.005,1.25,0.37512100184804376
13000.0,0.796739219085452,1,1.0,,0.4747491122209912,0.03460207612456745,1.2969432357548334e-10,bidisperse_a0.005_sr1.250_N1000_L12_T100000_seed1.npz,bidisperse,1,0.005,1.25,0.37512100184804376
14000.0,0.7997623193516865,1,1.0,,0.4355399288449808,0.030828516377649273,9.261633441865092e-11,bidisperse_a0.005_sr1.250_N1000_L12_T100000_seed1.npz,bidisperse,1,0.005,1.25,0.37512100184804376
15000.0,0.7940775049382023,1,1.0,,0.49544180808200383,0.02324680356450992,4.302154248874486e-11,bidisperse_a0.005_sr1.250_N1000_L12_T100000_seed1.npz,bidisperse,1,0.005,1.25,0.37512100184804376
16000.0,0.7961271530107031,1,1.0,0.43845472013222636,0.40325674707895404,0.023282887077997638,3.873384506543626e-11,bidisperse_a0.005_sr1.250_N1000_L12_T100000_seed1.npz,bidisperse,1,0.005,1.25,0.37512100184804376
17000.0,0.7954885371736835,1,1.0,,0.5439758447547073,0.01826661484648273,6.05709927876995e-11,bidisperse_a0.005_sr1.250_N1000_L12_T100000_seed1.npz,bidisperse,1,0.005,1.25,0.37512100184804376
18000.0,0.7933443116409634,1,1.0,,0.4657332084125234,0.019394879751745586,4.360516443682e-11,bidisperse_a0.005_sr1.250_N1000_L12_T100000_seed1.npz,bidisperse,1,0.005,1.25,0.37512100184804376
19000.0,0.7960281107406565,1,1.0,,0.4447747236598264,0.027413127413127403,4.5203418547838946e-11,bidisperse_a0.005_sr1.250_N1000_L12_T100000_seed1.npz,bidisperse,1,0.005,1.25,0.37512100184804376
20000.0,0.795607088130739,1,1.0,0.43939331714791896,0.5407473962134012,0.02517428350116191,5.069901784377972e-11,bidisperse_a0.005_sr1.250_N1000_L12_T100000_seed1.npz,bidisperse,1,0.005,1.25,0.37512100184804376
21000.0,0.7953554419719626,1,1.0,,0.42524311896479094,0.02400309717382887,4.387477241451729e-11,bidisperse_a0.005_sr1.250_N1000_L12_T100000_seed1.npz,bidisperse,1,0.005,1.25,0.37512100184804376
22000.0,0.7968244533468074,1,1.0,,0.40926778591643304,0.020155038759689936,5.066549485530161e-11,bidisperse_a0.005_sr1.250_N1000_L12_T100000_seed1.npz,bidisperse,1,0.005,1.25,0.37512100184804376
23000.0,0.7961641564889927,1,1.0,,0.48931353432976743,0.02399380804953566,4.044691903053629e-11,bidisperse_a0.005_sr1.250_N1000_L12_T100000_seed1.npz,bidisperse,1,0.005,1.25,0.37512100184804376
24000.0,0.7962572140884877,1,1.0,0.44132857947082,0.5462692549105739,0.020905923344947785,5.339485715523495e-11,bidisperse_a0.005_sr1.250_N1000_L12_T100000_seed1.npz,bidisperse,1,0.005,1.25,0.37512100184804376
25000.0,0.7956784939896748,1,1.0,,0.4301089209065396,0.02395672333848531,5.75296469790179e-11,bidisperse_a0.005_sr1.250_N1000_L12_T100000_seed1.npz,bidisperse,1,0.005,1.25,0.37512100184804376
26000.0,0.7987949459713464,1,1.0,,0.4240851723800595,0.02895752895752901,4.470216201876893e-11,bidisperse_a0.005_sr1.250_N1000_L12_T100000_seed1.npz,bidisperse,1,0.005,1.25,0.37512100184804376
27000.0,0.7990946559015764,1,1.0,,0.49363664180471173,0.019432568985619847,4.1567659266194726e-11,bidisperse_a0.005_sr1.250_N1000_L12_T100000_seed1.npz,bidisperse,1,0.005,1.25,0.37512100184804376
28000.0,0.7923722885504527,1,1.0,0.4398901447927666,0.4955961406230093,0.01903651903651904,4.4636031744373516e-11,bidisperse_a0.005_sr1.250_N1000_L12_T100000_seed1.npz,bidisperse,1,0.005,1.25,0.37512100184804376
29000.0,0.7948592650508209,1,1.0,,0.4100630032579251,0.019006982156710595,3.461535324070005e-11,bidisperse_a0.005_sr1.250_N1000_L12_T100000_seed1.npz,bidisperse,1,0.005,1.25,0.37512100184804376
30000.0,0.7942015805824604,1,1.0,,0.43513168039058847,0.02665121668597914,6.236754863788756e-11,bidisperse_a0.005_sr1.250_N1000_L12_T100000_seed1.npz,bidisperse,1,0.005,1.25,0.37512100184804376
31000.0,0.7968043829296424,1,1.0,,0.4631463409291697,0.022101589763474205,5.551197236438941e-11,bidisperse_a0.005_sr1.250_N1000_L12_T100000_seed1.npz,bidisperse,1,0.005,1.25,0.37512100184804376
32000.0,0.7986641484273402,1,1.0,0.4384426815340545,0.4909368121228678,0.02169701666020918,5.865611759159365e-11,bidisperse_a0.005_sr1.250_N1000_L12_T100000_seed1.npz,bidisperse,1,0.005,1.25,0.37512100184804376
33000.0,0.7960670511341792,1,1.0,,0.4677342720968521,0.019394879751745586,5.376013725039415e-11,bidisperse_a0.005_sr1.250_N1000_L12_T100000_seed1.npz,bidisperse,1,0.005,1.25,0.37512100184804376
34000.0,0.7958629642507934,1,1.0,,0.46502055295933603,0.02436194895591648,4.7268208413475795e-11,bidisperse_a0.005_sr1.250_N1000_L12_T100000_seed1.npz,bidisperse,1,0.005,1.25,0.37512100184804376
35000.0,0.7946905770629219,1,1.0,,0.4460257826395929,0.020526723470178143,4.641406447275916e-11,bidisperse_a0.005_sr1.250_N1000_L12_T100000_seed1.npz,bidisperse,1,0.005,1.25,0.37512100184804376
36000.0,0.7976493181883685,1,1.0,0.4407932229491636,0.38290015527506815,0.023228803716608626,5.173062076777517e-11,bidisperse_a0.005_sr1.250_N1000_L12_T100000_seed1.npz,bidisperse,1,0.005,1.25,0.37512100184804376
37000.0,0.7952405972709969,1,1.0,,0.46761055645190597,0.02130131680867542,3.854514107392278e-11,bidisperse_a0.005_sr1.250_N1000_L12_T100000_seed1.npz,bidisperse,1,0.005,1.25,0.37512100184804376
38000.0,0.7989955130930738,1,1.0,,0.4434525759905401,0.023228803716608626,4.688389082504932e-11,bidisperse_a0.005_sr1.250_N1000_L12_T100000_seed1.npz,bidisperse,1,0.005,1.25,0.37512100184804376
39000.0,0.7978553848030941,1,1.0,,0.5271142383265449,0.025541795665634637,5.819343796305952e-11,bidisperse_a0.005_sr1.250_N1000_L12_T100000_seed1.npz,bidisperse,1,0.005,1.25,0.37512100184804376
40000.0,0.7944104095100372,1,1.0,0.4378466083796832,0.4129151619116331,0.021284829721362253,4.7916447268987405e-11,bidisperse_a0.005_sr1.250_N1000_L12_T100000_seed1.npz,bidisperse,1,0.005,1.25,0.37512100184804376
41000.0,0.7973794029474149,1,1.0,,0.5328464347497115,0.02281515854601701,4.8310300163370146e-11,bidisperse_a0.005_sr1.250_N1000_L12_T100000_seed1.npz,bidisperse,1,0.005,1.25,0.37512100184804376
42000.0,0.7949013687760608,1,1.0,,0.3590964308424453,0.022067363530778206,4.872441861222267e-11,bidisperse_a0.005_sr1.250_N1000_L12_T100000_seed1.npz,bidisperse,1,0.005,1.25,0.37512100184804376
43000.0,0.7952960341522631,1,1.0,,0.4772784166659159,0.02051083591331271,3.9735146194085374e-11,bidisperse_a0.005_sr1.250_N1000_L12_T100000_seed1.npz,bidisperse,1,0.005,1.25,0.37512100184804376
44000.0,0.7978552864282968,1,1.0,0.4411744969883378,0.43646022167020565,0.020542635658914676,4.9554047167142715e-11,bidisperse_a0.005_sr1.250_N1000_L12_T100000_seed1.npz,bidisperse,1,0.005,1.25,0.37512100184804376
45000.0,0.7951310059977321,1,1.0,,0.4775697513272974,0.023228803716608626,5.0055728944985913e-11,bidisperse_a0.005_sr1.250_N1000_L12_T100000_seed1.npz,bidisperse,1,0.005,1.25,0.37512100184804376
46000.0,0.7987053642879963,1,1.0,,0.4295548150680311,0.02091402013942678,5.687140666273204e-11,bidisperse_a0.005_sr1.250_N1000_L12_T100000_seed1.npz,bidisperse,1,0.005,1.25,0.37512100184804376
47000.0,0.7944391282407938,1,1.0,,0.4120709033910762,0.023606811145510886,4.6297201211535354e-11,bidisperse_a0.005_sr1.250_N1000_L12_T100000_seed1.npz,bidisperse,1,0.005,1.25,0.37512100184804376
48000.0,0.7970469831196342,1,1.0,0.43930447588548033,0.4872583780877902,0.025522041763341052,5.128758960444574e-11,bidisperse_a0.005_sr1.250_N1000_L12_T100000_seed1.npz,bidisperse,1,0.005,1.25,0.37512100184804376
49000.0,0.7956607668966328,1,1.0,,0.4335499482017135,0.022832817337461342,3.9677148017109495e-11,bidisperse_a0.005_sr1.250_N1000_L12_T100000_seed1.npz,bidisperse,1,0.005,1.25,0.37512100184804376
50000.0,0.7948750109124094,1,1.0,,0.39120393046382307,0.016692546583850887,3.704003028430462e-11,bidisperse_a0.005_sr1.250_N1000_L12_T100000_seed1.npz,bidisperse,1,0.005,1.25,0.37512100184804376
51000.0,0.7997891133133306,1,1.0,,0.4288333708327911,0.020590520590520578,5.301634141806843e-11,bidisperse_a0.005_sr1.250_N1000_L12_T100000_seed1.npz,bidisperse,1,0.005,1.25,0.37512100184804376
52000.0,0.7981734717416379,1,1.0,0.44148622324746895,0.511064783743085,0.019447685725398678,3.9137466771356117e-11,bidisperse_a0.005_sr1.250_N1000_L12_T100000_seed1.npz,bidisperse,1,0.005,1.25,0.37512100184804376
53000.0,0.7957423941633791,1,1.0,,0.49918403972694275,0.01979813664596275,4.5634411015708536e-11,bidisperse_a0.005_sr1.250_N1000_L12_T100000_seed1.npz,bidisperse,1,0.005,1.25,0.37512100184804376
54000.0,0.7918686979872193,1,1.0,,0.48660002600185437,0.022084463386284336,4.407433421811613e-11,bidisperse_a0.005_sr1.250_N1000_L12_T100000_seed1.npz,bidisperse,1,0.005,1.25,0.37512100184804376
55000.0,0.7979833115367566,1,1.0,,0.4148234430335445,0.020147229755908547,6.210329937908716e-11,bidisperse_a0.005_sr1.250_N1000_L12_T100000_seed1.npz,bidisperse,1,0.005,1.25,0.37512100184804376
56000.0,0.7944823943137947,1,1.0,0.44116509602127546,0.4030646327650786,0.031213872832369982,6.849133183915114e-11,bidisperse_a0.005_sr1.250_N1000_L12_T100000_seed1.npz,bidisperse,1,0.005,1.25,0.37512100184804376
57000.0,0.7975509865026876,1,1.0,,0.4018199222312157,0.025908739365815947,4.601803563525247e-11,bidisperse_a0.005_sr1.250_N1000_L12_T100000_seed1.npz,bidisperse,1,0.005,1.25,0.37512100184804376
58000.0,0.7941164090262318,1,1.0,,0.397105249617346,0.023219814241486114,5.3308951662748904e-11,bidisperse_a0.005_sr1.250_N1000_L12_T100000_seed1.npz,bidisperse,1,0.005,1.25,0.37512100184804376
59000.0,0.7944784211913016,1,1.0,,0.4177039549882116,0.024719969100038597,5.5842023688848e-11,bidisperse_a0.005_sr1.250_N1000_L12_T100000_seed1.npz,bidisperse,1,0.005,1.25,0.37512100184804376
60000.0,0.7956144310625125,1,1.0,0.43809045083308434,0.4767607597425253,0.0274237157203554,6.454230716379735e-11,bidisperse_a0.005_sr1.250_N1000_L12_T100000_seed1.npz,bidisperse,1,0.005,1.25,0.37512100184804376
61000.0,0.7951038442369692,1,1.0,,0.4734159464443368,0.019447685725398678,4.15578818014894e-11,bidisperse_a0.005_sr1.250_N1000_L12_T100000_seed1.npz,bidisperse,1,0.005,1.25,0.37512100184804376
62000.0,0.7970722198486329,1,1.0,,0.4595522016791839,0.028968713789107814,4.3295656623896545e-11,bidisperse_a0.005_sr1.250_N1000_L12_T100000_seed1.npz,bidisperse,1,0.005,1.25,0.37512100184804376
63000.0,0.7962089722301816,1,1.0,,0.4725483990618958,0.026995757809487042,5.3006816159850104e-11,bidisperse_a0.005_sr1.250_N1000_L12_T100000_seed1.npz,bidisperse,1,0.005,1.25,0.37512100184804376
64000.0,0.7941695498843004,1,1.0,0.44349635101459595,0.4648427253491102,0.02172226532195498,5.076146993844123e-11,bidisperse_a0.005_sr1.250_N1000_L12_T100000_seed1.npz,bidisperse,1,0.005,1.25,0.37512100184804376
65000.0,0.7956617666501877,1,1.0,,0.4002531826895329,0.024466019417475726,5.3968397784361984e-11,bidisperse_a0.005_sr1.250_N1000_L12_T100000_seed1.npz,bidisperse,1,0.005,1.25,0.37512100184804376
66000.0,0.7944660026282724,1,1.0,,0.4246295860957518,0.02518403719488571,5.60657220063908e-11,bidisperse_a0.005_sr1.250_N1000_L12_T100000_seed1.npz,bidisperse,1,0.005,1.25,0.37512100184804376
67000.0,0.7918116200244415,1,1.0,,0.3911510900897964,0.027027027027026973,5.731241212592278e-11,bidisperse_a0.005_sr1.250_N1000_L12_T100000_seed1.npz,bidisperse,1,0.005,1.25,0.37512100184804376
68000.0,0.7957825244648931,1,1.0,0.43935797034453344,0.4257185356090352,0.019767441860465085,4.1428031321650054e-11,bidisperse_a0.005_sr1.250_N1000_L12_T100000_seed1.npz,bidisperse,1,0.005,1.25,0.37512100184804376
69000.0,0.792746775820984,1,1.0,,0.45544428102932843,0.020534676481983705,3.713486917948257e-11,bidisperse_a0.005_sr1.250_N1000_L12_T100000_seed1.npz,bidisperse,1,0.005,1.25,0.37512100184804376
70000.0,0.7963304489195271,1,1.0,,0.4615843672715214,0.021688613477924057,4.5179408795120365e-11,bidisperse_a0.005_sr1.250_N1000_L12_T100000_seed1.npz,bidisperse,1,0.005,1.25,0.37512100184804376
71000.0,0.7977277374267578,1,1.0,,0.3705729028956296,0.02549246813441486,4.067489556756817e-11,bidisperse_a0.005_sr1.250_N1000_L12_T100000_seed1.npz,bidisperse,1,0.005,1.25,0.37512100184804376
72000.0,0.7942237030187113,1,1.0,0.4394091538201626,0.4919131882932502,0.026244693168660738,5.097799294324379e-11,bidisperse_a0.005_sr1.250_N1000_L12_T100000_seed1.npz,bidisperse,1,0.005,1.25,0.37512100184804376
73000.0,0.7922291521146025,1,1.0,,0.42230145064811775,0.02546296296296291,4.513066272688487e-11,bidisperse_a0.005_sr1.250_N1000_L12_T100000_seed1.npz,bidisperse,1,0.005,1.25,0.37512100184804376
74000.0,0.7962375591216642,1,1.0,,0.429125140998658,0.01970633693972179,4.6399544975329964e-11,bidisperse_a0.005_sr1.250_N1000_L12_T100000_seed1.npz,bidisperse,1,0.005,1.25,0.37512100184804376
75000.0,0.7963480705101619,1,1.0,,0.4022307955646324,0.026254826254826225,4.4146823088594493e-11,bidisperse_a0.005_sr1.250_N1000_L12_T100000_seed1.npz,bidisperse,1,0.005,1.25,0.37512100184804376
76000.0,0.7958551386379935,1,1.0,0.43997998758735474,0.4692133934876156,0.02899110939311944,5.1732970829875865e-11,bidisperse_a0.005_sr1.250_N1000_L12_T100000_seed1.npz,bidisperse,1,0.005,1.25,0.37512100184804376
77000.0,0.7960822538266744,1,1.0,,0.38054827175353206,0.02438080495356032,5.0151181585804275e-11,bidisperse_a0.005_sr1.250_N1000_L12_T100000_seed1.npz,bidisperse,1,0.005,1.25,0.37512100184804376
78000.0,0.7948829123406347,1,1.0,,0.43606378103518983,0.019379844961240345,4.4678476970546006e-11,bidisperse_a0.005_sr1.250_N1000_L12_T100000_seed1.npz,bidisperse,1,0.005,1.25,0.37512100184804376
79000.0,0.7951860658717648,1,1.0,,0.4267211944020078,0.02168021680216803,4.112788048593645e-11,bidisperse_a0.005_sr1.250_N1000_L12_T100000_seed1.npz,bidisperse,1,0.005,1.25,0.37512100184804376
80000.0,0.7935403893214257,1,1.0,0.44012614841395364,0.4581463272797429,0.023201856148491906,3.9973034195959054e-11,bidisperse_a0.005_sr1.250_N1000_L12_T100000_seed1.npz,bidisperse,1,0.005,1.25,0.37512100184804376
81000.0,0.797495113790781,1,1.0,,0.482142402209913,0.01862630966239809,3.7649661885342646e-11,bidisperse_a0.005_sr1.250_N1000_L12_T100000_seed1.npz,bidisperse,1,0.005,1.25,0.37512100184804376
82000.0,0.7965727000126378,1,1.0,,0.4055339739724814,0.022463206816421333,4.428351329072068e-11,bidisperse_a0.005_sr1.250_N1000_L12_T100000_seed1.npz,bidisperse,1,0.005,1.25,0.37512100184804376
83000.0,0.7973786896793079,1,1.0,,0.480035035576227,0.025512176265945152,5.7369624656625296e-11,bidisperse_a0.005_sr1.250_N1000_L12_T100000_seed1.npz,bidisperse,1,0.005,1.25,0.37512100184804376
84000.0,0.7956442878273973,1,1.0,0.44070727346157784,0.47882039718510366,0.022463206816421333,3.8416393830402636e-11,bidisperse_a0.005_sr1.250_N1000_L12_T100000_seed1.npz,bidisperse,1,0.005,1.25,0.37512100184804376
85000.0,0.794834748569533,1,1.0,,0.4461389424430475,0.023975251353441585,5.155855663989228e-11,bidisperse_a0.005_sr1.250_N1000_L12_T100000_seed1.npz,bidisperse,1,0.005,1.25,0.37512100184804376
86000.0,0.7933569728228526,1,1.0,,0.4213834000322972,0.02281515854601701,5.927315972140179e-11,bidisperse_a0.005_sr1.250_N1000_L12_T100000_seed1.npz,bidisperse,1,0.005,1.25,0.37512100184804376
87000.0,0.7977829296424452,1,1.0,,0.4458618751543,0.01862630966239809,4.962914805580625e-11,bidisperse_a0.005_sr1.250_N1000_L12_T100000_seed1.npz,bidisperse,1,0.005,1.25,0.37512100184804376
88000.0,0.7927177417670305,1,1.0,0.438763289366936,0.4565888902693299,0.01975978302983339,5.2563083824956414e-11,bidisperse_a0.005_sr1.250_N1000_L12_T100000_seed1.npz,bidisperse,1,0.005,1.25,0.37512100184804376
89000.0,0.7966304011359951,1,1.0,,0.36930209499219663,0.021284829721362253,5.99565295457838e-11,bidisperse_a0.005_sr1.250_N1000_L12_T100000_seed1.npz,bidisperse,1,0.005,1.25,0.37512100184804376
90000.0,0.7961109631644595,1,1.0,,0.47247778461347645,0.02591876208897481,6.809858589146156e-11,bidisperse_a0.005_sr1.250_N1000_L12_T100000_seed1.npz,bidisperse,1,0.005,1.25,0.37512100184804376
91000.0,0.7976578674254464,1,1.0,,0.45305244317868526,0.023228803716608626,5.246715704304016e-11,bidisperse_a0.005_sr1.250_N1000_L12_T100000_seed1.npz,bidisperse,1,0.005,1.25,0.37512100184804376
92000.0,0.7987296748278103,1,1.0,0.4405489286550465,0.46723485678336313,0.02357943563973719,4.71715411601496e-11,bidisperse_a0.005_sr1.250_N1000_L12_T100000_seed1.npz,bidisperse,1,0.005,1.25,0.37512100184804376
93000.0,0.7974023836985775,1,1.0,,0.4366309834282499,0.023219814241486114,5.7937891184605484e-11,bidisperse_a0.005_sr1.250_N1000_L12_T100000_seed1.npz,bidisperse,1,0.005,1.25,0.37512100184804376
94000.0,0.7967018334323224,1,1.0,,0.4869708692914004,0.023264831329972813,4.232043137750683e-11,bidisperse_a0.005_sr1.250_N1000_L12_T100000_seed1.npz,bidisperse,1,0.005,1.25,0.37512100184804376
95000.0,0.7968381317039844,1,1.0,,0.4893196036868783,0.0190587320108907,4.453343247045639e-11,bidisperse_a0.005_sr1.250_N1000_L12_T100000_seed1.npz,bidisperse,1,0.005,1.25,0.37512100184804376
96000.0,0.7978047517049678,1,1.0,0.44302895439758316,0.5098584474114956,0.020970873786407718,6.476828695177651e-11,bidisperse_a0.005_sr1.250_N1000_L12_T100000_seed1.npz,bidisperse,1,0.005,1.25,0.37512100184804376
97000.0,0.7991280998934118,1,1.0,,0.5115195578849422,0.02245451025938827,7.273288788160002e-11,bidisperse_a0.005_sr1.250_N1000_L12_T100000_seed1.npz,bidisperse,1,0.005,1.25,0.37512100184804376
98000.0,0.7942118835449219,1,1.0,,0.5613584130475562,0.019736842105263164,5.3026356443804455e-11,bidisperse_a0.005_sr1.250_N1000_L12_T100000_seed1.npz,bidisperse,1,0.005,1.25,0.37512100184804376
99000.0,0.7973264564498455,1,1.0,,0.5235205549113539,0.02395672333848531,3.549109573338116e-11,bidisperse_a0.005_sr1.250_N1000_L12_T100000_seed1.npz,bidisperse,1,0.005,1.25,0.37512100184804376
100000.0,0.7955510346054415,1,1.0,0.4400685182728639,0.47924146373635246,0.021671826625387025,4.282702174347138e-11,bidisperse_a0.005_sr1.250_N1000_L12_T100000_seed1.npz,bidisperse,1,0.005,1.25,0.37512100184804376
0.0,0.9471399754325883,20,0.495,0.5137506528544392,,,,bidisperse_a0.005_sr1.250_N1000_L12_T100000_seed2.npz,bidisperse,2,0.005,1.25,0.45013923743571616
1000.0,0.799260875359912,1,1.0,,0.31013684971128475,0.6334424278488545,2.6655342593574633e-08,bidisperse_a0.005_sr1.250_N1000_L12_T100000_seed2.npz,bidisperse,2,0.005,1.25,0.45013923743571616
2000.0,0.7986057038690875,1,1.0,,0.36267532706849487,0.10571216617210677,1.2792261362254993e-09,bidisperse_a0.005_sr1.250_N1000_L12_T100000_seed2.npz,bidisperse,2,0.005,1.25,0.45013923743571616
3000.0,0.7996034725930541,1,1.0,,0.4262564644716439,0.05084097859327219,1.9069774345523784e-10,bidisperse_a0.005_sr1.250_N1000_L12_T100000_seed2.npz,bidisperse,2,0.005,1.25,0.45013923743571616
4000.0,0.7961710357666015,1,1.0,0.4411450703938802,0.4631803493114244,0.054878048780487854,3.0528175890483576e-10,bidisperse_a0.005_sr1.250_N1000_L12_T100000_seed2.npz,bidisperse,2,0.005,1.25,0.45013923743571616
5000.0,0.7976280833022262,1,1.0,,0.487579843247236,0.02967244701348748,6.747386702678842e-11,bidisperse_a0.005_sr1.250_N1000_L12_T100000_seed2.npz,bidisperse,2,0.005,1.25,0.45013923743571616
6000.0,0.7984866422721739,1,1.0,,0.498703308887668,0.02775636083269084,6.42053414264216e-11,bidisperse_a0.005_sr1.250_N1000_L12_T100000_seed2.npz,bidisperse,2,0.005,1.25,0.45013923743571616
7000.0,0.7998760492307224,1,0.999,,0.46240854620824084,0.02617397998460358,6.153255768730449e-11,bidisperse_a0.005_sr1.250_N1000_L12_T100000_seed2.npz,bidisperse,2,0.005,1.25,0.45013923743571616
8000.0,0.7958098352870892,1,1.0,0.44217104969216053,0.5015711734338916,0.03001154290111585,6.651541371204167e-11,bidisperse_a0.005_sr1.250_N1000_L12_T100000_seed2.npz,bidisperse,2,0.005,1.25,0.45013923743571616
9000.0,0.7973073524731162,1,1.0,,0.5352689983824236,0.03384615384615386,6.517696807501849e-11,bidisperse_a0.005_sr1.250_N1000_L12_T100000_seed2.npz,bidisperse,2,0.005,1.25,0.45013923743571616
10000.0,0.7993534015931619,1,1.0,,0.5087713562586367,0.03114186851211076,5.4564098795997555e-11,bidisperse_a0.005_sr1.250_N1000_L12_T100000_seed2.npz,bidisperse,2,0.005,1.25,0.45013923743571616
11000.0,0.7995191328865268,1,1.0,,0.4738389951329012,0.0326797385620915,6.258847031521516e-11,bidisperse_a0.005_sr1.250_N1000_L12_T100000_seed2.npz,bidisperse,2,0.005,1.25,0.45013923743571616
12000.0,0.7959778823517272,1,1.0,0.43722636661709785,0.4335338356032349,0.027734976887519247,6.621272061969134e-11,bidisperse_a0.005_sr1.250_N1000_L12_T100000_seed2.npz,bidisperse,2,0.005,1.25,0.45013923743571616
13000.0,0.7974454498291016,1,1.0,,0.4696236061864861,0.02807692307692311,5.028347649544541e-11,bidisperse_a0.005_sr1.250_N1000_L12_T100000_seed2.npz,bidisperse,2,0.005,1.25,0.45013923743571616
14000.0,0.7929921095016883,1,1.0,,0.5429529769059596,0.031514219830899304,5.951147749720485e-11,bidisperse_a0.005_sr1.250_N1000_L12_T100000_seed2.npz,bidisperse,2,0.005,1.25,0.45013923743571616
15000.0,0.7960387469936315,1,1.0,,0.4069678401638704,0.03675344563552829,4.876085583738706e-11,bidisperse_a0.005_sr1.250_N1000_L12_T100000_seed2.npz,bidisperse,2,0.005,1.25,0.45013923743571616
16000.0,0.7973628719248839,1,1.0,0.4392452270732832,0.48135977296124405,0.02657935285053925,4.590559631919616e-11,bidisperse_a0.005_sr1.250_N1000_L12_T100000_seed2.npz,bidisperse,2,0.005,1.25,0.45013923743571616
17000.0,0.8006199366221751,1,1.0,,0.5599909630142534,0.028527370855821133,4.7982372530720417e-11,bidisperse_a0.005_sr1.250_N1000_L12_T100000_seed2.npz,bidisperse,2,0.005,1.25,0.45013923743571616
18000.0,0.7960369088811996,1,1.0,,0.44892698170195056,0.0274237157203554,4.9938050245549744e-11,bidisperse_a0.005_sr1.250_N1000_L12_T100000_seed2.npz,bidisperse,2,0.005,1.25,0.45013923743571616
19000.0,0.7968824257046457,1,1.0,,0.3891815629445269,0.031201848998459125,6.102643598353098e-11,bidisperse_a0.005_sr1.250_N1000_L12_T100000_seed2.npz,bidisperse,2,0.005,1.25,0.45013923743571616
20000.0,0.7962442560126565,1,1.0,0.4376699813734953,0.4475794709588421,0.03191080353710107,6.045802363783422e-11,bidisperse_a0.005_sr1.250_N1000_L12_T100000_seed2.npz,bidisperse,2,0.005,1.25,0.45013923743571616
21000.0,0.7961107266435986,1,1.0,,0.41855672405959793,0.029320987654321007,5.7954929175096797e-11,bidisperse_a0.005_sr1.250_N1000_L12_T100000_seed2.npz,bidisperse,2,0.005,1.25,0.45013923743571616
22000.0,0.795762470488139,1,1.0,,0.4039245180290213,0.030431432973805905,7.321158922144056e-11,bidisperse_a0.005_sr1.250_N1000_L12_T100000_seed2.npz,bidisperse,2,0.005,1.25,0.45013923743571616
23000.0,0.7990818547699018,1,1.0,,0.3978506502349649,0.0346153846153846,6.60618541027965e-11,bidisperse_a0.005_sr1.250_N1000_L12_T100000_seed2.npz,bidisperse,2,0.005,1.25,0.45013923743571616
24000.0,0.7962271708507668,1,1.0,0.4375210831336305,0.4916749342636772,0.030852294639413858,5.4393308876878906e-11,bidisperse_a0.005_sr1.250_N1000_L12_T100000_seed2.npz,bidisperse,2,0.005,1.25,0.45013923743571616
25000.0,0.7999858430538221,1,1.0,,0.4282701309409463,0.027402547279042788,6.490727488930697e-11,bidisperse_a0.005_sr1.250_N1000_L12_T100000_seed2.npz,bidisperse,2,0.005,1.25,0.45013923743571616
26000.0,0.7966188339820313,1,1.0,,0.4890748208235587,0.02626496716879101,5.1074260215878787e-11,bidisperse_a0.005_sr1.250_N1000_L12_T100000_seed2.npz,bidisperse,2,0.005,1.25,0.45013923743571616
27000.0,0.7995576378705229,1,1.0,,0.4211936579849723,0.03192307692307694,6.864474842326158e-11,bidisperse_a0.005_sr1.250_N1000_L12_T100000_seed2.npz,bidisperse,2,0.005,1.25,0.45013923743571616
28000.0,0.8009742416124637,1,1.0,0.43538704798507744,0.468320882620824,0.02539438245479031,5.011892694077015e-11,bidisperse_a0.005_sr1.250_N1000_L12_T100000_seed2.npz,bidisperse,2,0.005,1.25,0.45013923743571616
29000.0,0.795316445791492,1,1.0,,0.4367102565016665,0.031082118188795138,5.702886628816771e-11,bidisperse_a0.005_sr1.250_N1000_L12_T100000_seed2.npz,bidisperse,2,0.005,1.25,0.45013923743571616
30000.0,0.7967447123971868,1,1.0,,0.4445356129304006,0.03076923076923077,7.442712014773353e-11,bidisperse_a0.005_sr1.250_N1000_L12_T100000_seed2.npz,bidisperse,2,0.005,1.25,0.45013923743571616
31000.0,0.7952199957101335,1,1.0,,0.5550187931728815,0.03187403993855609,5.875767109628039e-11,bidisperse_a0.005_sr1.250_N1000_L12_T100000_seed2.npz,bidisperse,2,0.005,1.25,0.45013923743571616
32000.0,0.795753173828125,1,1.0,0.43847287495930987,0.43633253864531696,0.027339237581825215,6.622878735775745e-11,bidisperse_a0.005_sr1.250_N1000_L12_T100000_seed2.npz,bidisperse,2,0.005,1.25,0.45013923743571616
33000.0,0.7993093022309243,1,1.0,,0.5232343086092285,0.02997694081475788,7.38063986607888e-11,bidisperse_a0.005_sr1.250_N1000_L12_T100000_seed2.npz,bidisperse,2,0.005,1.25,0.45013923743571616
34000.0,0.7992490523137548,1,1.0,,0.4887090226815198,0.028505392912172578,6.127726970674635e-11,bidisperse_a0.005_sr1.250_N1000_L12_T100000_seed2.npz,bidisperse,2,0.005,1.25,0.45013923743571616
35000.0,0.7922411408858986,1,1.0,,0.4409541700712511,0.0280877260484802,5.0764839776432173e-11,bidisperse_a0.005_sr1.250_N1000_L12_T100000_seed2.npz,bidisperse,2,0.005,1.25,0.45013923743571616
36000.0,0.7954657273463059,1,1.0,0.4406515205058346,0.5017820764558407,0.027639155470249532,4.860983171254994e-11,bidisperse_a0.005_sr1.250_N1000_L12_T100000_seed2.npz,bidisperse,2,0.005,1.25,0.45013923743571616
37000.0,0.7957606368680723,1,1.0,,0.4423984455183468,0.030733768728390287,5.538227600017893e-11,bidisperse_a0.005_sr1.250_N1000_L12_T100000_seed2.npz,bidisperse,2,0.005,1.25,0.45013923743571616
38000.0,0.7927280521494317,1,0.999,,0.3896894259670291,0.033768227168073706,7.348511946677991e-11,bidisperse_a0.005_sr1.250_N1000_L12_T100000_seed2.npz,bidisperse,2,0.005,1.25,0.45013923743571616
39000.0,0.7971847594797576,1,1.0,,0.3739877975590375,0.028516377649325575,5.262302458352422e-11,bidisperse_a0.005_sr1.250_N1000_L12_T100000_seed2.npz,bidisperse,2,0.005,1.25,0.45013923743571616
40000.0,0.797295075873223,1,1.0,0.4398327159105751,0.4951168697621662,0.027381411492479746,5.2870962048310476e-11,bidisperse_a0.005_sr1.250_N1000_L12_T100000_seed2.npz,bidisperse,2,0.005,1.25,0.45013923743571616
41000.0,0.7974695876932895,1,1.0,,0.4744677620393711,0.021235521235521193,3.8624644296705495e-11,bidisperse_a0.005_sr1.250_N1000_L12_T100000_seed2.npz,bidisperse,2,0.005,1.25,0.45013923743571616
42000.0,0.7930022622121734,1,1.0,,0.41507604071082466,0.031861804222648726,6.071610267310355e-11,bidisperse_a0.005_sr1.250_N1000_L12_T100000_seed2.npz,bidisperse,2,0.005,1.25,0.45013923743571616
43000.0,0.7951410800977813,1,1.0,,0.3489075751659285,0.02960399846212991,7.786903847026851e-11,bidisperse_a0.005_sr1.250_N1000_L12_T100000_seed2.npz,bidisperse,2,0.005,1.25,0.45013923743571616
44000.0,0.7971121961126262,1,1.0,0.4407618497569877,0.4564236473000922,0.028483448806774447,4.8697480857923675e-11,bidisperse_a0.005_sr1.250_N1000_L12_T100000_seed2.npz,bidisperse,2,0.005,1.25,0.45013923743571616
45000.0,0.7972098908145718,1,1.0,,0.468735379092974,0.025077160493827133,3.095191679213013e-11,bidisperse_a0.005_sr1.250_N1000_L12_T100000_seed2.npz,bidisperse,2,0.005,1.25,0.45013923743571616
46000.0,0.7956373394074138,1,1.0,,0.37933353412893406,0.034946236559139754,6.730093035742305e-11,bidisperse_a0.005_sr1.250_N1000_L12_T100000_seed2.npz,bidisperse,2,0.005,1.25,0.45013923743571616
47000.0,0.7986761221618911,1,1.0,,0.45181448959255915,0.03490602224779438,6.611029464510836e-11,bidisperse_a0.005_sr1.250_N1000_L12_T100000_seed2.npz,bidisperse,2,0.005,1.25,0.45013923743571616
48000.0,0.798724365234375,1,1.0,0.4380810292561848,0.522579304388557,0.029230769230769282,6.929915952510023e-11,bidisperse_a0.005_sr1.250_N1000_L12_T100000_seed2.npz,bidisperse,2,0.005,1.25,0.45013923743571616
49000.0,0.7990614222852845,1,1.0,,0.4149569012752749,0.022385179467387162,5.159070006540243e-11,bidisperse_a0.005_sr1.250_N1000_L12_T100000_seed2.npz,bidisperse,2,0.005,1.25,0.45013923743571616
50000.0,0.797933162631067,1,1.0,,0.4390289453387557,0.02927580893682591,7.399145614878814e-11,bidisperse_a0.005_sr1.250_N1000_L12_T100000_seed2.npz,bidisperse,2,0.005,1.25,0.45013923743571616
51000.0,0.7991876911851586,1,1.0,,0.4913012894798094,0.02431493631802395,4.9600260867637005e-11,bidisperse_a0.005_sr1.250_N1000_L12_T100000_seed2.npz,bidisperse,2,0.005,1.25,0.45013923743571616
52000.0,0.7972104820717034,1,1.0,0.4411700088084293,0.46175322006113906,0.034151957022256374,4.926922365706634e-11,bidisperse_a0.005_sr1.250_N1000_L12_T100000_seed2.npz,bidisperse,2,0.005,1.25,0.45013923743571616
53000.0,0.8001381590687355,1,1.0,,0.43347712635314917,0.03385917660638704,5.652051305023597e-11,bidisperse_a0.005_sr1.250_N1000_L12_T100000_seed2.npz,bidisperse,2,0.005,1.25,0.45013923743571616
54000.0,0.794643261255431,1,1.0,,0.3827693344539816,0.030466640956421154,5.865692630561363e-11,bidisperse_a0.005_sr1.250_N1000_L12_T100000_seed2.npz,bidisperse,2,0.005,1.25,0.45013923743571616
55000.0,0.7937818709407571,1,1.0,,0.43992702353967134,0.03460207612456745,6.765386183749687e-11,bidisperse_a0.005_sr1.250_N1000_L12_T100000_seed2.npz,bidisperse,2,0.005,1.25,0.45013923743571616
56000.0,0.7998223922201491,1,1.0,0.43987458305862,0.42504282278722216,0.028483448806774447,4.934328390470464e-11,bidisperse_a0.005_sr1.250_N1000_L12_T100000_seed2.npz,bidisperse,2,0.005,1.25,0.45013923743571616
57000.0,0.7933307699220157,1,1.0,,0.4293618594718629,0.029626779530588676,5.786954866519244e-11,bidisperse_a0.005_sr1.250_N1000_L12_T100000_seed2.npz,bidisperse,2,0.005,1.25,0.45013923743571616
58000.0,0.7976542711153812,1,1.0,,0.3997665284502795,0.026943802925327165,6.400570556435088e-11,bidisperse_a0.005_sr1.250_N1000_L12_T100000_seed2.npz,bidisperse,2,0.005,1.25,0.45013923743571616
59000.0,0.7993922018905096,1,1.0,,0.45482817913147977,0.03669724770642202,6.257715111773953e-11,bidisperse_a0.005_sr1.250_N1000_L12_T100000_seed2.npz,bidisperse,2,0.005,1.25,0.45013923743571616
60000.0,0.795011461570676,1,1.0,0.4380400163106968,0.4838534075967522,0.03452243958573076,5.17101012603448e-11,bidisperse_a0.005_sr1.250_N1000_L12_T100000_seed2.npz,bidisperse,2,0.005,1.25,0.45013923743571616
61000.0,0.7960695017098104,1,1.0,,0.46857183779691025,0.02086553323029361,4.97322512075853e-11,bidisperse_a0.005_sr1.250_N1000_L12_T100000_seed2.npz,bidisperse,2,0.005,1.25,0.45013923743571616
62000.0,0.7940267192989936,1,1.0,,0.3903917896481395,0.025858741798533424,6.480934843424601e-11,bidisperse_a0.005_sr1.250_N1000_L12_T100000_seed2.npz,bidisperse,2,0.005,1.25,0.45013923743571616
63000.0,0.7958997666787153,1,1.0,,0.37686763551856567,0.03008098727342845,6.601203916055648e-11,bidisperse_a0.005_sr1.250_N1000_L12_T100000_seed2.npz,bidisperse,2,0.005,1.25,0.45013923743571616
64000.0,0.7931192453690246,1,1.0,0.44009303085204343,0.4502103865958846,0.02734976887519258,6.9078137130593e-11,bidisperse_a0.005_sr1.250_N1000_L12_T100000_seed2.npz,bidisperse,2,0.005,1.25,0.45013923743571616
65000.0,0.7939830959593446,1,1.0,,0.4253948198114579,0.029649595687331498,6.50274184263265e-11,bidisperse_a0.005_sr1.250_N1000_L12_T100000_seed2.npz,bidisperse,2,0.005,1.25,0.45013923743571616
66000.0,0.7942989623062664,1,1.0,,0.44367172819085987,0.03339731285988479,6.204721995646882e-11,bidisperse_a0.005_sr1.250_N1000_L12_T100000_seed2.npz,bidisperse,2,0.005,1.25,0.45013923743571616
67000.0,0.7948845502284017,1,1.0,,0.47815807584588693,0.029547198772064465,6.633593043356403e-11,bidisperse_a0.005_sr1.250_N1000_L12_T100000_seed2.npz,bidisperse,2,0.005,1.25,0.45013923743571616
68000.0,0.7974442216016512,1,1.0,0.4405953760347326,0.42756106217309886,0.026123703419131727,5.592472976256461e-11,bidisperse_a0.005_sr1.250_N1000_L12_T100000_seed2.npz,bidisperse,2,0.005,1.25,0.45013923743571616
69000.0,0.8010336842827089,1,1.0,,0.4125481303602229,0.03034959661928549,5.782374316680337e-11,bidisperse_a0.005_sr1.250_N1000_L12_T100000_seed2.npz,bidisperse,2,0.005,1.25,0.45013923743571616
70000.0,0.7996373009474327,1,1.0,,0.5976656233840764,0.02546296296296291,5.08683749095748e-11,bidisperse_a0.005_sr1.250_N1000_L12_T100000_seed2.npz,bidisperse,2,0.005,1.25,0.45013923743571616
71000.0,0.7994663665351525,1,1.0,,0.5372446662750189,0.026224450443501746,4.2883255842211664e-11,bidisperse_a0.005_sr1.250_N1000_L12_T100000_seed2.npz,bidisperse,2,0.005,1.25,0.45013923743571616
72000.0,0.7968173077084594,1,1.0,0.4376050720770206,0.4613936147214663,0.03344867358708192,6.968271731166672e-11,bidisperse_a0.005_sr1.250_N1000_L12_T100000_seed2.npz,bidisperse,2,0.005,1.25,0.45013923743571616
73000.0,0.7995677947998047,1,1.0,,0.5720790595449688,0.0311538461538462,7.447447054393912e-11,bidisperse_a0.005_sr1.250_N1000_L12_T100000_seed2.npz,bidisperse,2,0.005,1.25,0.45013923743571616
74000.0,0.796604999972405,1,1.0,,0.43766481389248935,0.028527370855821133,8.283306101593163e-11,bidisperse_a0.005_sr1.250_N1000_L12_T100000_seed2.npz,bidisperse,2,0.005,1.25,0.45013923743571616
75000.0,0.7988356699583515,1,1.0,,0.5468056304921703,0.03490602224779438,6.867943468451068e-11,bidisperse_a0.005_sr1.250_N1000_L12_T100000_seed2.npz,bidisperse,2,0.005,1.25,0.45013923743571616
76000.0,0.797667182366806,1,1.0,0.4373450250437547,0.44231056468793134,0.03297546012269936,5.723526033964598e-11,bidisperse_a0.005_sr1.250_N1000_L12_T100000_seed2.npz,bidisperse,2,0.005,1.25,0.45013923743571616
77000.0,0.7962484632188891,1,1.0,,0.4609959263344555,0.02661010412649445,5.0735445869872514e-11,bidisperse_a0.005_sr1.250_N1000_L12_T100000_seed2.npz,bidisperse,2,0.005,1.25,0.45013923743571616
78000.0,0.7942803952556716,1,1.0,,0.4754397058238002,0.028152718858465153,5.984434216495685e-11,bidisperse_a0.005_sr1.250_N1000_L12_T100000_seed2.npz,bidisperse,2,0.005,1.25,0.45013923743571616
79000.0,0.7953873478106602,1,1.0,,0.4067136428965901,0.026275115919629055,4.2060267220980597e-11,bidisperse_a0.005_sr1.250_N1000_L12_T100000_seed2.npz,bidisperse,2,0.005,1.25,0.45013923743571616
80000.0,0.7960632787276055,1,1.0,0.43939076791705567,0.42059333315242614,0.03004622496147924,4.83951532580298e-11,bidisperse_a0.005_sr1.250_N1000_L12_T100000_seed2.npz,bidisperse,2,0.005,1.25,0.45013923743571616
81000.0,0.7982713877931225,1,1.0,,0.5435769587241706,0.02390131071703927,4.57017558164671e-11,bidisperse_a0.005_sr1.250_N1000_L12_T100000_seed2.npz,bidisperse,2,0.005,1.25,0.45013923743571616
82000.0,0.7985892371393751,1,1.0,,0.5290356691289553,0.02695417789757415,4.930343149267272e-11,bidisperse_a0.005_sr1.250_N1000_L12_T100000_seed2.npz,bidisperse,2,0.005,1.25,0.45013923743571616
83000.0,0.7984100730488274,1,1.0,,0.5707543729332223,0.030443159922928675,6.056172580694327e-11,bidisperse_a0.005_sr1.250_N1000_L12_T100000_seed2.npz,bidisperse,2,0.005,1.25,0.45013923743571616
84000.0,0.7989028989720048,1,1.0,0.438678615762349,0.45356643650220635,0.027016595908915475,5.900207285877414e-11,bidisperse_a0.005_sr1.250_N1000_L12_T100000_seed2.npz,bidisperse,2,0.005,1.25,0.45013923743571616
85000.0,0.7992893150542016,1,1.0,,0.4124545008305994,0.022359290670778686,5.2989130979693096e-11,bidisperse_a0.005_sr1.250_N1000_L12_T100000_seed2.npz,bidisperse,2,0.005,1.25,0.45013923743571616
86000.0,0.8012582318812894,1,1.0,,0.5702086801448619,0.02543352601156068,5.460920584252222e-11,bidisperse_a0.005_sr1.250_N1000_L12_T100000_seed2.npz,bidisperse,2,0.005,1.25,0.45013923743571616
87000.0,0.8005581685638874,1,1.0,,0.49716408417808505,0.025531914893617058,5.93686947062664e-11,bidisperse_a0.005_sr1.250_N1000_L12_T100000_seed2.npz,bidisperse,2,0.005,1.25,0.45013923743571616
88000.0,0.7912469933768795,1,1.0,0.4400941600264469,0.47042649351230487,0.031947652040030805,5.842668849976989e-11,bidisperse_a0.005_sr1.250_N1000_L12_T100000_seed2.npz,bidisperse,2,0.005,1.25,0.45013923743571616
89000.0,0.7936953323006697,1,1.0,,0.42573505893972224,0.030686612965094007,5.841008122493137e-11,bidisperse_a0.005_sr1.250_N1000_L12_T100000_seed2.npz,bidisperse,2,0.005,1.25,0.45013923743571616
90000.0,0.7971918116194227,1,1.0,,0.36630624173059184,0.02955854126679458,4.433449464181219e-11,bidisperse_a0.005_sr1.250_N1000_L12_T100000_seed2.npz,bidisperse,2,0.005,1.25,0.45013923743571616
91000.0,0.7967766214548738,1,1.0,,0.4273101046653628,0.02236791361357504,4.351063115393083e-11,bidisperse_a0.005_sr1.250_N1000_L12_T100000_seed2.npz,bidisperse,2,0.005,1.25,0.45013923743571616
92000.0,0.7989657260591712,1,1.0,0.44210879248941887,0.5145573351611785,0.028890600924499243,6.963256412772426e-11,bidisperse_a0.005_sr1.250_N1000_L12_T100000_seed2.npz,bidisperse,2,0.005,1.25,0.45013923743571616
93000.0,0.7960126473171903,1,1.0,,0.5283192297290169,0.028163580246913567,5.491410722410082e-11,bidisperse_a0.005_sr1.250_N1000_L12_T100000_seed2.npz,bidisperse,2,0.005,1.25,0.45013923743571616
94000.0,0.7987176920622177,1,1.0,,0.404479685094973,0.030396306271642914,8.400807817738314e-11,bidisperse_a0.005_sr1.250_N1000_L12_T100000_seed2.npz,bidisperse,2,0.005,1.25,0.45013923743571616
95000.0,0.7965432002765342,1,1.0,,0.4211780286630473,0.031105990783410142,6.364759846861854e-11,bidisperse_a0.005_sr1.250_N1000_L12_T100000_seed2.npz,bidisperse,2,0.005,1.25,0.45013923743571616
96000.0,0.794202258928977,1,1.0,0.4384071926398078,0.5158943991271745,0.02613374327440432,5.3937632220489483e-11,bidisperse_a0.005_sr1.250_N1000_L12_T100000_seed2.npz,bidisperse,2,0.005,1.25,0.45013923743571616
97000.0,0.7981580308271341,1,1.0,,0.4023899499445701,0.030000000000000027,6.288784285938659e-11,bidisperse_a0.005_sr1.250_N1000_L12_T100000_seed2.npz,bidisperse,2,0.005,1.25,0.45013923743571616
98000.0,0.794982443281468,1,1.0,,0.5076677885288676,0.033102386451116295,6.649682843040496e-11,bidisperse_a0.005_sr1.250_N1000_L12_T100000_seed2.npz,bidisperse,2,0.005,1.25,0.45013923743571616
99000.0,0.7985176872398907,1,1.0,,0.41422517160158717,0.030454895913646918,6.024184596683898e-11,bidisperse_a0.005_sr1.250_N1000_L12_T100000_seed2.npz,bidisperse,2,0.005,1.25,0.45013923743571616
100000.0,0.7965450337995736,1,1.0,0.4371827228890941,0.4638139356968005,0.03306420607458671,7.481431491005798e-11,bidisperse_a0.005_sr1.250_N1000_L12_T100000_seed2.npz,bidisperse,2,0.005,1.25,0.45013923743571616
0.0,0.948811687987962,32,0.413,0.5076657891922015,,,,bidisperse_a0.005_sr1.250_N1000_L12_T100000_seed3.npz,bidisperse,3,0.005,1.25,0.43487929150401494
1000.0,0.7944910115490565,1,1.0,,0.27881596923252183,0.6410181392627268,3.146833621753873e-08,bidisperse_a0.005_sr1.250_N1000_L12_T100000_seed3.npz,bidisperse,3,0.005,1.25,0.43487929150401494
2000.0,0.7969459644804019,1,1.0,,0.480003759173406,0.03698055661456345,1.2816061194348003e-10,bidisperse_a0.005_sr1.250_N1000_L12_T100000_seed3.npz,bidisperse,3,0.005,1.25,0.43487929150401494
3000.0,0.7965219404613344,1,1.0,,0.4940701102630922,0.023434498655397595,4.735578265292149e-11,bidisperse_a0.005_sr1.250_N1000_L12_T100000_seed3.npz,bidisperse,3,0.005,1.25,0.43487929150401494
4000.0,0.7970784569032082,1,1.0,0.4382210177292616,0.4556377675273566,0.016197454685692225,3.629814425811487e-11,bidisperse_a0.005_sr1.250_N1000_L12_T100000_seed3.npz,bidisperse,3,0.005,1.25,0.43487929150401494
5000.0,0.7955002689443379,1,1.0,,0.4246845361053079,0.018875192604006163,4.9098557333109236e-11,bidisperse_a0.005_sr1.250_N1000_L12_T100000_seed3.npz,bidisperse,3,0.005,1.25,0.43487929150401494
6000.0,0.7967675749421256,1,1.0,,0.41166906701587513,0.017753763025858738,4.619157133802578e-11,bidisperse_a0.005_sr1.250_N1000_L12_T100000_seed3.npz,bidisperse,3,0.005,1.25,0.43487929150401494
7000.0,0.7956614391822521,1,1.0,,0.44507080246782876,0.020809248554913284,3.23001759276439e-11,bidisperse_a0.005_sr1.250_N1000_L12_T100000_seed3.npz,bidisperse,3,0.005,1.25,0.43487929150401494
8000.0,0.7971924136955223,1,1.0,0.43938115200826866,0.4041421223476685,0.02115384615384619,3.3403851936210283e-11,bidisperse_a0.005_sr1.250_N1000_L12_T100000_seed3.npz,bidisperse,3,0.005,1.25,0.43487929150401494
9000.0,0.79875217759443,1,1.0,,0.47474888989913006,0.018090839107005374,4.0909557054674765e-11,bidisperse_a0.005_sr1.250_N1000_L12_T100000_seed3.npz,bidisperse,3,0.005,1.25,0.43487929150401494
10000.0,0.7993123050207281,1,1.0,,0.4066118814242443,0.02230769230769236,4.758116613499614e-11,bidisperse_a0.005_sr1.250_N1000_L12_T100000_seed3.npz,bidisperse,3,0.005,1.25,0.43487929150401494
11000.0,0.7977686637287791,1,1.0,,0.4962337677032709,0.02726574500768053,6.644953427066253e-11,bidisperse_a0.005_sr1.250_N1000_L12_T100000_seed3.npz,bidisperse,3,0.005,1.25,0.43487929150401494
12000.0,0.7967182363772554,1,1.0,0.4376259424611914,0.41871342764628433,0.02232486528098543,3.444253206834745e-11,bidisperse_a0.005_sr1.250_N1000_L12_T100000_seed3.npz,bidisperse,3,0.005,1.25,0.43487929150401494
13000.0,0.7951978902720327,1,1.0,,0.39705560470647094,0.023873700423565625,4.657738587039512e-11,bidisperse_a0.005_sr1.250_N1000_L12_T100000_seed3.npz,bidisperse,3,0.005,1.25,0.43487929150401494
14000.0,0.7972602787577099,1,1.0,,0.4281339734267468,0.02539438245479031,5.112925750630979e-11,bidisperse_a0.005_sr1.250_N1000_L12_T100000_seed3.npz,bidisperse,3,0.005,1.25,0.43487929150401494
15000.0,0.7982795599651668,1,1.0,,0.4157847096563096,0.018547140649149974,3.745028438167584e-11,bidisperse_a0.005_sr1.250_N1000_L12_T100000_seed3.npz,bidisperse,3,0.005,1.25,0.43487929150401494
16000.0,0.7943862695151963,1,1.0,0.4385080079712174,0.41521024373162435,0.01931247585940521,3.6112113384189164e-11,bidisperse_a0.005_sr1.250_N1000_L12_T100000_seed3.npz,bidisperse,3,0.005,1.25,0.43487929150401494
17000.0,0.7962331630346468,1,1.0,,0.42017752755162713,0.023461538461538423,4.873809538452922e-11,bidisperse_a0.005_sr1.250_N1000_L12_T100000_seed3.npz,bidisperse,3,0.005,1.25,0.43487929150401494
18000.0,0.7976266489224809,1,1.0,,0.4108438155903575,0.029569892473118253,9.373882944889531e-11,bidisperse_a0.005_sr1.250_N1000_L12_T100000_seed3.npz,bidisperse,3,0.005,1.25,0.43487929150401494
19000.0,0.7944356830741304,1,1.0,,0.3688176286725799,0.024343122102009285,4.7259893528144704e-11,bidisperse_a0.005_sr1.250_N1000_L12_T100000_seed3.npz,bidisperse,3,0.005,1.25,0.43487929150401494
20000.0,0.7953060410405408,1,1.0,0.44032990766706176,0.37652019859486197,0.02588871715610508,4.6118469025397036e-11,bidisperse_a0.005_sr1.250_N1000_L12_T100000_seed3.npz,bidisperse,3,0.005,1.25,0.43487929150401494
21000.0,0.7913180577858078,1,1.0,,0.3999575915760066,0.020526723470178143,4.951307968940775e-11,bidisperse_a0.005_sr1.250_N1000_L12_T100000_seed3.npz,bidisperse,3,0.005,1.25,0.43487929150401494
22000.0,0.7948805608420919,1,1.0,,0.3868158667550311,0.01896284829721362,4.0887432896930606e-11,bidisperse_a0.005_sr1.250_N1000_L12_T100000_seed3.npz,bidisperse,3,0.005,1.25,0.43487929150401494
23000.0,0.7981023967662697,1,1.0,,0.3630888841008879,0.024700887688151263,3.5360454424582165e-11,bidisperse_a0.005_sr1.250_N1000_L12_T100000_seed3.npz,bidisperse,3,0.005,1.25,0.43487929150401494
24000.0,0.7937826089829416,1,1.0,0.4425428049445564,0.47205180990308776,0.018238261544431533,3.463487831432209e-11,bidisperse_a0.005_sr1.250_N1000_L12_T100000_seed3.npz,bidisperse,3,0.005,1.25,0.43487929150401494
25000.0,0.796731400385262,1,1.0,,0.41631417092656153,0.02169701666020918,4.043209724239565e-11,bidisperse_a0.005_sr1.250_N1000_L12_T100000_seed3.npz,bidisperse,3,0.005,1.25,0.43487929150401494
26000.0,0.79553261985073,1,1.0,,0.3435310838329437,0.0178225493994576,3.466459753246743e-11,bidisperse_a0.005_sr1.250_N1000_L12_T100000_seed3.npz,bidisperse,3,0.005,1.25,0.43487929150401494
27000.0,0.7908167558247478,1,1.0,,0.4161392362743991,0.022402471996910034,3.788496833405923e-11,bidisperse_a0.005_sr1.250_N1000_L12_T100000_seed3.npz,bidisperse,3,0.005,1.25,0.43487929150401494
28000.0,0.7931008195042906,1,1.0,0.4385661726831598,0.47087489366606783,0.018575851393188847,3.768520023286916e-11,bidisperse_a0.005_sr1.250_N1000_L12_T100000_seed3.npz,bidisperse,3,0.005,1.25,0.43487929150401494
29000.0,0.794652417089742,1,1.0,,0.45375565832240905,0.022771130837514475,4.549343446387067e-11,bidisperse_a0.005_sr1.250_N1000_L12_T100000_seed3.npz,bidisperse,3,0.005,1.25,0.43487929150401494
30000.0,0.7951510246267608,1,1.0,,0.45937195650253504,0.020463320463320445,3.774690941647812e-11,bidisperse_a0.005_sr1.250_N1000_L12_T100000_seed3.npz,bidisperse,3,0.005,1.25,0.43487929150401494
31000.0,0.7970589879787532,1,1.0,,0.5089067802538031,0.02316602316602312,3.574499976487912e-11,bidisperse_a0.005_sr1.250_N1000_L12_T100000_seed3.npz,bidisperse,3,0.005,1.25,0.43487929150401494
32000.0,0.7983399542689976,1,1.0,0.4431502572115365,0.41250043271497727,0.022788721514098054,4.550614636901405e-11,bidisperse_a0.005_sr1.250_N1000_L12_T100000_seed3.npz,bidisperse,3,0.005,1.25,0.43487929150401494
33000.0,0.7954902645462019,1,1.0,,0.3965699711864619,0.02008497489378136,3.232594058608792e-11,bidisperse_a0.005_sr1.250_N1000_L12_T100000_seed3.npz,bidisperse,3,0.005,1.25,0.43487929150401494
34000.0,0.7949279262122123,1,1.0,,0.3925034333918345,0.020849420849420874,5.347326075065585e-11,bidisperse_a0.005_sr1.250_N1000_L12_T100000_seed3.npz,bidisperse,3,0.005,1.25,0.43487929150401494
35000.0,0.7974555969238282,1,1.0,,0.4378140740421553,0.02695417789757415,4.8954946718764093e-11,bidisperse_a0.005_sr1.250_N1000_L12_T100000_seed3.npz,bidisperse,3,0.005,1.25,0.43487929150401494
36000.0,0.7988932800292968,1,1.0,0.4416389465332031,0.37460891741577057,0.02010827532869297,3.413957418669787e-11,bidisperse_a0.005_sr1.250_N1000_L12_T100000_seed3.npz,bidisperse,3,0.005,1.25,0.43487929150401494
37000.0,0.8016439819335938,1,1.0,,0.4649164271689957,0.02316602316602312,3.904844461692571e-11,bidisperse_a0.005_sr1.250_N1000_L12_T100000_seed3.npz,bidisperse,3,0.005,1.25,0.43487929150401494
38000.0,0.7949628634903702,1,1.0,,0.40392258551207433,0.023139220979560338,4.9804072677790505e-11,bidisperse_a0.005_sr1.250_N1000_L12_T100000_seed3.npz,bidisperse,3,0.005,1.25,0.43487929150401494
39000.0,0.8001247107372069,1,1.0,,0.4933416317525923,0.02881290818286597,5.4338957313722467e-11,bidisperse_a0.005_sr1.250_N1000_L12_T100000_seed3.npz,bidisperse,3,0.005,1.25,0.43487929150401494
40000.0,0.7975809612880316,1,1.0,0.4381640617634648,0.49638536075248,0.018554310011596464,3.2940439957203065e-11,bidisperse_a0.005_sr1.250_N1000_L12_T100000_seed3.npz,bidisperse,3,0.005,1.25,0.43487929150401494
41000.0,0.7944391471145698,1,1.0,,0.4097439842842963,0.02083333333333337,3.804531430477834e-11,bidisperse_a0.005_sr1.250_N1000_L12_T100000_seed3.npz,bidisperse,3,0.005,1.25,0.43487929150401494
42000.0,0.7942291259765625,1,1.0,,0.39571558194343104,0.019691119691119696,3.327168401865884e-11,bidisperse_a0.005_sr1.250_N1000_L12_T100000_seed3.npz,bidisperse,3,0.005,1.25,0.43487929150401494
43000.0,0.7956452111438592,1,1.0,,0.34884856791325,0.02314814814814814,4.138268252576618e-11,bidisperse_a0.005_sr1.250_N1000_L12_T100000_seed3.npz,bidisperse,3,0.005,1.25,0.43487929150401494
44000.0,0.7987615945778115,1,1.0,0.4405291066230905,0.41997115247584454,0.019319938176197815,4.579262510995599e-11,bidisperse_a0.005_sr1.250_N1000_L12_T100000_seed3.npz,bidisperse,3,0.005,1.25,0.43487929150401494
45000.0,0.7937760857145162,1,1.0,,0.42551680592667335,0.01894085813683799,2.9374878383161766e-11,bidisperse_a0.005_sr1.250_N1000_L12_T100000_seed3.npz,bidisperse,3,0.005,1.25,0.43487929150401494
46000.0,0.7977896793403377,1,1.0,,0.37586142698299746,0.02047122441096949,3.8065483155234505e-11,bidisperse_a0.005_sr1.250_N1000_L12_T100000_seed3.npz,bidisperse,3,0.005,1.25,0.43487929150401494
47000.0,0.7967734867819504,1,1.0,,0.4620616823347933,0.023533950617283916,3.842331021788267e-11,bidisperse_a0.005_sr1.250_N1000_L12_T100000_seed3.npz,bidisperse,3,0.005,1.25,0.43487929150401494
48000.0,0.8002517512398821,1,1.0,0.44286723159524666,0.47842345537432257,0.019729206963249535,5.0300505478067856e-11,bidisperse_a0.005_sr1.250_N1000_L12_T100000_seed3.npz,bidisperse,3,0.005,1.25,0.43487929150401494
49000.0,0.795285918934221,1,1.0,,0.41291873593756667,0.022007722007722053,3.2261035881489863e-11,bidisperse_a0.005_sr1.250_N1000_L12_T100000_seed3.npz,bidisperse,3,0.005,1.25,0.43487929150401494
50000.0,0.7945460469568864,1,1.0,,0.4702482990071975,0.022007722007722053,4.932101555309029e-11,bidisperse_a0.005_sr1.250_N1000_L12_T100000_seed3.npz,bidisperse,3,0.005,1.25,0.43487929150401494
51000.0,0.7999300906576655,1,1.0,,0.4723019180929496,0.02279752704791349,6.217501413390708e-11,bidisperse_a0.005_sr1.250_N1000_L12_T100000_seed3.npz,bidisperse,3,0.005,1.25,0.43487929150401494
52000.0,0.7956648694349884,1,1.0,0.439643477424835,0.391535613796851,0.023210831721469982,4.8798215561707037e-11,bidisperse_a0.005_sr1.250_N1000_L12_T100000_seed3.npz,bidisperse,3,0.005,1.25,0.43487929150401494
53000.0,0.7978794299972589,1,1.0,,0.42166806962591036,0.049293083683607186,3.707472619122456e-10,bidisperse_a0.005_sr1.250_N1000_L12_T100000_seed3.npz,bidisperse,3,0.005,1.25,0.43487929150401494
54000.0,0.8017502061413009,1,1.0,,0.41553988705763145,0.06391830559757938,6.046351182619207e-10,bidisperse_a0.005_sr1.250_N1000_L12_T100000_seed3.npz,bidisperse,3,0.005,1.25,0.43487929150401494
55000.0,0.7953110085977219,1,1.0,,0.5667101391239476,0.029524539877300637,8.790897791368593e-11,bidisperse_a0.005_sr1.250_N1000_L12_T100000_seed3.npz,bidisperse,3,0.005,1.25,0.43487929150401494
56000.0,0.7931817443174055,1,1.0,0.43555786635658933,0.4413316587442697,0.01157854110382095,4.575971032472874e-11,bidisperse_a0.005_sr1.250_N1000_L12_T100000_seed3.npz,bidisperse,3,0.005,1.25,0.43487929150401494
57000.0,0.7948739041795159,1,1.0,,0.3885301744118632,0.016532103037293355,5.4761597783660486e-11,bidisperse_a0.005_sr1.250_N1000_L12_T100000_seed3.npz,bidisperse,3,0.005,1.25,0.43487929150401494
58000.0,0.7987077900199376,1,1.0,,0.4149260174001775,0.018433179723502335,3.9425372284994544e-11,bidisperse_a0.005_sr1.250_N1000_L12_T100000_seed3.npz,bidisperse,3,0.005,1.25,0.43487929150401494
59000.0,0.7912922316847344,1,1.0,,0.3779462150350807,0.0188316679477325,4.100273775143918e-11,bidisperse_a0.005_sr1.250_N1000_L12_T100000_seed3.npz,bidisperse,3,0.005,1.25,0.43487929150401494
60000.0,0.7944936724443755,1,1.0,0.43896181997400224,0.5029162634053851,0.01579961464354529,2.6349272793796305e-11,bidisperse_a0.005_sr1.250_N1000_L12_T100000_seed3.npz,bidisperse,3,0.005,1.25,0.43487929150401494
61000.0,0.7946903886341354,1,1.0,,0.40245313338225536,0.016929588303193577,3.1159819135794995e-11,bidisperse_a0.005_sr1.250_N1000_L12_T100000_seed3.npz,bidisperse,3,0.005,1.25,0.43487929150401494
62000.0,0.7981344153582945,1,1.0,,0.5296030242537549,0.018846153846153846,5.906727464140721e-11,bidisperse_a0.005_sr1.250_N1000_L12_T100000_seed3.npz,bidisperse,3,0.005,1.25,0.43487929150401494
63000.0,0.7961278747596481,1,1.0,,0.5558388151571588,0.01774006941766293,3.19147295817097e-11,bidisperse_a0.005_sr1.250_N1000_L12_T100000_seed3.npz,bidisperse,3,0.005,1.25,0.43487929150401494
64000.0,0.7922929060753561,1,1.0,0.4371394447449071,0.4281014300689225,0.01770592763664358,6.304130559536274e-11,bidisperse_a0.005_sr1.250_N1000_L12_T100000_seed3.npz,bidisperse,3,0.005,1.25,0.43487929150401494
65000.0,0.7942187616355623,1,1.0,,0.39882777562297794,0.02415644171779141,5.384179276450317e-11,bidisperse_a0.005_sr1.250_N1000_L12_T100000_seed3.npz,bidisperse,3,0.005,1.25,0.43487929150401494
66000.0,0.7907544219480517,1,1.0,,0.48784497787660547,0.018867924528301883,3.412729228254172e-11,bidisperse_a0.005_sr1.250_N1000_L12_T100000_seed3.npz,bidisperse,3,0.005,1.25,0.43487929150401494
67000.0,0.796588335921071,1,1.0,,0.4244157134219596,0.01808387841477488,3.095636156104901e-11,bidisperse_a0.005_sr1.250_N1000_L12_T100000_seed3.npz,bidisperse,3,0.005,1.25,0.43487929150401494
68000.0,0.7957359551880476,1,1.0,0.4374565533628525,0.45632086523921084,0.015775298191612164,3.099749119993388e-11,bidisperse_a0.005_sr1.250_N1000_L12_T100000_seed3.npz,bidisperse,3,0.005,1.25,0.43487929150401494
69000.0,0.7942845917787643,1,1.0,,0.45923125326280667,0.019984627209838624,4.516534631360586e-11,bidisperse_a0.005_sr1.250_N1000_L12_T100000_seed3.npz,bidisperse,3,0.005,1.25,0.43487929150401494
70000.0,0.7936627553634139,1,1.0,,0.4193692711211481,0.023443504996156772,4.7496990763000313e-11,bidisperse_a0.005_sr1.250_N1000_L12_T100000_seed3.npz,bidisperse,3,0.005,1.25,0.43487929150401494
71000.0,0.7974529679075134,1,1.0,,0.33026334595949836,0.025719769673704374,7.63251697988251e-11,bidisperse_a0.005_sr1.250_N1000_L12_T100000_seed3.npz,bidisperse,3,0.005,1.25,0.43487929150401494
72000.0,0.7943228321409952,1,1.0,0.4383561400498572,0.42931333594724275,0.02035330261136714,3.912532564691746e-11,bidisperse_a0.005_sr1.250_N1000_L12_T100000_seed3.npz,bidisperse,3,0.005,1.25,0.43487929150401494
73000.0,0.7922452649790567,1,1.0,,0.43956785858658026,0.01498847040737894,3.33885561049723e-11,bidisperse_a0.005_sr1.250_N1000_L12_T100000_seed3.npz,bidisperse,3,0.005,1.25,0.43487929150401494
74000.0,0.797185640886966,1,1.0,,0.386347822309466,0.016135228582404904,5.7651904070992967e-11,bidisperse_a0.005_sr1.250_N1000_L12_T100000_seed3.npz,bidisperse,3,0.005,1.25,0.43487929150401494
75000.0,0.7953419100595734,1,1.0,,0.47374726380222726,0.02146416251437333,6.400821785973237e-11,bidisperse_a0.005_sr1.250_N1000_L12_T100000_seed3.npz,bidisperse,3,0.005,1.25,0.43487929150401494
76000.0,0.7944370722407124,1,1.0,0.43835067573008796,0.4225823310237768,0.02267486548808606,3.971750977690484e-11,bidisperse_a0.005_sr1.250_N1000_L12_T100000_seed3.npz,bidisperse,3,0.005,1.25,0.43487929150401494
77000.0,0.79563613901941,1,1.0,,0.45751480384643434,0.02005399151561893,4.8539058326096615e-11,bidisperse_a0.005_sr1.250_N1000_L12_T100000_seed3.npz,bidisperse,3,0.005,1.25,0.43487929150401494
78000.0,0.7946573241773079,1,1.0,,0.42556002978476,0.0173343605546995,4.786635586133803e-11,bidisperse_a0.005_sr1.250_N1000_L12_T100000_seed3.npz,bidisperse,3,0.005,1.25,0.43487929150401494
79000.0,0.7926190748312473,1,1.0,,0.4287314721318237,0.021880998080614167,4.080073628111928e-11,bidisperse_a0.005_sr1.250_N1000_L12_T100000_seed3.npz,bidisperse,3,0.005,1.25,0.43487929150401494
80000.0,0.7938216268903592,1,1.0,0.43758690267222206,0.4221694594157239,0.021121351766513086,6.252255754780795e-11,bidisperse_a0.005_sr1.250_N1000_L12_T100000_seed3.npz,bidisperse,3,0.005,1.25,0.43487929150401494
81000.0,0.7927129347609191,1,1.0,,0.32800926887130877,0.016570327552986486,3.9373375332193025e-11,bidisperse_a0.005_sr1.250_N1000_L12_T100000_seed3.npz,bidisperse,3,0.005,1.25,0.43487929150401494
82000.0,0.7950129204947443,1,1.0,,0.4526680745794623,0.021546748749519007,5.810610431694506e-11,bidisperse_a0.005_sr1.250_N1000_L12_T100000_seed3.npz,bidisperse,3,0.005,1.25,0.43487929150401494
83000.0,0.7971726107694056,1,1.0,,0.5179073543900801,0.019638043896804014,4.033213983323534e-11,bidisperse_a0.005_sr1.250_N1000_L12_T100000_seed3.npz,bidisperse,3,0.005,1.25,0.43487929150401494
84000.0,0.7966852202391683,1,1.0,0.43732079903050697,0.5209960592356531,0.022264875239923265,3.546882866193733e-11,bidisperse_a0.005_sr1.250_N1000_L12_T100000_seed3.npz,bidisperse,3,0.005,1.25,0.43487929150401494
85000.0,0.7940572721274389,1,1.0,,0.4713684213229404,0.016544824932666402,3.9892339059527404e-11,bidisperse_a0.005_sr1.250_N1000_L12_T100000_seed3.npz,bidisperse,3,0.005,1.25,0.43487929150401494
86000.0,0.7911592151281625,1,1.0,,0.4421685025105525,0.021914648212226107,5.828012740431118e-11,bidisperse_a0.005_sr1.250_N1000_L12_T100000_seed3.npz,bidisperse,3,0.005,1.25,0.43487929150401494
87000.0,0.7942667062713683,1,1.0,,0.4687482796303342,0.02457757296466978,4.736475368809102e-11,bidisperse_a0.005_sr1.250_N1000_L12_T100000_seed3.npz,bidisperse,3,0.005,1.25,0.43487929150401494
88000.0,0.7957902092176989,1,1.0,0.43217353699491373,0.4231693101285799,0.021906225980015348,3.6699675090456465e-11,bidisperse_a0.005_sr1.250_N1000_L12_T100000_seed3.npz,bidisperse,3,0.005,1.25,0.43487929150401494
89000.0,0.7956568287823229,1,1.0,,0.38801516480481224,0.0161662817551963,3.3781797899103516e-11,bidisperse_a0.005_sr1.250_N1000_L12_T100000_seed3.npz,bidisperse,3,0.005,1.25,0.43487929150401494
90000.0,0.7951793005939383,1,1.0,,0.4411418790199386,0.018853405155829117,4.957903988451931e-11,bidisperse_a0.005_sr1.250_N1000_L12_T100000_seed3.npz,bidisperse,3,0.005,1.25,0.43487929150401494
91000.0,0.7964047590422341,1,1.0,,0.44627530993216236,0.020737327188940058,4.984135810506971e-11,bidisperse_a0.005_sr1.250_N1000_L12_T100000_seed3.npz,bidisperse,3,0.005,1.25,0.43487929150401494
92000.0,0.7947141374271826,1,1.0,0.43983625024915446,0.45108513746710344,0.019946298427311104,5.086940826761787e-11,bidisperse_a0.005_sr1.250_N1000_L12_T100000_seed3.npz,bidisperse,3,0.005,1.25,0.43487929150401494
93000.0,0.7916441931169261,1,1.0,,0.43254592747557247,0.016949152542372836,3.805184275891882e-11,bidisperse_a0.005_sr1.250_N1000_L12_T100000_seed3.npz,bidisperse,3,0.005,1.25,0.43487929150401494
94000.0,0.7922961985726087,1,1.0,,0.4229500145289737,0.023434498655397595,3.628365999323281e-11,bidisperse_a0.005_sr1.250_N1000_L12_T100000_seed3.npz,bidisperse,3,0.005,1.25,0.43487929150401494
95000.0,0.7958056897152115,1,1.0,,0.39944372175125853,0.019638043896804014,2.8946268197664034e-11,bidisperse_a0.005_sr1.250_N1000_L12_T100000_seed3.npz,bidisperse,3,0.005,1.25,0.43487929150401494
96000.0,0.7994339491990695,1,1.0,0.4365923250857114,0.44614111922230737,0.021178282633808276,3.7457154688554904e-11,bidisperse_a0.005_sr1.250_N1000_L12_T100000_seed3.npz,bidisperse,3,0.005,1.25,0.43487929150401494
97000.0,0.7965841274655686,1,1.0,,0.4307844865079074,0.018497109826589586,2.6958957942185664e-11,bidisperse_a0.005_sr1.250_N1000_L12_T100000_seed3.npz,bidisperse,3,0.005,1.25,0.43487929150401494
98000.0,0.7942059937220891,1,1.0,,0.4367028486071921,0.026497695852534586,5.500185337610542e-11,bidisperse_a0.005_sr1.250_N1000_L12_T100000_seed3.npz,bidisperse,3,0.005,1.25,0.43487929150401494
99000.0,0.7939422131899897,1,1.0,,0.4192956353228255,0.018867924528301883,3.880238683659601e-11,bidisperse_a0.005_sr1.250_N1000_L12_T100000_seed3.npz,bidisperse,3,0.005,1.25,0.43487929150401494
100000.0,0.7969464725677543,1,1.0,0.43710336418083856,0.44572194745,0.01957773512476013,4.22277595538714e-11,bidisperse_a0.005_sr1.250_N1000_L12_T100000_seed3.npz,bidisperse,3,0.005,1.25,0.43487929150401494
0.0,0.9208717424599532,6,0.977,0.4124535919636145,,,,bidisperse_a0.005_sr1.500_N1000_L12_T100000_seed1.npz,bidisperse,1,0.005,1.5,0.3395573408227567
1000.0,0.7749503263499367,1,1.0,,0.27223802321397333,0.5677147808863581,2.302102953540547e-08,bidisperse_a0.005_sr1.500_N1000_L12_T100000_seed1.npz,bidisperse,1,0.005,1.5,0.3395573408227567
2000.0,0.7723736234989497,1,1.0,,0.40965331647454123,0.00033478406427855933,1.1429052576157768e-11,bidisperse_a0.005_sr1.500_N1000_L12_T100000_seed1.npz,bidisperse,1,0.005,1.5,0.3395573408227567
3000.0,0.7749895162981242,1,1.0,,0.4635921028033536,0.00033467202141901353,9.461955283879933e-12,bidisperse_a0.005_sr1.500_N1000_L12_T100000_seed1.npz,bidisperse,1,0.005,1.5,0.3395573408227567
4000.0,0.7702123756068451,1,1.0,0.3931288145292758,0.3863373246369177,0.004008016032064132,1.9246364034873452e-10,bidisperse_a0.005_sr1.500_N1000_L12_T100000_seed1.npz,bidisperse,1,0.005,1.5,0.3395573408227567
5000.0,0.7705975883938658,1,1.0,,0.4519749152602175,0.0006688963210702559,8.577084027345028e-12,bidisperse_a0.005_sr1.500_N1000_L12_T100000_seed1.npz,bidisperse,1,0.005,1.5,0.3395573408227567
6000.0,0.7712599970917551,1,1.0,,0.46765063512016597,0.0,1.2426630528947477e-11,bidisperse_a0.005_sr1.500_N1000_L12_T100000_seed1.npz,bidisperse,1,0.005,1.5,0.3395573408227567
7000.0,0.7735873572092853,1,1.0,,0.35795609448380433,0.0013377926421405117,8.861216904833932e-12,bidisperse_a0.005_sr1.500_N1000_L12_T100000_seed1.npz,bidisperse,1,0.005,1.5,0.3395573408227567
8000.0,0.7689638259079876,1,1.0,0.3939217122850975,0.43215470223517877,0.0013377926421405117,1.1907855080797498e-11,bidisperse_a0.005_sr1.500_N1000_L12_T100000_seed1.npz,bidisperse,1,0.005,1.5,0.3395573408227567
9000.0,0.7725097735878812,1,1.0,,0.4010405154128493,0.0006688963210702559,1.0265423322063094e-11,bidisperse_a0.005_sr1.500_N1000_L12_T100000_seed1.npz,bidisperse,1,0.005,1.5,0.3395573408227567
10000.0,0.7708435587968815,1,1.0,,0.42608686749198055,0.0006688963210702559,1.1914499845203237e-11,bidisperse_a0.005_sr1.500_N1000_L12_T100000_seed1.npz,bidisperse,1,0.005,1.5,0.3395573408227567
11000.0,0.7734289696770393,1,1.0,,0.4157959352526078,0.0003344481605350724,1.4763785088293268e-11,bidisperse_a0.005_sr1.500_N1000_L12_T100000_seed1.npz,bidisperse,1,0.005,1.5,0.3395573408227567
12000.0,0.772288956499368,1,1.0,0.3907414346595675,0.33000271438054773,0.0003344481605350724,7.112174270164853e-12,bidisperse_a0.005_sr1.500_N1000_L12_T100000_seed1.npz,bidisperse,1,0.005,1.5,0.3395573408227567
13000.0,0.77180817200081,1,1.0,,0.3700230006804717,0.0006688963210702559,9.981677343094895e-12,bidisperse_a0.005_sr1.500_N1000_L12_T100000_seed1.npz,bidisperse,1,0.005,1.5,0.3395573408227567
14000.0,0.7721999667568086,1,1.0,,0.38463158649991497,0.0,1.2731799981128312e-11,bidisperse_a0.005_sr1.500_N1000_L12_T100000_seed1.npz,bidisperse,1,0.005,1.5,0.3395573408227567
15000.0,0.7720982847669066,1,1.0,,0.32935488524792783,0.00033456005352960894,5.679529956811935e-12,bidisperse_a0.005_sr1.500_N1000_L12_T100000_seed1.npz,bidisperse,1,0.005,1.5,0.3395573408227567
16000.0,0.7747164461247638,1,1.0,0.3974508674399615,0.3299322996714733,0.0003344481605350724,6.895695406158457e-12,bidisperse_a0.005_sr1.500_N1000_L12_T100000_seed1.npz,bidisperse,1,0.005,1.5,0.3395573408227567
17000.0,0.7733992081668933,1,1.0,,0.39494538906164867,0.0006688963210702559,1.2407633699919262e-11,bidisperse_a0.005_sr1.500_N1000_L12_T100000_seed1.npz,bidisperse,1,0.005,1.5,0.3395573408227567
18000.0,0.7727918590918784,1,1.0,,0.4172256600389243,0.0006691201070592179,1.1797929436000331e-11,bidisperse_a0.005_sr1.500_N1000_L12_T100000_seed1.npz,bidisperse,1,0.005,1.5,0.3395573408227567
19000.0,0.7725338547406941,1,1.0,,0.40944721626804254,0.0,6.277373097339207e-12,bidisperse_a0.005_sr1.500_N1000_L12_T100000_seed1.npz,bidisperse,1,0.005,1.5,0.3395573408227567
20000.0,0.7710697307636379,1,1.0,0.3959360819975914,0.38542169713720403,0.0006688963210702559,1.1524038883046103e-11,bidisperse_a0.005_sr1.500_N1000_L12_T100000_seed1.npz,bidisperse,1,0.005,1.5,0.3395573408227567
21000.0,0.7726252532286052,1,1.0,,0.4174338128377698,0.0010030090270812808,6.856844980162207e-12,bidisperse_a0.005_sr1.500_N1000_L12_T100000_seed1.npz,bidisperse,1,0.005,1.5,0.3395573408227567
22000.0,0.772607554268838,1,1.0,,0.42050503689297203,0.0010033444816053283,1.0339124431124265e-11,bidisperse_a0.005_sr1.500_N1000_L12_T100000_seed1.npz,bidisperse,1,0.005,1.5,0.3395573408227567
23000.0,0.7718047558372715,1,1.0,,0.39514399492798874,0.0013377926421405117,8.127289440822959e-12,bidisperse_a0.005_sr1.500_N1000_L12_T100000_seed1.npz,bidisperse,1,0.005,1.5,0.3395573408227567
24000.0,0.7723452198521269,1,1.0,0.3904726830050372,0.3430375295816168,0.0013373453694416337,7.464583515126806e-12,bidisperse_a0.005_sr1.500_N1000_L12_T100000_seed1.npz,bidisperse,1,0.005,1.5,0.3395573408227567
25000.0,0.7701534658449011,1,1.0,,0.41696890819416976,0.0006686726847208169,6.704655479161901e-12,bidisperse_a0.005_sr1.500_N1000_L12_T100000_seed1.npz,bidisperse,1,0.005,1.5,0.3395573408227567
26000.0,0.7717286481938463,1,1.0,,0.35516118025458887,0.0006688963210702559,8.32887711096056e-12,bidisperse_a0.005_sr1.500_N1000_L12_T100000_seed1.npz,bidisperse,1,0.005,1.5,0.3395573408227567
27000.0,0.7710871612327614,1,1.0,,0.47922627178823374,0.0010033444816053283,8.394444862755602e-12,bidisperse_a0.005_sr1.500_N1000_L12_T100000_seed1.npz,bidisperse,1,0.005,1.5,0.3395573408227567
28000.0,0.7720414172831741,1,1.0,0.3879908573800832,0.3754929867349605,0.0006691201070592179,1.3753884670776633e-11,bidisperse_a0.005_sr1.500_N1000_L12_T100000_seed1.npz,bidisperse,1,0.005,1.5,0.3395573408227567
29000.0,0.7702443531376734,1,1.0,,0.422186746488539,0.00033467202141901353,6.520073688105964e-12,bidisperse_a0.005_sr1.500_N1000_L12_T100000_seed1.npz,bidisperse,1,0.005,1.5,0.3395573408227567
30000.0,0.7762625132390337,1,1.0,,0.42996296805267215,0.0006691201070592179,8.649879224601279e-12,bidisperse_a0.005_sr1.500_N1000_L12_T100000_seed1.npz,bidisperse,1,0.005,1.5,0.3395573408227567
31000.0,0.7730028505322459,1,1.0,,0.46330727502080193,0.00033456005352960894,7.64865774763592e-12,bidisperse_a0.005_sr1.500_N1000_L12_T100000_seed1.npz,bidisperse,1,0.005,1.5,0.3395573408227567
32000.0,0.7723145903217563,1,1.0,0.39399136188104017,0.4567401032044876,0.0,1.0904746805303053e-11,bidisperse_a0.005_sr1.500_N1000_L12_T100000_seed1.npz,bidisperse,1,0.005,1.5,0.3395573408227567
33000.0,0.7691120345410006,1,1.0,,0.4071140539278878,0.0003344481605350724,9.359833461614435e-12,bidisperse_a0.005_sr1.500_N1000_L12_T100000_seed1.npz,bidisperse,1,0.005,1.5,0.3395573408227567
34000.0,0.7694205859584143,1,1.0,,0.41611165847560694,0.0010033444816053283,1.0372375418194529e-11,bidisperse_a0.005_sr1.500_N1000_L12_T100000_seed1.npz,bidisperse,1,0.005,1.5,0.3395573408227567
35000.0,0.7734552668505347,1,1.0,,0.3683758667705285,0.00033467202141901353,1.194451745012835e-11,bidisperse_a0.005_sr1.500_N1000_L12_T100000_seed1.npz,bidisperse,1,0.005,1.5,0.3395573408227567
36000.0,0.7724133929739484,1,1.0,0.3897786594839869,0.5237281691464908,0.0006691201070592179,7.324580727837466e-12,bidisperse_a0.005_sr1.500_N1000_L12_T100000_seed1.npz,bidisperse,1,0.005,1.5,0.3395573408227567
37000.0,0.7704054728507963,1,1.0,,0.4435595608126178,0.0006691201070592179,5.417753402090932e-12,bidisperse_a0.005_sr1.500_N1000_L12_T100000_seed1.npz,bidisperse,1,0.005,1.5,0.3395573408227567
38000.0,0.7692349048133632,1,1.0,,0.38770773278536497,0.0006691201070592179,7.525366810630264e-12,bidisperse_a0.005_sr1.500_N1000_L12_T100000_seed1.npz,bidisperse,1,0.005,1.5,0.3395573408227567
39000.0,0.7692821150734128,1,1.0,,0.4388860547300926,0.0006691201070592179,5.6283055457024875e-12,bidisperse_a0.005_sr1.500_N1000_L12_T100000_seed1.npz,bidisperse,1,0.005,1.5,0.3395573408227567
40000.0,0.77286600664147,1,1.0,0.3944472296444442,0.4301758562156269,0.0,8.213840585918735e-12,bidisperse_a0.005_sr1.500_N1000_L12_T100000_seed1.npz,bidisperse,1,0.005,1.5,0.3395573408227567
41000.0,0.7734745813270271,1,1.0,,0.4850838705465241,0.00033456005352960894,6.94393073261414e-12,bidisperse_a0.005_sr1.500_N1000_L12_T100000_seed1.npz,bidisperse,1,0.005,1.5,0.3395573408227567
42000.0,0.7727088063891903,1,1.0,,0.349595895174892,0.0003344481605350724,8.778522532363026e-12,bidisperse_a0.005_sr1.500_N1000_L12_T100000_seed1.npz,bidisperse,1,0.005,1.5,0.3395573408227567
43000.0,0.7739168969496908,1,1.0,,0.40991019570540427,0.0006688963210702559,7.440815355971189e-12,bidisperse_a0.005_sr1.500_N1000_L12_T100000_seed1.npz,bidisperse,1,0.005,1.5,0.3395573408227567
44000.0,0.7707285153409917,1,1.0,0.3928467802373576,0.4648571829052861,0.0006688963210702559,8.416434988733789e-12,bidisperse_a0.005_sr1.500_N1000_L12_T100000_seed1.npz,bidisperse,1,0.005,1.5,0.3395573408227567
45000.0,0.7752205209293839,1,1.0,,0.4383257753392398,0.0010033444816053283,1.0253206714915753e-11,bidisperse_a0.005_sr1.500_N1000_L12_T100000_seed1.npz,bidisperse,1,0.005,1.5,0.3395573408227567
46000.0,0.7720020532822948,1,1.0,,0.4391644951426753,0.00033467202141901353,9.651875384753687e-12,bidisperse_a0.005_sr1.500_N1000_L12_T100000_seed1.npz,bidisperse,1,0.005,1.5,0.3395573408227567
47000.0,0.7736844106889185,1,1.0,,0.4568568430911062,0.0006688963210702559,1.0039657145349596e-11,bidisperse_a0.005_sr1.500_N1000_L12_T100000_seed1.npz,bidisperse,1,0.005,1.5,0.3395573408227567
48000.0,0.7740612158585256,1,1.0,0.39224834037921735,0.45214691644350363,0.0006688963210702559,4.821170365203536e-12,bidisperse_a0.005_sr1.500_N1000_L12_T100000_seed1.npz,bidisperse,1,0.005,1.5,0.3395573408227567
49000.0,0.7733003634349983,1,1.0,,0.5074702279674381,0.0006691201070592179,7.34835517116294e-12,bidisperse_a0.005_sr1.500_N1000_L12_T100000_seed1.npz,bidisperse,1,0.005,1.5,0.3395573408227567
50000.0,0.7672478355733038,1,1.0,,0.4211382784878076,0.00033456005352960894,6.4595373495079364e-12,bidisperse_a0.005_sr1.500_N1000_L12_T100000_seed1.npz,bidisperse,1,0.005,1.5,0.3395573408227567
51000.0,0.7754791477377605,1,1.0,,0.3594858216447512,0.0010033444816053283,9.757052304662457e-12,bidisperse_a0.005_sr1.500_N1000_L12_T100000_seed1.npz,bidisperse,1,0.005,1.5,0.3395573408227567
52000.0,0.7697393765170412,1,1.0,0.391939277338434,0.3996592382563533,0.0006688963210702559,7.381364766193827e-12,bidisperse_a0.005_sr1.500_N1000_L12_T100000_seed1.npz,bidisperse,1,0.005,1.5,0.3395573408227567
53000.0,0.7735715484166844,1,1.0,,0.4193239950800512,0.0006686726847208169,8.557730920322161e-12,bidisperse_a0.005_sr1.500_N1000_L12_T100000_seed1.npz,bidisperse,1,0.005,1.5,0.3395573408227567
54000.0,0.7671449155434541,1,1.0,,0.4206803798630145,0.0003344481605350724,1.075388467554809e-11,bidisperse_a0.005_sr1.500_N1000_L12_T100000_seed1.npz,bidisperse,1,0.005,1.5,0.3395573408227567
55000.0,0.7706643102426147,1,1.0,,0.33390484944005505,0.0010030090270812808,1.2311184746532756e-11,bidisperse_a0.005_sr1.500_N1000_L12_T100000_seed1.npz,bidisperse,1,0.005,1.5,0.3395573408227567
56000.0,0.773928459218316,1,1.0,0.388908246634821,0.41265739204457536,0.0010030090270812808,1.032921300751991e-11,bidisperse_a0.005_sr1.500_N1000_L12_T100000_seed1.npz,bidisperse,1,0.005,1.5,0.3395573408227567
57000.0,0.7726848561822702,1,1.0,,0.4059980217816925,0.0006688963210702559,1.0278189166788284e-11,bidisperse_a0.005_sr1.500_N1000_L12_T100000_seed1.npz,bidisperse,1,0.005,1.5,0.3395573408227567
58000.0,0.7728075878981268,1,1.0,,0.38712464855366124,0.0,8.307792145656841e-12,bidisperse_a0.005_sr1.500_N1000_L12_T100000_seed1.npz,bidisperse,1,0.005,1.5,0.3395573408227567
59000.0,0.7658266376527977,1,1.0,,0.3346661583520589,0.0010033444816053283,1.0617645892883937e-11,bidisperse_a0.005_sr1.500_N1000_L12_T100000_seed1.npz,bidisperse,1,0.005,1.5,0.3395573408227567
60000.0,0.772241856762167,1,1.0,0.39018869244641813,0.3755198161955449,0.0006691201070592179,5.962405913227592e-12,bidisperse_a0.005_sr1.500_N1000_L12_T100000_seed1.npz,bidisperse,1,0.005,1.5,0.3395573408227567
61000.0,0.7716677732796424,1,1.0,,0.34973006942883167,0.0,7.309363382788978e-12,bidisperse_a0.005_sr1.500_N1000_L12_T100000_seed1.npz,bidisperse,1,0.005,1.5,0.3395573408227567
62000.0,0.770616322944612,1,1.0,,0.42711323313089794,0.0006691201070592179,7.035402681564312e-12,bidisperse_a0.005_sr1.500_N1000_L12_T100000_seed1.npz,bidisperse,1,0.005,1.5,0.3395573408227567
63000.0,0.773312067995319,1,1.0,,0.37724805725581684,0.0,1.0044359421585072e-11,bidisperse_a0.005_sr1.500_N1000_L12_T100000_seed1.npz,bidisperse,1,0.005,1.5,0.3395573408227567
64000.0,0.7755444468637602,1,1.0,0.39202360162052347,0.40368452084493794,0.0006691201070592179,1.0388183779418311e-11,bidisperse_a0.005_sr1.500_N1000_L12_T100000_seed1.npz,bidisperse,1,0.005,1.5,0.3395573408227567
65000.0,0.7700726797857338,1,1.0,,0.32198755306938726,0.0010033444816053283,9.520296538974807e-12,bidisperse_a0.005_sr1.500_N1000_L12_T100000_seed1.npz,bidisperse,1,0.005,1.5,0.3395573408227567
66000.0,0.7703568625237227,1,1.0,,0.4298246893534519,0.0010033444816053283,1.2540910811956156e-11,bidisperse_a0.005_sr1.500_N1000_L12_T100000_seed1.npz,bidisperse,1,0.005,1.5,0.3395573408227567
67000.0,0.7716013696255065,1,1.0,,0.44627108345307015,0.00033456005352960894,8.731234950936136e-12,bidisperse_a0.005_sr1.500_N1000_L12_T100000_seed1.npz,bidisperse,1,0.005,1.5,0.3395573408227567
68000.0,0.7690299808374191,1,1.0,0.3952490481586295,0.4478039709673936,0.0013368983957219305,6.5349674162144635e-12,bidisperse_a0.005_sr1.500_N1000_L12_T100000_seed1.npz,bidisperse,1,0.005,1.5,0.3395573408227567
69000.0,0.774012071249091,1,1.0,,0.4571994045213961,0.0006686726847208169,9.876746133257058e-12,bidisperse_a0.005_sr1.500_N1000_L12_T100000_seed1.npz,bidisperse,1,0.005,1.5,0.3395573408227567
70000.0,0.7734702631961611,1,1.0,,0.36799045173601724,0.0010030090270812808,8.982997364098761e-12,bidisperse_a0.005_sr1.500_N1000_L12_T100000_seed1.npz,bidisperse,1,0.005,1.5,0.3395573408227567
71000.0,0.7726440173908384,1,1.0,,0.42039595633540777,0.0010033444816053283,7.154943796315167e-12,bidisperse_a0.005_sr1.500_N1000_L12_T100000_seed1.npz,bidisperse,1,0.005,1.5,0.3395573408227567
72000.0,0.7722943872769077,1,1.0,0.39251948669286696,0.48418755286065546,0.00033467202141901353,9.730797517471833e-12,bidisperse_a0.005_sr1.500_N1000_L12_T100000_seed1.npz,bidisperse,1,0.005,1.5,0.3395573408227567
73000.0,0.7739534106976769,1,1.0,,0.4586079688689985,0.0006691201070592179,1.0019663469920974e-11,bidisperse_a0.005_sr1.500_N1000_L12_T100000_seed1.npz,bidisperse,1,0.005,1.5,0.3395573408227567
74000.0,0.775515068140942,1,1.0,,0.44318929490265757,0.0010036801605888268,1.1429944716633335e-11,bidisperse_a0.005_sr1.500_N1000_L12_T100000_seed1.npz,bidisperse,1,0.005,1.5,0.3395573408227567
75000.0,0.771172788011266,1,1.0,,0.41116561870892876,0.0013377926421405117,1.0041273393128265e-11,bidisperse_a0.005_sr1.500_N1000_L12_T100000_seed1.npz,bidisperse,1,0.005,1.5,0.3395573408227567
76000.0,0.7681189901054619,1,1.0,0.39282898302660846,0.37162189594123485,0.0006688963210702559,1.0226399111781863e-11,bidisperse_a0.005_sr1.500_N1000_L12_T100000_seed1.npz,bidisperse,1,0.005,1.5,0.3395573408227567
77000.0,0.7704036247623246,1,1.0,,0.45275828366041526,0.00033456005352960894,1.116361770793042e-11,bidisperse_a0.005_sr1.500_N1000_L12_T100000_seed1.npz,bidisperse,1,0.005,1.5,0.3395573408227567
78000.0,0.7725084171317994,1,1.0,,0.3887500013459726,0.0006688963210702559,8.866573034475736e-12,bidisperse_a0.005_sr1.500_N1000_L12_T100000_seed1.npz,bidisperse,1,0.005,1.5,0.3395573408227567
79000.0,0.7697826120778978,1,1.0,,0.39888071635086947,0.0010030090270812808,8.227361880586421e-12,bidisperse_a0.005_sr1.500_N1000_L12_T100000_seed1.npz,bidisperse,1,0.005,1.5,0.3395573408227567
80000.0,0.7693770763190568,1,1.0,0.39153532958244314,0.3812365617977411,0.0003344481605350724,9.49563537824577e-12,bidisperse_a0.005_sr1.500_N1000_L12_T100000_seed1.npz,bidisperse,1,0.005,1.5,0.3395573408227567
81000.0,0.7705370231721733,1,1.0,,0.35559484317386253,0.0003344481605350724,1.0722760744240624e-11,bidisperse_a0.005_sr1.500_N1000_L12_T100000_seed1.npz,bidisperse,1,0.005,1.5,0.3395573408227567
82000.0,0.7715913025184795,1,1.0,,0.40140292732538785,0.0006691201070592179,9.090204754321938e-12,bidisperse_a0.005_sr1.500_N1000_L12_T100000_seed1.npz,bidisperse,1,0.005,1.5,0.3395573408227567
83000.0,0.774881151110466,1,1.0,,0.42496667540602057,0.0010036801605888268,1.1247761289261417e-11,bidisperse_a0.005_sr1.500_N1000_L12_T100000_seed1.npz,bidisperse,1,0.005,1.5,0.3395573408227567
84000.0,0.7736393328933681,1,1.0,0.39710370502939935,0.4847681978716122,0.0006688963210702559,8.519763928911086e-12,bidisperse_a0.005_sr1.500_N1000_L12_T100000_seed1.npz,bidisperse,1,0.005,1.5,0.3395573408227567
85000.0,0.7735379899152922,1,1.0,,0.3672067347173,0.0010030090270812808,9.43433586853091e-12,bidisperse_a0.005_sr1.500_N1000_L12_T100000_seed1.npz,bidisperse,1,0.005,1.5,0.3395573408227567
86000.0,0.7741677105111964,1,1.0,,0.4210971924568611,0.0,1.0564621988600093e-11,bidisperse_a0.005_sr1.500_N1000_L12_T100000_seed1.npz,bidisperse,1,0.005,1.5,0.3395573408227567
87000.0,0.7725442155977068,1,1.0,,0.3622491690613245,0.0,9.860259753364935e-12,bidisperse_a0.005_sr1.500_N1000_L12_T100000_seed1.npz,bidisperse,1,0.005,1.5,0.3395573408227567
88000.0,0.7698530163180015,1,1.0,0.3891630935675336,0.462891388077129,0.0006688963210702559,1.128416504732548e-11,bidisperse_a0.005_sr1.500_N1000_L12_T100000_seed1.npz,bidisperse,1,0.005,1.5,0.3395573408227567
89000.0,0.7736803654215115,1,1.0,,0.39317036854050313,0.0006688963210702559,9.7785001589466e-12,bidisperse_a0.005_sr1.500_N1000_L12_T100000_seed1.npz,bidisperse,1,0.005,1.5,0.3395573408227567
90000.0,0.7690621925452815,1,1.0,,0.3993051233830058,0.0010033444816053283,1.025574090240626e-11,bidisperse_a0.005_sr1.500_N1000_L12_T100000_seed1.npz,bidisperse,1,0.005,1.5,0.3395573408227567
91000.0,0.771004898024236,1,1.0,,0.3879877793831246,0.0010036801605888268,9.814325851601012e-12,bidisperse_a0.005_sr1.500_N1000_L12_T100000_seed1.npz,bidisperse,1,0.005,1.5,0.3395573408227567
92000.0,0.7660176641887881,1,1.0,0.3919701221866147,0.4097895051039377,0.0013377926421405117,7.507086914701399e-12,bidisperse_a0.005_sr1.500_N1000_L12_T100000_seed1.npz,bidisperse,1,0.005,1.5,0.3395573408227567
93000.0,0.7719406183412812,1,1.0,,0.39186180393366293,0.00033456005352960894,1.2645659750728825e-11,bidisperse_a0.005_sr1.500_N1000_L12_T100000_seed1.npz,bidisperse,1,0.005,1.5,0.3395573408227567
94000.0,0.7715161463518305,1,1.0,,0.44030722100821734,0.0006688963210702559,1.0079408402263727e-11,bidisperse_a0.005_sr1.500_N1000_L12_T100000_seed1.npz,bidisperse,1,0.005,1.5,0.3395573408227567
95000.0,0.7709824124700497,1,1.0,,0.3776248927690038,0.0006688963210702559,9.541830929624592e-12,bidisperse_a0.005_sr1.500_N1000_L12_T100000_seed1.npz,bidisperse,1,0.005,1.5,0.3395573408227567
96000.0,0.7711133529532452,1,1.0,0.3951666313899263,0.40218800699315155,0.00033456005352960894,6.739561716896878e-12,bidisperse_a0.005_sr1.500_N1000_L12_T100000_seed1.npz,bidisperse,1,0.005,1.5,0.3395573408227567
97000.0,0.7707726982919654,1,1.0,,0.4209808620625756,0.0003344481605350724,9.739345507136856e-12,bidisperse_a0.005_sr1.500_N1000_L12_T100000_seed1.npz,bidisperse,1,0.005,1.5,0.3395573408227567
98000.0,0.7728935599605025,1,1.0,,0.3224661647633264,0.0006688963210702559,9.960590223083627e-12,bidisperse_a0.005_sr1.500_N1000_L12_T100000_seed1.npz,bidisperse,1,0.005,1.5,0.3395573408227567
99000.0,0.772353877902482,1,1.0,,0.37557905621064364,0.0010033444816053283,6.9550030464669e-12,bidisperse_a0.005_sr1.500_N1000_L12_T100000_seed1.npz,bidisperse,1,0.005,1.5,0.3395573408227567
100000.0,0.7710885603631292,1,1.0,0.38937667548193416,0.392573240302743,0.0006688963210702559,7.138151043093338e-12,bidisperse_a0.005_sr1.500_N1000_L12_T100000_seed1.npz,bidisperse,1,0.005,1.5,0.3395573408227567
0.0,0.9178742494260559,3,0.989,0.41479878744360743,,,,bidisperse_a0.005_sr1.500_N1000_L12_T100000_seed2.npz,bidisperse,2,0.005,1.5,0.3540797634956431
1000.0,0.7696380218756224,1,1.0,,0.2947653692517424,0.5609022556390977,2.387728107269294e-08,bidisperse_a0.005_sr1.500_N1000_L12_T100000_seed2.npz,bidisperse,2,0.005,1.5,0.3540797634956431
2000.0,0.7691757812548095,1,1.0,,0.4480029586620052,0.0006691201070592179,1.1197106091974405e-11,bidisperse_a0.005_sr1.500_N1000_L12_T100000_seed2.npz,bidisperse,2,0.005,1.5,0.3540797634956431
3000.0,0.7694680708269482,1,1.0,,0.5084595094813436,0.0010030090270812808,9.306131843287542e-12,bidisperse_a0.005_sr1.500_N1000_L12_T100000_seed2.npz,bidisperse,2,0.005,1.5,0.3540797634956431
4000.0,0.7698640389312718,1,1.0,0.39347300700645804,0.43563099778562103,0.0006688963210702559,8.745451122451328e-12,bidisperse_a0.005_sr1.500_N1000_L12_T100000_seed2.npz,bidisperse,2,0.005,1.5,0.3540797634956431
5000.0,0.7699404899485915,1,1.0,,0.43083938540903965,0.00033456005352960894,1.1616502669043034e-11,bidisperse_a0.005_sr1.500_N1000_L12_T100000_seed2.npz,bidisperse,2,0.005,1.5,0.3540797634956431
6000.0,0.7687206321941045,1,1.0,,0.37966929522466414,0.00033456005352960894,8.789468894040157e-12,bidisperse_a0.005_sr1.500_N1000_L12_T100000_seed2.npz,bidisperse,2,0.005,1.5,0.3540797634956431
7000.0,0.7690213732274277,1,1.0,,0.4376283816432231,0.00033456005352960894,1.2782454359227851e-11,bidisperse_a0.005_sr1.500_N1000_L12_T100000_seed2.npz,bidisperse,2,0.005,1.5,0.3540797634956431
8000.0,0.7698923762878377,1,1.0,0.39401389956673344,0.4333515539638177,0.00033456005352960894,1.4364747230043156e-11,bidisperse_a0.005_sr1.500_N1000_L12_T100000_seed2.npz,bidisperse,2,0.005,1.5,0.3540797634956431
9000.0,0.7690995877796083,1,1.0,,0.4007574219332245,0.00033467202141901353,1.1234708529555894e-11,bidisperse_a0.005_sr1.500_N1000_L12_T100000_seed2.npz,bidisperse,2,0.005,1.5,0.3540797634956431
10000.0,0.7715445113788487,1,1.0,,0.40164542534782954,0.00033467202141901353,1.2467173974225261e-11,bidisperse_a0.005_sr1.500_N1000_L12_T100000_seed2.npz,bidisperse,2,0.005,1.5,0.3540797634956431
11000.0,0.7719795265812943,1,1.0,,0.3676933771529819,0.0023395721925133506,5.2656752789263876e-11,bidisperse_a0.005_sr1.500_N1000_L12_T100000_seed2.npz,bidisperse,2,0.005,1.5,0.3540797634956431
12000.0,0.7695175503441701,1,1.0,0.3913861791058328,0.38910550487427076,0.00033456005352960894,1.1282647332885604e-11,bidisperse_a0.005_sr1.500_N1000_L12_T100000_seed2.npz,bidisperse,2,0.005,1.5,0.3540797634956431
13000.0,0.7728908641376135,1,1.0,,0.37588864649242565,0.00033456005352960894,8.010170099792276e-12,bidisperse_a0.005_sr1.500_N1000_L12_T100000_seed2.npz,bidisperse,2,0.005,1.5,0.3540797634956431
14000.0,0.7717980915182372,1,1.0,,0.3708132294718428,0.00033456005352960894,9.516878558201742e-12,bidisperse_a0.005_sr1.500_N1000_L12_T100000_seed2.npz,bidisperse,2,0.005,1.5,0.3540797634956431
15000.0,0.770246369234188,1,1.0,,0.415892706379469,0.0013377926421405117,6.262705818267566e-12,bidisperse_a0.005_sr1.500_N1000_L12_T100000_seed2.npz,bidisperse,2,0.005,1.5,0.3540797634956431
16000.0,0.7744023902707963,1,1.0,0.3946083439277303,0.4153822631907817,0.0010036801605888268,8.55941520532846e-12,bidisperse_a0.005_sr1.500_N1000_L12_T100000_seed2.npz,bidisperse,2,0.005,1.5,0.3540797634956431
17000.0,0.7758611980272719,1,1.0,,0.4554329081679782,0.00033467202141901353,5.184082289335755e-12,bidisperse_a0.005_sr1.500_N1000_L12_T100000_seed2.npz,bidisperse,2,0.005,1.5,0.3540797634956431
18000.0,0.7710714085972192,1,1.0,,0.4901473863989819,0.0006688963210702559,7.146541769962252e-12,bidisperse_a0.005_sr1.500_N1000_L12_T100000_seed2.npz,bidisperse,2,0.005,1.5,0.3540797634956431
19000.0,0.7703090208874493,1,1.0,,0.4171345415534803,0.0003344481605350724,1.0142907023848974e-11,bidisperse_a0.005_sr1.500_N1000_L12_T100000_seed2.npz,bidisperse,2,0.005,1.5,0.3540797634956431
20000.0,0.7723445317116255,1,1.0,0.39344249236531864,0.4118990535033781,0.0,1.0416763520557806e-11,bidisperse_a0.005_sr1.500_N1000_L12_T100000_seed2.npz,bidisperse,2,0.005,1.5,0.3540797634956431
21000.0,0.7721185388586923,1,1.0,,0.4183650740193778,0.0010033444816053283,5.420261068526354e-12,bidisperse_a0.005_sr1.500_N1000_L12_T100000_seed2.npz,bidisperse,2,0.005,1.5,0.3540797634956431
22000.0,0.7713200884563798,1,1.0,,0.36076646268984536,0.00033456005352960894,9.696699578642885e-12,bidisperse_a0.005_sr1.500_N1000_L12_T100000_seed2.npz,bidisperse,2,0.005,1.5,0.3540797634956431
23000.0,0.7700749743595369,1,1.0,,0.3825789138558182,0.0006688963210702559,7.58146119846292e-12,bidisperse_a0.005_sr1.500_N1000_L12_T100000_seed2.npz,bidisperse,2,0.005,1.5,0.3540797634956431
24000.0,0.7698402937945446,1,1.0,0.3921499063336493,0.3683364477185672,0.00033456005352960894,9.021169928555328e-12,bidisperse_a0.005_sr1.500_N1000_L12_T100000_seed2.npz,bidisperse,2,0.005,1.5,0.3540797634956431
25000.0,0.7689370364984731,1,1.0,,0.42426374885488344,0.0006688963210702559,9.09921935894752e-12,bidisperse_a0.005_sr1.500_N1000_L12_T100000_seed2.npz,bidisperse,2,0.005,1.5,0.3540797634956431
26000.0,0.771997349057094,1,1.0,,0.3452628017659537,0.0006688963210702559,5.64083100042902e-12,bidisperse_a0.005_sr1.500_N1000_L12_T100000_seed2.npz,bidisperse,2,0.005,1.5,0.3540797634956431
27000.0,0.7721624209029629,1,1.0,,0.43604905749324857,0.00033456005352960894,7.410033408933354e-12,bidisperse_a0.005_sr1.500_N1000_L12_T100000_seed2.npz,bidisperse,2,0.005,1.5,0.3540797634956431
28000.0,0.771183757193349,1,1.0,0.39321053520542204,0.5288590058449868,0.0,1.0623134501392141e-11,bidisperse_a0.005_sr1.500_N1000_L12_T100000_seed2.npz,bidisperse,2,0.005,1.5,0.3540797634956431
29000.0,0.7729388822918337,1,1.0,,0.454470940491558,0.0006688963210702559,9.9756853830935e-12,bidisperse_a0.005_sr1.500_N1000_L12_T100000_seed2.npz,bidisperse,2,0.005,1.5,0.3540797634956431
30000.0,0.7703339254079948,1,1.0,,0.48359293917811985,0.0006688963210702559,1.0225346182656515e-11,bidisperse_a0.005_sr1.500_N1000_L12_T100000_seed2.npz,bidisperse,2,0.005,1.5,0.3540797634956431
31000.0,0.7724036084607555,1,1.0,,0.41465861155216843,0.0010030090270812808,1.0176320402483747e-11,bidisperse_a0.005_sr1.500_N1000_L12_T100000_seed2.npz,bidisperse,2,0.005,1.5,0.3540797634956431
32000.0,0.7730701766855408,1,1.0,0.3917446756466958,0.5125380409960573,0.0003344481605350724,1.0976934774983503e-11,bidisperse_a0.005_sr1.500_N1000_L12_T100000_seed2.npz,bidisperse,2,0.005,1.5,0.3540797634956431
33000.0,0.7713199765259503,1,1.0,,0.3819139753507236,0.0,5.9207851737578105e-12,bidisperse_a0.005_sr1.500_N1000_L12_T100000_seed2.npz,bidisperse,2,0.005,1.5,0.3540797634956431
34000.0,0.7736463479979714,1,1.0,,0.43402572790972904,0.0010033444816053283,1.0400571648908785e-11,bidisperse_a0.005_sr1.500_N1000_L12_T100000_seed2.npz,bidisperse,2,0.005,1.5,0.3540797634956431
35000.0,0.7706242753253084,1,1.0,,0.4079401406686829,0.0006691201070592179,6.387722360604807e-12,bidisperse_a0.005_sr1.500_N1000_L12_T100000_seed2.npz,bidisperse,2,0.005,1.5,0.3540797634956431
36000.0,0.7702594357072173,1,1.0,0.3907797607248287,0.4056615099736429,0.00033456005352960894,1.3035289958088957e-11,bidisperse_a0.005_sr1.500_N1000_L12_T100000_seed2.npz,bidisperse,2,0.005,1.5,0.3540797634956431
37000.0,0.7723382636075782,1,1.0,,0.40067864116001356,0.0,9.221261859895196e-12,bidisperse_a0.005_sr1.500_N1000_L12_T100000_seed2.npz,bidisperse,2,0.005,1.5,0.3540797634956431
38000.0,0.7730331746441366,1,1.0,,0.3894259534053494,0.00033456005352960894,1.0914932218192508e-11,bidisperse_a0.005_sr1.500_N1000_L12_T100000_seed2.npz,bidisperse,2,0.005,1.5,0.3540797634956431
39000.0,0.767751001775957,1,1.0,,0.4108974977429247,0.0,5.598131192431623e-12,bidisperse_a0.005_sr1.500_N1000_L12_T100000_seed2.npz,bidisperse,2,0.005,1.5,0.3540797634956431
40000.0,0.7729603151562072,1,1.0,0.39453422047553593,0.3437472292673272,0.0006691201070592179,1.1674269094182818e-11,bidisperse_a0.005_sr1.500_N1000_L12_T100000_seed2.npz,bidisperse,2,0.005,1.5,0.3540797634956431
41000.0,0.7722845196050422,1,1.0,,0.4340290303737556,0.00033467202141901353,9.509709104450803e-12,bidisperse_a0.005_sr1.500_N1000_L12_T100000_seed2.npz,bidisperse,2,0.005,1.5,0.3540797634956431
42000.0,0.7714424843809481,1,1.0,,0.5328116805178692,0.0006691201070592179,8.634776757442011e-12,bidisperse_a0.005_sr1.500_N1000_L12_T100000_seed2.npz,bidisperse,2,0.005,1.5,0.3540797634956431
43000.0,0.7730266999250568,1,1.0,,0.38390645599206147,0.0003344481605350724,8.646555288844221e-12,bidisperse_a0.005_sr1.500_N1000_L12_T100000_seed2.npz,bidisperse,2,0.005,1.5,0.3540797634956431
44000.0,0.7685143743201275,1,1.0,0.38873406014359385,0.3914625764036914,0.0006688963210702559,9.271540153807732e-12,bidisperse_a0.005_sr1.500_N1000_L12_T100000_seed2.npz,bidisperse,2,0.005,1.5,0.3540797634956431
45000.0,0.7666755135438479,1,1.0,,0.43179201318801563,0.00033467202141901353,7.622131200434463e-12,bidisperse_a0.005_sr1.500_N1000_L12_T100000_seed2.npz,bidisperse,2,0.005,1.5,0.3540797634956431
46000.0,0.77171604796995,1,1.0,,0.46220844473242384,0.0,9.541756973050804e-12,bidisperse_a0.005_sr1.500_N1000_L12_T100000_seed2.npz,bidisperse,2,0.005,1.5,0.3540797634956431
47000.0,0.769458188922447,1,1.0,,0.41677138545297404,0.0,1.0720528077753786e-11,bidisperse_a0.005_sr1.500_N1000_L12_T100000_seed2.npz,bidisperse,2,0.005,1.5,0.3540797634956431
48000.0,0.7731556525073968,1,1.0,0.39331295134427346,0.4475626323810287,0.00033467202141901353,8.257685688283553e-12,bidisperse_a0.005_sr1.500_N1000_L12_T100000_seed2.npz,bidisperse,2,0.005,1.5,0.3540797634956431
49000.0,0.7717095512796388,1,1.0,,0.4947527472844572,0.0006691201070592179,1.0444178284191624e-11,bidisperse_a0.005_sr1.500_N1000_L12_T100000_seed2.npz,bidisperse,2,0.005,1.5,0.3540797634956431
50000.0,0.7715372870330048,1,1.0,,0.4762914017412535,0.0,9.84104984481611e-12,bidisperse_a0.005_sr1.500_N1000_L12_T100000_seed2.npz,bidisperse,2,0.005,1.5,0.3540797634956431
51000.0,0.7688226690788141,1,1.0,,0.3953421608079034,0.0,7.211683108304974e-12,bidisperse_a0.005_sr1.500_N1000_L12_T100000_seed2.npz,bidisperse,2,0.005,1.5,0.3540797634956431
52000.0,0.7721026051162738,1,1.0,0.39395800941823916,0.39814629692497333,0.0006688963210702559,8.729190719778376e-12,bidisperse_a0.005_sr1.500_N1000_L12_T100000_seed2.npz,bidisperse,2,0.005,1.5,0.3540797634956431
53000.0,0.7692882629948211,1,1.0,,0.3906209860910547,0.0,6.521484440578296e-12,bidisperse_a0.005_sr1.500_N1000_L12_T100000_seed2.npz,bidisperse,2,0.005,1.5,0.3540797634956431
54000.0,0.7729617091987386,1,1.0,,0.42177346644262464,0.0010033444816053283,1.0210229357187889e-11,bidisperse_a0.005_sr1.500_N1000_L12_T100000_seed2.npz,bidisperse,2,0.005,1.5,0.3540797634956431
55000.0,0.7695172872786658,1,1.0,,0.3799964622789664,0.0010033444816053283,8.59203912404553e-12,bidisperse_a0.005_sr1.500_N1000_L12_T100000_seed2.npz,bidisperse,2,0.005,1.5,0.3540797634956431
56000.0,0.7679175537491331,1,1.0,0.39112509460719574,0.4627284423508674,0.0006688963210702559,9.89527448806547e-12,bidisperse_a0.005_sr1.500_N1000_L12_T100000_seed2.npz,bidisperse,2,0.005,1.5,0.3540797634956431
57000.0,0.7724490666817202,1,1.0,,0.3731909621809546,0.0006691201070592179,7.60081345802871e-12,bidisperse_a0.005_sr1.500_N1000_L12_T100000_seed2.npz,bidisperse,2,0.005,1.5,0.3540797634956431
58000.0,0.770525550303158,1,1.0,,0.45451659627163987,0.00033456005352960894,1.0700132075438272e-11,bidisperse_a0.005_sr1.500_N1000_L12_T100000_seed2.npz,bidisperse,2,0.005,1.5,0.3540797634956431
59000.0,0.7709691865601552,1,1.0,,0.4490413713063211,0.0006688963210702559,6.825900749599511e-12,bidisperse_a0.005_sr1.500_N1000_L12_T100000_seed2.npz,bidisperse,2,0.005,1.5,0.3540797634956431
60000.0,0.7716792172391665,1,1.0,0.39356496291017323,0.40660934650653446,0.0,7.491956849187665e-12,bidisperse_a0.005_sr1.500_N1000_L12_T100000_seed2.npz,bidisperse,2,0.005,1.5,0.3540797634956431
61000.0,0.7710911907282205,1,1.0,,0.4049967689811633,0.0006688963210702559,5.514560344268473e-12,bidisperse_a0.005_sr1.500_N1000_L12_T100000_seed2.npz,bidisperse,2,0.005,1.5,0.3540797634956431
62000.0,0.7716436233626117,1,1.0,,0.3545942924961472,0.0006688963210702559,1.0973302047882877e-11,bidisperse_a0.005_sr1.500_N1000_L12_T100000_seed2.npz,bidisperse,2,0.005,1.5,0.3540797634956431
63000.0,0.7731882460677157,1,1.0,,0.4769006644378513,0.00033456005352960894,1.0258416362959525e-11,bidisperse_a0.005_sr1.500_N1000_L12_T100000_seed2.npz,bidisperse,2,0.005,1.5,0.3540797634956431
64000.0,0.7693739605246213,1,1.0,0.3915964455130436,0.3838974595194397,0.00033467202141901353,1.4419945558737462e-11,bidisperse_a0.005_sr1.500_N1000_L12_T100000_seed2.npz,bidisperse,2,0.005,1.5,0.3540797634956431
65000.0,0.7736568765019919,1,1.0,,0.3638988717598354,0.00033467202141901353,1.2291136905482072e-11,bidisperse_a0.005_sr1.500_N1000_L12_T100000_seed2.npz,bidisperse,2,0.005,1.5,0.3540797634956431
66000.0,0.7707913850730251,1,1.0,,0.4676931727440444,0.00033456005352960894,5.703305722631714e-12,bidisperse_a0.005_sr1.500_N1000_L12_T100000_seed2.npz,bidisperse,2,0.005,1.5,0.3540797634956431
67000.0,0.7712191831742597,1,1.0,,0.42481978081277394,0.0006688963210702559,1.1168354781502252e-11,bidisperse_a0.005_sr1.500_N1000_L12_T100000_seed2.npz,bidisperse,2,0.005,1.5,0.3540797634956431
68000.0,0.7723641106147033,1,1.0,0.39105367252141093,0.39192387605351053,0.00033456005352960894,7.287080449965752e-12,bidisperse_a0.005_sr1.500_N1000_L12_T100000_seed2.npz,bidisperse,2,0.005,1.5,0.3540797634956431
69000.0,0.7736904781105681,1,1.0,,0.4900567660628811,0.0006691201070592179,8.113238650058927e-12,bidisperse_a0.005_sr1.500_N1000_L12_T100000_seed2.npz,bidisperse,2,0.005,1.5,0.3540797634956431
70000.0,0.7711128492663128,1,1.0,,0.4066036104510875,0.00033456005352960894,1.0134921807240282e-11,bidisperse_a0.005_sr1.500_N1000_L12_T100000_seed2.npz,bidisperse,2,0.005,1.5,0.3540797634956431
71000.0,0.7727045559378477,1,1.0,,0.43965037566815457,0.0,5.7822381081876885e-12,bidisperse_a0.005_sr1.500_N1000_L12_T100000_seed2.npz,bidisperse,2,0.005,1.5,0.3540797634956431
72000.0,0.7709458316694068,1,1.0,0.39485667666685087,0.43290364313241964,0.0006691201070592179,1.0959833308702366e-11,bidisperse_a0.005_sr1.500_N1000_L12_T100000_seed2.npz,bidisperse,2,0.005,1.5,0.3540797634956431
73000.0,0.7707028974680933,1,1.0,,0.46097372153385313,0.0,7.921069131003975e-12,bidisperse_a0.005_sr1.500_N1000_L12_T100000_seed2.npz,bidisperse,2,0.005,1.5,0.3540797634956431
74000.0,0.774295981029295,1,1.0,,0.3856792384379945,0.0010033444816053283,1.1202936294966442e-11,bidisperse_a0.005_sr1.500_N1000_L12_T100000_seed2.npz,bidisperse,2,0.005,1.5,0.3540797634956431
75000.0,0.7696601042229001,1,1.0,,0.40401804672553604,0.0010030090270812808,8.323578200799749e-12,bidisperse_a0.005_sr1.500_N1000_L12_T100000_seed2.npz,bidisperse,2,0.005,1.5,0.3540797634956431
76000.0,0.7759074054750588,1,1.0,0.3940213977116999,0.4433818781105296,0.0006691201070592179,7.946942161549903e-12,bidisperse_a0.005_sr1.500_N1000_L12_T100000_seed2.npz,bidisperse,2,0.005,1.5,0.3540797634956431
77000.0,0.7698149040067848,1,1.0,,0.3623570875635583,0.0006691201070592179,8.418834934667404e-12,bidisperse_a0.005_sr1.500_N1000_L12_T100000_seed2.npz,bidisperse,2,0.005,1.5,0.3540797634956431
78000.0,0.7705035064904061,1,1.0,,0.4223847017796972,0.0006691201070592179,1.4780903588282435e-11,bidisperse_a0.005_sr1.500_N1000_L12_T100000_seed2.npz,bidisperse,2,0.005,1.5,0.3540797634956431
79000.0,0.769499293470177,1,1.0,,0.3432241340803459,0.00033467202141901353,9.101951531242983e-12,bidisperse_a0.005_sr1.500_N1000_L12_T100000_seed2.npz,bidisperse,2,0.005,1.5,0.3540797634956431
80000.0,0.771748334279332,1,1.0,0.39515553162234235,0.3303531580918914,0.00033456005352960894,1.0235507533467294e-11,bidisperse_a0.005_sr1.500_N1000_L12_T100000_seed2.npz,bidisperse,2,0.005,1.5,0.3540797634956431
81000.0,0.7736588365958255,1,1.0,,0.39738717163659454,0.00033456005352960894,6.7343781854245925e-12,bidisperse_a0.005_sr1.500_N1000_L12_T100000_seed2.npz,bidisperse,2,0.005,1.5,0.3540797634956431
82000.0,0.769398298948492,1,1.0,,0.40060913342339677,0.00033456005352960894,8.190866649303597e-12,bidisperse_a0.005_sr1.500_N1000_L12_T100000_seed2.npz,bidisperse,2,0.005,1.5,0.3540797634956431
83000.0,0.7721976823525464,1,1.0,,0.47440860467809226,0.0003344481605350724,8.075219569675166e-12,bidisperse_a0.005_sr1.500_N1000_L12_T100000_seed2.npz,bidisperse,2,0.005,1.5,0.3540797634956431
84000.0,0.7702228572446902,1,1.0,0.3944272594104266,0.4198017423588227,0.0010033444816053283,1.0155463467847501e-11,bidisperse_a0.005_sr1.500_N1000_L12_T100000_seed2.npz,bidisperse,2,0.005,1.5,0.3540797634956431
85000.0,0.770912325902011,1,1.0,,0.3882019298399478,0.0006691201070592179,1.031841523779342e-11,bidisperse_a0.005_sr1.500_N1000_L12_T100000_seed2.npz,bidisperse,2,0.005,1.5,0.3540797634956431
86000.0,0.7726503403170917,1,1.0,,0.487076592944984,0.00033456005352960894,6.7778277253650955e-12,bidisperse_a0.005_sr1.500_N1000_L12_T100000_seed2.npz,bidisperse,2,0.005,1.5,0.3540797634956431
87000.0,0.7724360740597374,1,1.0,,0.3741513873118452,0.0006691201070592179,8.358868154591295e-12,bidisperse_a0.005_sr1.500_N1000_L12_T100000_seed2.npz,bidisperse,2,0.005,1.5,0.3540797634956431
88000.0,0.7724795954884961,1,1.0,0.39095377667321324,0.38984830255252184,0.00033467202141901353,7.856516882272826e-12,bidisperse_a0.005_sr1.500_N1000_L12_T100000_seed2.npz,bidisperse,2,0.005,1.5,0.3540797634956431
89000.0,0.7716698708576356,1,1.0,,0.43026079663541855,0.0,1.1385144384998418e-11,bidisperse_a0.005_sr1.500_N1000_L12_T100000_seed2.npz,bidisperse,2,0.005,1.5,0.3540797634956431
90000.0,0.7689087712154336,1,1.0,,0.41813742796116016,0.0006691201070592179,6.456291339987694e-12,bidisperse_a0.005_sr1.500_N1000_L12_T100000_seed2.npz,bidisperse,2,0.005,1.5,0.3540797634956431
91000.0,0.7702399289258776,1,1.0,,0.36858208214618116,0.00033456005352960894,6.6770855398100445e-12,bidisperse_a0.005_sr1.500_N1000_L12_T100000_seed2.npz,bidisperse,2,0.005,1.5,0.3540797634956431
92000.0,0.7749238565271278,1,1.0,0.3914515858172654,0.43268782769841463,0.0010033444816053283,1.0234272332030282e-11,bidisperse_a0.005_sr1.500_N1000_L12_T100000_seed2.npz,bidisperse,2,0.005,1.5,0.3540797634956431
93000.0,0.7747888433855041,1,1.0,,0.3773468371376397,0.0006691201070592179,8.608671244050292e-12,bidisperse_a0.005_sr1.500_N1000_L12_T100000_seed2.npz,bidisperse,2,0.005,1.5,0.3540797634956431
94000.0,0.7707831567879554,1,1.0,,0.4586266155401139,0.0010033444816053283,5.606367092124306e-12,bidisperse_a0.005_sr1.500_N1000_L12_T100000_seed2.npz,bidisperse,2,0.005,1.5,0.3540797634956431
95000.0,0.7717407230101316,1,1.0,,0.4815893205262279,0.0003344481605350724,1.0038920622765026e-11,bidisperse_a0.005_sr1.500_N1000_L12_T100000_seed2.npz,bidisperse,2,0.005,1.5,0.3540797634956431
96000.0,0.7745129334831518,1,1.0,0.3917815393658525,0.415668434398763,0.0010033444816053283,9.172992090181081e-12,bidisperse_a0.005_sr1.500_N1000_L12_T100000_seed2.npz,bidisperse,2,0.005,1.5,0.3540797634956431
97000.0,0.7677723948000839,1,1.0,,0.4361727608602413,0.0006691201070592179,8.577779951889006e-12,bidisperse_a0.005_sr1.500_N1000_L12_T100000_seed2.npz,bidisperse,2,0.005,1.5,0.3540797634956431
98000.0,0.7718696069418235,1,1.0,,0.45072826191754867,0.0006691201070592179,1.2077870224899129e-11,bidisperse_a0.005_sr1.500_N1000_L12_T100000_seed2.npz,bidisperse,2,0.005,1.5,0.3540797634956431
99000.0,0.7700750862899663,1,1.0,,0.37710800862304333,0.0010033444816053283,1.0018135885255846e-11,bidisperse_a0.005_sr1.500_N1000_L12_T100000_seed2.npz,bidisperse,2,0.005,1.5,0.3540797634956431
100000.0,0.7679290903014109,1,1.0,0.3930058513094472,0.4572943297101801,0.0010033444816053283,9.32471115398205e-12,bidisperse_a0.005_sr1.500_N1000_L12_T100000_seed2.npz,bidisperse,2,0.005,1.5,0.3540797634956431
0.0,0.9142349374708962,5,0.969,0.41158260208189007,,,,bidisperse_a0.005_sr1.500_N1000_L12_T100000_seed3.npz,bidisperse,3,0.005,1.5,0.34990240813052503
1000.0,0.7726400385377143,1,1.0,,0.30573275837198394,0.5710772257747172,2.981534654909846e-08,bidisperse_a0.005_sr1.500_N1000_L12_T100000_seed3.npz,bidisperse,3,0.005,1.5,0.34990240813052503
2000.0,0.7753698680220023,1,1.0,,0.5643543821313878,0.0006693440428380271,1.0109144903913552e-11,bidisperse_a0.005_sr1.500_N1000_L12_T100000_seed3.npz,bidisperse,3,0.005,1.5,0.34990240813052503
3000.0,0.7706818263585906,1,1.0,,0.4774197375004964,0.0006693440428380271,1.2467943469444327e-11,bidisperse_a0.005_sr1.500_N1000_L12_T100000_seed3.npz,bidisperse,3,0.005,1.5,0.34990240813052503
4000.0,0.7706000406451361,1,1.0,0.38976363911246453,0.3866608943296647,0.00033478406427855933,8.612407175464416e-12,bidisperse_a0.005_sr1.500_N1000_L12_T100000_seed3.npz,bidisperse,3,0.005,1.5,0.34990240813052503
5000.0,0.7741475195101102,1,1.0,,0.36407024182349623,0.0010040160642570406,1.1058315692918659e-11,bidisperse_a0.005_sr1.500_N1000_L12_T100000_seed3.npz,bidisperse,3,0.005,1.5,0.34990240813052503
6000.0,0.7686050891885146,1,1.0,,0.4089712473580755,0.0013382402141184357,1.0380823953629458e-11,bidisperse_a0.005_sr1.500_N1000_L12_T100000_seed3.npz,bidisperse,3,0.005,1.5,0.34990240813052503
7000.0,0.7740767967968327,1,1.0,,0.4247933800681775,0.0020066889632106566,8.193047342978021e-12,bidisperse_a0.005_sr1.500_N1000_L12_T100000_seed3.npz,bidisperse,3,0.005,1.5,0.34990240813052503
8000.0,0.7730200700167918,1,1.0,0.3901652086555354,0.45759206322035684,0.0010036801605888268,6.105168904066354e-12,bidisperse_a0.005_sr1.500_N1000_L12_T100000_seed3.npz,bidisperse,3,0.005,1.5,0.34990240813052503
9000.0,0.7723097383682458,1,1.0,,0.36779731632621765,0.0013382402141184357,7.3346049009698e-12,bidisperse_a0.005_sr1.500_N1000_L12_T100000_seed3.npz,bidisperse,3,0.005,1.5,0.34990240813052503
10000.0,0.7707794893696819,1,1.0,,0.44821181377066377,0.0,1.0193104917502602e-11,bidisperse_a0.005_sr1.500_N1000_L12_T100000_seed3.npz,bidisperse,3,0.005,1.5,0.34990240813052503
11000.0,0.7704794652511066,1,1.0,,0.4453288988192324,0.00033478406427855933,9.786915841257376e-12,bidisperse_a0.005_sr1.500_N1000_L12_T100000_seed3.npz,bidisperse,3,0.005,1.5,0.34990240813052503
12000.0,0.7703848638642029,1,1.0,0.395083849454041,0.4042754171870221,0.00033467202141901353,8.222296450747651e-12,bidisperse_a0.005_sr1.500_N1000_L12_T100000_seed3.npz,bidisperse,3,0.005,1.5,0.34990240813052503
13000.0,0.7710150780362164,1,1.0,,0.4148146634327226,0.0010033444816053283,9.979724982368511e-12,bidisperse_a0.005_sr1.500_N1000_L12_T100000_seed3.npz,bidisperse,3,0.005,1.5,0.34990240813052503
14000.0,0.7715974624658749,1,1.0,,0.4536369148282768,0.0013382402141184357,9.175933916779815e-12,bidisperse_a0.005_sr1.500_N1000_L12_T100000_seed3.npz,bidisperse,3,0.005,1.5,0.34990240813052503
15000.0,0.7724668568975531,1,1.0,,0.43701088119913784,0.0,9.835718336722926e-12,bidisperse_a0.005_sr1.500_N1000_L12_T100000_seed3.npz,bidisperse,3,0.005,1.5,0.34990240813052503
16000.0,0.7733912572155941,1,1.0,0.39746319906441285,0.5066227165946826,0.0006695681285571187,1.1366129313348572e-11,bidisperse_a0.005_sr1.500_N1000_L12_T100000_seed3.npz,bidisperse,3,0.005,1.5,0.34990240813052503
17000.0,0.7714075599055921,1,1.0,,0.4105828319651927,0.00033478406427855933,9.83764628635967e-12,bidisperse_a0.005_sr1.500_N1000_L12_T100000_seed3.npz,bidisperse,3,0.005,1.5,0.34990240813052503
18000.0,0.7747808856792557,1,1.0,,0.46673257714125876,0.00033478406427855933,7.6276694053031e-12,bidisperse_a0.005_sr1.500_N1000_L12_T100000_seed3.npz,bidisperse,3,0.005,1.5,0.34990240813052503
19000.0,0.7708980937610613,1,1.0,,0.3581138797635672,0.0010040160642570406,9.769055250299069e-12,bidisperse_a0.005_sr1.500_N1000_L12_T100000_seed3.npz,bidisperse,3,0.005,1.5,0.34990240813052503
20000.0,0.7747018865287119,1,1.0,0.39200997430148976,0.419369957417197,0.0013382402141184357,8.526169578669585e-12,bidisperse_a0.005_sr1.500_N1000_L12_T100000_seed3.npz,bidisperse,3,0.005,1.5,0.34990240813052503
21000.0,0.7724716377822478,1,1.0,,0.39174582698499555,0.0010036801605888268,1.2065456576553468e-11,bidisperse_a0.005_sr1.500_N1000_L12_T100000_seed3.npz,bidisperse,3,0.005,1.5,0.34990240813052503
22000.0,0.7704563016085453,1,1.0,,0.4007977713639727,0.0006695681285571187,1.1292643038815059e-11,bidisperse_a0.005_sr1.500_N1000_L12_T100000_seed3.npz,bidisperse,3,0.005,1.5,0.34990240813052503
23000.0,0.7729939883452107,1,1.0,,0.4040205465697454,0.0006695681285571187,9.89360616459965e-12,bidisperse_a0.005_sr1.500_N1000_L12_T100000_seed3.npz,bidisperse,3,0.005,1.5,0.34990240813052503
24000.0,0.7712268081697607,1,1.0,0.3913095674382791,0.3464874999591536,0.0010036801605888268,1.1742620729099374e-11,bidisperse_a0.005_sr1.500_N1000_L12_T100000_seed3.npz,bidisperse,3,0.005,1.5,0.34990240813052503
25000.0,0.7731419904733927,1,1.0,,0.433509321572139,0.0010036801605888268,1.0533627937375407e-11,bidisperse_a0.005_sr1.500_N1000_L12_T100000_seed3.npz,bidisperse,3,0.005,1.5,0.34990240813052503
26000.0,0.7709746711511967,1,1.0,,0.4060219947066716,0.0013377926421405117,1.2169766403841649e-11,bidisperse_a0.005_sr1.500_N1000_L12_T100000_seed3.npz,bidisperse,3,0.005,1.5,0.34990240813052503
27000.0,0.7746343966360646,1,1.0,,0.40914875580993915,0.0013377926421405117,1.115653330459661e-11,bidisperse_a0.005_sr1.500_N1000_L12_T100000_seed3.npz,bidisperse,3,0.005,1.5,0.34990240813052503
28000.0,0.7717792430763074,1,1.0,0.3948442063558644,0.365333171385478,0.0010040160642570406,9.761456661033067e-12,bidisperse_a0.005_sr1.500_N1000_L12_T100000_seed3.npz,bidisperse,3,0.005,1.5,0.34990240813052503
29000.0,0.7700383661373079,1,1.0,,0.4830300196942609,0.0006695681285571187,9.244799180357864e-12,bidisperse_a0.005_sr1.500_N1000_L12_T100000_seed3.npz,bidisperse,3,0.005,1.5,0.34990240813052503
30000.0,0.7712777146067537,1,1.0,,0.37828776994866703,0.0006693440428380271,8.978002146314768e-12,bidisperse_a0.005_sr1.500_N1000_L12_T100000_seed3.npz,bidisperse,3,0.005,1.5,0.34990240813052503
31000.0,0.7739620124995009,1,1.0,,0.4509528770722401,0.0006693440428380271,1.1332341209259741e-11,bidisperse_a0.005_sr1.500_N1000_L12_T100000_seed3.npz,bidisperse,3,0.005,1.5,0.34990240813052503
32000.0,0.7728608702635069,1,1.0,0.39407298807697816,0.4416461566242672,0.0013386880856760541,8.547339131637598e-12,bidisperse_a0.005_sr1.500_N1000_L12_T100000_seed3.npz,bidisperse,3,0.005,1.5,0.34990240813052503
33000.0,0.7687216611209534,1,1.0,,0.4398564837964855,0.0013386880856760541,7.593672935312263e-12,bidisperse_a0.005_sr1.500_N1000_L12_T100000_seed3.npz,bidisperse,3,0.005,1.5,0.34990240813052503
34000.0,0.7687482419632767,1,1.0,,0.3638322381912868,0.0006695681285571187,1.0804659643520128e-11,bidisperse_a0.005_sr1.500_N1000_L12_T100000_seed3.npz,bidisperse,3,0.005,1.5,0.34990240813052503
35000.0,0.7752452391131823,1,1.0,,0.4467215182707771,0.0,9.09971490062388e-12,bidisperse_a0.005_sr1.500_N1000_L12_T100000_seed3.npz,bidisperse,3,0.005,1.5,0.34990240813052503
36000.0,0.7736582326562073,1,1.0,0.3968039983700526,0.5896401638446253,0.00033478406427855933,1.0538423534292801e-11,bidisperse_a0.005_sr1.500_N1000_L12_T100000_seed3.npz,bidisperse,3,0.005,1.5,0.34990240813052503
37000.0,0.7715700486013667,1,1.0,,0.5037806230679145,0.00033467202141901353,5.585551896480752e-12,bidisperse_a0.005_sr1.500_N1000_L12_T100000_seed3.npz,bidisperse,3,0.005,1.5,0.34990240813052503
38000.0,0.7717697659405424,1,1.0,,0.41459239392872754,0.0006693440428380271,7.628649664146265e-12,bidisperse_a0.005_sr1.500_N1000_L12_T100000_seed3.npz,bidisperse,3,0.005,1.5,0.34990240813052503
39000.0,0.771219169807944,1,1.0,,0.5190211568971135,0.0013377926421405117,9.501072038011695e-12,bidisperse_a0.005_sr1.500_N1000_L12_T100000_seed3.npz,bidisperse,3,0.005,1.5,0.34990240813052503
40000.0,0.7725930495744693,1,1.0,0.39192466355082684,0.39638187404646785,0.0013373453694416337,1.0301099902248725e-11,bidisperse_a0.005_sr1.500_N1000_L12_T100000_seed3.npz,bidisperse,3,0.005,1.5,0.34990240813052503
41000.0,0.7737237996724787,1,1.0,,0.3806023672431713,0.0016722408026755842,6.0899912146576015e-12,bidisperse_a0.005_sr1.500_N1000_L12_T100000_seed3.npz,bidisperse,3,0.005,1.5,0.34990240813052503
42000.0,0.7731745270181168,1,1.0,,0.3998674989787666,0.0006695681285571187,7.417191962338875e-12,bidisperse_a0.005_sr1.500_N1000_L12_T100000_seed3.npz,bidisperse,3,0.005,1.5,0.34990240813052503
43000.0,0.7711899987547871,1,1.0,,0.36097416772118074,0.0013386880856760541,9.203461909747079e-12,bidisperse_a0.005_sr1.500_N1000_L12_T100000_seed3.npz,bidisperse,3,0.005,1.5,0.34990240813052503
44000.0,0.7755905141647399,1,1.0,0.3956854289302775,0.5406988234451311,0.0006691201070592179,7.033744208032779e-12,bidisperse_a0.005_sr1.500_N1000_L12_T100000_seed3.npz,bidisperse,3,0.005,1.5,0.34990240813052503
45000.0,0.772291196862008,1,1.0,,0.367669142223094,0.0013373453694416337,8.698144535835159e-12,bidisperse_a0.005_sr1.500_N1000_L12_T100000_seed3.npz,bidisperse,3,0.005,1.5,0.34990240813052503
46000.0,0.7697770667677403,1,1.0,,0.4276073985737303,0.0016716817118020977,8.857136031913394e-12,bidisperse_a0.005_sr1.500_N1000_L12_T100000_seed3.npz,bidisperse,3,0.005,1.5,0.34990240813052503
47000.0,0.7706201164711947,1,1.0,,0.3680015606456089,0.0013382402141184357,8.711353405945339e-12,bidisperse_a0.005_sr1.500_N1000_L12_T100000_seed3.npz,bidisperse,3,0.005,1.5,0.34990240813052503
48000.0,0.7725983446401878,1,1.0,0.394308211377749,0.43846492867840137,0.0010040160642570406,8.356741461162586e-12,bidisperse_a0.005_sr1.500_N1000_L12_T100000_seed3.npz,bidisperse,3,0.005,1.5,0.34990240813052503
49000.0,0.7734103198269755,1,1.0,,0.40593387260021346,0.0016728002676480447,5.5696450998708065e-12,bidisperse_a0.005_sr1.500_N1000_L12_T100000_seed3.npz,bidisperse,3,0.005,1.5,0.34990240813052503
50000.0,0.7696193979388848,1,1.0,,0.31824933958448226,0.001004352192835567,5.848891000869084e-12,bidisperse_a0.005_sr1.500_N1000_L12_T100000_seed3.npz,bidisperse,3,0.005,1.5,0.34990240813052503
51000.0,0.7713962011483838,1,1.0,,0.3473064786597814,0.0013382402141184357,9.645083253304844e-12,bidisperse_a0.005_sr1.500_N1000_L12_T100000_seed3.npz,bidisperse,3,0.005,1.5,0.34990240813052503
52000.0,0.7743485356531579,1,1.0,0.39365020620733215,0.44576380841459284,0.0006691201070592179,9.584937753719346e-12,bidisperse_a0.005_sr1.500_N1000_L12_T100000_seed3.npz,bidisperse,3,0.005,1.5,0.34990240813052503
53000.0,0.7702744343847593,1,1.0,,0.4880815174667371,0.0006691201070592179,9.976541466667598e-12,bidisperse_a0.005_sr1.500_N1000_L12_T100000_seed3.npz,bidisperse,3,0.005,1.5,0.34990240813052503
54000.0,0.7701759738642209,1,1.0,,0.4636274513583885,0.00033456005352960894,1.0740014348508291e-11,bidisperse_a0.005_sr1.500_N1000_L12_T100000_seed3.npz,bidisperse,3,0.005,1.5,0.34990240813052503
55000.0,0.7715237903868934,1,1.0,,0.45522405722434567,0.0006691201070592179,6.83314486104181e-12,bidisperse_a0.005_sr1.500_N1000_L12_T100000_seed3.npz,bidisperse,3,0.005,1.5,0.34990240813052503
56000.0,0.7703759444907395,1,1.0,0.3911429846047659,0.41862106682070593,0.0016728002676480447,7.934997638739971e-12,bidisperse_a0.005_sr1.500_N1000_L12_T100000_seed3.npz,bidisperse,3,0.005,1.5,0.34990240813052503
57000.0,0.7711105337726735,1,1.0,,0.3754681592978243,0.0013386880856760541,8.822157626009069e-12,bidisperse_a0.005_sr1.500_N1000_L12_T100000_seed3.npz,bidisperse,3,0.005,1.5,0.34990240813052503
58000.0,0.7712576656469698,1,1.0,,0.4755357527352219,0.0010036801605888268,5.7282876113970345e-12,bidisperse_a0.005_sr1.500_N1000_L12_T100000_seed3.npz,bidisperse,3,0.005,1.5,0.34990240813052503
59000.0,0.7726895528092922,1,1.0,,0.5441200422247892,0.0006693440428380271,9.821387586845904e-12,bidisperse_a0.005_sr1.500_N1000_L12_T100000_seed3.npz,bidisperse,3,0.005,1.5,0.34990240813052503
60000.0,0.7730937135422548,1,1.0,0.389295935041669,0.4406405797345088,0.0013382402141184357,9.37886124362813e-12,bidisperse_a0.005_sr1.500_N1000_L12_T100000_seed3.npz,bidisperse,3,0.005,1.5,0.34990240813052503
61000.0,0.7712830908641258,1,1.0,,0.5300925608514075,0.0013377926421405117,8.843574673145327e-12,bidisperse_a0.005_sr1.500_N1000_L12_T100000_seed3.npz,bidisperse,3,0.005,1.5,0.34990240813052503
62000.0,0.7744688990686163,1,1.0,,0.37507754527101483,0.0013382402141184357,1.4878648101484566e-11,bidisperse_a0.005_sr1.500_N1000_L12_T100000_seed3.npz,bidisperse,3,0.005,1.5,0.34990240813052503
63000.0,0.7737749083210596,1,1.0,,0.5138586052213988,0.0010040160642570406,7.213089033937499e-12,bidisperse_a0.005_sr1.500_N1000_L12_T100000_seed3.npz,bidisperse,3,0.005,1.5,0.34990240813052503
64000.0,0.7735677277576787,1,1.0,0.39607738133332077,0.5004379948348272,0.0006693440428380271,1.2207527152220204e-11,bidisperse_a0.005_sr1.500_N1000_L12_T100000_seed3.npz,bidisperse,3,0.005,1.5,0.34990240813052503
65000.0,0.7704334181885956,1,1.0,,0.39571520687610373,0.0016722408026755842,1.0329644798318973e-11,bidisperse_a0.005_sr1.500_N1000_L12_T100000_seed3.npz,bidisperse,3,0.005,1.5,0.34990240813052503
66000.0,0.7742452535924841,1,1.0,,0.38252404592636935,0.0016722408026755842,8.706752762390246e-12,bidisperse_a0.005_sr1.500_N1000_L12_T100000_seed3.npz,bidisperse,3,0.005,1.5,0.34990240813052503
67000.0,0.7728907522071842,1,1.0,,0.4205490589048275,0.0006691201070592179,7.465640577602387e-12,bidisperse_a0.005_sr1.500_N1000_L12_T100000_seed3.npz,bidisperse,3,0.005,1.5,0.34990240813052503
68000.0,0.7696944628133238,1,1.0,0.3955902256952845,0.43055031852894105,0.0016716817118020977,7.96214600476978e-12,bidisperse_a0.005_sr1.500_N1000_L12_T100000_seed3.npz,bidisperse,3,0.005,1.5,0.34990240813052503
69000.0,0.7726072867846333,1,1.0,,0.43100236683035464,0.0013382402141184357,8.93489416757702e-12,bidisperse_a0.005_sr1.500_N1000_L12_T100000_seed3.npz,bidisperse,3,0.005,1.5,0.34990240813052503
70000.0,0.7720978497493154,1,1.0,,0.40349112319498076,0.0010040160642570406,9.524283224930993e-12,bidisperse_a0.005_sr1.500_N1000_L12_T100000_seed3.npz,bidisperse,3,0.005,1.5,0.34990240813052503
71000.0,0.7753163456702836,1,1.0,,0.4471540929709201,0.0010040160642570406,1.0175588795743896e-11,bidisperse_a0.005_sr1.500_N1000_L12_T100000_seed3.npz,bidisperse,3,0.005,1.5,0.34990240813052503
72000.0,0.772679723940448,1,1.0,0.39235194982904736,0.33354195379386536,0.0020060180541624506,7.788061074166072e-12,bidisperse_a0.005_sr1.500_N1000_L12_T100000_seed3.npz,bidisperse,3,0.005,1.5,0.34990240813052503
73000.0,0.7730533311559133,1,1.0,,0.4280714649389508,0.0010030090270812808,6.079003758285787e-12,bidisperse_a0.005_sr1.500_N1000_L12_T100000_seed3.npz,bidisperse,3,0.005,1.5,0.34990240813052503
74000.0,0.7768443810942117,1,1.0,,0.4110402364356751,0.0016716817118020977,1.086119233081263e-11,bidisperse_a0.005_sr1.500_N1000_L12_T100000_seed3.npz,bidisperse,3,0.005,1.5,0.34990240813052503
75000.0,0.7720180485260927,1,1.0,,0.41032826569145636,0.0016722408026755842,1.1550714787513312e-11,bidisperse_a0.005_sr1.500_N1000_L12_T100000_seed3.npz,bidisperse,3,0.005,1.5,0.34990240813052503
76000.0,0.7726825730380136,1,1.0,0.38934252795854163,0.3942961593425512,0.0,1.1611549564978404e-11,bidisperse_a0.005_sr1.500_N1000_L12_T100000_seed3.npz,bidisperse,3,0.005,1.5,0.34990240813052503
77000.0,0.7719508003042758,1,1.0,,0.4776253681888675,0.0006693440428380271,1.0633112808461777e-11,bidisperse_a0.005_sr1.500_N1000_L12_T100000_seed3.npz,bidisperse,3,0.005,1.5,0.34990240813052503
78000.0,0.7712223172262834,1,1.0,,0.4300692940058761,0.0013377926421405117,1.334020298717021e-11,bidisperse_a0.005_sr1.500_N1000_L12_T100000_seed3.npz,bidisperse,3,0.005,1.5,0.34990240813052503
79000.0,0.770639796219955,1,1.0,,0.32106525849971956,0.0013377926421405117,1.5267960775766854e-11,bidisperse_a0.005_sr1.500_N1000_L12_T100000_seed3.npz,bidisperse,3,0.005,1.5,0.34990240813052503
80000.0,0.7679418574736301,1,1.0,0.3960955880433851,0.4068374144780045,0.0010033444816053283,1.4050921931362511e-11,bidisperse_a0.005_sr1.500_N1000_L12_T100000_seed3.npz,bidisperse,3,0.005,1.5,0.34990240813052503
81000.0,0.7725042564344047,1,1.0,,0.4029144334222728,0.0016711229946524409,7.136592094958934e-12,bidisperse_a0.005_sr1.500_N1000_L12_T100000_seed3.npz,bidisperse,3,0.005,1.5,0.34990240813052503
82000.0,0.772376817789486,1,1.0,,0.4429910040929758,0.0013377926421405117,1.113512570735336e-11,bidisperse_a0.005_sr1.500_N1000_L12_T100000_seed3.npz,bidisperse,3,0.005,1.5,0.34990240813052503
83000.0,0.7727777630729518,1,1.0,,0.4591503696073697,0.0010040160642570406,1.1828014573689744e-11,bidisperse_a0.005_sr1.500_N1000_L12_T100000_seed3.npz,bidisperse,3,0.005,1.5,0.34990240813052503
84000.0,0.770612241473809,1,1.0,0.39245916339489123,0.3709515513150621,0.0020060180541624506,6.1918613253009905e-12,bidisperse_a0.005_sr1.500_N1000_L12_T100000_seed3.npz,bidisperse,3,0.005,1.5,0.34990240813052503
85000.0,0.7735819785740533,1,1.0,,0.4661738973462421,0.0003344481605350724,7.073931024196708e-12,bidisperse_a0.005_sr1.500_N1000_L12_T100000_seed3.npz,bidisperse,3,0.005,1.5,0.34990240813052503
86000.0,0.7752748106809872,1,1.0,,0.39736258554170817,0.0013382402141184357,1.008125882375055e-11,bidisperse_a0.005_sr1.500_N1000_L12_T100000_seed3.npz,bidisperse,3,0.005,1.5,0.34990240813052503
87000.0,0.772164553134543,1,1.0,,0.5067821420925281,0.00033489618218351946,9.377875683925857e-12,bidisperse_a0.005_sr1.500_N1000_L12_T100000_seed3.npz,bidisperse,3,0.005,1.5,0.34990240813052503
88000.0,0.7674631479958208,1,1.0,0.39035546843031804,0.36828955050417866,0.0013382402141184357,1.0822427397308091e-11,bidisperse_a0.005_sr1.500_N1000_L12_T100000_seed3.npz,bidisperse,3,0.005,1.5,0.34990240813052503
89000.0,0.7708047785241459,1,1.0,,0.4060512062790645,0.0010036801605888268,1.0492839778800316e-11,bidisperse_a0.005_sr1.500_N1000_L12_T100000_seed3.npz,bidisperse,3,0.005,1.5,0.34990240813052503
90000.0,0.7705183742556123,1,1.0,,0.4594068835254416,0.0010036801605888268,1.0085620976658604e-11,bidisperse_a0.005_sr1.500_N1000_L12_T100000_seed3.npz,bidisperse,3,0.005,1.5,0.34990240813052503
91000.0,0.7703867760642901,1,1.0,,0.4650013589005214,0.0010030090270812808,1.149847815895427e-11,bidisperse_a0.005_sr1.500_N1000_L12_T100000_seed3.npz,bidisperse,3,0.005,1.5,0.34990240813052503
92000.0,0.7743806888049568,1,1.0,0.3983624855263388,0.5040866317361108,0.0016716817118020977,8.081160501347206e-12,bidisperse_a0.005_sr1.500_N1000_L12_T100000_seed3.npz,bidisperse,3,0.005,1.5,0.34990240813052503
93000.0,0.7680433423756039,1,1.0,,0.45897672033766007,0.0010040160642570406,1.0912215708492147e-11,bidisperse_a0.005_sr1.500_N1000_L12_T100000_seed3.npz,bidisperse,3,0.005,1.5,0.34990240813052503
94000.0,0.7708429097917775,1,1.0,,0.4028247570912841,0.0010036801605888268,8.325971048841284e-12,bidisperse_a0.005_sr1.500_N1000_L12_T100000_seed3.npz,bidisperse,3,0.005,1.5,0.34990240813052503
95000.0,0.7698999536995993,1,1.0,,0.45513898273541203,0.0016722408026755842,8.054274623447828e-12,bidisperse_a0.005_sr1.500_N1000_L12_T100000_seed3.npz,bidisperse,3,0.005,1.5,0.34990240813052503
96000.0,0.7723190472708317,1,1.0,0.39445093326047714,0.47680664982051774,0.0010040160642570406,6.399186755950771e-12,bidisperse_a0.005_sr1.500_N1000_L12_T100000_seed3.npz,bidisperse,3,0.005,1.5,0.34990240813052503
97000.0,0.7685279218539797,1,1.0,,0.3933472510959106,0.0010040160642570406,7.836576784015165e-12,bidisperse_a0.005_sr1.500_N1000_L12_T100000_seed3.npz,bidisperse,3,0.005,1.5,0.34990240813052503
98000.0,0.7701137470047922,1,1.0,,0.3432033133539424,0.0013382402141184357,8.309719565844683e-12,bidisperse_a0.005_sr1.500_N1000_L12_T100000_seed3.npz,bidisperse,3,0.005,1.5,0.34990240813052503
99000.0,0.7698155571812191,1,1.0,,0.38053733830578584,0.0013382402141184357,8.290912759714252e-12,bidisperse_a0.005_sr1.500_N1000_L12_T100000_seed3.npz,bidisperse,3,0.005,1.5,0.34990240813052503
100000.0,0.7697035888918939,1,1.0,0.3995699924536287,0.3823359816294505,0.0013382402141184357,1.1712312402087265e-11,bidisperse_a0.005_sr1.500_N1000_L12_T100000_seed3.npz,bidisperse,3,0.005,1.5,0.34990240813052503
0.0,0.9878905834838984,199,0.026,0.8863117538172672,,,,bidisperse_a0.015_sr0.667_N1000_L12_T100000_seed1.npz,bidisperse,1,0.015,0.6666666666666666,0.5521952554079687
1000.0,0.906787887547486,11,0.601,,0.10723813090288271,0.8659834450137958,1.577379916811857e-07,bidisperse_a0.015_sr0.667_N1000_L12_T100000_seed1.npz,bidisperse,1,0.015,0.6666666666666666,0.5521952554079687
2000.0,0.8877739330533926,8,0.761,,0.5972490691102931,0.5221760221760221,1.4593651416164666e-07,bidisperse_a0.015_sr0.667_N1000_L12_T100000_seed1.npz,bidisperse,1,0.015,0.6666666666666666,0.5521952554079687
3000.0,0.8868600875620589,11,0.42,,0.4971367369950448,0.5044642857142857,1.691788511787531e-07,bidisperse_a0.015_sr0.667_N1000_L12_T100000_seed1.npz,bidisperse,1,0.015,0.6666666666666666,0.5521952554079687
4000.0,0.8813728119404621,9,0.407,0.4878837928008628,0.560579413975353,0.4222222222222223,1.9106755883140147e-07,bidisperse_a0.015_sr0.667_N1000_L12_T100000_seed1.npz,bidisperse,1,0.015,0.6666666666666666,0.5521952554079687
5000.0,0.8771574845673407,9,0.559,,0.6069282915470525,0.39413680781758953,1.595820054586198e-07,bidisperse_a0.015_sr0.667_N1000_L12_T100000_seed1.npz,bidisperse,1,0.015,0.6666666666666666,0.5521952554079687
6000.0,0.8709427503265619,10,0.94,,0.535899228894946,0.37958590628405375,1.788972224467442e-07,bidisperse_a0.015_sr0.667_N1000_L12_T100000_seed1.npz,bidisperse,1,0.015,0.6666666666666666,0.5521952554079687
7000.0,0.871406321409209,11,0.927,,0.5402412439038853,0.3485967503692762,1.7620952809125477e-07,bidisperse_a0.015_sr0.667_N1000_L12_T100000_seed1.npz,bidisperse,1,0.015,0.6666666666666666,0.5521952554079687
8000.0,0.8595239326222126,7,0.976,0.4761292976569816,0.5988755685068642,0.36600361663652803,1.7377779707742581e-07,bidisperse_a0.015_sr0.667_N1000_L12_T100000_seed1.npz,bidisperse,1,0.015,0.6666666666666666,0.5521952554079687
9000.0,0.8612894490951736,3,0.993,,0.5159181218640045,0.34862716763005785,1.5059300604399354e-07,bidisperse_a0.015_sr0.667_N1000_L12_T100000_seed1.npz,bidisperse,1,0.015,0.6666666666666666,0.5521952554079687
10000.0,0.8604694214451831,5,0.913,,0.5406617583912958,0.3173323561744229,1.2772456225352822e-07,bidisperse_a0.015_sr0.667_N1000_L12_T100000_seed1.npz,bidisperse,1,0.015,0.6666666666666666,0.5521952554079687
11000.0,0.8595467208179842,7,0.906,,0.5761534798654367,0.3244330651060717,1.2656253783540902e-07,bidisperse_a0.015_sr0.667_N1000_L12_T100000_seed1.npz,bidisperse,1,0.015,0.6666666666666666,0.5521952554079687
12000.0,0.8562031918297914,10,0.902,0.474991873218664,0.4657133100820522,0.32735918068763714,2.0650539968147933e-07,bidisperse_a0.015_sr0.667_N1000_L12_T100000_seed1.npz,bidisperse,1,0.015,0.6666666666666666,0.5521952554079687
13000.0,0.8478366880816389,10,0.943,,0.4849489342016364,0.3001841620626151,9.948150663453432e-08,bidisperse_a0.015_sr0.667_N1000_L12_T100000_seed1.npz,bidisperse,1,0.015,0.6666666666666666,0.5521952554079687
14000.0,0.8480290051001987,7,0.929,,0.49048073384638646,0.2754646840148699,6.193335426535817e-08,bidisperse_a0.015_sr0.667_N1000_L12_T100000_seed1.npz,bidisperse,1,0.015,0.6666666666666666,0.5521952554079687
15000.0,0.8490936097755181,9,0.936,,0.5046842748978058,0.26069017254313576,5.98752474688107e-08,bidisperse_a0.015_sr0.667_N1000_L12_T100000_seed1.npz,bidisperse,1,0.015,0.6666666666666666,0.5521952554079687
16000.0,0.8410618589044515,7,0.971,0.47160202179419874,0.5292897375621246,0.24764061910154778,1.0258533467497034e-07,bidisperse_a0.015_sr0.667_N1000_L12_T100000_seed1.npz,bidisperse,1,0.015,0.6666666666666666,0.5521952554079687
17000.0,0.8380401916406678,7,0.973,,0.444431241007435,0.2731310140636566,3.9288902818142073e-08,bidisperse_a0.015_sr0.667_N1000_L12_T100000_seed1.npz,bidisperse,1,0.015,0.6666666666666666,0.5521952554079687
18000.0,0.8399684578143621,12,0.962,,0.4853880954244853,0.24523364485981314,8.031029101911614e-08,bidisperse_a0.015_sr0.667_N1000_L12_T100000_seed1.npz,bidisperse,1,0.015,0.6666666666666666,0.5521952554079687
19000.0,0.8409268915853265,7,0.965,,0.48316753881850144,0.2747979426891991,7.364085828753411e-08,bidisperse_a0.015_sr0.667_N1000_L12_T100000_seed1.npz,bidisperse,1,0.015,0.6666666666666666,0.5521952554079687
20000.0,0.8405368550192954,11,0.951,0.47127006582401476,0.44884166814099413,0.2731310140636566,6.307192313525722e-08,bidisperse_a0.015_sr0.667_N1000_L12_T100000_seed1.npz,bidisperse,1,0.015,0.6666666666666666,0.5521952554079687
21000.0,0.8457453167859108,7,0.962,,0.42974806973978935,0.29509406123201776,1.226264004685374e-07,bidisperse_a0.015_sr0.667_N1000_L12_T100000_seed1.npz,bidisperse,1,0.015,0.6666666666666666,0.5521952554079687
22000.0,0.8487395288789723,7,0.954,,0.5592352217412979,0.29359823399558493,9.096148938549621e-08,bidisperse_a0.015_sr0.667_N1000_L12_T100000_seed1.npz,bidisperse,1,0.015,0.6666666666666666,0.5521952554079687
23000.0,0.8405680166949512,6,0.956,,0.464483302319662,0.30036231884057973,7.710203262702406e-08,bidisperse_a0.015_sr0.667_N1000_L12_T100000_seed1.npz,bidisperse,1,0.015,0.6666666666666666,0.5521952554079687
24000.0,0.8440989782735245,7,0.941,0.4647359963472226,0.42403468526210963,0.24496644295302017,8.759673075572213e-08,bidisperse_a0.015_sr0.667_N1000_L12_T100000_seed1.npz,bidisperse,1,0.015,0.6666666666666666,0.5521952554079687
25000.0,0.8384457193735512,5,0.983,,0.5380675450623034,0.2699815837937385,1.0679327365473057e-07,bidisperse_a0.015_sr0.667_N1000_L12_T100000_seed1.npz,bidisperse,1,0.015,0.6666666666666666,0.5521952554079687
26000.0,0.8432108595385042,9,0.962,,0.5352869256594244,0.2794985250737463,1.3266191057995972e-07,bidisperse_a0.015_sr0.667_N1000_L12_T100000_seed1.npz,bidisperse,1,0.015,0.6666666666666666,0.5521952554079687
27000.0,0.8417527491757077,9,0.935,,0.4234738402167078,0.2770370370370371,1.5946618795831362e-07,bidisperse_a0.015_sr0.667_N1000_L12_T100000_seed1.npz,bidisperse,1,0.015,0.6666666666666666,0.5521952554079687
28000.0,0.8451765251225525,8,0.931,0.46712665015634486,0.4918045483420211,0.2707407407407407,9.10286884200836e-08,bidisperse_a0.015_sr0.667_N1000_L12_T100000_seed1.npz,bidisperse,1,0.015,0.6666666666666666,0.5521952554079687
29000.0,0.8466735109360702,11,0.884,,0.5573205027576703,0.1962761830876648,1.0036064985367908e-07,bidisperse_a0.015_sr0.667_N1000_L12_T100000_seed1.npz,bidisperse,1,0.015,0.6666666666666666,0.5521952554079687
30000.0,0.8460224040758164,13,0.869,,0.5120980125773726,0.22378955394586353,1.5364123780071015e-07,bidisperse_a0.015_sr0.667_N1000_L12_T100000_seed1.npz,bidisperse,1,0.015,0.6666666666666666,0.5521952554079687
31000.0,0.8475255238618762,7,0.879,,0.548919041639268,0.19255849635596467,5.919347949533293e-08,bidisperse_a0.015_sr0.667_N1000_L12_T100000_seed1.npz,bidisperse,1,0.015,0.6666666666666666,0.5521952554079687
32000.0,0.8408395751482326,9,0.882,0.46708241333521655,0.4904778202162111,0.2282282282282282,4.944780179499843e-08,bidisperse_a0.015_sr0.667_N1000_L12_T100000_seed1.npz,bidisperse,1,0.015,0.6666666666666666,0.5521952554079687
33000.0,0.8428207590120852,6,0.905,,0.4373972566258701,0.22159305398263496,6.133625604229162e-08,bidisperse_a0.015_sr0.667_N1000_L12_T100000_seed1.npz,bidisperse,1,0.015,0.6666666666666666,0.5521952554079687
34000.0,0.8427826054904849,10,0.917,,0.47633962781492806,0.21172886519421175,8.247803664438295e-08,bidisperse_a0.015_sr0.667_N1000_L12_T100000_seed1.npz,bidisperse,1,0.015,0.6666666666666666,0.5521952554079687
35000.0,0.841393251424243,6,0.959,,0.48517111770333105,0.24644727000747946,9.415740674811188e-08,bidisperse_a0.015_sr0.667_N1000_L12_T100000_seed1.npz,bidisperse,1,0.015,0.6666666666666666,0.5521952554079687
36000.0,0.847080342345863,5,0.975,0.4707513603920955,0.47546259966976184,0.3048691860465116,8.282342177430367e-08,bidisperse_a0.015_sr0.667_N1000_L12_T100000_seed1.npz,bidisperse,1,0.015,0.6666666666666666,0.5521952554079687
37000.0,0.8384689442376709,8,0.962,,0.5102670492708439,0.27398282941396046,1.4587864545683167e-07,bidisperse_a0.015_sr0.667_N1000_L12_T100000_seed1.npz,bidisperse,1,0.015,0.6666666666666666,0.5521952554079687
38000.0,0.841933009331456,8,0.976,,0.4885219201783996,0.26315789473684215,1.2677892195669418e-07,bidisperse_a0.015_sr0.667_N1000_L12_T100000_seed1.npz,bidisperse,1,0.015,0.6666666666666666,0.5521952554079687
39000.0,0.8376421725777334,7,0.965,,0.4184793903072216,0.28755522827687774,1.189416183938752e-07,bidisperse_a0.015_sr0.667_N1000_L12_T100000_seed1.npz,bidisperse,1,0.015,0.6666666666666666,0.5521952554079687
40000.0,0.8422368217046403,13,0.949,0.4737781132266554,0.5341428948527062,0.25205992509363295,7.768280237933255e-08,bidisperse_a0.015_sr0.667_N1000_L12_T100000_seed1.npz,bidisperse,1,0.015,0.6666666666666666,0.5521952554079687
41000.0,0.8357947139365995,11,0.934,,0.48240240229949083,0.26800296956198966,1.0546495813248857e-07,bidisperse_a0.015_sr0.667_N1000_L12_T100000_seed1.npz,bidisperse,1,0.015,0.6666666666666666,0.5521952554079687
42000.0,0.8326107744843932,11,0.954,,0.5407787898582799,0.21226053639846743,1.3092302957566155e-07,bidisperse_a0.015_sr0.667_N1000_L12_T100000_seed1.npz,bidisperse,1,0.015,0.6666666666666666,0.5521952554079687
43000.0,0.8341228680361719,7,0.966,,0.385673710894106,0.21884498480243164,1.1159754565386455e-07,bidisperse_a0.015_sr0.667_N1000_L12_T100000_seed1.npz,bidisperse,1,0.015,0.6666666666666666,0.5521952554079687
44000.0,0.833530042994479,7,0.971,0.46533422515465167,0.4249321510923414,0.2546995945447844,7.27224586910621e-08,bidisperse_a0.015_sr0.667_N1000_L12_T100000_seed1.npz,bidisperse,1,0.015,0.6666666666666666,0.5521952554079687
45000.0,0.8425003194187085,6,0.971,,0.4249442314662631,0.2911849710982659,6.378401385481135e-08,bidisperse_a0.015_sr0.667_N1000_L12_T100000_seed1.npz,bidisperse,1,0.015,0.6666666666666666,0.5521952554079687
46000.0,0.8385760862486197,8,0.964,,0.4492129662514348,0.25899814471243043,8.443300151512639e-08,bidisperse_a0.015_sr0.667_N1000_L12_T100000_seed1.npz,bidisperse,1,0.015,0.6666666666666666,0.5521952554079687
47000.0,0.8324038061198161,13,0.946,,0.43987032422988714,0.21330275229357798,1.2035217896461992e-07,bidisperse_a0.015_sr0.667_N1000_L12_T100000_seed1.npz,bidisperse,1,0.015,0.6666666666666666,0.5521952554079687
48000.0,0.8360327441726281,9,0.969,0.468617433206666,0.4423428709210173,0.2580764946156703,8.455447655258334e-08,bidisperse_a0.015_sr0.667_N1000_L12_T100000_seed1.npz,bidisperse,1,0.015,0.6666666666666666,0.5521952554079687
49000.0,0.8339218372196608,10,0.941,,0.43935425084246643,0.2464525765496639,8.708686785112863e-08,bidisperse_a0.015_sr0.667_N1000_L12_T100000_seed1.npz,bidisperse,1,0.015,0.6666666666666666,0.5521952554079687
50000.0,0.8385213710084047,9,0.97,,0.4528885818767943,0.2937522835221045,1.1116272262939715e-07,bidisperse_a0.015_sr0.667_N1000_L12_T100000_seed1.npz,bidisperse,1,0.015,0.6666666666666666,0.5521952554079687
51000.0,0.8351107695448468,8,0.96,,0.45937166062856266,0.3297720797720798,1.2052793313322343e-07,bidisperse_a0.015_sr0.667_N1000_L12_T100000_seed1.npz,bidisperse,1,0.015,0.6666666666666666,0.5521952554079687
52000.0,0.8371933211884375,7,0.961,0.4722396000457208,0.46702896474959693,0.29210622044379775,9.758610735816104e-08,bidisperse_a0.015_sr0.667_N1000_L12_T100000_seed1.npz,bidisperse,1,0.015,0.6666666666666666,0.5521952554079687
53000.0,0.836385981047917,10,0.961,,0.36608153104716096,0.3237410071942446,7.536752351052319e-08,bidisperse_a0.015_sr0.667_N1000_L12_T100000_seed1.npz,bidisperse,1,0.015,0.6666666666666666,0.5521952554079687
54000.0,0.8450806371854371,11,0.927,,0.529694005998716,0.28392330383480824,1.0865921425907363e-07,bidisperse_a0.015_sr0.667_N1000_L12_T100000_seed1.npz,bidisperse,1,0.015,0.6666666666666666,0.5521952554079687
55000.0,0.8478090563863842,7,0.924,,0.506851167968365,0.23146747352496222,1.4223597588693685e-07,bidisperse_a0.015_sr0.667_N1000_L12_T100000_seed1.npz,bidisperse,1,0.015,0.6666666666666666,0.5521952554079687
56000.0,0.8485816736028537,6,0.919,0.47120553408640503,0.5464056361649366,0.23915503583553377,8.758983373966698e-08,bidisperse_a0.015_sr0.667_N1000_L12_T100000_seed1.npz,bidisperse,1,0.015,0.6666666666666666,0.5521952554079687
57000.0,0.8494134630012439,9,0.908,,0.5437673684136073,0.2823267876991479,1.0544607520884317e-07,bidisperse_a0.015_sr0.667_N1000_L12_T100000_seed1.npz,bidisperse,1,0.015,0.6666666666666666,0.5521952554079687
58000.0,0.8486905284033486,9,0.894,,0.4968303966054908,0.24600152322924596,1.2311897363659363e-07,bidisperse_a0.015_sr0.667_N1000_L12_T100000_seed1.npz,bidisperse,1,0.015,0.6666666666666666,0.5521952554079687
59000.0,0.8475976582819323,12,0.896,,0.4781103394304686,0.3101032448377581,1.6976170942888104e-07,bidisperse_a0.015_sr0.667_N1000_L12_T100000_seed1.npz,bidisperse,1,0.015,0.6666666666666666,0.5521952554079687
60000.0,0.8466127843909723,12,0.92,0.4780797766756912,0.5233003900457832,0.28896346010439966,1.4101369042638353e-07,bidisperse_a0.015_sr0.667_N1000_L12_T100000_seed1.npz,bidisperse,1,0.015,0.6666666666666666,0.5521952554079687
61000.0,0.8409896695950849,14,0.951,,0.45584865088357424,0.33744110184849585,1.6427922332132512e-07,bidisperse_a0.015_sr0.667_N1000_L12_T100000_seed1.npz,bidisperse,1,0.015,0.6666666666666666,0.5521952554079687
62000.0,0.838772049691418,10,0.954,,0.5286627662942021,0.3234972677595629,1.5433294839056973e-07,bidisperse_a0.015_sr0.667_N1000_L12_T100000_seed1.npz,bidisperse,1,0.015,0.6666666666666666,0.5521952554079687
63000.0,0.8425026010701545,13,0.912,,0.5359068228181623,0.28481481481481485,2.203928212077505e-07,bidisperse_a0.015_sr0.667_N1000_L12_T100000_seed1.npz,bidisperse,1,0.015,0.6666666666666666,0.5521952554079687
64000.0,0.8382593066937845,7,0.945,0.47027525755830785,0.45543184685973304,0.31129676716309485,1.0670024609099991e-07,bidisperse_a0.015_sr0.667_N1000_L12_T100000_seed1.npz,bidisperse,1,0.015,0.6666666666666666,0.5521952554079687
65000.0,0.8414844020349639,10,0.933,,0.5183281859577729,0.3078610603290677,7.408802870677787e-08,bidisperse_a0.015_sr0.667_N1000_L12_T100000_seed1.npz,bidisperse,1,0.015,0.6666666666666666,0.5521952554079687
66000.0,0.84607741617357,6,0.935,,0.48594434292763977,0.29071481208548267,1.1518506348549504e-07,bidisperse_a0.015_sr0.667_N1000_L12_T100000_seed1.npz,bidisperse,1,0.015,0.6666666666666666,0.5521952554079687
67000.0,0.8488948958352521,9,0.945,,0.45191743456358946,0.27484299963058734,1.4342161352922073e-07,bidisperse_a0.015_sr0.667_N1000_L12_T100000_seed1.npz,bidisperse,1,0.015,0.6666666666666666,0.5521952554079687
68000.0,0.8503466893882861,9,0.918,0.4687040022948934,0.4902893035870395,0.3024443633710324,1.1373484133891468e-07,bidisperse_a0.015_sr0.667_N1000_L12_T100000_seed1.npz,bidisperse,1,0.015,0.6666666666666666,0.5521952554079687
69000.0,0.8491298814221591,8,0.921,,0.4827094811505837,0.2513128282070518,1.2681658631285802e-07,bidisperse_a0.015_sr0.667_N1000_L12_T100000_seed1.npz,bidisperse,1,0.015,0.6666666666666666,0.5521952554079687
70000.0,0.8507258584123064,10,0.907,,0.5455672333881638,0.23003802281368824,1.3057283593682683e-07,bidisperse_a0.015_sr0.667_N1000_L12_T100000_seed1.npz,bidisperse,1,0.015,0.6666666666666666,0.5521952554079687
71000.0,0.8535245620963695,10,0.939,,0.5144014498679765,0.25576123913864757,2.1409002373545974e-07,bidisperse_a0.015_sr0.667_N1000_L12_T100000_seed1.npz,bidisperse,1,0.015,0.6666666666666666,0.5521952554079687
72000.0,0.8538661189857031,5,0.626,0.4715991494711806,0.5825599834520078,0.289308176100629,1.3635421399557853e-07,bidisperse_a0.015_sr0.667_N1000_L12_T100000_seed1.npz,bidisperse,1,0.015,0.6666666666666666,0.5521952554079687
73000.0,0.8532327748252228,5,0.96,,0.5687728749917372,0.29812981298129815,6.86143042335488e-08,bidisperse_a0.015_sr0.667_N1000_L12_T100000_seed1.npz,bidisperse,1,0.015,0.6666666666666666,0.5521952554079687
74000.0,0.8453261093552918,11,0.948,,0.464489495511037,0.2426778242677824,2.0739941386835923e-07,bidisperse_a0.015_sr0.667_N1000_L12_T100000_seed1.npz,bidisperse,1,0.015,0.6666666666666666,0.5521952554079687
75000.0,0.8431870929038736,7,0.971,,0.5173955827557803,0.26878504672897197,9.026688115313414e-08,bidisperse_a0.015_sr0.667_N1000_L12_T100000_seed1.npz,bidisperse,1,0.015,0.6666666666666666,0.5521952554079687
76000.0,0.8429235668339615,8,0.961,0.4690079133577549,0.4776051038452983,0.3019963702359346,1.0139447835393136e-07,bidisperse_a0.015_sr0.667_N1000_L12_T100000_seed1.npz,bidisperse,1,0.015,0.6666666666666666,0.5521952554079687
77000.0,0.8459899474212866,8,0.926,,0.5164484968440869,0.28088235294117647,1.4647126575191572e-07,bidisperse_a0.015_sr0.667_N1000_L12_T100000_seed1.npz,bidisperse,1,0.015,0.6666666666666666,0.5521952554079687
78000.0,0.8462341414642114,8,0.916,,0.4609880170498472,0.29491401390413463,1.7351764272262176e-07,bidisperse_a0.015_sr0.667_N1000_L12_T100000_seed1.npz,bidisperse,1,0.015,0.6666666666666666,0.5521952554079687
79000.0,0.8450773262683257,13,0.913,,0.46541708959190947,0.26977611940298507,2.1179535067746338e-07,bidisperse_a0.015_sr0.667_N1000_L12_T100000_seed1.npz,bidisperse,1,0.015,0.6666666666666666,0.5521952554079687
80000.0,0.8418217631036156,4,0.984,0.4691424715860704,0.4837601567761222,0.30895196506550215,1.6906999930678624e-07,bidisperse_a0.015_sr0.667_N1000_L12_T100000_seed1.npz,bidisperse,1,0.015,0.6666666666666666,0.5521952554079687
81000.0,0.8422907267130978,11,0.935,,0.5494520700073944,0.2985781990521327,1.0555362991866886e-07,bidisperse_a0.015_sr0.667_N1000_L12_T100000_seed1.npz,bidisperse,1,0.015,0.6666666666666666,0.5521952554079687
82000.0,0.8368420964321189,13,0.92,,0.4227002125420965,0.3084214363835217,1.7107256822134377e-07,bidisperse_a0.015_sr0.667_N1000_L12_T100000_seed1.npz,bidisperse,1,0.015,0.6666666666666666,0.5521952554079687
83000.0,0.8341471286847238,9,0.955,,0.41201660655039335,0.2610800744878957,1.5226171085706298e-07,bidisperse_a0.015_sr0.667_N1000_L12_T100000_seed1.npz,bidisperse,1,0.015,0.6666666666666666,0.5521952554079687
84000.0,0.8299664418047968,10,0.969,0.46960894516340707,0.4242253275678722,0.27506426735218514,1.5438561693302836e-07,bidisperse_a0.015_sr0.667_N1000_L12_T100000_seed1.npz,bidisperse,1,0.015,0.6666666666666666,0.5521952554079687
85000.0,0.8362181205767254,12,0.942,,0.46489706748112075,0.30254545454545456,8.119490215849328e-08,bidisperse_a0.015_sr0.667_N1000_L12_T100000_seed1.npz,bidisperse,1,0.015,0.6666666666666666,0.5521952554079687
86000.0,0.8396454711420559,8,0.953,,0.3979667531844655,0.3224400871459695,1.4632266254698897e-07,bidisperse_a0.015_sr0.667_N1000_L12_T100000_seed1.npz,bidisperse,1,0.015,0.6666666666666666,0.5521952554079687
87000.0,0.8368911750078285,9,0.962,,0.5088664116704971,0.3359712230215828,2.0132226445448266e-07,bidisperse_a0.015_sr0.667_N1000_L12_T100000_seed1.npz,bidisperse,1,0.015,0.6666666666666666,0.5521952554079687
88000.0,0.8358214461814911,7,0.967,0.4685820137033881,0.4806167299030244,0.3169852145690588,1.432082299811179e-07,bidisperse_a0.015_sr0.667_N1000_L12_T100000_seed1.npz,bidisperse,1,0.015,0.6666666666666666,0.5521952554079687
89000.0,0.8397038284148366,13,0.862,,0.4702919326890876,0.28255256362965697,1.4604403454937797e-07,bidisperse_a0.015_sr0.667_N1000_L12_T100000_seed1.npz,bidisperse,1,0.015,0.6666666666666666,0.5521952554079687
90000.0,0.8386841250862208,12,0.861,,0.5439122458380068,0.2571428571428571,1.5992374127685058e-07,bidisperse_a0.015_sr0.667_N1000_L12_T100000_seed1.npz,bidisperse,1,0.015,0.6666666666666666,0.5521952554079687
91000.0,0.8373245152388714,10,0.957,,0.5356997095950788,0.24848714069591527,1.302360107761454e-07,bidisperse_a0.015_sr0.667_N1000_L12_T100000_seed1.npz,bidisperse,1,0.015,0.6666666666666666,0.5521952554079687
92000.0,0.8306930082179175,13,0.961,0.46470380284957696,0.4629013491566502,0.2773668639053254,6.551536838280651e-08,bidisperse_a0.015_sr0.667_N1000_L12_T100000_seed1.npz,bidisperse,1,0.015,0.6666666666666666,0.5521952554079687
93000.0,0.8326457108744566,9,0.97,,0.44974316091693856,0.20892108272969878,1.151043292758554e-07,bidisperse_a0.015_sr0.667_N1000_L12_T100000_seed1.npz,bidisperse,1,0.015,0.6666666666666666,0.5521952554079687
94000.0,0.8384448431991616,11,0.927,,0.4029184463169813,0.25344250093040566,1.4837284320796106e-07,bidisperse_a0.015_sr0.667_N1000_L12_T100000_seed1.npz,bidisperse,1,0.015,0.6666666666666666,0.5521952554079687
95000.0,0.834807452184222,10,0.93,,0.4641664565716113,0.2634110247872734,2.122585901140677e-07,bidisperse_a0.015_sr0.667_N1000_L12_T100000_seed1.npz,bidisperse,1,0.015,0.6666666666666666,0.5521952554079687
96000.0,0.837428707438274,11,0.943,0.470381905638715,0.440331846216486,0.24353690520794302,1.0362336270702545e-07,bidisperse_a0.015_sr0.667_N1000_L12_T100000_seed1.npz,bidisperse,1,0.015,0.6666666666666666,0.5521952554079687
97000.0,0.8335061128859276,10,0.947,,0.43639219422795544,0.2681399631675875,1.5233484571296363e-07,bidisperse_a0.015_sr0.667_N1000_L12_T100000_seed1.npz,bidisperse,1,0.015,0.6666666666666666,0.5521952554079687
98000.0,0.8403482684258765,4,0.963,,0.48826053738489056,0.2461994809047089,1.365731861239551e-07,bidisperse_a0.015_sr0.667_N1000_L12_T100000_seed1.npz,bidisperse,1,0.015,0.6666666666666666,0.5521952554079687
99000.0,0.8378227791661068,5,0.971,,0.49360257422295867,0.24100852799406747,1.0180104360916293e-07,bidisperse_a0.015_sr0.667_N1000_L12_T100000_seed1.npz,bidisperse,1,0.015,0.6666666666666666,0.5521952554079687
100000.0,0.8376264004596381,1,0.999,0.46594351479459933,0.4691129570271398,0.23351955307262573,6.312659349552505e-08,bidisperse_a0.015_sr0.667_N1000_L12_T100000_seed1.npz,bidisperse,1,0.015,0.6666666666666666,0.5521952554079687
0.0,0.9870901187829257,202,0.025,0.8823109811331674,,,,bidisperse_a0.015_sr0.667_N1000_L12_T100000_seed2.npz,bidisperse,2,0.015,0.6666666666666666,0.5598471322230886
1000.0,0.9183547688615256,13,0.284,,0.08838205090638376,0.8670382165605095,1.963289026775778e-07,bidisperse_a0.015_sr0.667_N1000_L12_T100000_seed2.npz,bidisperse,2,0.015,0.6666666666666666,0.5598471322230886
2000.0,0.8969027049059991,13,0.664,,0.5374022908120277,0.5661865569272977,1.4180903857266558e-07,bidisperse_a0.015_sr0.667_N1000_L12_T100000_seed2.npz,bidisperse,2,0.015,0.6666666666666666,0.5598471322230886
3000.0,0.8799351782030768,9,0.737,,0.563707044224805,0.4695898161244696,1.82378707796795e-07,bidisperse_a0.015_sr0.667_N1000_L12_T100000_seed2.npz,bidisperse,2,0.015,0.6666666666666666,0.5598471322230886
4000.0,0.8772036672074744,10,0.742,0.49358907098295407,0.53105871660668,0.4443269908386187,1.1373760135888085e-07,bidisperse_a0.015_sr0.667_N1000_L12_T100000_seed2.npz,bidisperse,2,0.015,0.6666666666666666,0.5598471322230886
5000.0,0.8731607891254254,15,0.755,,0.5731658039702835,0.40572878897751996,1.7548908104782864e-07,bidisperse_a0.015_sr0.667_N1000_L12_T100000_seed2.npz,bidisperse,2,0.015,0.6666666666666666,0.5598471322230886
6000.0,0.8644225566467344,10,0.74,,0.5452461158816065,0.37258476121035367,8.883758429750632e-08,bidisperse_a0.015_sr0.667_N1000_L12_T100000_seed2.npz,bidisperse,2,0.015,0.6666666666666666,0.5598471322230886
7000.0,0.8670301229464924,6,0.755,,0.5585721705248105,0.36980859516070785,1.0339829266180027e-07,bidisperse_a0.015_sr0.667_N1000_L12_T100000_seed2.npz,bidisperse,2,0.015,0.6666666666666666,0.5598471322230886
8000.0,0.8656934580046927,8,0.67,0.4822462320138014,0.5639411343582293,0.3904795991410165,1.21678438357681e-07,bidisperse_a0.015_sr0.667_N1000_L12_T100000_seed2.npz,bidisperse,2,0.015,0.6666666666666666,0.5598471322230886
9000.0,0.8633086452760833,7,0.684,,0.5729747320278862,0.37549549549549555,1.0369120029647936e-07,bidisperse_a0.015_sr0.667_N1000_L12_T100000_seed2.npz,bidisperse,2,0.015,0.6666666666666666,0.5598471322230886
10000.0,0.8664023485201118,10,0.679,,0.5252563105378678,0.3894661411680401,1.1406109749092369e-07,bidisperse_a0.015_sr0.667_N1000_L12_T100000_seed2.npz,bidisperse,2,0.015,0.6666666666666666,0.5598471322230886
11000.0,0.8698295361327725,12,0.684,,0.53633004134774,0.35842820418655896,1.4274196759511993e-07,bidisperse_a0.015_sr0.667_N1000_L12_T100000_seed2.npz,bidisperse,2,0.015,0.6666666666666666,0.5598471322230886
12000.0,0.8665015666954179,5,0.804,0.4847165247788028,0.5671662785901291,0.3442442074292019,1.2363199098886726e-07,bidisperse_a0.015_sr0.667_N1000_L12_T100000_seed2.npz,bidisperse,2,0.015,0.6666666666666666,0.5598471322230886
13000.0,0.8656018178879296,11,0.397,,0.5475065712047512,0.30752047654504844,1.6844796964940618e-07,bidisperse_a0.015_sr0.667_N1000_L12_T100000_seed2.npz,bidisperse,2,0.015,0.6666666666666666,0.5598471322230886
14000.0,0.8652131318339495,12,0.385,,0.5101779427155351,0.2667677150435771,1.6255445043235707e-07,bidisperse_a0.015_sr0.667_N1000_L12_T100000_seed2.npz,bidisperse,2,0.015,0.6666666666666666,0.5598471322230886
15000.0,0.8630790879570611,5,0.429,,0.578134935891512,0.24971406786122763,1.414174317219011e-07,bidisperse_a0.015_sr0.667_N1000_L12_T100000_seed2.npz,bidisperse,2,0.015,0.6666666666666666,0.5598471322230886
16000.0,0.8570757991680713,10,0.43,0.4728050419152701,0.6178913903102199,0.2624246987951807,7.229853296504691e-08,bidisperse_a0.015_sr0.667_N1000_L12_T100000_seed2.npz,bidisperse,2,0.015,0.6666666666666666,0.5598471322230886
17000.0,0.854080047287202,6,0.974,,0.5322313404601973,0.2705223880597015,8.224942840993069e-08,bidisperse_a0.015_sr0.667_N1000_L12_T100000_seed2.npz,bidisperse,2,0.015,0.6666666666666666,0.5598471322230886
18000.0,0.8523579578658523,8,0.967,,0.503980195460776,0.28423390081421174,9.806510572897196e-08,bidisperse_a0.015_sr0.667_N1000_L12_T100000_seed2.npz,bidisperse,2,0.015,0.6666666666666666,0.5598471322230886
19000.0,0.856908626034975,8,0.968,,0.5612533110131035,0.2574556436391091,9.371075321210061e-08,bidisperse_a0.015_sr0.667_N1000_L12_T100000_seed2.npz,bidisperse,2,0.015,0.6666666666666666,0.5598471322230886
20000.0,0.8534196438976233,9,0.964,0.47545260414020496,0.535100643880358,0.3141495601173021,1.4786564832057346e-07,bidisperse_a0.015_sr0.667_N1000_L12_T100000_seed2.npz,bidisperse,2,0.015,0.6666666666666666,0.5598471322230886
21000.0,0.8511008445796765,8,0.971,,0.4841225941652932,0.30896399706098454,1.3555043160315802e-07,bidisperse_a0.015_sr0.667_N1000_L12_T100000_seed2.npz,bidisperse,2,0.015,0.6666666666666666,0.5598471322230886
22000.0,0.8493763557230756,9,0.972,,0.47758653392576006,0.32170119956379495,7.614897106005568e-08,bidisperse_a0.015_sr0.667_N1000_L12_T100000_seed2.npz,bidisperse,2,0.015,0.6666666666666666,0.5598471322230886
23000.0,0.8424043400933834,7,0.977,,0.49602074383282063,0.30833636694575906,8.638309081647862e-08,bidisperse_a0.015_sr0.667_N1000_L12_T100000_seed2.npz,bidisperse,2,0.015,0.6666666666666666,0.5598471322230886
24000.0,0.8468259596261647,8,0.963,0.47393468482365914,0.49522349526599674,0.30450714547453284,8.547777632025532e-08,bidisperse_a0.015_sr0.667_N1000_L12_T100000_seed2.npz,bidisperse,2,0.015,0.6666666666666666,0.5598471322230886
25000.0,0.8439357079559566,12,0.92,,0.5858246637723468,0.26933134105341805,1.5870934914222966e-07,bidisperse_a0.015_sr0.667_N1000_L12_T100000_seed2.npz,bidisperse,2,0.015,0.6666666666666666,0.5598471322230886
26000.0,0.8428370724037568,10,0.94,,0.4594611405253561,0.30741410488245935,1.621179276192931e-07,bidisperse_a0.015_sr0.667_N1000_L12_T100000_seed2.npz,bidisperse,2,0.015,0.6666666666666666,0.5598471322230886
27000.0,0.8391952128096266,12,0.951,,0.5320575750085285,0.26225854383358094,1.275549694200513e-07,bidisperse_a0.015_sr0.667_N1000_L12_T100000_seed2.npz,bidisperse,2,0.015,0.6666666666666666,0.5598471322230886
28000.0,0.8403680303560574,10,0.954,0.4714475001074496,0.5172915338354215,0.27632065016623564,1.2916162639642401e-07,bidisperse_a0.015_sr0.667_N1000_L12_T100000_seed2.npz,bidisperse,2,0.015,0.6666666666666666,0.5598471322230886
29000.0,0.8387158991519101,9,0.957,,0.4584956785693291,0.3069090909090909,1.1735061122873288e-07,bidisperse_a0.015_sr0.667_N1000_L12_T100000_seed2.npz,bidisperse,2,0.015,0.6666666666666666,0.5598471322230886
30000.0,0.8435017222641787,10,0.939,,0.472614899327254,0.28255256362965697,1.5699934656335928e-07,bidisperse_a0.015_sr0.667_N1000_L12_T100000_seed2.npz,bidisperse,2,0.015,0.6666666666666666,0.5598471322230886
31000.0,0.8456066344583886,10,0.953,,0.48290361383880587,0.3101428048333944,1.852990408223049e-07,bidisperse_a0.015_sr0.667_N1000_L12_T100000_seed2.npz,bidisperse,2,0.015,0.6666666666666666,0.5598471322230886
32000.0,0.8502274660835697,15,0.904,0.47798255222211233,0.5375162084840005,0.3270993766043271,2.549201471631427e-07,bidisperse_a0.015_sr0.667_N1000_L12_T100000_seed2.npz,bidisperse,2,0.015,0.6666666666666666,0.5598471322230886
33000.0,0.8423348034064081,11,0.855,,0.48153335936602276,0.3195309637229754,2.269769592601701e-07,bidisperse_a0.015_sr0.667_N1000_L12_T100000_seed2.npz,bidisperse,2,0.015,0.6666666666666666,0.5598471322230886
34000.0,0.8456577285279212,7,0.855,,0.5162018558727878,0.3128654970760234,2.302557456429626e-07,bidisperse_a0.015_sr0.667_N1000_L12_T100000_seed2.npz,bidisperse,2,0.015,0.6666666666666666,0.5598471322230886
35000.0,0.8424319487949287,12,0.834,,0.4800035689712003,0.3115173674588665,2.0606083980829305e-07,bidisperse_a0.015_sr0.667_N1000_L12_T100000_seed2.npz,bidisperse,2,0.015,0.6666666666666666,0.5598471322230886
36000.0,0.8426176341238661,8,0.857,0.47198299186232845,0.48376683047775315,0.30538264372024904,1.0259343143140333e-07,bidisperse_a0.015_sr0.667_N1000_L12_T100000_seed2.npz,bidisperse,2,0.015,0.6666666666666666,0.5598471322230886
37000.0,0.8406932114777781,11,0.937,,0.4352599847237584,0.2635109951546776,1.6394168461039512e-07,bidisperse_a0.015_sr0.667_N1000_L12_T100000_seed2.npz,bidisperse,2,0.015,0.6666666666666666,0.5598471322230886
38000.0,0.8405668431965442,8,0.964,,0.5130919025795502,0.25521609538002976,1.185452750311347e-07,bidisperse_a0.015_sr0.667_N1000_L12_T100000_seed2.npz,bidisperse,2,0.015,0.6666666666666666,0.5598471322230886
39000.0,0.8442503635053167,9,0.955,,0.43063765647144925,0.24278756088422626,1.2550238613379643e-07,bidisperse_a0.015_sr0.667_N1000_L12_T100000_seed2.npz,bidisperse,2,0.015,0.6666666666666666,0.5598471322230886
40000.0,0.8437872722334407,7,0.975,0.47306315392472925,0.43869329807867186,0.29057017543859653,1.1294771298131753e-07,bidisperse_a0.015_sr0.667_N1000_L12_T100000_seed2.npz,bidisperse,2,0.015,0.6666666666666666,0.5598471322230886
41000.0,0.8421367905085019,9,0.949,,0.5061153684305317,0.2804698972099853,1.4236821278084912e-07,bidisperse_a0.015_sr0.667_N1000_L12_T100000_seed2.npz,bidisperse,2,0.015,0.6666666666666666,0.5598471322230886
42000.0,0.8366246070356109,7,0.955,,0.4941268658371132,0.2769174041297935,1.5283353747502954e-07,bidisperse_a0.015_sr0.667_N1000_L12_T100000_seed2.npz,bidisperse,2,0.015,0.6666666666666666,0.5598471322230886
43000.0,0.8403708286713876,10,0.903,,0.4947567582155713,0.2841872465904902,1.544323073044498e-07,bidisperse_a0.015_sr0.667_N1000_L12_T100000_seed2.npz,bidisperse,2,0.015,0.6666666666666666,0.5598471322230886
44000.0,0.8379893038837698,8,0.944,0.4662052504180347,0.49241621898694143,0.27584933530280653,1.555810730123079e-07,bidisperse_a0.015_sr0.667_N1000_L12_T100000_seed2.npz,bidisperse,2,0.015,0.6666666666666666,0.5598471322230886
45000.0,0.8391237180439952,11,0.922,,0.4538115153210841,0.23558421851289835,1.1461608601613984e-07,bidisperse_a0.015_sr0.667_N1000_L12_T100000_seed2.npz,bidisperse,2,0.015,0.6666666666666666,0.5598471322230886
46000.0,0.8373816194305994,12,0.939,,0.5917925296700971,0.23807721423164274,2.0465137666241194e-07,bidisperse_a0.015_sr0.667_N1000_L12_T100000_seed2.npz,bidisperse,2,0.015,0.6666666666666666,0.5598471322230886
47000.0,0.8353714380445394,9,0.962,,0.4275754212775271,0.2534631224260576,1.4578333020493047e-07,bidisperse_a0.015_sr0.667_N1000_L12_T100000_seed2.npz,bidisperse,2,0.015,0.6666666666666666,0.5598471322230886
48000.0,0.8398553004146834,11,0.951,0.4703155099479594,0.4419713408386869,0.26881720430107525,1.4851524288734243e-07,bidisperse_a0.015_sr0.667_N1000_L12_T100000_seed2.npz,bidisperse,2,0.015,0.6666666666666666,0.5598471322230886
49000.0,0.834424158767501,11,0.941,,0.5209334656601438,0.2918344928597584,1.2655599168393427e-07,bidisperse_a0.015_sr0.667_N1000_L12_T100000_seed2.npz,bidisperse,2,0.015,0.6666666666666666,0.5598471322230886
50000.0,0.8403442545109212,12,0.921,,0.4605943021061576,0.26025354213273677,2.2307427363289877e-07,bidisperse_a0.015_sr0.667_N1000_L12_T100000_seed2.npz,bidisperse,2,0.015,0.6666666666666666,0.5598471322230886
51000.0,0.8306384191818443,10,0.928,,0.4842341241809474,0.24775784753363228,1.9913569146135273e-07,bidisperse_a0.015_sr0.667_N1000_L12_T100000_seed2.npz,bidisperse,2,0.015,0.6666666666666666,0.5598471322230886
52000.0,0.839536317139717,10,0.943,0.47252194171325085,0.48490235027790307,0.27437223042836045,1.7710569563968217e-07,bidisperse_a0.015_sr0.667_N1000_L12_T100000_seed2.npz,bidisperse,2,0.015,0.6666666666666666,0.5598471322230886
53000.0,0.8377961845300035,9,0.919,,0.40410507142902174,0.26335450130743365,9.14182373033053e-08,bidisperse_a0.015_sr0.667_N1000_L12_T100000_seed2.npz,bidisperse,2,0.015,0.6666666666666666,0.5598471322230886
54000.0,0.8441193207949004,11,0.941,,0.45149429306706085,0.29801324503311255,1.5128193782604683e-07,bidisperse_a0.015_sr0.667_N1000_L12_T100000_seed2.npz,bidisperse,2,0.015,0.6666666666666666,0.5598471322230886
55000.0,0.8452035602077024,13,0.901,,0.39808188386777904,0.31261493196027956,2.752624396310723e-07,bidisperse_a0.015_sr0.667_N1000_L12_T100000_seed2.npz,bidisperse,2,0.015,0.6666666666666666,0.5598471322230886
56000.0,0.8403150082038274,6,0.961,0.46394701186505155,0.4849798376890004,0.29249448123620314,2.110731582725178e-07,bidisperse_a0.015_sr0.667_N1000_L12_T100000_seed2.npz,bidisperse,2,0.015,0.6666666666666666,0.5598471322230886
57000.0,0.8375403608959925,11,0.935,,0.5301982740710819,0.24168845722824062,1.7562388062969268e-07,bidisperse_a0.015_sr0.667_N1000_L12_T100000_seed2.npz,bidisperse,2,0.015,0.6666666666666666,0.5598471322230886
58000.0,0.8412331068741326,8,0.958,,0.5447521180238708,0.2586270871985158,1.7369245784742323e-07,bidisperse_a0.015_sr0.667_N1000_L12_T100000_seed2.npz,bidisperse,2,0.015,0.6666666666666666,0.5598471322230886
59000.0,0.8354511257243243,6,0.972,,0.4955755321264012,0.29315367807720316,9.110536263838063e-08,bidisperse_a0.015_sr0.667_N1000_L12_T100000_seed2.npz,bidisperse,2,0.015,0.6666666666666666,0.5598471322230886
60000.0,0.8508242831588446,7,0.95,0.4748545166593172,0.3995902610486764,0.31304347826086953,1.0716284163834334e-07,bidisperse_a0.015_sr0.667_N1000_L12_T100000_seed2.npz,bidisperse,2,0.015,0.6666666666666666,0.5598471322230886
61000.0,0.850042960460378,8,0.951,,0.5356346587868128,0.3390928725701944,1.7264163020316625e-07,bidisperse_a0.015_sr0.667_N1000_L12_T100000_seed2.npz,bidisperse,2,0.015,0.6666666666666666,0.5598471322230886
62000.0,0.852233647648749,10,0.935,,0.4923514735105862,0.32279171210468915,1.627130538435976e-07,bidisperse_a0.015_sr0.667_N1000_L12_T100000_seed2.npz,bidisperse,2,0.015,0.6666666666666666,0.5598471322230886
63000.0,0.8545333402346121,9,0.915,,0.49734960665612454,0.3105089710728671,1.9380924214782998e-07,bidisperse_a0.015_sr0.667_N1000_L12_T100000_seed2.npz,bidisperse,2,0.015,0.6666666666666666,0.5598471322230886
64000.0,0.8566421246207951,8,0.841,0.47392022331198547,0.48176002426269654,0.2802381838481578,2.4309712911176966e-07,bidisperse_a0.015_sr0.667_N1000_L12_T100000_seed2.npz,bidisperse,2,0.015,0.6666666666666666,0.5598471322230886
65000.0,0.8541881466478982,8,0.863,,0.5064221647514997,0.31859700401899893,1.818004404589328e-07,bidisperse_a0.015_sr0.667_N1000_L12_T100000_seed2.npz,bidisperse,2,0.015,0.6666666666666666,0.5598471322230886
66000.0,0.8503871430223147,6,0.789,,0.5904881259517102,0.29032258064516125,1.671035725068418e-07,bidisperse_a0.015_sr0.667_N1000_L12_T100000_seed2.npz,bidisperse,2,0.015,0.6666666666666666,0.5598471322230886
67000.0,0.8535299558526842,6,0.819,,0.5274695215225187,0.28313696612665684,1.6526301376965573e-07,bidisperse_a0.015_sr0.667_N1000_L12_T100000_seed2.npz,bidisperse,2,0.015,0.6666666666666666,0.5598471322230886
68000.0,0.8553219579842957,9,0.817,0.47197269541425385,0.5580905418838784,0.2650242627846211,2.1750605186589525e-07,bidisperse_a0.015_sr0.667_N1000_L12_T100000_seed2.npz,bidisperse,2,0.015,0.6666666666666666,0.5598471322230886
69000.0,0.8529080170561126,9,0.807,,0.5325593559361577,0.2678571428571429,1.6844464146282944e-07,bidisperse_a0.015_sr0.667_N1000_L12_T100000_seed2.npz,bidisperse,2,0.015,0.6666666666666666,0.5598471322230886
70000.0,0.8472776599267635,10,0.865,,0.5497869665164796,0.2504672897196262,1.7215917663713279e-07,bidisperse_a0.015_sr0.667_N1000_L12_T100000_seed2.npz,bidisperse,2,0.015,0.6666666666666666,0.5598471322230886
71000.0,0.8408770599584154,8,0.889,,0.5379629461194065,0.2631187197618161,1.854698156199946e-07,bidisperse_a0.015_sr0.667_N1000_L12_T100000_seed2.npz,bidisperse,2,0.015,0.6666666666666666,0.5598471322230886
72000.0,0.8465467511830574,8,0.864,0.4685224764519969,0.5352298063765476,0.2851892686512312,1.967471952408708e-07,bidisperse_a0.015_sr0.667_N1000_L12_T100000_seed2.npz,bidisperse,2,0.015,0.6666666666666666,0.5598471322230886
73000.0,0.844990322634752,9,0.872,,0.5473507470310347,0.26723498888065234,1.4978950198027277e-07,bidisperse_a0.015_sr0.667_N1000_L12_T100000_seed2.npz,bidisperse,2,0.015,0.6666666666666666,0.5598471322230886
74000.0,0.842603806196723,6,0.982,,0.47927161100830146,0.30188679245283023,1.1120792881123853e-07,bidisperse_a0.015_sr0.667_N1000_L12_T100000_seed2.npz,bidisperse,2,0.015,0.6666666666666666,0.5598471322230886
75000.0,0.8392137996219282,8,0.964,,0.537859321213973,0.2841287458379578,1.1103733697299696e-07,bidisperse_a0.015_sr0.667_N1000_L12_T100000_seed2.npz,bidisperse,2,0.015,0.6666666666666666,0.5598471322230886
76000.0,0.8393955578224866,7,0.98,0.4693383019582324,0.4939430149683015,0.27985212569316076,7.840750233693817e-08,bidisperse_a0.015_sr0.667_N1000_L12_T100000_seed2.npz,bidisperse,2,0.015,0.6666666666666666,0.5598471322230886
77000.0,0.8345835043369804,9,0.967,,0.503325519463155,0.26651901070505724,1.2582860873272976e-07,bidisperse_a0.015_sr0.667_N1000_L12_T100000_seed2.npz,bidisperse,2,0.015,0.6666666666666666,0.5598471322230886
78000.0,0.8335758537246232,8,0.961,,0.4969318926836743,0.27051895472948106,1.3088124067816043e-07,bidisperse_a0.015_sr0.667_N1000_L12_T100000_seed2.npz,bidisperse,2,0.015,0.6666666666666666,0.5598471322230886
79000.0,0.834222278894417,11,0.959,,0.5301876958444129,0.24114796869176292,1.4740570800190923e-07,bidisperse_a0.015_sr0.667_N1000_L12_T100000_seed2.npz,bidisperse,2,0.015,0.6666666666666666,0.5598471322230886
80000.0,0.832732354996506,7,0.964,0.4635864439258292,0.46345390883232174,0.22038980509745132,1.1815811047574746e-07,bidisperse_a0.015_sr0.667_N1000_L12_T100000_seed2.npz,bidisperse,2,0.015,0.6666666666666666,0.5598471322230886
81000.0,0.8285276800595072,3,0.994,,0.46288490475787525,0.21019108280254772,8.342025719282202e-08,bidisperse_a0.015_sr0.667_N1000_L12_T100000_seed2.npz,bidisperse,2,0.015,0.6666666666666666,0.5598471322230886
82000.0,0.8339686871084007,6,0.956,,0.44929870318743237,0.26115581565471835,6.777467819150881e-08,bidisperse_a0.015_sr0.667_N1000_L12_T100000_seed2.npz,bidisperse,2,0.015,0.6666666666666666,0.5598471322230886
83000.0,0.8317349303686115,7,0.962,,0.4086097732533885,0.23671497584541068,1.6712453652424523e-07,bidisperse_a0.015_sr0.667_N1000_L12_T100000_seed2.npz,bidisperse,2,0.015,0.6666666666666666,0.5598471322230886
84000.0,0.8326113547813161,7,0.965,0.4622469145533985,0.43261653378434933,0.22325754752143123,6.902948310283046e-08,bidisperse_a0.015_sr0.667_N1000_L12_T100000_seed2.npz,bidisperse,2,0.015,0.6666666666666666,0.5598471322230886
85000.0,0.8363786907426745,7,0.97,,0.531118224731598,0.2530521642619312,8.679738814415045e-08,bidisperse_a0.015_sr0.667_N1000_L12_T100000_seed2.npz,bidisperse,2,0.015,0.6666666666666666,0.5598471322230886
86000.0,0.8359696279990365,9,0.964,,0.5164797394917265,0.26508700481303216,1.2457917127736457e-07,bidisperse_a0.015_sr0.667_N1000_L12_T100000_seed2.npz,bidisperse,2,0.015,0.6666666666666666,0.5598471322230886
87000.0,0.8352811653271064,9,0.955,,0.42946827282106254,0.22922960725075525,9.262943236962488e-08,bidisperse_a0.015_sr0.667_N1000_L12_T100000_seed2.npz,bidisperse,2,0.015,0.6666666666666666,0.5598471322230886
88000.0,0.8362139723452889,11,0.963,0.46735988404660816,0.4691234017849288,0.2552005943536404,9.81866885651498e-08,bidisperse_a0.015_sr0.667_N1000_L12_T100000_seed2.npz,bidisperse,2,0.015,0.6666666666666666,0.5598471322230886
89000.0,0.8329442037452094,8,0.952,,0.48868448152443067,0.24524076147816354,1.0634193977563478e-07,bidisperse_a0.015_sr0.667_N1000_L12_T100000_seed2.npz,bidisperse,2,0.015,0.6666666666666666,0.5598471322230886
90000.0,0.8363372347052332,9,0.942,,0.40433520094281594,0.2516753536857781,7.701895681477069e-08,bidisperse_a0.015_sr0.667_N1000_L12_T100000_seed2.npz,bidisperse,2,0.015,0.6666666666666666,0.5598471322230886
91000.0,0.8382633383932085,14,0.929,,0.5320851058333748,0.25887187149794544,1.6377948868148875e-07,bidisperse_a0.015_sr0.667_N1000_L12_T100000_seed2.npz,bidisperse,2,0.015,0.6666666666666666,0.5598471322230886
92000.0,0.8418998591163726,7,0.941,0.4702728621830706,0.4639029163019417,0.29893499816379,1.0127676275824164e-07,bidisperse_a0.015_sr0.667_N1000_L12_T100000_seed2.npz,bidisperse,2,0.015,0.6666666666666666,0.5598471322230886
93000.0,0.8392342472949835,9,0.969,,0.4148241963047206,0.32326501258540097,6.931285373165338e-08,bidisperse_a0.015_sr0.667_N1000_L12_T100000_seed2.npz,bidisperse,2,0.015,0.6666666666666666,0.5598471322230886
94000.0,0.8349598648574568,8,0.971,,0.5354271005024345,0.2577051615298923,7.233462226807305e-08,bidisperse_a0.015_sr0.667_N1000_L12_T100000_seed2.npz,bidisperse,2,0.015,0.6666666666666666,0.5598471322230886
95000.0,0.841205603152794,10,0.973,,0.4870617873654911,0.2381489841986456,6.941374411206088e-08,bidisperse_a0.015_sr0.667_N1000_L12_T100000_seed2.npz,bidisperse,2,0.015,0.6666666666666666,0.5598471322230886
96000.0,0.8384522686612109,8,0.954,0.4712695045720607,0.5050961001249666,0.2624906785980612,9.296669623883494e-08,bidisperse_a0.015_sr0.667_N1000_L12_T100000_seed2.npz,bidisperse,2,0.015,0.6666666666666666,0.5598471322230886
97000.0,0.8401378183602093,10,0.941,,0.465355911284237,0.27582376897445393,6.434923155050962e-08,bidisperse_a0.015_sr0.667_N1000_L12_T100000_seed2.npz,bidisperse,2,0.015,0.6666666666666666,0.5598471322230886
98000.0,0.8399002940298359,10,0.963,,0.49986155197737914,0.29433406916850624,1.250560543208761e-07,bidisperse_a0.015_sr0.667_N1000_L12_T100000_seed2.npz,bidisperse,2,0.015,0.6666666666666666,0.5598471322230886
99000.0,0.8438916822845106,11,0.956,,0.4755334057106682,0.3081692195477753,2.1535240497828874e-07,bidisperse_a0.015_sr0.667_N1000_L12_T100000_seed2.npz,bidisperse,2,0.015,0.6666666666666666,0.5598471322230886
100000.0,0.8429129895137627,10,0.971,0.47249215925133553,0.49483431442440107,0.2928176795580111,1.6913017013556647e-07,bidisperse_a0.015_sr0.667_N1000_L12_T100000_seed2.npz,bidisperse,2,0.015,0.6666666666666666,0.5598471322230886
0.0,0.9881983244317549,199,0.02,0.8538287047079677,,,,bidisperse_a0.015_sr0.667_N1000_L12_T100000_seed3.npz,bidisperse,3,0.015,0.6666666666666666,0.5714246809469894
1000.0,0.9190152052911484,10,0.41,,0.09773312471099307,0.8608592826172645,1.823274201362619e-07,bidisperse_a0.015_sr0.667_N1000_L12_T100000_seed3.npz,bidisperse,3,0.015,0.6666666666666666,0.5714246809469894
2000.0,0.899931570934256,10,0.438,,0.5220462220429641,0.5604810996563574,1.574758600715979e-07,bidisperse_a0.015_sr0.667_N1000_L12_T100000_seed3.npz,bidisperse,3,0.015,0.6666666666666666,0.5714246809469894
3000.0,0.872553218563422,6,0.911,,0.4946800416068429,0.5096087851750172,1.3583725862630438e-07,bidisperse_a0.015_sr0.667_N1000_L12_T100000_seed3.npz,bidisperse,3,0.015,0.6666666666666666,0.5714246809469894
4000.0,0.8607146113123082,4,0.981,0.48505338535117276,0.5586432140262481,0.45190311418685125,2.2094879102120876e-07,bidisperse_a0.015_sr0.667_N1000_L12_T100000_seed3.npz,bidisperse,3,0.015,0.6666666666666666,0.5714246809469894
5000.0,0.8544153833593933,7,0.968,,0.4864965941115671,0.3935870331219169,1.0572153125041506e-07,bidisperse_a0.015_sr0.667_N1000_L12_T100000_seed3.npz,bidisperse,3,0.015,0.6666666666666666,0.5714246809469894
6000.0,0.8521496813483685,6,0.973,,0.5427382719877952,0.2868303571428571,7.491192616720025e-08,bidisperse_a0.015_sr0.667_N1000_L12_T100000_seed3.npz,bidisperse,3,0.015,0.6666666666666666,0.5714246809469894
7000.0,0.8540187165964217,6,0.981,,0.5313858011453875,0.32750455373406195,9.189196138495537e-08,bidisperse_a0.015_sr0.667_N1000_L12_T100000_seed3.npz,bidisperse,3,0.015,0.6666666666666666,0.5714246809469894
8000.0,0.8571703502242132,6,0.727,0.4732273045957811,0.45420418950837793,0.37667844522968197,9.254371846038539e-08,bidisperse_a0.015_sr0.667_N1000_L12_T100000_seed3.npz,bidisperse,3,0.015,0.6666666666666666,0.5714246809469894
9000.0,0.8627280450363742,6,0.719,,0.5142343840265508,0.3458348359177785,1.5189914736915396e-07,bidisperse_a0.015_sr0.667_N1000_L12_T100000_seed3.npz,bidisperse,3,0.015,0.6666666666666666,0.5714246809469894
10000.0,0.8583709498405525,4,0.966,,0.5311909449245865,0.33826714801444047,1.3257153459989807e-07,bidisperse_a0.015_sr0.667_N1000_L12_T100000_seed3.npz,bidisperse,3,0.015,0.6666666666666666,0.5714246809469894
11000.0,0.8521053454225067,8,0.945,,0.462089259827228,0.30000000000000004,1.0163245304461243e-07,bidisperse_a0.015_sr0.667_N1000_L12_T100000_seed3.npz,bidisperse,3,0.015,0.6666666666666666,0.5714246809469894
12000.0,0.8577272073524974,8,0.96,0.48309181164386433,0.4887258220469196,0.3045741911491261,1.387885369791928e-07,bidisperse_a0.015_sr0.667_N1000_L12_T100000_seed3.npz,bidisperse,3,0.015,0.6666666666666666,0.5714246809469894
13000.0,0.8569532567322952,7,0.967,,0.5304385126828165,0.30602319491208385,2.213678004087846e-07,bidisperse_a0.015_sr0.667_N1000_L12_T100000_seed3.npz,bidisperse,3,0.015,0.6666666666666666,0.5714246809469894
14000.0,0.8550602528691282,8,0.965,,0.5113964459130188,0.26101823708206684,1.1577326828229372e-07,bidisperse_a0.015_sr0.667_N1000_L12_T100000_seed3.npz,bidisperse,3,0.015,0.6666666666666666,0.5714246809469894
15000.0,0.8536269919983862,7,0.908,,0.6055490170686846,0.3169659215829974,1.1350996150105388e-07,bidisperse_a0.015_sr0.667_N1000_L12_T100000_seed3.npz,bidisperse,3,0.015,0.6666666666666666,0.5714246809469894
16000.0,0.8561175490133373,4,0.989,0.4774627101677484,0.5606840476333204,0.2948622486969471,9.43646968550139e-08,bidisperse_a0.015_sr0.667_N1000_L12_T100000_seed3.npz,bidisperse,3,0.015,0.6666666666666666,0.5714246809469894
17000.0,0.8626850855601015,5,0.975,,0.5751308940392568,0.32248628884826325,8.729876647236822e-08,bidisperse_a0.015_sr0.667_N1000_L12_T100000_seed3.npz,bidisperse,3,0.015,0.6666666666666666,0.5714246809469894
18000.0,0.8613055288552331,5,0.917,,0.5918334948454514,0.33187454412837347,1.2926093184230928e-07,bidisperse_a0.015_sr0.667_N1000_L12_T100000_seed3.npz,bidisperse,3,0.015,0.6666666666666666,0.5714246809469894
19000.0,0.8594610617689361,9,0.908,,0.5546362121311831,0.31006312662458224,1.5837661592471801e-07,bidisperse_a0.015_sr0.667_N1000_L12_T100000_seed3.npz,bidisperse,3,0.015,0.6666666666666666,0.5714246809469894
20000.0,0.8605238440188193,5,0.907,0.4789746966519,0.5271833634976401,0.344,1.912471570598621e-07,bidisperse_a0.015_sr0.667_N1000_L12_T100000_seed3.npz,bidisperse,3,0.015,0.6666666666666666,0.5714246809469894
21000.0,0.8535834176434669,8,0.911,,0.46598879441558655,0.33103197674418605,1.2208180540306918e-07,bidisperse_a0.015_sr0.667_N1000_L12_T100000_seed3.npz,bidisperse,3,0.015,0.6666666666666666,0.5714246809469894
22000.0,0.8468693812508584,7,0.947,,0.5003308747409541,0.3390199637023593,9.751891933737632e-08,bidisperse_a0.015_sr0.667_N1000_L12_T100000_seed3.npz,bidisperse,3,0.015,0.6666666666666666,0.5714246809469894
23000.0,0.8511044040882777,9,0.924,,0.4791677751682324,0.3640585923544123,1.6411331487184316e-07,bidisperse_a0.015_sr0.667_N1000_L12_T100000_seed3.npz,bidisperse,3,0.015,0.6666666666666666,0.5714246809469894
24000.0,0.8542133849344136,6,0.914,0.4759669990696534,0.5427232002746857,0.29494278331487633,1.2794208303292073e-07,bidisperse_a0.015_sr0.667_N1000_L12_T100000_seed3.npz,bidisperse,3,0.015,0.6666666666666666,0.5714246809469894
25000.0,0.8475445248803655,10,0.933,,0.49486804016262703,0.2934863064396743,1.686077961002031e-07,bidisperse_a0.015_sr0.667_N1000_L12_T100000_seed3.npz,bidisperse,3,0.015,0.6666666666666666,0.5714246809469894
26000.0,0.8452292312711773,8,0.885,,0.4998666154271434,0.2924214417744917,1.9083021431329608e-07,bidisperse_a0.015_sr0.667_N1000_L12_T100000_seed3.npz,bidisperse,3,0.015,0.6666666666666666,0.5714246809469894
27000.0,0.852095105991501,14,0.875,,0.5709071708110187,0.29431438127090304,1.600899186935825e-07,bidisperse_a0.015_sr0.667_N1000_L12_T100000_seed3.npz,bidisperse,3,0.015,0.6666666666666666,0.5714246809469894
28000.0,0.8488449173461035,6,0.885,0.4765038920465994,0.4844125309301642,0.3475897064153679,1.9640128429757092e-07,bidisperse_a0.015_sr0.667_N1000_L12_T100000_seed3.npz,bidisperse,3,0.015,0.6666666666666666,0.5714246809469894
29000.0,0.8548836364793364,9,0.889,,0.5198417313041505,0.3536190133237307,1.0166103586732223e-07,bidisperse_a0.015_sr0.667_N1000_L12_T100000_seed3.npz,bidisperse,3,0.015,0.6666666666666666,0.5714246809469894
30000.0,0.856206984977282,10,0.825,,0.5216547173365736,0.3448773448773449,1.3636414102596683e-07,bidisperse_a0.015_sr0.667_N1000_L12_T100000_seed3.npz,bidisperse,3,0.015,0.6666666666666666,0.5714246809469894
31000.0,0.8579608261814193,10,0.824,,0.48479183325361447,0.3187177597641857,1.2281860158713906e-07,bidisperse_a0.015_sr0.667_N1000_L12_T100000_seed3.npz,bidisperse,3,0.015,0.6666666666666666,0.5714246809469894
32000.0,0.858187139936633,10,0.902,0.48135050011531416,0.5503150838693152,0.33993399339933994,1.7313856007498954e-07,bidisperse_a0.015_sr0.667_N1000_L12_T100000_seed3.npz,bidisperse,3,0.015,0.6666666666666666,0.5714246809469894
33000.0,0.8630931740151115,5,0.927,,0.5765978907292104,0.3301714702663262,1.2557971729017236e-07,bidisperse_a0.015_sr0.667_N1000_L12_T100000_seed3.npz,bidisperse,3,0.015,0.6666666666666666,0.5714246809469894
34000.0,0.8583450106107161,6,0.938,,0.45564031705104324,0.3171886380189366,1.7842468098867161e-07,bidisperse_a0.015_sr0.667_N1000_L12_T100000_seed3.npz,bidisperse,3,0.015,0.6666666666666666,0.5714246809469894
35000.0,0.8519285151253982,10,0.914,,0.5161970731616663,0.34868657790572144,2.1286618541638893e-07,bidisperse_a0.015_sr0.667_N1000_L12_T100000_seed3.npz,bidisperse,3,0.015,0.6666666666666666,0.5714246809469894
36000.0,0.8453961693600738,11,0.894,0.47461816506061316,0.47122877473113867,0.31034482758620685,2.1693498884430864e-07,bidisperse_a0.015_sr0.667_N1000_L12_T100000_seed3.npz,bidisperse,3,0.015,0.6666666666666666,0.5714246809469894
37000.0,0.8467098280483094,5,0.953,,0.4157588581621003,0.3104575163398693,2.5183531035960433e-07,bidisperse_a0.015_sr0.667_N1000_L12_T100000_seed3.npz,bidisperse,3,0.015,0.6666666666666666,0.5714246809469894
38000.0,0.8464297595142762,11,0.948,,0.5584943468157919,0.2825278810408922,1.9225332326718053e-07,bidisperse_a0.015_sr0.667_N1000_L12_T100000_seed3.npz,bidisperse,3,0.015,0.6666666666666666,0.5714246809469894
39000.0,0.8438104043061558,8,0.949,,0.45720062294804104,0.28363771897130075,1.551758024779578e-07,bidisperse_a0.015_sr0.667_N1000_L12_T100000_seed3.npz,bidisperse,3,0.015,0.6666666666666666,0.5714246809469894
40000.0,0.8465760471652437,8,0.945,0.4709379600599111,0.4702519259133793,0.2831792975970425,2.1056589324737744e-07,bidisperse_a0.015_sr0.667_N1000_L12_T100000_seed3.npz,bidisperse,3,0.015,0.6666666666666666,0.5714246809469894
41000.0,0.8479665947725036,8,0.902,,0.5114082466227331,0.2354507417268924,2.0097201149214046e-07,bidisperse_a0.015_sr0.667_N1000_L12_T100000_seed3.npz,bidisperse,3,0.015,0.6666666666666666,0.5714246809469894
42000.0,0.8513896024474034,10,0.907,,0.49827063797468796,0.26428571428571423,1.8344473494232812e-07,bidisperse_a0.015_sr0.667_N1000_L12_T100000_seed3.npz,bidisperse,3,0.015,0.6666666666666666,0.5714246809469894
43000.0,0.8441010115548088,7,0.979,,0.5554558277440563,0.29524511610762993,1.358304653446341e-07,bidisperse_a0.015_sr0.667_N1000_L12_T100000_seed3.npz,bidisperse,3,0.015,0.6666666666666666,0.5714246809469894
44000.0,0.8472271495869946,7,0.965,0.47132324024513866,0.4827526251211658,0.3196363636363636,1.2120419093122594e-07,bidisperse_a0.015_sr0.667_N1000_L12_T100000_seed3.npz,bidisperse,3,0.015,0.6666666666666666,0.5714246809469894
45000.0,0.8514473835402435,10,0.951,,0.5027349739744251,0.3373188405797102,1.1673695677583097e-07,bidisperse_a0.015_sr0.667_N1000_L12_T100000_seed3.npz,bidisperse,3,0.015,0.6666666666666666,0.5714246809469894
46000.0,0.8441748655385019,8,0.934,,0.45473157970270783,0.3173499267935578,1.610231663970095e-07,bidisperse_a0.015_sr0.667_N1000_L12_T100000_seed3.npz,bidisperse,3,0.015,0.6666666666666666,0.5714246809469894
47000.0,0.8452303408483804,6,0.927,,0.5027724834360192,0.3500712250712251,1.0866823691527622e-07,bidisperse_a0.015_sr0.667_N1000_L12_T100000_seed3.npz,bidisperse,3,0.015,0.6666666666666666,0.5714246809469894
48000.0,0.8440313522766951,11,0.933,0.4741079255445306,0.46911658138327517,0.2932745314222712,1.4132054510489454e-07,bidisperse_a0.015_sr0.667_N1000_L12_T100000_seed3.npz,bidisperse,3,0.015,0.6666666666666666,0.5714246809469894
49000.0,0.8393909684757388,8,0.969,,0.4889367078914409,0.2698056801195815,1.7087663402965634e-07,bidisperse_a0.015_sr0.667_N1000_L12_T100000_seed3.npz,bidisperse,3,0.015,0.6666666666666666,0.5714246809469894
50000.0,0.8400481802480813,10,0.953,,0.4836107338041797,0.2795979151154132,1.395723539647732e-07,bidisperse_a0.015_sr0.667_N1000_L12_T100000_seed3.npz,bidisperse,3,0.015,0.6666666666666666,0.5714246809469894
51000.0,0.841494315200705,8,0.959,,0.4450795921984456,0.3200145296040683,9.840214082887999e-08,bidisperse_a0.015_sr0.667_N1000_L12_T100000_seed3.npz,bidisperse,3,0.015,0.6666666666666666,0.5714246809469894
52000.0,0.846496311250101,5,0.98,0.4731090354318684,0.4723340034841286,0.32475534613990575,1.1806562828415628e-07,bidisperse_a0.015_sr0.667_N1000_L12_T100000_seed3.npz,bidisperse,3,0.015,0.6666666666666666,0.5714246809469894
53000.0,0.846908964530034,7,0.974,,0.5034113711954001,0.2897265336289726,1.1264757735596109e-07,bidisperse_a0.015_sr0.667_N1000_L12_T100000_seed3.npz,bidisperse,3,0.015,0.6666666666666666,0.5714246809469894
54000.0,0.8515152215572889,8,0.94,,0.5410454824841894,0.3186131386861314,1.5617641893194254e-07,bidisperse_a0.015_sr0.667_N1000_L12_T100000_seed3.npz,bidisperse,3,0.015,0.6666666666666666,0.5714246809469894
55000.0,0.847376933512397,10,0.942,,0.5685634042650105,0.29389880952380953,1.602983908367256e-07,bidisperse_a0.015_sr0.667_N1000_L12_T100000_seed3.npz,bidisperse,3,0.015,0.6666666666666666,0.5714246809469894
56000.0,0.8472212568694344,11,0.962,0.47759744025022455,0.4135197064362081,0.3392597968069666,1.8560762748735663e-07,bidisperse_a0.015_sr0.667_N1000_L12_T100000_seed3.npz,bidisperse,3,0.015,0.6666666666666666,0.5714246809469894
57000.0,0.8453482901048511,7,0.928,,0.4719177596060965,0.3309064433927922,1.3652776148122443e-07,bidisperse_a0.015_sr0.667_N1000_L12_T100000_seed3.npz,bidisperse,3,0.015,0.6666666666666666,0.5714246809469894
58000.0,0.8445701432447043,8,0.962,,0.4988653260774738,0.3545972915181753,1.2815912085948922e-07,bidisperse_a0.015_sr0.667_N1000_L12_T100000_seed3.npz,bidisperse,3,0.015,0.6666666666666666,0.5714246809469894
59000.0,0.8485691308661568,12,0.917,,0.4632456276286952,0.33466715169152417,1.1627030653110453e-07,bidisperse_a0.015_sr0.667_N1000_L12_T100000_seed3.npz,bidisperse,3,0.015,0.6666666666666666,0.5714246809469894
60000.0,0.844618125467947,9,0.932,0.47352405309414225,0.481495735512744,0.31692985677561514,2.844801125523505e-07,bidisperse_a0.015_sr0.667_N1000_L12_T100000_seed3.npz,bidisperse,3,0.015,0.6666666666666666,0.5714246809469894
61000.0,0.8411809004814145,8,0.962,,0.4509317639733617,0.29889705882352946,1.969532222186475e-07,bidisperse_a0.015_sr0.667_N1000_L12_T100000_seed3.npz,bidisperse,3,0.015,0.6666666666666666,0.5714246809469894
62000.0,0.8476524297777974,7,0.831,,0.49448263132112485,0.32424572882588154,2.016415715124518e-07,bidisperse_a0.015_sr0.667_N1000_L12_T100000_seed3.npz,bidisperse,3,0.015,0.6666666666666666,0.5714246809469894
63000.0,0.8447989404820162,10,0.81,,0.4800307574694142,0.2876254180602007,1.5397358319140692e-07,bidisperse_a0.015_sr0.667_N1000_L12_T100000_seed3.npz,bidisperse,3,0.015,0.6666666666666666,0.5714246809469894
64000.0,0.8445897115641976,11,0.931,0.4748548605287474,0.45995161479629276,0.28582034149962876,2.513167440140662e-07,bidisperse_a0.015_sr0.667_N1000_L12_T100000_seed3.npz,bidisperse,3,0.015,0.6666666666666666,0.5714246809469894
65000.0,0.8431132530175525,9,0.942,,0.4666009708512803,0.31403444485159404,2.3694677134039014e-07,bidisperse_a0.015_sr0.667_N1000_L12_T100000_seed3.npz,bidisperse,3,0.015,0.6666666666666666,0.5714246809469894
66000.0,0.8424667218451733,10,0.957,,0.5405241591251089,0.2780487804878049,1.855943970677459e-07,bidisperse_a0.015_sr0.667_N1000_L12_T100000_seed3.npz,bidisperse,3,0.015,0.6666666666666666,0.5714246809469894
67000.0,0.8418523376717157,9,0.961,,0.5442238380162299,0.2432432432432432,1.287948574077243e-07,bidisperse_a0.015_sr0.667_N1000_L12_T100000_seed3.npz,bidisperse,3,0.015,0.6666666666666666,0.5714246809469894
68000.0,0.8413104171709836,14,0.921,0.4751536525204772,0.5166736785691033,0.2453404336249525,1.2245417941225907e-07,bidisperse_a0.015_sr0.667_N1000_L12_T100000_seed3.npz,bidisperse,3,0.015,0.6666666666666666,0.5714246809469894
69000.0,0.8444159676815439,13,0.932,,0.48537975581490206,0.2735813603908305,1.8295452129072163e-07,bidisperse_a0.015_sr0.667_N1000_L12_T100000_seed3.npz,bidisperse,3,0.015,0.6666666666666666,0.5714246809469894
70000.0,0.8396624790113936,10,0.943,,0.5325414534886488,0.33393829401088926,1.5835569169040444e-07,bidisperse_a0.015_sr0.667_N1000_L12_T100000_seed3.npz,bidisperse,3,0.015,0.6666666666666666,0.5714246809469894
71000.0,0.8467429368143133,9,0.954,,0.46953475605645334,0.30990062569009935,1.9063587159327947e-07,bidisperse_a0.015_sr0.667_N1000_L12_T100000_seed3.npz,bidisperse,3,0.015,0.6666666666666666,0.5714246809469894
72000.0,0.8410404320440694,11,0.93,0.477192803620792,0.4855363776658235,0.33550018057060316,1.5123979871562437e-07,bidisperse_a0.015_sr0.667_N1000_L12_T100000_seed3.npz,bidisperse,3,0.015,0.6666666666666666,0.5714246809469894
73000.0,0.8348750187042027,11,0.958,,0.44121951559901457,0.3508021390374332,1.417322917368988e-07,bidisperse_a0.015_sr0.667_N1000_L12_T100000_seed3.npz,bidisperse,3,0.015,0.6666666666666666,0.5714246809469894
74000.0,0.8376776049224619,12,0.936,,0.48198218700287676,0.279009608277901,2.0852069568919235e-07,bidisperse_a0.015_sr0.667_N1000_L12_T100000_seed3.npz,bidisperse,3,0.015,0.6666666666666666,0.5714246809469894
75000.0,0.8354136521202122,12,0.946,,0.39116055407615385,0.2774311926605505,1.9050047993324402e-07,bidisperse_a0.015_sr0.667_N1000_L12_T100000_seed3.npz,bidisperse,3,0.015,0.6666666666666666,0.5714246809469894
76000.0,0.8329914661207469,13,0.965,0.4678383338769234,0.512390280253409,0.267969037965352,1.4982175168534198e-07,bidisperse_a0.015_sr0.667_N1000_L12_T100000_seed3.npz,bidisperse,3,0.015,0.6666666666666666,0.5714246809469894
77000.0,0.8394019144914114,12,0.952,,0.5028043967329527,0.27485163204747776,1.8070525949326068e-07,bidisperse_a0.015_sr0.667_N1000_L12_T100000_seed3.npz,bidisperse,3,0.015,0.6666666666666666,0.5714246809469894
78000.0,0.8485213675647268,9,0.955,,0.47938659660109784,0.28284331968738374,1.519899332848375e-07,bidisperse_a0.015_sr0.667_N1000_L12_T100000_seed3.npz,bidisperse,3,0.015,0.6666666666666666,0.5714246809469894
79000.0,0.8458969628074142,12,0.907,,0.5058665290708577,0.30320914791589815,1.9453534452285768e-07,bidisperse_a0.015_sr0.667_N1000_L12_T100000_seed3.npz,bidisperse,3,0.015,0.6666666666666666,0.5714246809469894
80000.0,0.8425269511916369,15,0.869,0.47149808663255105,0.4921389883759701,0.28059701492537314,2.3000705553660108e-07,bidisperse_a0.015_sr0.667_N1000_L12_T100000_seed3.npz,bidisperse,3,0.015,0.6666666666666666,0.5714246809469894
81000.0,0.8433187108146546,10,0.882,,0.46781230729150114,0.2825925925925926,2.454016537593832e-07,bidisperse_a0.015_sr0.667_N1000_L12_T100000_seed3.npz,bidisperse,3,0.015,0.6666666666666666,0.5714246809469894
82000.0,0.8327981230680005,12,0.94,,0.4676364912740314,0.28733528550512444,1.1363162212058091e-07,bidisperse_a0.015_sr0.667_N1000_L12_T100000_seed3.npz,bidisperse,3,0.015,0.6666666666666666,0.5714246809469894
83000.0,0.8367577253013876,10,0.946,,0.49952530337074175,0.22411186696900987,9.128213932914305e-08,bidisperse_a0.015_sr0.667_N1000_L12_T100000_seed3.npz,bidisperse,3,0.015,0.6666666666666666,0.5714246809469894
84000.0,0.8354109851016212,7,0.98,0.464381297117296,0.5380454448014184,0.23048048048048053,6.219522919088323e-08,bidisperse_a0.015_sr0.667_N1000_L12_T100000_seed3.npz,bidisperse,3,0.015,0.6666666666666666,0.5714246809469894
85000.0,0.8369173223319231,4,0.985,,0.5333381311831928,0.2378116858950502,7.90451123878053e-08,bidisperse_a0.015_sr0.667_N1000_L12_T100000_seed3.npz,bidisperse,3,0.015,0.6666666666666666,0.5714246809469894
86000.0,0.8373954023889674,5,0.983,,0.507164729503172,0.27235921972764077,5.8558089633042784e-08,bidisperse_a0.015_sr0.667_N1000_L12_T100000_seed3.npz,bidisperse,3,0.015,0.6666666666666666,0.5714246809469894
87000.0,0.8358675552901095,13,0.946,,0.4543873511728994,0.2825046040515654,1.2120036780113835e-07,bidisperse_a0.015_sr0.667_N1000_L12_T100000_seed3.npz,bidisperse,3,0.015,0.6666666666666666,0.5714246809469894
88000.0,0.8366335710727506,10,0.961,0.47439948052296704,0.5511214394005811,0.30488694383661563,1.1335114626424655e-07,bidisperse_a0.015_sr0.667_N1000_L12_T100000_seed3.npz,bidisperse,3,0.015,0.6666666666666666,0.5714246809469894
89000.0,0.8368563136344153,10,0.932,,0.4546800447412406,0.2887090842221405,1.9786276676650592e-07,bidisperse_a0.015_sr0.667_N1000_L12_T100000_seed3.npz,bidisperse,3,0.015,0.6666666666666666,0.5714246809469894
90000.0,0.8321455903611306,10,0.953,,0.4477685697209074,0.25521609538002976,1.3918736338968037e-07,bidisperse_a0.015_sr0.667_N1000_L12_T100000_seed3.npz,bidisperse,3,0.015,0.6666666666666666,0.5714246809469894
91000.0,0.8330109848771368,10,0.958,,0.45880226158637333,0.24897042306252337,1.52951121447634e-07,bidisperse_a0.015_sr0.667_N1000_L12_T100000_seed3.npz,bidisperse,3,0.015,0.6666666666666666,0.5714246809469894
92000.0,0.8354771662984738,13,0.95,0.47028665700264183,0.4624697397006469,0.27790096082779014,9.380416828135016e-08,bidisperse_a0.015_sr0.667_N1000_L12_T100000_seed3.npz,bidisperse,3,0.015,0.6666666666666666,0.5714246809469894
93000.0,0.836803014862499,9,0.96,,0.4738750754619495,0.30430029154518945,1.0109590242996611e-07,bidisperse_a0.015_sr0.667_N1000_L12_T100000_seed3.npz,bidisperse,3,0.015,0.6666666666666666,0.5714246809469894
94000.0,0.8403343265680928,8,0.9,,0.4684984442138909,0.341445955619184,1.5979555230875272e-07,bidisperse_a0.015_sr0.667_N1000_L12_T100000_seed3.npz,bidisperse,3,0.015,0.6666666666666666,0.5714246809469894
95000.0,0.844143665015664,7,0.946,,0.49655666731436765,0.32741760231800077,1.2817892636486126e-07,bidisperse_a0.015_sr0.667_N1000_L12_T100000_seed3.npz,bidisperse,3,0.015,0.6666666666666666,0.5714246809469894
96000.0,0.8402852327359134,9,0.95,0.4736147592821136,0.503109756743014,0.29798165137614674,1.4844920333663787e-07,bidisperse_a0.015_sr0.667_N1000_L12_T100000_seed3.npz,bidisperse,3,0.015,0.6666666666666666,0.5714246809469894
97000.0,0.8365195495417799,10,0.921,,0.43011287833278916,0.2776130467012602,1.1665096392569014e-07,bidisperse_a0.015_sr0.667_N1000_L12_T100000_seed3.npz,bidisperse,3,0.015,0.6666666666666666,0.5714246809469894
98000.0,0.8322019682559951,10,0.948,,0.4296424596796651,0.270941438102298,1.6142562028333872e-07,bidisperse_a0.015_sr0.667_N1000_L12_T100000_seed3.npz,bidisperse,3,0.015,0.6666666666666666,0.5714246809469894
99000.0,0.8354340567009116,11,0.951,,0.4650356338619119,0.2682387619749448,6.569681228972895e-08,bidisperse_a0.015_sr0.667_N1000_L12_T100000_seed3.npz,bidisperse,3,0.015,0.6666666666666666,0.5714246809469894
100000.0,0.8427456837404359,6,0.884,0.46696507068727583,0.45956769376032836,0.26304106548279693,1.0307534451883851e-07,bidisperse_a0.015_sr0.667_N1000_L12_T100000_seed3.npz,bidisperse,3,0.015,0.6666666666666666,0.5714246809469894
0.0,0.9878905834838984,199,0.026,0.8863117538172672,,,,bidisperse_a0.01_sr0.667_N1000_L12_T100000_seed1.npz,bidisperse,1,0.01,0.6666666666666666,0.6059706026967929
1000.0,0.9239730737859063,14,0.236,,0.12006975457990059,0.8506768189509306,9.787480559271905e-08,bidisperse_a0.01_sr0.667_N1000_L12_T100000_seed1.npz,bidisperse,1,0.01,0.6666666666666666,0.6059706026967929
2000.0,0.9054254996362098,13,0.402,,0.6087443136895335,0.555030875408645,9.266833464422507e-08,bidisperse_a0.01_sr0.667_N1000_L12_T100000_seed1.npz,bidisperse,1,0.01,0.6666666666666666,0.6059706026967929
3000.0,0.8909732199538909,9,0.26,,0.6354208786684028,0.5231597845601437,1.0550791802404287e-07,bidisperse_a0.01_sr0.667_N1000_L12_T100000_seed1.npz,bidisperse,1,0.01,0.6666666666666666,0.6059706026967929
4000.0,0.8953542405822811,9,0.484,0.5155780651376694,0.5745478843109162,0.5073767542281395,9.481415722430093e-08,bidisperse_a0.01_sr0.667_N1000_L12_T100000_seed1.npz,bidisperse,1,0.01,0.6666666666666666,0.6059706026967929
5000.0,0.8846404915624345,13,0.507,,0.5347737733140122,0.49043666546373155,9.685174447376457e-08,bidisperse_a0.01_sr0.667_N1000_L12_T100000_seed1.npz,bidisperse,1,0.01,0.6666666666666666,0.6059706026967929
6000.0,0.8716275973374541,14,0.627,,0.540267838508441,0.4366249078850405,8.837312347924166e-08,bidisperse_a0.01_sr0.667_N1000_L12_T100000_seed1.npz,bidisperse,1,0.01,0.6666666666666666,0.6059706026967929
7000.0,0.8689649105352177,13,0.618,,0.5790489658252136,0.36724659606656584,8.553023311276708e-08,bidisperse_a0.01_sr0.667_N1000_L12_T100000_seed1.npz,bidisperse,1,0.01,0.6666666666666666,0.6059706026967929
8000.0,0.8538447491915899,13,0.647,0.4937977163251888,0.564763450919801,0.3655069210624766,8.401730209448544e-08,bidisperse_a0.01_sr0.667_N1000_L12_T100000_seed1.npz,bidisperse,1,0.01,0.6666666666666666,0.6059706026967929
9000.0,0.8655590059602524,12,0.631,,0.5045918674221577,0.3361184960121535,7.488214120194293e-08,bidisperse_a0.01_sr0.667_N1000_L12_T100000_seed1.npz,bidisperse,1,0.01,0.6666666666666666,0.6059706026967929
10000.0,0.8582704484166076,10,0.96,,0.553733269907354,0.348575712143928,7.552072230846972e-08,bidisperse_a0.01_sr0.667_N1000_L12_T100000_seed1.npz,bidisperse,1,0.01,0.6666666666666666,0.6059706026967929
11000.0,0.850595530724453,11,0.945,,0.47870328865192,0.371281674623577,7.066176958021365e-08,bidisperse_a0.01_sr0.667_N1000_L12_T100000_seed1.npz,bidisperse,1,0.01,0.6666666666666666,0.6059706026967929
12000.0,0.8507553940288897,12,0.947,0.4878613068964837,0.5501819081639444,0.31751412429378534,8.845723224167596e-08,bidisperse_a0.01_sr0.667_N1000_L12_T100000_seed1.npz,bidisperse,1,0.01,0.6666666666666666,0.6059706026967929
13000.0,0.8501791608273098,9,0.549,,0.5531822265471156,0.32081141998497376,5.86053107201673e-08,bidisperse_a0.01_sr0.667_N1000_L12_T100000_seed1.npz,bidisperse,1,0.01,0.6666666666666666,0.6059706026967929
14000.0,0.8503302490654157,9,0.566,,0.5114803086363555,0.33507267983600453,6.624869306473628e-08,bidisperse_a0.01_sr0.667_N1000_L12_T100000_seed1.npz,bidisperse,1,0.01,0.6666666666666666,0.6059706026967929
15000.0,0.8497353994196521,13,0.568,,0.5508781843340247,0.3087071240105541,8.188636519433303e-08,bidisperse_a0.01_sr0.667_N1000_L12_T100000_seed1.npz,bidisperse,1,0.01,0.6666666666666666,0.6059706026967929
16000.0,0.8543928072772922,12,0.572,0.48064427213922367,0.6218608153129158,0.3279910547894148,8.787622651059404e-08,bidisperse_a0.01_sr0.667_N1000_L12_T100000_seed1.npz,bidisperse,1,0.01,0.6666666666666666,0.6059706026967929
17000.0,0.8528761373928683,9,0.967,,0.479193377740008,0.28861632809505555,7.959396679681962e-08,bidisperse_a0.01_sr0.667_N1000_L12_T100000_seed1.npz,bidisperse,1,0.01,0.6666666666666666,0.6059706026967929
18000.0,0.8507045724625939,10,0.955,,0.533089386066185,0.31181577953944883,7.858015576831082e-08,bidisperse_a0.01_sr0.667_N1000_L12_T100000_seed1.npz,bidisperse,1,0.01,0.6666666666666666,0.6059706026967929
19000.0,0.8518700062042182,10,0.967,,0.55195262467741,0.31091802040045335,8.794931201299207e-08,bidisperse_a0.01_sr0.667_N1000_L12_T100000_seed1.npz,bidisperse,1,0.01,0.6666666666666666,0.6059706026967929
20000.0,0.8497628418079622,10,0.951,0.478233055148595,0.503695872298716,0.3063300678221552,6.215103857549765e-08,bidisperse_a0.01_sr0.667_N1000_L12_T100000_seed1.npz,bidisperse,1,0.01,0.6666666666666666,0.6059706026967929
21000.0,0.8487806855547048,12,0.948,,0.5059201121763259,0.2988288628636192,5.2378642910889015e-08,bidisperse_a0.01_sr0.667_N1000_L12_T100000_seed1.npz,bidisperse,1,0.01,0.6666666666666666,0.6059706026967929
22000.0,0.8449022045579138,11,0.953,,0.43583122372721866,0.31268768768768773,6.727398164427687e-08,bidisperse_a0.01_sr0.667_N1000_L12_T100000_seed1.npz,bidisperse,1,0.01,0.6666666666666666,0.6059706026967929
23000.0,0.8472367767368512,12,0.959,,0.47656442404594007,0.3087298613713001,7.322083812268416e-08,bidisperse_a0.01_sr0.667_N1000_L12_T100000_seed1.npz,bidisperse,1,0.01,0.6666666666666666,0.6059706026967929
24000.0,0.8452118502154053,10,0.964,0.4837530035159863,0.45361109269235866,0.3258678611422172,5.601391741254335e-08,bidisperse_a0.01_sr0.667_N1000_L12_T100000_seed1.npz,bidisperse,1,0.01,0.6666666666666666,0.6059706026967929
25000.0,0.8516901022644267,14,0.941,,0.4578602381431511,0.31337627889352027,6.032742233554468e-08,bidisperse_a0.01_sr0.667_N1000_L12_T100000_seed1.npz,bidisperse,1,0.01,0.6666666666666666,0.6059706026967929
26000.0,0.8497210630406329,11,0.936,,0.48303967424778255,0.31849056603773584,9.230143162227219e-08,bidisperse_a0.01_sr0.667_N1000_L12_T100000_seed1.npz,bidisperse,1,0.01,0.6666666666666666,0.6059706026967929
27000.0,0.8457856977978501,7,0.941,,0.4851656112922364,0.3044294294294294,9.538943697015641e-08,bidisperse_a0.01_sr0.667_N1000_L12_T100000_seed1.npz,bidisperse,1,0.01,0.6666666666666666,0.6059706026967929
28000.0,0.8497213222099017,8,0.966,0.47532101225904294,0.4180529014024099,0.30089485458612975,8.488571951708836e-08,bidisperse_a0.01_sr0.667_N1000_L12_T100000_seed1.npz,bidisperse,1,0.01,0.6666666666666666,0.6059706026967929
29000.0,0.8462138700856997,4,0.987,,0.5086040394803159,0.2833962264150943,5.993902599540157e-08,bidisperse_a0.01_sr0.667_N1000_L12_T100000_seed1.npz,bidisperse,1,0.01,0.6666666666666666,0.6059706026967929
30000.0,0.8420406711595849,11,0.95,,0.5049955061093734,0.2962823882838903,5.896454339829285e-08,bidisperse_a0.01_sr0.667_N1000_L12_T100000_seed1.npz,bidisperse,1,0.01,0.6666666666666666,0.6059706026967929
31000.0,0.8442065736838443,10,0.948,,0.44222989862080353,0.27515243902439024,5.0724746045269356e-08,bidisperse_a0.01_sr0.667_N1000_L12_T100000_seed1.npz,bidisperse,1,0.01,0.6666666666666666,0.6059706026967929
32000.0,0.8414665684129062,11,0.964,0.47528149676654174,0.44549949684453943,0.2578664620107445,3.6456078133254936e-08,bidisperse_a0.01_sr0.667_N1000_L12_T100000_seed1.npz,bidisperse,1,0.01,0.6666666666666666,0.6059706026967929
33000.0,0.8410847303507649,9,0.953,,0.497982542860178,0.2655775075987842,2.688555271985108e-08,bidisperse_a0.01_sr0.667_N1000_L12_T100000_seed1.npz,bidisperse,1,0.01,0.6666666666666666,0.6059706026967929
34000.0,0.8401653201160562,12,0.944,,0.5206484481261144,0.2479846449136276,4.72128250550055e-08,bidisperse_a0.01_sr0.667_N1000_L12_T100000_seed1.npz,bidisperse,1,0.01,0.6666666666666666,0.6059706026967929
35000.0,0.8319358130684261,10,0.963,,0.41417546381288006,0.2655001901863826,5.14493261738038e-08,bidisperse_a0.01_sr0.667_N1000_L12_T100000_seed1.npz,bidisperse,1,0.01,0.6666666666666666,0.6059706026967929
36000.0,0.8401645476102041,8,0.971,0.4782879376076279,0.5161899344915706,0.2904315196998124,4.1434348392053e-08,bidisperse_a0.01_sr0.667_N1000_L12_T100000_seed1.npz,bidisperse,1,0.01,0.6666666666666666,0.6059706026967929
37000.0,0.8356775592697188,10,0.962,,0.5037664427870099,0.28828828828828834,4.360859948926088e-08,bidisperse_a0.01_sr0.667_N1000_L12_T100000_seed1.npz,bidisperse,1,0.01,0.6666666666666666,0.6059706026967929
38000.0,0.8356870128742816,11,0.956,,0.518307385020889,0.2622390891840607,7.185187714473677e-08,bidisperse_a0.01_sr0.667_N1000_L12_T100000_seed1.npz,bidisperse,1,0.01,0.6666666666666666,0.6059706026967929
39000.0,0.8329943366559617,12,0.959,,0.4978386217072709,0.27331068327670816,5.4176272088897745e-08,bidisperse_a0.01_sr0.667_N1000_L12_T100000_seed1.npz,bidisperse,1,0.01,0.6666666666666666,0.6059706026967929
40000.0,0.8365757680782479,10,0.95,0.47203112491987204,0.41553500161466594,0.25858123569794045,7.260650490058983e-08,bidisperse_a0.01_sr0.667_N1000_L12_T100000_seed1.npz,bidisperse,1,0.01,0.6666666666666666,0.6059706026967929
41000.0,0.842422600381536,11,0.963,,0.5390892507010259,0.2613026819923372,6.156698662139977e-08,bidisperse_a0.01_sr0.667_N1000_L12_T100000_seed1.npz,bidisperse,1,0.01,0.6666666666666666,0.6059706026967929
42000.0,0.8372850438901012,14,0.967,,0.49347302758407513,0.2612370341913177,7.421969753217782e-08,bidisperse_a0.01_sr0.667_N1000_L12_T100000_seed1.npz,bidisperse,1,0.01,0.6666666666666666,0.6059706026967929
43000.0,0.8443259456821545,11,0.969,,0.49262289031161455,0.2837735849056604,7.026936063336464e-08,bidisperse_a0.01_sr0.667_N1000_L12_T100000_seed1.npz,bidisperse,1,0.01,0.6666666666666666,0.6059706026967929
44000.0,0.8428813461647053,10,0.918,0.47832546520943287,0.46871377503172246,0.26534502478078537,5.5095800893769315e-08,bidisperse_a0.01_sr0.667_N1000_L12_T100000_seed1.npz,bidisperse,1,0.01,0.6666666666666666,0.6059706026967929
45000.0,0.8477389425277057,12,0.893,,0.4559247950924695,0.2929598788796366,7.589728894989889e-08,bidisperse_a0.01_sr0.667_N1000_L12_T100000_seed1.npz,bidisperse,1,0.01,0.6666666666666666,0.6059706026967929
46000.0,0.85229570560934,9,0.912,,0.45926540210205447,0.3450443786982249,8.472828546034489e-08,bidisperse_a0.01_sr0.667_N1000_L12_T100000_seed1.npz,bidisperse,1,0.01,0.6666666666666666,0.6059706026967929
47000.0,0.844761308097863,18,0.897,,0.5057968194654512,0.34219393485585925,9.058684878171516e-08,bidisperse_a0.01_sr0.667_N1000_L12_T100000_seed1.npz,bidisperse,1,0.01,0.6666666666666666,0.6059706026967929
48000.0,0.8431723849622264,15,0.945,0.4920355619811038,0.48670219814445836,0.30104610616040295,1.148894775932448e-07,bidisperse_a0.01_sr0.667_N1000_L12_T100000_seed1.npz,bidisperse,1,0.01,0.6666666666666666,0.6059706026967929
49000.0,0.8432854986668784,21,0.923,,0.4338656967545045,0.3403456048084147,1.1022929041066298e-07,bidisperse_a0.01_sr0.667_N1000_L12_T100000_seed1.npz,bidisperse,1,0.01,0.6666666666666666,0.6059706026967929
50000.0,0.8380633627688974,18,0.934,,0.47362093959322354,0.3029141104294478,9.365356226123373e-08,bidisperse_a0.01_sr0.667_N1000_L12_T100000_seed1.npz,bidisperse,1,0.01,0.6666666666666666,0.6059706026967929
51000.0,0.8409850428992137,20,0.906,,0.45207746927024367,0.3408323959505062,1.0102118958052951e-07,bidisperse_a0.01_sr0.667_N1000_L12_T100000_seed1.npz,bidisperse,1,0.01,0.6666666666666666,0.6059706026967929
52000.0,0.8426720344596952,15,0.903,0.48529500593636093,0.44605779668198764,0.31302043906131716,1.0839573061543266e-07,bidisperse_a0.01_sr0.667_N1000_L12_T100000_seed1.npz,bidisperse,1,0.01,0.6666666666666666,0.6059706026967929
53000.0,0.8440016342174276,15,0.918,,0.5007868906898798,0.3163884673748103,7.548162352838227e-08,bidisperse_a0.01_sr0.667_N1000_L12_T100000_seed1.npz,bidisperse,1,0.01,0.6666666666666666,0.6059706026967929
54000.0,0.8413573242895783,15,0.948,,0.47046702728903095,0.335608646188851,8.660610989759954e-08,bidisperse_a0.01_sr0.667_N1000_L12_T100000_seed1.npz,bidisperse,1,0.01,0.6666666666666666,0.6059706026967929
55000.0,0.848897832549539,16,0.887,,0.4304947414120757,0.33169067475360126,8.148439794580133e-08,bidisperse_a0.01_sr0.667_N1000_L12_T100000_seed1.npz,bidisperse,1,0.01,0.6666666666666666,0.6059706026967929
56000.0,0.8482153313814214,13,0.843,0.4914462575841336,0.47651454289126227,0.3004225893200154,1.116484692929698e-07,bidisperse_a0.01_sr0.667_N1000_L12_T100000_seed1.npz,bidisperse,1,0.01,0.6666666666666666,0.6059706026967929
57000.0,0.8498876707441017,10,0.873,,0.4749928660248743,0.31202435312024357,1.077865975318823e-07,bidisperse_a0.01_sr0.667_N1000_L12_T100000_seed1.npz,bidisperse,1,0.01,0.6666666666666666,0.6059706026967929
58000.0,0.8526010835478838,11,0.908,,0.45294972628834484,0.3064331937571374,8.6305903177414e-08,bidisperse_a0.01_sr0.667_N1000_L12_T100000_seed1.npz,bidisperse,1,0.01,0.6666666666666666,0.6059706026967929
59000.0,0.8529732773313854,17,0.869,,0.4839795869870099,0.30160550458715596,1.0032814625098551e-07,bidisperse_a0.01_sr0.667_N1000_L12_T100000_seed1.npz,bidisperse,1,0.01,0.6666666666666666,0.6059706026967929
60000.0,0.8514614014649529,14,0.856,0.490231691512559,0.49339057964279914,0.33283302063789866,1.2664887131792767e-07,bidisperse_a0.01_sr0.667_N1000_L12_T100000_seed1.npz,bidisperse,1,0.01,0.6666666666666666,0.6059706026967929
61000.0,0.8479993019943278,16,0.86,,0.5437470916449856,0.30915305734903153,1.0913585680217036e-07,bidisperse_a0.01_sr0.667_N1000_L12_T100000_seed1.npz,bidisperse,1,0.01,0.6666666666666666,0.6059706026967929
62000.0,0.8472914130346563,15,0.859,,0.43297023201669294,0.2954022988505747,8.429476168050112e-08,bidisperse_a0.01_sr0.667_N1000_L12_T100000_seed1.npz,bidisperse,1,0.01,0.6666666666666666,0.6059706026967929
63000.0,0.8441484192743292,18,0.906,,0.5150436963591413,0.2971209213051823,9.158209097131112e-08,bidisperse_a0.01_sr0.667_N1000_L12_T100000_seed1.npz,bidisperse,1,0.01,0.6666666666666666,0.6059706026967929
64000.0,0.8419279995381668,13,0.932,0.48317364308687855,0.4765501010672225,0.30504587155963303,8.062630579111709e-08,bidisperse_a0.01_sr0.667_N1000_L12_T100000_seed1.npz,bidisperse,1,0.01,0.6666666666666666,0.6059706026967929
65000.0,0.8393584518854815,11,0.932,,0.3795334282880706,0.3575110456553755,7.613469350860801e-08,bidisperse_a0.01_sr0.667_N1000_L12_T100000_seed1.npz,bidisperse,1,0.01,0.6666666666666666,0.6059706026967929
66000.0,0.838224231272394,11,0.954,,0.44472322170134215,0.3176029962546817,7.956926751520148e-08,bidisperse_a0.01_sr0.667_N1000_L12_T100000_seed1.npz,bidisperse,1,0.01,0.6666666666666666,0.6059706026967929
67000.0,0.8401390733493246,13,0.934,,0.4778139567463406,0.3212007504690432,9.216389251992377e-08,bidisperse_a0.01_sr0.667_N1000_L12_T100000_seed1.npz,bidisperse,1,0.01,0.6666666666666666,0.6059706026967929
68000.0,0.8444387984505755,11,0.949,0.48194772495389476,0.4472022286288711,0.2889485801995395,9.734753995792485e-08,bidisperse_a0.01_sr0.667_N1000_L12_T100000_seed1.npz,bidisperse,1,0.01,0.6666666666666666,0.6059706026967929
69000.0,0.8425233051350703,14,0.91,,0.4877884310035238,0.2917459109927729,8.130505083631148e-08,bidisperse_a0.01_sr0.667_N1000_L12_T100000_seed1.npz,bidisperse,1,0.01,0.6666666666666666,0.6059706026967929
70000.0,0.8404420774813838,11,0.947,,0.5101127991273401,0.3104221143070601,7.603660314693246e-08,bidisperse_a0.01_sr0.667_N1000_L12_T100000_seed1.npz,bidisperse,1,0.01,0.6666666666666666,0.6059706026967929
71000.0,0.8387515061728396,16,0.94,,0.4497660754899558,0.30161714930424977,7.324179445591282e-08,bidisperse_a0.01_sr0.667_N1000_L12_T100000_seed1.npz,bidisperse,1,0.01,0.6666666666666666,0.6059706026967929
72000.0,0.8386937957714057,12,0.925,0.48096751497701806,0.48435456179235287,0.26441199077632593,8.403096442566204e-08,bidisperse_a0.01_sr0.667_N1000_L12_T100000_seed1.npz,bidisperse,1,0.01,0.6666666666666666,0.6059706026967929
73000.0,0.8364280694505493,13,0.935,,0.492975088662865,0.25270061728395066,7.902153833086303e-08,bidisperse_a0.01_sr0.667_N1000_L12_T100000_seed1.npz,bidisperse,1,0.01,0.6666666666666666,0.6059706026967929
74000.0,0.8453970967579367,12,0.911,,0.5132465522838383,0.26436781609195403,6.933175309948208e-08,bidisperse_a0.01_sr0.667_N1000_L12_T100000_seed1.npz,bidisperse,1,0.01,0.6666666666666666,0.6059706026967929
75000.0,0.8438250826125531,8,0.917,,0.5444270072809414,0.2679115853658537,5.647031946949893e-08,bidisperse_a0.01_sr0.667_N1000_L12_T100000_seed1.npz,bidisperse,1,0.01,0.6666666666666666,0.6059706026967929
76000.0,0.8409386087010625,8,0.938,0.4734593104980398,0.5162647795824747,0.2555385790679908,6.441912795349433e-08,bidisperse_a0.01_sr0.667_N1000_L12_T100000_seed1.npz,bidisperse,1,0.01,0.6666666666666666,0.6059706026967929
77000.0,0.8398741537983173,9,0.95,,0.435923028422799,0.25574272588055125,9.215514232400987e-08,bidisperse_a0.01_sr0.667_N1000_L12_T100000_seed1.npz,bidisperse,1,0.01,0.6666666666666666,0.6059706026967929
78000.0,0.8430653086943293,13,0.912,,0.4591123404173799,0.27856324035154756,1.0847718647086195e-07,bidisperse_a0.01_sr0.667_N1000_L12_T100000_seed1.npz,bidisperse,1,0.01,0.6666666666666666,0.6059706026967929
79000.0,0.8414301942367884,14,0.912,,0.5004190392090352,0.288045540796964,1.0827232744325168e-07,bidisperse_a0.01_sr0.667_N1000_L12_T100000_seed1.npz,bidisperse,1,0.01,0.6666666666666666,0.6059706026967929
80000.0,0.8426205478317228,13,0.904,0.47882428808353117,0.5117932623543062,0.28171147292692167,7.43014732228234e-08,bidisperse_a0.01_sr0.667_N1000_L12_T100000_seed1.npz,bidisperse,1,0.01,0.6666666666666666,0.6059706026967929
81000.0,0.8450784377718903,13,0.896,,0.5273723666112679,0.26038461538461544,8.400618574460578e-08,bidisperse_a0.01_sr0.667_N1000_L12_T100000_seed1.npz,bidisperse,1,0.01,0.6666666666666666,0.6059706026967929
82000.0,0.8468363158458604,12,0.907,,0.5395411321067607,0.29442970822281167,1.13804247783772e-07,bidisperse_a0.01_sr0.667_N1000_L12_T100000_seed1.npz,bidisperse,1,0.01,0.6666666666666666,0.6059706026967929
83000.0,0.8443343088840163,13,0.935,,0.45516567285576454,0.3032380952380952,1.0212442781796407e-07,bidisperse_a0.01_sr0.667_N1000_L12_T100000_seed1.npz,bidisperse,1,0.01,0.6666666666666666,0.6059706026967929
84000.0,0.8440661351340212,15,0.891,0.4840691538029753,0.4099798873955189,0.3072243346007605,1.3737174311939947e-07,bidisperse_a0.01_sr0.667_N1000_L12_T100000_seed1.npz,bidisperse,1,0.01,0.6666666666666666,0.6059706026967929
85000.0,0.8435742347731708,15,0.92,,0.46419738158522894,0.27620889748549327,8.763817977338478e-08,bidisperse_a0.01_sr0.667_N1000_L12_T100000_seed1.npz,bidisperse,1,0.01,0.6666666666666666,0.6059706026967929
86000.0,0.842140215191551,14,0.937,,0.4683335773514547,0.3340849304772642,8.471132660187978e-08,bidisperse_a0.01_sr0.667_N1000_L12_T100000_seed1.npz,bidisperse,1,0.01,0.6666666666666666,0.6059706026967929
87000.0,0.8359490727872626,15,0.939,,0.42050347743795974,0.3364626361246714,9.563835843089019e-08,bidisperse_a0.01_sr0.667_N1000_L12_T100000_seed1.npz,bidisperse,1,0.01,0.6666666666666666,0.6059706026967929
88000.0,0.8402297283950617,17,0.928,0.48372269958847736,0.4574798487472797,0.3193973634651601,1.0699842158302016e-07,bidisperse_a0.01_sr0.667_N1000_L12_T100000_seed1.npz,bidisperse,1,0.01,0.6666666666666666,0.6059706026967929
89000.0,0.844711900623905,11,0.941,,0.5246620307900196,0.2703944848716967,5.903035208618603e-08,bidisperse_a0.01_sr0.667_N1000_L12_T100000_seed1.npz,bidisperse,1,0.01,0.6666666666666666,0.6059706026967929
90000.0,0.8422548024649466,12,0.941,,0.5617561404543531,0.28462998102466797,7.43487763268504e-08,bidisperse_a0.01_sr0.667_N1000_L12_T100000_seed1.npz,bidisperse,1,0.01,0.6666666666666666,0.6059706026967929
91000.0,0.840446037811558,14,0.936,,0.5086216037818825,0.28971255673222396,8.654011001025837e-08,bidisperse_a0.01_sr0.667_N1000_L12_T100000_seed1.npz,bidisperse,1,0.01,0.6666666666666666,0.6059706026967929
92000.0,0.8385551899397102,14,0.939,0.4870373430314426,0.49413474719444206,0.285930982176716,6.107284216645573e-08,bidisperse_a0.01_sr0.667_N1000_L12_T100000_seed1.npz,bidisperse,1,0.01,0.6666666666666666,0.6059706026967929
93000.0,0.8404607003909629,12,0.932,,0.49020242927491137,0.3015873015873016,7.404312776867277e-08,bidisperse_a0.01_sr0.667_N1000_L12_T100000_seed1.npz,bidisperse,1,0.01,0.6666666666666666,0.6059706026967929
94000.0,0.8460269134002336,15,0.925,,0.5039029725898437,0.30859080633006786,9.266632625164775e-08,bidisperse_a0.01_sr0.667_N1000_L12_T100000_seed1.npz,bidisperse,1,0.01,0.6666666666666666,0.6059706026967929
95000.0,0.8471971708226447,11,0.942,,0.5623306324795436,0.29496402877697847,8.154016229157706e-08,bidisperse_a0.01_sr0.667_N1000_L12_T100000_seed1.npz,bidisperse,1,0.01,0.6666666666666666,0.6059706026967929
96000.0,0.8524042599658278,17,0.909,0.4880202846721737,0.5172055079630438,0.32537313432835824,8.868125337366009e-08,bidisperse_a0.01_sr0.667_N1000_L12_T100000_seed1.npz,bidisperse,1,0.01,0.6666666666666666,0.6059706026967929
97000.0,0.8486497256036973,18,0.759,,0.566705715645891,0.2743500194024059,1.0557820576898145e-07,bidisperse_a0.01_sr0.667_N1000_L12_T100000_seed1.npz,bidisperse,1,0.01,0.6666666666666666,0.6059706026967929
98000.0,0.8427794409900122,17,0.922,,0.4776649400739687,0.2991975544516622,9.209166616107666e-08,bidisperse_a0.01_sr0.667_N1000_L12_T100000_seed1.npz,bidisperse,1,0.01,0.6666666666666666,0.6059706026967929
99000.0,0.8417502761575751,12,0.93,,0.4897381869728686,0.298146046159667,7.298133240806707e-08,bidisperse_a0.01_sr0.667_N1000_L12_T100000_seed1.npz,bidisperse,1,0.01,0.6666666666666666,0.6059706026967929
100000.0,0.8389014171796965,13,0.939,0.4790048599359454,0.5641037077534051,0.25173477255204313,4.8280322110804644e-08,bidisperse_a0.01_sr0.667_N1000_L12_T100000_seed1.npz,bidisperse,1,0.01,0.6666666666666666,0.6059706026967929
0.0,0.9870901187829257,202,0.025,0.8823109811331674,,,,bidisperse_a0.01_sr0.667_N1000_L12_T100000_seed2.npz,bidisperse,2,0.01,0.6666666666666666,0.6753543499289828
1000.0,0.9185763376198018,10,0.423,,0.11614635355557072,0.8454312553373186,1.0856380418701242e-07,bidisperse_a0.01_sr0.667_N1000_L12_T100000_seed2.npz,bidisperse,2,0.01,0.6666666666666666,0.6753543499289828
2000.0,0.9077192970844563,15,0.368,,0.5656308692506917,0.5527192008879023,7.45072939033779e-08,bidisperse_a0.01_sr0.667_N1000_L12_T100000_seed2.npz,bidisperse,2,0.01,0.6666666666666666,0.6753543499289828
3000.0,0.8922068038501718,11,0.389,,0.5853970931557605,0.5305676855895196,9.771774008128121e-08,bidisperse_a0.01_sr0.667_N1000_L12_T100000_seed2.npz,bidisperse,2,0.01,0.6666666666666666,0.6753543499289828
4000.0,0.8898374588776314,15,0.338,0.5142320093741034,0.5424772493062681,0.4832288978990048,8.75374791751955e-08,bidisperse_a0.01_sr0.667_N1000_L12_T100000_seed2.npz,bidisperse,2,0.01,0.6666666666666666,0.6753543499289828
5000.0,0.8824273326779678,19,0.438,,0.543874480415626,0.45736724008975316,7.960417587201735e-08,bidisperse_a0.01_sr0.667_N1000_L12_T100000_seed2.npz,bidisperse,2,0.01,0.6666666666666666,0.6753543499289828
6000.0,0.8779059902346993,16,0.442,,0.5735686035454098,0.45894970414201186,8.748642679984261e-08,bidisperse_a0.01_sr0.667_N1000_L12_T100000_seed2.npz,bidisperse,2,0.01,0.6666666666666666,0.6753543499289828
7000.0,0.8733113153987248,11,0.459,,0.5592699581018518,0.4310025897151314,8.298301429721626e-08,bidisperse_a0.01_sr0.667_N1000_L12_T100000_seed2.npz,bidisperse,2,0.01,0.6666666666666666,0.6753543499289828
8000.0,0.8667625022652793,11,0.896,0.4959321511503643,0.5313954333624772,0.42176621473067055,8.24875931338894e-08,bidisperse_a0.01_sr0.667_N1000_L12_T100000_seed2.npz,bidisperse,2,0.01,0.6666666666666666,0.6753543499289828
9000.0,0.8602244209566046,11,0.904,,0.4928225725152135,0.4053755522827688,8.266015595006874e-08,bidisperse_a0.01_sr0.667_N1000_L12_T100000_seed2.npz,bidisperse,2,0.01,0.6666666666666666,0.6753543499289828
10000.0,0.8526790713798703,10,0.904,,0.49617808369230176,0.3713646532438478,9.057892155200858e-08,bidisperse_a0.01_sr0.667_N1000_L12_T100000_seed2.npz,bidisperse,2,0.01,0.6666666666666666,0.6753543499289828
11000.0,0.8515758434163613,16,0.902,,0.45201425597608424,0.3740768094534712,6.498589346800104e-08,bidisperse_a0.01_sr0.667_N1000_L12_T100000_seed2.npz,bidisperse,2,0.01,0.6666666666666666,0.6753543499289828
12000.0,0.8521143595041323,19,0.882,0.4924651515151515,0.46064289923896057,0.3330807123910572,7.688433356824818e-08,bidisperse_a0.01_sr0.667_N1000_L12_T100000_seed2.npz,bidisperse,2,0.01,0.6666666666666666,0.6753543499289828
13000.0,0.8451513538173125,13,0.931,,0.4299076859943361,0.34489187173750935,5.781001301674531e-08,bidisperse_a0.01_sr0.667_N1000_L12_T100000_seed2.npz,bidisperse,2,0.01,0.6666666666666666,0.6753543499289828
14000.0,0.8493254182625123,10,0.947,,0.4633223086206426,0.3439703153988868,5.777680045627346e-08,bidisperse_a0.01_sr0.667_N1000_L12_T100000_seed2.npz,bidisperse,2,0.01,0.6666666666666666,0.6753543499289828
15000.0,0.8497342319723772,9,0.949,,0.43999966707910937,0.34592592592592597,4.288873619820666e-08,bidisperse_a0.01_sr0.667_N1000_L12_T100000_seed2.npz,bidisperse,2,0.01,0.6666666666666666,0.6753543499289828
16000.0,0.8533838816211591,10,0.94,0.48567069835280186,0.4407708691074807,0.3234410217881293,4.887834446797597e-08,bidisperse_a0.01_sr0.667_N1000_L12_T100000_seed2.npz,bidisperse,2,0.01,0.6666666666666666,0.6753543499289828
17000.0,0.8560083883083044,8,0.937,,0.5153850619618079,0.3438661710037175,4.687522046282688e-08,bidisperse_a0.01_sr0.667_N1000_L12_T100000_seed2.npz,bidisperse,2,0.01,0.6666666666666666,0.6753543499289828
18000.0,0.8597374692133884,10,0.936,,0.5300572894582635,0.33271028037383177,3.3382567047318655e-08,bidisperse_a0.01_sr0.667_N1000_L12_T100000_seed2.npz,bidisperse,2,0.01,0.6666666666666666,0.6753543499289828
19000.0,0.8555111675939998,9,0.913,,0.4491136246703749,0.32457786116322707,7.833904316429673e-08,bidisperse_a0.01_sr0.667_N1000_L12_T100000_seed2.npz,bidisperse,2,0.01,0.6666666666666666,0.6753543499289828
20000.0,0.8592256709251302,10,0.914,0.4930411857700099,0.5195247593335682,0.3178206583427923,6.934687991580467e-08,bidisperse_a0.01_sr0.667_N1000_L12_T100000_seed2.npz,bidisperse,2,0.01,0.6666666666666666,0.6753543499289828
21000.0,0.8604839398453263,8,0.934,,0.5745404372320493,0.37476945776466253,5.3739879056029537e-08,bidisperse_a0.01_sr0.667_N1000_L12_T100000_seed2.npz,bidisperse,2,0.01,0.6666666666666666,0.6753543499289828
22000.0,0.8498753169184308,9,0.936,,0.4688137728030054,0.3902439024390244,1.1186414272744833e-07,bidisperse_a0.01_sr0.667_N1000_L12_T100000_seed2.npz,bidisperse,2,0.01,0.6666666666666666,0.6753543499289828
23000.0,0.8567568161972657,9,0.953,,0.45115594027746864,0.3386976047904192,9.715435801621416e-08,bidisperse_a0.01_sr0.667_N1000_L12_T100000_seed2.npz,bidisperse,2,0.01,0.6666666666666666,0.6753543499289828
24000.0,0.8518256260858326,9,0.954,0.48414334166713585,0.4805430610342456,0.31368102796674224,7.77046493427615e-08,bidisperse_a0.01_sr0.667_N1000_L12_T100000_seed2.npz,bidisperse,2,0.01,0.6666666666666666,0.6753543499289828
25000.0,0.8550708883100092,14,0.888,,0.5091729916062879,0.30227272727272725,9.232017388191547e-08,bidisperse_a0.01_sr0.667_N1000_L12_T100000_seed2.npz,bidisperse,2,0.01,0.6666666666666666,0.6753543499289828
26000.0,0.849198577795886,10,0.908,,0.5330100175637508,0.30378787878787883,8.868112971755347e-08,bidisperse_a0.01_sr0.667_N1000_L12_T100000_seed2.npz,bidisperse,2,0.01,0.6666666666666666,0.6753543499289828
27000.0,0.8491397330507373,13,0.928,,0.5385319213462831,0.3230138008205893,7.974346942135271e-08,bidisperse_a0.01_sr0.667_N1000_L12_T100000_seed2.npz,bidisperse,2,0.01,0.6666666666666666,0.6753543499289828
28000.0,0.8387738568287157,16,0.917,0.48240096740829735,0.5064766035402384,0.28788454234713257,8.200726423811588e-08,bidisperse_a0.01_sr0.667_N1000_L12_T100000_seed2.npz,bidisperse,2,0.01,0.6666666666666666,0.6753543499289828
29000.0,0.8381865617429539,15,0.935,,0.46013947900480445,0.2921262837580829,1.0186637283817843e-07,bidisperse_a0.01_sr0.667_N1000_L12_T100000_seed2.npz,bidisperse,2,0.01,0.6666666666666666,0.6753543499289828
30000.0,0.8380628587559242,17,0.928,,0.5100618934320807,0.2728323699421965,5.762280835422385e-08,bidisperse_a0.01_sr0.667_N1000_L12_T100000_seed2.npz,bidisperse,2,0.01,0.6666666666666666,0.6753543499289828
31000.0,0.8401898344547228,17,0.931,,0.4563829987135576,0.2752959144711722,6.851160086406116e-08,bidisperse_a0.01_sr0.667_N1000_L12_T100000_seed2.npz,bidisperse,2,0.01,0.6666666666666666,0.6753543499289828
32000.0,0.8379451779244567,16,0.94,0.4786763036622694,0.44502095580278805,0.2671493902439024,9.048359549639605e-08,bidisperse_a0.01_sr0.667_N1000_L12_T100000_seed2.npz,bidisperse,2,0.01,0.6666666666666666,0.6753543499289828
33000.0,0.8351376279107074,19,0.938,,0.5037620232149955,0.2588638963019443,6.60113023457057e-08,bidisperse_a0.01_sr0.667_N1000_L12_T100000_seed2.npz,bidisperse,2,0.01,0.6666666666666666,0.6753543499289828
34000.0,0.8336555867473611,18,0.935,,0.4650469758441497,0.24275222265172014,6.741810332653637e-08,bidisperse_a0.01_sr0.667_N1000_L12_T100000_seed2.npz,bidisperse,2,0.01,0.6666666666666666,0.6753543499289828
35000.0,0.8381492584993778,14,0.952,,0.41242716167703747,0.2840865932396506,8.696282348840051e-08,bidisperse_a0.01_sr0.667_N1000_L12_T100000_seed2.npz,bidisperse,2,0.01,0.6666666666666666,0.6753543499289828
36000.0,0.8368369603625273,15,0.943,0.4849281787777722,0.4465665465064768,0.2756653992395437,6.582211897303669e-08,bidisperse_a0.01_sr0.667_N1000_L12_T100000_seed2.npz,bidisperse,2,0.01,0.6666666666666666,0.6753543499289828
37000.0,0.8391309576091167,15,0.943,,0.45350743890592177,0.25086705202312143,7.275141070821607e-08,bidisperse_a0.01_sr0.667_N1000_L12_T100000_seed2.npz,bidisperse,2,0.01,0.6666666666666666,0.6753543499289828
38000.0,0.8416578559785476,13,0.952,,0.4982308825515801,0.30866493120119,6.90657586337334e-08,bidisperse_a0.01_sr0.667_N1000_L12_T100000_seed2.npz,bidisperse,2,0.01,0.6666666666666666,0.6753543499289828
39000.0,0.8397014750815023,11,0.963,,0.5014417062398161,0.26620900076277654,5.6073249119249075e-08,bidisperse_a0.01_sr0.667_N1000_L12_T100000_seed2.npz,bidisperse,2,0.01,0.6666666666666666,0.6753543499289828
40000.0,0.8374847635122307,13,0.95,0.48304442856365054,0.44476340153379423,0.3286245353159851,8.833640274578589e-08,bidisperse_a0.01_sr0.667_N1000_L12_T100000_seed2.npz,bidisperse,2,0.01,0.6666666666666666,0.6753543499289828
41000.0,0.8346081618777202,10,0.956,,0.4682484446483267,0.2783072817384674,6.735083885990756e-08,bidisperse_a0.01_sr0.667_N1000_L12_T100000_seed2.npz,bidisperse,2,0.01,0.6666666666666666,0.6753543499289828
42000.0,0.8318323217309346,11,0.928,,0.4336263371551692,0.2772983114446529,5.899136047851789e-08,bidisperse_a0.01_sr0.667_N1000_L12_T100000_seed2.npz,bidisperse,2,0.01,0.6666666666666666,0.6753543499289828
43000.0,0.8378275987793595,14,0.93,,0.5000459792805221,0.23005780346820814,7.700289109258337e-08,bidisperse_a0.01_sr0.667_N1000_L12_T100000_seed2.npz,bidisperse,2,0.01,0.6666666666666666,0.6753543499289828
44000.0,0.8415857389788794,13,0.924,0.47647914681580156,0.46472979684479804,0.23133462282398454,9.392963989561595e-08,bidisperse_a0.01_sr0.667_N1000_L12_T100000_seed2.npz,bidisperse,2,0.01,0.6666666666666666,0.6753543499289828
45000.0,0.8382481996129321,12,0.961,,0.4743067274265547,0.2561068702290077,5.3874831396879974e-08,bidisperse_a0.01_sr0.667_N1000_L12_T100000_seed2.npz,bidisperse,2,0.01,0.6666666666666666,0.6753543499289828
46000.0,0.8445777917389767,10,0.946,,0.4254225693618715,0.2619771863117871,9.421904328529694e-08,bidisperse_a0.01_sr0.667_N1000_L12_T100000_seed2.npz,bidisperse,2,0.01,0.6666666666666666,0.6753543499289828
47000.0,0.8409795073316927,10,0.956,,0.4959091563306891,0.2818284850774462,7.519518427566827e-08,bidisperse_a0.01_sr0.667_N1000_L12_T100000_seed2.npz,bidisperse,2,0.01,0.6666666666666666,0.6753543499289828
48000.0,0.8457870843123987,12,0.926,0.4838573990889034,0.49508998702848395,0.2628747117601845,6.692383872534947e-08,bidisperse_a0.01_sr0.667_N1000_L12_T100000_seed2.npz,bidisperse,2,0.01,0.6666666666666666,0.6753543499289828
49000.0,0.8447118150689019,10,0.945,,0.47455624241655997,0.2648419429452583,6.919604702221508e-08,bidisperse_a0.01_sr0.667_N1000_L12_T100000_seed2.npz,bidisperse,2,0.01,0.6666666666666666,0.6753543499289828
50000.0,0.8438085303066382,12,0.886,,0.49215800342646104,0.26360478579698954,6.953550282067376e-08,bidisperse_a0.01_sr0.667_N1000_L12_T100000_seed2.npz,bidisperse,2,0.01,0.6666666666666666,0.6753543499289828
51000.0,0.8449436814885538,9,0.91,,0.5400089753856187,0.24137931034482762,6.923043507275287e-08,bidisperse_a0.01_sr0.667_N1000_L12_T100000_seed2.npz,bidisperse,2,0.01,0.6666666666666666,0.6753543499289828
52000.0,0.8411397947043183,10,0.913,0.47890308525254244,0.4897968349498122,0.23923076923076925,5.837378516102267e-08,bidisperse_a0.01_sr0.667_N1000_L12_T100000_seed2.npz,bidisperse,2,0.01,0.6666666666666666,0.6753543499289828
53000.0,0.8377333167269794,8,0.905,,0.47709162742768063,0.26363636363636367,7.396208660394175e-08,bidisperse_a0.01_sr0.667_N1000_L12_T100000_seed2.npz,bidisperse,2,0.01,0.6666666666666666,0.6753543499289828
54000.0,0.8469796517009127,10,0.903,,0.503781692154329,0.2712184081478687,7.355568920034604e-08,bidisperse_a0.01_sr0.667_N1000_L12_T100000_seed2.npz,bidisperse,2,0.01,0.6666666666666666,0.6753543499289828
55000.0,0.8440367154734333,10,0.914,,0.5159429027644064,0.2357910906298003,8.025024431402924e-08,bidisperse_a0.01_sr0.667_N1000_L12_T100000_seed2.npz,bidisperse,2,0.01,0.6666666666666666,0.6753543499289828
56000.0,0.8443260408102518,10,0.916,0.4719036429751742,0.5899158920040757,0.24293353705118415,6.969864397517663e-08,bidisperse_a0.01_sr0.667_N1000_L12_T100000_seed2.npz,bidisperse,2,0.01,0.6666666666666666,0.6753543499289828
57000.0,0.8401096317450655,9,0.913,,0.5817151012467475,0.23831417624521067,4.47572319265511e-08,bidisperse_a0.01_sr0.667_N1000_L12_T100000_seed2.npz,bidisperse,2,0.01,0.6666666666666666,0.6753543499289828
58000.0,0.8409522349187982,9,0.945,,0.5038072311352414,0.2328450269853508,4.497175496638597e-08,bidisperse_a0.01_sr0.667_N1000_L12_T100000_seed2.npz,bidisperse,2,0.01,0.6666666666666666,0.6753543499289828
59000.0,0.8426429111466567,5,0.952,,0.5260079891490537,0.24416379640260233,3.9260448848140164e-08,bidisperse_a0.01_sr0.667_N1000_L12_T100000_seed2.npz,bidisperse,2,0.01,0.6666666666666666,0.6753543499289828
60000.0,0.842339913589719,7,0.972,0.4778236983094737,0.5534922136181948,0.23248652809853732,3.5116222712569266e-08,bidisperse_a0.01_sr0.667_N1000_L12_T100000_seed2.npz,bidisperse,2,0.01,0.6666666666666666,0.6753543499289828
61000.0,0.8429793769688694,7,0.977,,0.5023485175521051,0.26684230334964243,7.045150104210405e-08,bidisperse_a0.01_sr0.667_N1000_L12_T100000_seed2.npz,bidisperse,2,0.01,0.6666666666666666,0.6753543499289828
62000.0,0.8404170881936374,9,0.912,,0.47719665982925796,0.241051028179741,6.426305413994688e-08,bidisperse_a0.01_sr0.667_N1000_L12_T100000_seed2.npz,bidisperse,2,0.01,0.6666666666666666,0.6753543499289828
63000.0,0.8451527303021653,8,0.925,,0.5246559167974176,0.2327286761868005,7.583055036351639e-08,bidisperse_a0.01_sr0.667_N1000_L12_T100000_seed2.npz,bidisperse,2,0.01,0.6666666666666666,0.6753543499289828
64000.0,0.8435720757590327,11,0.925,0.48228620817343043,0.5231482593337762,0.23776223776223782,6.44635739371295e-08,bidisperse_a0.01_sr0.667_N1000_L12_T100000_seed2.npz,bidisperse,2,0.01,0.6666666666666666,0.6753543499289828
65000.0,0.8384018899888286,13,0.957,,0.42667398625879677,0.28180782377516145,6.541737031543702e-08,bidisperse_a0.01_sr0.667_N1000_L12_T100000_seed2.npz,bidisperse,2,0.01,0.6666666666666666,0.6753543499289828
66000.0,0.8374918168978818,16,0.961,,0.46056093124161107,0.2852259779718952,4.2714795168809285e-08,bidisperse_a0.01_sr0.667_N1000_L12_T100000_seed2.npz,bidisperse,2,0.01,0.6666666666666666,0.6753543499289828
67000.0,0.8411550125569387,11,0.968,,0.42192380989381356,0.28068181818181814,4.5222115119362414e-08,bidisperse_a0.01_sr0.667_N1000_L12_T100000_seed2.npz,bidisperse,2,0.01,0.6666666666666666,0.6753543499289828
68000.0,0.8437682664020246,15,0.944,0.4845897473161102,0.4049799530093701,0.3110280373831775,6.557106906111338e-08,bidisperse_a0.01_sr0.667_N1000_L12_T100000_seed2.npz,bidisperse,2,0.01,0.6666666666666666,0.6753543499289828
69000.0,0.8483908584978638,15,0.917,,0.4992706537328957,0.32417168674698793,7.712585941541813e-08,bidisperse_a0.01_sr0.667_N1000_L12_T100000_seed2.npz,bidisperse,2,0.01,0.6666666666666666,0.6753543499289828
70000.0,0.8463673224547211,13,0.905,,0.5329086023503851,0.26061550447993764,9.37230704193178e-08,bidisperse_a0.01_sr0.667_N1000_L12_T100000_seed2.npz,bidisperse,2,0.01,0.6666666666666666,0.6753543499289828
71000.0,0.846267911259494,15,0.935,,0.5679350753778845,0.24756714674970803,9.399662725889059e-08,bidisperse_a0.01_sr0.667_N1000_L12_T100000_seed2.npz,bidisperse,2,0.01,0.6666666666666666,0.6753543499289828
72000.0,0.8435871936057152,14,0.944,0.47966473558983563,0.5364350292298675,0.24054580896686162,7.54561809628188e-08,bidisperse_a0.01_sr0.667_N1000_L12_T100000_seed2.npz,bidisperse,2,0.01,0.6666666666666666,0.6753543499289828
73000.0,0.8438442521192925,14,0.864,,0.5870225448704041,0.2455252918287938,6.431717766444866e-08,bidisperse_a0.01_sr0.667_N1000_L12_T100000_seed2.npz,bidisperse,2,0.01,0.6666666666666666,0.6753543499289828
74000.0,0.8425669084681353,16,0.885,,0.5246795174463874,0.24168947985920997,7.106813794671329e-08,bidisperse_a0.01_sr0.667_N1000_L12_T100000_seed2.npz,bidisperse,2,0.01,0.6666666666666666,0.6753543499289828
75000.0,0.8423291712302048,11,0.887,,0.4818022911064116,0.266256252404771,8.418962981513392e-08,bidisperse_a0.01_sr0.667_N1000_L12_T100000_seed2.npz,bidisperse,2,0.01,0.6666666666666666,0.6753543499289828
76000.0,0.8443203106661891,13,0.871,0.4786220263392744,0.4983088441630197,0.24613601236476046,7.88006148955784e-08,bidisperse_a0.01_sr0.667_N1000_L12_T100000_seed2.npz,bidisperse,2,0.01,0.6666666666666666,0.6753543499289828
77000.0,0.8472381620075111,16,0.862,,0.5626736377941292,0.24380804953560375,1.0377357541454548e-07,bidisperse_a0.01_sr0.667_N1000_L12_T100000_seed2.npz,bidisperse,2,0.01,0.6666666666666666,0.6753543499289828
78000.0,0.842149743025324,12,0.86,,0.5596177928884828,0.25340069957248346,1.0175361717559205e-07,bidisperse_a0.01_sr0.667_N1000_L12_T100000_seed2.npz,bidisperse,2,0.01,0.6666666666666666,0.6753543499289828
79000.0,0.8445648129187247,13,0.876,,0.5041467215610348,0.25444015444015444,1.0405390970256862e-07,bidisperse_a0.01_sr0.667_N1000_L12_T100000_seed2.npz,bidisperse,2,0.01,0.6666666666666666,0.6753543499289828
80000.0,0.8444100360679369,12,0.868,0.4802476413751105,0.49558402064281,0.24285714285714288,7.967312987975798e-08,bidisperse_a0.01_sr0.667_N1000_L12_T100000_seed2.npz,bidisperse,2,0.01,0.6666666666666666,0.6753543499289828
81000.0,0.842672498082906,10,0.964,,0.5441830152950872,0.2610364683301344,4.4294467229607695e-08,bidisperse_a0.01_sr0.667_N1000_L12_T100000_seed2.npz,bidisperse,2,0.01,0.6666666666666666,0.6753543499289828
82000.0,0.8492584201675942,9,0.901,,0.49234033892773765,0.3119642191576594,5.613567956225153e-08,bidisperse_a0.01_sr0.667_N1000_L12_T100000_seed2.npz,bidisperse,2,0.01,0.6666666666666666,0.6753543499289828
83000.0,0.8484380617645516,8,0.853,,0.4787412822772604,0.2670216812476227,9.967806543605808e-08,bidisperse_a0.01_sr0.667_N1000_L12_T100000_seed2.npz,bidisperse,2,0.01,0.6666666666666666,0.6753543499289828
84000.0,0.8431899259259259,8,0.855,0.4843050864197531,0.5337164990566905,0.27617602427921095,5.203043221487205e-08,bidisperse_a0.01_sr0.667_N1000_L12_T100000_seed2.npz,bidisperse,2,0.01,0.6666666666666666,0.6753543499289828
85000.0,0.8484345150716885,12,0.834,,0.4962322921027946,0.2828669988501341,7.629927289814504e-08,bidisperse_a0.01_sr0.667_N1000_L12_T100000_seed2.npz,bidisperse,2,0.01,0.6666666666666666,0.6753543499289828
86000.0,0.8501930171417046,9,0.91,,0.546083664675453,0.231496062992126,4.555106696129786e-08,bidisperse_a0.01_sr0.667_N1000_L12_T100000_seed2.npz,bidisperse,2,0.01,0.6666666666666666,0.6753543499289828
87000.0,0.8511726167016742,12,0.904,,0.4958177719260937,0.26689708141321045,6.22763896846372e-08,bidisperse_a0.01_sr0.667_N1000_L12_T100000_seed2.npz,bidisperse,2,0.01,0.6666666666666666,0.6753543499289828
88000.0,0.8497891391310398,11,0.88,0.4813801129542463,0.5287452042154738,0.28403041825095054,7.389092758580524e-08,bidisperse_a0.01_sr0.667_N1000_L12_T100000_seed2.npz,bidisperse,2,0.01,0.6666666666666666,0.6753543499289828
89000.0,0.84284724354195,16,0.903,,0.4741905085941936,0.2701566679403897,7.527650268148334e-08,bidisperse_a0.01_sr0.667_N1000_L12_T100000_seed2.npz,bidisperse,2,0.01,0.6666666666666666,0.6753543499289828
90000.0,0.8410905954417204,10,0.965,,0.5672780579848543,0.26636050516647536,4.893707822546109e-08,bidisperse_a0.01_sr0.667_N1000_L12_T100000_seed2.npz,bidisperse,2,0.01,0.6666666666666666,0.6753543499289828
91000.0,0.8406101860519679,6,0.971,,0.4528856053313567,0.28631020098596893,5.023690238300297e-08,bidisperse_a0.01_sr0.667_N1000_L12_T100000_seed2.npz,bidisperse,2,0.01,0.6666666666666666,0.6753543499289828
92000.0,0.842780473129893,13,0.889,0.4811437640208602,0.5228847420568178,0.2529002320185615,6.032333772884268e-08,bidisperse_a0.01_sr0.667_N1000_L12_T100000_seed2.npz,bidisperse,2,0.01,0.6666666666666666,0.6753543499289828
93000.0,0.8450736106332506,11,0.91,,0.4915909288408607,0.26564299424184257,7.743922696191202e-08,bidisperse_a0.01_sr0.667_N1000_L12_T100000_seed2.npz,bidisperse,2,0.01,0.6666666666666666,0.6753543499289828
94000.0,0.8442131566132677,10,0.895,,0.5133016094022642,0.24747866563227305,7.342295838803812e-08,bidisperse_a0.01_sr0.667_N1000_L12_T100000_seed2.npz,bidisperse,2,0.01,0.6666666666666666,0.6753543499289828
95000.0,0.844553903536308,15,0.927,,0.4583425806122761,0.2730401529636711,9.374284635993887e-08,bidisperse_a0.01_sr0.667_N1000_L12_T100000_seed2.npz,bidisperse,2,0.01,0.6666666666666666,0.6753543499289828
96000.0,0.8435472170824492,15,0.931,0.4837088961923986,0.5215946540727306,0.2515625,1.132121894212225e-07,bidisperse_a0.01_sr0.667_N1000_L12_T100000_seed2.npz,bidisperse,2,0.01,0.6666666666666666,0.6753543499289828
97000.0,0.8409392366668176,18,0.922,,0.5031844821461652,0.2888293802601377,8.297952648791945e-08,bidisperse_a0.01_sr0.667_N1000_L12_T100000_seed2.npz,bidisperse,2,0.01,0.6666666666666666,0.6753543499289828
98000.0,0.8435619323401649,14,0.902,,0.5366140634884752,0.24970873786407766,8.776819156946692e-08,bidisperse_a0.01_sr0.667_N1000_L12_T100000_seed2.npz,bidisperse,2,0.01,0.6666666666666666,0.6753543499289828
99000.0,0.8360777103116809,15,0.946,,0.516794625042004,0.25482625482625487,7.169978941432597e-08,bidisperse_a0.01_sr0.667_N1000_L12_T100000_seed2.npz,bidisperse,2,0.01,0.6666666666666666,0.6753543499289828
100000.0,0.8368301581557885,14,0.951,0.4857375972195732,0.45001462149456933,0.2624277456647399,4.7413427617259216e-08,bidisperse_a0.01_sr0.667_N1000_L12_T100000_seed2.npz,bidisperse,2,0.01,0.6666666666666666,0.6753543499289828
0.0,0.9881983244317549,199,0.02,0.8538287047079677,,,,bidisperse_a0.01_sr0.667_N1000_L12_T100000_seed3.npz,bidisperse,3,0.01,0.6666666666666666,0.5453247276963086
1000.0,0.9256275338497191,14,0.213,,0.12350149446703157,0.8427672955974843,9.994644439786032e-08,bidisperse_a0.01_sr0.667_N1000_L12_T100000_seed3.npz,bidisperse,3,0.01,0.6666666666666666,0.5453247276963086
2000.0,0.9056792574695015,9,0.341,,0.6310759439132728,0.5573352748452858,9.29015724657058e-08,bidisperse_a0.01_sr0.667_N1000_L12_T100000_seed3.npz,bidisperse,3,0.01,0.6666666666666666,0.5453247276963086
3000.0,0.8969177363145266,10,0.547,,0.670188171144005,0.4781643227239082,1.054075808626239e-07,bidisperse_a0.01_sr0.667_N1000_L12_T100000_seed3.npz,bidisperse,3,0.01,0.6666666666666666,0.5453247276963086
4000.0,0.8844997856019184,6,0.575,0.5056545224806039,0.5758448269670899,0.4844989185291997,5.2626080666822846e-08,bidisperse_a0.01_sr0.667_N1000_L12_T100000_seed3.npz,bidisperse,3,0.01,0.6666666666666666,0.5453247276963086
5000.0,0.882809179918707,17,0.416,,0.6077648579365725,0.4728795049144521,6.395454560943609e-08,bidisperse_a0.01_sr0.667_N1000_L12_T100000_seed3.npz,bidisperse,3,0.01,0.6666666666666666,0.5453247276963086
6000.0,0.869887220280412,15,0.42,,0.580445774686464,0.4617356279751007,7.572486971928221e-08,bidisperse_a0.01_sr0.667_N1000_L12_T100000_seed3.npz,bidisperse,3,0.01,0.6666666666666666,0.5453247276963086
7000.0,0.8718826584172988,17,0.426,,0.5622250773705318,0.37001533742331283,9.165493453397818e-08,bidisperse_a0.01_sr0.667_N1000_L12_T100000_seed3.npz,bidisperse,3,0.01,0.6666666666666666,0.5453247276963086
8000.0,0.8699073545648011,13,0.527,0.4964087493132931,0.6108719878338312,0.390015015015015,9.298642809975592e-08,bidisperse_a0.01_sr0.667_N1000_L12_T100000_seed3.npz,bidisperse,3,0.01,0.6666666666666666,0.5453247276963086
9000.0,0.8724786842649409,11,0.882,,0.6560818347082865,0.352139341158652,6.691741496207864e-08,bidisperse_a0.01_sr0.667_N1000_L12_T100000_seed3.npz,bidisperse,3,0.01,0.6666666666666666,0.5453247276963086
10000.0,0.8659483640596278,5,0.911,,0.6398421335376888,0.37750556792873047,8.632568582100301e-08,bidisperse_a0.01_sr0.667_N1000_L12_T100000_seed3.npz,bidisperse,3,0.01,0.6666666666666666,0.5453247276963086
11000.0,0.8639676652892562,9,0.905,,0.5669176127487334,0.34127884979190315,8.758688537254694e-08,bidisperse_a0.01_sr0.667_N1000_L12_T100000_seed3.npz,bidisperse,3,0.01,0.6666666666666666,0.5453247276963086
12000.0,0.8663329824780641,9,0.898,0.48658469149950473,0.5967431236010886,0.3055449330783939,5.877795476098105e-08,bidisperse_a0.01_sr0.667_N1000_L12_T100000_seed3.npz,bidisperse,3,0.01,0.6666666666666666,0.5453247276963086
13000.0,0.8675644407422833,11,0.887,,0.63135162398042,0.3088067098741899,6.118609317021345e-08,bidisperse_a0.01_sr0.667_N1000_L12_T100000_seed3.npz,bidisperse,3,0.01,0.6666666666666666,0.5453247276963086
14000.0,0.8627804650942255,8,0.89,,0.5337014981585564,0.34072126220886556,5.134414060590375e-08,bidisperse_a0.01_sr0.667_N1000_L12_T100000_seed3.npz,bidisperse,3,0.01,0.6666666666666666,0.5453247276963086
15000.0,0.8609009345184938,9,0.822,,0.5437385500489719,0.3539659006671608,7.18567651961623e-08,bidisperse_a0.01_sr0.667_N1000_L12_T100000_seed3.npz,bidisperse,3,0.01,0.6666666666666666,0.5453247276963086
16000.0,0.8569450137763918,8,0.87,0.49006678047540225,0.5807224958608161,0.3399624765478424,5.5498300365859445e-08,bidisperse_a0.01_sr0.667_N1000_L12_T100000_seed3.npz,bidisperse,3,0.01,0.6666666666666666,0.5453247276963086
17000.0,0.8518691871568097,4,0.975,,0.5285333550841922,0.3426651735722285,6.085275590910978e-08,bidisperse_a0.01_sr0.667_N1000_L12_T100000_seed3.npz,bidisperse,3,0.01,0.6666666666666666,0.5453247276963086
18000.0,0.8553844868019331,7,0.958,,0.527696041885991,0.2883225561049829,7.550796413921272e-08,bidisperse_a0.01_sr0.667_N1000_L12_T100000_seed3.npz,bidisperse,3,0.01,0.6666666666666666,0.5453247276963086
19000.0,0.8469873576829068,13,0.941,,0.5461369674081243,0.27603369065849925,7.324457145666254e-08,bidisperse_a0.01_sr0.667_N1000_L12_T100000_seed3.npz,bidisperse,3,0.01,0.6666666666666666,0.5453247276963086
20000.0,0.8474718082747565,12,0.939,0.48450168057989335,0.5672458109621225,0.2919514047076689,9.823521748112441e-08,bidisperse_a0.01_sr0.667_N1000_L12_T100000_seed3.npz,bidisperse,3,0.01,0.6666666666666666,0.5453247276963086
21000.0,0.8431752624251717,15,0.94,,0.5413904406340915,0.3113704819277109,6.535391618169512e-08,bidisperse_a0.01_sr0.667_N1000_L12_T100000_seed3.npz,bidisperse,3,0.01,0.6666666666666666,0.5453247276963086
22000.0,0.8389170950879503,11,0.951,,0.45408980936491594,0.3344456803856136,7.196064965617614e-08,bidisperse_a0.01_sr0.667_N1000_L12_T100000_seed3.npz,bidisperse,3,0.01,0.6666666666666666,0.5453247276963086
23000.0,0.8494915434198651,10,0.954,,0.4800717394488932,0.29591836734693877,4.934683871929595e-08,bidisperse_a0.01_sr0.667_N1000_L12_T100000_seed3.npz,bidisperse,3,0.01,0.6666666666666666,0.5453247276963086
24000.0,0.8440219164246938,14,0.952,0.48507383747843286,0.5405286314758634,0.30646992054483546,6.10741990394759e-08,bidisperse_a0.01_sr0.667_N1000_L12_T100000_seed3.npz,bidisperse,3,0.01,0.6666666666666666,0.5453247276963086
25000.0,0.8455696106323264,14,0.921,,0.4473679646075452,0.2908045977011494,6.496494060681179e-08,bidisperse_a0.01_sr0.667_N1000_L12_T100000_seed3.npz,bidisperse,3,0.01,0.6666666666666666,0.5453247276963086
26000.0,0.8429704243380022,12,0.906,,0.5099609712456773,0.27300613496932513,1.1307727562366205e-07,bidisperse_a0.01_sr0.667_N1000_L12_T100000_seed3.npz,bidisperse,3,0.01,0.6666666666666666,0.5453247276963086
27000.0,0.8429514782563828,13,0.908,,0.5731182742259265,0.2685887708649469,7.068415308073222e-08,bidisperse_a0.01_sr0.667_N1000_L12_T100000_seed3.npz,bidisperse,3,0.01,0.6666666666666666,0.5453247276963086
28000.0,0.8418941378705785,8,0.94,0.478309815872137,0.48470129081781277,0.2420406597621787,6.530494672901401e-08,bidisperse_a0.01_sr0.667_N1000_L12_T100000_seed3.npz,bidisperse,3,0.01,0.6666666666666666,0.5453247276963086
29000.0,0.8393039487984543,10,0.967,,0.5444956487914925,0.24200385356454723,5.190638848285886e-08,bidisperse_a0.01_sr0.667_N1000_L12_T100000_seed3.npz,bidisperse,3,0.01,0.6666666666666666,0.5453247276963086
30000.0,0.8419745382985399,10,0.96,,0.5689306931048471,0.23527131782945732,5.002870979198624e-08,bidisperse_a0.01_sr0.667_N1000_L12_T100000_seed3.npz,bidisperse,3,0.01,0.6666666666666666,0.5453247276963086
31000.0,0.8416419522745363,13,0.959,,0.49109370162165444,0.23975251353441607,3.8806761143923317e-08,bidisperse_a0.01_sr0.667_N1000_L12_T100000_seed3.npz,bidisperse,3,0.01,0.6666666666666666,0.5453247276963086
32000.0,0.8437092097396418,10,0.968,0.4724029152130729,0.47388209542422394,0.22390376406674428,4.328227000280068e-08,bidisperse_a0.01_sr0.667_N1000_L12_T100000_seed3.npz,bidisperse,3,0.01,0.6666666666666666,0.5453247276963086
33000.0,0.8446688341859333,8,0.966,,0.5422003666207544,0.2425172678434382,3.374348051053671e-08,bidisperse_a0.01_sr0.667_N1000_L12_T100000_seed3.npz,bidisperse,3,0.01,0.6666666666666666,0.5453247276963086
34000.0,0.8467708726917067,8,0.965,,0.5131662496722063,0.23419930205506012,5.604719344501776e-08,bidisperse_a0.01_sr0.667_N1000_L12_T100000_seed3.npz,bidisperse,3,0.01,0.6666666666666666,0.5453247276963086
35000.0,0.848551492715871,9,0.951,,0.5037065728228451,0.25134926754047804,3.4067066889554925e-08,bidisperse_a0.01_sr0.667_N1000_L12_T100000_seed3.npz,bidisperse,3,0.01,0.6666666666666666,0.5453247276963086
36000.0,0.8447515334363691,11,0.95,0.4816924651336451,0.5696641074246248,0.27425515660809774,3.750172333768594e-08,bidisperse_a0.01_sr0.667_N1000_L12_T100000_seed3.npz,bidisperse,3,0.01,0.6666666666666666,0.5453247276963086
37000.0,0.8441220091258088,8,0.956,,0.4934846438623494,0.2830117290957246,4.794481938837997e-08,bidisperse_a0.01_sr0.667_N1000_L12_T100000_seed3.npz,bidisperse,3,0.01,0.6666666666666666,0.5453247276963086
38000.0,0.84619798513913,9,0.967,,0.49105657035920014,0.2733155690902169,5.23559069170748e-08,bidisperse_a0.01_sr0.667_N1000_L12_T100000_seed3.npz,bidisperse,3,0.01,0.6666666666666666,0.5453247276963086
39000.0,0.8477769448382462,9,0.955,,0.5440865451378329,0.26926040061633283,8.063551278993545e-08,bidisperse_a0.01_sr0.667_N1000_L12_T100000_seed3.npz,bidisperse,3,0.01,0.6666666666666666,0.5453247276963086
40000.0,0.8540124891509477,9,0.903,0.48128776576960575,0.5576497808483185,0.27720504009163804,7.123460282344268e-08,bidisperse_a0.01_sr0.667_N1000_L12_T100000_seed3.npz,bidisperse,3,0.01,0.6666666666666666,0.5453247276963086
41000.0,0.8536851855662922,13,0.945,,0.5760053292703322,0.2765714285714286,8.245568219962091e-08,bidisperse_a0.01_sr0.667_N1000_L12_T100000_seed3.npz,bidisperse,3,0.01,0.6666666666666666,0.5453247276963086
42000.0,0.8499803701829437,8,0.901,,0.5494106656109401,0.3055242390078917,7.070921580241865e-08,bidisperse_a0.01_sr0.667_N1000_L12_T100000_seed3.npz,bidisperse,3,0.01,0.6666666666666666,0.5453247276963086
43000.0,0.8547007392059417,10,0.9,,0.5281944620602889,0.28462418924074784,5.868843646357782e-08,bidisperse_a0.01_sr0.667_N1000_L12_T100000_seed3.npz,bidisperse,3,0.01,0.6666666666666666,0.5453247276963086
44000.0,0.8602081217613736,12,0.904,0.4891793393019324,0.5435534711235358,0.28334618350038554,8.497301181913401e-08,bidisperse_a0.01_sr0.667_N1000_L12_T100000_seed3.npz,bidisperse,3,0.01,0.6666666666666666,0.5453247276963086
45000.0,0.8573395265632746,12,0.827,,0.5640323266562853,0.31379962192816635,8.122365780240201e-08,bidisperse_a0.01_sr0.667_N1000_L12_T100000_seed3.npz,bidisperse,3,0.01,0.6666666666666666,0.5453247276963086
46000.0,0.85918282348594,10,0.969,,0.6108513220078947,0.2804597701149425,9.693588943136749e-08,bidisperse_a0.01_sr0.667_N1000_L12_T100000_seed3.npz,bidisperse,3,0.01,0.6666666666666666,0.5453247276963086
47000.0,0.8499912147380698,10,0.975,,0.5515228415607984,0.2963382408456021,4.290725089897442e-08,bidisperse_a0.01_sr0.667_N1000_L12_T100000_seed3.npz,bidisperse,3,0.01,0.6666666666666666,0.5453247276963086
48000.0,0.8480296143225092,9,0.971,0.4792379392689127,0.5324222009537003,0.26446914526638554,3.0485946120244296e-08,bidisperse_a0.01_sr0.667_N1000_L12_T100000_seed3.npz,bidisperse,3,0.01,0.6666666666666666,0.5453247276963086
49000.0,0.8447825434152734,8,0.97,,0.48853215148772344,0.28862863619191537,3.28678342024032e-08,bidisperse_a0.01_sr0.667_N1000_L12_T100000_seed3.npz,bidisperse,3,0.01,0.6666666666666666,0.5453247276963086
50000.0,0.8413716703301267,9,0.967,,0.4964063978786181,0.27468785471055623,4.37352310233038e-08,bidisperse_a0.01_sr0.667_N1000_L12_T100000_seed3.npz,bidisperse,3,0.01,0.6666666666666666,0.5453247276963086
51000.0,0.8480800549683494,9,0.915,,0.48052650402769514,0.24903920061491158,4.187411804666072e-08,bidisperse_a0.01_sr0.667_N1000_L12_T100000_seed3.npz,bidisperse,3,0.01,0.6666666666666666,0.5453247276963086
52000.0,0.846115115513665,8,0.934,0.48105217773520065,0.5428245946582946,0.2835481425322214,4.7292380983197675e-08,bidisperse_a0.01_sr0.667_N1000_L12_T100000_seed3.npz,bidisperse,3,0.01,0.6666666666666666,0.5453247276963086
53000.0,0.8457028131630525,7,0.946,,0.49748743718592964,0.2882062950322336,5.256990050830764e-08,bidisperse_a0.01_sr0.667_N1000_L12_T100000_seed3.npz,bidisperse,3,0.01,0.6666666666666666,0.5453247276963086
54000.0,0.8484869707677823,7,0.948,,0.49674967810821846,0.269688820591625,5.1116587267163493e-08,bidisperse_a0.01_sr0.667_N1000_L12_T100000_seed3.npz,bidisperse,3,0.01,0.6666666666666666,0.5453247276963086
55000.0,0.8500393823944495,8,0.928,,0.5214844542771335,0.30731523378582204,4.284019580544583e-08,bidisperse_a0.01_sr0.667_N1000_L12_T100000_seed3.npz,bidisperse,3,0.01,0.6666666666666666,0.5453247276963086
56000.0,0.8468145067235429,14,0.929,0.4881297538997071,0.5346045813009902,0.3269662921348314,7.298748517908725e-08,bidisperse_a0.01_sr0.667_N1000_L12_T100000_seed3.npz,bidisperse,3,0.01,0.6666666666666666,0.5453247276963086
57000.0,0.8486429486939084,13,0.939,,0.48819886968383513,0.3110102156640182,8.574550388279436e-08,bidisperse_a0.01_sr0.667_N1000_L12_T100000_seed3.npz,bidisperse,3,0.01,0.6666666666666666,0.5453247276963086
58000.0,0.8501358850818704,14,0.949,,0.5078627223794776,0.2889399158055874,6.4838913166645e-08,bidisperse_a0.01_sr0.667_N1000_L12_T100000_seed3.npz,bidisperse,3,0.01,0.6666666666666666,0.5453247276963086
59000.0,0.8544800321932499,13,0.959,,0.5296880743102919,0.30716723549488056,7.263876724715774e-08,bidisperse_a0.01_sr0.667_N1000_L12_T100000_seed3.npz,bidisperse,3,0.01,0.6666666666666666,0.5453247276963086
60000.0,0.8573186443949922,10,0.962,0.48985951472374256,0.6292895401709413,0.29160246533127887,6.499044205205265e-08,bidisperse_a0.01_sr0.667_N1000_L12_T100000_seed3.npz,bidisperse,3,0.01,0.6666666666666666,0.5453247276963086
61000.0,0.8581203985832753,13,0.929,,0.601929626838824,0.29536679536679533,7.096947295135152e-08,bidisperse_a0.01_sr0.667_N1000_L12_T100000_seed3.npz,bidisperse,3,0.01,0.6666666666666666,0.5453247276963086
62000.0,0.8567331896349076,12,0.938,,0.6257370086688667,0.3052995391705069,8.359247602434073e-08,bidisperse_a0.01_sr0.667_N1000_L12_T100000_seed3.npz,bidisperse,3,0.01,0.6666666666666666,0.5453247276963086
63000.0,0.8517148935311937,11,0.939,,0.5649223387317175,0.31158864159631616,8.386560672369212e-08,bidisperse_a0.01_sr0.667_N1000_L12_T100000_seed3.npz,bidisperse,3,0.01,0.6666666666666666,0.5453247276963086
64000.0,0.8460534606245312,12,0.954,0.4857838534230159,0.44654663224125063,0.34392523364485983,6.695884455521302e-08,bidisperse_a0.01_sr0.667_N1000_L12_T100000_seed3.npz,bidisperse,3,0.01,0.6666666666666666,0.5453247276963086
65000.0,0.8493367249974416,13,0.957,,0.46928887295948374,0.30624529721595184,8.438923400860696e-08,bidisperse_a0.01_sr0.667_N1000_L12_T100000_seed3.npz,bidisperse,3,0.01,0.6666666666666666,0.5453247276963086
66000.0,0.8542531358024691,8,0.929,,0.5023145877010947,0.33394833948339486,6.375315379547964e-08,bidisperse_a0.01_sr0.667_N1000_L12_T100000_seed3.npz,bidisperse,3,0.01,0.6666666666666666,0.5453247276963086
67000.0,0.8507935355990204,9,0.919,,0.5539178711297249,0.2808689024390244,5.3915403407902886e-08,bidisperse_a0.01_sr0.667_N1000_L12_T100000_seed3.npz,bidisperse,3,0.01,0.6666666666666666,0.5453247276963086
68000.0,0.8439635582427981,7,0.945,0.47207252119801607,0.4580075345391786,0.281790820165538,6.082821338194009e-08,bidisperse_a0.01_sr0.667_N1000_L12_T100000_seed3.npz,bidisperse,3,0.01,0.6666666666666666,0.5453247276963086
69000.0,0.8484634865803723,6,0.947,,0.4747074378285452,0.2912621359223301,4.906391244249165e-08,bidisperse_a0.01_sr0.667_N1000_L12_T100000_seed3.npz,bidisperse,3,0.01,0.6666666666666666,0.5453247276963086
70000.0,0.8447779779152635,7,0.951,,0.5600884629741542,0.2957110609480813,4.2364061454473295e-08,bidisperse_a0.01_sr0.667_N1000_L12_T100000_seed3.npz,bidisperse,3,0.01,0.6666666666666666,0.5453247276963086
71000.0,0.8432009483454557,11,0.938,,0.4937198915224103,0.2925170068027211,5.732166948569551e-08,bidisperse_a0.01_sr0.667_N1000_L12_T100000_seed3.npz,bidisperse,3,0.01,0.6666666666666666,0.5453247276963086
72000.0,0.8471583795154977,10,0.963,0.48274304214715547,0.4370455921231315,0.29716446124763707,6.315624573063657e-08,bidisperse_a0.01_sr0.667_N1000_L12_T100000_seed3.npz,bidisperse,3,0.01,0.6666666666666666,0.5453247276963086
73000.0,0.842270822069335,10,0.958,,0.4645448175412296,0.3065610859728507,5.473614303161811e-08,bidisperse_a0.01_sr0.667_N1000_L12_T100000_seed3.npz,bidisperse,3,0.01,0.6666666666666666,0.5453247276963086
74000.0,0.8401075330871037,14,0.952,,0.5047705002592003,0.2969514490026346,6.628819395882984e-08,bidisperse_a0.01_sr0.667_N1000_L12_T100000_seed3.npz,bidisperse,3,0.01,0.6666666666666666,0.5453247276963086
75000.0,0.8393761268179198,14,0.957,,0.582896118207049,0.29722638680659674,8.827190898509485e-08,bidisperse_a0.01_sr0.667_N1000_L12_T100000_seed3.npz,bidisperse,3,0.01,0.6666666666666666,0.5453247276963086
76000.0,0.8388845992953041,10,0.97,0.4766068206871468,0.45333964044922537,0.2784905660377358,6.117938356714239e-08,bidisperse_a0.01_sr0.667_N1000_L12_T100000_seed3.npz,bidisperse,3,0.01,0.6666666666666666,0.5453247276963086
77000.0,0.8416351731747274,7,0.973,,0.5067508438729657,0.2794448612153039,6.100385985364736e-08,bidisperse_a0.01_sr0.667_N1000_L12_T100000_seed3.npz,bidisperse,3,0.01,0.6666666666666666,0.5453247276963086
78000.0,0.8368854031444226,9,0.964,,0.5421750306047056,0.264072534945221,5.78609078798911e-08,bidisperse_a0.01_sr0.667_N1000_L12_T100000_seed3.npz,bidisperse,3,0.01,0.6666666666666666,0.5453247276963086
79000.0,0.8366195337975423,13,0.957,,0.4206718538554907,0.20864149474503701,5.714509111742853e-08,bidisperse_a0.01_sr0.667_N1000_L12_T100000_seed3.npz,bidisperse,3,0.01,0.6666666666666666,0.5453247276963086
80000.0,0.8357141261065549,13,0.966,0.4729035578673247,0.4990678064369184,0.20725995316159251,6.477481552884214e-08,bidisperse_a0.01_sr0.667_N1000_L12_T100000_seed3.npz,bidisperse,3,0.01,0.6666666666666666,0.5453247276963086
81000.0,0.8393058279693267,9,0.977,,0.4414813018618411,0.2572833900870223,5.6257686026449364e-08,bidisperse_a0.01_sr0.667_N1000_L12_T100000_seed3.npz,bidisperse,3,0.01,0.6666666666666666,0.5453247276963086
82000.0,0.8403641747508452,9,0.952,,0.4885649473363977,0.26206636500754144,7.214753827320713e-08,bidisperse_a0.01_sr0.667_N1000_L12_T100000_seed3.npz,bidisperse,3,0.01,0.6666666666666666,0.5453247276963086
83000.0,0.8397726922263954,8,0.949,,0.5561980502210415,0.25161290322580643,8.19280028772125e-08,bidisperse_a0.01_sr0.667_N1000_L12_T100000_seed3.npz,bidisperse,3,0.01,0.6666666666666666,0.5453247276963086
84000.0,0.836893152307581,12,0.955,0.4729532626430684,0.5827169552445758,0.2323619631901841,7.107701531075808e-08,bidisperse_a0.01_sr0.667_N1000_L12_T100000_seed3.npz,bidisperse,3,0.01,0.6666666666666666,0.5453247276963086
85000.0,0.8332763010591867,14,0.964,,0.47526751968607756,0.20488940628637953,4.791139313004734e-08,bidisperse_a0.01_sr0.667_N1000_L12_T100000_seed3.npz,bidisperse,3,0.01,0.6666666666666666,0.5453247276963086
86000.0,0.8348502815087696,8,0.973,,0.48079365195866575,0.2015473887814313,5.3044340573027766e-08,bidisperse_a0.01_sr0.667_N1000_L12_T100000_seed3.npz,bidisperse,3,0.01,0.6666666666666666,0.5453247276963086
87000.0,0.8392956732812101,10,0.953,,0.45668450266564203,0.19906505648617068,4.1511864639614845e-08,bidisperse_a0.01_sr0.667_N1000_L12_T100000_seed3.npz,bidisperse,3,0.01,0.6666666666666666,0.5453247276963086
88000.0,0.8367716212437032,12,0.949,0.4723828769779604,0.486416957144862,0.22406478981874278,8.697311042370051e-08,bidisperse_a0.01_sr0.667_N1000_L12_T100000_seed3.npz,bidisperse,3,0.01,0.6666666666666666,0.5453247276963086
89000.0,0.8351539764645199,13,0.954,,0.46753742566430656,0.21350931677018636,9.214743497895699e-08,bidisperse_a0.01_sr0.667_N1000_L12_T100000_seed3.npz,bidisperse,3,0.01,0.6666666666666666,0.5453247276963086
90000.0,0.832258599700991,5,0.976,,0.495796760159547,0.2784431137724551,6.588945335685349e-08,bidisperse_a0.01_sr0.667_N1000_L12_T100000_seed3.npz,bidisperse,3,0.01,0.6666666666666666,0.5453247276963086
91000.0,0.8320592493587726,10,0.967,,0.45298594721924174,0.27436281859070466,5.7590950328832523e-08,bidisperse_a0.01_sr0.667_N1000_L12_T100000_seed3.npz,bidisperse,3,0.01,0.6666666666666666,0.5453247276963086
92000.0,0.832379248219082,8,0.971,0.47420878992266524,0.45552749774821405,0.2662141779788839,4.338461127713797e-08,bidisperse_a0.01_sr0.667_N1000_L12_T100000_seed3.npz,bidisperse,3,0.01,0.6666666666666666,0.5453247276963086
93000.0,0.8292533393886786,10,0.958,,0.4293500196902506,0.2636329447160587,6.019019237993143e-08,bidisperse_a0.01_sr0.667_N1000_L12_T100000_seed3.npz,bidisperse,3,0.01,0.6666666666666666,0.5453247276963086
94000.0,0.8264193542549783,7,0.942,,0.40373308744820025,0.2526276276276276,6.687893983192033e-08,bidisperse_a0.01_sr0.667_N1000_L12_T100000_seed3.npz,bidisperse,3,0.01,0.6666666666666666,0.5453247276963086
95000.0,0.827596793045511,15,0.944,,0.4638259490401626,0.21752380952380956,4.912116323815542e-08,bidisperse_a0.01_sr0.667_N1000_L12_T100000_seed3.npz,bidisperse,3,0.01,0.6666666666666666,0.5453247276963086
96000.0,0.8289175905860352,13,0.952,0.4683856170079082,0.4262443505659963,0.16541945647892875,7.167573138322766e-08,bidisperse_a0.01_sr0.667_N1000_L12_T100000_seed3.npz,bidisperse,3,0.01,0.6666666666666666,0.5453247276963086
97000.0,0.8295618189773697,14,0.932,,0.5020639956938484,0.18874560375146543,6.536833001669722e-08,bidisperse_a0.01_sr0.667_N1000_L12_T100000_seed3.npz,bidisperse,3,0.01,0.6666666666666666,0.5453247276963086
98000.0,0.8300315196172147,12,0.935,,0.45628818221813533,0.18657298985167836,6.682163802803742e-08,bidisperse_a0.01_sr0.667_N1000_L12_T100000_seed3.npz,bidisperse,3,0.01,0.6666666666666666,0.5453247276963086
99000.0,0.8263649636019683,11,0.932,,0.49395609967239784,0.18427230046948362,5.6038271857412184e-08,bidisperse_a0.01_sr0.667_N1000_L12_T100000_seed3.npz,bidisperse,3,0.01,0.6666666666666666,0.5453247276963086
100000.0,0.8271427860966435,20,0.933,0.47118493853282534,0.45618435915786804,0.20319190346438298,6.862613105057428e-08,bidisperse_a0.01_sr0.667_N1000_L12_T100000_seed3.npz,bidisperse,3,0.01,0.6666666666666666,0.5453247276963086
0.0,0.9791357919320924,110,0.028,0.8641472883254061,,,,monodisperse_a0.005_sr0.667_N1000_L12_T100000_seed1.npz,monodisperse,1,0.005,0.6666666666666666,0.795973892041351
1000.0,0.945846669550173,38,0.152,,0.2660502500961159,0.6996245306633291,1.5999051094320215e-08,monodisperse_a0.005_sr0.667_N1000_L12_T100000_seed1.npz,monodisperse,1,0.005,0.6666666666666666,0.795973892041351
2000.0,0.9380157772650668,23,0.292,,0.755463463223581,0.45141065830721006,1.0989957338669732e-08,monodisperse_a0.005_sr0.667_N1000_L12_T100000_seed1.npz,monodisperse,1,0.005,0.6666666666666666,0.795973892041351
3000.0,0.9299261951855905,19,0.24,,0.8023397334406899,0.3392857142857143,6.47527889145299e-09,monodisperse_a0.005_sr0.667_N1000_L12_T100000_seed1.npz,monodisperse,1,0.005,0.6666666666666666,0.795973892041351
4000.0,0.9224869950294424,13,0.224,0.5711891849958417,0.8266904546153578,0.31177606177606176,7.348292156418093e-09,monodisperse_a0.005_sr0.667_N1000_L12_T100000_seed1.npz,monodisperse,1,0.005,0.6666666666666666,0.795973892041351
5000.0,0.9221372916221934,12,0.278,,0.8552352423532267,0.2951289398280802,5.10103397312327e-09,monodisperse_a0.005_sr0.667_N1000_L12_T100000_seed1.npz,monodisperse,1,0.005,0.6666666666666666,0.795973892041351
6000.0,0.9178871353807457,11,0.268,,0.8488833706433921,0.2710280373831776,4.413333725219708e-09,monodisperse_a0.005_sr0.667_N1000_L12_T100000_seed1.npz,monodisperse,1,0.005,0.6666666666666666,0.795973892041351
7000.0,0.9069832856471043,7,0.596,,0.8314193286649736,0.25574977000919963,4.316995887666416e-09,monodisperse_a0.005_sr0.667_N1000_L12_T100000_seed1.npz,monodisperse,1,0.005,0.6666666666666666,0.795973892041351
8000.0,0.907107503529512,8,0.468,0.5378071785487201,0.8702192907923583,0.26430517711171664,3.820343356578625e-09,monodisperse_a0.005_sr0.667_N1000_L12_T100000_seed1.npz,monodisperse,1,0.005,0.6666666666666666,0.795973892041351
9000.0,0.9010775721904266,6,0.63,,0.8374719178111193,0.2265696087352138,2.5969196066099097e-09,monodisperse_a0.005_sr0.667_N1000_L12_T100000_seed1.npz,monodisperse,1,0.005,0.6666666666666666,0.795973892041351
10000.0,0.9075263892091427,8,0.476,,0.8475312014453307,0.2338709677419355,3.3510935709570677e-09,monodisperse_a0.005_sr0.667_N1000_L12_T100000_seed1.npz,monodisperse,1,0.005,0.6666666666666666,0.795973892041351
11000.0,0.9053430075954282,8,0.414,,0.8422226971152551,0.24162257495590833,3.923125025574513e-09,monodisperse_a0.005_sr0.667_N1000_L12_T100000_seed1.npz,monodisperse,1,0.005,0.6666666666666666,0.795973892041351
12000.0,0.9010143280029297,7,0.588,0.5160425504048666,0.7815296539410436,0.2160979877515311,2.3286662721704976e-09,monodisperse_a0.005_sr0.667_N1000_L12_T100000_seed1.npz,monodisperse,1,0.005,0.6666666666666666,0.795973892041351
13000.0,0.9023237642262613,8,0.47,,0.8201914320497156,0.20668425681618297,1.9727730728915796e-09,monodisperse_a0.005_sr0.667_N1000_L12_T100000_seed1.npz,monodisperse,1,0.005,0.6666666666666666,0.795973892041351
14000.0,0.8956625600005986,7,0.588,,0.8230655254001132,0.20263157894736838,2.296788545641333e-09,monodisperse_a0.005_sr0.667_N1000_L12_T100000_seed1.npz,monodisperse,1,0.005,0.6666666666666666,0.795973892041351
15000.0,0.9025900551801104,7,0.586,,0.8603626672506177,0.18423383525243575,1.2996781411628385e-09,monodisperse_a0.005_sr0.667_N1000_L12_T100000_seed1.npz,monodisperse,1,0.005,0.6666666666666666,0.795973892041351
16000.0,0.893343495177472,8,0.476,0.5076555457829589,0.8402670418502799,0.19841966637401232,1.2185703101568554e-09,monodisperse_a0.005_sr0.667_N1000_L12_T100000_seed1.npz,monodisperse,1,0.005,0.6666666666666666,0.795973892041351
17000.0,0.9018479476502083,7,0.588,,0.7410109309680977,0.1889279437609842,1.1932892485890285e-09,monodisperse_a0.005_sr0.667_N1000_L12_T100000_seed1.npz,monodisperse,1,0.005,0.6666666666666666,0.795973892041351
18000.0,0.8998118449986666,7,0.588,,0.8258183620150343,0.18930762489044695,1.6127057789082524e-09,monodisperse_a0.005_sr0.667_N1000_L12_T100000_seed1.npz,monodisperse,1,0.005,0.6666666666666666,0.795973892041351
19000.0,0.8992886282955962,7,0.588,,0.8369242097475057,0.186411149825784,2.353215992480101e-09,monodisperse_a0.005_sr0.667_N1000_L12_T100000_seed1.npz,monodisperse,1,0.005,0.6666666666666666,0.795973892041351
20000.0,0.8958558236810849,7,0.588,0.5017382013794381,0.8248781034185415,0.18386816999132694,2.412949823456114e-09,monodisperse_a0.005_sr0.667_N1000_L12_T100000_seed1.npz,monodisperse,1,0.005,0.6666666666666666,0.795973892041351
21000.0,0.8944420350323296,7,0.586,,0.8938949225002575,0.1878260869565217,1.1625698069052483e-09,monodisperse_a0.005_sr0.667_N1000_L12_T100000_seed1.npz,monodisperse,1,0.005,0.6666666666666666,0.795973892041351
22000.0,0.895474544758426,7,0.584,,0.8524956430061007,0.18874458874458877,1.5761046072847451e-09,monodisperse_a0.005_sr0.667_N1000_L12_T100000_seed1.npz,monodisperse,1,0.005,0.6666666666666666,0.795973892041351
23000.0,0.8961614151287449,7,0.588,,0.8523858765956442,0.17083692838654008,1.140988556862098e-09,monodisperse_a0.005_sr0.667_N1000_L12_T100000_seed1.npz,monodisperse,1,0.005,0.6666666666666666,0.795973892041351
24000.0,0.8909980592592059,7,0.588,0.4990695366106288,0.86812733296613,0.1753022452504318,1.5251711670347613e-09,monodisperse_a0.005_sr0.667_N1000_L12_T100000_seed1.npz,monodisperse,1,0.005,0.6666666666666666,0.795973892041351
25000.0,0.8934000548344451,7,0.586,,0.7903301632207287,0.18450826805918186,1.2549219986101445e-09,monodisperse_a0.005_sr0.667_N1000_L12_T100000_seed1.npz,monodisperse,1,0.005,0.6666666666666666,0.795973892041351
26000.0,0.8964417651739646,7,0.588,,0.8500312332641154,0.18450826805918186,1.83683988509439e-09,monodisperse_a0.005_sr0.667_N1000_L12_T100000_seed1.npz,monodisperse,1,0.005,0.6666666666666666,0.795973892041351
27000.0,0.8930471655328799,7,0.588,,0.9271558481565854,0.18464193270060392,1.896810092409917e-09,monodisperse_a0.005_sr0.667_N1000_L12_T100000_seed1.npz,monodisperse,1,0.005,0.6666666666666666,0.795973892041351
28000.0,0.8967298446745562,7,0.588,0.5117971831854043,0.8611062423635132,0.19827586206896552,1.7750628298364377e-09,monodisperse_a0.005_sr0.667_N1000_L12_T100000_seed1.npz,monodisperse,1,0.005,0.6666666666666666,0.795973892041351
29000.0,0.8883503915984335,7,0.588,,0.8751652896882102,0.19121447028423777,2.208162987377048e-09,monodisperse_a0.005_sr0.667_N1000_L12_T100000_seed1.npz,monodisperse,1,0.005,0.6666666666666666,0.795973892041351
30000.0,0.8944584371662513,7,0.588,,0.8402094500979306,0.1802575107296137,1.3250998350852692e-09,monodisperse_a0.005_sr0.667_N1000_L12_T100000_seed1.npz,monodisperse,1,0.005,0.6666666666666666,0.795973892041351
31000.0,0.8942305980776077,7,0.586,,0.84518129357746,0.18337617823479002,2.5286535125576194e-09,monodisperse_a0.005_sr0.667_N1000_L12_T100000_seed1.npz,monodisperse,1,0.005,0.6666666666666666,0.795973892041351
32000.0,0.8915053103842361,7,0.586,0.49251068246116203,0.8357996932216615,0.17096219931271472,1.4206048528980067e-09,monodisperse_a0.005_sr0.667_N1000_L12_T100000_seed1.npz,monodisperse,1,0.005,0.6666666666666666,0.795973892041351
33000.0,0.8889217448479673,7,0.586,,0.8372821358472682,0.17110920034393806,1.6504571246444406e-09,monodisperse_a0.005_sr0.667_N1000_L12_T100000_seed1.npz,monodisperse,1,0.005,0.6666666666666666,0.795973892041351
34000.0,0.8920419577278138,7,0.588,,0.8519160234020413,0.17844827586206902,1.9037914490205778e-09,monodisperse_a0.005_sr0.667_N1000_L12_T100000_seed1.npz,monodisperse,1,0.005,0.6666666666666666,0.795973892041351
35000.0,0.8891009708352838,7,0.588,,0.8298965037070295,0.18707482993197277,1.8835032757544253e-09,monodisperse_a0.005_sr0.667_N1000_L12_T100000_seed1.npz,monodisperse,1,0.005,0.6666666666666666,0.795973892041351
36000.0,0.8863273644227393,7,0.586,0.5049242921302356,0.882051652787021,0.16866438356164382,1.4219322037575219e-09,monodisperse_a0.005_sr0.667_N1000_L12_T100000_seed1.npz,monodisperse,1,0.005,0.6666666666666666,0.795973892041351
37000.0,0.8894794045165961,7,0.588,,0.7802987882108537,0.174508126603935,1.4075738740161362e-09,monodisperse_a0.005_sr0.667_N1000_L12_T100000_seed1.npz,monodisperse,1,0.005,0.6666666666666666,0.795973892041351
38000.0,0.8850327744726879,7,0.588,,0.8377160665152913,0.17120954003407152,1.342745076833856e-09,monodisperse_a0.005_sr0.667_N1000_L12_T100000_seed1.npz,monodisperse,1,0.005,0.6666666666666666,0.795973892041351
39000.0,0.882335270696511,7,0.586,,0.8114977682021095,0.18011894647408666,1.4310182107502803e-09,monodisperse_a0.005_sr0.667_N1000_L12_T100000_seed1.npz,monodisperse,1,0.005,0.6666666666666666,0.795973892041351
40000.0,0.8849574688263104,7,0.584,0.49393323051806054,0.8059582927977643,0.17732310315430522,2.1048152284227637e-09,monodisperse_a0.005_sr0.667_N1000_L12_T100000_seed1.npz,monodisperse,1,0.005,0.6666666666666666,0.795973892041351
41000.0,0.8836262579684535,7,0.588,,0.7519222539987496,0.17972742759795568,1.7283981478171264e-09,monodisperse_a0.005_sr0.667_N1000_L12_T100000_seed1.npz,monodisperse,1,0.005,0.6666666666666666,0.795973892041351
42000.0,0.888051595901631,7,0.588,,0.7386604334450154,0.1716227697536109,1.5540729402199048e-09,monodisperse_a0.005_sr0.667_N1000_L12_T100000_seed1.npz,monodisperse,1,0.005,0.6666666666666666,0.795973892041351
43000.0,0.8787765465388627,7,0.588,,0.8029956883497603,0.16200169635284134,1.5115083400110116e-09,monodisperse_a0.005_sr0.667_N1000_L12_T100000_seed1.npz,monodisperse,1,0.005,0.6666666666666666,0.795973892041351
44000.0,0.8864945678161834,7,0.588,0.4888049985513612,0.7369137674208479,0.16426756985605417,1.5914962481215623e-09,monodisperse_a0.005_sr0.667_N1000_L12_T100000_seed1.npz,monodisperse,1,0.005,0.6666666666666666,0.795973892041351
45000.0,0.8859329588551916,7,0.588,,0.7829639913306402,0.1461148648648649,1.7168521910053617e-09,monodisperse_a0.005_sr0.667_N1000_L12_T100000_seed1.npz,monodisperse,1,0.005,0.6666666666666666,0.795973892041351
46000.0,0.8856087356483752,7,0.588,,0.8894019641574663,0.1528716216216216,1.1921535581337254e-09,monodisperse_a0.005_sr0.667_N1000_L12_T100000_seed1.npz,monodisperse,1,0.005,0.6666666666666666,0.795973892041351
47000.0,0.8782698347107438,7,0.588,,0.7429517716676977,0.15338983050847455,1.1477838952164525e-09,monodisperse_a0.005_sr0.667_N1000_L12_T100000_seed1.npz,monodisperse,1,0.005,0.6666666666666666,0.795973892041351
48000.0,0.8892051222153794,7,0.586,0.4916504208343067,0.8030163661250911,0.15456081081081086,1.9663794500874845e-09,monodisperse_a0.005_sr0.667_N1000_L12_T100000_seed1.npz,monodisperse,1,0.005,0.6666666666666666,0.795973892041351
49000.0,0.8853701966180855,7,0.588,,0.8672806409036865,0.14310051107325383,8.549114457950981e-10,monodisperse_a0.005_sr0.667_N1000_L12_T100000_seed1.npz,monodisperse,1,0.005,0.6666666666666666,0.795973892041351
50000.0,0.8831819083515176,7,0.588,,0.8120965532188515,0.1725888324873096,1.5008824822595807e-09,monodisperse_a0.005_sr0.667_N1000_L12_T100000_seed1.npz,monodisperse,1,0.005,0.6666666666666666,0.795973892041351
51000.0,0.8869447634634174,7,0.588,,0.8347702964525453,0.16822429906542058,9.309188047205993e-10,monodisperse_a0.005_sr0.667_N1000_L12_T100000_seed1.npz,monodisperse,1,0.005,0.6666666666666666,0.795973892041351
52000.0,0.8834231160775379,7,0.588,0.49478914596451967,0.8648969693608021,0.16340425531914893,1.8032721697370834e-09,monodisperse_a0.005_sr0.667_N1000_L12_T100000_seed1.npz,monodisperse,1,0.005,0.6666666666666666,0.795973892041351
53000.0,0.8867211085617679,7,0.588,,0.8785085769393862,0.16878710771840544,1.4642135119556071e-09,monodisperse_a0.005_sr0.667_N1000_L12_T100000_seed1.npz,monodisperse,1,0.005,0.6666666666666666,0.795973892041351
54000.0,0.8878886457368909,7,0.588,,0.8037502869242794,0.15709459459459463,1.4538578164468016e-09,monodisperse_a0.005_sr0.667_N1000_L12_T100000_seed1.npz,monodisperse,1,0.005,0.6666666666666666,0.795973892041351
55000.0,0.8831691529492456,7,0.586,,0.7924920169860434,0.16722972972972971,1.2725894585807075e-09,monodisperse_a0.005_sr0.667_N1000_L12_T100000_seed1.npz,monodisperse,1,0.005,0.6666666666666666,0.795973892041351
56000.0,0.8840366500955511,7,0.588,0.482386318770897,0.8756018009522455,0.16003386960203214,1.873511585645337e-09,monodisperse_a0.005_sr0.667_N1000_L12_T100000_seed1.npz,monodisperse,1,0.005,0.6666666666666666,0.795973892041351
57000.0,0.8836021432170041,7,0.588,,0.8407063034058754,0.15351993214588633,1.4127780063702926e-09,monodisperse_a0.005_sr0.667_N1000_L12_T100000_seed1.npz,monodisperse,1,0.005,0.6666666666666666,0.795973892041351
58000.0,0.8882322314049587,6,0.588,,0.8650204369647,0.16470588235294115,1.744569032620306e-09,monodisperse_a0.005_sr0.667_N1000_L12_T100000_seed1.npz,monodisperse,1,0.005,0.6666666666666666,0.795973892041351
59000.0,0.8849960604047713,6,0.588,,0.8013081547629246,0.18456375838926176,1.3546636667795892e-09,monodisperse_a0.005_sr0.667_N1000_L12_T100000_seed1.npz,monodisperse,1,0.005,0.6666666666666666,0.795973892041351
60000.0,0.8805424072343043,6,0.586,0.4803812879770757,0.7825638255618778,0.1854026845637584,9.876326323379414e-10,monodisperse_a0.005_sr0.667_N1000_L12_T100000_seed1.npz,monodisperse,1,0.005,0.6666666666666666,0.795973892041351
61000.0,0.8836759783025742,6,0.586,,0.8484680707975517,0.18219983207388746,1.2443177164900568e-09,monodisperse_a0.005_sr0.667_N1000_L12_T100000_seed1.npz,monodisperse,1,0.005,0.6666666666666666,0.795973892041351
62000.0,0.8815100937820812,6,0.588,,0.7908608068069339,0.18158783783783783,1.1689213438276175e-09,monodisperse_a0.005_sr0.667_N1000_L12_T100000_seed1.npz,monodisperse,1,0.005,0.6666666666666666,0.795973892041351
63000.0,0.8840304018608035,6,0.586,,0.7678449960361909,0.18608549874266556,1.4632322690198436e-09,monodisperse_a0.005_sr0.667_N1000_L12_T100000_seed1.npz,monodisperse,1,0.005,0.6666666666666666,0.795973892041351
64000.0,0.8777048348580067,6,0.588,0.4839166011454225,0.789014349877498,0.16148023549201007,1.3190153253022458e-09,monodisperse_a0.005_sr0.667_N1000_L12_T100000_seed1.npz,monodisperse,1,0.005,0.6666666666666666,0.795973892041351
65000.0,0.8777355664823924,6,0.588,,0.74497206494851,0.12919463087248317,1.1657802258212768e-09,monodisperse_a0.005_sr0.667_N1000_L12_T100000_seed1.npz,monodisperse,1,0.005,0.6666666666666666,0.795973892041351
66000.0,0.8847123439001355,6,0.588,,0.7714075608109947,0.14975041597337768,2.206282729069946e-09,monodisperse_a0.005_sr0.667_N1000_L12_T100000_seed1.npz,monodisperse,1,0.005,0.6666666666666666,0.795973892041351
67000.0,0.8816487529708357,6,0.586,,0.7718223706336625,0.14634146341463417,1.147109830053305e-09,monodisperse_a0.005_sr0.667_N1000_L12_T100000_seed1.npz,monodisperse,1,0.005,0.6666666666666666,0.795973892041351
68000.0,0.8785495867768595,6,0.588,0.4852658402203857,0.7644186505823964,0.1658333333333334,1.5020914114142704e-09,monodisperse_a0.005_sr0.667_N1000_L12_T100000_seed1.npz,monodisperse,1,0.005,0.6666666666666666,0.795973892041351
69000.0,0.880063346486594,6,0.588,,0.8053888244629563,0.13685978169605373,1.0266191597920645e-09,monodisperse_a0.005_sr0.667_N1000_L12_T100000_seed1.npz,monodisperse,1,0.005,0.6666666666666666,0.795973892041351
70000.0,0.8813054946838731,6,0.588,,0.8367001399437203,0.13939899833055092,1.0644371679397155e-09,monodisperse_a0.005_sr0.667_N1000_L12_T100000_seed1.npz,monodisperse,1,0.005,0.6666666666666666,0.795973892041351
71000.0,0.8846252464169642,6,0.588,,0.79328544369996,0.1631973355537052,1.220329416410462e-09,monodisperse_a0.005_sr0.667_N1000_L12_T100000_seed1.npz,monodisperse,1,0.005,0.6666666666666666,0.795973892041351
72000.0,0.8828167885272491,6,0.588,0.48305515560924356,0.8073675526656607,0.15391084945332212,8.92104012640984e-10,monodisperse_a0.005_sr0.667_N1000_L12_T100000_seed1.npz,monodisperse,1,0.005,0.6666666666666666,0.795973892041351
73000.0,0.8840337513677301,6,0.588,,0.8463881608487483,0.17735220649458783,1.3677035510120706e-09,monodisperse_a0.005_sr0.667_N1000_L12_T100000_seed1.npz,monodisperse,1,0.005,0.6666666666666666,0.795973892041351
74000.0,0.8802289673147716,6,0.588,,0.785854895178514,0.1546822742474916,1.401392373080141e-09,monodisperse_a0.005_sr0.667_N1000_L12_T100000_seed1.npz,monodisperse,1,0.005,0.6666666666666666,0.795973892041351
75000.0,0.8795005615923531,6,0.588,,0.8229401969782386,0.15083333333333337,7.822068390576765e-10,monodisperse_a0.005_sr0.667_N1000_L12_T100000_seed1.npz,monodisperse,1,0.005,0.6666666666666666,0.795973892041351
76000.0,0.8837614496216647,6,0.588,0.48086510750547057,0.819272674883248,0.1485809682804674,8.910181138925506e-10,monodisperse_a0.005_sr0.667_N1000_L12_T100000_seed1.npz,monodisperse,1,0.005,0.6666666666666666,0.795973892041351
77000.0,0.8838942875708885,6,0.59,,0.8455764592965785,0.15154038301415484,1.2916972711909668e-09,monodisperse_a0.005_sr0.667_N1000_L12_T100000_seed1.npz,monodisperse,1,0.005,0.6666666666666666,0.795973892041351
78000.0,0.8791199874813814,5,0.63,,0.8023485316425992,0.17026578073089704,1.7380133074761637e-09,monodisperse_a0.005_sr0.667_N1000_L12_T100000_seed1.npz,monodisperse,1,0.005,0.6666666666666666,0.795973892041351
79000.0,0.8760885034710292,5,0.628,,0.8093218398335275,0.18558409279204635,1.2117306252236935e-09,monodisperse_a0.005_sr0.667_N1000_L12_T100000_seed1.npz,monodisperse,1,0.005,0.6666666666666666,0.795973892041351
80000.0,0.8757613962786605,5,0.628,0.48360403403895585,0.8183872788826149,0.17481358740679376,6.416303777713559e-10,monodisperse_a0.005_sr0.667_N1000_L12_T100000_seed1.npz,monodisperse,1,0.005,0.6666666666666666,0.795973892041351
81000.0,0.8738541731823773,5,0.63,,0.7752563719561342,0.1669435215946844,9.894842604838429e-10,monodisperse_a0.005_sr0.667_N1000_L12_T100000_seed1.npz,monodisperse,1,0.005,0.6666666666666666,0.795973892041351
82000.0,0.8776049159686429,5,0.63,,0.7931309105786181,0.1643153526970954,7.140458723880066e-10,monodisperse_a0.005_sr0.667_N1000_L12_T100000_seed1.npz,monodisperse,1,0.005,0.6666666666666666,0.795973892041351
83000.0,0.8745763507636628,5,0.63,,0.8677379880208462,0.14735099337748347,9.581644802540007e-10,monodisperse_a0.005_sr0.667_N1000_L12_T100000_seed1.npz,monodisperse,1,0.005,0.6666666666666666,0.795973892041351
84000.0,0.8780833987048264,5,0.63,0.47737250481489935,0.822965210531546,0.14179719703215166,1.725853852236519e-09,monodisperse_a0.005_sr0.667_N1000_L12_T100000_seed1.npz,monodisperse,1,0.005,0.6666666666666666,0.795973892041351
85000.0,0.8767386484464061,5,0.628,,0.8156122761430912,0.1502890173410405,1.0606230438928624e-09,monodisperse_a0.005_sr0.667_N1000_L12_T100000_seed1.npz,monodisperse,1,0.005,0.6666666666666666,0.795973892041351
86000.0,0.86744836276837,5,0.626,,0.6727001671852543,0.17232808616404305,1.3968111610518206e-09,monodisperse_a0.005_sr0.667_N1000_L12_T100000_seed1.npz,monodisperse,1,0.005,0.6666666666666666,0.795973892041351
87000.0,0.8724497470369029,5,0.63,,0.7690299294549292,0.16056572379367717,8.285973715698083e-10,monodisperse_a0.005_sr0.667_N1000_L12_T100000_seed1.npz,monodisperse,1,0.005,0.6666666666666666,0.795973892041351
88000.0,0.8763022481941402,5,0.63,0.4810621432243054,0.7822424999965623,0.16666666666666663,9.648037862605058e-10,monodisperse_a0.005_sr0.667_N1000_L12_T100000_seed1.npz,monodisperse,1,0.005,0.6666666666666666,0.795973892041351
89000.0,0.8784476045562956,5,0.628,,0.747314791750644,0.16086235489220568,9.590018883086734e-10,monodisperse_a0.005_sr0.667_N1000_L12_T100000_seed1.npz,monodisperse,1,0.005,0.6666666666666666,0.795973892041351
90000.0,0.8749493253618886,5,0.63,,0.7942298273258427,0.16196013289036548,7.889334779564345e-10,monodisperse_a0.005_sr0.667_N1000_L12_T100000_seed1.npz,monodisperse,1,0.005,0.6666666666666666,0.795973892041351
91000.0,0.8741628578586298,5,0.628,,0.741581093857181,0.1658374792703151,8.751900094375369e-10,monodisperse_a0.005_sr0.667_N1000_L12_T100000_seed1.npz,monodisperse,1,0.005,0.6666666666666666,0.795973892041351
92000.0,0.8746063760676649,5,0.63,0.4791219306133813,0.771557210417317,0.16419141914191415,9.9268408366178e-10,monodisperse_a0.005_sr0.667_N1000_L12_T100000_seed1.npz,monodisperse,1,0.005,0.6666666666666666,0.795973892041351
93000.0,0.8743634145476697,5,0.63,,0.776261078333932,0.15841584158415845,1.1229517123450892e-09,monodisperse_a0.005_sr0.667_N1000_L12_T100000_seed1.npz,monodisperse,1,0.005,0.6666666666666666,0.795973892041351
94000.0,0.8737956218445293,5,0.63,,0.7944322643906117,0.1539735099337748,9.832765637397728e-10,monodisperse_a0.005_sr0.667_N1000_L12_T100000_seed1.npz,monodisperse,1,0.005,0.6666666666666666,0.795973892041351
95000.0,0.8784053844754045,4,0.768,,0.7552141412282145,0.16886326194398682,1.4019995105300555e-09,monodisperse_a0.005_sr0.667_N1000_L12_T100000_seed1.npz,monodisperse,1,0.005,0.6666666666666666,0.795973892041351
96000.0,0.8718972018629275,4,0.772,0.4746193817711129,0.7807187994893273,0.1617405582922824,2.0836026604546726e-09,monodisperse_a0.005_sr0.667_N1000_L12_T100000_seed1.npz,monodisperse,1,0.005,0.6666666666666666,0.795973892041351
97000.0,0.8684875321623609,4,0.772,,0.802960634765162,0.15663643858202803,8.738421373337881e-10,monodisperse_a0.005_sr0.667_N1000_L12_T100000_seed1.npz,monodisperse,1,0.005,0.6666666666666666,0.795973892041351
98000.0,0.8673868977993476,4,0.77,,0.8269896123931212,0.16625310173697272,1.2698151224722607e-09,monodisperse_a0.005_sr0.667_N1000_L12_T100000_seed1.npz,monodisperse,1,0.005,0.6666666666666666,0.795973892041351
99000.0,0.8681640744104511,4,0.77,,0.7997791166992573,0.17269736842105265,1.337268959354738e-09,monodisperse_a0.005_sr0.667_N1000_L12_T100000_seed1.npz,monodisperse,1,0.005,0.6666666666666666,0.795973892041351
100000.0,0.863533517041148,4,0.77,0.48172797754396784,0.786088636785059,0.16115702479338845,7.014325462461103e-10,monodisperse_a0.005_sr0.667_N1000_L12_T100000_seed1.npz,monodisperse,1,0.005,0.6666666666666666,0.795973892041351
0.0,0.977918870305243,104,0.036,0.8494288437273484,,,,monodisperse_a0.005_sr0.667_N1000_L12_T100000_seed2.npz,monodisperse,2,0.005,0.6666666666666666,0.8280208285884113
1000.0,0.9350008824364454,29,0.158,,0.2470561705236118,0.6825208085612366,1.7347503066336396e-08,monodisperse_a0.005_sr0.667_N1000_L12_T100000_seed2.npz,monodisperse,2,0.005,0.6666666666666666,0.8280208285884113
2000.0,0.9264362575617499,22,0.122,,0.715605939698599,0.4223790322580645,1.2025287892905675e-08,monodisperse_a0.005_sr0.667_N1000_L12_T100000_seed2.npz,monodisperse,2,0.005,0.6666666666666666,0.8280208285884113
3000.0,0.9263763452490401,18,0.22,,0.876370247948599,0.33492366412213737,6.192196878917056e-09,monodisperse_a0.005_sr0.667_N1000_L12_T100000_seed2.npz,monodisperse,2,0.005,0.6666666666666666,0.8280208285884113
4000.0,0.9197915323546206,14,0.14,0.5422564884230692,0.8787509525076578,0.2907735321528425,6.732928637546874e-09,monodisperse_a0.005_sr0.667_N1000_L12_T100000_seed2.npz,monodisperse,2,0.005,0.6666666666666666,0.8280208285884113
5000.0,0.9155947104817497,12,0.232,,0.892285611031283,0.2589861751152074,3.774207761823861e-09,monodisperse_a0.005_sr0.667_N1000_L12_T100000_seed2.npz,monodisperse,2,0.005,0.6666666666666666,0.8280208285884113
6000.0,0.9153322149623757,12,0.232,,0.9078003328722843,0.2522603978300181,2.940803841357935e-09,monodisperse_a0.005_sr0.667_N1000_L12_T100000_seed2.npz,monodisperse,2,0.005,0.6666666666666666,0.8280208285884113
7000.0,0.9105781703687937,13,0.232,,0.952474787600939,0.2200180342651037,3.3474909303787265e-09,monodisperse_a0.005_sr0.667_N1000_L12_T100000_seed2.npz,monodisperse,2,0.005,0.6666666666666666,0.8280208285884113
8000.0,0.9145093195165757,13,0.136,0.52620153765178,0.9445224597933096,0.21594982078853042,2.8237421676599747e-09,monodisperse_a0.005_sr0.667_N1000_L12_T100000_seed2.npz,monodisperse,2,0.005,0.6666666666666666,0.8280208285884113
9000.0,0.9083555133923509,10,0.232,,0.8990701561052341,0.21268990169794455,2.0769054069750105e-09,monodisperse_a0.005_sr0.667_N1000_L12_T100000_seed2.npz,monodisperse,2,0.005,0.6666666666666666,0.8280208285884113
10000.0,0.9056134430473373,10,0.232,,0.8693805214662492,0.19329214474845546,2.01263406069568e-09,monodisperse_a0.005_sr0.667_N1000_L12_T100000_seed2.npz,monodisperse,2,0.005,0.6666666666666666,0.8280208285884113
11000.0,0.9018920243761657,10,0.232,,0.8433920158555723,0.18125552608311224,2.066408272648204e-09,monodisperse_a0.005_sr0.667_N1000_L12_T100000_seed2.npz,monodisperse,2,0.005,0.6666666666666666,0.8280208285884113
12000.0,0.900152229239325,10,0.232,0.5137073868099412,0.9659553020667903,0.2122270742358079,1.964095016036418e-09,monodisperse_a0.005_sr0.667_N1000_L12_T100000_seed2.npz,monodisperse,2,0.005,0.6666666666666666,0.8280208285884113
13000.0,0.9002147176894569,11,0.232,,0.8906120930160367,0.2176573426573427,1.9957111133820124e-09,monodisperse_a0.005_sr0.667_N1000_L12_T100000_seed2.npz,monodisperse,2,0.005,0.6666666666666666,0.8280208285884113
14000.0,0.897907558082541,9,0.232,,0.8096015171519839,0.23204903677758315,2.2444998294122833e-09,monodisperse_a0.005_sr0.667_N1000_L12_T100000_seed2.npz,monodisperse,2,0.005,0.6666666666666666,0.8280208285884113
15000.0,0.8998193471910277,9,0.232,,0.8330227275292591,0.20924149956408022,2.0239612507961817e-09,monodisperse_a0.005_sr0.667_N1000_L12_T100000_seed2.npz,monodisperse,2,0.005,0.6666666666666666,0.8280208285884113
16000.0,0.8966721240268636,9,0.232,0.5067516269987118,0.8059129667630727,0.19270833333333337,2.029215961376599e-09,monodisperse_a0.005_sr0.667_N1000_L12_T100000_seed2.npz,monodisperse,2,0.005,0.6666666666666666,0.8280208285884113
17000.0,0.8964508332862445,9,0.232,,0.8359648466235751,0.17966695880806305,1.6601071608833513e-09,monodisperse_a0.005_sr0.667_N1000_L12_T100000_seed2.npz,monodisperse,2,0.005,0.6666666666666666,0.8280208285884113
18000.0,0.8995466507830788,9,0.232,,0.8447194997421437,0.1993067590987868,1.7424134630720722e-09,monodisperse_a0.005_sr0.667_N1000_L12_T100000_seed2.npz,monodisperse,2,0.005,0.6666666666666666,0.8280208285884113
19000.0,0.897736726328746,9,0.232,,0.8370479383271556,0.18956521739130439,1.6501131320233734e-09,monodisperse_a0.005_sr0.667_N1000_L12_T100000_seed2.npz,monodisperse,2,0.005,0.6666666666666666,0.8280208285884113
20000.0,0.8939278253263745,9,0.232,0.5088858448148738,0.7964019400512373,0.1924072476272649,1.1640648302761698e-09,monodisperse_a0.005_sr0.667_N1000_L12_T100000_seed2.npz,monodisperse,2,0.005,0.6666666666666666,0.8280208285884113
21000.0,0.8938379187208142,9,0.232,,0.842543603791774,0.1767764298093587,1.043596208728714e-09,monodisperse_a0.005_sr0.667_N1000_L12_T100000_seed2.npz,monodisperse,2,0.005,0.6666666666666666,0.8280208285884113
22000.0,0.8942170094931807,9,0.232,,0.771127024274854,0.1735751295336787,9.176735748961756e-10,monodisperse_a0.005_sr0.667_N1000_L12_T100000_seed2.npz,monodisperse,2,0.005,0.6666666666666666,0.8280208285884113
23000.0,0.8984350466549516,10,0.232,,0.8208754838004265,0.17692974848222032,1.4502667945174374e-09,monodisperse_a0.005_sr0.667_N1000_L12_T100000_seed2.npz,monodisperse,2,0.005,0.6666666666666666,0.8280208285884113
24000.0,0.8960255423868112,8,0.232,0.5107640193710803,0.8040552697250325,0.2122519413287317,2.7556155930185488e-09,monodisperse_a0.005_sr0.667_N1000_L12_T100000_seed2.npz,monodisperse,2,0.005,0.6666666666666666,0.8280208285884113
25000.0,0.8933124241661135,8,0.23,,0.7539708728562736,0.21936589545844043,1.5814659420507625e-09,monodisperse_a0.005_sr0.667_N1000_L12_T100000_seed2.npz,monodisperse,2,0.005,0.6666666666666666,0.8280208285884113
26000.0,0.8914801160444175,8,0.232,,0.7632942033378036,0.1991452991452991,1.4727122637878953e-09,monodisperse_a0.005_sr0.667_N1000_L12_T100000_seed2.npz,monodisperse,2,0.005,0.6666666666666666,0.8280208285884113
27000.0,0.8927969503664805,8,0.232,,0.7807553957780916,0.20575783234546996,1.8952817667356243e-09,monodisperse_a0.005_sr0.667_N1000_L12_T100000_seed2.npz,monodisperse,2,0.005,0.6666666666666666,0.8280208285884113
28000.0,0.8908662335620721,8,0.232,0.5033654262131864,0.7966219261230363,0.20868824531516184,1.9617591230460048e-09,monodisperse_a0.005_sr0.667_N1000_L12_T100000_seed2.npz,monodisperse,2,0.005,0.6666666666666666,0.8280208285884113
29000.0,0.8900495771154664,8,0.232,,0.7762869123612884,0.1991452991452991,1.8263381078731025e-09,monodisperse_a0.005_sr0.667_N1000_L12_T100000_seed2.npz,monodisperse,2,0.005,0.6666666666666666,0.8280208285884113
30000.0,0.894344138933103,8,0.228,,0.8755959037440296,0.18760611205432942,1.351383215479292e-09,monodisperse_a0.005_sr0.667_N1000_L12_T100000_seed2.npz,monodisperse,2,0.005,0.6666666666666666,0.8280208285884113
31000.0,0.8897779496605659,8,0.232,,0.831861005466386,0.17037671232876717,8.003752701455227e-10,monodisperse_a0.005_sr0.667_N1000_L12_T100000_seed2.npz,monodisperse,2,0.005,0.6666666666666666,0.8280208285884113
32000.0,0.8882089370674741,8,0.232,0.49123219772743654,0.8539756807216289,0.17711864406779665,1.532509980865491e-09,monodisperse_a0.005_sr0.667_N1000_L12_T100000_seed2.npz,monodisperse,2,0.005,0.6666666666666666,0.8280208285884113
33000.0,0.8887301545656665,8,0.232,,0.7941821391341185,0.15051020408163263,8.873239039087851e-10,monodisperse_a0.005_sr0.667_N1000_L12_T100000_seed2.npz,monodisperse,2,0.005,0.6666666666666666,0.8280208285884113
34000.0,0.8911831650777938,8,0.234,,0.8220058651768158,0.16908625106746367,1.03448348092551e-09,monodisperse_a0.005_sr0.667_N1000_L12_T100000_seed2.npz,monodisperse,2,0.005,0.6666666666666666,0.8280208285884113
35000.0,0.8859216592030712,7,0.334,,0.8217739115385153,0.17732310315430522,1.3323123054789764e-09,monodisperse_a0.005_sr0.667_N1000_L12_T100000_seed2.npz,monodisperse,2,0.005,0.6666666666666666,0.8280208285884113
36000.0,0.8873433115310099,7,0.334,0.49885317942900603,0.8882784476871405,0.17391304347826086,1.0694533754340565e-09,monodisperse_a0.005_sr0.667_N1000_L12_T100000_seed2.npz,monodisperse,2,0.005,0.6666666666666666,0.8280208285884113
37000.0,0.8883851939702256,7,0.334,,0.8802595001112845,0.19831223628691985,1.136110835546424e-09,monodisperse_a0.005_sr0.667_N1000_L12_T100000_seed2.npz,monodisperse,2,0.005,0.6666666666666666,0.8280208285884113
38000.0,0.8863558495293542,7,0.334,,0.7747904531394184,0.18834459459459463,9.919673416141505e-10,monodisperse_a0.005_sr0.667_N1000_L12_T100000_seed2.npz,monodisperse,2,0.005,0.6666666666666666,0.8280208285884113
39000.0,0.8857654443703109,7,0.334,,0.7803838884945689,0.18143459915611815,1.2488729182333075e-09,monodisperse_a0.005_sr0.667_N1000_L12_T100000_seed2.npz,monodisperse,2,0.005,0.6666666666666666,0.8280208285884113
40000.0,0.8873892948281327,7,0.334,0.48710461722844894,0.8813159942234815,0.17622259696458686,1.583112958918536e-09,monodisperse_a0.005_sr0.667_N1000_L12_T100000_seed2.npz,monodisperse,2,0.005,0.6666666666666666,0.8280208285884113
41000.0,0.8850519703751056,7,0.334,,0.8128655816806714,0.17935702199661585,1.67609947641894e-09,monodisperse_a0.005_sr0.667_N1000_L12_T100000_seed2.npz,monodisperse,2,0.005,0.6666666666666666,0.8280208285884113
42000.0,0.8907399756579608,7,0.334,,0.8032765390818093,0.18089602704987318,1.4716469600252971e-09,monodisperse_a0.005_sr0.667_N1000_L12_T100000_seed2.npz,monodisperse,2,0.005,0.6666666666666666,0.8280208285884113
43000.0,0.8864100157861883,7,0.334,,0.8032872382299795,0.1610169491525424,1.1899987285016657e-09,monodisperse_a0.005_sr0.667_N1000_L12_T100000_seed2.npz,monodisperse,2,0.005,0.6666666666666666,0.8280208285884113
44000.0,0.8910035208797992,7,0.334,0.4985673046800114,0.9106096912566836,0.18265993265993263,1.207160802842323e-09,monodisperse_a0.005_sr0.667_N1000_L12_T100000_seed2.npz,monodisperse,2,0.005,0.6666666666666666,0.8280208285884113
45000.0,0.8861269998195357,7,0.334,,0.7703977070864326,0.19645868465430016,1.5262303565216406e-09,monodisperse_a0.005_sr0.667_N1000_L12_T100000_seed2.npz,monodisperse,2,0.005,0.6666666666666666,0.8280208285884113
46000.0,0.8869471056303645,6,0.334,,0.7210682505787135,0.21996615905245342,1.4642580747848523e-09,monodisperse_a0.005_sr0.667_N1000_L12_T100000_seed2.npz,monodisperse,2,0.005,0.6666666666666666,0.8280208285884113
47000.0,0.884292787784704,6,0.332,,0.8574631007921607,0.2200674536256324,1.5028583916854156e-09,monodisperse_a0.005_sr0.667_N1000_L12_T100000_seed2.npz,monodisperse,2,0.005,0.6666666666666666,0.8280208285884113
48000.0,0.8811563061618937,6,0.334,0.4911855560364034,0.833306668378251,0.1817420435510888,1.786341004396986e-09,monodisperse_a0.005_sr0.667_N1000_L12_T100000_seed2.npz,monodisperse,2,0.005,0.6666666666666666,0.8280208285884113
49000.0,0.8784393247255544,6,0.334,,0.8087621957385901,0.18295739348370932,8.972024567772701e-10,monodisperse_a0.005_sr0.667_N1000_L12_T100000_seed2.npz,monodisperse,2,0.005,0.6666666666666666,0.8280208285884113
50000.0,0.8801306110444539,6,0.334,,0.7847484776672827,0.17142857142857137,1.0687589432911304e-09,monodisperse_a0.005_sr0.667_N1000_L12_T100000_seed2.npz,monodisperse,2,0.005,0.6666666666666666,0.8280208285884113
51000.0,0.8818161820939577,6,0.334,,0.813261402431946,0.16904962153069802,1.2086196288643934e-09,monodisperse_a0.005_sr0.667_N1000_L12_T100000_seed2.npz,monodisperse,2,0.005,0.6666666666666666,0.8280208285884113
52000.0,0.8790707603613647,6,0.334,0.4859196540716178,0.7981411971482888,0.17622610141313388,1.0331959242132483e-09,monodisperse_a0.005_sr0.667_N1000_L12_T100000_seed2.npz,monodisperse,2,0.005,0.6666666666666666,0.8280208285884113
53000.0,0.8780378189878894,6,0.334,,0.8809462381985728,0.170549084858569,9.706467412594004e-10,monodisperse_a0.005_sr0.667_N1000_L12_T100000_seed2.npz,monodisperse,2,0.005,0.6666666666666666,0.8280208285884113
54000.0,0.8789717202368079,6,0.334,,0.8335874371771914,0.17907949790794975,1.0015743600028782e-09,monodisperse_a0.005_sr0.667_N1000_L12_T100000_seed2.npz,monodisperse,2,0.005,0.6666666666666666,0.8280208285884113
55000.0,0.8790188582587857,6,0.334,,0.8316641914393426,0.16568544995794787,9.49531256013189e-10,monodisperse_a0.005_sr0.667_N1000_L12_T100000_seed2.npz,monodisperse,2,0.005,0.6666666666666666,0.8280208285884113
56000.0,0.8764417291733855,6,0.334,0.49263573754460427,0.7720305804858234,0.1911519198664441,1.2441529735197764e-09,monodisperse_a0.005_sr0.667_N1000_L12_T100000_seed2.npz,monodisperse,2,0.005,0.6666666666666666,0.8280208285884113
57000.0,0.8755818654684346,6,0.334,,0.8794008330741405,0.18204697986577179,1.5132856762710916e-09,monodisperse_a0.005_sr0.667_N1000_L12_T100000_seed2.npz,monodisperse,2,0.005,0.6666666666666666,0.8280208285884113
58000.0,0.873797581365149,6,0.334,,0.7809227973382152,0.17026578073089704,1.507111749929811e-09,monodisperse_a0.005_sr0.667_N1000_L12_T100000_seed2.npz,monodisperse,2,0.005,0.6666666666666666,0.8280208285884113
59000.0,0.8784581165159338,6,0.332,,0.7345225815233003,0.18842975206611567,1.1389116559431102e-09,monodisperse_a0.005_sr0.667_N1000_L12_T100000_seed2.npz,monodisperse,2,0.005,0.6666666666666666,0.8280208285884113
60000.0,0.8705834821254024,6,0.334,0.4838746595159588,0.7316045308460658,0.1719532554257095,9.668434883930689e-10,monodisperse_a0.005_sr0.667_N1000_L12_T100000_seed2.npz,monodisperse,2,0.005,0.6666666666666666,0.8280208285884113
61000.0,0.865935669293459,6,0.334,,0.7329938997258777,0.1510851419031719,1.1468377225465968e-09,monodisperse_a0.005_sr0.667_N1000_L12_T100000_seed2.npz,monodisperse,2,0.005,0.6666666666666666,0.8280208285884113
62000.0,0.872191087372449,6,0.334,,0.7979998225580565,0.15950413223140492,8.305418786396884e-10,monodisperse_a0.005_sr0.667_N1000_L12_T100000_seed2.npz,monodisperse,2,0.005,0.6666666666666666,0.8280208285884113
63000.0,0.873862090527891,6,0.332,,0.7619153324958562,0.1476230191826522,1.4288625645956935e-09,monodisperse_a0.005_sr0.667_N1000_L12_T100000_seed2.npz,monodisperse,2,0.005,0.6666666666666666,0.8280208285884113
64000.0,0.8739855707180799,6,0.334,0.48614981923307043,0.6874024007197063,0.1629072681704261,8.560352501407622e-10,monodisperse_a0.005_sr0.667_N1000_L12_T100000_seed2.npz,monodisperse,2,0.005,0.6666666666666666,0.8280208285884113
65000.0,0.8798949897897456,6,0.334,,0.7678199289077476,0.17333333333333334,1.4172149334165748e-09,monodisperse_a0.005_sr0.667_N1000_L12_T100000_seed2.npz,monodisperse,2,0.005,0.6666666666666666,0.8280208285884113
66000.0,0.8767201148984368,6,0.334,,0.7944714881926579,0.1829470198675497,9.591259664910357e-10,monodisperse_a0.005_sr0.667_N1000_L12_T100000_seed2.npz,monodisperse,2,0.005,0.6666666666666666,0.8280208285884113
67000.0,0.8777771857850711,6,0.334,,0.8694187284392405,0.1584241408214585,9.40005326927033e-10,monodisperse_a0.005_sr0.667_N1000_L12_T100000_seed2.npz,monodisperse,2,0.005,0.6666666666666666,0.8280208285884113
68000.0,0.8757921340672393,6,0.332,0.4831878184434248,0.7487767320734482,0.17318900915903412,1.1552268658373454e-09,monodisperse_a0.005_sr0.667_N1000_L12_T100000_seed2.npz,monodisperse,2,0.005,0.6666666666666666,0.8280208285884113
69000.0,0.8779131545949345,6,0.334,,0.7354249696133422,0.18786367414796346,8.049798170139202e-10,monodisperse_a0.005_sr0.667_N1000_L12_T100000_seed2.npz,monodisperse,2,0.005,0.6666666666666666,0.8280208285884113
70000.0,0.8777326980155498,6,0.334,,0.826183052533925,0.176126878130217,1.2856891758532433e-09,monodisperse_a0.005_sr0.667_N1000_L12_T100000_seed2.npz,monodisperse,2,0.005,0.6666666666666666,0.8280208285884113
71000.0,0.8761234471380297,6,0.334,,0.8415342594840504,0.17607973421926915,1.127490080241565e-09,monodisperse_a0.005_sr0.667_N1000_L12_T100000_seed2.npz,monodisperse,2,0.005,0.6666666666666666,0.8280208285884113
72000.0,0.8777828889415978,6,0.334,0.4807456868565623,0.7476986821925902,0.17491749174917492,1.5006103891477824e-09,monodisperse_a0.005_sr0.667_N1000_L12_T100000_seed2.npz,monodisperse,2,0.005,0.6666666666666666,0.8280208285884113
73000.0,0.875756165850383,6,0.334,,0.810210362101089,0.15920398009950254,6.289647968980303e-10,monodisperse_a0.005_sr0.667_N1000_L12_T100000_seed2.npz,monodisperse,2,0.005,0.6666666666666666,0.8280208285884113
74000.0,0.8746538740230837,6,0.334,,0.7787010770063996,0.16043225270157935,1.1602651140759727e-09,monodisperse_a0.005_sr0.667_N1000_L12_T100000_seed2.npz,monodisperse,2,0.005,0.6666666666666666,0.8280208285884113
75000.0,0.8767895718445169,6,0.334,,0.7838747674548043,0.17700578990901572,1.1203223871588834e-09,monodisperse_a0.005_sr0.667_N1000_L12_T100000_seed2.npz,monodisperse,2,0.005,0.6666666666666666,0.8280208285884113
76000.0,0.8770896206408352,6,0.332,0.4867176368971176,0.7473065718369866,0.1764214046822743,1.0992109747177754e-09,monodisperse_a0.005_sr0.667_N1000_L12_T100000_seed2.npz,monodisperse,2,0.005,0.6666666666666666,0.8280208285884113
77000.0,0.8751318190052275,6,0.334,,0.6874991082454173,0.17495854063018246,1.6789050835206078e-09,monodisperse_a0.005_sr0.667_N1000_L12_T100000_seed2.npz,monodisperse,2,0.005,0.6666666666666666,0.8280208285884113
78000.0,0.8703120248259535,6,0.334,,0.7051572584397816,0.1547420965058236,1.3885200851446676e-09,monodisperse_a0.005_sr0.667_N1000_L12_T100000_seed2.npz,monodisperse,2,0.005,0.6666666666666666,0.8280208285884113
79000.0,0.8775023915816327,6,0.334,,0.7733963043062395,0.15575807787903895,1.3374210072090265e-09,monodisperse_a0.005_sr0.667_N1000_L12_T100000_seed2.npz,monodisperse,2,0.005,0.6666666666666666,0.8280208285884113
80000.0,0.8726778806379145,6,0.334,0.4865844911911248,0.8661422815565005,0.15116279069767447,1.029168979589273e-09,monodisperse_a0.005_sr0.667_N1000_L12_T100000_seed2.npz,monodisperse,2,0.005,0.6666666666666666,0.8280208285884113
81000.0,0.8763075532174561,6,0.334,,0.797976415032949,0.15907207953603975,1.0604255183101285e-09,monodisperse_a0.005_sr0.667_N1000_L12_T100000_seed2.npz,monodisperse,2,0.005,0.6666666666666666,0.8280208285884113
82000.0,0.876124909424978,6,0.334,,0.8073485632286498,0.1556291390728477,9.60436870394221e-10,monodisperse_a0.005_sr0.667_N1000_L12_T100000_seed2.npz,monodisperse,2,0.005,0.6666666666666666,0.8280208285884113
83000.0,0.8802051439698375,6,0.334,,0.742991257823144,0.16942148760330578,1.0287337296197878e-09,monodisperse_a0.005_sr0.667_N1000_L12_T100000_seed2.npz,monodisperse,2,0.005,0.6666666666666666,0.8280208285884113
84000.0,0.874475790078699,6,0.334,0.48624023795665966,0.7525228849706128,0.15179316096747286,1.1068949720670527e-09,monodisperse_a0.005_sr0.667_N1000_L12_T100000_seed2.npz,monodisperse,2,0.005,0.6666666666666666,0.8280208285884113
85000.0,0.8759418515532463,6,0.332,,0.7724330150345914,0.16818558409279205,9.471429531252753e-10,monodisperse_a0.005_sr0.667_N1000_L12_T100000_seed2.npz,monodisperse,2,0.005,0.6666666666666666,0.8280208285884113
86000.0,0.8714349832469814,6,0.334,,0.7057309538733276,0.1564059900166389,9.794294955932938e-10,monodisperse_a0.005_sr0.667_N1000_L12_T100000_seed2.npz,monodisperse,2,0.005,0.6666666666666666,0.8280208285884113
87000.0,0.87159841780813,6,0.334,,0.8349036339384642,0.15269709543568466,1.4134896265206453e-09,monodisperse_a0.005_sr0.667_N1000_L12_T100000_seed2.npz,monodisperse,2,0.005,0.6666666666666666,0.8280208285884113
88000.0,0.876405894582751,6,0.334,0.4836406189038465,0.7599302950874343,0.15371900826446283,7.625743228843467e-10,monodisperse_a0.005_sr0.667_N1000_L12_T100000_seed2.npz,monodisperse,2,0.005,0.6666666666666666,0.8280208285884113
89000.0,0.8785754897105397,6,0.334,,0.7894767581807076,0.1552436003303055,1.1626200694464126e-09,monodisperse_a0.005_sr0.667_N1000_L12_T100000_seed2.npz,monodisperse,2,0.005,0.6666666666666666,0.8280208285884113
90000.0,0.8775428354192366,6,0.334,,0.7004499939571384,0.15371900826446283,1.1943793300408219e-09,monodisperse_a0.005_sr0.667_N1000_L12_T100000_seed2.npz,monodisperse,2,0.005,0.6666666666666666,0.8280208285884113
91000.0,0.8730007001662796,5,0.332,,0.7382318250611607,0.15504511894995898,1.0314249322885823e-09,monodisperse_a0.005_sr0.667_N1000_L12_T100000_seed2.npz,monodisperse,2,0.005,0.6666666666666666,0.8280208285884113
92000.0,0.8739176250535465,5,0.334,0.48801784774156415,0.7132503326660731,0.16844700082169273,1.226883923980774e-09,monodisperse_a0.005_sr0.667_N1000_L12_T100000_seed2.npz,monodisperse,2,0.005,0.6666666666666666,0.8280208285884113
93000.0,0.8717037984731995,6,0.334,,0.7195153491055879,0.1732348111658456,1.0315689747684908e-09,monodisperse_a0.005_sr0.667_N1000_L12_T100000_seed2.npz,monodisperse,2,0.005,0.6666666666666666,0.8280208285884113
94000.0,0.8729919584024948,5,0.334,,0.7008083557390171,0.1612111292962357,9.689851207559355e-10,monodisperse_a0.005_sr0.667_N1000_L12_T100000_seed2.npz,monodisperse,2,0.005,0.6666666666666666,0.8280208285884113
95000.0,0.8753249230632845,5,0.334,,0.6988943177148541,0.14802631578947367,1.1406587766723843e-09,monodisperse_a0.005_sr0.667_N1000_L12_T100000_seed2.npz,monodisperse,2,0.005,0.6666666666666666,0.8280208285884113
96000.0,0.8709326496844919,5,0.334,0.4834198990801482,0.7198402439322513,0.16556836902800653,1.1518557009721031e-09,monodisperse_a0.005_sr0.667_N1000_L12_T100000_seed2.npz,monodisperse,2,0.005,0.6666666666666666,0.8280208285884113
97000.0,0.8697154728272509,5,0.332,,0.7744923310102676,0.16296296296296298,9.869643354767855e-10,monodisperse_a0.005_sr0.667_N1000_L12_T100000_seed2.npz,monodisperse,2,0.005,0.6666666666666666,0.8280208285884113
98000.0,0.8718949298469387,5,0.334,,0.7230272700953639,0.15201314708299096,8.771264288425573e-10,monodisperse_a0.005_sr0.667_N1000_L12_T100000_seed2.npz,monodisperse,2,0.005,0.6666666666666666,0.8280208285884113
99000.0,0.8756867031382333,5,0.334,,0.8000832811746116,0.1648804616652927,6.985082000425645e-10,monodisperse_a0.005_sr0.667_N1000_L12_T100000_seed2.npz,monodisperse,2,0.005,0.6666666666666666,0.8280208285884113
100000.0,0.8749186566319601,5,0.334,0.4758402337659072,0.7255376466896253,0.16885245901639345,1.5634236966133672e-09,monodisperse_a0.005_sr0.667_N1000_L12_T100000_seed2.npz,monodisperse,2,0.005,0.6666666666666666,0.8280208285884113
0.0,0.9762812424494617,97,0.026,0.8210119734757978,,,,monodisperse_a0.005_sr0.667_N1000_L12_T100000_seed3.npz,monodisperse,3,0.005,0.6666666666666666,0.8701258126680326
1000.0,0.941959799509211,31,0.132,,0.24468882430365366,0.6880290205562274,1.518104130173007e-08,monodisperse_a0.005_sr0.667_N1000_L12_T100000_seed3.npz,monodisperse,3,0.005,0.6666666666666666,0.8701258126680326
2000.0,0.9343644715720549,24,0.138,,0.7439207102860922,0.4150743099787686,1.035435779412967e-08,monodisperse_a0.005_sr0.667_N1000_L12_T100000_seed3.npz,monodisperse,3,0.005,0.6666666666666666,0.8701258126680326
3000.0,0.9344505549533415,19,0.138,,0.8206650273297578,0.34560327198364005,6.729366903982766e-09,monodisperse_a0.005_sr0.667_N1000_L12_T100000_seed3.npz,monodisperse,3,0.005,0.6666666666666666,0.8701258126680326
4000.0,0.9246090428363104,14,0.356,0.5718416787548198,0.7831845563905495,0.3330078125,5.204680052289608e-09,monodisperse_a0.005_sr0.667_N1000_L12_T100000_seed3.npz,monodisperse,3,0.005,0.6666666666666666,0.8701258126680326
5000.0,0.9152016153140944,10,0.224,,0.797918512606637,0.30732635585157,5.461114558490428e-09,monodisperse_a0.005_sr0.667_N1000_L12_T100000_seed3.npz,monodisperse,3,0.005,0.6666666666666666,0.8701258126680326
6000.0,0.9216939665493931,10,0.226,,0.8548979576808762,0.3105360443622921,5.129355579451018e-09,monodisperse_a0.005_sr0.667_N1000_L12_T100000_seed3.npz,monodisperse,3,0.005,0.6666666666666666,0.8701258126680326
7000.0,0.9110994917934468,9,0.226,,0.888000155564416,0.25022747952684254,4.585536111148798e-09,monodisperse_a0.005_sr0.667_N1000_L12_T100000_seed3.npz,monodisperse,3,0.005,0.6666666666666666,0.8701258126680326
8000.0,0.9072478206463316,7,0.224,0.5218720955948223,0.8800911770768558,0.2263300270513977,3.510691566067047e-09,monodisperse_a0.005_sr0.667_N1000_L12_T100000_seed3.npz,monodisperse,3,0.005,0.6666666666666666,0.8701258126680326
9000.0,0.9060953097084037,7,0.226,,0.8531068855919283,0.23381294964028776,4.014489886038273e-09,monodisperse_a0.005_sr0.667_N1000_L12_T100000_seed3.npz,monodisperse,3,0.005,0.6666666666666666,0.8701258126680326
10000.0,0.9004388183819548,7,0.226,,0.7984031468191374,0.24471830985915488,6.417283173059547e-09,monodisperse_a0.005_sr0.667_N1000_L12_T100000_seed3.npz,monodisperse,3,0.005,0.6666666666666666,0.8701258126680326
11000.0,0.9049837048724537,7,0.228,,0.7678391570161739,0.21321585903083695,2.4741923166204023e-09,monodisperse_a0.005_sr0.667_N1000_L12_T100000_seed3.npz,monodisperse,3,0.005,0.6666666666666666,0.8701258126680326
12000.0,0.9019352291798296,7,0.228,0.5045449064905244,0.8556172440419693,0.2071678321678322,2.8803832880169473e-09,monodisperse_a0.005_sr0.667_N1000_L12_T100000_seed3.npz,monodisperse,3,0.005,0.6666666666666666,0.8701258126680326
13000.0,0.8994086861652906,7,0.228,,0.87031045398788,0.18237347294938921,1.4841500430632753e-09,monodisperse_a0.005_sr0.667_N1000_L12_T100000_seed3.npz,monodisperse,3,0.005,0.6666666666666666,0.8701258126680326
14000.0,0.8958508355433549,7,0.228,,0.8901646931384561,0.1837979094076655,1.527798521449245e-09,monodisperse_a0.005_sr0.667_N1000_L12_T100000_seed3.npz,monodisperse,3,0.005,0.6666666666666666,0.8701258126680326
15000.0,0.8933350742384594,7,0.228,,0.7579095717285667,0.19653679653679657,3.483873471708011e-09,monodisperse_a0.005_sr0.667_N1000_L12_T100000_seed3.npz,monodisperse,3,0.005,0.6666666666666666,0.8701258126680326
16000.0,0.8925936935746687,7,0.228,0.49960104691162294,0.7770927012744063,0.19465977605512486,1.901933989308279e-09,monodisperse_a0.005_sr0.667_N1000_L12_T100000_seed3.npz,monodisperse,3,0.005,0.6666666666666666,0.8701258126680326
17000.0,0.8919642415938546,7,0.228,,0.8109295065533906,0.1842560553633218,1.902489865612833e-09,monodisperse_a0.005_sr0.667_N1000_L12_T100000_seed3.npz,monodisperse,3,0.005,0.6666666666666666,0.8701258126680326
18000.0,0.8852498798104439,7,0.228,,0.7025665832081752,0.19742489270386265,2.4735241837509042e-09,monodisperse_a0.005_sr0.667_N1000_L12_T100000_seed3.npz,monodisperse,3,0.005,0.6666666666666666,0.8701258126680326
19000.0,0.8919649894186097,7,0.228,,0.7218105483421973,0.17039586919104988,1.3035716480105357e-09,monodisperse_a0.005_sr0.667_N1000_L12_T100000_seed3.npz,monodisperse,3,0.005,0.6666666666666666,0.8701258126680326
20000.0,0.8837402310597804,6,0.288,0.49867990513660737,0.7027996034342637,0.17179487179487174,2.967311939430342e-09,monodisperse_a0.005_sr0.667_N1000_L12_T100000_seed3.npz,monodisperse,3,0.005,0.6666666666666666,0.8701258126680326
21000.0,0.8820653725703766,6,0.29,,0.6922276103401727,0.1946826758147513,2.458009214498126e-09,monodisperse_a0.005_sr0.667_N1000_L12_T100000_seed3.npz,monodisperse,3,0.005,0.6666666666666666,0.8701258126680326
22000.0,0.8808897923537817,6,0.29,,0.7535559821667244,0.20220900594732372,3.148324020721973e-09,monodisperse_a0.005_sr0.667_N1000_L12_T100000_seed3.npz,monodisperse,3,0.005,0.6666666666666666,0.8701258126680326
23000.0,0.8854822974941611,6,0.29,,0.7647562981548622,0.1678082191780822,1.2434253751888185e-09,monodisperse_a0.005_sr0.667_N1000_L12_T100000_seed3.npz,monodisperse,3,0.005,0.6666666666666666,0.8701258126680326
24000.0,0.8921010531450871,6,0.29,0.5034635536233547,0.888603652851822,0.18978723404255315,1.1983996140446272e-09,monodisperse_a0.005_sr0.667_N1000_L12_T100000_seed3.npz,monodisperse,3,0.005,0.6666666666666666,0.8701258126680326
25000.0,0.8871357094051004,6,0.288,,0.8765887416387498,0.20101781170483457,1.0208909682457087e-09,monodisperse_a0.005_sr0.667_N1000_L12_T100000_seed3.npz,monodisperse,3,0.005,0.6666666666666666,0.8701258126680326
26000.0,0.8844747145881877,6,0.288,,0.744099321357672,0.20657672849915687,2.130336773117654e-09,monodisperse_a0.005_sr0.667_N1000_L12_T100000_seed3.npz,monodisperse,3,0.005,0.6666666666666666,0.8701258126680326
27000.0,0.8888190998338934,6,0.29,,0.7472377955105405,0.17902813299232734,1.5326755506482616e-09,monodisperse_a0.005_sr0.667_N1000_L12_T100000_seed3.npz,monodisperse,3,0.005,0.6666666666666666,0.8701258126680326
28000.0,0.8823149785781734,7,0.286,0.4982309115668981,0.7450559715244884,0.18297872340425536,1.8500634635433206e-09,monodisperse_a0.005_sr0.667_N1000_L12_T100000_seed3.npz,monodisperse,3,0.005,0.6666666666666666,0.8701258126680326
29000.0,0.8882321435752699,5,0.37,,0.7178979191997651,0.20068317677198977,1.6307741318290177e-09,monodisperse_a0.005_sr0.667_N1000_L12_T100000_seed3.npz,monodisperse,3,0.005,0.6666666666666666,0.8701258126680326
30000.0,0.885093878600823,5,0.372,,0.7393803990582094,0.19677692960135706,1.2787543404539615e-09,monodisperse_a0.005_sr0.667_N1000_L12_T100000_seed3.npz,monodisperse,3,0.005,0.6666666666666666,0.8701258126680326
31000.0,0.8804120769460889,6,0.29,,0.7777130968997833,0.17974683544303793,1.3982148979237963e-09,monodisperse_a0.005_sr0.667_N1000_L12_T100000_seed3.npz,monodisperse,3,0.005,0.6666666666666666,0.8701258126680326
32000.0,0.8862306312448762,5,0.372,0.5023138941573045,0.7775971157303161,0.18104184457728434,1.262494011084163e-09,monodisperse_a0.005_sr0.667_N1000_L12_T100000_seed3.npz,monodisperse,3,0.005,0.6666666666666666,0.8701258126680326
33000.0,0.8829301747404783,5,0.372,,0.753985511161585,0.19999999999999996,1.29465973709241e-09,monodisperse_a0.005_sr0.667_N1000_L12_T100000_seed3.npz,monodisperse,3,0.005,0.6666666666666666,0.8701258126680326
34000.0,0.8830425534317298,5,0.372,,0.6789296293452104,0.20738874895046178,1.5537260217263131e-09,monodisperse_a0.005_sr0.667_N1000_L12_T100000_seed3.npz,monodisperse,3,0.005,0.6666666666666666,0.8701258126680326
35000.0,0.8856558139534884,6,0.29,,0.786817540524741,0.18427726120033816,1.0859812669102896e-09,monodisperse_a0.005_sr0.667_N1000_L12_T100000_seed3.npz,monodisperse,3,0.005,0.6666666666666666,0.8701258126680326
36000.0,0.8833699715201139,5,0.372,0.5020541117835529,0.7792565042255317,0.2043734230445753,1.368157992942684e-09,monodisperse_a0.005_sr0.667_N1000_L12_T100000_seed3.npz,monodisperse,3,0.005,0.6666666666666666,0.8701258126680326
37000.0,0.8773895211533801,5,0.372,,0.7006358422308612,0.19695688926458155,1.0569833966779009e-09,monodisperse_a0.005_sr0.667_N1000_L12_T100000_seed3.npz,monodisperse,3,0.005,0.6666666666666666,0.8701258126680326
38000.0,0.8874917709019091,5,0.372,,0.7134430289899347,0.19414225941422592,1.995952011017099e-09,monodisperse_a0.005_sr0.667_N1000_L12_T100000_seed3.npz,monodisperse,3,0.005,0.6666666666666666,0.8701258126680326
39000.0,0.883305286734813,5,0.372,,0.7725618606636181,0.16989066442388567,8.504283160089029e-10,monodisperse_a0.005_sr0.667_N1000_L12_T100000_seed3.npz,monodisperse,3,0.005,0.6666666666666666,0.8701258126680326
40000.0,0.8812041442895437,5,0.37,0.4946986350692837,0.7637053406084776,0.16188870151770662,1.2327541462043914e-09,monodisperse_a0.005_sr0.667_N1000_L12_T100000_seed3.npz,monodisperse,3,0.005,0.6666666666666666,0.8701258126680326
41000.0,0.8816516338441373,5,0.372,,0.7195278171710311,0.18082422203532378,1.0047021231080046e-09,monodisperse_a0.005_sr0.667_N1000_L12_T100000_seed3.npz,monodisperse,3,0.005,0.6666666666666666,0.8701258126680326
42000.0,0.8792418039087293,5,0.372,,0.6686107888716862,0.17409587888982336,1.0688806582911224e-09,monodisperse_a0.005_sr0.667_N1000_L12_T100000_seed3.npz,monodisperse,3,0.005,0.6666666666666666,0.8701258126680326
43000.0,0.8762232252372087,5,0.372,,0.7317252378576147,0.16652719665271964,1.0278487515127323e-09,monodisperse_a0.005_sr0.667_N1000_L12_T100000_seed3.npz,monodisperse,3,0.005,0.6666666666666666,0.8701258126680326
44000.0,0.8783519905731841,5,0.372,0.4870228375838173,0.7620684777638836,0.17085427135678388,1.1607034408143361e-09,monodisperse_a0.005_sr0.667_N1000_L12_T100000_seed3.npz,monodisperse,3,0.005,0.6666666666666666,0.8701258126680326
45000.0,0.8842439504900869,5,0.372,,0.7268224494174944,0.18319327731092439,1.949701371838949e-09,monodisperse_a0.005_sr0.667_N1000_L12_T100000_seed3.npz,monodisperse,3,0.005,0.6666666666666666,0.8701258126680326
46000.0,0.8809375074489832,4,0.372,,0.8106875523871464,0.18598832360300255,1.459806579376407e-09,monodisperse_a0.005_sr0.667_N1000_L12_T100000_seed3.npz,monodisperse,3,0.005,0.6666666666666666,0.8701258126680326
47000.0,0.8832678049040875,4,0.372,,0.8021927709829046,0.1869782971619366,1.0125389454627698e-09,monodisperse_a0.005_sr0.667_N1000_L12_T100000_seed3.npz,monodisperse,3,0.005,0.6666666666666666,0.8701258126680326
48000.0,0.87871110878246,4,0.372,0.49102390885277764,0.8139348804440361,0.20850708924103423,1.6399529211156994e-09,monodisperse_a0.005_sr0.667_N1000_L12_T100000_seed3.npz,monodisperse,3,0.005,0.6666666666666666,0.8701258126680326
49000.0,0.8836549478459458,5,0.37,,0.7597617270568188,0.2018348623853211,1.6656393436993298e-09,monodisperse_a0.005_sr0.667_N1000_L12_T100000_seed3.npz,monodisperse,3,0.005,0.6666666666666666,0.8701258126680326
50000.0,0.8732750045911241,4,0.372,,0.7233072845913731,0.18379281537176273,1.230408825720383e-09,monodisperse_a0.005_sr0.667_N1000_L12_T100000_seed3.npz,monodisperse,3,0.005,0.6666666666666666,0.8701258126680326
51000.0,0.8767596395830339,4,0.37,,0.6335897461275152,0.1756869275603664,1.15960309564966e-09,monodisperse_a0.005_sr0.667_N1000_L12_T100000_seed3.npz,monodisperse,3,0.005,0.6666666666666666,0.8701258126680326
52000.0,0.8789542290950566,4,0.368,0.491543735291844,0.7362637927520607,0.18326359832635986,9.899342856219355e-10,monodisperse_a0.005_sr0.667_N1000_L12_T100000_seed3.npz,monodisperse,3,0.005,0.6666666666666666,0.8701258126680326
53000.0,0.8784012396694215,4,0.372,,0.7175339481989498,0.1843202668890742,1.210779617317504e-09,monodisperse_a0.005_sr0.667_N1000_L12_T100000_seed3.npz,monodisperse,3,0.005,0.6666666666666666,0.8701258126680326
54000.0,0.8730425711623099,4,0.372,,0.8501224016225378,0.1764214046822743,1.4722558537099207e-09,monodisperse_a0.005_sr0.667_N1000_L12_T100000_seed3.npz,monodisperse,3,0.005,0.6666666666666666,0.8701258126680326
55000.0,0.8787924319193336,4,0.37,,0.7080875257552474,0.18833333333333335,1.895292773360664e-09,monodisperse_a0.005_sr0.667_N1000_L12_T100000_seed3.npz,monodisperse,3,0.005,0.6666666666666666,0.8701258126680326
56000.0,0.8741991956548233,4,0.372,0.48338005035117365,0.7373893002198538,0.167779632721202,1.3152236806376253e-09,monodisperse_a0.005_sr0.667_N1000_L12_T100000_seed3.npz,monodisperse,3,0.005,0.6666666666666666,0.8701258126680326
57000.0,0.8739704496964326,4,0.372,,0.8157171061761735,0.17545304777594728,2.035215510999991e-09,monodisperse_a0.005_sr0.667_N1000_L12_T100000_seed3.npz,monodisperse,3,0.005,0.6666666666666666,0.8701258126680326
58000.0,0.8706903525781364,4,0.372,,0.7522011566776086,0.16153205661948378,9.092032986930432e-10,monodisperse_a0.005_sr0.667_N1000_L12_T100000_seed3.npz,monodisperse,3,0.005,0.6666666666666666,0.8701258126680326
59000.0,0.8764794571266308,4,0.372,,0.7607543151959106,0.17535153019023986,1.1160088176480466e-09,monodisperse_a0.005_sr0.667_N1000_L12_T100000_seed3.npz,monodisperse,3,0.005,0.6666666666666666,0.8701258126680326
60000.0,0.8756478896819404,4,0.37,0.4919610998550185,0.735463368228497,0.1679197994987469,1.481007435188017e-09,monodisperse_a0.005_sr0.667_N1000_L12_T100000_seed3.npz,monodisperse,3,0.005,0.6666666666666666,0.8701258126680326
61000.0,0.8740056702847447,4,0.37,,0.7658819364964953,0.19801159900579945,9.068427887601916e-10,monodisperse_a0.005_sr0.667_N1000_L12_T100000_seed3.npz,monodisperse,3,0.005,0.6666666666666666,0.8701258126680326
62000.0,0.8723123227431405,4,0.372,,0.8019421493359727,0.1840796019900498,1.2885633917778628e-09,monodisperse_a0.005_sr0.667_N1000_L12_T100000_seed3.npz,monodisperse,3,0.005,0.6666666666666666,0.8701258126680326
63000.0,0.8752989371773634,4,0.372,,0.7319431306016903,0.19157720891824936,1.4091593890516863e-09,monodisperse_a0.005_sr0.667_N1000_L12_T100000_seed3.npz,monodisperse,3,0.005,0.6666666666666666,0.8701258126680326
64000.0,0.8769074837194045,4,0.37,0.491144154346425,0.7716486236043746,0.18166666666666664,1.0950706215065917e-09,monodisperse_a0.005_sr0.667_N1000_L12_T100000_seed3.npz,monodisperse,3,0.005,0.6666666666666666,0.8701258126680326
65000.0,0.8765951338008068,4,0.372,,0.7312337056894439,0.18166666666666664,9.401361641884045e-10,monodisperse_a0.005_sr0.667_N1000_L12_T100000_seed3.npz,monodisperse,3,0.005,0.6666666666666666,0.8701258126680326
66000.0,0.8747577307036767,4,0.37,,0.7170588425975305,0.17933884297520664,1.1704124999152966e-09,monodisperse_a0.005_sr0.667_N1000_L12_T100000_seed3.npz,monodisperse,3,0.005,0.6666666666666666,0.8701258126680326
67000.0,0.8755646726068467,4,0.372,,0.7059335900959576,0.15759075907590758,7.338850539213876e-10,monodisperse_a0.005_sr0.667_N1000_L12_T100000_seed3.npz,monodisperse,3,0.005,0.6666666666666666,0.8701258126680326
68000.0,0.8742793388429753,4,0.372,0.4915241046831957,0.725815035819571,0.16886326194398682,1.1735191927604026e-09,monodisperse_a0.005_sr0.667_N1000_L12_T100000_seed3.npz,monodisperse,3,0.005,0.6666666666666666,0.8701258126680326
69000.0,0.8743296469364865,4,0.372,,0.7389447772104899,0.17986798679867988,1.7634600753610276e-09,monodisperse_a0.005_sr0.667_N1000_L12_T100000_seed3.npz,monodisperse,3,0.005,0.6666666666666666,0.8701258126680326
70000.0,0.8755822679985508,4,0.372,,0.7403579396084289,0.1562759767248545,7.882453306450562e-10,monodisperse_a0.005_sr0.667_N1000_L12_T100000_seed3.npz,monodisperse,3,0.005,0.6666666666666666,0.8701258126680326
71000.0,0.8753894328018783,4,0.372,,0.7746622072271632,0.15289256198347112,9.630778030882018e-10,monodisperse_a0.005_sr0.667_N1000_L12_T100000_seed3.npz,monodisperse,3,0.005,0.6666666666666666,0.8701258126680326
72000.0,0.8698988554354729,4,0.372,0.48869066996724136,0.7260453063718459,0.15884773662551444,9.231029131631469e-10,monodisperse_a0.005_sr0.667_N1000_L12_T100000_seed3.npz,monodisperse,3,0.005,0.6666666666666666,0.8701258126680326
73000.0,0.8707667570279816,4,0.372,,0.7143931197102367,0.15907207953603975,9.867147700733562e-10,monodisperse_a0.005_sr0.667_N1000_L12_T100000_seed3.npz,monodisperse,3,0.005,0.6666666666666666,0.8701258126680326
74000.0,0.8771398425452479,4,0.372,,0.6899671191109406,0.1714756801319044,9.932742784782981e-10,monodisperse_a0.005_sr0.667_N1000_L12_T100000_seed3.npz,monodisperse,3,0.005,0.6666666666666666,0.8701258126680326
75000.0,0.8706885285247766,4,0.37,,0.7455899000322554,0.16652858326429165,1.6462372302821513e-09,monodisperse_a0.005_sr0.667_N1000_L12_T100000_seed3.npz,monodisperse,3,0.005,0.6666666666666666,0.8701258126680326
76000.0,0.8715685925925926,4,0.372,0.47757603292181067,0.7238473458817938,0.1647446457990115,1.8331514572496949e-09,monodisperse_a0.005_sr0.667_N1000_L12_T100000_seed3.npz,monodisperse,3,0.005,0.6666666666666666,0.8701258126680326
77000.0,0.876406541676812,4,0.372,,0.7884205269935605,0.1574608408903545,1.1058508309161013e-09,monodisperse_a0.005_sr0.667_N1000_L12_T100000_seed3.npz,monodisperse,3,0.005,0.6666666666666666,0.8701258126680326
78000.0,0.8690954487882728,5,0.37,,0.7372143673088942,0.16280991735537187,1.3786902162797058e-09,monodisperse_a0.005_sr0.667_N1000_L12_T100000_seed3.npz,monodisperse,3,0.005,0.6666666666666666,0.8701258126680326
79000.0,0.8665854883976946,4,0.37,,0.6960555154744104,0.16227347611202636,9.242827039989257e-10,monodisperse_a0.005_sr0.667_N1000_L12_T100000_seed3.npz,monodisperse,3,0.005,0.6666666666666666,0.8701258126680326
80000.0,0.8748173553719009,4,0.372,0.49167341597796144,0.6789909255133986,0.16694214876033053,1.0166147859968277e-09,monodisperse_a0.005_sr0.667_N1000_L12_T100000_seed3.npz,monodisperse,3,0.005,0.6666666666666666,0.8701258126680326
81000.0,0.8764138141545649,4,0.37,,0.7250038766266416,0.16985845129059118,6.70339211540717e-10,monodisperse_a0.005_sr0.667_N1000_L12_T100000_seed3.npz,monodisperse,3,0.005,0.6666666666666666,0.8701258126680326
82000.0,0.8734137692996314,4,0.372,,0.8144093346012681,0.17603305785123968,1.077701795520007e-09,monodisperse_a0.005_sr0.667_N1000_L12_T100000_seed3.npz,monodisperse,3,0.005,0.6666666666666666,0.8701258126680326
83000.0,0.8773853501859319,4,0.372,,0.8201027267935777,0.16099585062240662,7.129799162733708e-10,monodisperse_a0.005_sr0.667_N1000_L12_T100000_seed3.npz,monodisperse,3,0.005,0.6666666666666666,0.8701258126680326
84000.0,0.8709566136737411,4,0.372,0.4768676743153993,0.784003748852889,0.16036184210526316,8.818425694065453e-10,monodisperse_a0.005_sr0.667_N1000_L12_T100000_seed3.npz,monodisperse,3,0.005,0.6666666666666666,0.8701258126680326
85000.0,0.8698946409989594,4,0.372,,0.7908829963460973,0.15144032921810702,8.517971924176484e-10,monodisperse_a0.005_sr0.667_N1000_L12_T100000_seed3.npz,monodisperse,3,0.005,0.6666666666666666,0.8701258126680326
86000.0,0.8707178562177542,4,0.372,,0.7050076814530193,0.1584564860426929,1.2030849749631144e-09,monodisperse_a0.005_sr0.667_N1000_L12_T100000_seed3.npz,monodisperse,3,0.005,0.6666666666666666,0.8701258126680326
87000.0,0.8714559628946503,4,0.372,,0.7312009497740048,0.15081967213114755,1.7314841242220577e-09,monodisperse_a0.005_sr0.667_N1000_L12_T100000_seed3.npz,monodisperse,3,0.005,0.6666666666666666,0.8701258126680326
88000.0,0.8699737952418863,4,0.372,0.48248570771649013,0.7037273273680934,0.1462809917355372,9.246406049911494e-10,monodisperse_a0.005_sr0.667_N1000_L12_T100000_seed3.npz,monodisperse,3,0.005,0.6666666666666666,0.8701258126680326
89000.0,0.8675288148498215,4,0.372,,0.6884790686116036,0.16086235489220568,8.708107882865122e-10,monodisperse_a0.005_sr0.667_N1000_L12_T100000_seed3.npz,monodisperse,3,0.005,0.6666666666666666,0.8701258126680326
90000.0,0.8712681749543868,4,0.372,,0.7500243586989359,0.15238879736408562,9.88730817969992e-10,monodisperse_a0.005_sr0.667_N1000_L12_T100000_seed3.npz,monodisperse,3,0.005,0.6666666666666666,0.8701258126680326
91000.0,0.8691584179384587,4,0.372,,0.746272184244701,0.15970515970515975,1.5014237741223936e-09,monodisperse_a0.005_sr0.667_N1000_L12_T100000_seed3.npz,monodisperse,3,0.005,0.6666666666666666,0.8701258126680326
92000.0,0.8745375718843705,4,0.372,0.4810535147203616,0.742213260055857,0.17091207888249793,1.513836927023996e-09,monodisperse_a0.005_sr0.667_N1000_L12_T100000_seed3.npz,monodisperse,3,0.005,0.6666666666666666,0.8701258126680326
93000.0,0.8681736099838929,4,0.372,,0.6996862862334416,0.1602616516762061,7.689737725675974e-10,monodisperse_a0.005_sr0.667_N1000_L12_T100000_seed3.npz,monodisperse,3,0.005,0.6666666666666666,0.8701258126680326
94000.0,0.8695048457636768,4,0.372,,0.7704281657269758,0.1576354679802956,8.844873228001748e-10,monodisperse_a0.005_sr0.667_N1000_L12_T100000_seed3.npz,monodisperse,3,0.005,0.6666666666666666,0.8701258126680326
95000.0,0.8685263465364541,4,0.372,,0.7779338257787671,0.1632485643970467,7.131116738110753e-10,monodisperse_a0.005_sr0.667_N1000_L12_T100000_seed3.npz,monodisperse,3,0.005,0.6666666666666666,0.8701258126680326
96000.0,0.8713394466231382,4,0.372,0.4770909096635066,0.7022010490920795,0.14790468364831555,7.520868630249418e-10,monodisperse_a0.005_sr0.667_N1000_L12_T100000_seed3.npz,monodisperse,3,0.005,0.6666666666666666,0.8701258126680326
97000.0,0.8720312625321939,4,0.372,,0.7436896015307438,0.14119601328903653,5.527435193777352e-10,monodisperse_a0.005_sr0.667_N1000_L12_T100000_seed3.npz,monodisperse,3,0.005,0.6666666666666666,0.8701258126680326
98000.0,0.8700932716836735,4,0.372,,0.7488572267126371,0.1592409240924092,9.500399495788742e-10,monodisperse_a0.005_sr0.667_N1000_L12_T100000_seed3.npz,monodisperse,3,0.005,0.6666666666666666,0.8701258126680326
99000.0,0.8710017473235215,4,0.37,,0.7781798104661622,0.16844700082169273,9.903811724041646e-10,monodisperse_a0.005_sr0.667_N1000_L12_T100000_seed3.npz,monodisperse,3,0.005,0.6666666666666666,0.8701258126680326
100000.0,0.8701614125118164,4,0.372,0.4840751787159243,0.8094356381540856,0.17724649629018963,8.927255031805661e-10,monodisperse_a0.005_sr0.667_N1000_L12_T100000_seed3.npz,monodisperse,3,0.005,0.6666666666666666,0.8701258126680326
0.0,0.9706666666666667,107,0.032,0.838546962962963,,,,monodisperse_a0.005_sr0.667_N1000_L12_T100000_seed4.npz,monodisperse,4,0.005,0.6666666666666666,0.8484645774914966
1000.0,0.9237064150088509,27,0.364,,0.24036090363272142,0.7165644171779142,1.612094853392453e-08,monodisperse_a0.005_sr0.667_N1000_L12_T100000_seed4.npz,monodisperse,4,0.005,0.6666666666666666,0.8484645774914966
2000.0,0.9269434924888557,26,0.338,,0.6537278163251625,0.43286788399570353,9.77033265691473e-09,monodisperse_a0.005_sr0.667_N1000_L12_T100000_seed4.npz,monodisperse,4,0.005,0.6666666666666666,0.8484645774914966
3000.0,0.9213216722310931,19,0.258,,0.7426777736800829,0.34897959183673466,7.506562120987614e-09,monodisperse_a0.005_sr0.667_N1000_L12_T100000_seed4.npz,monodisperse,4,0.005,0.6666666666666666,0.8484645774914966
4000.0,0.916883949736469,16,0.588,0.5800491252626118,0.8198362405036943,0.3330039525691699,6.069009656367074e-09,monodisperse_a0.005_sr0.667_N1000_L12_T100000_seed4.npz,monodisperse,4,0.005,0.6666666666666666,0.8484645774914966
5000.0,0.9182680202095098,15,0.586,,0.765030800985931,0.29990262901655307,5.138100214314132e-09,monodisperse_a0.005_sr0.667_N1000_L12_T100000_seed4.npz,monodisperse,4,0.005,0.6666666666666666,0.8484645774914966
6000.0,0.9116674593752004,12,0.592,,0.7598856328691357,0.2941176470588235,4.952141145200751e-09,monodisperse_a0.005_sr0.667_N1000_L12_T100000_seed4.npz,monodisperse,4,0.005,0.6666666666666666,0.8484645774914966
7000.0,0.9077172293687015,14,0.464,,0.6813596548805751,0.2929577464788733,4.4143274939204426e-09,monodisperse_a0.005_sr0.667_N1000_L12_T100000_seed4.npz,monodisperse,4,0.005,0.6666666666666666,0.8484645774914966
8000.0,0.903099517221794,11,0.346,0.5450070846537235,0.7447310906901725,0.29558011049723754,4.1746353276037885e-09,monodisperse_a0.005_sr0.667_N1000_L12_T100000_seed4.npz,monodisperse,4,0.005,0.6666666666666666,0.8484645774914966
9000.0,0.9035310405973037,9,0.728,,0.791269100475753,0.24976958525345627,3.387835630576913e-09,monodisperse_a0.005_sr0.667_N1000_L12_T100000_seed4.npz,monodisperse,4,0.005,0.6666666666666666,0.8484645774914966
10000.0,0.8965776262449999,11,0.492,,0.7712655765189937,0.2558983666061706,2.9948911008267667e-09,monodisperse_a0.005_sr0.667_N1000_L12_T100000_seed4.npz,monodisperse,4,0.005,0.6666666666666666,0.8484645774914966
11000.0,0.8996786635134212,9,0.722,,0.7298406378609064,0.24591651542649728,3.871341499646064e-09,monodisperse_a0.005_sr0.667_N1000_L12_T100000_seed4.npz,monodisperse,4,0.005,0.6666666666666666,0.8484645774914966
12000.0,0.8973173281127234,9,0.728,0.5227511353854274,0.729193880271697,0.22010869565217395,2.136967400029057e-09,monodisperse_a0.005_sr0.667_N1000_L12_T100000_seed4.npz,monodisperse,4,0.005,0.6666666666666666,0.8484645774914966
13000.0,0.8989747921217972,10,0.724,,0.7369058811342016,0.23249551166965887,2.0857630452055708e-09,monodisperse_a0.005_sr0.667_N1000_L12_T100000_seed4.npz,monodisperse,4,0.005,0.6666666666666666,0.8484645774914966
14000.0,0.8938322536857282,9,0.73,,0.7878285510577565,0.23318385650224216,2.857186176066028e-09,monodisperse_a0.005_sr0.667_N1000_L12_T100000_seed4.npz,monodisperse,4,0.005,0.6666666666666666,0.8484645774914966
15000.0,0.8972738298556967,10,0.49,,0.7348457444833465,0.20840787119856885,1.8995500032486813e-09,monodisperse_a0.005_sr0.667_N1000_L12_T100000_seed4.npz,monodisperse,4,0.005,0.6666666666666666,0.8484645774914966
16000.0,0.8932386688354509,8,0.726,0.5247334770783302,0.6746050807667638,0.22123104371097235,3.3194867539527143e-09,monodisperse_a0.005_sr0.667_N1000_L12_T100000_seed4.npz,monodisperse,4,0.005,0.6666666666666666,0.8484645774914966
17000.0,0.891287088709881,8,0.728,,0.6971283490001158,0.23015165031222118,2.813194527708372e-09,monodisperse_a0.005_sr0.667_N1000_L12_T100000_seed4.npz,monodisperse,4,0.005,0.6666666666666666,0.8484645774914966
18000.0,0.8922595549862928,8,0.73,,0.7499069552312195,0.22340425531914898,1.9892400100275173e-09,monodisperse_a0.005_sr0.667_N1000_L12_T100000_seed4.npz,monodisperse,4,0.005,0.6666666666666666,0.8484645774914966
19000.0,0.8875569652833503,8,0.73,,0.684888480686514,0.1861086375779163,2.282294933973709e-09,monodisperse_a0.005_sr0.667_N1000_L12_T100000_seed4.npz,monodisperse,4,0.005,0.6666666666666666,0.8484645774914966
20000.0,0.8914872919963327,8,0.728,0.5075987923596171,0.7274963436972679,0.18462897526501765,2.0722605970480536e-09,monodisperse_a0.005_sr0.667_N1000_L12_T100000_seed4.npz,monodisperse,4,0.005,0.6666666666666666,0.8484645774914966
21000.0,0.8886143041258294,8,0.598,,0.759971139409653,0.20386643233743407,3.7728527765998756e-09,monodisperse_a0.005_sr0.667_N1000_L12_T100000_seed4.npz,monodisperse,4,0.005,0.6666666666666666,0.8484645774914966
22000.0,0.8876437627644191,8,0.752,,0.7445356313982786,0.20698689956331873,2.853997314051704e-09,monodisperse_a0.005_sr0.667_N1000_L12_T100000_seed4.npz,monodisperse,4,0.005,0.6666666666666666,0.8484645774914966
23000.0,0.8836929478106359,8,0.606,,0.8141828981375862,0.20928196147110334,2.457932261630277e-09,monodisperse_a0.005_sr0.667_N1000_L12_T100000_seed4.npz,monodisperse,4,0.005,0.6666666666666666,0.8484645774914966
24000.0,0.886635545573318,8,0.606,0.5075822494776451,0.7562489401197038,0.19595782073813706,1.4478065058228545e-09,monodisperse_a0.005_sr0.667_N1000_L12_T100000_seed4.npz,monodisperse,4,0.005,0.6666666666666666,0.8484645774914966
25000.0,0.8825503177520799,8,0.604,,0.7080356514371794,0.1773356401384083,1.8370205605725363e-09,monodisperse_a0.005_sr0.667_N1000_L12_T100000_seed4.npz,monodisperse,4,0.005,0.6666666666666666,0.8484645774914966
26000.0,0.8857571942034294,8,0.602,,0.8138916736511226,0.17013888888888884,1.4129301128844653e-09,monodisperse_a0.005_sr0.667_N1000_L12_T100000_seed4.npz,monodisperse,4,0.005,0.6666666666666666,0.8484645774914966
27000.0,0.8840276428978678,7,0.602,,0.7844819552062227,0.18636755823986195,2.6306668807041174e-09,monodisperse_a0.005_sr0.667_N1000_L12_T100000_seed4.npz,monodisperse,4,0.005,0.6666666666666666,0.8484645774914966
28000.0,0.8824346446885379,8,0.364,0.5034186041994445,0.7836294657375716,0.17432784041630534,1.9906251653453587e-09,monodisperse_a0.005_sr0.667_N1000_L12_T100000_seed4.npz,monodisperse,4,0.005,0.6666666666666666,0.8484645774914966
29000.0,0.8802976048239306,7,0.604,,0.723086095647856,0.1771823681936041,1.2575766142768446e-09,monodisperse_a0.005_sr0.667_N1000_L12_T100000_seed4.npz,monodisperse,4,0.005,0.6666666666666666,0.8484645774914966
30000.0,0.8881805527302058,7,0.604,,0.7649960189526198,0.15958369470945355,1.6946171862122225e-09,monodisperse_a0.005_sr0.667_N1000_L12_T100000_seed4.npz,monodisperse,4,0.005,0.6666666666666666,0.8484645774914966
31000.0,0.8801237025086529,6,0.682,,0.7208211570603194,0.18150684931506844,2.128920442355006e-09,monodisperse_a0.005_sr0.667_N1000_L12_T100000_seed4.npz,monodisperse,4,0.005,0.6666666666666666,0.8484645774914966
32000.0,0.8827043447269649,6,0.678,0.5096433472799204,0.7344651431688506,0.18723037100949091,1.781886340756319e-09,monodisperse_a0.005_sr0.667_N1000_L12_T100000_seed4.npz,monodisperse,4,0.005,0.6666666666666666,0.8484645774914966
33000.0,0.8832149327653918,6,0.682,,0.7356436250440492,0.19154443485763595,1.4144552209638082e-09,monodisperse_a0.005_sr0.667_N1000_L12_T100000_seed4.npz,monodisperse,4,0.005,0.6666666666666666,0.8484645774914966
34000.0,0.8823373239594797,6,0.678,,0.6982340523178704,0.18626609442060083,1.5865513864453347e-09,monodisperse_a0.005_sr0.667_N1000_L12_T100000_seed4.npz,monodisperse,4,0.005,0.6666666666666666,0.8484645774914966
35000.0,0.8844357677069017,6,0.68,,0.6693223661591857,0.17728055077452665,1.4237919727188812e-09,monodisperse_a0.005_sr0.667_N1000_L12_T100000_seed4.npz,monodisperse,4,0.005,0.6666666666666666,0.8484645774914966
36000.0,0.8787460317460317,6,0.682,0.5005337868480726,0.6504396404348162,0.18937446443873174,1.4896390161741602e-09,monodisperse_a0.005_sr0.667_N1000_L12_T100000_seed4.npz,monodisperse,4,0.005,0.6666666666666666,0.8484645774914966
37000.0,0.8820217510734578,6,0.678,,0.6931289968443898,0.20034246575342463,1.6000349391651584e-09,monodisperse_a0.005_sr0.667_N1000_L12_T100000_seed4.npz,monodisperse,4,0.005,0.6666666666666666,0.8484645774914966
38000.0,0.8809460343506484,6,0.682,,0.6887247323996518,0.20477815699658708,2.158165255921031e-09,monodisperse_a0.005_sr0.667_N1000_L12_T100000_seed4.npz,monodisperse,4,0.005,0.6666666666666666,0.8484645774914966
39000.0,0.8841963072907246,6,0.682,,0.6295364896494443,0.16969696969696968,1.885717590067475e-09,monodisperse_a0.005_sr0.667_N1000_L12_T100000_seed4.npz,monodisperse,4,0.005,0.6666666666666666,0.8484645774914966
40000.0,0.883312566749733,6,0.68,0.5019075590364305,0.8131012615145645,0.17697594501718217,1.4086720659474453e-09,monodisperse_a0.005_sr0.667_N1000_L12_T100000_seed4.npz,monodisperse,4,0.005,0.6666666666666666,0.8484645774914966
41000.0,0.8796013839395901,6,0.682,,0.7598178884103503,0.19439728353140917,1.5116516189571705e-09,monodisperse_a0.005_sr0.667_N1000_L12_T100000_seed4.npz,monodisperse,4,0.005,0.6666666666666666,0.8484645774914966
42000.0,0.8809864966541443,6,0.68,,0.6991790138309456,0.18584825234441604,2.102042597095098e-09,monodisperse_a0.005_sr0.667_N1000_L12_T100000_seed4.npz,monodisperse,4,0.005,0.6666666666666666,0.8484645774914966
43000.0,0.8793107625743645,6,0.682,,0.7153677861550048,0.19136325148179512,1.639599528147934e-09,monodisperse_a0.005_sr0.667_N1000_L12_T100000_seed4.npz,monodisperse,4,0.005,0.6666666666666666,0.8484645774914966
44000.0,0.8775875469854956,6,0.68,0.4865457608641792,0.6879933702566107,0.17413355874894332,1.6168296665677303e-09,monodisperse_a0.005_sr0.667_N1000_L12_T100000_seed4.npz,monodisperse,4,0.005,0.6666666666666666,0.8484645774914966
45000.0,0.8797995394545701,6,0.682,,0.7779067129567687,0.1739864864864865,1.3344121536347032e-09,monodisperse_a0.005_sr0.667_N1000_L12_T100000_seed4.npz,monodisperse,4,0.005,0.6666666666666666,0.8484645774914966
46000.0,0.878093948132559,6,0.68,,0.7215855469976203,0.17701342281879195,1.5497313570028641e-09,monodisperse_a0.005_sr0.667_N1000_L12_T100000_seed4.npz,monodisperse,4,0.005,0.6666666666666666,0.8484645774914966
47000.0,0.8755229845964709,6,0.68,,0.7049630953238212,0.18311036789297663,1.6409532955095773e-09,monodisperse_a0.005_sr0.667_N1000_L12_T100000_seed4.npz,monodisperse,4,0.005,0.6666666666666666,0.8484645774914966
48000.0,0.8773215557137771,6,0.68,0.4955378545152486,0.7077495068128106,0.19357565511411667,1.6881667741228004e-09,monodisperse_a0.005_sr0.667_N1000_L12_T100000_seed4.npz,monodisperse,4,0.005,0.6666666666666666,0.8484645774914966
49000.0,0.8806968200887397,6,0.68,,0.7719823895985677,0.17805907172995783,1.0522022707295852e-09,monodisperse_a0.005_sr0.667_N1000_L12_T100000_seed4.npz,monodisperse,4,0.005,0.6666666666666666,0.8484645774914966
50000.0,0.8766182570339845,6,0.68,,0.7509040289068328,0.1690376569037657,1.2060965463963357e-09,monodisperse_a0.005_sr0.667_N1000_L12_T100000_seed4.npz,monodisperse,4,0.005,0.6666666666666666,0.8484645774914966
51000.0,0.8736768595041322,6,0.682,,0.7766616326665878,0.17126148705096078,1.4832580013749012e-09,monodisperse_a0.005_sr0.667_N1000_L12_T100000_seed4.npz,monodisperse,4,0.005,0.6666666666666666,0.8484645774914966
52000.0,0.8729163629294844,6,0.682,0.4930283257835993,0.7382667178628894,0.16708648194794296,1.0435187431655694e-09,monodisperse_a0.005_sr0.667_N1000_L12_T100000_seed4.npz,monodisperse,4,0.005,0.6666666666666666,0.8484645774914966
53000.0,0.8726891954680599,6,0.682,,0.7977464407841317,0.18257956448911228,1.4665551708696257e-09,monodisperse_a0.005_sr0.667_N1000_L12_T100000_seed4.npz,monodisperse,4,0.005,0.6666666666666666,0.8484645774914966
54000.0,0.8735728118857672,6,0.68,,0.7815948253804654,0.15956558061821224,1.3186554049264988e-09,monodisperse_a0.005_sr0.667_N1000_L12_T100000_seed4.npz,monodisperse,4,0.005,0.6666666666666666,0.8484645774914966
55000.0,0.878823731138546,6,0.68,,0.7626941038426631,0.16541353383458646,1.8660562545252567e-09,monodisperse_a0.005_sr0.667_N1000_L12_T100000_seed4.npz,monodisperse,4,0.005,0.6666666666666666,0.8484645774914966
56000.0,0.8735909697921166,6,0.682,0.4919178961241018,0.7126327991074398,0.18587047939444912,1.5683254795595487e-09,monodisperse_a0.005_sr0.667_N1000_L12_T100000_seed4.npz,monodisperse,4,0.005,0.6666666666666666,0.8484645774914966
57000.0,0.8774218548178765,6,0.682,,0.7635944948224936,0.17169179229480735,1.6285861106930902e-09,monodisperse_a0.005_sr0.667_N1000_L12_T100000_seed4.npz,monodisperse,4,0.005,0.6666666666666666,0.8484645774914966
58000.0,0.8767844417656775,7,0.682,,0.8084682608527463,0.14646464646464652,1.2675250440729367e-09,monodisperse_a0.005_sr0.667_N1000_L12_T100000_seed4.npz,monodisperse,4,0.005,0.6666666666666666,0.8484645774914966
59000.0,0.8740922902297051,6,0.682,,0.7695929418777684,0.16249999999999998,1.4666804984573254e-09,monodisperse_a0.005_sr0.667_N1000_L12_T100000_seed4.npz,monodisperse,4,0.005,0.6666666666666666,0.8484645774914966
60000.0,0.8762727200255102,6,0.682,0.4846712903911565,0.7378858356007547,0.1378446115288221,1.4958120496707286e-09,monodisperse_a0.005_sr0.667_N1000_L12_T100000_seed4.npz,monodisperse,4,0.005,0.6666666666666666,0.8484645774914966
61000.0,0.8743562330009627,6,0.68,,0.7525155212491064,0.14916666666666667,1.163169408693103e-09,monodisperse_a0.005_sr0.667_N1000_L12_T100000_seed4.npz,monodisperse,4,0.005,0.6666666666666666,0.8484645774914966
62000.0,0.8759111589664631,6,0.68,,0.7607960415512848,0.17533557046979864,1.4688178747904376e-09,monodisperse_a0.005_sr0.667_N1000_L12_T100000_seed4.npz,monodisperse,4,0.005,0.6666666666666666,0.8484645774914966
63000.0,0.8702785154434982,6,0.68,,0.6899698846281055,0.19548872180451127,1.5234286252135515e-09,monodisperse_a0.005_sr0.667_N1000_L12_T100000_seed4.npz,monodisperse,4,0.005,0.6666666666666666,0.8484645774914966
64000.0,0.8745133851564221,6,0.682,0.49011330079197535,0.7445159849185099,0.18355481727574752,1.8131235153051582e-09,monodisperse_a0.005_sr0.667_N1000_L12_T100000_seed4.npz,monodisperse,4,0.005,0.6666666666666666,0.8484645774914966
65000.0,0.8792115210438188,6,0.682,,0.811548474544711,0.17083333333333328,1.5027360177545917e-09,monodisperse_a0.005_sr0.667_N1000_L12_T100000_seed4.npz,monodisperse,4,0.005,0.6666666666666666,0.8484645774914966
66000.0,0.8742107690419076,7,0.682,,0.7956315115801701,0.16569037656903762,1.4346004373331355e-09,monodisperse_a0.005_sr0.667_N1000_L12_T100000_seed4.npz,monodisperse,4,0.005,0.6666666666666666,0.8484645774914966
67000.0,0.8700515001772273,6,0.682,,0.736996206835235,0.16331658291457285,1.2225314605702397e-09,monodisperse_a0.005_sr0.667_N1000_L12_T100000_seed4.npz,monodisperse,4,0.005,0.6666666666666666,0.8484645774914966
68000.0,0.8721977445392406,6,0.68,0.4865215681795978,0.6533316165751403,0.15500000000000003,1.2830952139074325e-09,monodisperse_a0.005_sr0.667_N1000_L12_T100000_seed4.npz,monodisperse,4,0.005,0.6666666666666666,0.8484645774914966
69000.0,0.8758717622038414,6,0.682,,0.6897703270815585,0.15403830141548713,1.4371577355254392e-09,monodisperse_a0.005_sr0.667_N1000_L12_T100000_seed4.npz,monodisperse,4,0.005,0.6666666666666666,0.8484645774914966
70000.0,0.8767441635589478,6,0.682,,0.7604828641613631,0.15666666666666662,1.4178930230324701e-09,monodisperse_a0.005_sr0.667_N1000_L12_T100000_seed4.npz,monodisperse,4,0.005,0.6666666666666666,0.8484645774914966
71000.0,0.8668249626400792,6,0.682,,0.7300199161606118,0.1469115191986644,1.6944632688653181e-09,monodisperse_a0.005_sr0.667_N1000_L12_T100000_seed4.npz,monodisperse,4,0.005,0.6666666666666666,0.8484645774914966
72000.0,0.8662692901234568,6,0.68,0.49065329218106996,0.674706028990446,0.17376775271512113,1.7423783269210406e-09,monodisperse_a0.005_sr0.667_N1000_L12_T100000_seed4.npz,monodisperse,4,0.005,0.6666666666666666,0.8484645774914966
73000.0,0.8707579838715643,5,0.682,,0.7514738573716065,0.1732217573221757,2.0647151889643833e-09,monodisperse_a0.005_sr0.667_N1000_L12_T100000_seed4.npz,monodisperse,4,0.005,0.6666666666666666,0.8484645774914966
74000.0,0.8691693124383965,5,0.682,,0.6934792445364354,0.15946843853820603,1.9779358915367316e-09,monodisperse_a0.005_sr0.667_N1000_L12_T100000_seed4.npz,monodisperse,4,0.005,0.6666666666666666,0.8484645774914966
75000.0,0.8665149108166261,5,0.682,,0.7730561078576095,0.15410107705053855,8.226186032101902e-10,monodisperse_a0.005_sr0.667_N1000_L12_T100000_seed4.npz,monodisperse,4,0.005,0.6666666666666666,0.8484645774914966
76000.0,0.8724385250205624,5,0.682,0.49545513482390574,0.8160093668734932,0.1631973355537052,1.155792431924139e-09,monodisperse_a0.005_sr0.667_N1000_L12_T100000_seed4.npz,monodisperse,4,0.005,0.6666666666666666,0.8484645774914966
77000.0,0.8753678654019065,5,0.68,,0.8063179635031741,0.17735220649458783,1.5399459182472298e-09,monodisperse_a0.005_sr0.667_N1000_L12_T100000_seed4.npz,monodisperse,4,0.005,0.6666666666666666,0.8484645774914966
78000.0,0.8693203814865746,5,0.68,,0.7560208757877301,0.17948717948717952,1.7641290056656509e-09,monodisperse_a0.005_sr0.667_N1000_L12_T100000_seed4.npz,monodisperse,4,0.005,0.6666666666666666,0.8484645774914966
79000.0,0.8727295056750628,6,0.678,,0.7631499310744565,0.16445182724252494,7.819778683440227e-10,monodisperse_a0.005_sr0.667_N1000_L12_T100000_seed4.npz,monodisperse,4,0.005,0.6666666666666666,0.8484645774914966
80000.0,0.8730554092040547,5,0.68,0.47627462517365,0.8020878889381045,0.1422628951747088,8.398563292182593e-10,monodisperse_a0.005_sr0.667_N1000_L12_T100000_seed4.npz,monodisperse,4,0.005,0.6666666666666666,0.8484645774914966
81000.0,0.874682513078205,5,0.682,,0.8216308925638972,0.142620232172471,1.0085539043437984e-09,monodisperse_a0.005_sr0.667_N1000_L12_T100000_seed4.npz,monodisperse,4,0.005,0.6666666666666666,0.8484645774914966
82000.0,0.8695316543209877,5,0.682,,0.781403063217543,0.1556836902800659,1.6436816650307417e-09,monodisperse_a0.005_sr0.667_N1000_L12_T100000_seed4.npz,monodisperse,4,0.005,0.6666666666666666,0.8484645774914966
83000.0,0.8731099313623863,5,0.682,,0.8042053404591418,0.15161557580778795,1.098019228717367e-09,monodisperse_a0.005_sr0.667_N1000_L12_T100000_seed4.npz,monodisperse,4,0.005,0.6666666666666666,0.8484645774914966
84000.0,0.8673550073279155,5,0.682,0.48514135842027045,0.7527695633847632,0.17079207920792083,1.0594175241975447e-09,monodisperse_a0.005_sr0.667_N1000_L12_T100000_seed4.npz,monodisperse,4,0.005,0.6666666666666666,0.8484645774914966
85000.0,0.8747500797193878,5,0.682,,0.7513492724854307,0.1607584501236603,1.6039144290047822e-09,monodisperse_a0.005_sr0.667_N1000_L12_T100000_seed4.npz,monodisperse,4,0.005,0.6666666666666666,0.8484645774914966
86000.0,0.8708222258986877,5,0.682,,0.735810118808804,0.1403798513625103,5.714218980662237e-10,monodisperse_a0.005_sr0.667_N1000_L12_T100000_seed4.npz,monodisperse,4,0.005,0.6666666666666666,0.8484645774914966
87000.0,0.8710135318279435,5,0.68,,0.8689929336711295,0.16254125412541254,1.3690725983820177e-09,monodisperse_a0.005_sr0.667_N1000_L12_T100000_seed4.npz,monodisperse,4,0.005,0.6666666666666666,0.8484645774914966
88000.0,0.869268363878985,5,0.68,0.4875101297582063,0.7868290802824188,0.16120906801007562,1.5846430640522222e-09,monodisperse_a0.005_sr0.667_N1000_L12_T100000_seed4.npz,monodisperse,4,0.005,0.6666666666666666,0.8484645774914966
89000.0,0.870531328304761,5,0.678,,0.8522913977000657,0.1710743801652893,1.038826775506037e-09,monodisperse_a0.005_sr0.667_N1000_L12_T100000_seed4.npz,monodisperse,4,0.005,0.6666666666666666,0.8484645774914966
90000.0,0.8654719803068963,5,0.68,,0.750139308327042,0.16155758077879034,1.5187928815774695e-09,monodisperse_a0.005_sr0.667_N1000_L12_T100000_seed4.npz,monodisperse,4,0.005,0.6666666666666666,0.8484645774914966
91000.0,0.8661320138368874,5,0.68,,0.723908411221714,0.17569786535303777,1.6203124403899444e-09,monodisperse_a0.005_sr0.667_N1000_L12_T100000_seed4.npz,monodisperse,4,0.005,0.6666666666666666,0.8484645774914966
92000.0,0.870042248593076,5,0.682,0.4799759272399875,0.7923037105283957,0.1579818031430935,9.979920069006664e-10,monodisperse_a0.005_sr0.667_N1000_L12_T100000_seed4.npz,monodisperse,4,0.005,0.6666666666666666,0.8484645774914966
93000.0,0.8708980389030612,5,0.68,,0.8210912484845214,0.15880893300248144,1.349812276316082e-09,monodisperse_a0.005_sr0.667_N1000_L12_T100000_seed4.npz,monodisperse,4,0.005,0.6666666666666666,0.8484645774914966
94000.0,0.8693164788985673,5,0.68,,0.7281319479357714,0.15144032921810702,1.0247928707414863e-09,monodisperse_a0.005_sr0.667_N1000_L12_T100000_seed4.npz,monodisperse,4,0.005,0.6666666666666666,0.8484645774914966
95000.0,0.8756608165948825,5,0.682,,0.814716298990592,0.1714756801319044,1.387744183802217e-09,monodisperse_a0.005_sr0.667_N1000_L12_T100000_seed4.npz,monodisperse,4,0.005,0.6666666666666666,0.8484645774914966
96000.0,0.8695878731224305,5,0.682,0.48319581778362225,0.7498465926606841,0.17919075144508667,1.0685644840289664e-09,monodisperse_a0.005_sr0.667_N1000_L12_T100000_seed4.npz,monodisperse,4,0.005,0.6666666666666666,0.8484645774914966
97000.0,0.8700132033832784,5,0.682,,0.8861038844281628,0.1578947368421053,1.2081995931357148e-09,monodisperse_a0.005_sr0.667_N1000_L12_T100000_seed4.npz,monodisperse,4,0.005,0.6666666666666666,0.8484645774914966
98000.0,0.8684762078201702,5,0.68,,0.8458612710891019,0.14333057166528584,6.500320040571325e-10,monodisperse_a0.005_sr0.667_N1000_L12_T100000_seed4.npz,monodisperse,4,0.005,0.6666666666666666,0.8484645774914966
99000.0,0.8695922489200669,5,0.682,,0.827266126447956,0.16967213114754098,1.198775237775849e-09,monodisperse_a0.005_sr0.667_N1000_L12_T100000_seed4.npz,monodisperse,4,0.005,0.6666666666666666,0.8484645774914966
100000.0,0.8689433195153061,5,0.682,0.48472257653061224,0.7786085930904194,0.1632485643970467,8.266597844712238e-10,monodisperse_a0.005_sr0.667_N1000_L12_T100000_seed4.npz,monodisperse,4,0.005,0.6666666666666666,0.8484645774914966
0.0,0.9763148043576192,111,0.028,0.8425608097676317,,,,monodisperse_a0.005_sr0.667_N1000_L12_T100000_seed5.npz,monodisperse,5,0.005,0.6666666666666666,0.766598660310611
1000.0,0.9417384952520088,29,0.13,,0.24172012327171546,0.7005714285714286,1.6113417157382517e-08,monodisperse_a0.005_sr0.667_N1000_L12_T100000_seed5.npz,monodisperse,5,0.005,0.6666666666666666,0.766598660310611
2000.0,0.9339555282836666,19,0.132,,0.7491623096420665,0.37512846865364846,8.843454733472912e-09,monodisperse_a0.005_sr0.667_N1000_L12_T100000_seed5.npz,monodisperse,5,0.005,0.6666666666666666,0.766598660310611
3000.0,0.9307092828381195,17,0.132,,0.8502626772716106,0.3352713178294574,5.507292015973043e-09,monodisperse_a0.005_sr0.667_N1000_L12_T100000_seed5.npz,monodisperse,5,0.005,0.6666666666666666,0.766598660310611
4000.0,0.925322486083181,15,0.132,0.5488368064433397,0.8597386957155061,0.30434782608695654,5.536154631429194e-09,monodisperse_a0.005_sr0.667_N1000_L12_T100000_seed5.npz,monodisperse,5,0.005,0.6666666666666666,0.766598660310611
5000.0,0.92209738975158,12,0.21,,0.8693422408747918,0.2784926470588235,4.89057667855316e-09,monodisperse_a0.005_sr0.667_N1000_L12_T100000_seed5.npz,monodisperse,5,0.005,0.6666666666666666,0.766598660310611
6000.0,0.9200087282204265,12,0.21,,0.8760896476087093,0.23111919927206548,3.1474492815559077e-09,monodisperse_a0.005_sr0.667_N1000_L12_T100000_seed5.npz,monodisperse,5,0.005,0.6666666666666666,0.766598660310611
7000.0,0.9152622926927545,10,0.222,,0.9080104054306737,0.23805229936880068,3.6613698924365853e-09,monodisperse_a0.005_sr0.667_N1000_L12_T100000_seed5.npz,monodisperse,5,0.005,0.6666666666666666,0.766598660310611
8000.0,0.9114035404158829,9,0.222,0.5327667980794834,0.961014146573968,0.23916967509025266,2.7284552333792726e-09,monodisperse_a0.005_sr0.667_N1000_L12_T100000_seed5.npz,monodisperse,5,0.005,0.6666666666666666,0.766598660310611
9000.0,0.9099677254968574,8,0.22,,0.8754488286758455,0.2222222222222222,2.6777252893963086e-09,monodisperse_a0.005_sr0.667_N1000_L12_T100000_seed5.npz,monodisperse,5,0.005,0.6666666666666666,0.766598660310611
10000.0,0.9095524948534457,8,0.22,,0.8697717079405999,0.1967943009795191,2.2466720001323314e-09,monodisperse_a0.005_sr0.667_N1000_L12_T100000_seed5.npz,monodisperse,5,0.005,0.6666666666666666,0.766598660310611
11000.0,0.9109623890437009,8,0.222,,0.9459726453381561,0.20213713268032052,2.1998959500949837e-09,monodisperse_a0.005_sr0.667_N1000_L12_T100000_seed5.npz,monodisperse,5,0.005,0.6666666666666666,0.766598660310611
12000.0,0.9099666739246142,8,0.22,0.5194615476632097,0.9033466596299999,0.2161921708185054,2.1287795719694845e-09,monodisperse_a0.005_sr0.667_N1000_L12_T100000_seed5.npz,monodisperse,5,0.005,0.6666666666666666,0.766598660310611
13000.0,0.9072041956670914,8,0.22,,0.8505378179435603,0.22947925860547225,2.435021198671492e-09,monodisperse_a0.005_sr0.667_N1000_L12_T100000_seed5.npz,monodisperse,5,0.005,0.6666666666666666,0.766598660310611
14000.0,0.910316223755004,8,0.222,,0.9253249629592861,0.2230026338893767,1.996450954553006e-09,monodisperse_a0.005_sr0.667_N1000_L12_T100000_seed5.npz,monodisperse,5,0.005,0.6666666666666666,0.766598660310611
15000.0,0.9079678883302847,8,0.222,,0.8596352706480566,0.22036874451273047,1.633198967869418e-09,monodisperse_a0.005_sr0.667_N1000_L12_T100000_seed5.npz,monodisperse,5,0.005,0.6666666666666666,0.766598660310611
16000.0,0.9045416706549136,8,0.222,0.5122594684206575,0.900517962862422,0.22862129144851662,1.8371620981290508e-09,monodisperse_a0.005_sr0.667_N1000_L12_T100000_seed5.npz,monodisperse,5,0.005,0.6666666666666666,0.766598660310611
17000.0,0.9062140530366786,8,0.22,,0.8906008809010959,0.20611353711790392,2.2684148517286225e-09,monodisperse_a0.005_sr0.667_N1000_L12_T100000_seed5.npz,monodisperse,5,0.005,0.6666666666666666,0.766598660310611
18000.0,0.9067647694578197,8,0.222,,0.9005094703744535,0.19895742832319718,1.5461658112906995e-09,monodisperse_a0.005_sr0.667_N1000_L12_T100000_seed5.npz,monodisperse,5,0.005,0.6666666666666666,0.766598660310611
19000.0,0.9029341392430977,9,0.222,,0.9298001146559536,0.19913793103448274,1.7935910068392787e-09,monodisperse_a0.005_sr0.667_N1000_L12_T100000_seed5.npz,monodisperse,5,0.005,0.6666666666666666,0.766598660310611
20000.0,0.9066119802535033,8,0.222,0.5022634115546398,0.8840879688759362,0.18620689655172418,2.1122048982217277e-09,monodisperse_a0.005_sr0.667_N1000_L12_T100000_seed5.npz,monodisperse,5,0.005,0.6666666666666666,0.766598660310611
21000.0,0.9042424984187449,8,0.222,,0.9514608416395985,0.19280205655526994,1.6654354665574582e-09,monodisperse_a0.005_sr0.667_N1000_L12_T100000_seed5.npz,monodisperse,5,0.005,0.6666666666666666,0.766598660310611
22000.0,0.8986033273324906,8,0.222,,0.8778095083669714,0.19141630901287554,1.3567871199410847e-09,monodisperse_a0.005_sr0.667_N1000_L12_T100000_seed5.npz,monodisperse,5,0.005,0.6666666666666666,0.766598660310611
23000.0,0.9022506845858289,8,0.222,,0.8561179199443578,0.2044293015332198,2.176342514746181e-09,monodisperse_a0.005_sr0.667_N1000_L12_T100000_seed5.npz,monodisperse,5,0.005,0.6666666666666666,0.766598660310611
24000.0,0.9039493793159966,8,0.222,0.4940221549767329,0.9290405909530268,0.18568994889267465,1.5440183315427202e-09,monodisperse_a0.005_sr0.667_N1000_L12_T100000_seed5.npz,monodisperse,5,0.005,0.6666666666666666,0.766598660310611
25000.0,0.901860424491222,8,0.222,,0.8544796950125694,0.1778723404255319,8.495309010213531e-10,monodisperse_a0.005_sr0.667_N1000_L12_T100000_seed5.npz,monodisperse,5,0.005,0.6666666666666666,0.766598660310611
26000.0,0.9013727844537804,8,0.222,,0.875094158760258,0.17350427350427355,1.108491364880735e-09,monodisperse_a0.005_sr0.667_N1000_L12_T100000_seed5.npz,monodisperse,5,0.005,0.6666666666666666,0.766598660310611
27000.0,0.8968505468356748,8,0.222,,0.9534335998942173,0.1784799316823228,1.5397272656827486e-09,monodisperse_a0.005_sr0.667_N1000_L12_T100000_seed5.npz,monodisperse,5,0.005,0.6666666666666666,0.766598660310611
28000.0,0.9032970196220459,8,0.222,0.4915923821498491,0.9317035899577442,0.17191489361702128,1.3040756620699792e-09,monodisperse_a0.005_sr0.667_N1000_L12_T100000_seed5.npz,monodisperse,5,0.005,0.6666666666666666,0.766598660310611
29000.0,0.8986291152263375,8,0.222,,0.8920073881727307,0.15843270868824533,1.819580163843387e-09,monodisperse_a0.005_sr0.667_N1000_L12_T100000_seed5.npz,monodisperse,5,0.005,0.6666666666666666,0.766598660310611
30000.0,0.9007490720510827,8,0.222,,0.8912255347343948,0.16251074806534827,1.2443621781041424e-09,monodisperse_a0.005_sr0.667_N1000_L12_T100000_seed5.npz,monodisperse,5,0.005,0.6666666666666666,0.766598660310611
31000.0,0.9003913537679137,8,0.222,,0.9154349784911184,0.17223650385604117,1.311494849773385e-09,monodisperse_a0.005_sr0.667_N1000_L12_T100000_seed5.npz,monodisperse,5,0.005,0.6666666666666666,0.766598660310611
32000.0,0.9052977038091847,8,0.222,0.5019897353743917,0.9604859890406728,0.18675721561969438,1.1566590144457731e-09,monodisperse_a0.005_sr0.667_N1000_L12_T100000_seed5.npz,monodisperse,5,0.005,0.6666666666666666,0.766598660310611
33000.0,0.8983706692831774,8,0.222,,0.8723506355462438,0.18057921635434415,8.868296062123789e-10,monodisperse_a0.005_sr0.667_N1000_L12_T100000_seed5.npz,monodisperse,5,0.005,0.6666666666666666,0.766598660310611
34000.0,0.899126501680972,8,0.222,,0.8870074236784522,0.16213921901528017,1.3198053284993396e-09,monodisperse_a0.005_sr0.667_N1000_L12_T100000_seed5.npz,monodisperse,5,0.005,0.6666666666666666,0.766598660310611
35000.0,0.8998295598013636,8,0.222,,0.901852144660809,0.15338983050847455,1.3278641280781945e-09,monodisperse_a0.005_sr0.667_N1000_L12_T100000_seed5.npz,monodisperse,5,0.005,0.6666666666666666,0.766598660310611
36000.0,0.9003502229080933,8,0.222,0.49426526063100135,0.9072461953011174,0.16568047337278102,1.2562461564895912e-09,monodisperse_a0.005_sr0.667_N1000_L12_T100000_seed5.npz,monodisperse,5,0.005,0.6666666666666666,0.766598660310611
37000.0,0.8991213149752448,8,0.22,,0.8992436748236863,0.1685012701100762,1.0276423400184853e-09,monodisperse_a0.005_sr0.667_N1000_L12_T100000_seed5.npz,monodisperse,5,0.005,0.6666666666666666,0.766598660310611
38000.0,0.8952722369510022,8,0.222,,0.8309603448395726,0.18020304568527923,1.1051079458293095e-09,monodisperse_a0.005_sr0.667_N1000_L12_T100000_seed5.npz,monodisperse,5,0.005,0.6666666666666666,0.766598660310611
39000.0,0.8888775782601643,8,0.222,,0.7751510127288351,0.17905405405405406,1.253676922423366e-09,monodisperse_a0.005_sr0.667_N1000_L12_T100000_seed5.npz,monodisperse,5,0.005,0.6666666666666666,0.766598660310611
40000.0,0.8935692223711668,8,0.222,0.4951686106235864,0.8598894106719897,0.17537942664418216,1.74215908404098e-09,monodisperse_a0.005_sr0.667_N1000_L12_T100000_seed5.npz,monodisperse,5,0.005,0.6666666666666666,0.766598660310611
41000.0,0.894203206772169,8,0.222,,0.9251337689784621,0.1586089906700594,1.2180906577382391e-09,monodisperse_a0.005_sr0.667_N1000_L12_T100000_seed5.npz,monodisperse,5,0.005,0.6666666666666666,0.766598660310611
42000.0,0.8889978386400633,8,0.22,,0.8582096855485394,0.15488215488215484,1.7617663191905733e-09,monodisperse_a0.005_sr0.667_N1000_L12_T100000_seed5.npz,monodisperse,5,0.005,0.6666666666666666,0.766598660310611
43000.0,0.8921166592869889,8,0.222,,0.8840332095257768,0.15585509688289811,9.727586627606416e-10,monodisperse_a0.005_sr0.667_N1000_L12_T100000_seed5.npz,monodisperse,5,0.005,0.6666666666666666,0.766598660310611
44000.0,0.8906294678721696,8,0.22,0.492051442654648,0.8892214680738071,0.1668070766638584,1.7509638585114537e-09,monodisperse_a0.005_sr0.667_N1000_L12_T100000_seed5.npz,monodisperse,5,0.005,0.6666666666666666,0.766598660310611
45000.0,0.8870443103082739,8,0.222,,0.9654093200444882,0.1623212783851976,2.224332441863105e-09,monodisperse_a0.005_sr0.667_N1000_L12_T100000_seed5.npz,monodisperse,5,0.005,0.6666666666666666,0.766598660310611
46000.0,0.8890915349890961,8,0.222,,0.8569244635211489,0.1466101694915254,1.0082407930908555e-09,monodisperse_a0.005_sr0.667_N1000_L12_T100000_seed5.npz,monodisperse,5,0.005,0.6666666666666666,0.766598660310611
47000.0,0.8912719904413066,8,0.222,,0.8659449945327518,0.1780016792611251,1.053129640640166e-09,monodisperse_a0.005_sr0.667_N1000_L12_T100000_seed5.npz,monodisperse,5,0.005,0.6666666666666666,0.766598660310611
48000.0,0.8879416690423446,8,0.222,0.49449482044088516,0.8785626659032624,0.18907563025210083,1.584962039665173e-09,monodisperse_a0.005_sr0.667_N1000_L12_T100000_seed5.npz,monodisperse,5,0.005,0.6666666666666666,0.766598660310611
49000.0,0.8881236379870567,8,0.222,,0.8768044975139399,0.18918918918918914,1.6829900260299182e-09,monodisperse_a0.005_sr0.667_N1000_L12_T100000_seed5.npz,monodisperse,5,0.005,0.6666666666666666,0.766598660310611
50000.0,0.8873318744213451,8,0.222,,0.8646698957962586,0.18844221105527637,1.1770017144059833e-09,monodisperse_a0.005_sr0.667_N1000_L12_T100000_seed5.npz,monodisperse,5,0.005,0.6666666666666666,0.766598660310611
51000.0,0.8828781508208687,7,0.222,,0.83911113121664,0.1686241610738255,1.3935900349431743e-09,monodisperse_a0.005_sr0.667_N1000_L12_T100000_seed5.npz,monodisperse,5,0.005,0.6666666666666666,0.766598660310611
52000.0,0.8853968185380032,7,0.222,0.4876996654227006,0.8633538820498541,0.15966386554621848,1.0196624183429806e-09,monodisperse_a0.005_sr0.667_N1000_L12_T100000_seed5.npz,monodisperse,5,0.005,0.6666666666666666,0.766598660310611
53000.0,0.8842191350880299,7,0.222,,0.7964308439021565,0.18552412645590677,1.461885196446126e-09,monodisperse_a0.005_sr0.667_N1000_L12_T100000_seed5.npz,monodisperse,5,0.005,0.6666666666666666,0.766598660310611
54000.0,0.8802206611570248,7,0.222,,0.8036366985740473,0.16316232127838515,1.108204472708901e-09,monodisperse_a0.005_sr0.667_N1000_L12_T100000_seed5.npz,monodisperse,5,0.005,0.6666666666666666,0.766598660310611
55000.0,0.8853337993593783,7,0.222,,0.8440811898802006,0.1602671118530885,1.901842911703418e-09,monodisperse_a0.005_sr0.667_N1000_L12_T100000_seed5.npz,monodisperse,5,0.005,0.6666666666666666,0.766598660310611
56000.0,0.8824367768595041,7,0.222,0.4858009641873278,0.8594097935584514,0.16638935108153075,1.5815090635603524e-09,monodisperse_a0.005_sr0.667_N1000_L12_T100000_seed5.npz,monodisperse,5,0.005,0.6666666666666666,0.766598660310611
57000.0,0.8842954262300978,7,0.222,,0.8309646979865907,0.16166666666666663,1.0470659122062594e-09,monodisperse_a0.005_sr0.667_N1000_L12_T100000_seed5.npz,monodisperse,5,0.005,0.6666666666666666,0.766598660310611
58000.0,0.8803087556521622,7,0.222,,0.8267118938775333,0.15758591785414922,1.400554910584202e-09,monodisperse_a0.005_sr0.667_N1000_L12_T100000_seed5.npz,monodisperse,5,0.005,0.6666666666666666,0.766598660310611
59000.0,0.8824084396877713,7,0.222,,0.8878917438440725,0.17169179229480735,1.104466393548666e-09,monodisperse_a0.005_sr0.667_N1000_L12_T100000_seed5.npz,monodisperse,5,0.005,0.6666666666666666,0.766598660310611
60000.0,0.8863176254655358,7,0.222,0.4871095260131508,0.8677649378328944,0.1686143572621035,7.676977629421717e-10,monodisperse_a0.005_sr0.667_N1000_L12_T100000_seed5.npz,monodisperse,5,0.005,0.6666666666666666,0.766598660310611
61000.0,0.8832095502313559,7,0.222,,0.8237514017359147,0.16486261448792672,8.743855805077623e-10,monodisperse_a0.005_sr0.667_N1000_L12_T100000_seed5.npz,monodisperse,5,0.005,0.6666666666666666,0.766598660310611
62000.0,0.8842975206611571,7,0.222,,0.8467375346684658,0.16126350789692434,1.444421260090015e-09,monodisperse_a0.005_sr0.667_N1000_L12_T100000_seed5.npz,monodisperse,5,0.005,0.6666666666666666,0.766598660310611
63000.0,0.8862409040678885,7,0.222,,0.7737630852521663,0.1601334445371143,7.062286817910235e-10,monodisperse_a0.005_sr0.667_N1000_L12_T100000_seed5.npz,monodisperse,5,0.005,0.6666666666666666,0.766598660310611
64000.0,0.8825689050985293,7,0.222,0.48080096719673593,0.8791049168267058,0.173697270471464,1.1945209861570725e-09,monodisperse_a0.005_sr0.667_N1000_L12_T100000_seed5.npz,monodisperse,5,0.005,0.6666666666666666,0.766598660310611
65000.0,0.885784478335709,7,0.222,,0.842539478937948,0.15754560530679929,1.3333975586330967e-09,monodisperse_a0.005_sr0.667_N1000_L12_T100000_seed5.npz,monodisperse,5,0.005,0.6666666666666666,0.766598660310611
66000.0,0.8797190869204847,7,0.222,,0.8106921575372881,0.15339966832504148,1.29276609787334e-09,monodisperse_a0.005_sr0.667_N1000_L12_T100000_seed5.npz,monodisperse,5,0.005,0.6666666666666666,0.766598660310611
67000.0,0.8812955485460435,7,0.222,,0.8170498912228046,0.1655574043261231,6.078395503127324e-10,monodisperse_a0.005_sr0.667_N1000_L12_T100000_seed5.npz,monodisperse,5,0.005,0.6666666666666666,0.766598660310611
68000.0,0.8873797520661157,7,0.22,0.48203553719008263,0.8273770320663973,0.18204488778054861,1.0074855112321036e-09,monodisperse_a0.005_sr0.667_N1000_L12_T100000_seed5.npz,monodisperse,5,0.005,0.6666666666666666,0.766598660310611
69000.0,0.8790024774267521,6,0.286,,0.8187476195315232,0.16096747289407842,1.572354034143512e-09,monodisperse_a0.005_sr0.667_N1000_L12_T100000_seed5.npz,monodisperse,5,0.005,0.6666666666666666,0.766598660310611
70000.0,0.881258380509535,6,0.288,,0.8479334737890261,0.15671641791044777,1.014821483585813e-09,monodisperse_a0.005_sr0.667_N1000_L12_T100000_seed5.npz,monodisperse,5,0.005,0.6666666666666666,0.766598660310611
71000.0,0.8790611428331281,6,0.288,,0.7633437702487562,0.14793388429752063,1.0162746989784019e-09,monodisperse_a0.005_sr0.667_N1000_L12_T100000_seed5.npz,monodisperse,5,0.005,0.6666666666666666,0.766598660310611
72000.0,0.8759536694719403,6,0.288,0.48299430457471254,0.7932255284237417,0.157331136738056,1.2574878234622438e-09,monodisperse_a0.005_sr0.667_N1000_L12_T100000_seed5.npz,monodisperse,5,0.005,0.6666666666666666,0.766598660310611
73000.0,0.8773793446641556,6,0.288,,0.8305003077043492,0.14154870940882602,8.424813861612763e-10,monodisperse_a0.005_sr0.667_N1000_L12_T100000_seed5.npz,monodisperse,5,0.005,0.6666666666666666,0.766598660310611
74000.0,0.8784535837018488,6,0.288,,0.8092758346023814,0.1702479338842975,1.0305766889107588e-09,monodisperse_a0.005_sr0.667_N1000_L12_T100000_seed5.npz,monodisperse,5,0.005,0.6666666666666666,0.766598660310611
75000.0,0.8799259839589318,6,0.286,,0.8788740273151259,0.16182572614107882,8.371104747288785e-10,monodisperse_a0.005_sr0.667_N1000_L12_T100000_seed5.npz,monodisperse,5,0.005,0.6666666666666666,0.766598660310611
76000.0,0.8798018973214285,6,0.288,0.4759186330782313,0.8316610620328243,0.1434494195688225,1.2784850563191332e-09,monodisperse_a0.005_sr0.667_N1000_L12_T100000_seed5.npz,monodisperse,5,0.005,0.6666666666666666,0.766598660310611
77000.0,0.8838625403779687,6,0.288,,0.8789212553933579,0.1710743801652893,1.2664636536998272e-09,monodisperse_a0.005_sr0.667_N1000_L12_T100000_seed5.npz,monodisperse,5,0.005,0.6666666666666666,0.766598660310611
78000.0,0.8812232770792264,6,0.288,,0.8257044091083455,0.1682008368200837,9.735010740782442e-10,monodisperse_a0.005_sr0.667_N1000_L12_T100000_seed5.npz,monodisperse,5,0.005,0.6666666666666666,0.766598660310611
79000.0,0.8695040986932878,6,0.288,,0.7432337371074852,0.1873459326211997,2.0707894552993147e-09,monodisperse_a0.005_sr0.667_N1000_L12_T100000_seed5.npz,monodisperse,5,0.005,0.6666666666666666,0.766598660310611
80000.0,0.866026150598942,6,0.288,0.47531020713978966,0.8627529330943023,0.15081967213114755,1.4361931467843912e-09,monodisperse_a0.005_sr0.667_N1000_L12_T100000_seed5.npz,monodisperse,5,0.005,0.6666666666666666,0.766598660310611
81000.0,0.8647600615423173,6,0.288,,0.7975521522645102,0.1317512274959084,9.344210860508494e-10,monodisperse_a0.005_sr0.667_N1000_L12_T100000_seed5.npz,monodisperse,5,0.005,0.6666666666666666,0.766598660310611
82000.0,0.8730427260018603,6,0.288,,0.7933097443078029,0.14449917898193765,6.835685164522598e-10,monodisperse_a0.005_sr0.667_N1000_L12_T100000_seed5.npz,monodisperse,5,0.005,0.6666666666666666,0.766598660310611
83000.0,0.8766184548015736,6,0.286,,0.8386192723385483,0.1580671580671581,7.862100599628177e-10,monodisperse_a0.005_sr0.667_N1000_L12_T100000_seed5.npz,monodisperse,5,0.005,0.6666666666666666,0.766598660310611
84000.0,0.8727233990747504,6,0.288,0.47339379920461006,0.7821320730357734,0.14747307373653684,8.757624281334414e-10,monodisperse_a0.005_sr0.667_N1000_L12_T100000_seed5.npz,monodisperse,5,0.005,0.6666666666666666,0.766598660310611
85000.0,0.869749200889011,6,0.288,,0.7648517522328814,0.16380016380016382,5.971438764252407e-10,monodisperse_a0.005_sr0.667_N1000_L12_T100000_seed5.npz,monodisperse,5,0.005,0.6666666666666666,0.766598660310611
86000.0,0.8713592075979504,6,0.286,,0.8211413248817174,0.15004122011541632,1.0958620888918315e-09,monodisperse_a0.005_sr0.667_N1000_L12_T100000_seed5.npz,monodisperse,5,0.005,0.6666666666666666,0.766598660310611
87000.0,0.8669911763390633,6,0.288,,0.7898070374222195,0.15707236842105265,1.0025541701036974e-09,monodisperse_a0.005_sr0.667_N1000_L12_T100000_seed5.npz,monodisperse,5,0.005,0.6666666666666666,0.766598660310611
88000.0,0.8772623212305503,6,0.288,0.4779184049788013,0.8562563438963485,0.15793780687397707,8.613156085448271e-10,monodisperse_a0.005_sr0.667_N1000_L12_T100000_seed5.npz,monodisperse,5,0.005,0.6666666666666666,0.766598660310611
89000.0,0.8728854714366634,6,0.288,,0.8082189373455677,0.1502890173410405,7.298050249054845e-10,monodisperse_a0.005_sr0.667_N1000_L12_T100000_seed5.npz,monodisperse,5,0.005,0.6666666666666666,0.766598660310611
90000.0,0.8722227419250953,6,0.288,,0.777165373480411,0.14144736842105265,8.515078223896355e-10,monodisperse_a0.005_sr0.667_N1000_L12_T100000_seed5.npz,monodisperse,5,0.005,0.6666666666666666,0.766598660310611
91000.0,0.8726711341067047,6,0.288,,0.7552538278570946,0.1612377850162866,1.0906009623549264e-09,monodisperse_a0.005_sr0.667_N1000_L12_T100000_seed5.npz,monodisperse,5,0.005,0.6666666666666666,0.766598660310611
92000.0,0.8731920065694315,6,0.288,0.4804511196339532,0.7792327756340911,0.14967105263157898,7.950919149343217e-10,monodisperse_a0.005_sr0.667_N1000_L12_T100000_seed5.npz,monodisperse,5,0.005,0.6666666666666666,0.766598660310611
93000.0,0.869165247964324,5,0.432,,0.7759887960115407,0.15905383360522019,1.4422997415519295e-09,monodisperse_a0.005_sr0.667_N1000_L12_T100000_seed5.npz,monodisperse,5,0.005,0.6666666666666666,0.766598660310611
94000.0,0.8743097670695131,5,0.432,,0.7733600419957727,0.15156507413509057,1.301623104354416e-09,monodisperse_a0.005_sr0.667_N1000_L12_T100000_seed5.npz,monodisperse,5,0.005,0.6666666666666666,0.766598660310611
95000.0,0.8713856876407993,5,0.43,,0.7761369177010801,0.1584564860426929,6.768376364354222e-10,monodisperse_a0.005_sr0.667_N1000_L12_T100000_seed5.npz,monodisperse,5,0.005,0.6666666666666666,0.766598660310611
96000.0,0.8663714334348223,5,0.432,0.482843900814909,0.7812557508322813,0.17156862745098034,8.778204718106267e-10,monodisperse_a0.005_sr0.667_N1000_L12_T100000_seed5.npz,monodisperse,5,0.005,0.6666666666666666,0.766598660310611
97000.0,0.8677762276785714,5,0.432,,0.8116183356867093,0.16570959803117313,1.0929523276984627e-09,monodisperse_a0.005_sr0.667_N1000_L12_T100000_seed5.npz,monodisperse,5,0.005,0.6666666666666666,0.766598660310611
98000.0,0.8682210797470974,5,0.432,,0.7615330198672344,0.16273393002441006,1.404646713953856e-09,monodisperse_a0.005_sr0.667_N1000_L12_T100000_seed5.npz,monodisperse,5,0.005,0.6666666666666666,0.766598660310611
99000.0,0.8646681718248469,5,0.432,,0.7608441007321425,0.14778325123152714,9.068082416299636e-10,monodisperse_a0.005_sr0.667_N1000_L12_T100000_seed5.npz,monodisperse,5,0.005,0.6666666666666666,0.766598660310611
100000.0,0.8628022418809075,5,0.432,0.47522846978569677,0.7515197490949288,0.1737012987012987,1.2056974737053375e-09,monodisperse_a0.005_sr0.667_N1000_L12_T100000_seed5.npz,monodisperse,5,0.005,0.6666666666666666,0.766598660310611
