t,Q,n_cl,lcf,nullQ,ARI,edge_jac,sigv2,file,case,seed,alpha,s_ratio,ari_floor
0.0,0.9878905834838984,199,0.026,0.8863117538172672,,,,bidisperse_a0.005_sr0.667_N1000_L12_T100000_seed1.npz,bidisperse,1,0.005,0.6666666666666666,0.6732230435525225
1000.0,0.9431131980605766,31,0.253,,0.17698166001204657,0.8403925619834711,4.082952199404156e-08,bidisperse_a0.005_sr0.667_N1000_L12_T100000_seed1.npz,bidisperse,1,0.005,0.6666666666666666,0.6732230435525225
2000.0,0.92833093088601,25,0.366,,0.5823356263183965,0.6479063484916704,4.287177878872287e-08,bidisperse_a0.005_sr0.667_N1000_L12_T100000_seed1.npz,bidisperse,1,0.005,0.6666666666666666,0.6732230435525225
3000.0,0.9213977339705066,17,0.513,,0.5877915112826633,0.6185745140388769,4.049060019926387e-08,bidisperse_a0.005_sr0.667_N1000_L12_T100000_seed1.npz,bidisperse,1,0.005,0.6666666666666666,0.6732230435525225
4000.0,0.9081274252535427,20,0.429,0.5915000228932489,0.6009721686729516,0.5876375952582558,3.359296057460483e-08,bidisperse_a0.005_sr0.667_N1000_L12_T100000_seed1.npz,bidisperse,1,0.005,0.6666666666666666,0.6732230435525225
5000.0,0.902948424704555,19,0.5,,0.5498118786751335,0.5712468193384224,3.3472383893339084e-08,bidisperse_a0.005_sr0.667_N1000_L12_T100000_seed1.npz,bidisperse,1,0.005,0.6666666666666666,0.6732230435525225
6000.0,0.9037238080209951,24,0.48,,0.537246599136128,0.5377077119727312,3.207232893085495e-08,bidisperse_a0.005_sr0.667_N1000_L12_T100000_seed1.npz,bidisperse,1,0.005,0.6666666666666666,0.6732230435525225
7000.0,0.8967913320928627,21,0.291,,0.5601228383864624,0.5360303413400759,3.426771008059662e-08,bidisperse_a0.005_sr0.667_N1000_L12_T100000_seed1.npz,bidisperse,1,0.005,0.6666666666666666,0.6732230435525225
8000.0,0.8892210651661182,28,0.48,0.5736616641545589,0.5077669828434418,0.548172757475083,3.2431402443946594e-08,bidisperse_a0.005_sr0.667_N1000_L12_T100000_seed1.npz,bidisperse,1,0.005,0.6666666666666666,0.6732230435525225
9000.0,0.8795511512200221,23,0.474,,0.5009536269767616,0.5164104694640632,3.0079893530509094e-08,bidisperse_a0.005_sr0.667_N1000_L12_T100000_seed1.npz,bidisperse,1,0.005,0.6666666666666666,0.6732230435525225
10000.0,0.8823841988369071,23,0.647,,0.5417699953668986,0.4736175601519629,3.038184408312742e-08,bidisperse_a0.005_sr0.667_N1000_L12_T100000_seed1.npz,bidisperse,1,0.005,0.6666666666666666,0.6732230435525225
11000.0,0.8785581575949072,19,0.548,,0.6083499421060271,0.45936842105263154,3.630787265986515e-08,bidisperse_a0.005_sr0.667_N1000_L12_T100000_seed1.npz,bidisperse,1,0.005,0.6666666666666666,0.6732230435525225
12000.0,0.8808044736655564,21,0.557,0.555828383737926,0.5930956684572755,0.4599244649601343,2.9528621721074513e-08,bidisperse_a0.005_sr0.667_N1000_L12_T100000_seed1.npz,bidisperse,1,0.005,0.6666666666666666,0.6732230435525225
13000.0,0.8847330466720416,28,0.56,,0.5600587724102831,0.4404965753424658,3.690494432398065e-08,bidisperse_a0.005_sr0.667_N1000_L12_T100000_seed1.npz,bidisperse,1,0.005,0.6666666666666666,0.6732230435525225
14000.0,0.8804783856935599,22,0.612,,0.5446390870237371,0.4580152671755725,2.971138045438005e-08,bidisperse_a0.005_sr0.667_N1000_L12_T100000_seed1.npz,bidisperse,1,0.005,0.6666666666666666,0.6732230435525225
15000.0,0.8817706523696759,24,0.573,,0.5551756886935928,0.4466983167889512,4.0300080081425664e-08,bidisperse_a0.005_sr0.667_N1000_L12_T100000_seed1.npz,bidisperse,1,0.005,0.6666666666666666,0.6732230435525225
16000.0,0.8758797273430372,28,0.579,0.558360853103554,0.533117295340951,0.44015444015444016,3.5357531590122975e-08,bidisperse_a0.005_sr0.667_N1000_L12_T100000_seed1.npz,bidisperse,1,0.005,0.6666666666666666,0.6732230435525225
17000.0,0.8796620667115642,30,0.606,,0.5584150086395903,0.4504273504273504,3.300957026882324e-08,bidisperse_a0.005_sr0.667_N1000_L12_T100000_seed1.npz,bidisperse,1,0.005,0.6666666666666666,0.6732230435525225
18000.0,0.875960262195389,18,0.606,,0.6517178030768528,0.4578364565587735,3.344217579034622e-08,bidisperse_a0.005_sr0.667_N1000_L12_T100000_seed1.npz,bidisperse,1,0.005,0.6666666666666666,0.6732230435525225
19000.0,0.872844003849767,18,0.821,,0.5232433676484755,0.4575,3.769950074357298e-08,bidisperse_a0.005_sr0.667_N1000_L12_T100000_seed1.npz,bidisperse,1,0.005,0.6666666666666666,0.6732230435525225
20000.0,0.872573811609022,26,0.816,0.5445336154811415,0.5083514925392885,0.4239864864864865,3.237569304914802e-08,bidisperse_a0.005_sr0.667_N1000_L12_T100000_seed1.npz,bidisperse,1,0.005,0.6666666666666666,0.6732230435525225
21000.0,0.8626860502672463,21,0.848,,0.5092438562925049,0.4316939890710383,2.9043208035582776e-08,bidisperse_a0.005_sr0.667_N1000_L12_T100000_seed1.npz,bidisperse,1,0.005,0.6666666666666666,0.6732230435525225
22000.0,0.8612532047015384,26,0.838,,0.5328802915843424,0.3972602739726028,2.8175643806447915e-08,bidisperse_a0.005_sr0.667_N1000_L12_T100000_seed1.npz,bidisperse,1,0.005,0.6666666666666666,0.6732230435525225
23000.0,0.8579471744165983,27,0.818,,0.48344084147808847,0.4084388185654009,3.1648290015833256e-08,bidisperse_a0.005_sr0.667_N1000_L12_T100000_seed1.npz,bidisperse,1,0.005,0.6666666666666666,0.6732230435525225
24000.0,0.8599041379056972,18,0.834,0.5322324113254466,0.4522178730899692,0.3970588235294118,3.915528522342095e-08,bidisperse_a0.005_sr0.667_N1000_L12_T100000_seed1.npz,bidisperse,1,0.005,0.6666666666666666,0.6732230435525225
25000.0,0.8623661171123128,18,0.834,,0.49670258099153064,0.39890939597315433,4.229524133700996e-08,bidisperse_a0.005_sr0.667_N1000_L12_T100000_seed1.npz,bidisperse,1,0.005,0.6666666666666666,0.6732230435525225
26000.0,0.8576896468279442,17,0.876,,0.44416605212177085,0.40685045948203846,4.4786103316555414e-08,bidisperse_a0.005_sr0.667_N1000_L12_T100000_seed1.npz,bidisperse,1,0.005,0.6666666666666666,0.6732230435525225
27000.0,0.857000650887097,20,0.833,,0.49483551421071004,0.4044389642416769,3.820572412429873e-08,bidisperse_a0.005_sr0.667_N1000_L12_T100000_seed1.npz,bidisperse,1,0.005,0.6666666666666666,0.6732230435525225
28000.0,0.8572815541939501,19,0.872,0.5321354782489414,0.42627948922850006,0.4083812654067379,3.718270627270995e-08,bidisperse_a0.005_sr0.667_N1000_L12_T100000_seed1.npz,bidisperse,1,0.005,0.6666666666666666,0.6732230435525225
29000.0,0.8533645615009722,20,0.869,,0.491275011167215,0.3951480263157895,2.98094606555855e-08,bidisperse_a0.005_sr0.667_N1000_L12_T100000_seed1.npz,bidisperse,1,0.005,0.6666666666666666,0.6732230435525225
30000.0,0.8574143586005831,18,0.874,,0.5109406177626002,0.36167565325591045,3.203192193442388e-08,bidisperse_a0.005_sr0.667_N1000_L12_T100000_seed1.npz,bidisperse,1,0.005,0.6666666666666666,0.6732230435525225
31000.0,0.8494767088302922,25,0.883,,0.42821274292615136,0.37920997920997923,2.949821804671949e-08,bidisperse_a0.005_sr0.667_N1000_L12_T100000_seed1.npz,bidisperse,1,0.005,0.6666666666666666,0.6732230435525225
32000.0,0.8516085025653828,19,0.858,0.5307902882038302,0.5029056607953416,0.3985086992543496,3.428183859505701e-08,bidisperse_a0.005_sr0.667_N1000_L12_T100000_seed1.npz,bidisperse,1,0.005,0.6666666666666666,0.6732230435525225
33000.0,0.8575822285870724,21,0.863,,0.5309222321284393,0.3783333333333333,3.420018657597816e-08,bidisperse_a0.005_sr0.667_N1000_L12_T100000_seed1.npz,bidisperse,1,0.005,0.6666666666666666,0.6732230435525225
34000.0,0.8569445477734084,23,0.836,,0.43520049709049885,0.38477451386015726,3.023842678902438e-08,bidisperse_a0.005_sr0.667_N1000_L12_T100000_seed1.npz,bidisperse,1,0.005,0.6666666666666666,0.6732230435525225
35000.0,0.8547198387155379,19,0.845,,0.5471483704824373,0.40613344384583505,3.141489963506762e-08,bidisperse_a0.005_sr0.667_N1000_L12_T100000_seed1.npz,bidisperse,1,0.005,0.6666666666666666,0.6732230435525225
36000.0,0.8547856331693479,20,0.848,0.5362685942437518,0.4306704963501653,0.39509306260575294,3.712818888307726e-08,bidisperse_a0.005_sr0.667_N1000_L12_T100000_seed1.npz,bidisperse,1,0.005,0.6666666666666666,0.6732230435525225
37000.0,0.8586095255511486,23,0.835,,0.49312514439243804,0.38099315068493156,3.2834620736036156e-08,bidisperse_a0.005_sr0.667_N1000_L12_T100000_seed1.npz,bidisperse,1,0.005,0.6666666666666666,0.6732230435525225
38000.0,0.8564875310585508,26,0.866,,0.4290251469603521,0.39740910990388634,3.359488004984607e-08,bidisperse_a0.005_sr0.667_N1000_L12_T100000_seed1.npz,bidisperse,1,0.005,0.6666666666666666,0.6732230435525225
39000.0,0.8569753717573106,26,0.849,,0.535384951583692,0.3835333057509309,3.764716335895959e-08,bidisperse_a0.005_sr0.667_N1000_L12_T100000_seed1.npz,bidisperse,1,0.005,0.6666666666666666,0.6732230435525225
40000.0,0.8511579874262701,24,0.86,0.520292092103758,0.509264810697051,0.36616791354945966,3.689771607426337e-08,bidisperse_a0.005_sr0.667_N1000_L12_T100000_seed1.npz,bidisperse,1,0.005,0.6666666666666666,0.6732230435525225
41000.0,0.8502058998650195,24,0.827,,0.4851563880767268,0.3360169491525423,3.715929793656103e-08,bidisperse_a0.005_sr0.667_N1000_L12_T100000_seed1.npz,bidisperse,1,0.005,0.6666666666666666,0.6732230435525225
42000.0,0.8501741191362897,28,0.848,,0.4506139856710434,0.36980033277870217,3.5896063117187646e-08,bidisperse_a0.005_sr0.667_N1000_L12_T100000_seed1.npz,bidisperse,1,0.005,0.6666666666666666,0.6732230435525225
43000.0,0.8441894712658428,21,0.848,,0.5092796917665332,0.3694929343308395,3.7102913825646596e-08,bidisperse_a0.005_sr0.667_N1000_L12_T100000_seed1.npz,bidisperse,1,0.005,0.6666666666666666,0.6732230435525225
44000.0,0.846879304247772,19,0.863,0.5236238561291056,0.4097808091404492,0.3555093555093555,3.081510050185938e-08,bidisperse_a0.005_sr0.667_N1000_L12_T100000_seed1.npz,bidisperse,1,0.005,0.6666666666666666,0.6732230435525225
45000.0,0.8469732680338741,17,0.87,,0.45554121855932134,0.3726937269372693,2.8952770521362183e-08,bidisperse_a0.005_sr0.667_N1000_L12_T100000_seed1.npz,bidisperse,1,0.005,0.6666666666666666,0.6732230435525225
46000.0,0.84809524293447,20,0.851,,0.45785183546989755,0.371641174038859,3.098694033652485e-08,bidisperse_a0.005_sr0.667_N1000_L12_T100000_seed1.npz,bidisperse,1,0.005,0.6666666666666666,0.6732230435525225
47000.0,0.8504666427974699,23,0.833,,0.5617005318959702,0.36341059602649006,3.271911265942622e-08,bidisperse_a0.005_sr0.667_N1000_L12_T100000_seed1.npz,bidisperse,1,0.005,0.6666666666666666,0.6732230435525225
48000.0,0.8529634792039106,20,0.842,0.5208027962188135,0.4686110820738906,0.3516528925619835,3.876897474061483e-08,bidisperse_a0.005_sr0.667_N1000_L12_T100000_seed1.npz,bidisperse,1,0.005,0.6666666666666666,0.6732230435525225
49000.0,0.8524670661371451,13,0.862,,0.5060737133964176,0.35602310231023104,3.4449869837176404e-08,bidisperse_a0.005_sr0.667_N1000_L12_T100000_seed1.npz,bidisperse,1,0.005,0.6666666666666666,0.6732230435525225
50000.0,0.8483239336867171,19,0.864,,0.4559325337159929,0.3444121312837557,3.469632715640587e-08,bidisperse_a0.005_sr0.667_N1000_L12_T100000_seed1.npz,bidisperse,1,0.005,0.6666666666666666,0.6732230435525225
51000.0,0.847739450889373,16,0.871,,0.4323174451427024,0.37433592153657536,3.135146969278917e-08,bidisperse_a0.005_sr0.667_N1000_L12_T100000_seed1.npz,bidisperse,1,0.005,0.6666666666666666,0.6732230435525225
52000.0,0.8490905678600937,20,0.871,0.5248093413276592,0.463223900342382,0.3701725554642563,2.9947229018006134e-08,bidisperse_a0.005_sr0.667_N1000_L12_T100000_seed1.npz,bidisperse,1,0.005,0.6666666666666666,0.6732230435525225
53000.0,0.8494489680228813,22,0.883,,0.4359238249875378,0.3494780793319415,2.928031650016733e-08,bidisperse_a0.005_sr0.667_N1000_L12_T100000_seed1.npz,bidisperse,1,0.005,0.6666666666666666,0.6732230435525225
54000.0,0.8448862117417318,22,0.857,,0.46752742516392287,0.3552686380674719,3.189783952443365e-08,bidisperse_a0.005_sr0.667_N1000_L12_T100000_seed1.npz,bidisperse,1,0.005,0.6666666666666666,0.6732230435525225
55000.0,0.8564904015662785,19,0.881,,0.4959783171326254,0.35227747597158376,3.612530529887396e-08,bidisperse_a0.005_sr0.667_N1000_L12_T100000_seed1.npz,bidisperse,1,0.005,0.6666666666666666,0.6732230435525225
56000.0,0.8461434237851461,20,0.895,0.515685859118734,0.4791768905458621,0.36397209684037757,2.6660909616530464e-08,bidisperse_a0.005_sr0.667_N1000_L12_T100000_seed1.npz,bidisperse,1,0.005,0.6666666666666666,0.6732230435525225
57000.0,0.8468425449588884,18,0.891,,0.5590188912043463,0.36200570729718706,2.1752143275253955e-08,bidisperse_a0.005_sr0.667_N1000_L12_T100000_seed1.npz,bidisperse,1,0.005,0.6666666666666666,0.6732230435525225
58000.0,0.853976125,22,0.865,,0.4975146988009698,0.35664335664335667,2.5160849498735012e-08,bidisperse_a0.005_sr0.667_N1000_L12_T100000_seed1.npz,bidisperse,1,0.005,0.6666666666666666,0.6732230435525225
59000.0,0.8494816080423095,18,0.866,,0.512055487811005,0.3572903758777365,2.55416422373949e-08,bidisperse_a0.005_sr0.667_N1000_L12_T100000_seed1.npz,bidisperse,1,0.005,0.6666666666666666,0.6732230435525225
60000.0,0.8511607944372824,19,0.866,0.5290643325298988,0.45250545488844207,0.3898235535494461,2.9092400804147446e-08,bidisperse_a0.005_sr0.667_N1000_L12_T100000_seed1.npz,bidisperse,1,0.005,0.6666666666666666,0.6732230435525225
61000.0,0.8442643074828595,20,0.896,,0.47661524581396214,0.3824733824733825,2.9584508668567488e-08,bidisperse_a0.005_sr0.667_N1000_L12_T100000_seed1.npz,bidisperse,1,0.005,0.6666666666666666,0.6732230435525225
62000.0,0.8480882104891145,23,0.883,,0.5120898092964481,0.34272689598010775,2.518979573129806e-08,bidisperse_a0.005_sr0.667_N1000_L12_T100000_seed1.npz,bidisperse,1,0.005,0.6666666666666666,0.6732230435525225
63000.0,0.8453922340707247,15,0.89,,0.4875273729201371,0.35602953240360946,3.2664158840110793e-08,bidisperse_a0.005_sr0.667_N1000_L12_T100000_seed1.npz,bidisperse,1,0.005,0.6666666666666666,0.6732230435525225
64000.0,0.8470982123500495,21,0.886,0.5174967582001782,0.5067816384836704,0.35137351373513737,2.742154190492279e-08,bidisperse_a0.005_sr0.667_N1000_L12_T100000_seed1.npz,bidisperse,1,0.005,0.6666666666666666,0.6732230435525225
65000.0,0.852698265307457,15,0.909,,0.4909296053875965,0.3594262295081967,3.0345195503464635e-08,bidisperse_a0.005_sr0.667_N1000_L12_T100000_seed1.npz,bidisperse,1,0.005,0.6666666666666666,0.6732230435525225
66000.0,0.8522770071070565,14,0.915,,0.5213040649118316,0.34704904405652537,3.2790695174803385e-08,bidisperse_a0.005_sr0.667_N1000_L12_T100000_seed1.npz,bidisperse,1,0.005,0.6666666666666666,0.6732230435525225
67000.0,0.8542611303736343,18,0.896,,0.4717558487952777,0.3505197505197505,3.377735625110497e-08,bidisperse_a0.005_sr0.667_N1000_L12_T100000_seed1.npz,bidisperse,1,0.005,0.6666666666666666,0.6732230435525225
68000.0,0.8498377002591428,19,0.874,0.5149080839899709,0.49563836381157533,0.36609336609336607,3.391514148533208e-08,bidisperse_a0.005_sr0.667_N1000_L12_T100000_seed1.npz,bidisperse,1,0.005,0.6666666666666666,0.6732230435525225
69000.0,0.849667151192891,21,0.89,,0.5080840547338601,0.3611903791275989,4.0250844824812604e-08,bidisperse_a0.005_sr0.667_N1000_L12_T100000_seed1.npz,bidisperse,1,0.005,0.6666666666666666,0.6732230435525225
70000.0,0.855176931989692,21,0.894,,0.4766949438479198,0.35664335664335667,3.426535517736725e-08,bidisperse_a0.005_sr0.667_N1000_L12_T100000_seed1.npz,bidisperse,1,0.005,0.6666666666666666,0.6732230435525225
71000.0,0.8481144122935464,26,0.842,,0.50462392681487,0.3465885307660109,2.8668053590437633e-08,bidisperse_a0.005_sr0.667_N1000_L12_T100000_seed1.npz,bidisperse,1,0.005,0.6666666666666666,0.6732230435525225
72000.0,0.8487196473663061,26,0.86,0.5281614537213307,0.4132183982291261,0.3472750316856781,4.0543439938767786e-08,bidisperse_a0.005_sr0.667_N1000_L12_T100000_seed1.npz,bidisperse,1,0.005,0.6666666666666666,0.6732230435525225
73000.0,0.8542437863038967,25,0.821,,0.4964927972478683,0.3617200674536256,3.513354677476172e-08,bidisperse_a0.005_sr0.667_N1000_L12_T100000_seed1.npz,bidisperse,1,0.005,0.6666666666666666,0.6732230435525225
74000.0,0.8542263294477291,24,0.8,,0.49077245041340084,0.37029288702928875,3.935999737978247e-08,bidisperse_a0.005_sr0.667_N1000_L12_T100000_seed1.npz,bidisperse,1,0.005,0.6666666666666666,0.6732230435525225
75000.0,0.8568281854762331,26,0.812,,0.4274672457608206,0.35959339263024137,3.573690743116955e-08,bidisperse_a0.005_sr0.667_N1000_L12_T100000_seed1.npz,bidisperse,1,0.005,0.6666666666666666,0.6732230435525225
76000.0,0.8506714010864644,25,0.802,0.5419451674966047,0.47040659989921657,0.39755480607082627,4.043304184681524e-08,bidisperse_a0.005_sr0.667_N1000_L12_T100000_seed1.npz,bidisperse,1,0.005,0.6666666666666666,0.6732230435525225
77000.0,0.8566947514219818,23,0.838,,0.4580176116800557,0.3936214855224507,3.96856918168131e-08,bidisperse_a0.005_sr0.667_N1000_L12_T100000_seed1.npz,bidisperse,1,0.005,0.6666666666666666,0.6732230435525225
78000.0,0.8617493853856549,18,0.852,,0.4900113973643961,0.4160881992650062,4.277334680941431e-08,bidisperse_a0.005_sr0.667_N1000_L12_T100000_seed1.npz,bidisperse,1,0.005,0.6666666666666666,0.6732230435525225
79000.0,0.8511365784928294,16,0.856,,0.507669132750925,0.39967239967239965,3.9973756000449516e-08,bidisperse_a0.005_sr0.667_N1000_L12_T100000_seed1.npz,bidisperse,1,0.005,0.6666666666666666,0.6732230435525225
80000.0,0.8534041028060108,18,0.85,0.5171266431389181,0.48203098685268964,0.3728675873273761,3.9946829861149104e-08,bidisperse_a0.005_sr0.667_N1000_L12_T100000_seed1.npz,bidisperse,1,0.005,0.6666666666666666,0.6732230435525225
81000.0,0.8520281235660239,18,0.839,,0.500748340341276,0.3542857142857143,3.7988276172907685e-08,bidisperse_a0.005_sr0.667_N1000_L12_T100000_seed1.npz,bidisperse,1,0.005,0.6666666666666666,0.6732230435525225
82000.0,0.8517154496331742,19,0.854,,0.49149654754303435,0.35352286773794805,3.040320331643032e-08,bidisperse_a0.005_sr0.667_N1000_L12_T100000_seed1.npz,bidisperse,1,0.005,0.6666666666666666,0.6732230435525225
83000.0,0.8546036726419949,21,0.853,,0.4803063640729993,0.35776397515527947,2.520214675541615e-08,bidisperse_a0.005_sr0.667_N1000_L12_T100000_seed1.npz,bidisperse,1,0.005,0.6666666666666666,0.6732230435525225
84000.0,0.8502586127563905,27,0.825,0.519855271139057,0.49700597854125944,0.3581472291149711,2.8841797327266316e-08,bidisperse_a0.005_sr0.667_N1000_L12_T100000_seed1.npz,bidisperse,1,0.005,0.6666666666666666,0.6732230435525225
85000.0,0.8563287069434024,26,0.823,,0.5076803381363715,0.32516891891891897,3.737575510533398e-08,bidisperse_a0.005_sr0.667_N1000_L12_T100000_seed1.npz,bidisperse,1,0.005,0.6666666666666666,0.6732230435525225
86000.0,0.8499157851432875,21,0.826,,0.6347924023672321,0.3403716216216216,3.561544898988381e-08,bidisperse_a0.005_sr0.667_N1000_L12_T100000_seed1.npz,bidisperse,1,0.005,0.6666666666666666,0.6732230435525225
87000.0,0.8532046957190405,20,0.841,,0.5737880619765531,0.3788819875776398,3.6357176271457796e-08,bidisperse_a0.005_sr0.667_N1000_L12_T100000_seed1.npz,bidisperse,1,0.005,0.6666666666666666,0.6732230435525225
88000.0,0.8485743509064927,20,0.841,0.5313307959286743,0.5071197641187756,0.3878737541528239,3.457653611489261e-08,bidisperse_a0.005_sr0.667_N1000_L12_T100000_seed1.npz,bidisperse,1,0.005,0.6666666666666666,0.6732230435525225
89000.0,0.8535557876388233,29,0.814,,0.5214202269001179,0.3687735454164922,3.274939707775564e-08,bidisperse_a0.005_sr0.667_N1000_L12_T100000_seed1.npz,bidisperse,1,0.005,0.6666666666666666,0.6732230435525225
90000.0,0.8504817245747757,23,0.817,,0.5240571555167157,0.3510548523206751,3.730547549720255e-08,bidisperse_a0.005_sr0.667_N1000_L12_T100000_seed1.npz,bidisperse,1,0.005,0.6666666666666666,0.6732230435525225
91000.0,0.8500356226544238,19,0.816,,0.4813182128179896,0.37515683814303635,4.199576913056797e-08,bidisperse_a0.005_sr0.667_N1000_L12_T100000_seed1.npz,bidisperse,1,0.005,0.6666666666666666,0.6732230435525225
92000.0,0.8538583752155845,19,0.849,0.5249223304651338,0.4477890734086015,0.3907666941467436,3.2926996027863314e-08,bidisperse_a0.005_sr0.667_N1000_L12_T100000_seed1.npz,bidisperse,1,0.005,0.6666666666666666,0.6732230435525225
93000.0,0.847918424684326,30,0.789,,0.48145847305263895,0.40247933884297515,3.5144011199355193e-08,bidisperse_a0.005_sr0.667_N1000_L12_T100000_seed1.npz,bidisperse,1,0.005,0.6666666666666666,0.6732230435525225
94000.0,0.8502939483727526,23,0.849,,0.4667419858149862,0.36961160904822876,4.507953778944345e-08,bidisperse_a0.005_sr0.667_N1000_L12_T100000_seed1.npz,bidisperse,1,0.005,0.6666666666666666,0.6732230435525225
95000.0,0.8594762443047828,18,0.887,,0.4947998378882675,0.3824267782426778,4.319647703830023e-08,bidisperse_a0.005_sr0.667_N1000_L12_T100000_seed1.npz,bidisperse,1,0.005,0.6666666666666666,0.6732230435525225
96000.0,0.85685280632154,23,0.872,0.5253250804825703,0.47862336408647155,0.38804748260335653,4.374146573884806e-08,bidisperse_a0.005_sr0.667_N1000_L12_T100000_seed1.npz,bidisperse,1,0.005,0.6666666666666666,0.6732230435525225
97000.0,0.85190519575177,23,0.871,,0.5647748942063135,0.37895602137279083,3.7522539658835984e-08,bidisperse_a0.005_sr0.667_N1000_L12_T100000_seed1.npz,bidisperse,1,0.005,0.6666666666666666,0.6732230435525225
98000.0,0.8547147504259726,27,0.854,,0.5181626395939956,0.38680033416875526,3.261936580250294e-08,bidisperse_a0.005_sr0.667_N1000_L12_T100000_seed1.npz,bidisperse,1,0.005,0.6666666666666666,0.6732230435525225
99000.0,0.8543300567079154,25,0.861,,0.5575874029680306,0.38292476754015214,4.52034527457243e-08,bidisperse_a0.005_sr0.667_N1000_L12_T100000_seed1.npz,bidisperse,1,0.005,0.6666666666666666,0.6732230435525225
100000.0,0.8530188260631639,22,0.855,0.5391206300899168,0.4779878001188953,0.41407867494824013,3.394749566222287e-08,bidisperse_a0.005_sr0.667_N1000_L12_T100000_seed1.npz,bidisperse,1,0.005,0.6666666666666666,0.6732230435525225
0.0,0.9870901187829257,202,0.025,0.8823109811331674,,,,bidisperse_a0.005_sr0.667_N1000_L12_T100000_seed2.npz,bidisperse,2,0.005,0.6666666666666666,0.7564909570874463
1000.0,0.9355446781734792,23,0.309,,0.15224787964346498,0.8402246043899949,4.480483789863206e-08,bidisperse_a0.005_sr0.667_N1000_L12_T100000_seed2.npz,bidisperse,2,0.005,0.6666666666666666,0.7564909570874463
2000.0,0.92881484375,22,0.283,,0.5418402239149396,0.6749358426005132,3.553743300847495e-08,bidisperse_a0.005_sr0.667_N1000_L12_T100000_seed2.npz,bidisperse,2,0.005,0.6666666666666666,0.7564909570874463
3000.0,0.925060508951396,18,0.377,,0.5971296904753756,0.6132359260850881,3.2411446534561416e-08,bidisperse_a0.005_sr0.667_N1000_L12_T100000_seed2.npz,bidisperse,2,0.005,0.6666666666666666,0.7564909570874463
4000.0,0.9144860678384058,21,0.378,0.5893426222609359,0.5438051511064925,0.5801199657240788,3.384909333415835e-08,bidisperse_a0.005_sr0.667_N1000_L12_T100000_seed2.npz,bidisperse,2,0.005,0.6666666666666666,0.7564909570874463
5000.0,0.8986860633799341,18,0.804,,0.4971105106095008,0.5650887573964497,3.943202564268945e-08,bidisperse_a0.005_sr0.667_N1000_L12_T100000_seed2.npz,bidisperse,2,0.005,0.6666666666666666,0.7564909570874463
6000.0,0.9018929137076585,18,0.618,,0.5639894593579569,0.5532456512515911,4.268050083819697e-08,bidisperse_a0.005_sr0.667_N1000_L12_T100000_seed2.npz,bidisperse,2,0.005,0.6666666666666666,0.7564909570874463
7000.0,0.8971344302561803,20,0.592,,0.5679625849648402,0.5687421646468868,3.5317303113963186e-08,bidisperse_a0.005_sr0.667_N1000_L12_T100000_seed2.npz,bidisperse,2,0.005,0.6666666666666666,0.7564909570874463
8000.0,0.8911209517809932,20,0.783,0.5640149044399582,0.5493327769332327,0.5288461538461539,2.7364037208607692e-08,bidisperse_a0.005_sr0.667_N1000_L12_T100000_seed2.npz,bidisperse,2,0.005,0.6666666666666666,0.7564909570874463
9000.0,0.8868821095030872,21,0.675,,0.5320537539151393,0.4989429175475687,3.913458499725458e-08,bidisperse_a0.005_sr0.667_N1000_L12_T100000_seed2.npz,bidisperse,2,0.005,0.6666666666666666,0.7564909570874463
10000.0,0.8869307852543871,22,0.8,,0.591112817493438,0.5157496850062999,3.059137184141213e-08,bidisperse_a0.005_sr0.667_N1000_L12_T100000_seed2.npz,bidisperse,2,0.005,0.6666666666666666,0.7564909570874463
11000.0,0.887789608931947,16,0.833,,0.5538567976818195,0.49605317823016204,3.003849004190601e-08,bidisperse_a0.005_sr0.667_N1000_L12_T100000_seed2.npz,bidisperse,2,0.005,0.6666666666666666,0.7564909570874463
12000.0,0.8855614606275336,27,0.82,0.5673289391086002,0.5596128907184058,0.4863731656184487,3.2126821265166714e-08,bidisperse_a0.005_sr0.667_N1000_L12_T100000_seed2.npz,bidisperse,2,0.005,0.6666666666666666,0.7564909570874463
13000.0,0.8852943141619474,16,0.875,,0.5130111426280608,0.5083612040133779,3.469629081030073e-08,bidisperse_a0.005_sr0.667_N1000_L12_T100000_seed2.npz,bidisperse,2,0.005,0.6666666666666666,0.7564909570874463
14000.0,0.8743964375312311,15,0.914,,0.5281811293136992,0.4997956681651001,3.1702475468537834e-08,bidisperse_a0.005_sr0.667_N1000_L12_T100000_seed2.npz,bidisperse,2,0.005,0.6666666666666666,0.7564909570874463
15000.0,0.8766990713266217,24,0.823,,0.4922309558693696,0.47493837304847986,2.5784167768873036e-08,bidisperse_a0.005_sr0.667_N1000_L12_T100000_seed2.npz,bidisperse,2,0.005,0.6666666666666666,0.7564909570874463
16000.0,0.8747645417302291,20,0.824,0.5394487357932076,0.5092526439261225,0.45105328376703846,2.7821237058481558e-08,bidisperse_a0.005_sr0.667_N1000_L12_T100000_seed2.npz,bidisperse,2,0.005,0.6666666666666666,0.7564909570874463
17000.0,0.8668639956999384,21,0.831,,0.5356716576684876,0.4006734006734006,2.7875552484357292e-08,bidisperse_a0.005_sr0.667_N1000_L12_T100000_seed2.npz,bidisperse,2,0.005,0.6666666666666666,0.7564909570874463
18000.0,0.8639703123896618,21,0.844,,0.4668154615616404,0.40227464195450713,2.900209054776086e-08,bidisperse_a0.005_sr0.667_N1000_L12_T100000_seed2.npz,bidisperse,2,0.005,0.6666666666666666,0.7564909570874463
19000.0,0.8599900703899658,27,0.844,,0.47665145751976357,0.4237995824634656,2.9447193870445935e-08,bidisperse_a0.005_sr0.667_N1000_L12_T100000_seed2.npz,bidisperse,2,0.005,0.6666666666666666,0.7564909570874463
20000.0,0.8633862004925602,25,0.851,0.5441648061568535,0.5155670344977958,0.4142435735356089,3.115750068308234e-08,bidisperse_a0.005_sr0.667_N1000_L12_T100000_seed2.npz,bidisperse,2,0.005,0.6666666666666666,0.7564909570874463
21000.0,0.8669542721701932,21,0.859,,0.5215374205349335,0.4288107202680067,3.277857612434908e-08,bidisperse_a0.005_sr0.667_N1000_L12_T100000_seed2.npz,bidisperse,2,0.005,0.6666666666666666,0.7564909570874463
22000.0,0.8679200494715383,15,0.871,,0.47173373810919883,0.44202595228128927,2.9638358135731814e-08,bidisperse_a0.005_sr0.667_N1000_L12_T100000_seed2.npz,bidisperse,2,0.005,0.6666666666666666,0.7564909570874463
23000.0,0.8670888633954192,21,0.88,,0.4645816204347885,0.41934121621621623,3.881277518717283e-08,bidisperse_a0.005_sr0.667_N1000_L12_T100000_seed2.npz,bidisperse,2,0.005,0.6666666666666666,0.7564909570874463
24000.0,0.8610824707902742,18,0.868,0.5314741932794886,0.5263627813715946,0.4128708733806937,2.944788574222085e-08,bidisperse_a0.005_sr0.667_N1000_L12_T100000_seed2.npz,bidisperse,2,0.005,0.6666666666666666,0.7564909570874463
25000.0,0.8608431160234077,26,0.861,,0.47064278524016556,0.38054607508532423,3.213328533961368e-08,bidisperse_a0.005_sr0.667_N1000_L12_T100000_seed2.npz,bidisperse,2,0.005,0.6666666666666666,0.7564909570874463
26000.0,0.8663567065396747,21,0.856,,0.46513831399281796,0.41306191687871074,3.590148786363726e-08,bidisperse_a0.005_sr0.667_N1000_L12_T100000_seed2.npz,bidisperse,2,0.005,0.6666666666666666,0.7564909570874463
27000.0,0.8658087679516251,19,0.861,,0.47929693418367014,0.4250944187998321,3.3791199223866886e-08,bidisperse_a0.005_sr0.667_N1000_L12_T100000_seed2.npz,bidisperse,2,0.005,0.6666666666666666,0.7564909570874463
28000.0,0.8626158282242938,18,0.889,0.5448561537097693,0.46572838551560386,0.4399504746182419,3.493896989679925e-08,bidisperse_a0.005_sr0.667_N1000_L12_T100000_seed2.npz,bidisperse,2,0.005,0.6666666666666666,0.7564909570874463
29000.0,0.8577466830012996,18,0.916,,0.5681831845404921,0.44453574363188164,2.7453601627693353e-08,bidisperse_a0.005_sr0.667_N1000_L12_T100000_seed2.npz,bidisperse,2,0.005,0.6666666666666666,0.7564909570874463
30000.0,0.8598560670722363,22,0.874,,0.5420692297983739,0.4379111842105263,3.349377390402862e-08,bidisperse_a0.005_sr0.667_N1000_L12_T100000_seed2.npz,bidisperse,2,0.005,0.6666666666666666,0.7564909570874463
31000.0,0.8662050750134047,21,0.896,,0.48648542858734395,0.43985117817279873,4.3666458392797675e-08,bidisperse_a0.005_sr0.667_N1000_L12_T100000_seed2.npz,bidisperse,2,0.005,0.6666666666666666,0.7564909570874463
32000.0,0.8637947308572952,24,0.851,0.5483560807604575,0.46969839511928946,0.42695688572624524,3.136182428930355e-08,bidisperse_a0.005_sr0.667_N1000_L12_T100000_seed2.npz,bidisperse,2,0.005,0.6666666666666666,0.7564909570874463
33000.0,0.8582434316657336,29,0.845,,0.5048908701993138,0.4291701592623638,3.927450534978725e-08,bidisperse_a0.005_sr0.667_N1000_L12_T100000_seed2.npz,bidisperse,2,0.005,0.6666666666666666,0.7564909570874463
34000.0,0.8613820376453699,24,0.829,,0.44563512797372934,0.4348191757779647,4.023812904382177e-08,bidisperse_a0.005_sr0.667_N1000_L12_T100000_seed2.npz,bidisperse,2,0.005,0.6666666666666666,0.7564909570874463
35000.0,0.8579160453488882,38,0.796,,0.4877934887847402,0.43568994889267465,4.113514434806187e-08,bidisperse_a0.005_sr0.667_N1000_L12_T100000_seed2.npz,bidisperse,2,0.005,0.6666666666666666,0.7564909570874463
36000.0,0.8572882088945246,37,0.775,0.5493555422526509,0.4241665324462728,0.4251082251082251,5.2324174147474294e-08,bidisperse_a0.005_sr0.667_N1000_L12_T100000_seed2.npz,bidisperse,2,0.005,0.6666666666666666,0.7564909570874463
37000.0,0.8600487422344851,21,0.838,,0.4796116497199053,0.41731266149870805,5.0172121138177785e-08,bidisperse_a0.005_sr0.667_N1000_L12_T100000_seed2.npz,bidisperse,2,0.005,0.6666666666666666,0.7564909570874463
38000.0,0.8552947778827977,30,0.763,,0.4446547717677151,0.4187741105872268,4.703588203940783e-08,bidisperse_a0.005_sr0.667_N1000_L12_T100000_seed2.npz,bidisperse,2,0.005,0.6666666666666666,0.7564909570874463
39000.0,0.8591973554127533,28,0.78,,0.49930823320386836,0.39657387580299786,4.413072460489062e-08,bidisperse_a0.005_sr0.667_N1000_L12_T100000_seed2.npz,bidisperse,2,0.005,0.6666666666666666,0.7564909570874463
40000.0,0.8598231493186852,29,0.755,0.5441718948491462,0.5081919995405577,0.40429112326461925,4.751869671829042e-08,bidisperse_a0.005_sr0.667_N1000_L12_T100000_seed2.npz,bidisperse,2,0.005,0.6666666666666666,0.7564909570874463
41000.0,0.8552605844203957,21,0.784,,0.5623080708146989,0.3951919021509911,4.4457410502101005e-08,bidisperse_a0.005_sr0.667_N1000_L12_T100000_seed2.npz,bidisperse,2,0.005,0.6666666666666666,0.7564909570874463
42000.0,0.8564764047350931,32,0.776,,0.49213520344150585,0.38165680473372776,4.9697914349276496e-08,bidisperse_a0.005_sr0.667_N1000_L12_T100000_seed2.npz,bidisperse,2,0.005,0.6666666666666666,0.7564909570874463
43000.0,0.8627267846116674,30,0.776,,0.4724618661418555,0.3716101694915255,4.392954327808786e-08,bidisperse_a0.005_sr0.667_N1000_L12_T100000_seed2.npz,bidisperse,2,0.005,0.6666666666666666,0.7564909570874463
44000.0,0.8507811975107498,27,0.783,0.5295440993684494,0.4971704226402154,0.3501912452188696,3.781405856800491e-08,bidisperse_a0.005_sr0.667_N1000_L12_T100000_seed2.npz,bidisperse,2,0.005,0.6666666666666666,0.7564909570874463
45000.0,0.8575945890746941,21,0.799,,0.5256828217376295,0.37223843268028345,3.903442208012306e-08,bidisperse_a0.005_sr0.667_N1000_L12_T100000_seed2.npz,bidisperse,2,0.005,0.6666666666666666,0.7564909570874463
46000.0,0.8593891496784697,19,0.835,,0.4608716115481802,0.3882063882063882,3.669269841096911e-08,bidisperse_a0.005_sr0.667_N1000_L12_T100000_seed2.npz,bidisperse,2,0.005,0.6666666666666666,0.7564909570874463
47000.0,0.8585956348321105,23,0.801,,0.4951193744893217,0.36126088759850683,3.72695460045281e-08,bidisperse_a0.005_sr0.667_N1000_L12_T100000_seed2.npz,bidisperse,2,0.005,0.6666666666666666,0.7564909570874463
48000.0,0.8549495635364377,16,0.806,0.5319029966074963,0.5039932328985999,0.37753833402403647,3.661802158906688e-08,bidisperse_a0.005_sr0.667_N1000_L12_T100000_seed2.npz,bidisperse,2,0.005,0.6666666666666666,0.7564909570874463
49000.0,0.851655751680203,22,0.813,,0.4493663384337344,0.3729096989966555,4.093202965660478e-08,bidisperse_a0.005_sr0.667_N1000_L12_T100000_seed2.npz,bidisperse,2,0.005,0.6666666666666666,0.7564909570874463
50000.0,0.8585925075764396,25,0.799,,0.4393949766991723,0.39528145695364236,4.763261932393505e-08,bidisperse_a0.005_sr0.667_N1000_L12_T100000_seed2.npz,bidisperse,2,0.005,0.6666666666666666,0.7564909570874463
51000.0,0.854246873054914,19,0.795,,0.5292112024777812,0.36455270894582104,3.8720219160145666e-08,bidisperse_a0.005_sr0.667_N1000_L12_T100000_seed2.npz,bidisperse,2,0.005,0.6666666666666666,0.7564909570874463
52000.0,0.8510266151675708,20,0.781,0.5331352134307248,0.639986669112683,0.3545108005082592,3.088316969721701e-08,bidisperse_a0.005_sr0.667_N1000_L12_T100000_seed2.npz,bidisperse,2,0.005,0.6666666666666666,0.7564909570874463
53000.0,0.8531185577120044,30,0.763,,0.519062388846269,0.3970772442588727,3.1306791692326125e-08,bidisperse_a0.005_sr0.667_N1000_L12_T100000_seed2.npz,bidisperse,2,0.005,0.6666666666666666,0.7564909570874463
54000.0,0.8528633891378756,19,0.794,,0.5043126011917809,0.394142259414226,3.518611044610523e-08,bidisperse_a0.005_sr0.667_N1000_L12_T100000_seed2.npz,bidisperse,2,0.005,0.6666666666666666,0.7564909570874463
55000.0,0.854156467626812,21,0.783,,0.4852216379302758,0.3909052982895286,3.261737578756501e-08,bidisperse_a0.005_sr0.667_N1000_L12_T100000_seed2.npz,bidisperse,2,0.005,0.6666666666666666,0.7564909570874463
56000.0,0.8559647238852051,25,0.742,0.5351162447314022,0.5201980818842282,0.39025406080799663,3.5834172072566514e-08,bidisperse_a0.005_sr0.667_N1000_L12_T100000_seed2.npz,bidisperse,2,0.005,0.6666666666666666,0.7564909570874463
57000.0,0.8531727972647346,26,0.725,,0.44085486097363463,0.34825656478691347,3.1993961038587115e-08,bidisperse_a0.005_sr0.667_N1000_L12_T100000_seed2.npz,bidisperse,2,0.005,0.6666666666666666,0.7564909570874463
58000.0,0.8597130834976989,26,0.721,,0.5566274772823033,0.35732538330494035,3.403951831217282e-08,bidisperse_a0.005_sr0.667_N1000_L12_T100000_seed2.npz,bidisperse,2,0.005,0.6666666666666666,0.7564909570874463
59000.0,0.8614462514719778,28,0.739,,0.5054304119332752,0.37136842105263157,3.7817808678347474e-08,bidisperse_a0.005_sr0.667_N1000_L12_T100000_seed2.npz,bidisperse,2,0.005,0.6666666666666666,0.7564909570874463
60000.0,0.8583715058407171,25,0.742,0.533582371202833,0.5785343912656719,0.37118644067796613,3.681220258317581e-08,bidisperse_a0.005_sr0.667_N1000_L12_T100000_seed2.npz,bidisperse,2,0.005,0.6666666666666666,0.7564909570874463
61000.0,0.856141147424306,21,0.756,,0.4917391631996357,0.37968815844922044,3.723818690125981e-08,bidisperse_a0.005_sr0.667_N1000_L12_T100000_seed2.npz,bidisperse,2,0.005,0.6666666666666666,0.7564909570874463
62000.0,0.8513635916194086,25,0.757,,0.5186986446649311,0.3610993657505286,3.66668645419739e-08,bidisperse_a0.005_sr0.667_N1000_L12_T100000_seed2.npz,bidisperse,2,0.005,0.6666666666666666,0.7564909570874463
63000.0,0.8568825113454489,22,0.769,,0.5066097408871366,0.3400929446556823,3.043317808886359e-08,bidisperse_a0.005_sr0.667_N1000_L12_T100000_seed2.npz,bidisperse,2,0.005,0.6666666666666666,0.7564909570874463
64000.0,0.8580307061941711,26,0.764,0.5402928131319548,0.5128133357964302,0.39096185737976785,3.268274323306265e-08,bidisperse_a0.005_sr0.667_N1000_L12_T100000_seed2.npz,bidisperse,2,0.005,0.6666666666666666,0.7564909570874463
65000.0,0.8591464555504981,20,0.764,,0.4840115270786636,0.397231543624161,3.3006471840753765e-08,bidisperse_a0.005_sr0.667_N1000_L12_T100000_seed2.npz,bidisperse,2,0.005,0.6666666666666666,0.7564909570874463
66000.0,0.8619786953378911,22,0.88,,0.46928120552837477,0.40984974958263776,4.017594314996254e-08,bidisperse_a0.005_sr0.667_N1000_L12_T100000_seed2.npz,bidisperse,2,0.005,0.6666666666666666,0.7564909570874463
67000.0,0.8668363125059251,21,0.85,,0.498334375916985,0.41132075471698115,2.9296974700500485e-08,bidisperse_a0.005_sr0.667_N1000_L12_T100000_seed2.npz,bidisperse,2,0.005,0.6666666666666666,0.7564909570874463
68000.0,0.8598816758769866,22,0.855,0.5470952725015089,0.4750706261026348,0.4291666666666667,2.907391414804023e-08,bidisperse_a0.005_sr0.667_N1000_L12_T100000_seed2.npz,bidisperse,2,0.005,0.6666666666666666,0.7564909570874463
69000.0,0.8571239629772933,19,0.794,,0.47356855254061925,0.41090146750524104,3.443818012144429e-08,bidisperse_a0.005_sr0.667_N1000_L12_T100000_seed2.npz,bidisperse,2,0.005,0.6666666666666666,0.7564909570874463
70000.0,0.8617201377327837,21,0.796,,0.44013650443011326,0.40928093645484953,3.88699996477719e-08,bidisperse_a0.005_sr0.667_N1000_L12_T100000_seed2.npz,bidisperse,2,0.005,0.6666666666666666,0.7564909570874463
71000.0,0.8636845264075277,28,0.772,,0.45936830420706637,0.40330088870080405,3.467965829986925e-08,bidisperse_a0.005_sr0.667_N1000_L12_T100000_seed2.npz,bidisperse,2,0.005,0.6666666666666666,0.7564909570874463
72000.0,0.8615214489349852,26,0.798,0.5463828544439876,0.4754257685637567,0.4151182432432432,4.807013198802197e-08,bidisperse_a0.005_sr0.667_N1000_L12_T100000_seed2.npz,bidisperse,2,0.005,0.6666666666666666,0.7564909570874463
73000.0,0.8585481271202752,25,0.694,,0.45040396286743367,0.4115905245346869,3.812206491176924e-08,bidisperse_a0.005_sr0.667_N1000_L12_T100000_seed2.npz,bidisperse,2,0.005,0.6666666666666666,0.7564909570874463
74000.0,0.8651410079514096,22,0.798,,0.45123550347233987,0.42803347280334725,4.2251315860653135e-08,bidisperse_a0.005_sr0.667_N1000_L12_T100000_seed2.npz,bidisperse,2,0.005,0.6666666666666666,0.7564909570874463
75000.0,0.8593924226026499,28,0.74,,0.4905426296733188,0.42203389830508475,4.1538225839358074e-08,bidisperse_a0.005_sr0.667_N1000_L12_T100000_seed2.npz,bidisperse,2,0.005,0.6666666666666666,0.7564909570874463
76000.0,0.8660942293304579,17,0.818,0.5438464451426545,0.4899658944902092,0.3916595012897678,3.163698730347993e-08,bidisperse_a0.005_sr0.667_N1000_L12_T100000_seed2.npz,bidisperse,2,0.005,0.6666666666666666,0.7564909570874463
77000.0,0.8670602531378592,26,0.724,,0.6066084648536099,0.4105657237936772,3.878924844428364e-08,bidisperse_a0.005_sr0.667_N1000_L12_T100000_seed2.npz,bidisperse,2,0.005,0.6666666666666666,0.7564909570874463
78000.0,0.8640901806830085,15,0.782,,0.645716285229823,0.41312422616591005,3.2074042765419046e-08,bidisperse_a0.005_sr0.667_N1000_L12_T100000_seed2.npz,bidisperse,2,0.005,0.6666666666666666,0.7564909570874463
79000.0,0.8654742308446012,17,0.846,,0.49064939025032184,0.3977272727272727,3.432797130759048e-08,bidisperse_a0.005_sr0.667_N1000_L12_T100000_seed2.npz,bidisperse,2,0.005,0.6666666666666666,0.7564909570874463
80000.0,0.8651170945508713,20,0.749,0.5473311021542717,0.46705933575165454,0.4084388185654009,3.811468164288235e-08,bidisperse_a0.005_sr0.667_N1000_L12_T100000_seed2.npz,bidisperse,2,0.005,0.6666666666666666,0.7564909570874463
81000.0,0.8704698517203459,25,0.77,,0.53102857714983,0.44134775374376045,4.394514156988091e-08,bidisperse_a0.005_sr0.667_N1000_L12_T100000_seed2.npz,bidisperse,2,0.005,0.6666666666666666,0.7564909570874463
82000.0,0.8661482040196895,16,0.858,,0.5551759548060262,0.4204355108877722,4.707846092475926e-08,bidisperse_a0.005_sr0.667_N1000_L12_T100000_seed2.npz,bidisperse,2,0.005,0.6666666666666666,0.7564909570874463
83000.0,0.8638264880081266,18,0.844,,0.48591224830534513,0.41069208454206385,3.9268259985621525e-08,bidisperse_a0.005_sr0.667_N1000_L12_T100000_seed2.npz,bidisperse,2,0.005,0.6666666666666666,0.7564909570874463
84000.0,0.8643721389216305,13,0.859,0.5395387096479446,0.48010057826635194,0.402829796088223,3.032735801752934e-08,bidisperse_a0.005_sr0.667_N1000_L12_T100000_seed2.npz,bidisperse,2,0.005,0.6666666666666666,0.7564909570874463
85000.0,0.8650867823584498,18,0.829,,0.5156359680411613,0.4128364389233955,3.475398382599196e-08,bidisperse_a0.005_sr0.667_N1000_L12_T100000_seed2.npz,bidisperse,2,0.005,0.6666666666666666,0.7564909570874463
86000.0,0.867187282395092,20,0.86,,0.5225851762588505,0.40613344384583505,3.137388068988924e-08,bidisperse_a0.005_sr0.667_N1000_L12_T100000_seed2.npz,bidisperse,2,0.005,0.6666666666666666,0.7564909570874463
87000.0,0.8690681247663302,23,0.851,,0.5294851581166017,0.4238547255468428,2.9823424838897717e-08,bidisperse_a0.005_sr0.667_N1000_L12_T100000_seed2.npz,bidisperse,2,0.005,0.6666666666666666,0.7564909570874463
88000.0,0.8648695445256291,21,0.862,0.53400511370529,0.48434981700912705,0.4251247920133111,3.0646919761458956e-08,bidisperse_a0.005_sr0.667_N1000_L12_T100000_seed2.npz,bidisperse,2,0.005,0.6666666666666666,0.7564909570874463
89000.0,0.870202562460863,23,0.819,,0.5781228585572801,0.4237995824634656,3.70449822990309e-08,bidisperse_a0.005_sr0.667_N1000_L12_T100000_seed2.npz,bidisperse,2,0.005,0.6666666666666666,0.7564909570874463
90000.0,0.8709519943771259,22,0.833,,0.5549321215838341,0.40901432181971353,3.394071911838873e-08,bidisperse_a0.005_sr0.667_N1000_L12_T100000_seed2.npz,bidisperse,2,0.005,0.6666666666666666,0.7564909570874463
91000.0,0.8694581805934074,23,0.836,,0.5500298974230663,0.41226215644820297,2.5632083414736945e-08,bidisperse_a0.005_sr0.667_N1000_L12_T100000_seed2.npz,bidisperse,2,0.005,0.6666666666666666,0.7564909570874463
92000.0,0.8680801375600927,21,0.825,0.5428141594663521,0.5251621441267967,0.4365546218487395,2.7792356533284723e-08,bidisperse_a0.005_sr0.667_N1000_L12_T100000_seed2.npz,bidisperse,2,0.005,0.6666666666666666,0.7564909570874463
93000.0,0.8692493919123271,19,0.851,,0.5543884006671423,0.41906779661016946,3.203224887632875e-08,bidisperse_a0.005_sr0.667_N1000_L12_T100000_seed2.npz,bidisperse,2,0.005,0.6666666666666666,0.7564909570874463
94000.0,0.8699709513980108,26,0.763,,0.5158900981397377,0.433714527742482,2.8959502671404513e-08,bidisperse_a0.005_sr0.667_N1000_L12_T100000_seed2.npz,bidisperse,2,0.005,0.6666666666666666,0.7564909570874463
95000.0,0.870946753245274,27,0.687,,0.5436879925082806,0.4306321595248197,3.688995409742288e-08,bidisperse_a0.005_sr0.667_N1000_L12_T100000_seed2.npz,bidisperse,2,0.005,0.6666666666666666,0.7564909570874463
96000.0,0.8730545197336432,25,0.687,0.5581711993674321,0.5092176634988608,0.4210750853242321,4.7578834513943056e-08,bidisperse_a0.005_sr0.667_N1000_L12_T100000_seed2.npz,bidisperse,2,0.005,0.6666666666666666,0.7564909570874463
97000.0,0.8711309405776985,25,0.676,,0.5070987113892134,0.43143955574540793,4.5851340029351625e-08,bidisperse_a0.005_sr0.667_N1000_L12_T100000_seed2.npz,bidisperse,2,0.005,0.6666666666666666,0.7564909570874463
98000.0,0.8661986625599556,25,0.701,,0.485534895445721,0.43536280233527935,3.790435491315888e-08,bidisperse_a0.005_sr0.667_N1000_L12_T100000_seed2.npz,bidisperse,2,0.005,0.6666666666666666,0.7564909570874463
99000.0,0.8668170189883554,16,0.852,,0.5565247216074105,0.39891846921797003,3.509162019422767e-08,bidisperse_a0.005_sr0.667_N1000_L12_T100000_seed2.npz,bidisperse,2,0.005,0.6666666666666666,0.7564909570874463
100000.0,0.8632953654051413,19,0.68,0.5327572060119995,0.4835994001227032,0.4064171122994652,2.8363307034848467e-08,bidisperse_a0.005_sr0.667_N1000_L12_T100000_seed2.npz,bidisperse,2,0.005,0.6666666666666666,0.7564909570874463
0.0,0.9881983244317549,199,0.02,0.8538287047079677,,,,bidisperse_a0.005_sr0.667_N1000_L12_T100000_seed3.npz,bidisperse,3,0.005,0.6666666666666666,0.6110641876538256
1000.0,0.9451464881524275,37,0.144,,0.15893023495530403,0.8292191435768261,4.10533914661148e-08,bidisperse_a0.005_sr0.667_N1000_L12_T100000_seed3.npz,bidisperse,3,0.005,0.6666666666666666,0.6110641876538256
2000.0,0.9358437185061901,30,0.207,,0.6127247892193669,0.6679824561403509,3.138696816385375e-08,bidisperse_a0.005_sr0.667_N1000_L12_T100000_seed3.npz,bidisperse,3,0.005,0.6666666666666666,0.6110641876538256
3000.0,0.9264490997229917,26,0.255,,0.5676004719785821,0.6740355439965323,3.464242070003118e-08,bidisperse_a0.005_sr0.667_N1000_L12_T100000_seed3.npz,bidisperse,3,0.005,0.6666666666666666,0.6110641876538256
4000.0,0.9094535640287705,26,0.431,0.5989053127966654,0.5033462748610554,0.6399310047434239,3.708775367378611e-08,bidisperse_a0.005_sr0.667_N1000_L12_T100000_seed3.npz,bidisperse,3,0.005,0.6666666666666666,0.6110641876538256
5000.0,0.9066375087310072,22,0.393,,0.5273480276495227,0.5887131252672082,3.390234385106542e-08,bidisperse_a0.005_sr0.667_N1000_L12_T100000_seed3.npz,bidisperse,3,0.005,0.6666666666666666,0.6110641876538256
6000.0,0.8948763779161323,19,0.326,,0.4500510052768825,0.5747028862478778,3.37630256353931e-08,bidisperse_a0.005_sr0.667_N1000_L12_T100000_seed3.npz,bidisperse,3,0.005,0.6666666666666666,0.6110641876538256
7000.0,0.895623898936556,21,0.367,,0.531815503373922,0.5419300463548251,4.531557806050221e-08,bidisperse_a0.005_sr0.667_N1000_L12_T100000_seed3.npz,bidisperse,3,0.005,0.6666666666666666,0.6110641876538256
8000.0,0.8861627246400908,20,0.417,0.5642630948467088,0.5822674570352463,0.5160885917258671,4.030920777133156e-08,bidisperse_a0.005_sr0.667_N1000_L12_T100000_seed3.npz,bidisperse,3,0.005,0.6666666666666666,0.6110641876538256
9000.0,0.8828915507656202,24,0.345,,0.6451461244817411,0.49750000000000005,4.1170850746988076e-08,bidisperse_a0.005_sr0.667_N1000_L12_T100000_seed3.npz,bidisperse,3,0.005,0.6666666666666666,0.6110641876538256
10000.0,0.8784877225284045,20,0.425,,0.5396916603284498,0.4788259958071279,5.0141970081481403e-08,bidisperse_a0.005_sr0.667_N1000_L12_T100000_seed3.npz,bidisperse,3,0.005,0.6666666666666666,0.6110641876538256
11000.0,0.8804684190167437,15,0.426,,0.48955723553051617,0.4967213114754099,3.5870181296870156e-08,bidisperse_a0.005_sr0.667_N1000_L12_T100000_seed3.npz,bidisperse,3,0.005,0.6666666666666666,0.6110641876538256
12000.0,0.8776744643699135,21,0.887,0.5582191832346421,0.5234416734572266,0.4864532019704434,3.2330245539742034e-08,bidisperse_a0.005_sr0.667_N1000_L12_T100000_seed3.npz,bidisperse,3,0.005,0.6666666666666666,0.6110641876538256
13000.0,0.8792016778462299,20,0.845,,0.5550246556803713,0.4902852418354692,3.520097849388083e-08,bidisperse_a0.005_sr0.667_N1000_L12_T100000_seed3.npz,bidisperse,3,0.005,0.6666666666666666,0.6110641876538256
14000.0,0.8696943384018861,25,0.792,,0.5501180409773384,0.46572496884088077,3.055824980872164e-08,bidisperse_a0.005_sr0.667_N1000_L12_T100000_seed3.npz,bidisperse,3,0.005,0.6666666666666666,0.6110641876538256
15000.0,0.8691729590497079,20,0.87,,0.5553742615873205,0.43940024989587667,2.9796380147997077e-08,bidisperse_a0.005_sr0.667_N1000_L12_T100000_seed3.npz,bidisperse,3,0.005,0.6666666666666666,0.6110641876538256
16000.0,0.8730740347881286,18,0.778,0.5427109827204961,0.5857245087418153,0.42839248434238,3.2146683620201976e-08,bidisperse_a0.005_sr0.667_N1000_L12_T100000_seed3.npz,bidisperse,3,0.005,0.6666666666666666,0.6110641876538256
17000.0,0.8721035377777778,23,0.872,,0.5550847122422301,0.45304777594728174,2.9118385500550725e-08,bidisperse_a0.005_sr0.667_N1000_L12_T100000_seed3.npz,bidisperse,3,0.005,0.6666666666666666,0.6110641876538256
18000.0,0.8654519671242641,20,0.872,,0.4826625329027261,0.4682080924855492,3.804622550874386e-08,bidisperse_a0.005_sr0.667_N1000_L12_T100000_seed3.npz,bidisperse,3,0.005,0.6666666666666666,0.6110641876538256
19000.0,0.8720660606549663,20,0.567,,0.5257813322928306,0.4570247933884297,3.133736302042451e-08,bidisperse_a0.005_sr0.667_N1000_L12_T100000_seed3.npz,bidisperse,3,0.005,0.6666666666666666,0.6110641876538256
20000.0,0.8711486177550749,25,0.554,0.5558664493619336,0.5331136945085568,0.4175213675213675,2.8480540897379938e-08,bidisperse_a0.005_sr0.667_N1000_L12_T100000_seed3.npz,bidisperse,3,0.005,0.6666666666666666,0.6110641876538256
21000.0,0.8694577923729122,28,0.853,,0.4258537545114009,0.4336472602739726,3.5648861296617805e-08,bidisperse_a0.005_sr0.667_N1000_L12_T100000_seed3.npz,bidisperse,3,0.005,0.6666666666666666,0.6110641876538256
22000.0,0.8606048933956743,18,0.88,,0.4364872218138685,0.428087986463621,3.502434868937671e-08,bidisperse_a0.005_sr0.667_N1000_L12_T100000_seed3.npz,bidisperse,3,0.005,0.6666666666666666,0.6110641876538256
23000.0,0.8669065062364486,18,0.876,,0.44916380192485444,0.42911073825503354,3.03227915085715e-08,bidisperse_a0.005_sr0.667_N1000_L12_T100000_seed3.npz,bidisperse,3,0.005,0.6666666666666666,0.6110641876538256
24000.0,0.8589843537141137,18,0.872,0.5385378453330909,0.45517269927733967,0.4414784394250514,3.134592138354842e-08,bidisperse_a0.005_sr0.667_N1000_L12_T100000_seed3.npz,bidisperse,3,0.005,0.6666666666666666,0.6110641876538256
25000.0,0.8557736955735719,17,0.871,,0.4738721030005742,0.4023275145469659,3.546581893760215e-08,bidisperse_a0.005_sr0.667_N1000_L12_T100000_seed3.npz,bidisperse,3,0.005,0.6666666666666666,0.6110641876538256
26000.0,0.85968498599833,17,0.881,,0.4897029720562591,0.3817651956702748,3.8961509722945884e-08,bidisperse_a0.005_sr0.667_N1000_L12_T100000_seed3.npz,bidisperse,3,0.005,0.6666666666666666,0.6110641876538256
27000.0,0.8517400961169697,21,0.868,,0.5316078501335672,0.39975298476739396,4.4439479197291816e-08,bidisperse_a0.005_sr0.667_N1000_L12_T100000_seed3.npz,bidisperse,3,0.005,0.6666666666666666,0.6110641876538256
28000.0,0.8517775041387337,16,0.892,0.5194470539182744,0.44763528950354503,0.42442563482466744,3.7853613724586296e-08,bidisperse_a0.005_sr0.667_N1000_L12_T100000_seed3.npz,bidisperse,3,0.005,0.6666666666666666,0.6110641876538256
29000.0,0.8535952352123254,20,0.874,,0.4448996971476378,0.38160066006600657,3.3506308261811844e-08,bidisperse_a0.005_sr0.667_N1000_L12_T100000_seed3.npz,bidisperse,3,0.005,0.6666666666666666,0.6110641876538256
30000.0,0.8547863114185441,24,0.865,,0.5177873344889175,0.37671517671517674,3.282670012479154e-08,bidisperse_a0.005_sr0.667_N1000_L12_T100000_seed3.npz,bidisperse,3,0.005,0.6666666666666666,0.6110641876538256
31000.0,0.8576833662064431,19,0.879,,0.4945967931972055,0.38085370907583915,3.0466425521391014e-08,bidisperse_a0.005_sr0.667_N1000_L12_T100000_seed3.npz,bidisperse,3,0.005,0.6666666666666666,0.6110641876538256
32000.0,0.8524793817491396,29,0.873,0.5380318278109604,0.4888433371442661,0.36939983093829243,3.2988464484459296e-08,bidisperse_a0.005_sr0.667_N1000_L12_T100000_seed3.npz,bidisperse,3,0.005,0.6666666666666666,0.6110641876538256
33000.0,0.8500182286502743,21,0.875,,0.4237307226101065,0.37142857142857144,2.9586652931691383e-08,bidisperse_a0.005_sr0.667_N1000_L12_T100000_seed3.npz,bidisperse,3,0.005,0.6666666666666666,0.6110641876538256
34000.0,0.8472111984014052,23,0.899,,0.3976848833377761,0.3625263157894737,3.331089638005813e-08,bidisperse_a0.005_sr0.667_N1000_L12_T100000_seed3.npz,bidisperse,3,0.005,0.6666666666666666,0.6110641876538256
35000.0,0.8485929910587426,27,0.884,,0.48426213870750234,0.39117769454848106,4.164378023042727e-08,bidisperse_a0.005_sr0.667_N1000_L12_T100000_seed3.npz,bidisperse,3,0.005,0.6666666666666666,0.6110641876538256
36000.0,0.8474156835651704,20,0.889,0.5301415432255577,0.4572382899796023,0.3976945244956772,3.727047207369631e-08,bidisperse_a0.005_sr0.667_N1000_L12_T100000_seed3.npz,bidisperse,3,0.005,0.6666666666666666,0.6110641876538256
37000.0,0.8466352543380291,23,0.851,,0.436695297872919,0.3773349937733499,3.555287253142519e-08,bidisperse_a0.005_sr0.667_N1000_L12_T100000_seed3.npz,bidisperse,3,0.005,0.6666666666666666,0.6110641876538256
38000.0,0.8520281618341015,24,0.848,,0.4513361411413082,0.3614406779661017,3.1562698785568325e-08,bidisperse_a0.005_sr0.667_N1000_L12_T100000_seed3.npz,bidisperse,3,0.005,0.6666666666666666,0.6110641876538256
39000.0,0.8486796026965422,20,0.859,,0.4448261827847454,0.3867171080285834,2.947318377752339e-08,bidisperse_a0.005_sr0.667_N1000_L12_T100000_seed3.npz,bidisperse,3,0.005,0.6666666666666666,0.6110641876538256
40000.0,0.8549888095533221,26,0.855,0.539246240942569,0.4913368301947425,0.38923917612442205,2.7921667732204237e-08,bidisperse_a0.005_sr0.667_N1000_L12_T100000_seed3.npz,bidisperse,3,0.005,0.6666666666666666,0.6110641876538256
41000.0,0.8584111160298679,25,0.864,,0.5317682211705629,0.41090146750524104,3.9455481780450595e-08,bidisperse_a0.005_sr0.667_N1000_L12_T100000_seed3.npz,bidisperse,3,0.005,0.6666666666666666,0.6110641876538256
42000.0,0.8486891539704117,25,0.861,,0.5506616610936426,0.3871653208669783,3.331493522297213e-08,bidisperse_a0.005_sr0.667_N1000_L12_T100000_seed3.npz,bidisperse,3,0.005,0.6666666666666666,0.6110641876538256
43000.0,0.8554440666319673,26,0.848,,0.48092455931894473,0.4054054054054054,3.3843879775129855e-08,bidisperse_a0.005_sr0.667_N1000_L12_T100000_seed3.npz,bidisperse,3,0.005,0.6666666666666666,0.6110641876538256
44000.0,0.8547982684472611,28,0.843,0.5445018013429909,0.4291913139076605,0.40611724723874254,3.9050957998253296e-08,bidisperse_a0.005_sr0.667_N1000_L12_T100000_seed3.npz,bidisperse,3,0.005,0.6666666666666666,0.6110641876538256
45000.0,0.8576597051544186,21,0.857,,0.4368238154012243,0.42165122156697554,4.098601138603722e-08,bidisperse_a0.005_sr0.667_N1000_L12_T100000_seed3.npz,bidisperse,3,0.005,0.6666666666666666,0.6110641876538256
46000.0,0.8531112339090834,16,0.878,,0.4296202073642883,0.41807432432432434,4.553877636427351e-08,bidisperse_a0.005_sr0.667_N1000_L12_T100000_seed3.npz,bidisperse,3,0.005,0.6666666666666666,0.6110641876538256
47000.0,0.8559990276471207,21,0.877,,0.47087801233527093,0.44843234323432346,4.3059106895801196e-08,bidisperse_a0.005_sr0.667_N1000_L12_T100000_seed3.npz,bidisperse,3,0.005,0.6666666666666666,0.6110641876538256
48000.0,0.8549202256536746,18,0.879,0.5302655009100484,0.5259969596326742,0.41625207296849087,3.4131512213580464e-08,bidisperse_a0.005_sr0.667_N1000_L12_T100000_seed3.npz,bidisperse,3,0.005,0.6666666666666666,0.6110641876538256
49000.0,0.854427349070232,22,0.891,,0.4550388725460147,0.40697674418604646,3.770873644932033e-08,bidisperse_a0.005_sr0.667_N1000_L12_T100000_seed3.npz,bidisperse,3,0.005,0.6666666666666666,0.6110641876538256
50000.0,0.8538531396894821,29,0.828,,0.4376637847014438,0.4151182432432432,4.242162487008978e-08,bidisperse_a0.005_sr0.667_N1000_L12_T100000_seed3.npz,bidisperse,3,0.005,0.6666666666666666,0.6110641876538256
51000.0,0.8618664743034398,25,0.795,,0.5276973255963142,0.4080944350758853,4.794009000731245e-08,bidisperse_a0.005_sr0.667_N1000_L12_T100000_seed3.npz,bidisperse,3,0.005,0.6666666666666666,0.6110641876538256
52000.0,0.854472052622702,24,0.824,0.5357885197054029,0.43302658206149414,0.38267451640033645,4.449348063133093e-08,bidisperse_a0.005_sr0.667_N1000_L12_T100000_seed3.npz,bidisperse,3,0.005,0.6666666666666666,0.6110641876538256
53000.0,0.8553170375593355,23,0.82,,0.3989058134102313,0.38063157894736843,4.182623368354061e-08,bidisperse_a0.005_sr0.667_N1000_L12_T100000_seed3.npz,bidisperse,3,0.005,0.6666666666666666,0.6110641876538256
54000.0,0.8521404140333237,22,0.833,,0.4143564715736133,0.39418212478920744,3.976496679522124e-08,bidisperse_a0.005_sr0.667_N1000_L12_T100000_seed3.npz,bidisperse,3,0.005,0.6666666666666666,0.6110641876538256
55000.0,0.8503852785600693,27,0.798,,0.4485131422305539,0.3969785984053714,4.5941882250912207e-08,bidisperse_a0.005_sr0.667_N1000_L12_T100000_seed3.npz,bidisperse,3,0.005,0.6666666666666666,0.6110641876538256
56000.0,0.8432189788217096,29,0.82,0.5322191638940915,0.42339055235974427,0.3865652724968315,4.907313771641134e-08,bidisperse_a0.005_sr0.667_N1000_L12_T100000_seed3.npz,bidisperse,3,0.005,0.6666666666666666,0.6110641876538256
57000.0,0.8500140286916263,30,0.829,,0.45356774543459016,0.3758071459319845,5.28428829670664e-08,bidisperse_a0.005_sr0.667_N1000_L12_T100000_seed3.npz,bidisperse,3,0.005,0.6666666666666666,0.6110641876538256
58000.0,0.8556304034710098,22,0.808,,0.45997291805880824,0.38683651804670915,5.217452748959224e-08,bidisperse_a0.005_sr0.667_N1000_L12_T100000_seed3.npz,bidisperse,3,0.005,0.6666666666666666,0.6110641876538256
59000.0,0.8527963701760788,17,0.813,,0.5205728837535285,0.4134217067108533,4.146120973175771e-08,bidisperse_a0.005_sr0.667_N1000_L12_T100000_seed3.npz,bidisperse,3,0.005,0.6666666666666666,0.6110641876538256
60000.0,0.856067409623062,26,0.78,0.5339872669269745,0.46143949888645847,0.4059775840597758,4.100111725539894e-08,bidisperse_a0.005_sr0.667_N1000_L12_T100000_seed3.npz,bidisperse,3,0.005,0.6666666666666666,0.6110641876538256
61000.0,0.851787411596024,23,0.802,,0.47944356436240493,0.40969899665551834,5.008170702946108e-08,bidisperse_a0.005_sr0.667_N1000_L12_T100000_seed3.npz,bidisperse,3,0.005,0.6666666666666666,0.6110641876538256
62000.0,0.8569804050449626,19,0.848,,0.46763722050527584,0.40025094102885816,3.915238415268859e-08,bidisperse_a0.005_sr0.667_N1000_L12_T100000_seed3.npz,bidisperse,3,0.005,0.6666666666666666,0.6110641876538256
63000.0,0.8559570132352937,24,0.835,,0.4543529633079561,0.4115716044316783,3.612928315395301e-08,bidisperse_a0.005_sr0.667_N1000_L12_T100000_seed3.npz,bidisperse,3,0.005,0.6666666666666666,0.6110641876538256
64000.0,0.8482632543557185,21,0.838,0.5362821868515829,0.48222343020755093,0.41108829568788496,3.635473372321538e-08,bidisperse_a0.005_sr0.667_N1000_L12_T100000_seed3.npz,bidisperse,3,0.005,0.6666666666666666,0.6110641876538256
65000.0,0.8565530379585559,21,0.835,,0.4648810795444972,0.38394342762063227,3.570766704743993e-08,bidisperse_a0.005_sr0.667_N1000_L12_T100000_seed3.npz,bidisperse,3,0.005,0.6666666666666666,0.6110641876538256
66000.0,0.8481332140794118,24,0.845,,0.4704897600170027,0.38614682704272085,3.745859233708555e-08,bidisperse_a0.005_sr0.667_N1000_L12_T100000_seed3.npz,bidisperse,3,0.005,0.6666666666666666,0.6110641876538256
67000.0,0.848734931015641,27,0.816,,0.47878250545860973,0.3618726275832982,4.330897582865106e-08,bidisperse_a0.005_sr0.667_N1000_L12_T100000_seed3.npz,bidisperse,3,0.005,0.6666666666666666,0.6110641876538256
68000.0,0.8483021821896609,26,0.825,0.5206752131111282,0.5182703569864203,0.3874022231370935,3.932641776424488e-08,bidisperse_a0.005_sr0.667_N1000_L12_T100000_seed3.npz,bidisperse,3,0.005,0.6666666666666666,0.6110641876538256
69000.0,0.8566691961208848,28,0.809,,0.46970252759836023,0.3782426778242678,4.408259876192218e-08,bidisperse_a0.005_sr0.667_N1000_L12_T100000_seed3.npz,bidisperse,3,0.005,0.6666666666666666,0.6110641876538256
70000.0,0.856022723081714,21,0.834,,0.49920365643411657,0.41784820683903257,4.4107596342605885e-08,bidisperse_a0.005_sr0.667_N1000_L12_T100000_seed3.npz,bidisperse,3,0.005,0.6666666666666666,0.6110641876538256
71000.0,0.8575663739247349,29,0.785,,0.47860479954256707,0.40725126475548057,4.0738467404653325e-08,bidisperse_a0.005_sr0.667_N1000_L12_T100000_seed3.npz,bidisperse,3,0.005,0.6666666666666666,0.6110641876538256
72000.0,0.8597572286114004,25,0.757,0.5370533379669155,0.5225330929094678,0.4000848536274926,5.226171700589489e-08,bidisperse_a0.005_sr0.667_N1000_L12_T100000_seed3.npz,bidisperse,3,0.005,0.6666666666666666,0.6110641876538256
73000.0,0.8553612570081583,28,0.772,,0.46664142006585096,0.3970276008492569,4.298736072782867e-08,bidisperse_a0.005_sr0.667_N1000_L12_T100000_seed3.npz,bidisperse,3,0.005,0.6666666666666666,0.6110641876538256
74000.0,0.8573604915840726,31,0.759,,0.4896086663937821,0.3851438385573207,4.983410705361639e-08,bidisperse_a0.005_sr0.667_N1000_L12_T100000_seed3.npz,bidisperse,3,0.005,0.6666666666666666,0.6110641876538256
75000.0,0.8563579789368369,29,0.771,,0.42483466766284106,0.3817480719794345,4.5342212119422015e-08,bidisperse_a0.005_sr0.667_N1000_L12_T100000_seed3.npz,bidisperse,3,0.005,0.6666666666666666,0.6110641876538256
76000.0,0.8597500283297231,22,0.791,0.5347237052953338,0.44047951050149936,0.3862098138747885,4.058652596538212e-08,bidisperse_a0.005_sr0.667_N1000_L12_T100000_seed3.npz,bidisperse,3,0.005,0.6666666666666666,0.6110641876538256
77000.0,0.8520147190228595,23,0.832,,0.4749447743062535,0.40226986128625475,3.003702949486641e-08,bidisperse_a0.005_sr0.667_N1000_L12_T100000_seed3.npz,bidisperse,3,0.005,0.6666666666666666,0.6110641876538256
78000.0,0.856518261666134,24,0.855,,0.4424736373786248,0.4062101233517652,3.981037697688639e-08,bidisperse_a0.005_sr0.667_N1000_L12_T100000_seed3.npz,bidisperse,3,0.005,0.6666666666666666,0.6110641876538256
79000.0,0.8507758173642002,22,0.829,,0.4291827446091153,0.4303586321934946,4.300563691285654e-08,bidisperse_a0.005_sr0.667_N1000_L12_T100000_seed3.npz,bidisperse,3,0.005,0.6666666666666666,0.6110641876538256
80000.0,0.8511428949352298,23,0.812,0.5335734935203473,0.4800582824394663,0.40497260851243155,3.703911403086661e-08,bidisperse_a0.005_sr0.667_N1000_L12_T100000_seed3.npz,bidisperse,3,0.005,0.6666666666666666,0.6110641876538256
81000.0,0.8532068723637812,17,0.841,,0.4352456258105906,0.39284192586280353,3.6026940756740476e-08,bidisperse_a0.005_sr0.667_N1000_L12_T100000_seed3.npz,bidisperse,3,0.005,0.6666666666666666,0.6110641876538256
82000.0,0.8577698979780739,19,0.822,,0.44211617550060467,0.4065934065934066,2.955495726738236e-08,bidisperse_a0.005_sr0.667_N1000_L12_T100000_seed3.npz,bidisperse,3,0.005,0.6666666666666666,0.6110641876538256
83000.0,0.8565478774729319,23,0.83,,0.5339477811993539,0.43129929431299296,3.1599728958648124e-08,bidisperse_a0.005_sr0.667_N1000_L12_T100000_seed3.npz,bidisperse,3,0.005,0.6666666666666666,0.6110641876538256
84000.0,0.8563509405027074,24,0.849,0.5363962615984218,0.5219034568884353,0.43129929431299296,3.3666769926340155e-08,bidisperse_a0.005_sr0.667_N1000_L12_T100000_seed3.npz,bidisperse,3,0.005,0.6666666666666666,0.6110641876538256
85000.0,0.8637793569482795,20,0.856,,0.45785357210793487,0.42833123160992015,4.454834724570003e-08,bidisperse_a0.005_sr0.667_N1000_L12_T100000_seed3.npz,bidisperse,3,0.005,0.6666666666666666,0.6110641876538256
86000.0,0.8593520594139373,25,0.826,,0.41575516383228217,0.43940024989587667,3.805057062636886e-08,bidisperse_a0.005_sr0.667_N1000_L12_T100000_seed3.npz,bidisperse,3,0.005,0.6666666666666666,0.6110641876538256
87000.0,0.8616073390644708,21,0.831,,0.4831382209194467,0.3951817413355875,4.426922772043891e-08,bidisperse_a0.005_sr0.667_N1000_L12_T100000_seed3.npz,bidisperse,3,0.005,0.6666666666666666,0.6110641876538256
88000.0,0.8573411591779652,33,0.788,0.5540352729868826,0.5145446485616851,0.4150783566285472,4.273211015370456e-08,bidisperse_a0.005_sr0.667_N1000_L12_T100000_seed3.npz,bidisperse,3,0.005,0.6666666666666666,0.6110641876538256
89000.0,0.8573999025220981,24,0.795,,0.41792468684825207,0.4182671788305591,4.2375957936225554e-08,bidisperse_a0.005_sr0.667_N1000_L12_T100000_seed3.npz,bidisperse,3,0.005,0.6666666666666666,0.6110641876538256
90000.0,0.8549780832905318,19,0.839,,0.41181926291686183,0.4371880199667221,3.6730806287975205e-08,bidisperse_a0.005_sr0.667_N1000_L12_T100000_seed3.npz,bidisperse,3,0.005,0.6666666666666666,0.6110641876538256
91000.0,0.8626758643557835,22,0.802,,0.4996840413194443,0.41666666666666663,3.361795962462273e-08,bidisperse_a0.005_sr0.667_N1000_L12_T100000_seed3.npz,bidisperse,3,0.005,0.6666666666666666,0.6110641876538256
92000.0,0.8576266596357854,22,0.799,0.542663889048725,0.5423050398492079,0.4167367535744323,3.680698649560482e-08,bidisperse_a0.005_sr0.667_N1000_L12_T100000_seed3.npz,bidisperse,3,0.005,0.6666666666666666,0.6110641876538256
93000.0,0.8569284983389004,19,0.805,,0.4967917508100545,0.428391959798995,3.618543508731339e-08,bidisperse_a0.005_sr0.667_N1000_L12_T100000_seed3.npz,bidisperse,3,0.005,0.6666666666666666,0.6110641876538256
94000.0,0.8554916971003379,24,0.866,,0.4319984477105081,0.4271398747390397,3.6624540317404564e-08,bidisperse_a0.005_sr0.667_N1000_L12_T100000_seed3.npz,bidisperse,3,0.005,0.6666666666666666,0.6110641876538256
95000.0,0.8571104124665454,30,0.847,,0.4851269896764079,0.3965589592950063,2.8773310284612873e-08,bidisperse_a0.005_sr0.667_N1000_L12_T100000_seed3.npz,bidisperse,3,0.005,0.6666666666666666,0.6110641876538256
96000.0,0.8573557016123792,27,0.847,0.5425835415735681,0.5005707117477246,0.38,3.292728364316522e-08,bidisperse_a0.005_sr0.667_N1000_L12_T100000_seed3.npz,bidisperse,3,0.005,0.6666666666666666,0.6110641876538256
97000.0,0.8564787359289928,20,0.848,,0.4829543223244578,0.41201175976480475,4.106368361313563e-08,bidisperse_a0.005_sr0.667_N1000_L12_T100000_seed3.npz,bidisperse,3,0.005,0.6666666666666666,0.6110641876538256
98000.0,0.8613161037449858,26,0.827,,0.4940355086681923,0.3942186845412652,3.608108892170697e-08,bidisperse_a0.005_sr0.667_N1000_L12_T100000_seed3.npz,bidisperse,3,0.005,0.6666666666666666,0.6110641876538256
99000.0,0.8627484483123776,20,0.886,,0.500011951333864,0.3858102434928632,3.836210459426857e-08,bidisperse_a0.005_sr0.667_N1000_L12_T100000_seed3.npz,bidisperse,3,0.005,0.6666666666666666,0.6110641876538256
100000.0,0.8615474035091847,17,0.885,0.5354044730858062,0.5102825411306233,0.40446650124069483,4.414070086139335e-08,bidisperse_a0.005_sr0.667_N1000_L12_T100000_seed3.npz,bidisperse,3,0.005,0.6666666666666666,0.6110641876538256
0.0,0.9843287783920978,193,0.025,0.8167184777124724,,,,bidisperse_a0.005_sr0.667_N1000_L12_T100000_seed4.npz,bidisperse,4,0.005,0.6666666666666666,0.701169501289847
1000.0,0.9425858344986309,35,0.236,,0.19338618253321946,0.8172690763052208,4.392104977194484e-08,bidisperse_a0.005_sr0.667_N1000_L12_T100000_seed4.npz,bidisperse,4,0.005,0.6666666666666666,0.701169501289847
2000.0,0.9303142942039127,23,0.277,,0.620073757339579,0.6935483870967742,3.5818782006827954e-08,bidisperse_a0.005_sr0.667_N1000_L12_T100000_seed4.npz,bidisperse,4,0.005,0.6666666666666666,0.701169501289847
3000.0,0.9150762372723311,16,0.436,,0.6231462469233103,0.6067226890756303,3.417487423550723e-08,bidisperse_a0.005_sr0.667_N1000_L12_T100000_seed4.npz,bidisperse,4,0.005,0.6666666666666666,0.701169501289847
4000.0,0.9156787503632153,14,0.442,0.5923723316515364,0.6270649380091798,0.5670757511637748,2.863798503353233e-08,bidisperse_a0.005_sr0.667_N1000_L12_T100000_seed4.npz,bidisperse,4,0.005,0.6666666666666666,0.701169501289847
5000.0,0.911651908390761,22,0.37,,0.585791540997429,0.5742988698200084,3.1949784034128435e-08,bidisperse_a0.005_sr0.667_N1000_L12_T100000_seed4.npz,bidisperse,4,0.005,0.6666666666666666,0.701169501289847
6000.0,0.8973707730014473,19,0.355,,0.5927315772713542,0.550251256281407,3.092280006499399e-08,bidisperse_a0.005_sr0.667_N1000_L12_T100000_seed4.npz,bidisperse,4,0.005,0.6666666666666666,0.701169501289847
7000.0,0.8923127372837516,23,0.377,,0.5601023665425673,0.5067969413763806,2.6014578071263363e-08,bidisperse_a0.005_sr0.667_N1000_L12_T100000_seed4.npz,bidisperse,4,0.005,0.6666666666666666,0.701169501289847
8000.0,0.8845643372538544,23,0.342,0.5693478406387109,0.6131663918395126,0.5040135192226447,3.6605630386010693e-08,bidisperse_a0.005_sr0.667_N1000_L12_T100000_seed4.npz,bidisperse,4,0.005,0.6666666666666666,0.701169501289847
9000.0,0.8819441606939649,27,0.329,,0.5351958058742255,0.4745030250648228,4.314650792213824e-08,bidisperse_a0.005_sr0.667_N1000_L12_T100000_seed4.npz,bidisperse,4,0.005,0.6666666666666666,0.701169501289847
10000.0,0.8768144858683333,20,0.569,,0.5481477635853252,0.48267117497886725,3.326358052530626e-08,bidisperse_a0.005_sr0.667_N1000_L12_T100000_seed4.npz,bidisperse,4,0.005,0.6666666666666666,0.701169501289847
11000.0,0.8769256845613782,23,0.357,,0.5563802617197495,0.48706365503080085,2.8906871140866844e-08,bidisperse_a0.005_sr0.667_N1000_L12_T100000_seed4.npz,bidisperse,4,0.005,0.6666666666666666,0.701169501289847
12000.0,0.875097903257031,16,0.924,0.5639762725103682,0.5345559054106253,0.46365173288250217,2.6989496183537028e-08,bidisperse_a0.005_sr0.667_N1000_L12_T100000_seed4.npz,bidisperse,4,0.005,0.6666666666666666,0.701169501289847
13000.0,0.8821354465040256,20,0.551,,0.5590220129819066,0.48794926004228334,3.369350228107137e-08,bidisperse_a0.005_sr0.667_N1000_L12_T100000_seed4.npz,bidisperse,4,0.005,0.6666666666666666,0.701169501289847
14000.0,0.879723664080056,24,0.877,,0.5265687470723859,0.49437734277384426,3.2426086476880664e-08,bidisperse_a0.005_sr0.667_N1000_L12_T100000_seed4.npz,bidisperse,4,0.005,0.6666666666666666,0.701169501289847
15000.0,0.8720661333333334,19,0.915,,0.5485249690747488,0.4973544973544973,3.155069521656912e-08,bidisperse_a0.005_sr0.667_N1000_L12_T100000_seed4.npz,bidisperse,4,0.005,0.6666666666666666,0.701169501289847
16000.0,0.8729268824421068,19,0.878,0.5501009116961307,0.6146766331444018,0.4567545304777595,2.792101855558014e-08,bidisperse_a0.005_sr0.667_N1000_L12_T100000_seed4.npz,bidisperse,4,0.005,0.6666666666666666,0.701169501289847
17000.0,0.8710792309904065,17,0.857,,0.48285432774153936,0.4405158069883528,3.653093293738258e-08,bidisperse_a0.005_sr0.667_N1000_L12_T100000_seed4.npz,bidisperse,4,0.005,0.6666666666666666,0.701169501289847
18000.0,0.8700154209971755,14,0.875,,0.5212679404842184,0.4549938347718866,3.505763012441394e-08,bidisperse_a0.005_sr0.667_N1000_L12_T100000_seed4.npz,bidisperse,4,0.005,0.6666666666666666,0.701169501289847
19000.0,0.8755825075389992,18,0.877,,0.5618091670014137,0.4535361842105263,3.291727394945776e-08,bidisperse_a0.005_sr0.667_N1000_L12_T100000_seed4.npz,bidisperse,4,0.005,0.6666666666666666,0.701169501289847
20000.0,0.8748765086979959,17,0.586,0.5528877712765028,0.6164547534439097,0.4278523489932886,3.0219091975422264e-08,bidisperse_a0.005_sr0.667_N1000_L12_T100000_seed4.npz,bidisperse,4,0.005,0.6666666666666666,0.701169501289847
21000.0,0.8715361370602976,26,0.514,,0.5799352379591307,0.46513569937369514,2.6197385257227515e-08,bidisperse_a0.005_sr0.667_N1000_L12_T100000_seed4.npz,bidisperse,4,0.005,0.6666666666666666,0.701169501289847
22000.0,0.8707680644571878,21,0.507,,0.503437716579543,0.459106239460371,3.441503808953061e-08,bidisperse_a0.005_sr0.667_N1000_L12_T100000_seed4.npz,bidisperse,4,0.005,0.6666666666666666,0.701169501289847
23000.0,0.8683145631189731,17,0.884,,0.48995597074677855,0.44113950565563465,3.193296064574897e-08,bidisperse_a0.005_sr0.667_N1000_L12_T100000_seed4.npz,bidisperse,4,0.005,0.6666666666666666,0.701169501289847
24000.0,0.8749985923915224,15,0.497,0.551618999990664,0.49275248369767155,0.44156928213689484,3.657089608723817e-08,bidisperse_a0.005_sr0.667_N1000_L12_T100000_seed4.npz,bidisperse,4,0.005,0.6666666666666666,0.701169501289847
25000.0,0.8665645806010956,18,0.487,,0.5674074859324465,0.44499999999999995,4.3058013809719156e-08,bidisperse_a0.005_sr0.667_N1000_L12_T100000_seed4.npz,bidisperse,4,0.005,0.6666666666666666,0.701169501289847
26000.0,0.8682195427289741,22,0.506,,0.47839051923837533,0.43044397463002115,4.1370761513978157e-08,bidisperse_a0.005_sr0.667_N1000_L12_T100000_seed4.npz,bidisperse,4,0.005,0.6666666666666666,0.701169501289847
27000.0,0.8628212640595713,21,0.475,,0.49638815712450723,0.4482758620689655,3.026668514115114e-08,bidisperse_a0.005_sr0.667_N1000_L12_T100000_seed4.npz,bidisperse,4,0.005,0.6666666666666666,0.701169501289847
28000.0,0.8667499155338539,20,0.483,0.5425973739484476,0.5406131970870318,0.41174004192872116,3.2871334178122834e-08,bidisperse_a0.005_sr0.667_N1000_L12_T100000_seed4.npz,bidisperse,4,0.005,0.6666666666666666,0.701169501289847
29000.0,0.867990470568619,21,0.496,,0.548357376279497,0.4108361774744027,3.6858363848232907e-08,bidisperse_a0.005_sr0.667_N1000_L12_T100000_seed4.npz,bidisperse,4,0.005,0.6666666666666666,0.701169501289847
30000.0,0.863757847248308,23,0.496,,0.4791545302042656,0.44312896405919666,3.141976514746443e-08,bidisperse_a0.005_sr0.667_N1000_L12_T100000_seed4.npz,bidisperse,4,0.005,0.6666666666666666,0.701169501289847
31000.0,0.8672047986559446,21,0.49,,0.43458813993040385,0.456422965716646,3.638446428694596e-08,bidisperse_a0.005_sr0.667_N1000_L12_T100000_seed4.npz,bidisperse,4,0.005,0.6666666666666666,0.701169501289847
32000.0,0.8704016066306689,25,0.479,0.5483085541420322,0.49369423024841264,0.43882206553297387,3.555688538795991e-08,bidisperse_a0.005_sr0.667_N1000_L12_T100000_seed4.npz,bidisperse,4,0.005,0.6666666666666666,0.701169501289847
33000.0,0.8642927547180467,19,0.832,,0.5421320416434161,0.4636550308008214,3.6181159421994785e-08,bidisperse_a0.005_sr0.667_N1000_L12_T100000_seed4.npz,bidisperse,4,0.005,0.6666666666666666,0.701169501289847
34000.0,0.8591123132118199,22,0.862,,0.5298811802933309,0.4428152492668622,3.676434857451994e-08,bidisperse_a0.005_sr0.667_N1000_L12_T100000_seed4.npz,bidisperse,4,0.005,0.6666666666666666,0.701169501289847
35000.0,0.8676586281309195,25,0.85,,0.5814827518429616,0.43900414937759336,3.7778341095119896e-08,bidisperse_a0.005_sr0.667_N1000_L12_T100000_seed4.npz,bidisperse,4,0.005,0.6666666666666666,0.701169501289847
36000.0,0.8663997282922882,22,0.868,0.5487869984969361,0.4787547779179365,0.4094554664415365,3.49252846741381e-08,bidisperse_a0.005_sr0.667_N1000_L12_T100000_seed4.npz,bidisperse,4,0.005,0.6666666666666666,0.701169501289847
37000.0,0.8635462480815651,20,0.883,,0.5111679077317862,0.44018534119629316,2.8659637945380537e-08,bidisperse_a0.005_sr0.667_N1000_L12_T100000_seed4.npz,bidisperse,4,0.005,0.6666666666666666,0.701169501289847
38000.0,0.8670458218892287,17,0.881,,0.5369865405065456,0.4633540372670808,3.084825115322529e-08,bidisperse_a0.005_sr0.667_N1000_L12_T100000_seed4.npz,bidisperse,4,0.005,0.6666666666666666,0.701169501289847
39000.0,0.8693496791420072,15,0.894,,0.4862465848699957,0.4549938347718866,3.031374854728781e-08,bidisperse_a0.005_sr0.667_N1000_L12_T100000_seed4.npz,bidisperse,4,0.005,0.6666666666666666,0.701169501289847
40000.0,0.8711000177777778,19,0.902,0.547465434074074,0.48392711969283475,0.43474646716541976,3.2147739436485406e-08,bidisperse_a0.005_sr0.667_N1000_L12_T100000_seed4.npz,bidisperse,4,0.005,0.6666666666666666,0.701169501289847
41000.0,0.8579066895193099,17,0.876,,0.532236419991515,0.44312114989733065,3.063624036645608e-08,bidisperse_a0.005_sr0.667_N1000_L12_T100000_seed4.npz,bidisperse,4,0.005,0.6666666666666666,0.701169501289847
42000.0,0.8606605137329033,15,0.935,,0.476059679377094,0.4010739363899215,2.666787932326437e-08,bidisperse_a0.005_sr0.667_N1000_L12_T100000_seed4.npz,bidisperse,4,0.005,0.6666666666666666,0.701169501289847
43000.0,0.8660238261105546,14,0.928,,0.4972544182294035,0.4078624078624079,2.5335741452912047e-08,bidisperse_a0.005_sr0.667_N1000_L12_T100000_seed4.npz,bidisperse,4,0.005,0.6666666666666666,0.701169501289847
44000.0,0.8545571309804995,22,0.916,0.5270141200967225,0.4792331192104662,0.4343271555197421,2.9064727664824366e-08,bidisperse_a0.005_sr0.667_N1000_L12_T100000_seed4.npz,bidisperse,4,0.005,0.6666666666666666,0.701169501289847
45000.0,0.8563808819453775,21,0.908,,0.42448700451880483,0.4022094926350246,2.9491004548839965e-08,bidisperse_a0.005_sr0.667_N1000_L12_T100000_seed4.npz,bidisperse,4,0.005,0.6666666666666666,0.701169501289847
46000.0,0.852818056252754,14,0.932,,0.5479683963642519,0.37132200580190633,2.7243471454908417e-08,bidisperse_a0.005_sr0.667_N1000_L12_T100000_seed4.npz,bidisperse,4,0.005,0.6666666666666666,0.701169501289847
47000.0,0.8561545511507636,17,0.877,,0.5858265652545476,0.36514522821576767,2.7402548629645418e-08,bidisperse_a0.005_sr0.667_N1000_L12_T100000_seed4.npz,bidisperse,4,0.005,0.6666666666666666,0.701169501289847
48000.0,0.8573169619550493,16,0.895,0.5311296735637046,0.49250338732977234,0.3632174277335568,3.0482873050209445e-08,bidisperse_a0.005_sr0.667_N1000_L12_T100000_seed4.npz,bidisperse,4,0.005,0.6666666666666666,0.701169501289847
49000.0,0.8607604836165128,25,0.883,,0.4976531832986255,0.3852253756260434,3.151555960542127e-08,bidisperse_a0.005_sr0.667_N1000_L12_T100000_seed4.npz,bidisperse,4,0.005,0.6666666666666666,0.701169501289847
50000.0,0.8576280097159641,21,0.922,,0.4831005797778801,0.36762860727728985,3.3225308914639484e-08,bidisperse_a0.005_sr0.667_N1000_L12_T100000_seed4.npz,bidisperse,4,0.005,0.6666666666666666,0.701169501289847
51000.0,0.8601867662806724,19,0.905,,0.5218724754563808,0.3843344155844156,2.7430873632301193e-08,bidisperse_a0.005_sr0.667_N1000_L12_T100000_seed4.npz,bidisperse,4,0.005,0.6666666666666666,0.701169501289847
52000.0,0.8576332062500455,13,0.932,0.5284388256243413,0.4469767648663154,0.35927152317880795,2.6159905794615663e-08,bidisperse_a0.005_sr0.667_N1000_L12_T100000_seed4.npz,bidisperse,4,0.005,0.6666666666666666,0.701169501289847
53000.0,0.8577962677710159,9,0.943,,0.5324904176713803,0.4,2.678113823519026e-08,bidisperse_a0.005_sr0.667_N1000_L12_T100000_seed4.npz,bidisperse,4,0.005,0.6666666666666666,0.701169501289847
54000.0,0.8615789683820289,9,0.944,,0.5270606193190767,0.3960436011303997,2.1604963698645214e-08,bidisperse_a0.005_sr0.667_N1000_L12_T100000_seed4.npz,bidisperse,4,0.005,0.6666666666666666,0.701169501289847
55000.0,0.8561602968460111,16,0.891,,0.49205505526591875,0.4222850222042793,1.9920677058094085e-08,bidisperse_a0.005_sr0.667_N1000_L12_T100000_seed4.npz,bidisperse,4,0.005,0.6666666666666666,0.701169501289847
56000.0,0.8640786773824506,17,0.883,0.5233056970115831,0.4649646213770085,0.4127694184627898,2.3532986544959272e-08,bidisperse_a0.005_sr0.667_N1000_L12_T100000_seed4.npz,bidisperse,4,0.005,0.6666666666666666,0.701169501289847
57000.0,0.8585537347514406,13,0.92,,0.48516219698984203,0.38900372054568,2.5661736375621542e-08,bidisperse_a0.005_sr0.667_N1000_L12_T100000_seed4.npz,bidisperse,4,0.005,0.6666666666666666,0.701169501289847
58000.0,0.8579844861898634,13,0.851,,0.5099904746507685,0.3849648905410987,2.023094692559266e-08,bidisperse_a0.005_sr0.667_N1000_L12_T100000_seed4.npz,bidisperse,4,0.005,0.6666666666666666,0.701169501289847
59000.0,0.8558036110304672,14,0.854,,0.5270510319012066,0.38744939271255063,2.3514009921777528e-08,bidisperse_a0.005_sr0.667_N1000_L12_T100000_seed4.npz,bidisperse,4,0.005,0.6666666666666666,0.701169501289847
60000.0,0.8518630258225739,16,0.862,0.5273886314729973,0.5743515777357681,0.37966379663796634,2.2845364705810083e-08,bidisperse_a0.005_sr0.667_N1000_L12_T100000_seed4.npz,bidisperse,4,0.005,0.6666666666666666,0.701169501289847
61000.0,0.8606355453865001,15,0.877,,0.5579075820865274,0.38605788830004073,2.174370117500473e-08,bidisperse_a0.005_sr0.667_N1000_L12_T100000_seed4.npz,bidisperse,4,0.005,0.6666666666666666,0.701169501289847
62000.0,0.8613523011245314,12,0.871,,0.5553277999727375,0.3853996737357259,1.9013045291112314e-08,bidisperse_a0.005_sr0.667_N1000_L12_T100000_seed4.npz,bidisperse,4,0.005,0.6666666666666666,0.701169501289847
63000.0,0.8584403298301275,15,0.874,,0.49798790679006943,0.3934560327198364,2.2186490297421255e-08,bidisperse_a0.005_sr0.667_N1000_L12_T100000_seed4.npz,bidisperse,4,0.005,0.6666666666666666,0.701169501289847
64000.0,0.8621504183246608,12,0.881,0.5246079481685542,0.5405016170267448,0.3719587628865979,2.1230079119535355e-08,bidisperse_a0.005_sr0.667_N1000_L12_T100000_seed4.npz,bidisperse,4,0.005,0.6666666666666666,0.701169501289847
65000.0,0.8629104218493394,13,0.818,,0.4719106545055778,0.39720968403775136,2.1574206204220932e-08,bidisperse_a0.005_sr0.667_N1000_L12_T100000_seed4.npz,bidisperse,4,0.005,0.6666666666666666,0.701169501289847
66000.0,0.861504808017479,15,0.813,,0.5114407809325782,0.3999165971643036,3.150843576150662e-08,bidisperse_a0.005_sr0.667_N1000_L12_T100000_seed4.npz,bidisperse,4,0.005,0.6666666666666666,0.701169501289847
67000.0,0.8617720888888889,24,0.774,,0.4459971555901898,0.3964421855146124,2.9871257271296794e-08,bidisperse_a0.005_sr0.667_N1000_L12_T100000_seed4.npz,bidisperse,4,0.005,0.6666666666666666,0.701169501289847
68000.0,0.8639846738183867,25,0.768,0.5332111735309518,0.5369246132743654,0.39198312236286925,3.504147199881343e-08,bidisperse_a0.005_sr0.667_N1000_L12_T100000_seed4.npz,bidisperse,4,0.005,0.6666666666666666,0.701169501289847
69000.0,0.864221218175869,21,0.797,,0.5358823044238914,0.3923625681913554,3.858956132639751e-08,bidisperse_a0.005_sr0.667_N1000_L12_T100000_seed4.npz,bidisperse,4,0.005,0.6666666666666666,0.701169501289847
70000.0,0.8673300904057221,23,0.75,,0.5102413196519354,0.4020313161235717,2.7417587769606667e-08,bidisperse_a0.005_sr0.667_N1000_L12_T100000_seed4.npz,bidisperse,4,0.005,0.6666666666666666,0.701169501289847
71000.0,0.8647845032049768,24,0.727,,0.5621115815542674,0.3946917808219178,3.7818952826195375e-08,bidisperse_a0.005_sr0.667_N1000_L12_T100000_seed4.npz,bidisperse,4,0.005,0.6666666666666666,0.701169501289847
72000.0,0.8672375706354611,28,0.729,0.5416306358134643,0.49967775258790076,0.4225941422594143,4.036704533875991e-08,bidisperse_a0.005_sr0.667_N1000_L12_T100000_seed4.npz,bidisperse,4,0.005,0.6666666666666666,0.701169501289847
73000.0,0.8640396918594432,24,0.736,,0.5262317770096957,0.41990090834021465,3.284346803923608e-08,bidisperse_a0.005_sr0.667_N1000_L12_T100000_seed4.npz,bidisperse,4,0.005,0.6666666666666666,0.701169501289847
74000.0,0.865667950690742,17,0.839,,0.49368859156073464,0.443260958623515,3.989055337021742e-08,bidisperse_a0.005_sr0.667_N1000_L12_T100000_seed4.npz,bidisperse,4,0.005,0.6666666666666666,0.701169501289847
75000.0,0.861288679074571,24,0.766,,0.5160288936248565,0.4277985851019559,3.5435550413359684e-08,bidisperse_a0.005_sr0.667_N1000_L12_T100000_seed4.npz,bidisperse,4,0.005,0.6666666666666666,0.701169501289847
76000.0,0.8664199967199243,16,0.837,0.5358074924144884,0.5021165703756223,0.41694214876033053,3.4823750200167214e-08,bidisperse_a0.005_sr0.667_N1000_L12_T100000_seed4.npz,bidisperse,4,0.005,0.6666666666666666,0.701169501289847
77000.0,0.864704844438257,14,0.849,,0.5245484466960154,0.4072249589490968,2.4667374980638533e-08,bidisperse_a0.005_sr0.667_N1000_L12_T100000_seed4.npz,bidisperse,4,0.005,0.6666666666666666,0.701169501289847
78000.0,0.8643573874409801,13,0.94,,0.4470172095809407,0.42653642653642654,2.5010734220582625e-08,bidisperse_a0.005_sr0.667_N1000_L12_T100000_seed4.npz,bidisperse,4,0.005,0.6666666666666666,0.701169501289847
79000.0,0.8690326605902777,24,0.803,,0.43536805628473607,0.41020323517212776,3.3635457812990455e-08,bidisperse_a0.005_sr0.667_N1000_L12_T100000_seed4.npz,bidisperse,4,0.005,0.6666666666666666,0.701169501289847
80000.0,0.8662206619083436,18,0.895,0.5376880926580578,0.5060778358368977,0.40524781341107874,3.3212094500336343e-08,bidisperse_a0.005_sr0.667_N1000_L12_T100000_seed4.npz,bidisperse,4,0.005,0.6666666666666666,0.701169501289847
81000.0,0.8594311610980345,12,0.906,,0.48340148787991044,0.4000832639467111,2.7590714677407284e-08,bidisperse_a0.005_sr0.667_N1000_L12_T100000_seed4.npz,bidisperse,4,0.005,0.6666666666666666,0.701169501289847
82000.0,0.8640705476433385,18,0.804,,0.5437892274579186,0.4202542025420254,2.8743462436568695e-08,bidisperse_a0.005_sr0.667_N1000_L12_T100000_seed4.npz,bidisperse,4,0.005,0.6666666666666666,0.701169501289847
83000.0,0.8628620558655877,20,0.845,,0.5323889717928733,0.4315181518151815,3.41648926549923e-08,bidisperse_a0.005_sr0.667_N1000_L12_T100000_seed4.npz,bidisperse,4,0.005,0.6666666666666666,0.701169501289847
84000.0,0.8601295793985159,21,0.847,0.53960626927254,0.5454627261966485,0.41986644407345575,3.4648905330041995e-08,bidisperse_a0.005_sr0.667_N1000_L12_T100000_seed4.npz,bidisperse,4,0.005,0.6666666666666666,0.701169501289847
85000.0,0.8582920072945394,19,0.902,,0.505418164093856,0.4074695761644985,3.2670649194458276e-08,bidisperse_a0.005_sr0.667_N1000_L12_T100000_seed4.npz,bidisperse,4,0.005,0.6666666666666666,0.701169501289847
86000.0,0.8644390879411616,15,0.906,,0.47717969764921225,0.43528922180607577,3.515321316992404e-08,bidisperse_a0.005_sr0.667_N1000_L12_T100000_seed4.npz,bidisperse,4,0.005,0.6666666666666666,0.701169501289847
87000.0,0.8568720416217834,24,0.887,,0.5026185385987868,0.43788948899044455,3.3529884160883134e-08,bidisperse_a0.005_sr0.667_N1000_L12_T100000_seed4.npz,bidisperse,4,0.005,0.6666666666666666,0.701169501289847
88000.0,0.8478559260134597,25,0.846,0.5283540746745319,0.44917330765170704,0.4078235538909696,3.418130527332468e-08,bidisperse_a0.005_sr0.667_N1000_L12_T100000_seed4.npz,bidisperse,4,0.005,0.6666666666666666,0.701169501289847
89000.0,0.8530011953234957,27,0.856,,0.47266267820046953,0.3789209535759097,4.208220199330022e-08,bidisperse_a0.005_sr0.667_N1000_L12_T100000_seed4.npz,bidisperse,4,0.005,0.6666666666666666,0.701169501289847
90000.0,0.8526691990003173,24,0.856,,0.45596421780148444,0.40997920997921,4.030709531371161e-08,bidisperse_a0.005_sr0.667_N1000_L12_T100000_seed4.npz,bidisperse,4,0.005,0.6666666666666666,0.701169501289847
91000.0,0.8478812088424577,24,0.849,,0.47413984844689827,0.40745393634840876,3.7924062868177844e-08,bidisperse_a0.005_sr0.667_N1000_L12_T100000_seed4.npz,bidisperse,4,0.005,0.6666666666666666,0.701169501289847
92000.0,0.8522928896765403,22,0.871,0.5259332374691688,0.4444408275657176,0.3996703749484961,3.152536549933885e-08,bidisperse_a0.005_sr0.667_N1000_L12_T100000_seed4.npz,bidisperse,4,0.005,0.6666666666666666,0.701169501289847
93000.0,0.8478220099098432,25,0.851,,0.5234469206275284,0.37774100124120813,2.6351009891951996e-08,bidisperse_a0.005_sr0.667_N1000_L12_T100000_seed4.npz,bidisperse,4,0.005,0.6666666666666666,0.701169501289847
94000.0,0.8464940679182295,26,0.883,,0.42174495695767494,0.3392630241423126,3.312799336224265e-08,bidisperse_a0.005_sr0.667_N1000_L12_T100000_seed4.npz,bidisperse,4,0.005,0.6666666666666666,0.701169501289847
95000.0,0.8481171306612258,27,0.845,,0.49873912989082747,0.37994173949230126,3.719229129948786e-08,bidisperse_a0.005_sr0.667_N1000_L12_T100000_seed4.npz,bidisperse,4,0.005,0.6666666666666666,0.701169501289847
96000.0,0.850693947613615,26,0.858,0.52066647845252,0.4079480924557534,0.3825113966017406,4.694243897656386e-08,bidisperse_a0.005_sr0.667_N1000_L12_T100000_seed4.npz,bidisperse,4,0.005,0.6666666666666666,0.701169501289847
97000.0,0.8513047025231629,13,0.905,,0.42957301261399833,0.37339942172655927,3.7882257545171264e-08,bidisperse_a0.005_sr0.667_N1000_L12_T100000_seed4.npz,bidisperse,4,0.005,0.6666666666666666,0.701169501289847
98000.0,0.8553304418320019,21,0.873,,0.45862341462372846,0.3953017415957878,3.700122300132526e-08,bidisperse_a0.005_sr0.667_N1000_L12_T100000_seed4.npz,bidisperse,4,0.005,0.6666666666666666,0.701169501289847
99000.0,0.8581556777254823,16,0.883,,0.4821147286054613,0.38704387043870436,3.123156999021483e-08,bidisperse_a0.005_sr0.667_N1000_L12_T100000_seed4.npz,bidisperse,4,0.005,0.6666666666666666,0.701169501289847
100000.0,0.8545764884466184,21,0.847,0.5294625962781806,0.5087116605237162,0.39083333333333337,3.2545608760283055e-08,bidisperse_a0.005_sr0.667_N1000_L12_T100000_seed4.npz,bidisperse,4,0.005,0.6666666666666666,0.701169501289847
0.0,0.9892313383406757,211,0.023,0.8702696722418067,,,,bidisperse_a0.005_sr0.667_N1000_L12_T100000_seed5.npz,bidisperse,5,0.005,0.6666666666666666,0.670319045231536
1000.0,0.9471176824353758,29,0.186,,0.13180151912217272,0.8358283433133733,3.686643493504086e-08,bidisperse_a0.005_sr0.667_N1000_L12_T100000_seed5.npz,bidisperse,5,0.005,0.6666666666666666,0.670319045231536
2000.0,0.9323636676395292,18,0.212,,0.6209629723358235,0.6463203463203463,3.4698439450928e-08,bidisperse_a0.005_sr0.667_N1000_L12_T100000_seed5.npz,bidisperse,5,0.005,0.6666666666666666,0.670319045231536
3000.0,0.9294227631020832,19,0.197,,0.6297237989264827,0.6053754266211604,2.8335103655259425e-08,bidisperse_a0.005_sr0.667_N1000_L12_T100000_seed5.npz,bidisperse,5,0.005,0.6666666666666666,0.670319045231536
4000.0,0.9150924496127022,17,0.175,0.5826402333792787,0.6140594602002198,0.570276008492569,3.0191560970321804e-08,bidisperse_a0.005_sr0.667_N1000_L12_T100000_seed5.npz,bidisperse,5,0.005,0.6666666666666666,0.670319045231536
5000.0,0.9093077826976752,16,0.575,,0.6072580643987496,0.5430130088124213,3.357900088194353e-08,bidisperse_a0.005_sr0.667_N1000_L12_T100000_seed5.npz,bidisperse,5,0.005,0.6666666666666666,0.670319045231536
6000.0,0.8962370981120692,16,0.745,,0.6293607780715114,0.5370293752585851,3.071551239436123e-08,bidisperse_a0.005_sr0.667_N1000_L12_T100000_seed5.npz,bidisperse,5,0.005,0.6666666666666666,0.670319045231536
7000.0,0.8935223516877727,19,0.686,,0.6050392697163377,0.5218476903870162,2.6706804905235396e-08,bidisperse_a0.005_sr0.667_N1000_L12_T100000_seed5.npz,bidisperse,5,0.005,0.6666666666666666,0.670319045231536
8000.0,0.8909571539776421,20,0.576,0.5735335328908827,0.5819995730615944,0.5462772521596051,3.01981132307055e-08,bidisperse_a0.005_sr0.667_N1000_L12_T100000_seed5.npz,bidisperse,5,0.005,0.6666666666666666,0.670319045231536
9000.0,0.8844843762391017,18,0.511,,0.543012505554101,0.5164068908941756,2.5826701714100325e-08,bidisperse_a0.005_sr0.667_N1000_L12_T100000_seed5.npz,bidisperse,5,0.005,0.6666666666666666,0.670319045231536
10000.0,0.8897480565603583,23,0.506,,0.6041731983187328,0.4774812343619683,2.7701928615785484e-08,bidisperse_a0.005_sr0.667_N1000_L12_T100000_seed5.npz,bidisperse,5,0.005,0.6666666666666666,0.670319045231536
11000.0,0.8882186594486647,12,0.513,,0.6689645320217628,0.4793423271500843,3.1120073939239535e-08,bidisperse_a0.005_sr0.667_N1000_L12_T100000_seed5.npz,bidisperse,5,0.005,0.6666666666666666,0.670319045231536
12000.0,0.8845138421148372,18,0.826,0.5657694550010407,0.537370590251516,0.4765921552087726,2.7995998988585736e-08,bidisperse_a0.005_sr0.667_N1000_L12_T100000_seed5.npz,bidisperse,5,0.005,0.6666666666666666,0.670319045231536
13000.0,0.8810320725742582,16,0.844,,0.5173403304118456,0.46543778801843316,3.0261385569712166e-08,bidisperse_a0.005_sr0.667_N1000_L12_T100000_seed5.npz,bidisperse,5,0.005,0.6666666666666666,0.670319045231536
14000.0,0.8838544516679817,23,0.838,,0.5993047074993566,0.4795417348608838,2.7925941343536267e-08,bidisperse_a0.005_sr0.667_N1000_L12_T100000_seed5.npz,bidisperse,5,0.005,0.6666666666666666,0.670319045231536
15000.0,0.8815103844308398,14,0.865,,0.5565696090774238,0.5024291497975708,3.085029385310494e-08,bidisperse_a0.005_sr0.667_N1000_L12_T100000_seed5.npz,bidisperse,5,0.005,0.6666666666666666,0.670319045231536
16000.0,0.8833418877743039,14,0.9,0.5579074870838903,0.5717965992477244,0.48618556701030924,3.1761094508277286e-08,bidisperse_a0.005_sr0.667_N1000_L12_T100000_seed5.npz,bidisperse,5,0.005,0.6666666666666666,0.670319045231536
17000.0,0.8831641839061292,14,0.941,,0.5675144674230144,0.4678362573099415,2.8522608371686836e-08,bidisperse_a0.005_sr0.667_N1000_L12_T100000_seed5.npz,bidisperse,5,0.005,0.6666666666666666,0.670319045231536
18000.0,0.8788568854114741,13,0.911,,0.47741682201190094,0.46982937994173946,2.40297027915518e-08,bidisperse_a0.005_sr0.667_N1000_L12_T100000_seed5.npz,bidisperse,5,0.005,0.6666666666666666,0.670319045231536
19000.0,0.8847812520877466,16,0.836,,0.5337051156182809,0.4658853076601088,3.0949166807247665e-08,bidisperse_a0.005_sr0.667_N1000_L12_T100000_seed5.npz,bidisperse,5,0.005,0.6666666666666666,0.670319045231536
20000.0,0.8813843556915008,18,0.793,0.5502054691833923,0.5402588256331802,0.4801980198019802,4.056024069246684e-08,bidisperse_a0.005_sr0.667_N1000_L12_T100000_seed5.npz,bidisperse,5,0.005,0.6666666666666666,0.670319045231536
21000.0,0.8801605881467423,16,0.789,,0.5944840307025387,0.48056244830438377,3.712674635290643e-08,bidisperse_a0.005_sr0.667_N1000_L12_T100000_seed5.npz,bidisperse,5,0.005,0.6666666666666666,0.670319045231536
22000.0,0.8815598624118395,17,0.818,,0.5620087630620937,0.47932175351530193,4.03828755177669e-08,bidisperse_a0.005_sr0.667_N1000_L12_T100000_seed5.npz,bidisperse,5,0.005,0.6666666666666666,0.670319045231536
23000.0,0.8820466877796322,17,0.834,,0.5923032929929132,0.4679354571783202,4.2862840431191644e-08,bidisperse_a0.005_sr0.667_N1000_L12_T100000_seed5.npz,bidisperse,5,0.005,0.6666666666666666,0.670319045231536
24000.0,0.8771081668238859,18,0.851,0.5635304435653424,0.5127742024240398,0.48584512905911736,3.649379631357742e-08,bidisperse_a0.005_sr0.667_N1000_L12_T100000_seed5.npz,bidisperse,5,0.005,0.6666666666666666,0.670319045231536
25000.0,0.869297790121966,23,0.832,,0.46443257931852844,0.4827875734676742,3.629550820684897e-08,bidisperse_a0.005_sr0.667_N1000_L12_T100000_seed5.npz,bidisperse,5,0.005,0.6666666666666666,0.670319045231536
26000.0,0.8699050638168606,24,0.834,,0.48904328535600505,0.4241379310344827,3.6723160224608285e-08,bidisperse_a0.005_sr0.667_N1000_L12_T100000_seed5.npz,bidisperse,5,0.005,0.6666666666666666,0.670319045231536
27000.0,0.8741187657332556,20,0.818,,0.5102307068203583,0.44956048555881123,4.485806561033799e-08,bidisperse_a0.005_sr0.667_N1000_L12_T100000_seed5.npz,bidisperse,5,0.005,0.6666666666666666,0.670319045231536
28000.0,0.8716405419781337,13,0.912,0.5418401257143856,0.5073018393185583,0.4264087468460892,3.8022531461593915e-08,bidisperse_a0.005_sr0.667_N1000_L12_T100000_seed5.npz,bidisperse,5,0.005,0.6666666666666666,0.670319045231536
29000.0,0.8773706679995569,18,0.837,,0.5278165675374772,0.43911592994161797,4.016248178786442e-08,bidisperse_a0.005_sr0.667_N1000_L12_T100000_seed5.npz,bidisperse,5,0.005,0.6666666666666666,0.670319045231536
30000.0,0.8671670044444444,17,0.9,,0.4599319996031022,0.4347826086956522,4.516402748500205e-08,bidisperse_a0.005_sr0.667_N1000_L12_T100000_seed5.npz,bidisperse,5,0.005,0.6666666666666666,0.670319045231536
31000.0,0.8687840441443287,16,0.894,,0.4926500169677722,0.4422277639235245,4.106559641634644e-08,bidisperse_a0.005_sr0.667_N1000_L12_T100000_seed5.npz,bidisperse,5,0.005,0.6666666666666666,0.670319045231536
32000.0,0.8748991271415618,20,0.894,0.5468946552421533,0.5141089242573684,0.42671146577068464,3.835387391990262e-08,bidisperse_a0.005_sr0.667_N1000_L12_T100000_seed5.npz,bidisperse,5,0.005,0.6666666666666666,0.670319045231536
33000.0,0.8712481222462606,22,0.894,,0.5097911106842146,0.40936170212765954,4.08716027434664e-08,bidisperse_a0.005_sr0.667_N1000_L12_T100000_seed5.npz,bidisperse,5,0.005,0.6666666666666666,0.670319045231536
34000.0,0.8712512070308673,19,0.902,,0.5438801515419179,0.4182978723404255,3.575466938934473e-08,bidisperse_a0.005_sr0.667_N1000_L12_T100000_seed5.npz,bidisperse,5,0.005,0.6666666666666666,0.670319045231536
35000.0,0.8764753280985137,17,0.605,,0.5018132608109643,0.4512650352550809,3.209140733974515e-08,bidisperse_a0.005_sr0.667_N1000_L12_T100000_seed5.npz,bidisperse,5,0.005,0.6666666666666666,0.670319045231536
36000.0,0.8693673979377404,15,0.476,0.5482398866019188,0.5120567328230514,0.4304220643543669,3.2830549276453776e-08,bidisperse_a0.005_sr0.667_N1000_L12_T100000_seed5.npz,bidisperse,5,0.005,0.6666666666666666,0.670319045231536
37000.0,0.8785549947649601,19,0.448,,0.5272754841209456,0.41631973355537055,3.011388687788072e-08,bidisperse_a0.005_sr0.667_N1000_L12_T100000_seed5.npz,bidisperse,5,0.005,0.6666666666666666,0.670319045231536
38000.0,0.8736882188356634,16,0.882,,0.5852251099465734,0.41068447412353926,3.226330789008232e-08,bidisperse_a0.005_sr0.667_N1000_L12_T100000_seed5.npz,bidisperse,5,0.005,0.6666666666666666,0.670319045231536
39000.0,0.8764106214617243,20,0.799,,0.5527555081845379,0.4137494727962885,2.8797602234989574e-08,bidisperse_a0.005_sr0.667_N1000_L12_T100000_seed5.npz,bidisperse,5,0.005,0.6666666666666666,0.670319045231536
40000.0,0.8748524701321941,19,0.765,0.5457715279841064,0.5241777900405243,0.41932773109243693,3.0781791308652467e-08,bidisperse_a0.005_sr0.667_N1000_L12_T100000_seed5.npz,bidisperse,5,0.005,0.6666666666666666,0.670319045231536
41000.0,0.8735829254860397,21,0.743,,0.5883715761555324,0.41963911036508605,3.854263606949554e-08,bidisperse_a0.005_sr0.667_N1000_L12_T100000_seed5.npz,bidisperse,5,0.005,0.6666666666666666,0.670319045231536
42000.0,0.8772721549604713,21,0.737,,0.6002005434183051,0.39948783610755445,3.820131757482363e-08,bidisperse_a0.005_sr0.667_N1000_L12_T100000_seed5.npz,bidisperse,5,0.005,0.6666666666666666,0.670319045231536
43000.0,0.8819211246844719,22,0.732,,0.5536907365953082,0.39603960396039606,3.344528180277472e-08,bidisperse_a0.005_sr0.667_N1000_L12_T100000_seed5.npz,bidisperse,5,0.005,0.6666666666666666,0.670319045231536
44000.0,0.876839049701255,21,0.482,0.5418213781685784,0.4990934305320252,0.4452252997106242,3.789491792528111e-08,bidisperse_a0.005_sr0.667_N1000_L12_T100000_seed5.npz,bidisperse,5,0.005,0.6666666666666666,0.670319045231536
45000.0,0.8713736328764071,24,0.481,,0.5441760038674388,0.41496030087755953,3.6788547383857356e-08,bidisperse_a0.005_sr0.667_N1000_L12_T100000_seed5.npz,bidisperse,5,0.005,0.6666666666666666,0.670319045231536
46000.0,0.86900000522459,20,0.486,,0.5433170983707076,0.4045321023919429,4.138375636888272e-08,bidisperse_a0.005_sr0.667_N1000_L12_T100000_seed5.npz,bidisperse,5,0.005,0.6666666666666666,0.670319045231536
47000.0,0.8677224014263277,28,0.485,,0.5500614935490332,0.4088421052631579,3.950166647754237e-08,bidisperse_a0.005_sr0.667_N1000_L12_T100000_seed5.npz,bidisperse,5,0.005,0.6666666666666666,0.670319045231536
48000.0,0.8710666207545185,27,0.484,0.5401108150630506,0.5451424850371942,0.3977079796264855,3.590893259222651e-08,bidisperse_a0.005_sr0.667_N1000_L12_T100000_seed5.npz,bidisperse,5,0.005,0.6666666666666666,0.670319045231536
49000.0,0.8668206032889701,20,0.488,,0.5437562934345719,0.40234211626934335,3.3507728962985e-08,bidisperse_a0.005_sr0.667_N1000_L12_T100000_seed5.npz,bidisperse,5,0.005,0.6666666666666666,0.670319045231536
50000.0,0.8651238174039944,21,0.892,,0.4694423874424426,0.3975496408956485,3.846042530500465e-08,bidisperse_a0.005_sr0.667_N1000_L12_T100000_seed5.npz,bidisperse,5,0.005,0.6666666666666666,0.670319045231536
51000.0,0.8640493133110705,20,0.893,,0.5732873408247791,0.4229962232480067,3.3940567180199315e-08,bidisperse_a0.005_sr0.667_N1000_L12_T100000_seed5.npz,bidisperse,5,0.005,0.6666666666666666,0.670319045231536
52000.0,0.8643562235248217,16,0.902,0.5454519591631987,0.5625416698770331,0.43336127409891034,3.0306200748758085e-08,bidisperse_a0.005_sr0.667_N1000_L12_T100000_seed5.npz,bidisperse,5,0.005,0.6666666666666666,0.670319045231536
53000.0,0.8609461124109428,21,0.907,,0.48695615846194634,0.42191435768261965,2.7824846938635173e-08,bidisperse_a0.005_sr0.667_N1000_L12_T100000_seed5.npz,bidisperse,5,0.005,0.6666666666666666,0.670319045231536
54000.0,0.8679974640225239,19,0.908,,0.6003846173107732,0.41181364392678865,3.2896836163267553e-08,bidisperse_a0.005_sr0.667_N1000_L12_T100000_seed5.npz,bidisperse,5,0.005,0.6666666666666666,0.670319045231536
55000.0,0.8636036204538963,19,0.901,,0.512607052358795,0.4164931278633902,2.746568152883295e-08,bidisperse_a0.005_sr0.667_N1000_L12_T100000_seed5.npz,bidisperse,5,0.005,0.6666666666666666,0.670319045231536
56000.0,0.8700534498705709,17,0.889,0.5538266241044624,0.5257761498777521,0.42211903756859437,3.440084781770493e-08,bidisperse_a0.005_sr0.667_N1000_L12_T100000_seed5.npz,bidisperse,5,0.005,0.6666666666666666,0.670319045231536
57000.0,0.8760270924916136,24,0.832,,0.496887612329789,0.4540540540540541,3.786429286106389e-08,bidisperse_a0.005_sr0.667_N1000_L12_T100000_seed5.npz,bidisperse,5,0.005,0.6666666666666666,0.670319045231536
58000.0,0.871898204454438,25,0.796,,0.5073239536585424,0.4036066981537141,3.2636893705196465e-08,bidisperse_a0.005_sr0.667_N1000_L12_T100000_seed5.npz,bidisperse,5,0.005,0.6666666666666666,0.670319045231536
59000.0,0.8704625982026022,24,0.82,,0.4741397651539841,0.40616966580976865,3.214916990676243e-08,bidisperse_a0.005_sr0.667_N1000_L12_T100000_seed5.npz,bidisperse,5,0.005,0.6666666666666666,0.670319045231536
60000.0,0.8691205259313367,29,0.472,0.5486581933284636,0.5733452223488198,0.41879251700680276,4.0692462412204395e-08,bidisperse_a0.005_sr0.667_N1000_L12_T100000_seed5.npz,bidisperse,5,0.005,0.6666666666666666,0.670319045231536
61000.0,0.8695467230904577,24,0.837,,0.483392344951727,0.4319727891156463,3.6374649006739666e-08,bidisperse_a0.005_sr0.667_N1000_L12_T100000_seed5.npz,bidisperse,5,0.005,0.6666666666666666,0.670319045231536
62000.0,0.8727929272100499,21,0.871,,0.46146432549427396,0.43154761904761907,3.8010175568742007e-08,bidisperse_a0.005_sr0.667_N1000_L12_T100000_seed5.npz,bidisperse,5,0.005,0.6666666666666666,0.670319045231536
63000.0,0.8622655585390671,24,0.876,,0.4475334616798411,0.433786078098472,4.000855779331322e-08,bidisperse_a0.005_sr0.667_N1000_L12_T100000_seed5.npz,bidisperse,5,0.005,0.6666666666666666,0.670319045231536
64000.0,0.8676261610079516,23,0.865,0.5525878629039244,0.4739635052794057,0.4575986565910999,2.7418470621216e-08,bidisperse_a0.005_sr0.667_N1000_L12_T100000_seed5.npz,bidisperse,5,0.005,0.6666666666666666,0.670319045231536
65000.0,0.8623694974607856,23,0.858,,0.5188719016610457,0.45735785953177255,3.561352113755477e-08,bidisperse_a0.005_sr0.667_N1000_L12_T100000_seed5.npz,bidisperse,5,0.005,0.6666666666666666,0.670319045231536
66000.0,0.8682392755876703,19,0.882,,0.4225329160637505,0.4474885844748858,3.1526895915175846e-08,bidisperse_a0.005_sr0.667_N1000_L12_T100000_seed5.npz,bidisperse,5,0.005,0.6666666666666666,0.670319045231536
67000.0,0.8652689611723823,25,0.85,,0.45776403706497026,0.43143812709030105,3.387628986468799e-08,bidisperse_a0.005_sr0.667_N1000_L12_T100000_seed5.npz,bidisperse,5,0.005,0.6666666666666666,0.670319045231536
68000.0,0.8707056561835539,28,0.864,0.5588333811484075,0.45201525800389203,0.4413384159254553,2.996942876483357e-08,bidisperse_a0.005_sr0.667_N1000_L12_T100000_seed5.npz,bidisperse,5,0.005,0.6666666666666666,0.670319045231536
69000.0,0.8641226217404668,23,0.862,,0.4768300661095538,0.4415696420871065,3.421483474322909e-08,bidisperse_a0.005_sr0.667_N1000_L12_T100000_seed5.npz,bidisperse,5,0.005,0.6666666666666666,0.670319045231536
70000.0,0.8648726140377936,30,0.798,,0.4859648664363503,0.45508474576271185,3.7128623303636e-08,bidisperse_a0.005_sr0.667_N1000_L12_T100000_seed5.npz,bidisperse,5,0.005,0.6666666666666666,0.670319045231536
71000.0,0.8687076607520833,27,0.863,,0.4600369308693639,0.4608622854750942,3.322807656372019e-08,bidisperse_a0.005_sr0.667_N1000_L12_T100000_seed5.npz,bidisperse,5,0.005,0.6666666666666666,0.670319045231536
72000.0,0.8777455728420429,28,0.804,0.5548622653737411,0.5316947314446697,0.43272105937633487,2.6276356072800203e-08,bidisperse_a0.005_sr0.667_N1000_L12_T100000_seed5.npz,bidisperse,5,0.005,0.6666666666666666,0.670319045231536
73000.0,0.8687666794349882,25,0.792,,0.5179679907528297,0.4491525423728814,3.526329540519813e-08,bidisperse_a0.005_sr0.667_N1000_L12_T100000_seed5.npz,bidisperse,5,0.005,0.6666666666666666,0.670319045231536
74000.0,0.8676569396830384,24,0.783,,0.4975437425873831,0.4363327674023769,3.4225555567598034e-08,bidisperse_a0.005_sr0.667_N1000_L12_T100000_seed5.npz,bidisperse,5,0.005,0.6666666666666666,0.670319045231536
75000.0,0.8634198302529563,24,0.801,,0.4863413353762368,0.43071000855431996,3.475640732676931e-08,bidisperse_a0.005_sr0.667_N1000_L12_T100000_seed5.npz,bidisperse,5,0.005,0.6666666666666666,0.670319045231536
76000.0,0.8693684925902955,22,0.73,0.5556699565362916,0.4642219311822836,0.4496587030716723,4.339452435422109e-08,bidisperse_a0.005_sr0.667_N1000_L12_T100000_seed5.npz,bidisperse,5,0.005,0.6666666666666666,0.670319045231536
77000.0,0.8665174594910258,17,0.777,,0.49362670405936937,0.4387883887252839,3.9958690833709524e-08,bidisperse_a0.005_sr0.667_N1000_L12_T100000_seed5.npz,bidisperse,5,0.005,0.6666666666666666,0.670319045231536
78000.0,0.8681641705495617,20,0.743,,0.4856176872526181,0.4087468460891506,4.4934846383190706e-08,bidisperse_a0.005_sr0.667_N1000_L12_T100000_seed5.npz,bidisperse,5,0.005,0.6666666666666666,0.670319045231536
79000.0,0.8602436835891382,23,0.786,,0.5261706625802346,0.3912494741270509,3.4189311307010797e-08,bidisperse_a0.005_sr0.667_N1000_L12_T100000_seed5.npz,bidisperse,5,0.005,0.6666666666666666,0.670319045231536
80000.0,0.8633304497316745,19,0.845,0.5341166625146028,0.48349695671249215,0.3874476987447699,3.481116679722869e-08,bidisperse_a0.005_sr0.667_N1000_L12_T100000_seed5.npz,bidisperse,5,0.005,0.6666666666666666,0.670319045231536
81000.0,0.8659413631278627,23,0.828,,0.5146660027553801,0.4028475711892797,3.7525547279821496e-08,bidisperse_a0.005_sr0.667_N1000_L12_T100000_seed5.npz,bidisperse,5,0.005,0.6666666666666666,0.670319045231536
82000.0,0.86597378185894,17,0.888,,0.5274358706932958,0.41109709962168983,3.5258853831610854e-08,bidisperse_a0.005_sr0.667_N1000_L12_T100000_seed5.npz,bidisperse,5,0.005,0.6666666666666666,0.670319045231536
83000.0,0.8588306105914248,18,0.895,,0.5059686391504706,0.4263727121464226,2.3120585829703e-08,bidisperse_a0.005_sr0.667_N1000_L12_T100000_seed5.npz,bidisperse,5,0.005,0.6666666666666666,0.670319045231536
84000.0,0.8578128985304034,22,0.863,0.5335342649903073,0.49627273341656963,0.41369294605809126,2.7509917370666054e-08,bidisperse_a0.005_sr0.667_N1000_L12_T100000_seed5.npz,bidisperse,5,0.005,0.6666666666666666,0.670319045231536
85000.0,0.8616923959459992,18,0.874,,0.49059988549699934,0.3938512671375156,2.7694713135008593e-08,bidisperse_a0.005_sr0.667_N1000_L12_T100000_seed5.npz,bidisperse,5,0.005,0.6666666666666666,0.670319045231536
86000.0,0.8585487799246305,26,0.845,,0.47724537336178496,0.42070665571076415,2.4768172334232133e-08,bidisperse_a0.005_sr0.667_N1000_L12_T100000_seed5.npz,bidisperse,5,0.005,0.6666666666666666,0.670319045231536
87000.0,0.8610858137895142,25,0.835,,0.4862864310852202,0.413647851727043,3.51830910103418e-08,bidisperse_a0.005_sr0.667_N1000_L12_T100000_seed5.npz,bidisperse,5,0.005,0.6666666666666666,0.670319045231536
88000.0,0.8594665602866661,30,0.817,0.5396252437875012,0.465948027811844,0.39837398373983735,3.1533944460654685e-08,bidisperse_a0.005_sr0.667_N1000_L12_T100000_seed5.npz,bidisperse,5,0.005,0.6666666666666666,0.670319045231536
89000.0,0.8628236994276711,24,0.84,,0.495531734114892,0.38346186803770355,4.1231532471689386e-08,bidisperse_a0.005_sr0.667_N1000_L12_T100000_seed5.npz,bidisperse,5,0.005,0.6666666666666666,0.670319045231536
90000.0,0.8564482027272909,20,0.844,,0.5555690350320818,0.3817250213492741,3.24442495693852e-08,bidisperse_a0.005_sr0.667_N1000_L12_T100000_seed5.npz,bidisperse,5,0.005,0.6666666666666666,0.670319045231536
91000.0,0.8565722130061855,26,0.84,,0.5919719668630179,0.3767441860465116,3.652668527721397e-08,bidisperse_a0.005_sr0.667_N1000_L12_T100000_seed5.npz,bidisperse,5,0.005,0.6666666666666666,0.670319045231536
92000.0,0.8578496052068112,30,0.832,0.5326966296914928,0.5917768287919709,0.38667783829074154,4.6723689196990474e-08,bidisperse_a0.005_sr0.667_N1000_L12_T100000_seed5.npz,bidisperse,5,0.005,0.6666666666666666,0.670319045231536
93000.0,0.8591275840934715,28,0.841,,0.48277792023685057,0.4126719466444352,4.348566535873162e-08,bidisperse_a0.005_sr0.667_N1000_L12_T100000_seed5.npz,bidisperse,5,0.005,0.6666666666666666,0.670319045231536
94000.0,0.8526315888586629,24,0.832,,0.4179410847056777,0.38877163360067535,3.617977715646452e-08,bidisperse_a0.005_sr0.667_N1000_L12_T100000_seed5.npz,bidisperse,5,0.005,0.6666666666666666,0.670319045231536
95000.0,0.8614022592493101,26,0.827,,0.4188252531096352,0.3990825688073395,3.548695100433625e-08,bidisperse_a0.005_sr0.667_N1000_L12_T100000_seed5.npz,bidisperse,5,0.005,0.6666666666666666,0.670319045231536
96000.0,0.8573747419048847,27,0.794,0.5326056027726099,0.4619296200285458,0.38639227215455696,3.377460974180222e-08,bidisperse_a0.005_sr0.667_N1000_L12_T100000_seed5.npz,bidisperse,5,0.005,0.6666666666666666,0.670319045231536
97000.0,0.8545907169452143,28,0.812,,0.4290371753707127,0.36918480580452406,3.449733116251182e-08,bidisperse_a0.005_sr0.667_N1000_L12_T100000_seed5.npz,bidisperse,5,0.005,0.6666666666666666,0.670319045231536
98000.0,0.8563632364782531,29,0.813,,0.4517279151470893,0.41445985708280786,3.099242238365955e-08,bidisperse_a0.005_sr0.667_N1000_L12_T100000_seed5.npz,bidisperse,5,0.005,0.6666666666666666,0.670319045231536
99000.0,0.8557003602896095,26,0.836,,0.4933691440122887,0.4054736842105263,3.441449459180218e-08,bidisperse_a0.005_sr0.667_N1000_L12_T100000_seed5.npz,bidisperse,5,0.005,0.6666666666666666,0.670319045231536
100000.0,0.8564090148853403,27,0.837,0.5370421804525903,0.47832410192860414,0.4074383618888424,3.256996713347687e-08,bidisperse_a0.005_sr0.667_N1000_L12_T100000_seed5.npz,bidisperse,5,0.005,0.6666666666666666,0.670319045231536
0.0,0.9791357919320924,110,0.028,0.8641472883254061,,,,monodisperse_a0.005_sr0.667_N1000_L12_T100000_seed1.npz,monodisperse,1,0.005,0.6666666666666666,0.795973892041351
1000.0,0.945846669550173,38,0.152,,0.2660502500961159,0.6996245306633291,1.5999051094320215e-08,monodisperse_a0.005_sr0.667_N1000_L12_T100000_seed1.npz,monodisperse,1,0.005,0.6666666666666666,0.795973892041351
2000.0,0.9380157772650668,23,0.292,,0.755463463223581,0.45141065830721006,1.0989957338669732e-08,monodisperse_a0.005_sr0.667_N1000_L12_T100000_seed1.npz,monodisperse,1,0.005,0.6666666666666666,0.795973892041351
3000.0,0.9299261951855905,19,0.24,,0.8023397334406899,0.3392857142857143,6.47527889145299e-09,monodisperse_a0.005_sr0.667_N1000_L12_T100000_seed1.npz,monodisperse,1,0.005,0.6666666666666666,0.795973892041351
4000.0,0.9224869950294424,13,0.224,0.5711891849958417,0.8266904546153578,0.31177606177606176,7.348292156418093e-09,monodisperse_a0.005_sr0.667_N1000_L12_T100000_seed1.npz,monodisperse,1,0.005,0.6666666666666666,0.795973892041351
5000.0,0.9221372916221934,12,0.278,,0.8552352423532267,0.2951289398280802,5.10103397312327e-09,monodisperse_a0.005_sr0.667_N1000_L12_T100000_seed1.npz,monodisperse,1,0.005,0.6666666666666666,0.795973892041351
6000.0,0.9178871353807457,11,0.268,,0.8488833706433921,0.2710280373831776,4.413333725219708e-09,monodisperse_a0.005_sr0.667_N1000_L12_T100000_seed1.npz,monodisperse,1,0.005,0.6666666666666666,0.795973892041351
7000.0,0.9069832856471043,7,0.596,,0.8314193286649736,0.25574977000919963,4.316995887666416e-09,monodisperse_a0.005_sr0.667_N1000_L12_T100000_seed1.npz,monodisperse,1,0.005,0.6666666666666666,0.795973892041351
8000.0,0.907107503529512,8,0.468,0.5378071785487201,0.8702192907923583,0.26430517711171664,3.820343356578625e-09,monodisperse_a0.005_sr0.667_N1000_L12_T100000_seed1.npz,monodisperse,1,0.005,0.6666666666666666,0.795973892041351
9000.0,0.9010775721904266,6,0.63,,0.8374719178111193,0.2265696087352138,2.5969196066099097e-09,monodisperse_a0.005_sr0.667_N1000_L12_T100000_seed1.npz,monodisperse,1,0.005,0.6666666666666666,0.795973892041351
10000.0,0.9075263892091427,8,0.476,,0.8475312014453307,0.2338709677419355,3.3510935709570677e-09,monodisperse_a0.005_sr0.667_N1000_L12_T100000_seed1.npz,monodisperse,1,0.005,0.6666666666666666,0.795973892041351
11000.0,0.9053430075954282,8,0.414,,0.8422226971152551,0.24162257495590833,3.923125025574513e-09,monodisperse_a0.005_sr0.667_N1000_L12_T100000_seed1.npz,monodisperse,1,0.005,0.6666666666666666,0.795973892041351
12000.0,0.9010143280029297,7,0.588,0.5160425504048666,0.7815296539410436,0.2160979877515311,2.3286662721704976e-09,monodisperse_a0.005_sr0.667_N1000_L12_T100000_seed1.npz,monodisperse,1,0.005,0.6666666666666666,0.795973892041351
13000.0,0.9023237642262613,8,0.47,,0.8201914320497156,0.20668425681618297,1.9727730728915796e-09,monodisperse_a0.005_sr0.667_N1000_L12_T100000_seed1.npz,monodisperse,1,0.005,0.6666666666666666,0.795973892041351
14000.0,0.8956625600005986,7,0.588,,0.8230655254001132,0.20263157894736838,2.296788545641333e-09,monodisperse_a0.005_sr0.667_N1000_L12_T100000_seed1.npz,monodisperse,1,0.005,0.6666666666666666,0.795973892041351
15000.0,0.9025900551801104,7,0.586,,0.8603626672506177,0.18423383525243575,1.2996781411628385e-09,monodisperse_a0.005_sr0.667_N1000_L12_T100000_seed1.npz,monodisperse,1,0.005,0.6666666666666666,0.795973892041351
16000.0,0.893343495177472,8,0.476,0.5076555457829589,0.8402670418502799,0.19841966637401232,1.2185703101568554e-09,monodisperse_a0.005_sr0.667_N1000_L12_T100000_seed1.npz,monodisperse,1,0.005,0.6666666666666666,0.795973892041351
17000.0,0.9018479476502083,7,0.588,,0.7410109309680977,0.1889279437609842,1.1932892485890285e-09,monodisperse_a0.005_sr0.667_N1000_L12_T100000_seed1.npz,monodisperse,1,0.005,0.6666666666666666,0.795973892041351
18000.0,0.8998118449986666,7,0.588,,0.8258183620150343,0.18930762489044695,1.6127057789082524e-09,monodisperse_a0.005_sr0.667_N1000_L12_T100000_seed1.npz,monodisperse,1,0.005,0.6666666666666666,0.795973892041351
19000.0,0.8992886282955962,7,0.588,,0.8369242097475057,0.186411149825784,2.353215992480101e-09,monodisperse_a0.005_sr0.667_N1000_L12_T100000_seed1.npz,monodisperse,1,0.005,0.6666666666666666,0.795973892041351
20000.0,0.8958558236810849,7,0.588,0.5017382013794381,0.8248781034185415,0.18386816999132694,2.412949823456114e-09,monodisperse_a0.005_sr0.667_N1000_L12_T100000_seed1.npz,monodisperse,1,0.005,0.6666666666666666,0.795973892041351
21000.0,0.8944420350323296,7,0.586,,0.8938949225002575,0.1878260869565217,1.1625698069052483e-09,monodisperse_a0.005_sr0.667_N1000_L12_T100000_seed1.npz,monodisperse,1,0.005,0.6666666666666666,0.795973892041351
22000.0,0.895474544758426,7,0.584,,0.8524956430061007,0.18874458874458877,1.5761046072847451e-09,monodisperse_a0.005_sr0.667_N1000_L12_T100000_seed1.npz,monodisperse,1,0.005,0.6666666666666666,0.795973892041351
23000.0,0.8961614151287449,7,0.588,,0.8523858765956442,0.17083692838654008,1.140988556862098e-09,monodisperse_a0.005_sr0.667_N1000_L12_T100000_seed1.npz,monodisperse,1,0.005,0.6666666666666666,0.795973892041351
24000.0,0.8909980592592059,7,0.588,0.4990695366106288,0.86812733296613,0.1753022452504318,1.5251711670347613e-09,monodisperse_a0.005_sr0.667_N1000_L12_T100000_seed1.npz,monodisperse,1,0.005,0.6666666666666666,0.795973892041351
25000.0,0.8934000548344451,7,0.586,,0.7903301632207287,0.18450826805918186,1.2549219986101445e-09,monodisperse_a0.005_sr0.667_N1000_L12_T100000_seed1.npz,monodisperse,1,0.005,0.6666666666666666,0.795973892041351
26000.0,0.8964417651739646,7,0.588,,0.8500312332641154,0.18450826805918186,1.83683988509439e-09,monodisperse_a0.005_sr0.667_N1000_L12_T100000_seed1.npz,monodisperse,1,0.005,0.6666666666666666,0.795973892041351
27000.0,0.8930471655328799,7,0.588,,0.9271558481565854,0.18464193270060392,1.896810092409917e-09,monodisperse_a0.005_sr0.667_N1000_L12_T100000_seed1.npz,monodisperse,1,0.005,0.6666666666666666,0.795973892041351
28000.0,0.8967298446745562,7,0.588,0.5117971831854043,0.8611062423635132,0.19827586206896552,1.7750628298364377e-09,monodisperse_a0.005_sr0.667_N1000_L12_T100000_seed1.npz,monodisperse,1,0.005,0.6666666666666666,0.795973892041351
29000.0,0.8883503915984335,7,0.588,,0.8751652896882102,0.19121447028423777,2.208162987377048e-09,monodisperse_a0.005_sr0.667_N1000_L12_T100000_seed1.npz,monodisperse,1,0.005,0.6666666666666666,0.795973892041351
30000.0,0.8944584371662513,7,0.588,,0.8402094500979306,0.1802575107296137,1.3250998350852692e-09,monodisperse_a0.005_sr0.667_N1000_L12_T100000_seed1.npz,monodisperse,1,0.005,0.6666666666666666,0.795973892041351
31000.0,0.8942305980776077,7,0.586,,0.84518129357746,0.18337617823479002,2.5286535125576194e-09,monodisperse_a0.005_sr0.667_N1000_L12_T100000_seed1.npz,monodisperse,1,0.005,0.6666666666666666,0.795973892041351
32000.0,0.8915053103842361,7,0.586,0.49251068246116203,0.8357996932216615,0.17096219931271472,1.4206048528980067e-09,monodisperse_a0.005_sr0.667_N1000_L12_T100000_seed1.npz,monodisperse,1,0.005,0.6666666666666666,0.795973892041351
33000.0,0.8889217448479673,7,0.586,,0.8372821358472682,0.17110920034393806,1.6504571246444406e-09,monodisperse_a0.005_sr0.667_N1000_L12_T100000_seed1.npz,monodisperse,1,0.005,0.6666666666666666,0.795973892041351
34000.0,0.8920419577278138,7,0.588,,0.8519160234020413,0.17844827586206902,1.9037914490205778e-09,monodisperse_a0.005_sr0.667_N1000_L12_T100000_seed1.npz,monodisperse,1,0.005,0.6666666666666666,0.795973892041351
35000.0,0.8891009708352838,7,0.588,,0.8298965037070295,0.18707482993197277,1.8835032757544253e-09,monodisperse_a0.005_sr0.667_N1000_L12_T100000_seed1.npz,monodisperse,1,0.005,0.6666666666666666,0.795973892041351
36000.0,0.8863273644227393,7,0.586,0.5049242921302356,0.882051652787021,0.16866438356164382,1.4219322037575219e-09,monodisperse_a0.005_sr0.667_N1000_L12_T100000_seed1.npz,monodisperse,1,0.005,0.6666666666666666,0.795973892041351
37000.0,0.8894794045165961,7,0.588,,0.7802987882108537,0.174508126603935,1.4075738740161362e-09,monodisperse_a0.005_sr0.667_N1000_L12_T100000_seed1.npz,monodisperse,1,0.005,0.6666666666666666,0.795973892041351
38000.0,0.8850327744726879,7,0.588,,0.8377160665152913,0.17120954003407152,1.342745076833856e-09,monodisperse_a0.005_sr0.667_N1000_L12_T100000_seed1.npz,monodisperse,1,0.005,0.6666666666666666,0.795973892041351
39000.0,0.882335270696511,7,0.586,,0.8114977682021095,0.18011894647408666,1.4310182107502803e-09,monodisperse_a0.005_sr0.667_N1000_L12_T100000_seed1.npz,monodisperse,1,0.005,0.6666666666666666,0.795973892041351
40000.0,0.8849574688263104,7,0.584,0.49393323051806054,0.8059582927977643,0.17732310315430522,2.1048152284227637e-09,monodisperse_a0.005_sr0.667_N1000_L12_T100000_seed1.npz,monodisperse,1,0.005,0.6666666666666666,0.795973892041351
41000.0,0.8836262579684535,7,0.588,,0.7519222539987496,0.17972742759795568,1.7283981478171264e-09,monodisperse_a0.005_sr0.667_N1000_L12_T100000_seed1.npz,monodisperse,1,0.005,0.6666666666666666,0.795973892041351
42000.0,0.888051595901631,7,0.588,,0.7386604334450154,0.1716227697536109,1.5540729402199048e-09,monodisperse_a0.005_sr0.667_N1000_L12_T100000_seed1.npz,monodisperse,1,0.005,0.6666666666666666,0.795973892041351
43000.0,0.8787765465388627,7,0.588,,0.8029956883497603,0.16200169635284134,1.5115083400110116e-09,monodisperse_a0.005_sr0.667_N1000_L12_T100000_seed1.npz,monodisperse,1,0.005,0.6666666666666666,0.795973892041351
44000.0,0.8864945678161834,7,0.588,0.4888049985513612,0.7369137674208479,0.16426756985605417,1.5914962481215623e-09,monodisperse_a0.005_sr0.667_N1000_L12_T100000_seed1.npz,monodisperse,1,0.005,0.6666666666666666,0.795973892041351
45000.0,0.8859329588551916,7,0.588,,0.7829639913306402,0.1461148648648649,1.7168521910053617e-09,monodisperse_a0.005_sr0.667_N1000_L12_T100000_seed1.npz,monodisperse,1,0.005,0.6666666666666666,0.795973892041351
46000.0,0.8856087356483752,7,0.588,,0.8894019641574663,0.1528716216216216,1.1921535581337254e-09,monodisperse_a0.005_sr0.667_N1000_L12_T100000_seed1.npz,monodisperse,1,0.005,0.6666666666666666,0.795973892041351
47000.0,0.8782698347107438,7,0.588,,0.7429517716676977,0.15338983050847455,1.1477838952164525e-09,monodisperse_a0.005_sr0.667_N1000_L12_T100000_seed1.npz,monodisperse,1,0.005,0.6666666666666666,0.795973892041351
48000.0,0.8892051222153794,7,0.586,0.4916504208343067,0.8030163661250911,0.15456081081081086,1.9663794500874845e-09,monodisperse_a0.005_sr0.667_N1000_L12_T100000_seed1.npz,monodisperse,1,0.005,0.6666666666666666,0.795973892041351
49000.0,0.8853701966180855,7,0.588,,0.8672806409036865,0.14310051107325383,8.549114457950981e-10,monodisperse_a0.005_sr0.667_N1000_L12_T100000_seed1.npz,monodisperse,1,0.005,0.6666666666666666,0.795973892041351
50000.0,0.8831819083515176,7,0.588,,0.8120965532188515,0.1725888324873096,1.5008824822595807e-09,monodisperse_a0.005_sr0.667_N1000_L12_T100000_seed1.npz,monodisperse,1,0.005,0.6666666666666666,0.795973892041351
51000.0,0.8869447634634174,7,0.588,,0.8347702964525453,0.16822429906542058,9.309188047205993e-10,monodisperse_a0.005_sr0.667_N1000_L12_T100000_seed1.npz,monodisperse,1,0.005,0.6666666666666666,0.795973892041351
52000.0,0.8834231160775379,7,0.588,0.49478914596451967,0.8648969693608021,0.16340425531914893,1.8032721697370834e-09,monodisperse_a0.005_sr0.667_N1000_L12_T100000_seed1.npz,monodisperse,1,0.005,0.6666666666666666,0.795973892041351
53000.0,0.8867211085617679,7,0.588,,0.8785085769393862,0.16878710771840544,1.4642135119556071e-09,monodisperse_a0.005_sr0.667_N1000_L12_T100000_seed1.npz,monodisperse,1,0.005,0.6666666666666666,0.795973892041351
54000.0,0.8878886457368909,7,0.588,,0.8037502869242794,0.15709459459459463,1.4538578164468016e-09,monodisperse_a0.005_sr0.667_N1000_L12_T100000_seed1.npz,monodisperse,1,0.005,0.6666666666666666,0.795973892041351
55000.0,0.8831691529492456,7,0.586,,0.7924920169860434,0.16722972972972971,1.2725894585807075e-09,monodisperse_a0.005_sr0.667_N1000_L12_T100000_seed1.npz,monodisperse,1,0.005,0.6666666666666666,0.795973892041351
56000.0,0.8840366500955511,7,0.588,0.482386318770897,0.8756018009522455,0.16003386960203214,1.873511585645337e-09,monodisperse_a0.005_sr0.667_N1000_L12_T100000_seed1.npz,monodisperse,1,0.005,0.6666666666666666,0.795973892041351
57000.0,0.8836021432170041,7,0.588,,0.8407063034058754,0.15351993214588633,1.4127780063702926e-09,monodisperse_a0.005_sr0.667_N1000_L12_T100000_seed1.npz,monodisperse,1,0.005,0.6666666666666666,0.795973892041351
58000.0,0.8882322314049587,6,0.588,,0.8650204369647,0.16470588235294115,1.744569032620306e-09,monodisperse_a0.005_sr0.667_N1000_L12_T100000_seed1.npz,monodisperse,1,0.005,0.6666666666666666,0.795973892041351
59000.0,0.8849960604047713,6,0.588,,0.8013081547629246,0.18456375838926176,1.3546636667795892e-09,monodisperse_a0.005_sr0.667_N1000_L12_T100000_seed1.npz,monodisperse,1,0.005,0.6666666666666666,0.795973892041351
60000.0,0.8805424072343043,6,0.586,0.4803812879770757,0.7825638255618778,0.1854026845637584,9.876326323379414e-10,monodisperse_a0.005_sr0.667_N1000_L12_T100000_seed1.npz,monodisperse,1,0.005,0.6666666666666666,0.795973892041351
61000.0,0.8836759783025742,6,0.586,,0.8484680707975517,0.18219983207388746,1.2443177164900568e-09,monodisperse_a0.005_sr0.667_N1000_L12_T100000_seed1.npz,monodisperse,1,0.005,0.6666666666666666,0.795973892041351
62000.0,0.8815100937820812,6,0.588,,0.7908608068069339,0.18158783783783783,1.1689213438276175e-09,monodisperse_a0.005_sr0.667_N1000_L12_T100000_seed1.npz,monodisperse,1,0.005,0.6666666666666666,0.795973892041351
63000.0,0.8840304018608035,6,0.586,,0.7678449960361909,0.18608549874266556,1.4632322690198436e-09,monodisperse_a0.005_sr0.667_N1000_L12_T100000_seed1.npz,monodisperse,1,0.005,0.6666666666666666,0.795973892041351
64000.0,0.8777048348580067,6,0.588,0.4839166011454225,0.789014349877498,0.16148023549201007,1.3190153253022458e-09,monodisperse_a0.005_sr0.667_N1000_L12_T100000_seed1.npz,monodisperse,1,0.005,0.6666666666666666,0.795973892041351
65000.0,0.8777355664823924,6,0.588,,0.74497206494851,0.12919463087248317,1.1657802258212768e-09,monodisperse_a0.005_sr0.667_N1000_L12_T100000_seed1.npz,monodisperse,1,0.005,0.6666666666666666,0.795973892041351
66000.0,0.8847123439001355,6,0.588,,0.7714075608109947,0.14975041597337768,2.206282729069946e-09,monodisperse_a0.005_sr0.667_N1000_L12_T100000_seed1.npz,monodisperse,1,0.005,0.6666666666666666,0.795973892041351
67000.0,0.8816487529708357,6,0.586,,0.7718223706336625,0.14634146341463417,1.147109830053305e-09,monodisperse_a0.005_sr0.667_N1000_L12_T100000_seed1.npz,monodisperse,1,0.005,0.6666666666666666,0.795973892041351
68000.0,0.8785495867768595,6,0.588,0.4852658402203857,0.7644186505823964,0.1658333333333334,1.5020914114142704e-09,monodisperse_a0.005_sr0.667_N1000_L12_T100000_seed1.npz,monodisperse,1,0.005,0.6666666666666666,0.795973892041351
69000.0,0.880063346486594,6,0.588,,0.8053888244629563,0.13685978169605373,1.0266191597920645e-09,monodisperse_a0.005_sr0.667_N1000_L12_T100000_seed1.npz,monodisperse,1,0.005,0.6666666666666666,0.795973892041351
70000.0,0.8813054946838731,6,0.588,,0.8367001399437203,0.13939899833055092,1.0644371679397155e-09,monodisperse_a0.005_sr0.667_N1000_L12_T100000_seed1.npz,monodisperse,1,0.005,0.6666666666666666,0.795973892041351
71000.0,0.8846252464169642,6,0.588,,0.79328544369996,0.1631973355537052,1.220329416410462e-09,monodisperse_a0.005_sr0.667_N1000_L12_T100000_seed1.npz,monodisperse,1,0.005,0.6666666666666666,0.795973892041351
72000.0,0.8828167885272491,6,0.588,0.48305515560924356,0.8073675526656607,0.15391084945332212,8.92104012640984e-10,monodisperse_a0.005_sr0.667_N1000_L12_T100000_seed1.npz,monodisperse,1,0.005,0.6666666666666666,0.795973892041351
73000.0,0.8840337513677301,6,0.588,,0.8463881608487483,0.17735220649458783,1.3677035510120706e-09,monodisperse_a0.005_sr0.667_N1000_L12_T100000_seed1.npz,monodisperse,1,0.005,0.6666666666666666,0.795973892041351
74000.0,0.8802289673147716,6,0.588,,0.785854895178514,0.1546822742474916,1.401392373080141e-09,monodisperse_a0.005_sr0.667_N1000_L12_T100000_seed1.npz,monodisperse,1,0.005,0.6666666666666666,0.795973892041351
75000.0,0.8795005615923531,6,0.588,,0.8229401969782386,0.15083333333333337,7.822068390576765e-10,monodisperse_a0.005_sr0.667_N1000_L12_T100000_seed1.npz,monodisperse,1,0.005,0.6666666666666666,0.795973892041351
76000.0,0.8837614496216647,6,0.588,0.48086510750547057,0.819272674883248,0.1485809682804674,8.910181138925506e-10,monodisperse_a0.005_sr0.667_N1000_L12_T100000_seed1.npz,monodisperse,1,0.005,0.6666666666666666,0.795973892041351
77000.0,0.8838942875708885,6,0.59,,0.8455764592965785,0.15154038301415484,1.2916972711909668e-09,monodisperse_a0.005_sr0.667_N1000_L12_T100000_seed1.npz,monodisperse,1,0.005,0.6666666666666666,0.795973892041351
78000.0,0.8791199874813814,5,0.63,,0.8023485316425992,0.17026578073089704,1.7380133074761637e-09,monodisperse_a0.005_sr0.667_N1000_L12_T100000_seed1.npz,monodisperse,1,0.005,0.6666666666666666,0.795973892041351
79000.0,0.8760885034710292,5,0.628,,0.8093218398335275,0.18558409279204635,1.2117306252236935e-09,monodisperse_a0.005_sr0.667_N1000_L12_T100000_seed1.npz,monodisperse,1,0.005,0.6666666666666666,0.795973892041351
80000.0,0.8757613962786605,5,0.628,0.48360403403895585,0.8183872788826149,0.17481358740679376,6.416303777713559e-10,monodisperse_a0.005_sr0.667_N1000_L12_T100000_seed1.npz,monodisperse,1,0.005,0.6666666666666666,0.795973892041351
81000.0,0.8738541731823773,5,0.63,,0.7752563719561342,0.1669435215946844,9.894842604838429e-10,monodisperse_a0.005_sr0.667_N1000_L12_T100000_seed1.npz,monodisperse,1,0.005,0.6666666666666666,0.795973892041351
82000.0,0.8776049159686429,5,0.63,,0.7931309105786181,0.1643153526970954,7.140458723880066e-10,monodisperse_a0.005_sr0.667_N1000_L12_T100000_seed1.npz,monodisperse,1,0.005,0.6666666666666666,0.795973892041351
83000.0,0.8745763507636628,5,0.63,,0.8677379880208462,0.14735099337748347,9.581644802540007e-10,monodisperse_a0.005_sr0.667_N1000_L12_T100000_seed1.npz,monodisperse,1,0.005,0.6666666666666666,0.795973892041351
84000.0,0.8780833987048264,5,0.63,0.47737250481489935,0.822965210531546,0.14179719703215166,1.725853852236519e-09,monodisperse_a0.005_sr0.667_N1000_L12_T100000_seed1.npz,monodisperse,1,0.005,0.6666666666666666,0.795973892041351
85000.0,0.8767386484464061,5,0.628,,0.8156122761430912,0.1502890173410405,1.0606230438928624e-09,monodisperse_a0.005_sr0.667_N1000_L12_T100000_seed1.npz,monodisperse,1,0.005,0.6666666666666666,0.795973892041351
86000.0,0.86744836276837,5,0.626,,0.6727001671852543,0.17232808616404305,1.3968111610518206e-09,monodisperse_a0.005_sr0.667_N1000_L12_T100000_seed1.npz,monodisperse,1,0.005,0.6666666666666666,0.795973892041351
87000.0,0.8724497470369029,5,0.63,,0.7690299294549292,0.16056572379367717,8.285973715698083e-10,monodisperse_a0.005_sr0.667_N1000_L12_T100000_seed1.npz,monodisperse,1,0.005,0.6666666666666666,0.795973892041351
88000.0,0.8763022481941402,5,0.63,0.4810621432243054,0.7822424999965623,0.16666666666666663,9.648037862605058e-10,monodisperse_a0.005_sr0.667_N1000_L12_T100000_seed1.npz,monodisperse,1,0.005,0.6666666666666666,0.795973892041351
89000.0,0.8784476045562956,5,0.628,,0.747314791750644,0.16086235489220568,9.590018883086734e-10,monodisperse_a0.005_sr0.667_N1000_L12_T100000_seed1.npz,monodisperse,1,0.005,0.6666666666666666,0.795973892041351
90000.0,0.8749493253618886,5,0.63,,0.7942298273258427,0.16196013289036548,7.889334779564345e-10,monodisperse_a0.005_sr0.667_N1000_L12_T100000_seed1.npz,monodisperse,1,0.005,0.6666666666666666,0.795973892041351
91000.0,0.8741628578586298,5,0.628,,0.741581093857181,0.1658374792703151,8.751900094375369e-10,monodisperse_a0.005_sr0.667_N1000_L12_T100000_seed1.npz,monodisperse,1,0.005,0.6666666666666666,0.795973892041351
92000.0,0.8746063760676649,5,0.63,0.4791219306133813,0.771557210417317,0.16419141914191415,9.9268408366178e-10,monodisperse_a0.005_sr0.667_N1000_L12_T100000_seed1.npz,monodisperse,1,0.005,0.6666666666666666,0.795973892041351
93000.0,0.8743634145476697,5,0.63,,0.776261078333932,0.15841584158415845,1.1229517123450892e-09,monodisperse_a0.005_sr0.667_N1000_L12_T100000_seed1.npz,monodisperse,1,0.005,0.6666666666666666,0.795973892041351
94000.0,0.8737956218445293,5,0.63,,0.7944322643906117,0.1539735099337748,9.832765637397728e-10,monodisperse_a0.005_sr0.667_N1000_L12_T100000_seed1.npz,monodisperse,1,0.005,0.6666666666666666,0.795973892041351
95000.0,0.8784053844754045,4,0.768,,0.7552141412282145,0.16886326194398682,1.4019995105300555e-09,monodisperse_a0.005_sr0.667_N1000_L12_T100000_seed1.npz,monodisperse,1,0.005,0.6666666666666666,0.795973892041351
96000.0,0.8718972018629275,4,0.772,0.4746193817711129,0.7807187994893273,0.1617405582922824,2.0836026604546726e-09,monodisperse_a0.005_sr0.667_N1000_L12_T100000_seed1.npz,monodisperse,1,0.005,0.6666666666666666,0.795973892041351
97000.0,0.8684875321623609,4,0.772,,0.802960634765162,0.15663643858202803,8.738421373337881e-10,monodisperse_a0.005_sr0.667_N1000_L12_T100000_seed1.npz,monodisperse,1,0.005,0.6666666666666666,0.795973892041351
98000.0,0.8673868977993476,4,0.77,,0.8269896123931212,0.16625310173697272,1.2698151224722607e-09,monodisperse_a0.005_sr0.667_N1000_L12_T100000_seed1.npz,monodisperse,1,0.005,0.6666666666666666,0.795973892041351
99000.0,0.8681640744104511,4,0.77,,0.7997791166992573,0.17269736842105265,1.337268959354738e-09,monodisperse_a0.005_sr0.667_N1000_L12_T100000_seed1.npz,monodisperse,1,0.005,0.6666666666666666,0.795973892041351
100000.0,0.863533517041148,4,0.77,0.48172797754396784,0.786088636785059,0.16115702479338845,7.014325462461103e-10,monodisperse_a0.005_sr0.667_N1000_L12_T100000_seed1.npz,monodisperse,1,0.005,0.6666666666666666,0.795973892041351
0.0,0.977918870305243,104,0.036,0.8494288437273484,,,,monodisperse_a0.005_sr0.667_N1000_L12_T100000_seed2.npz,monodisperse,2,0.005,0.6666666666666666,0.8280208285884113
1000.0,0.9350008824364454,29,0.158,,0.2470561705236118,0.6825208085612366,1.7347503066336396e-08,monodisperse_a0.005_sr0.667_N1000_L12_T100000_seed2.npz,monodisperse,2,0.005,0.6666666666666666,0.8280208285884113
2000.0,0.9264362575617499,22,0.122,,0.715605939698599,0.4223790322580645,1.2025287892905675e-08,monodisperse_a0.005_sr0.667_N1000_L12_T100000_seed2.npz,monodisperse,2,0.005,0.6666666666666666,0.8280208285884113
3000.0,0.9263763452490401,18,0.22,,0.876370247948599,0.33492366412213737,6.192196878917056e-09,monodisperse_a0.005_sr0.667_N1000_L12_T100000_seed2.npz,monodisperse,2,0.005,0.6666666666666666,0.8280208285884113
4000.0,0.9197915323546206,14,0.14,0.5422564884230692,0.8787509525076578,0.2907735321528425,6.732928637546874e-09,monodisperse_a0.005_sr0.667_N1000_L12_T100000_seed2.npz,monodisperse,2,0.005,0.6666666666666666,0.8280208285884113
5000.0,0.9155947104817497,12,0.232,,0.892285611031283,0.2589861751152074,3.774207761823861e-09,monodisperse_a0.005_sr0.667_N1000_L12_T100000_seed2.npz,monodisperse,2,0.005,0.6666666666666666,0.8280208285884113
6000.0,0.9153322149623757,12,0.232,,0.9078003328722843,0.2522603978300181,2.940803841357935e-09,monodisperse_a0.005_sr0.667_N1000_L12_T100000_seed2.npz,monodisperse,2,0.005,0.6666666666666666,0.8280208285884113
7000.0,0.9105781703687937,13,0.232,,0.952474787600939,0.2200180342651037,3.3474909303787265e-09,monodisperse_a0.005_sr0.667_N1000_L12_T100000_seed2.npz,monodisperse,2,0.005,0.6666666666666666,0.8280208285884113
8000.0,0.9145093195165757,13,0.136,0.52620153765178,0.9445224597933096,0.21594982078853042,2.8237421676599747e-09,monodisperse_a0.005_sr0.667_N1000_L12_T100000_seed2.npz,monodisperse,2,0.005,0.6666666666666666,0.8280208285884113
9000.0,0.9083555133923509,10,0.232,,0.8990701561052341,0.21268990169794455,2.0769054069750105e-09,monodisperse_a0.005_sr0.667_N1000_L12_T100000_seed2.npz,monodisperse,2,0.005,0.6666666666666666,0.8280208285884113
10000.0,0.9056134430473373,10,0.232,,0.8693805214662492,0.19329214474845546,2.01263406069568e-09,monodisperse_a0.005_sr0.667_N1000_L12_T100000_seed2.npz,monodisperse,2,0.005,0.6666666666666666,0.8280208285884113
11000.0,0.9018920243761657,10,0.232,,0.8433920158555723,0.18125552608311224,2.066408272648204e-09,monodisperse_a0.005_sr0.667_N1000_L12_T100000_seed2.npz,monodisperse,2,0.005,0.6666666666666666,0.8280208285884113
12000.0,0.900152229239325,10,0.232,0.5137073868099412,0.9659553020667903,0.2122270742358079,1.964095016036418e-09,monodisperse_a0.005_sr0.667_N1000_L12_T100000_seed2.npz,monodisperse,2,0.005,0.6666666666666666,0.8280208285884113
13000.0,0.9002147176894569,11,0.232,,0.8906120930160367,0.2176573426573427,1.9957111133820124e-09,monodisperse_a0.005_sr0.667_N1000_L12_T100000_seed2.npz,monodisperse,2,0.005,0.6666666666666666,0.8280208285884113
14000.0,0.897907558082541,9,0.232,,0.8096015171519839,0.23204903677758315,2.2444998294122833e-09,monodisperse_a0.005_sr0.667_N1000_L12_T100000_seed2.npz,monodisperse,2,0.005,0.6666666666666666,0.8280208285884113
15000.0,0.8998193471910277,9,0.232,,0.8330227275292591,0.20924149956408022,2.0239612507961817e-09,monodisperse_a0.005_sr0.667_N1000_L12_T100000_seed2.npz,monodisperse,2,0.005,0.6666666666666666,0.8280208285884113
16000.0,0.8966721240268636,9,0.232,0.5067516269987118,0.8059129667630727,0.19270833333333337,2.029215961376599e-09,monodisperse_a0.005_sr0.667_N1000_L12_T100000_seed2.npz,monodisperse,2,0.005,0.6666666666666666,0.8280208285884113
17000.0,0.8964508332862445,9,0.232,,0.8359648466235751,0.17966695880806305,1.6601071608833513e-09,monodisperse_a0.005_sr0.667_N1000_L12_T100000_seed2.npz,monodisperse,2,0.005,0.6666666666666666,0.8280208285884113
18000.0,0.8995466507830788,9,0.232,,0.8447194997421437,0.1993067590987868,1.7424134630720722e-09,monodisperse_a0.005_sr0.667_N1000_L12_T100000_seed2.npz,monodisperse,2,0.005,0.6666666666666666,0.8280208285884113
19000.0,0.897736726328746,9,0.232,,0.8370479383271556,0.18956521739130439,1.6501131320233734e-09,monodisperse_a0.005_sr0.667_N1000_L12_T100000_seed2.npz,monodisperse,2,0.005,0.6666666666666666,0.8280208285884113
20000.0,0.8939278253263745,9,0.232,0.5088858448148738,0.7964019400512373,0.1924072476272649,1.1640648302761698e-09,monodisperse_a0.005_sr0.667_N1000_L12_T100000_seed2.npz,monodisperse,2,0.005,0.6666666666666666,0.8280208285884113
21000.0,0.8938379187208142,9,0.232,,0.842543603791774,0.1767764298093587,1.043596208728714e-09,monodisperse_a0.005_sr0.667_N1000_L12_T100000_seed2.npz,monodisperse,2,0.005,0.6666666666666666,0.8280208285884113
22000.0,0.8942170094931807,9,0.232,,0.771127024274854,0.1735751295336787,9.176735748961756e-10,monodisperse_a0.005_sr0.667_N1000_L12_T100000_seed2.npz,monodisperse,2,0.005,0.6666666666666666,0.8280208285884113
23000.0,0.8984350466549516,10,0.232,,0.8208754838004265,0.17692974848222032,1.4502667945174374e-09,monodisperse_a0.005_sr0.667_N1000_L12_T100000_seed2.npz,monodisperse,2,0.005,0.6666666666666666,0.8280208285884113
24000.0,0.8960255423868112,8,0.232,0.5107640193710803,0.8040552697250325,0.2122519413287317,2.7556155930185488e-09,monodisperse_a0.005_sr0.667_N1000_L12_T100000_seed2.npz,monodisperse,2,0.005,0.6666666666666666,0.8280208285884113
25000.0,0.8933124241661135,8,0.23,,0.7539708728562736,0.21936589545844043,1.5814659420507625e-09,monodisperse_a0.005_sr0.667_N1000_L12_T100000_seed2.npz,monodisperse,2,0.005,0.6666666666666666,0.8280208285884113
26000.0,0.8914801160444175,8,0.232,,0.7632942033378036,0.1991452991452991,1.4727122637878953e-09,monodisperse_a0.005_sr0.667_N1000_L12_T100000_seed2.npz,monodisperse,2,0.005,0.6666666666666666,0.8280208285884113
27000.0,0.8927969503664805,8,0.232,,0.7807553957780916,0.20575783234546996,1.8952817667356243e-09,monodisperse_a0.005_sr0.667_N1000_L12_T100000_seed2.npz,monodisperse,2,0.005,0.6666666666666666,0.8280208285884113
28000.0,0.8908662335620721,8,0.232,0.5033654262131864,0.7966219261230363,0.20868824531516184,1.9617591230460048e-09,monodisperse_a0.005_sr0.667_N1000_L12_T100000_seed2.npz,monodisperse,2,0.005,0.6666666666666666,0.8280208285884113
29000.0,0.8900495771154664,8,0.232,,0.7762869123612884,0.1991452991452991,1.8263381078731025e-09,monodisperse_a0.005_sr0.667_N1000_L12_T100000_seed2.npz,monodisperse,2,0.005,0.6666666666666666,0.8280208285884113
30000.0,0.894344138933103,8,0.228,,0.8755959037440296,0.18760611205432942,1.351383215479292e-09,monodisperse_a0.005_sr0.667_N1000_L12_T100000_seed2.npz,monodisperse,2,0.005,0.6666666666666666,0.8280208285884113
31000.0,0.8897779496605659,8,0.232,,0.831861005466386,0.17037671232876717,8.003752701455227e-10,monodisperse_a0.005_sr0.667_N1000_L12_T100000_seed2.npz,monodisperse,2,0.005,0.6666666666666666,0.8280208285884113
32000.0,0.8882089370674741,8,0.232,0.49123219772743654,0.8539756807216289,0.17711864406779665,1.532509980865491e-09,monodisperse_a0.005_sr0.667_N1000_L12_T100000_seed2.npz,monodisperse,2,0.005,0.6666666666666666,0.8280208285884113
33000.0,0.8887301545656665,8,0.232,,0.7941821391341185,0.15051020408163263,8.873239039087851e-10,monodisperse_a0.005_sr0.667_N1000_L12_T100000_seed2.npz,monodisperse,2,0.005,0.6666666666666666,0.8280208285884113
34000.0,0.8911831650777938,8,0.234,,0.8220058651768158,0.16908625106746367,1.03448348092551e-09,monodisperse_a0.005_sr0.667_N1000_L12_T100000_seed2.npz,monodisperse,2,0.005,0.6666666666666666,0.8280208285884113
35000.0,0.8859216592030712,7,0.334,,0.8217739115385153,0.17732310315430522,1.3323123054789764e-09,monodisperse_a0.005_sr0.667_N1000_L12_T100000_seed2.npz,monodisperse,2,0.005,0.6666666666666666,0.8280208285884113
36000.0,0.8873433115310099,7,0.334,0.49885317942900603,0.8882784476871405,0.17391304347826086,1.0694533754340565e-09,monodisperse_a0.005_sr0.667_N1000_L12_T100000_seed2.npz,monodisperse,2,0.005,0.6666666666666666,0.8280208285884113
37000.0,0.8883851939702256,7,0.334,,0.8802595001112845,0.19831223628691985,1.136110835546424e-09,monodisperse_a0.005_sr0.667_N1000_L12_T100000_seed2.npz,monodisperse,2,0.005,0.6666666666666666,0.8280208285884113
38000.0,0.8863558495293542,7,0.334,,0.7747904531394184,0.18834459459459463,9.919673416141505e-10,monodisperse_a0.005_sr0.667_N1000_L12_T100000_seed2.npz,monodisperse,2,0.005,0.6666666666666666,0.8280208285884113
39000.0,0.8857654443703109,7,0.334,,0.7803838884945689,0.18143459915611815,1.2488729182333075e-09,monodisperse_a0.005_sr0.667_N1000_L12_T100000_seed2.npz,monodisperse,2,0.005,0.6666666666666666,0.8280208285884113
40000.0,0.8873892948281327,7,0.334,0.48710461722844894,0.8813159942234815,0.17622259696458686,1.583112958918536e-09,monodisperse_a0.005_sr0.667_N1000_L12_T100000_seed2.npz,monodisperse,2,0.005,0.6666666666666666,0.8280208285884113
41000.0,0.8850519703751056,7,0.334,,0.8128655816806714,0.17935702199661585,1.67609947641894e-09,monodisperse_a0.005_sr0.667_N1000_L12_T100000_seed2.npz,monodisperse,2,0.005,0.6666666666666666,0.8280208285884113
42000.0,0.8907399756579608,7,0.334,,0.8032765390818093,0.18089602704987318,1.4716469600252971e-09,monodisperse_a0.005_sr0.667_N1000_L12_T100000_seed2.npz,monodisperse,2,0.005,0.6666666666666666,0.8280208285884113
43000.0,0.8864100157861883,7,0.334,,0.8032872382299795,0.1610169491525424,1.1899987285016657e-09,monodisperse_a0.005_sr0.667_N1000_L12_T100000_seed2.npz,monodisperse,2,0.005,0.6666666666666666,0.8280208285884113
44000.0,0.8910035208797992,7,0.334,0.4985673046800114,0.9106096912566836,0.18265993265993263,1.207160802842323e-09,monodisperse_a0.005_sr0.667_N1000_L12_T100000_seed2.npz,monodisperse,2,0.005,0.6666666666666666,0.8280208285884113
45000.0,0.8861269998195357,7,0.334,,0.7703977070864326,0.19645868465430016,1.5262303565216406e-09,monodisperse_a0.005_sr0.667_N1000_L12_T100000_seed2.npz,monodisperse,2,0.005,0.6666666666666666,0.8280208285884113
46000.0,0.8869471056303645,6,0.334,,0.7210682505787135,0.21996615905245342,1.4642580747848523e-09,monodisperse_a0.005_sr0.667_N1000_L12_T100000_seed2.npz,monodisperse,2,0.005,0.6666666666666666,0.8280208285884113
47000.0,0.884292787784704,6,0.332,,0.8574631007921607,0.2200674536256324,1.5028583916854156e-09,monodisperse_a0.005_sr0.667_N1000_L12_T100000_seed2.npz,monodisperse,2,0.005,0.6666666666666666,0.8280208285884113
48000.0,0.8811563061618937,6,0.334,0.4911855560364034,0.833306668378251,0.1817420435510888,1.786341004396986e-09,monodisperse_a0.005_sr0.667_N1000_L12_T100000_seed2.npz,monodisperse,2,0.005,0.6666666666666666,0.8280208285884113
49000.0,0.8784393247255544,6,0.334,,0.8087621957385901,0.18295739348370932,8.972024567772701e-10,monodisperse_a0.005_sr0.667_N1000_L12_T100000_seed2.npz,monodisperse,2,0.005,0.6666666666666666,0.8280208285884113
50000.0,0.8801306110444539,6,0.334,,0.7847484776672827,0.17142857142857137,1.0687589432911304e-09,monodisperse_a0.005_sr0.667_N1000_L12_T100000_seed2.npz,monodisperse,2,0.005,0.6666666666666666,0.8280208285884113
51000.0,0.8818161820939577,6,0.334,,0.813261402431946,0.16904962153069802,1.2086196288643934e-09,monodisperse_a0.005_sr0.667_N1000_L12_T100000_seed2.npz,monodisperse,2,0.005,0.6666666666666666,0.8280208285884113
52000.0,0.8790707603613647,6,0.334,0.4859196540716178,0.7981411971482888,0.17622610141313388,1.0331959242132483e-09,monodisperse_a0.005_sr0.667_N1000_L12_T100000_seed2.npz,monodisperse,2,0.005,0.6666666666666666,0.8280208285884113
53000.0,0.8780378189878894,6,0.334,,0.8809462381985728,0.170549084858569,9.706467412594004e-10,monodisperse_a0.005_sr0.667_N1000_L12_T100000_seed2.npz,monodisperse,2,0.005,0.6666666666666666,0.8280208285884113
54000.0,0.8789717202368079,6,0.334,,0.8335874371771914,0.17907949790794975,1.0015743600028782e-09,monodisperse_a0.005_sr0.667_N1000_L12_T100000_seed2.npz,monodisperse,2,0.005,0.6666666666666666,0.8280208285884113
55000.0,0.8790188582587857,6,0.334,,0.8316641914393426,0.16568544995794787,9.49531256013189e-10,monodisperse_a0.005_sr0.667_N1000_L12_T100000_seed2.npz,monodisperse,2,0.005,0.6666666666666666,0.8280208285884113
56000.0,0.8764417291733855,6,0.334,0.49263573754460427,0.7720305804858234,0.1911519198664441,1.2441529735197764e-09,monodisperse_a0.005_sr0.667_N1000_L12_T100000_seed2.npz,monodisperse,2,0.005,0.6666666666666666,0.8280208285884113
57000.0,0.8755818654684346,6,0.334,,0.8794008330741405,0.18204697986577179,1.5132856762710916e-09,monodisperse_a0.005_sr0.667_N1000_L12_T100000_seed2.npz,monodisperse,2,0.005,0.6666666666666666,0.8280208285884113
58000.0,0.873797581365149,6,0.334,,0.7809227973382152,0.17026578073089704,1.507111749929811e-09,monodisperse_a0.005_sr0.667_N1000_L12_T100000_seed2.npz,monodisperse,2,0.005,0.6666666666666666,0.8280208285884113
59000.0,0.8784581165159338,6,0.332,,0.7345225815233003,0.18842975206611567,1.1389116559431102e-09,monodisperse_a0.005_sr0.667_N1000_L12_T100000_seed2.npz,monodisperse,2,0.005,0.6666666666666666,0.8280208285884113
60000.0,0.8705834821254024,6,0.334,0.4838746595159588,0.7316045308460658,0.1719532554257095,9.668434883930689e-10,monodisperse_a0.005_sr0.667_N1000_L12_T100000_seed2.npz,monodisperse,2,0.005,0.6666666666666666,0.8280208285884113
61000.0,0.865935669293459,6,0.334,,0.7329938997258777,0.1510851419031719,1.1468377225465968e-09,monodisperse_a0.005_sr0.667_N1000_L12_T100000_seed2.npz,monodisperse,2,0.005,0.6666666666666666,0.8280208285884113
62000.0,0.872191087372449,6,0.334,,0.7979998225580565,0.15950413223140492,8.305418786396884e-10,monodisperse_a0.005_sr0.667_N1000_L12_T100000_seed2.npz,monodisperse,2,0.005,0.6666666666666666,0.8280208285884113
63000.0,0.873862090527891,6,0.332,,0.7619153324958562,0.1476230191826522,1.4288625645956935e-09,monodisperse_a0.005_sr0.667_N1000_L12_T100000_seed2.npz,monodisperse,2,0.005,0.6666666666666666,0.8280208285884113
64000.0,0.8739855707180799,6,0.334,0.48614981923307043,0.6874024007197063,0.1629072681704261,8.560352501407622e-10,monodisperse_a0.005_sr0.667_N1000_L12_T100000_seed2.npz,monodisperse,2,0.005,0.6666666666666666,0.8280208285884113
65000.0,0.8798949897897456,6,0.334,,0.7678199289077476,0.17333333333333334,1.4172149334165748e-09,monodisperse_a0.005_sr0.667_N1000_L12_T100000_seed2.npz,monodisperse,2,0.005,0.6666666666666666,0.8280208285884113
66000.0,0.8767201148984368,6,0.334,,0.7944714881926579,0.1829470198675497,9.591259664910357e-10,monodisperse_a0.005_sr0.667_N1000_L12_T100000_seed2.npz,monodisperse,2,0.005,0.6666666666666666,0.8280208285884113
67000.0,0.8777771857850711,6,0.334,,0.8694187284392405,0.1584241408214585,9.40005326927033e-10,monodisperse_a0.005_sr0.667_N1000_L12_T100000_seed2.npz,monodisperse,2,0.005,0.6666666666666666,0.8280208285884113
68000.0,0.8757921340672393,6,0.332,0.4831878184434248,0.7487767320734482,0.17318900915903412,1.1552268658373454e-09,monodisperse_a0.005_sr0.667_N1000_L12_T100000_seed2.npz,monodisperse,2,0.005,0.6666666666666666,0.8280208285884113
69000.0,0.8779131545949345,6,0.334,,0.7354249696133422,0.18786367414796346,8.049798170139202e-10,monodisperse_a0.005_sr0.667_N1000_L12_T100000_seed2.npz,monodisperse,2,0.005,0.6666666666666666,0.8280208285884113
70000.0,0.8777326980155498,6,0.334,,0.826183052533925,0.176126878130217,1.2856891758532433e-09,monodisperse_a0.005_sr0.667_N1000_L12_T100000_seed2.npz,monodisperse,2,0.005,0.6666666666666666,0.8280208285884113
71000.0,0.8761234471380297,6,0.334,,0.8415342594840504,0.17607973421926915,1.127490080241565e-09,monodisperse_a0.005_sr0.667_N1000_L12_T100000_seed2.npz,monodisperse,2,0.005,0.6666666666666666,0.8280208285884113
72000.0,0.8777828889415978,6,0.334,0.4807456868565623,0.7476986821925902,0.17491749174917492,1.5006103891477824e-09,monodisperse_a0.005_sr0.667_N1000_L12_T100000_seed2.npz,monodisperse,2,0.005,0.6666666666666666,0.8280208285884113
73000.0,0.875756165850383,6,0.334,,0.810210362101089,0.15920398009950254,6.289647968980303e-10,monodisperse_a0.005_sr0.667_N1000_L12_T100000_seed2.npz,monodisperse,2,0.005,0.6666666666666666,0.8280208285884113
74000.0,0.8746538740230837,6,0.334,,0.7787010770063996,0.16043225270157935,1.1602651140759727e-09,monodisperse_a0.005_sr0.667_N1000_L12_T100000_seed2.npz,monodisperse,2,0.005,0.6666666666666666,0.8280208285884113
75000.0,0.8767895718445169,6,0.334,,0.7838747674548043,0.17700578990901572,1.1203223871588834e-09,monodisperse_a0.005_sr0.667_N1000_L12_T100000_seed2.npz,monodisperse,2,0.005,0.6666666666666666,0.8280208285884113
76000.0,0.8770896206408352,6,0.332,0.4867176368971176,0.7473065718369866,0.1764214046822743,1.0992109747177754e-09,monodisperse_a0.005_sr0.667_N1000_L12_T100000_seed2.npz,monodisperse,2,0.005,0.6666666666666666,0.8280208285884113
77000.0,0.8751318190052275,6,0.334,,0.6874991082454173,0.17495854063018246,1.6789050835206078e-09,monodisperse_a0.005_sr0.667_N1000_L12_T100000_seed2.npz,monodisperse,2,0.005,0.6666666666666666,0.8280208285884113
78000.0,0.8703120248259535,6,0.334,,0.7051572584397816,0.1547420965058236,1.3885200851446676e-09,monodisperse_a0.005_sr0.667_N1000_L12_T100000_seed2.npz,monodisperse,2,0.005,0.6666666666666666,0.8280208285884113
79000.0,0.8775023915816327,6,0.334,,0.7733963043062395,0.15575807787903895,1.3374210072090265e-09,monodisperse_a0.005_sr0.667_N1000_L12_T100000_seed2.npz,monodisperse,2,0.005,0.6666666666666666,0.8280208285884113
80000.0,0.8726778806379145,6,0.334,0.4865844911911248,0.8661422815565005,0.15116279069767447,1.029168979589273e-09,monodisperse_a0.005_sr0.667_N1000_L12_T100000_seed2.npz,monodisperse,2,0.005,0.6666666666666666,0.8280208285884113
81000.0,0.8763075532174561,6,0.334,,0.797976415032949,0.15907207953603975,1.0604255183101285e-09,monodisperse_a0.005_sr0.667_N1000_L12_T100000_seed2.npz,monodisperse,2,0.005,0.6666666666666666,0.8280208285884113
82000.0,0.876124909424978,6,0.334,,0.8073485632286498,0.1556291390728477,9.60436870394221e-10,monodisperse_a0.005_sr0.667_N1000_L12_T100000_seed2.npz,monodisperse,2,0.005,0.6666666666666666,0.8280208285884113
83000.0,0.8802051439698375,6,0.334,,0.742991257823144,0.16942148760330578,1.0287337296197878e-09,monodisperse_a0.005_sr0.667_N1000_L12_T100000_seed2.npz,monodisperse,2,0.005,0.6666666666666666,0.8280208285884113
84000.0,0.874475790078699,6,0.334,0.48624023795665966,0.7525228849706128,0.15179316096747286,1.1068949720670527e-09,monodisperse_a0.005_sr0.667_N1000_L12_T100000_seed2.npz,monodisperse,2,0.005,0.6666666666666666,0.8280208285884113
85000.0,0.8759418515532463,6,0.332,,0.7724330150345914,0.16818558409279205,9.471429531252753e-10,monodisperse_a0.005_sr0.667_N1000_L12_T100000_seed2.npz,monodisperse,2,0.005,0.6666666666666666,0.8280208285884113
86000.0,0.8714349832469814,6,0.334,,0.7057309538733276,0.1564059900166389,9.794294955932938e-10,monodisperse_a0.005_sr0.667_N1000_L12_T100000_seed2.npz,monodisperse,2,0.005,0.6666666666666666,0.8280208285884113
87000.0,0.87159841780813,6,0.334,,0.8349036339384642,0.15269709543568466,1.4134896265206453e-09,monodisperse_a0.005_sr0.667_N1000_L12_T100000_seed2.npz,monodisperse,2,0.005,0.6666666666666666,0.8280208285884113
88000.0,0.876405894582751,6,0.334,0.4836406189038465,0.7599302950874343,0.15371900826446283,7.625743228843467e-10,monodisperse_a0.005_sr0.667_N1000_L12_T100000_seed2.npz,monodisperse,2,0.005,0.6666666666666666,0.8280208285884113
89000.0,0.8785754897105397,6,0.334,,0.7894767581807076,0.1552436003303055,1.1626200694464126e-09,monodisperse_a0.005_sr0.667_N1000_L12_T100000_seed2.npz,monodisperse,2,0.005,0.6666666666666666,0.8280208285884113
90000.0,0.8775428354192366,6,0.334,,0.7004499939571384,0.15371900826446283,1.1943793300408219e-09,monodisperse_a0.005_sr0.667_N1000_L12_T100000_seed2.npz,monodisperse,2,0.005,0.6666666666666666,0.8280208285884113
91000.0,0.8730007001662796,5,0.332,,0.7382318250611607,0.15504511894995898,1.0314249322885823e-09,monodisperse_a0.005_sr0.667_N1000_L12_T100000_seed2.npz,monodisperse,2,0.005,0.6666666666666666,0.8280208285884113
92000.0,0.8739176250535465,5,0.334,0.48801784774156415,0.7132503326660731,0.16844700082169273,1.226883923980774e-09,monodisperse_a0.005_sr0.667_N1000_L12_T100000_seed2.npz,monodisperse,2,0.005,0.6666666666666666,0.8280208285884113
93000.0,0.8717037984731995,6,0.334,,0.7195153491055879,0.1732348111658456,1.0315689747684908e-09,monodisperse_a0.005_sr0.667_N1000_L12_T100000_seed2.npz,monodisperse,2,0.005,0.6666666666666666,0.8280208285884113
94000.0,0.8729919584024948,5,0.334,,0.7008083557390171,0.1612111292962357,9.689851207559355e-10,monodisperse_a0.005_sr0.667_N1000_L12_T100000_seed2.npz,monodisperse,2,0.005,0.6666666666666666,0.8280208285884113
95000.0,0.8753249230632845,5,0.334,,0.6988943177148541,0.14802631578947367,1.1406587766723843e-09,monodisperse_a0.005_sr0.667_N1000_L12_T100000_seed2.npz,monodisperse,2,0.005,0.6666666666666666,0.8280208285884113
96000.0,0.8709326496844919,5,0.334,0.4834198990801482,0.7198402439322513,0.16556836902800653,1.1518557009721031e-09,monodisperse_a0.005_sr0.667_N1000_L12_T100000_seed2.npz,monodisperse,2,0.005,0.6666666666666666,0.8280208285884113
97000.0,0.8697154728272509,5,0.332,,0.7744923310102676,0.16296296296296298,9.869643354767855e-10,monodisperse_a0.005_sr0.667_N1000_L12_T100000_seed2.npz,monodisperse,2,0.005,0.6666666666666666,0.8280208285884113
98000.0,0.8718949298469387,5,0.334,,0.7230272700953639,0.15201314708299096,8.771264288425573e-10,monodisperse_a0.005_sr0.667_N1000_L12_T100000_seed2.npz,monodisperse,2,0.005,0.6666666666666666,0.8280208285884113
99000.0,0.8756867031382333,5,0.334,,0.8000832811746116,0.1648804616652927,6.985082000425645e-10,monodisperse_a0.005_sr0.667_N1000_L12_T100000_seed2.npz,monodisperse,2,0.005,0.6666666666666666,0.8280208285884113
100000.0,0.8749186566319601,5,0.334,0.4758402337659072,0.7255376466896253,0.16885245901639345,1.5634236966133672e-09,monodisperse_a0.005_sr0.667_N1000_L12_T100000_seed2.npz,monodisperse,2,0.005,0.6666666666666666,0.8280208285884113
0.0,0.9762812424494617,97,0.026,0.8210119734757978,,,,monodisperse_a0.005_sr0.667_N1000_L12_T100000_seed3.npz,monodisperse,3,0.005,0.6666666666666666,0.8701258126680326
1000.0,0.941959799509211,31,0.132,,0.24468882430365366,0.6880290205562274,1.518104130173007e-08,monodisperse_a0.005_sr0.667_N1000_L12_T100000_seed3.npz,monodisperse,3,0.005,0.6666666666666666,0.8701258126680326
2000.0,0.9343644715720549,24,0.138,,0.7439207102860922,0.4150743099787686,1.035435779412967e-08,monodisperse_a0.005_sr0.667_N1000_L12_T100000_seed3.npz,monodisperse,3,0.005,0.6666666666666666,0.8701258126680326
3000.0,0.9344505549533415,19,0.138,,0.8206650273297578,0.34560327198364005,6.729366903982766e-09,monodisperse_a0.005_sr0.667_N1000_L12_T100000_seed3.npz,monodisperse,3,0.005,0.6666666666666666,0.8701258126680326
4000.0,0.9246090428363104,14,0.356,0.5718416787548198,0.7831845563905495,0.3330078125,5.204680052289608e-09,monodisperse_a0.005_sr0.667_N1000_L12_T100000_seed3.npz,monodisperse,3,0.005,0.6666666666666666,0.8701258126680326
5000.0,0.9152016153140944,10,0.224,,0.797918512606637,0.30732635585157,5.461114558490428e-09,monodisperse_a0.005_sr0.667_N1000_L12_T100000_seed3.npz,monodisperse,3,0.005,0.6666666666666666,0.8701258126680326
6000.0,0.9216939665493931,10,0.226,,0.8548979576808762,0.3105360443622921,5.129355579451018e-09,monodisperse_a0.005_sr0.667_N1000_L12_T100000_seed3.npz,monodisperse,3,0.005,0.6666666666666666,0.8701258126680326
7000.0,0.9110994917934468,9,0.226,,0.888000155564416,0.25022747952684254,4.585536111148798e-09,monodisperse_a0.005_sr0.667_N1000_L12_T100000_seed3.npz,monodisperse,3,0.005,0.6666666666666666,0.8701258126680326
8000.0,0.9072478206463316,7,0.224,0.5218720955948223,0.8800911770768558,0.2263300270513977,3.510691566067047e-09,monodisperse_a0.005_sr0.667_N1000_L12_T100000_seed3.npz,monodisperse,3,0.005,0.6666666666666666,0.8701258126680326
9000.0,0.9060953097084037,7,0.226,,0.8531068855919283,0.23381294964028776,4.014489886038273e-09,monodisperse_a0.005_sr0.667_N1000_L12_T100000_seed3.npz,monodisperse,3,0.005,0.6666666666666666,0.8701258126680326
10000.0,0.9004388183819548,7,0.226,,0.7984031468191374,0.24471830985915488,6.417283173059547e-09,monodisperse_a0.005_sr0.667_N1000_L12_T100000_seed3.npz,monodisperse,3,0.005,0.6666666666666666,0.8701258126680326
11000.0,0.9049837048724537,7,0.228,,0.7678391570161739,0.21321585903083695,2.4741923166204023e-09,monodisperse_a0.005_sr0.667_N1000_L12_T100000_seed3.npz,monodisperse,3,0.005,0.6666666666666666,0.8701258126680326
12000.0,0.9019352291798296,7,0.228,0.5045449064905244,0.8556172440419693,0.2071678321678322,2.8803832880169473e-09,monodisperse_a0.005_sr0.667_N1000_L12_T100000_seed3.npz,monodisperse,3,0.005,0.6666666666666666,0.8701258126680326
13000.0,0.8994086861652906,7,0.228,,0.87031045398788,0.18237347294938921,1.4841500430632753e-09,monodisperse_a0.005_sr0.667_N1000_L12_T100000_seed3.npz,monodisperse,3,0.005,0.6666666666666666,0.8701258126680326
14000.0,0.8958508355433549,7,0.228,,0.8901646931384561,0.1837979094076655,1.527798521449245e-09,monodisperse_a0.005_sr0.667_N1000_L12_T100000_seed3.npz,monodisperse,3,0.005,0.6666666666666666,0.8701258126680326
15000.0,0.8933350742384594,7,0.228,,0.7579095717285667,0.19653679653679657,3.483873471708011e-09,monodisperse_a0.005_sr0.667_N1000_L12_T100000_seed3.npz,monodisperse,3,0.005,0.6666666666666666,0.8701258126680326
16000.0,0.8925936935746687,7,0.228,0.49960104691162294,0.7770927012744063,0.19465977605512486,1.901933989308279e-09,monodisperse_a0.005_sr0.667_N1000_L12_T100000_seed3.npz,monodisperse,3,0.005,0.6666666666666666,0.8701258126680326
17000.0,0.8919642415938546,7,0.228,,0.8109295065533906,0.1842560553633218,1.902489865612833e-09,monodisperse_a0.005_sr0.667_N1000_L12_T100000_seed3.npz,monodisperse,3,0.005,0.6666666666666666,0.8701258126680326
18000.0,0.8852498798104439,7,0.228,,0.7025665832081752,0.19742489270386265,2.4735241837509042e-09,monodisperse_a0.005_sr0.667_N1000_L12_T100000_seed3.npz,monodisperse,3,0.005,0.6666666666666666,0.8701258126680326
19000.0,0.8919649894186097,7,0.228,,0.7218105483421973,0.17039586919104988,1.3035716480105357e-09,monodisperse_a0.005_sr0.667_N1000_L12_T100000_seed3.npz,monodisperse,3,0.005,0.6666666666666666,0.8701258126680326
20000.0,0.8837402310597804,6,0.288,0.49867990513660737,0.7027996034342637,0.17179487179487174,2.967311939430342e-09,monodisperse_a0.005_sr0.667_N1000_L12_T100000_seed3.npz,monodisperse,3,0.005,0.6666666666666666,0.8701258126680326
21000.0,0.8820653725703766,6,0.29,,0.6922276103401727,0.1946826758147513,2.458009214498126e-09,monodisperse_a0.005_sr0.667_N1000_L12_T100000_seed3.npz,monodisperse,3,0.005,0.6666666666666666,0.8701258126680326
22000.0,0.8808897923537817,6,0.29,,0.7535559821667244,0.20220900594732372,3.148324020721973e-09,monodisperse_a0.005_sr0.667_N1000_L12_T100000_seed3.npz,monodisperse,3,0.005,0.6666666666666666,0.8701258126680326
23000.0,0.8854822974941611,6,0.29,,0.7647562981548622,0.1678082191780822,1.2434253751888185e-09,monodisperse_a0.005_sr0.667_N1000_L12_T100000_seed3.npz,monodisperse,3,0.005,0.6666666666666666,0.8701258126680326
24000.0,0.8921010531450871,6,0.29,0.5034635536233547,0.888603652851822,0.18978723404255315,1.1983996140446272e-09,monodisperse_a0.005_sr0.667_N1000_L12_T100000_seed3.npz,monodisperse,3,0.005,0.6666666666666666,0.8701258126680326
25000.0,0.8871357094051004,6,0.288,,0.8765887416387498,0.20101781170483457,1.0208909682457087e-09,monodisperse_a0.005_sr0.667_N1000_L12_T100000_seed3.npz,monodisperse,3,0.005,0.6666666666666666,0.8701258126680326
26000.0,0.8844747145881877,6,0.288,,0.744099321357672,0.20657672849915687,2.130336773117654e-09,monodisperse_a0.005_sr0.667_N1000_L12_T100000_seed3.npz,monodisperse,3,0.005,0.6666666666666666,0.8701258126680326
27000.0,0.8888190998338934,6,0.29,,0.7472377955105405,0.17902813299232734,1.5326755506482616e-09,monodisperse_a0.005_sr0.667_N1000_L12_T100000_seed3.npz,monodisperse,3,0.005,0.6666666666666666,0.8701258126680326
28000.0,0.8823149785781734,7,0.286,0.4982309115668981,0.7450559715244884,0.18297872340425536,1.8500634635433206e-09,monodisperse_a0.005_sr0.667_N1000_L12_T100000_seed3.npz,monodisperse,3,0.005,0.6666666666666666,0.8701258126680326
29000.0,0.8882321435752699,5,0.37,,0.7178979191997651,0.20068317677198977,1.6307741318290177e-09,monodisperse_a0.005_sr0.667_N1000_L12_T100000_seed3.npz,monodisperse,3,0.005,0.6666666666666666,0.8701258126680326
30000.0,0.885093878600823,5,0.372,,0.7393803990582094,0.19677692960135706,1.2787543404539615e-09,monodisperse_a0.005_sr0.667_N1000_L12_T100000_seed3.npz,monodisperse,3,0.005,0.6666666666666666,0.8701258126680326
31000.0,0.8804120769460889,6,0.29,,0.7777130968997833,0.17974683544303793,1.3982148979237963e-09,monodisperse_a0.005_sr0.667_N1000_L12_T100000_seed3.npz,monodisperse,3,0.005,0.6666666666666666,0.8701258126680326
32000.0,0.8862306312448762,5,0.372,0.5023138941573045,0.7775971157303161,0.18104184457728434,1.262494011084163e-09,monodisperse_a0.005_sr0.667_N1000_L12_T100000_seed3.npz,monodisperse,3,0.005,0.6666666666666666,0.8701258126680326
33000.0,0.8829301747404783,5,0.372,,0.753985511161585,0.19999999999999996,1.29465973709241e-09,monodisperse_a0.005_sr0.667_N1000_L12_T100000_seed3.npz,monodisperse,3,0.005,0.6666666666666666,0.8701258126680326
34000.0,0.8830425534317298,5,0.372,,0.6789296293452104,0.20738874895046178,1.5537260217263131e-09,monodisperse_a0.005_sr0.667_N1000_L12_T100000_seed3.npz,monodisperse,3,0.005,0.6666666666666666,0.8701258126680326
35000.0,0.8856558139534884,6,0.29,,0.786817540524741,0.18427726120033816,1.0859812669102896e-09,monodisperse_a0.005_sr0.667_N1000_L12_T100000_seed3.npz,monodisperse,3,0.005,0.6666666666666666,0.8701258126680326
36000.0,0.8833699715201139,5,0.372,0.5020541117835529,0.7792565042255317,0.2043734230445753,1.368157992942684e-09,monodisperse_a0.005_sr0.667_N1000_L12_T100000_seed3.npz,monodisperse,3,0.005,0.6666666666666666,0.8701258126680326
37000.0,0.8773895211533801,5,0.372,,0.7006358422308612,0.19695688926458155,1.0569833966779009e-09,monodisperse_a0.005_sr0.667_N1000_L12_T100000_seed3.npz,monodisperse,3,0.005,0.6666666666666666,0.8701258126680326
38000.0,0.8874917709019091,5,0.372,,0.7134430289899347,0.19414225941422592,1.995952011017099e-09,monodisperse_a0.005_sr0.667_N1000_L12_T100000_seed3.npz,monodisperse,3,0.005,0.6666666666666666,0.8701258126680326
39000.0,0.883305286734813,5,0.372,,0.7725618606636181,0.16989066442388567,8.504283160089029e-10,monodisperse_a0.005_sr0.667_N1000_L12_T100000_seed3.npz,monodisperse,3,0.005,0.6666666666666666,0.8701258126680326
40000.0,0.8812041442895437,5,0.37,0.4946986350692837,0.7637053406084776,0.16188870151770662,1.2327541462043914e-09,monodisperse_a0.005_sr0.667_N1000_L12_T100000_seed3.npz,monodisperse,3,0.005,0.6666666666666666,0.8701258126680326
41000.0,0.8816516338441373,5,0.372,,0.7195278171710311,0.18082422203532378,1.0047021231080046e-09,monodisperse_a0.005_sr0.667_N1000_L12_T100000_seed3.npz,monodisperse,3,0.005,0.6666666666666666,0.8701258126680326
42000.0,0.8792418039087293,5,0.372,,0.6686107888716862,0.17409587888982336,1.0688806582911224e-09,monodisperse_a0.005_sr0.667_N1000_L12_T100000_seed3.npz,monodisperse,3,0.005,0.6666666666666666,0.8701258126680326
43000.0,0.8762232252372087,5,0.372,,0.7317252378576147,0.16652719665271964,1.0278487515127323e-09,monodisperse_a0.005_sr0.667_N1000_L12_T100000_seed3.npz,monodisperse,3,0.005,0.6666666666666666,0.8701258126680326
44000.0,0.8783519905731841,5,0.372,0.4870228375838173,0.7620684777638836,0.17085427135678388,1.1607034408143361e-09,monodisperse_a0.005_sr0.667_N1000_L12_T100000_seed3.npz,monodisperse,3,0.005,0.6666666666666666,0.8701258126680326
45000.0,0.8842439504900869,5,0.372,,0.7268224494174944,0.18319327731092439,1.949701371838949e-09,monodisperse_a0.005_sr0.667_N1000_L12_T100000_seed3.npz,monodisperse,3,0.005,0.6666666666666666,0.8701258126680326
46000.0,0.8809375074489832,4,0.372,,0.8106875523871464,0.18598832360300255,1.459806579376407e-09,monodisperse_a0.005_sr0.667_N1000_L12_T100000_seed3.npz,monodisperse,3,0.005,0.6666666666666666,0.8701258126680326
47000.0,0.8832678049040875,4,0.372,,0.8021927709829046,0.1869782971619366,1.0125389454627698e-09,monodisperse_a0.005_sr0.667_N1000_L12_T100000_seed3.npz,monodisperse,3,0.005,0.6666666666666666,0.8701258126680326
48000.0,0.87871110878246,4,0.372,0.49102390885277764,0.8139348804440361,0.20850708924103423,1.6399529211156994e-09,monodisperse_a0.005_sr0.667_N1000_L12_T100000_seed3.npz,monodisperse,3,0.005,0.6666666666666666,0.8701258126680326
49000.0,0.8836549478459458,5,0.37,,0.7597617270568188,0.2018348623853211,1.6656393436993298e-09,monodisperse_a0.005_sr0.667_N1000_L12_T100000_seed3.npz,monodisperse,3,0.005,0.6666666666666666,0.8701258126680326
50000.0,0.8732750045911241,4,0.372,,0.7233072845913731,0.18379281537176273,1.230408825720383e-09,monodisperse_a0.005_sr0.667_N1000_L12_T100000_seed3.npz,monodisperse,3,0.005,0.6666666666666666,0.8701258126680326
51000.0,0.8767596395830339,4,0.37,,0.6335897461275152,0.1756869275603664,1.15960309564966e-09,monodisperse_a0.005_sr0.667_N1000_L12_T100000_seed3.npz,monodisperse,3,0.005,0.6666666666666666,0.8701258126680326
52000.0,0.8789542290950566,4,0.368,0.491543735291844,0.7362637927520607,0.18326359832635986,9.899342856219355e-10,monodisperse_a0.005_sr0.667_N1000_L12_T100000_seed3.npz,monodisperse,3,0.005,0.6666666666666666,0.8701258126680326
53000.0,0.8784012396694215,4,0.372,,0.7175339481989498,0.1843202668890742,1.210779617317504e-09,monodisperse_a0.005_sr0.667_N1000_L12_T100000_seed3.npz,monodisperse,3,0.005,0.6666666666666666,0.8701258126680326
54000.0,0.8730425711623099,4,0.372,,0.8501224016225378,0.1764214046822743,1.4722558537099207e-09,monodisperse_a0.005_sr0.667_N1000_L12_T100000_seed3.npz,monodisperse,3,0.005,0.6666666666666666,0.8701258126680326
55000.0,0.8787924319193336,4,0.37,,0.7080875257552474,0.18833333333333335,1.895292773360664e-09,monodisperse_a0.005_sr0.667_N1000_L12_T100000_seed3.npz,monodisperse,3,0.005,0.6666666666666666,0.8701258126680326
56000.0,0.8741991956548233,4,0.372,0.48338005035117365,0.7373893002198538,0.167779632721202,1.3152236806376253e-09,monodisperse_a0.005_sr0.667_N1000_L12_T100000_seed3.npz,monodisperse,3,0.005,0.6666666666666666,0.8701258126680326
57000.0,0.8739704496964326,4,0.372,,0.8157171061761735,0.17545304777594728,2.035215510999991e-09,monodisperse_a0.005_sr0.667_N1000_L12_T100000_seed3.npz,monodisperse,3,0.005,0.6666666666666666,0.8701258126680326
58000.0,0.8706903525781364,4,0.372,,0.7522011566776086,0.16153205661948378,9.092032986930432e-10,monodisperse_a0.005_sr0.667_N1000_L12_T100000_seed3.npz,monodisperse,3,0.005,0.6666666666666666,0.8701258126680326
59000.0,0.8764794571266308,4,0.372,,0.7607543151959106,0.17535153019023986,1.1160088176480466e-09,monodisperse_a0.005_sr0.667_N1000_L12_T100000_seed3.npz,monodisperse,3,0.005,0.6666666666666666,0.8701258126680326
60000.0,0.8756478896819404,4,0.37,0.4919610998550185,0.735463368228497,0.1679197994987469,1.481007435188017e-09,monodisperse_a0.005_sr0.667_N1000_L12_T100000_seed3.npz,monodisperse,3,0.005,0.6666666666666666,0.8701258126680326
61000.0,0.8740056702847447,4,0.37,,0.7658819364964953,0.19801159900579945,9.068427887601916e-10,monodisperse_a0.005_sr0.667_N1000_L12_T100000_seed3.npz,monodisperse,3,0.005,0.6666666666666666,0.8701258126680326
62000.0,0.8723123227431405,4,0.372,,0.8019421493359727,0.1840796019900498,1.2885633917778628e-09,monodisperse_a0.005_sr0.667_N1000_L12_T100000_seed3.npz,monodisperse,3,0.005,0.6666666666666666,0.8701258126680326
63000.0,0.8752989371773634,4,0.372,,0.7319431306016903,0.19157720891824936,1.4091593890516863e-09,monodisperse_a0.005_sr0.667_N1000_L12_T100000_seed3.npz,monodisperse,3,0.005,0.6666666666666666,0.8701258126680326
64000.0,0.8769074837194045,4,0.37,0.491144154346425,0.7716486236043746,0.18166666666666664,1.0950706215065917e-09,monodisperse_a0.005_sr0.667_N1000_L12_T100000_seed3.npz,monodisperse,3,0.005,0.6666666666666666,0.8701258126680326
65000.0,0.8765951338008068,4,0.372,,0.7312337056894439,0.18166666666666664,9.401361641884045e-10,monodisperse_a0.005_sr0.667_N1000_L12_T100000_seed3.npz,monodisperse,3,0.005,0.6666666666666666,0.8701258126680326
66000.0,0.8747577307036767,4,0.37,,0.7170588425975305,0.17933884297520664,1.1704124999152966e-09,monodisperse_a0.005_sr0.667_N1000_L12_T100000_seed3.npz,monodisperse,3,0.005,0.6666666666666666,0.8701258126680326
67000.0,0.8755646726068467,4,0.372,,0.7059335900959576,0.15759075907590758,7.338850539213876e-10,monodisperse_a0.005_sr0.667_N1000_L12_T100000_seed3.npz,monodisperse,3,0.005,0.6666666666666666,0.8701258126680326
68000.0,0.8742793388429753,4,0.372,0.4915241046831957,0.725815035819571,0.16886326194398682,1.1735191927604026e-09,monodisperse_a0.005_sr0.667_N1000_L12_T100000_seed3.npz,monodisperse,3,0.005,0.6666666666666666,0.8701258126680326
69000.0,0.8743296469364865,4,0.372,,0.7389447772104899,0.17986798679867988,1.7634600753610276e-09,monodisperse_a0.005_sr0.667_N1000_L12_T100000_seed3.npz,monodisperse,3,0.005,0.6666666666666666,0.8701258126680326
70000.0,0.8755822679985508,4,0.372,,0.7403579396084289,0.1562759767248545,7.882453306450562e-10,monodisperse_a0.005_sr0.667_N1000_L12_T100000_seed3.npz,monodisperse,3,0.005,0.6666666666666666,0.8701258126680326
71000.0,0.8753894328018783,4,0.372,,0.7746622072271632,0.15289256198347112,9.630778030882018e-10,monodisperse_a0.005_sr0.667_N1000_L12_T100000_seed3.npz,monodisperse,3,0.005,0.6666666666666666,0.8701258126680326
72000.0,0.8698988554354729,4,0.372,0.48869066996724136,0.7260453063718459,0.15884773662551444,9.231029131631469e-10,monodisperse_a0.005_sr0.667_N1000_L12_T100000_seed3.npz,monodisperse,3,0.005,0.6666666666666666,0.8701258126680326
73000.0,0.8707667570279816,4,0.372,,0.7143931197102367,0.15907207953603975,9.867147700733562e-10,monodisperse_a0.005_sr0.667_N1000_L12_T100000_seed3.npz,monodisperse,3,0.005,0.6666666666666666,0.8701258126680326
74000.0,0.8771398425452479,4,0.372,,0.6899671191109406,0.1714756801319044,9.932742784782981e-10,monodisperse_a0.005_sr0.667_N1000_L12_T100000_seed3.npz,monodisperse,3,0.005,0.6666666666666666,0.8701258126680326
75000.0,0.8706885285247766,4,0.37,,0.7455899000322554,0.16652858326429165,1.6462372302821513e-09,monodisperse_a0.005_sr0.667_N1000_L12_T100000_seed3.npz,monodisperse,3,0.005,0.6666666666666666,0.8701258126680326
76000.0,0.8715685925925926,4,0.372,0.47757603292181067,0.7238473458817938,0.1647446457990115,1.8331514572496949e-09,monodisperse_a0.005_sr0.667_N1000_L12_T100000_seed3.npz,monodisperse,3,0.005,0.6666666666666666,0.8701258126680326
77000.0,0.876406541676812,4,0.372,,0.7884205269935605,0.1574608408903545,1.1058508309161013e-09,monodisperse_a0.005_sr0.667_N1000_L12_T100000_seed3.npz,monodisperse,3,0.005,0.6666666666666666,0.8701258126680326
78000.0,0.8690954487882728,5,0.37,,0.7372143673088942,0.16280991735537187,1.3786902162797058e-09,monodisperse_a0.005_sr0.667_N1000_L12_T100000_seed3.npz,monodisperse,3,0.005,0.6666666666666666,0.8701258126680326
79000.0,0.8665854883976946,4,0.37,,0.6960555154744104,0.16227347611202636,9.242827039989257e-10,monodisperse_a0.005_sr0.667_N1000_L12_T100000_seed3.npz,monodisperse,3,0.005,0.6666666666666666,0.8701258126680326
80000.0,0.8748173553719009,4,0.372,0.49167341597796144,0.6789909255133986,0.16694214876033053,1.0166147859968277e-09,monodisperse_a0.005_sr0.667_N1000_L12_T100000_seed3.npz,monodisperse,3,0.005,0.6666666666666666,0.8701258126680326
81000.0,0.8764138141545649,4,0.37,,0.7250038766266416,0.16985845129059118,6.70339211540717e-10,monodisperse_a0.005_sr0.667_N1000_L12_T100000_seed3.npz,monodisperse,3,0.005,0.6666666666666666,0.8701258126680326
82000.0,0.8734137692996314,4,0.372,,0.8144093346012681,0.17603305785123968,1.077701795520007e-09,monodisperse_a0.005_sr0.667_N1000_L12_T100000_seed3.npz,monodisperse,3,0.005,0.6666666666666666,0.8701258126680326
83000.0,0.8773853501859319,4,0.372,,0.8201027267935777,0.16099585062240662,7.129799162733708e-10,monodisperse_a0.005_sr0.667_N1000_L12_T100000_seed3.npz,monodisperse,3,0.005,0.6666666666666666,0.8701258126680326
84000.0,0.8709566136737411,4,0.372,0.4768676743153993,0.784003748852889,0.16036184210526316,8.818425694065453e-10,monodisperse_a0.005_sr0.667_N1000_L12_T100000_seed3.npz,monodisperse,3,0.005,0.6666666666666666,0.8701258126680326
85000.0,0.8698946409989594,4,0.372,,0.7908829963460973,0.15144032921810702,8.517971924176484e-10,monodisperse_a0.005_sr0.667_N1000_L12_T100000_seed3.npz,monodisperse,3,0.005,0.6666666666666666,0.8701258126680326
86000.0,0.8707178562177542,4,0.372,,0.7050076814530193,0.1584564860426929,1.2030849749631144e-09,monodisperse_a0.005_sr0.667_N1000_L12_T100000_seed3.npz,monodisperse,3,0.005,0.6666666666666666,0.8701258126680326
87000.0,0.8714559628946503,4,0.372,,0.7312009497740048,0.15081967213114755,1.7314841242220577e-09,monodisperse_a0.005_sr0.667_N1000_L12_T100000_seed3.npz,monodisperse,3,0.005,0.6666666666666666,0.8701258126680326
88000.0,0.8699737952418863,4,0.372,0.48248570771649013,0.7037273273680934,0.1462809917355372,9.246406049911494e-10,monodisperse_a0.005_sr0.667_N1000_L12_T100000_seed3.npz,monodisperse,3,0.005,0.6666666666666666,0.8701258126680326
89000.0,0.8675288148498215,4,0.372,,0.6884790686116036,0.16086235489220568,8.708107882865122e-10,monodisperse_a0.005_sr0.667_N1000_L12_T100000_seed3.npz,monodisperse,3,0.005,0.6666666666666666,0.8701258126680326
90000.0,0.8712681749543868,4,0.372,,0.7500243586989359,0.15238879736408562,9.88730817969992e-10,monodisperse_a0.005_sr0.667_N1000_L12_T100000_seed3.npz,monodisperse,3,0.005,0.6666666666666666,0.8701258126680326
91000.0,0.8691584179384587,4,0.372,,0.746272184244701,0.15970515970515975,1.5014237741223936e-09,monodisperse_a0.005_sr0.667_N1000_L12_T100000_seed3.npz,monodisperse,3,0.005,0.6666666666666666,0.8701258126680326
92000.0,0.8745375718843705,4,0.372,0.4810535147203616,0.742213260055857,0.17091207888249793,1.513836927023996e-09,monodisperse_a0.005_sr0.667_N1000_L12_T100000_seed3.npz,monodisperse,3,0.005,0.6666666666666666,0.8701258126680326
93000.0,0.8681736099838929,4,0.372,,0.6996862862334416,0.1602616516762061,7.689737725675974e-10,monodisperse_a0.005_sr0.667_N1000_L12_T100000_seed3.npz,monodisperse,3,0.005,0.6666666666666666,0.8701258126680326
94000.0,0.8695048457636768,4,0.372,,0.7704281657269758,0.1576354679802956,8.844873228001748e-10,monodisperse_a0.005_sr0.667_N1000_L12_T100000_seed3.npz,monodisperse,3,0.005,0.6666666666666666,0.8701258126680326
95000.0,0.8685263465364541,4,0.372,,0.7779338257787671,0.1632485643970467,7.131116738110753e-10,monodisperse_a0.005_sr0.667_N1000_L12_T100000_seed3.npz,monodisperse,3,0.005,0.6666666666666666,0.8701258126680326
96000.0,0.8713394466231382,4,0.372,0.4770909096635066,0.7022010490920795,0.14790468364831555,7.520868630249418e-10,monodisperse_a0.005_sr0.667_N1000_L12_T100000_seed3.npz,monodisperse,3,0.005,0.6666666666666666,0.8701258126680326
97000.0,0.8720312625321939,4,0.372,,0.7436896015307438,0.14119601328903653,5.527435193777352e-10,monodisperse_a0.005_sr0.667_N1000_L12_T100000_seed3.npz,monodisperse,3,0.005,0.6666666666666666,0.8701258126680326
98000.0,0.8700932716836735,4,0.372,,0.7488572267126371,0.1592409240924092,9.500399495788742e-10,monodisperse_a0.005_sr0.667_N1000_L12_T100000_seed3.npz,monodisperse,3,0.005,0.6666666666666666,0.8701258126680326
99000.0,0.8710017473235215,4,0.37,,0.7781798104661622,0.16844700082169273,9.903811724041646e-10,monodisperse_a0.005_sr0.667_N1000_L12_T100000_seed3.npz,monodisperse,3,0.005,0.6666666666666666,0.8701258126680326
100000.0,0.8701614125118164,4,0.372,0.4840751787159243,0.8094356381540856,0.17724649629018963,8.927255031805661e-10,monodisperse_a0.005_sr0.667_N1000_L12_T100000_seed3.npz,monodisperse,3,0.005,0.6666666666666666,0.8701258126680326
0.0,0.9706666666666667,107,0.032,0.838546962962963,,,,monodisperse_a0.005_sr0.667_N1000_L12_T100000_seed4.npz,monodisperse,4,0.005,0.6666666666666666,0.8484645774914966
1000.0,0.9237064150088509,27,0.364,,0.24036090363272142,0.7165644171779142,1.612094853392453e-08,monodisperse_a0.005_sr0.667_N1000_L12_T100000_seed4.npz,monodisperse,4,0.005,0.6666666666666666,0.8484645774914966
2000.0,0.9269434924888557,26,0.338,,0.6537278163251625,0.43286788399570353,9.77033265691473e-09,monodisperse_a0.005_sr0.667_N1000_L12_T100000_seed4.npz,monodisperse,4,0.005,0.6666666666666666,0.8484645774914966
3000.0,0.9213216722310931,19,0.258,,0.7426777736800829,0.34897959183673466,7.506562120987614e-09,monodisperse_a0.005_sr0.667_N1000_L12_T100000_seed4.npz,monodisperse,4,0.005,0.6666666666666666,0.8484645774914966
4000.0,0.916883949736469,16,0.588,0.5800491252626118,0.8198362405036943,0.3330039525691699,6.069009656367074e-09,monodisperse_a0.005_sr0.667_N1000_L12_T100000_seed4.npz,monodisperse,4,0.005,0.6666666666666666,0.8484645774914966
5000.0,0.9182680202095098,15,0.586,,0.765030800985931,0.29990262901655307,5.138100214314132e-09,monodisperse_a0.005_sr0.667_N1000_L12_T100000_seed4.npz,monodisperse,4,0.005,0.6666666666666666,0.8484645774914966
6000.0,0.9116674593752004,12,0.592,,0.7598856328691357,0.2941176470588235,4.952141145200751e-09,monodisperse_a0.005_sr0.667_N1000_L12_T100000_seed4.npz,monodisperse,4,0.005,0.6666666666666666,0.8484645774914966
7000.0,0.9077172293687015,14,0.464,,0.6813596548805751,0.2929577464788733,4.4143274939204426e-09,monodisperse_a0.005_sr0.667_N1000_L12_T100000_seed4.npz,monodisperse,4,0.005,0.6666666666666666,0.8484645774914966
8000.0,0.903099517221794,11,0.346,0.5450070846537235,0.7447310906901725,0.29558011049723754,4.1746353276037885e-09,monodisperse_a0.005_sr0.667_N1000_L12_T100000_seed4.npz,monodisperse,4,0.005,0.6666666666666666,0.8484645774914966
9000.0,0.9035310405973037,9,0.728,,0.791269100475753,0.24976958525345627,3.387835630576913e-09,monodisperse_a0.005_sr0.667_N1000_L12_T100000_seed4.npz,monodisperse,4,0.005,0.6666666666666666,0.8484645774914966
10000.0,0.8965776262449999,11,0.492,,0.7712655765189937,0.2558983666061706,2.9948911008267667e-09,monodisperse_a0.005_sr0.667_N1000_L12_T100000_seed4.npz,monodisperse,4,0.005,0.6666666666666666,0.8484645774914966
11000.0,0.8996786635134212,9,0.722,,0.7298406378609064,0.24591651542649728,3.871341499646064e-09,monodisperse_a0.005_sr0.667_N1000_L12_T100000_seed4.npz,monodisperse,4,0.005,0.6666666666666666,0.8484645774914966
12000.0,0.8973173281127234,9,0.728,0.5227511353854274,0.729193880271697,0.22010869565217395,2.136967400029057e-09,monodisperse_a0.005_sr0.667_N1000_L12_T100000_seed4.npz,monodisperse,4,0.005,0.6666666666666666,0.8484645774914966
13000.0,0.8989747921217972,10,0.724,,0.7369058811342016,0.23249551166965887,2.0857630452055708e-09,monodisperse_a0.005_sr0.667_N1000_L12_T100000_seed4.npz,monodisperse,4,0.005,0.6666666666666666,0.8484645774914966
14000.0,0.8938322536857282,9,0.73,,0.7878285510577565,0.23318385650224216,2.857186176066028e-09,monodisperse_a0.005_sr0.667_N1000_L12_T100000_seed4.npz,monodisperse,4,0.005,0.6666666666666666,0.8484645774914966
15000.0,0.8972738298556967,10,0.49,,0.7348457444833465,0.20840787119856885,1.8995500032486813e-09,monodisperse_a0.005_sr0.667_N1000_L12_T100000_seed4.npz,monodisperse,4,0.005,0.6666666666666666,0.8484645774914966
16000.0,0.8932386688354509,8,0.726,0.5247334770783302,0.6746050807667638,0.22123104371097235,3.3194867539527143e-09,monodisperse_a0.005_sr0.667_N1000_L12_T100000_seed4.npz,monodisperse,4,0.005,0.6666666666666666,0.8484645774914966
17000.0,0.891287088709881,8,0.728,,0.6971283490001158,0.23015165031222118,2.813194527708372e-09,monodisperse_a0.005_sr0.667_N1000_L12_T100000_seed4.npz,monodisperse,4,0.005,0.6666666666666666,0.8484645774914966
18000.0,0.8922595549862928,8,0.73,,0.7499069552312195,0.22340425531914898,1.9892400100275173e-09,monodisperse_a0.005_sr0.667_N1000_L12_T100000_seed4.npz,monodisperse,4,0.005,0.6666666666666666,0.8484645774914966
19000.0,0.8875569652833503,8,0.73,,0.684888480686514,0.1861086375779163,2.282294933973709e-09,monodisperse_a0.005_sr0.667_N1000_L12_T100000_seed4.npz,monodisperse,4,0.005,0.6666666666666666,0.8484645774914966
20000.0,0.8914872919963327,8,0.728,0.5075987923596171,0.7274963436972679,0.18462897526501765,2.0722605970480536e-09,monodisperse_a0.005_sr0.667_N1000_L12_T100000_seed4.npz,monodisperse,4,0.005,0.6666666666666666,0.8484645774914966
21000.0,0.8886143041258294,8,0.598,,0.759971139409653,0.20386643233743407,3.7728527765998756e-09,monodisperse_a0.005_sr0.667_N1000_L12_T100000_seed4.npz,monodisperse,4,0.005,0.6666666666666666,0.8484645774914966
22000.0,0.8876437627644191,8,0.752,,0.7445356313982786,0.20698689956331873,2.853997314051704e-09,monodisperse_a0.005_sr0.667_N1000_L12_T100000_seed4.npz,monodisperse,4,0.005,0.6666666666666666,0.8484645774914966
23000.0,0.8836929478106359,8,0.606,,0.8141828981375862,0.20928196147110334,2.457932261630277e-09,monodisperse_a0.005_sr0.667_N1000_L12_T100000_seed4.npz,monodisperse,4,0.005,0.6666666666666666,0.8484645774914966
24000.0,0.886635545573318,8,0.606,0.5075822494776451,0.7562489401197038,0.19595782073813706,1.4478065058228545e-09,monodisperse_a0.005_sr0.667_N1000_L12_T100000_seed4.npz,monodisperse,4,0.005,0.6666666666666666,0.8484645774914966
25000.0,0.8825503177520799,8,0.604,,0.7080356514371794,0.1773356401384083,1.8370205605725363e-09,monodisperse_a0.005_sr0.667_N1000_L12_T100000_seed4.npz,monodisperse,4,0.005,0.6666666666666666,0.8484645774914966
26000.0,0.8857571942034294,8,0.602,,0.8138916736511226,0.17013888888888884,1.4129301128844653e-09,monodisperse_a0.005_sr0.667_N1000_L12_T100000_seed4.npz,monodisperse,4,0.005,0.6666666666666666,0.8484645774914966
27000.0,0.8840276428978678,7,0.602,,0.7844819552062227,0.18636755823986195,2.6306668807041174e-09,monodisperse_a0.005_sr0.667_N1000_L12_T100000_seed4.npz,monodisperse,4,0.005,0.6666666666666666,0.8484645774914966
28000.0,0.8824346446885379,8,0.364,0.5034186041994445,0.7836294657375716,0.17432784041630534,1.9906251653453587e-09,monodisperse_a0.005_sr0.667_N1000_L12_T100000_seed4.npz,monodisperse,4,0.005,0.6666666666666666,0.8484645774914966
29000.0,0.8802976048239306,7,0.604,,0.723086095647856,0.1771823681936041,1.2575766142768446e-09,monodisperse_a0.005_sr0.667_N1000_L12_T100000_seed4.npz,monodisperse,4,0.005,0.6666666666666666,0.8484645774914966
30000.0,0.8881805527302058,7,0.604,,0.7649960189526198,0.15958369470945355,1.6946171862122225e-09,monodisperse_a0.005_sr0.667_N1000_L12_T100000_seed4.npz,monodisperse,4,0.005,0.6666666666666666,0.8484645774914966
31000.0,0.8801237025086529,6,0.682,,0.7208211570603194,0.18150684931506844,2.128920442355006e-09,monodisperse_a0.005_sr0.667_N1000_L12_T100000_seed4.npz,monodisperse,4,0.005,0.6666666666666666,0.8484645774914966
32000.0,0.8827043447269649,6,0.678,0.5096433472799204,0.7344651431688506,0.18723037100949091,1.781886340756319e-09,monodisperse_a0.005_sr0.667_N1000_L12_T100000_seed4.npz,monodisperse,4,0.005,0.6666666666666666,0.8484645774914966
33000.0,0.8832149327653918,6,0.682,,0.7356436250440492,0.19154443485763595,1.4144552209638082e-09,monodisperse_a0.005_sr0.667_N1000_L12_T100000_seed4.npz,monodisperse,4,0.005,0.6666666666666666,0.8484645774914966
34000.0,0.8823373239594797,6,0.678,,0.6982340523178704,0.18626609442060083,1.5865513864453347e-09,monodisperse_a0.005_sr0.667_N1000_L12_T100000_seed4.npz,monodisperse,4,0.005,0.6666666666666666,0.8484645774914966
35000.0,0.8844357677069017,6,0.68,,0.6693223661591857,0.17728055077452665,1.4237919727188812e-09,monodisperse_a0.005_sr0.667_N1000_L12_T100000_seed4.npz,monodisperse,4,0.005,0.6666666666666666,0.8484645774914966
36000.0,0.8787460317460317,6,0.682,0.5005337868480726,0.6504396404348162,0.18937446443873174,1.4896390161741602e-09,monodisperse_a0.005_sr0.667_N1000_L12_T100000_seed4.npz,monodisperse,4,0.005,0.6666666666666666,0.8484645774914966
37000.0,0.8820217510734578,6,0.678,,0.6931289968443898,0.20034246575342463,1.6000349391651584e-09,monodisperse_a0.005_sr0.667_N1000_L12_T100000_seed4.npz,monodisperse,4,0.005,0.6666666666666666,0.8484645774914966
38000.0,0.8809460343506484,6,0.682,,0.6887247323996518,0.20477815699658708,2.158165255921031e-09,monodisperse_a0.005_sr0.667_N1000_L12_T100000_seed4.npz,monodisperse,4,0.005,0.6666666666666666,0.8484645774914966
39000.0,0.8841963072907246,6,0.682,,0.6295364896494443,0.16969696969696968,1.885717590067475e-09,monodisperse_a0.005_sr0.667_N1000_L12_T100000_seed4.npz,monodisperse,4,0.005,0.6666666666666666,0.8484645774914966
40000.0,0.883312566749733,6,0.68,0.5019075590364305,0.8131012615145645,0.17697594501718217,1.4086720659474453e-09,monodisperse_a0.005_sr0.667_N1000_L12_T100000_seed4.npz,monodisperse,4,0.005,0.6666666666666666,0.8484645774914966
41000.0,0.8796013839395901,6,0.682,,0.7598178884103503,0.19439728353140917,1.5116516189571705e-09,monodisperse_a0.005_sr0.667_N1000_L12_T100000_seed4.npz,monodisperse,4,0.005,0.6666666666666666,0.8484645774914966
42000.0,0.8809864966541443,6,0.68,,0.6991790138309456,0.18584825234441604,2.102042597095098e-09,monodisperse_a0.005_sr0.667_N1000_L12_T100000_seed4.npz,monodisperse,4,0.005,0.6666666666666666,0.8484645774914966
43000.0,0.8793107625743645,6,0.682,,0.7153677861550048,0.19136325148179512,1.639599528147934e-09,monodisperse_a0.005_sr0.667_N1000_L12_T100000_seed4.npz,monodisperse,4,0.005,0.6666666666666666,0.8484645774914966
44000.0,0.8775875469854956,6,0.68,0.4865457608641792,0.6879933702566107,0.17413355874894332,1.6168296665677303e-09,monodisperse_a0.005_sr0.667_N1000_L12_T100000_seed4.npz,monodisperse,4,0.005,0.6666666666666666,0.8484645774914966
45000.0,0.8797995394545701,6,0.682,,0.7779067129567687,0.1739864864864865,1.3344121536347032e-09,monodisperse_a0.005_sr0.667_N1000_L12_T100000_seed4.npz,monodisperse,4,0.005,0.6666666666666666,0.8484645774914966
46000.0,0.878093948132559,6,0.68,,0.7215855469976203,0.17701342281879195,1.5497313570028641e-09,monodisperse_a0.005_sr0.667_N1000_L12_T100000_seed4.npz,monodisperse,4,0.005,0.6666666666666666,0.8484645774914966
47000.0,0.8755229845964709,6,0.68,,0.7049630953238212,0.18311036789297663,1.6409532955095773e-09,monodisperse_a0.005_sr0.667_N1000_L12_T100000_seed4.npz,monodisperse,4,0.005,0.6666666666666666,0.8484645774914966
48000.0,0.8773215557137771,6,0.68,0.4955378545152486,0.7077495068128106,0.19357565511411667,1.6881667741228004e-09,monodisperse_a0.005_sr0.667_N1000_L12_T100000_seed4.npz,monodisperse,4,0.005,0.6666666666666666,0.8484645774914966
49000.0,0.8806968200887397,6,0.68,,0.7719823895985677,0.17805907172995783,1.0522022707295852e-09,monodisperse_a0.005_sr0.667_N1000_L12_T100000_seed4.npz,monodisperse,4,0.005,0.6666666666666666,0.8484645774914966
50000.0,0.8766182570339845,6,0.68,,0.7509040289068328,0.1690376569037657,1.2060965463963357e-09,monodisperse_a0.005_sr0.667_N1000_L12_T100000_seed4.npz,monodisperse,4,0.005,0.6666666666666666,0.8484645774914966
51000.0,0.8736768595041322,6,0.682,,0.7766616326665878,0.17126148705096078,1.4832580013749012e-09,monodisperse_a0.005_sr0.667_N1000_L12_T100000_seed4.npz,monodisperse,4,0.005,0.6666666666666666,0.8484645774914966
52000.0,0.8729163629294844,6,0.682,0.4930283257835993,0.7382667178628894,0.16708648194794296,1.0435187431655694e-09,monodisperse_a0.005_sr0.667_N1000_L12_T100000_seed4.npz,monodisperse,4,0.005,0.6666666666666666,0.8484645774914966
53000.0,0.8726891954680599,6,0.682,,0.7977464407841317,0.18257956448911228,1.4665551708696257e-09,monodisperse_a0.005_sr0.667_N1000_L12_T100000_seed4.npz,monodisperse,4,0.005,0.6666666666666666,0.8484645774914966
54000.0,0.8735728118857672,6,0.68,,0.7815948253804654,0.15956558061821224,1.3186554049264988e-09,monodisperse_a0.005_sr0.667_N1000_L12_T100000_seed4.npz,monodisperse,4,0.005,0.6666666666666666,0.8484645774914966
55000.0,0.878823731138546,6,0.68,,0.7626941038426631,0.16541353383458646,1.8660562545252567e-09,monodisperse_a0.005_sr0.667_N1000_L12_T100000_seed4.npz,monodisperse,4,0.005,0.6666666666666666,0.8484645774914966
56000.0,0.8735909697921166,6,0.682,0.4919178961241018,0.7126327991074398,0.18587047939444912,1.5683254795595487e-09,monodisperse_a0.005_sr0.667_N1000_L12_T100000_seed4.npz,monodisperse,4,0.005,0.6666666666666666,0.8484645774914966
57000.0,0.8774218548178765,6,0.682,,0.7635944948224936,0.17169179229480735,1.6285861106930902e-09,monodisperse_a0.005_sr0.667_N1000_L12_T100000_seed4.npz,monodisperse,4,0.005,0.6666666666666666,0.8484645774914966
58000.0,0.8767844417656775,7,0.682,,0.8084682608527463,0.14646464646464652,1.2675250440729367e-09,monodisperse_a0.005_sr0.667_N1000_L12_T100000_seed4.npz,monodisperse,4,0.005,0.6666666666666666,0.8484645774914966
59000.0,0.8740922902297051,6,0.682,,0.7695929418777684,0.16249999999999998,1.4666804984573254e-09,monodisperse_a0.005_sr0.667_N1000_L12_T100000_seed4.npz,monodisperse,4,0.005,0.6666666666666666,0.8484645774914966
60000.0,0.8762727200255102,6,0.682,0.4846712903911565,0.7378858356007547,0.1378446115288221,1.4958120496707286e-09,monodisperse_a0.005_sr0.667_N1000_L12_T100000_seed4.npz,monodisperse,4,0.005,0.6666666666666666,0.8484645774914966
61000.0,0.8743562330009627,6,0.68,,0.7525155212491064,0.14916666666666667,1.163169408693103e-09,monodisperse_a0.005_sr0.667_N1000_L12_T100000_seed4.npz,monodisperse,4,0.005,0.6666666666666666,0.8484645774914966
62000.0,0.8759111589664631,6,0.68,,0.7607960415512848,0.17533557046979864,1.4688178747904376e-09,monodisperse_a0.005_sr0.667_N1000_L12_T100000_seed4.npz,monodisperse,4,0.005,0.6666666666666666,0.8484645774914966
63000.0,0.8702785154434982,6,0.68,,0.6899698846281055,0.19548872180451127,1.5234286252135515e-09,monodisperse_a0.005_sr0.667_N1000_L12_T100000_seed4.npz,monodisperse,4,0.005,0.6666666666666666,0.8484645774914966
64000.0,0.8745133851564221,6,0.682,0.49011330079197535,0.7445159849185099,0.18355481727574752,1.8131235153051582e-09,monodisperse_a0.005_sr0.667_N1000_L12_T100000_seed4.npz,monodisperse,4,0.005,0.6666666666666666,0.8484645774914966
65000.0,0.8792115210438188,6,0.682,,0.811548474544711,0.17083333333333328,1.5027360177545917e-09,monodisperse_a0.005_sr0.667_N1000_L12_T100000_seed4.npz,monodisperse,4,0.005,0.6666666666666666,0.8484645774914966
66000.0,0.8742107690419076,7,0.682,,0.7956315115801701,0.16569037656903762,1.4346004373331355e-09,monodisperse_a0.005_sr0.667_N1000_L12_T100000_seed4.npz,monodisperse,4,0.005,0.6666666666666666,0.8484645774914966
67000.0,0.8700515001772273,6,0.682,,0.736996206835235,0.16331658291457285,1.2225314605702397e-09,monodisperse_a0.005_sr0.667_N1000_L12_T100000_seed4.npz,monodisperse,4,0.005,0.6666666666666666,0.8484645774914966
68000.0,0.8721977445392406,6,0.68,0.4865215681795978,0.6533316165751403,0.15500000000000003,1.2830952139074325e-09,monodisperse_a0.005_sr0.667_N1000_L12_T100000_seed4.npz,monodisperse,4,0.005,0.6666666666666666,0.8484645774914966
69000.0,0.8758717622038414,6,0.682,,0.6897703270815585,0.15403830141548713,1.4371577355254392e-09,monodisperse_a0.005_sr0.667_N1000_L12_T100000_seed4.npz,monodisperse,4,0.005,0.6666666666666666,0.8484645774914966
70000.0,0.8767441635589478,6,0.682,,0.7604828641613631,0.15666666666666662,1.4178930230324701e-09,monodisperse_a0.005_sr0.667_N1000_L12_T100000_seed4.npz,monodisperse,4,0.005,0.6666666666666666,0.8484645774914966
71000.0,0.8668249626400792,6,0.682,,0.7300199161606118,0.1469115191986644,1.6944632688653181e-09,monodisperse_a0.005_sr0.667_N1000_L12_T100000_seed4.npz,monodisperse,4,0.005,0.6666666666666666,0.8484645774914966
72000.0,0.8662692901234568,6,0.68,0.49065329218106996,0.674706028990446,0.17376775271512113,1.7423783269210406e-09,monodisperse_a0.005_sr0.667_N1000_L12_T100000_seed4.npz,monodisperse,4,0.005,0.6666666666666666,0.8484645774914966
73000.0,0.8707579838715643,5,0.682,,0.7514738573716065,0.1732217573221757,2.0647151889643833e-09,monodisperse_a0.005_sr0.667_N1000_L12_T100000_seed4.npz,monodisperse,4,0.005,0.6666666666666666,0.8484645774914966
74000.0,0.8691693124383965,5,0.682,,0.6934792445364354,0.15946843853820603,1.9779358915367316e-09,monodisperse_a0.005_sr0.667_N1000_L12_T100000_seed4.npz,monodisperse,4,0.005,0.6666666666666666,0.8484645774914966
75000.0,0.8665149108166261,5,0.682,,0.7730561078576095,0.15410107705053855,8.226186032101902e-10,monodisperse_a0.005_sr0.667_N1000_L12_T100000_seed4.npz,monodisperse,4,0.005,0.6666666666666666,0.8484645774914966
76000.0,0.8724385250205624,5,0.682,0.49545513482390574,0.8160093668734932,0.1631973355537052,1.155792431924139e-09,monodisperse_a0.005_sr0.667_N1000_L12_T100000_seed4.npz,monodisperse,4,0.005,0.6666666666666666,0.8484645774914966
77000.0,0.8753678654019065,5,0.68,,0.8063179635031741,0.17735220649458783,1.5399459182472298e-09,monodisperse_a0.005_sr0.667_N1000_L12_T100000_seed4.npz,monodisperse,4,0.005,0.6666666666666666,0.8484645774914966
78000.0,0.8693203814865746,5,0.68,,0.7560208757877301,0.17948717948717952,1.7641290056656509e-09,monodisperse_a0.005_sr0.667_N1000_L12_T100000_seed4.npz,monodisperse,4,0.005,0.6666666666666666,0.8484645774914966
79000.0,0.8727295056750628,6,0.678,,0.7631499310744565,0.16445182724252494,7.819778683440227e-10,monodisperse_a0.005_sr0.667_N1000_L12_T100000_seed4.npz,monodisperse,4,0.005,0.6666666666666666,0.8484645774914966
80000.0,0.8730554092040547,5,0.68,0.47627462517365,0.8020878889381045,0.1422628951747088,8.398563292182593e-10,monodisperse_a0.005_sr0.667_N1000_L12_T100000_seed4.npz,monodisperse,4,0.005,0.6666666666666666,0.8484645774914966
81000.0,0.874682513078205,5,0.682,,0.8216308925638972,0.142620232172471,1.0085539043437984e-09,monodisperse_a0.005_sr0.667_N1000_L12_T100000_seed4.npz,monodisperse,4,0.005,0.6666666666666666,0.8484645774914966
82000.0,0.8695316543209877,5,0.682,,0.781403063217543,0.1556836902800659,1.6436816650307417e-09,monodisperse_a0.005_sr0.667_N1000_L12_T100000_seed4.npz,monodisperse,4,0.005,0.6666666666666666,0.8484645774914966
83000.0,0.8731099313623863,5,0.682,,0.8042053404591418,0.15161557580778795,1.098019228717367e-09,monodisperse_a0.005_sr0.667_N1000_L12_T100000_seed4.npz,monodisperse,4,0.005,0.6666666666666666,0.8484645774914966
84000.0,0.8673550073279155,5,0.682,0.48514135842027045,0.7527695633847632,0.17079207920792083,1.0594175241975447e-09,monodisperse_a0.005_sr0.667_N1000_L12_T100000_seed4.npz,monodisperse,4,0.005,0.6666666666666666,0.8484645774914966
85000.0,0.8747500797193878,5,0.682,,0.7513492724854307,0.1607584501236603,1.6039144290047822e-09,monodisperse_a0.005_sr0.667_N1000_L12_T100000_seed4.npz,monodisperse,4,0.005,0.6666666666666666,0.8484645774914966
86000.0,0.8708222258986877,5,0.682,,0.735810118808804,0.1403798513625103,5.714218980662237e-10,monodisperse_a0.005_sr0.667_N1000_L12_T100000_seed4.npz,monodisperse,4,0.005,0.6666666666666666,0.8484645774914966
87000.0,0.8710135318279435,5,0.68,,0.8689929336711295,0.16254125412541254,1.3690725983820177e-09,monodisperse_a0.005_sr0.667_N1000_L12_T100000_seed4.npz,monodisperse,4,0.005,0.6666666666666666,0.8484645774914966
88000.0,0.869268363878985,5,0.68,0.4875101297582063,0.7868290802824188,0.16120906801007562,1.5846430640522222e-09,monodisperse_a0.005_sr0.667_N1000_L12_T100000_seed4.npz,monodisperse,4,0.005,0.6666666666666666,0.8484645774914966
89000.0,0.870531328304761,5,0.678,,0.8522913977000657,0.1710743801652893,1.038826775506037e-09,monodisperse_a0.005_sr0.667_N1000_L12_T100000_seed4.npz,monodisperse,4,0.005,0.6666666666666666,0.8484645774914966
90000.0,0.8654719803068963,5,0.68,,0.750139308327042,0.16155758077879034,1.5187928815774695e-09,monodisperse_a0.005_sr0.667_N1000_L12_T100000_seed4.npz,monodisperse,4,0.005,0.6666666666666666,0.8484645774914966
91000.0,0.8661320138368874,5,0.68,,0.723908411221714,0.17569786535303777,1.6203124403899444e-09,monodisperse_a0.005_sr0.667_N1000_L12_T100000_seed4.npz,monodisperse,4,0.005,0.6666666666666666,0.8484645774914966
92000.0,0.870042248593076,5,0.682,0.4799759272399875,0.7923037105283957,0.1579818031430935,9.979920069006664e-10,monodisperse_a0.005_sr0.667_N1000_L12_T100000_seed4.npz,monodisperse,4,0.005,0.6666666666666666,0.8484645774914966
93000.0,0.8708980389030612,5,0.68,,0.8210912484845214,0.15880893300248144,1.349812276316082e-09,monodisperse_a0.005_sr0.667_N1000_L12_T100000_seed4.npz,monodisperse,4,0.005,0.6666666666666666,0.8484645774914966
94000.0,0.8693164788985673,5,0.68,,0.7281319479357714,0.15144032921810702,1.0247928707414863e-09,monodisperse_a0.005_sr0.667_N1000_L12_T100000_seed4.npz,monodisperse,4,0.005,0.6666666666666666,0.8484645774914966
95000.0,0.8756608165948825,5,0.682,,0.814716298990592,0.1714756801319044,1.387744183802217e-09,monodisperse_a0.005_sr0.667_N1000_L12_T100000_seed4.npz,monodisperse,4,0.005,0.6666666666666666,0.8484645774914966
96000.0,0.8695878731224305,5,0.682,0.48319581778362225,0.7498465926606841,0.17919075144508667,1.0685644840289664e-09,monodisperse_a0.005_sr0.667_N1000_L12_T100000_seed4.npz,monodisperse,4,0.005,0.6666666666666666,0.8484645774914966
97000.0,0.8700132033832784,5,0.682,,0.8861038844281628,0.1578947368421053,1.2081995931357148e-09,monodisperse_a0.005_sr0.667_N1000_L12_T100000_seed4.npz,monodisperse,4,0.005,0.6666666666666666,0.8484645774914966
98000.0,0.8684762078201702,5,0.68,,0.8458612710891019,0.14333057166528584,6.500320040571325e-10,monodisperse_a0.005_sr0.667_N1000_L12_T100000_seed4.npz,monodisperse,4,0.005,0.6666666666666666,0.8484645774914966
99000.0,0.8695922489200669,5,0.682,,0.827266126447956,0.16967213114754098,1.198775237775849e-09,monodisperse_a0.005_sr0.667_N1000_L12_T100000_seed4.npz,monodisperse,4,0.005,0.6666666666666666,0.8484645774914966
100000.0,0.8689433195153061,5,0.682,0.48472257653061224,0.7786085930904194,0.1632485643970467,8.266597844712238e-10,monodisperse_a0.005_sr0.667_N1000_L12_T100000_seed4.npz,monodisperse,4,0.005,0.6666666666666666,0.8484645774914966
0.0,0.9763148043576192,111,0.028,0.8425608097676317,,,,monodisperse_a0.005_sr0.667_N1000_L12_T100000_seed5.npz,monodisperse,5,0.005,0.6666666666666666,0.766598660310611
1000.0,0.9417384952520088,29,0.13,,0.24172012327171546,0.7005714285714286,1.6113417157382517e-08,monodisperse_a0.005_sr0.667_N1000_L12_T100000_seed5.npz,monodisperse,5,0.005,0.6666666666666666,0.766598660310611
2000.0,0.9339555282836666,19,0.132,,0.7491623096420665,0.37512846865364846,8.843454733472912e-09,monodisperse_a0.005_sr0.667_N1000_L12_T100000_seed5.npz,monodisperse,5,0.005,0.6666666666666666,0.766598660310611
3000.0,0.9307092828381195,17,0.132,,0.8502626772716106,0.3352713178294574,5.507292015973043e-09,monodisperse_a0.005_sr0.667_N1000_L12_T100000_seed5.npz,monodisperse,5,0.005,0.6666666666666666,0.766598660310611
4000.0,0.925322486083181,15,0.132,0.5488368064433397,0.8597386957155061,0.30434782608695654,5.536154631429194e-09,monodisperse_a0.005_sr0.667_N1000_L12_T100000_seed5.npz,monodisperse,5,0.005,0.6666666666666666,0.766598660310611
5000.0,0.92209738975158,12,0.21,,0.8693422408747918,0.2784926470588235,4.89057667855316e-09,monodisperse_a0.005_sr0.667_N1000_L12_T100000_seed5.npz,monodisperse,5,0.005,0.6666666666666666,0.766598660310611
6000.0,0.9200087282204265,12,0.21,,0.8760896476087093,0.23111919927206548,3.1474492815559077e-09,monodisperse_a0.005_sr0.667_N1000_L12_T100000_seed5.npz,monodisperse,5,0.005,0.6666666666666666,0.766598660310611
7000.0,0.9152622926927545,10,0.222,,0.9080104054306737,0.23805229936880068,3.6613698924365853e-09,monodisperse_a0.005_sr0.667_N1000_L12_T100000_seed5.npz,monodisperse,5,0.005,0.6666666666666666,0.766598660310611
8000.0,0.9114035404158829,9,0.222,0.5327667980794834,0.961014146573968,0.23916967509025266,2.7284552333792726e-09,monodisperse_a0.005_sr0.667_N1000_L12_T100000_seed5.npz,monodisperse,5,0.005,0.6666666666666666,0.766598660310611
9000.0,0.9099677254968574,8,0.22,,0.8754488286758455,0.2222222222222222,2.6777252893963086e-09,monodisperse_a0.005_sr0.667_N1000_L12_T100000_seed5.npz,monodisperse,5,0.005,0.6666666666666666,0.766598660310611
10000.0,0.9095524948534457,8,0.22,,0.8697717079405999,0.1967943009795191,2.2466720001323314e-09,monodisperse_a0.005_sr0.667_N1000_L12_T100000_seed5.npz,monodisperse,5,0.005,0.6666666666666666,0.766598660310611
11000.0,0.9109623890437009,8,0.222,,0.9459726453381561,0.20213713268032052,2.1998959500949837e-09,monodisperse_a0.005_sr0.667_N1000_L12_T100000_seed5.npz,monodisperse,5,0.005,0.6666666666666666,0.766598660310611
12000.0,0.9099666739246142,8,0.22,0.5194615476632097,0.9033466596299999,0.2161921708185054,2.1287795719694845e-09,monodisperse_a0.005_sr0.667_N1000_L12_T100000_seed5.npz,monodisperse,5,0.005,0.6666666666666666,0.766598660310611
13000.0,0.9072041956670914,8,0.22,,0.8505378179435603,0.22947925860547225,2.435021198671492e-09,monodisperse_a0.005_sr0.667_N1000_L12_T100000_seed5.npz,monodisperse,5,0.005,0.6666666666666666,0.766598660310611
14000.0,0.910316223755004,8,0.222,,0.9253249629592861,0.2230026338893767,1.996450954553006e-09,monodisperse_a0.005_sr0.667_N1000_L12_T100000_seed5.npz,monodisperse,5,0.005,0.6666666666666666,0.766598660310611
15000.0,0.9079678883302847,8,0.222,,0.8596352706480566,0.22036874451273047,1.633198967869418e-09,monodisperse_a0.005_sr0.667_N1000_L12_T100000_seed5.npz,monodisperse,5,0.005,0.6666666666666666,0.766598660310611
16000.0,0.9045416706549136,8,0.222,0.5122594684206575,0.900517962862422,0.22862129144851662,1.8371620981290508e-09,monodisperse_a0.005_sr0.667_N1000_L12_T100000_seed5.npz,monodisperse,5,0.005,0.6666666666666666,0.766598660310611
17000.0,0.9062140530366786,8,0.22,,0.8906008809010959,0.20611353711790392,2.2684148517286225e-09,monodisperse_a0.005_sr0.667_N1000_L12_T100000_seed5.npz,monodisperse,5,0.005,0.6666666666666666,0.766598660310611
18000.0,0.9067647694578197,8,0.222,,0.9005094703744535,0.19895742832319718,1.5461658112906995e-09,monodisperse_a0.005_sr0.667_N1000_L12_T100000_seed5.npz,monodisperse,5,0.005,0.6666666666666666,0.766598660310611
19000.0,0.9029341392430977,9,0.222,,0.9298001146559536,0.19913793103448274,1.7935910068392787e-09,monodisperse_a0.005_sr0.667_N1000_L12_T100000_seed5.npz,monodisperse,5,0.005,0.6666666666666666,0.766598660310611
20000.0,0.9066119802535033,8,0.222,0.5022634115546398,0.8840879688759362,0.18620689655172418,2.1122048982217277e-09,monodisperse_a0.005_sr0.667_N1000_L12_T100000_seed5.npz,monodisperse,5,0.005,0.6666666666666666,0.766598660310611
21000.0,0.9042424984187449,8,0.222,,0.9514608416395985,0.19280205655526994,1.6654354665574582e-09,monodisperse_a0.005_sr0.667_N1000_L12_T100000_seed5.npz,monodisperse,5,0.005,0.6666666666666666,0.766598660310611
22000.0,0.8986033273324906,8,0.222,,0.8778095083669714,0.19141630901287554,1.3567871199410847e-09,monodisperse_a0.005_sr0.667_N1000_L12_T100000_seed5.npz,monodisperse,5,0.005,0.6666666666666666,0.766598660310611
23000.0,0.9022506845858289,8,0.222,,0.8561179199443578,0.2044293015332198,2.176342514746181e-09,monodisperse_a0.005_sr0.667_N1000_L12_T100000_seed5.npz,monodisperse,5,0.005,0.6666666666666666,0.766598660310611
24000.0,0.9039493793159966,8,0.222,0.4940221549767329,0.9290405909530268,0.18568994889267465,1.5440183315427202e-09,monodisperse_a0.005_sr0.667_N1000_L12_T100000_seed5.npz,monodisperse,5,0.005,0.6666666666666666,0.766598660310611
25000.0,0.901860424491222,8,0.222,,0.8544796950125694,0.1778723404255319,8.495309010213531e-10,monodisperse_a0.005_sr0.667_N1000_L12_T100000_seed5.npz,monodisperse,5,0.005,0.6666666666666666,0.766598660310611
26000.0,0.9013727844537804,8,0.222,,0.875094158760258,0.17350427350427355,1.108491364880735e-09,monodisperse_a0.005_sr0.667_N1000_L12_T100000_seed5.npz,monodisperse,5,0.005,0.6666666666666666,0.766598660310611
27000.0,0.8968505468356748,8,0.222,,0.9534335998942173,0.1784799316823228,1.5397272656827486e-09,monodisperse_a0.005_sr0.667_N1000_L12_T100000_seed5.npz,monodisperse,5,0.005,0.6666666666666666,0.766598660310611
28000.0,0.9032970196220459,8,0.222,0.4915923821498491,0.9317035899577442,0.17191489361702128,1.3040756620699792e-09,monodisperse_a0.005_sr0.667_N1000_L12_T100000_seed5.npz,monodisperse,5,0.005,0.6666666666666666,0.766598660310611
29000.0,0.8986291152263375,8,0.222,,0.8920073881727307,0.15843270868824533,1.819580163843387e-09,monodisperse_a0.005_sr0.667_N1000_L12_T100000_seed5.npz,monodisperse,5,0.005,0.6666666666666666,0.766598660310611
30000.0,0.9007490720510827,8,0.222,,0.8912255347343948,0.16251074806534827,1.2443621781041424e-09,monodisperse_a0.005_sr0.667_N1000_L12_T100000_seed5.npz,monodisperse,5,0.005,0.6666666666666666,0.766598660310611
31000.0,0.9003913537679137,8,0.222,,0.9154349784911184,0.17223650385604117,1.311494849773385e-09,monodisperse_a0.005_sr0.667_N1000_L12_T100000_seed5.npz,monodisperse,5,0.005,0.6666666666666666,0.766598660310611
32000.0,0.9052977038091847,8,0.222,0.5019897353743917,0.9604859890406728,0.18675721561969438,1.1566590144457731e-09,monodisperse_a0.005_sr0.667_N1000_L12_T100000_seed5.npz,monodisperse,5,0.005,0.6666666666666666,0.766598660310611
33000.0,0.8983706692831774,8,0.222,,0.8723506355462438,0.18057921635434415,8.868296062123789e-10,monodisperse_a0.005_sr0.667_N1000_L12_T100000_seed5.npz,monodisperse,5,0.005,0.6666666666666666,0.766598660310611
34000.0,0.899126501680972,8,0.222,,0.8870074236784522,0.16213921901528017,1.3198053284993396e-09,monodisperse_a0.005_sr0.667_N1000_L12_T100000_seed5.npz,monodisperse,5,0.005,0.6666666666666666,0.766598660310611
35000.0,0.8998295598013636,8,0.222,,0.901852144660809,0.15338983050847455,1.3278641280781945e-09,monodisperse_a0.005_sr0.667_N1000_L12_T100000_seed5.npz,monodisperse,5,0.005,0.6666666666666666,0.766598660310611
36000.0,0.9003502229080933,8,0.222,0.49426526063100135,0.9072461953011174,0.16568047337278102,1.2562461564895912e-09,monodisperse_a0.005_sr0.667_N1000_L12_T100000_seed5.npz,monodisperse,5,0.005,0.6666666666666666,0.766598660310611
37000.0,0.8991213149752448,8,0.22,,0.8992436748236863,0.1685012701100762,1.0276423400184853e-09,monodisperse_a0.005_sr0.667_N1000_L12_T100000_seed5.npz,monodisperse,5,0.005,0.6666666666666666,0.766598660310611
38000.0,0.8952722369510022,8,0.222,,0.8309603448395726,0.18020304568527923,1.1051079458293095e-09,monodisperse_a0.005_sr0.667_N1000_L12_T100000_seed5.npz,monodisperse,5,0.005,0.6666666666666666,0.766598660310611
39000.0,0.8888775782601643,8,0.222,,0.7751510127288351,0.17905405405405406,1.253676922423366e-09,monodisperse_a0.005_sr0.667_N1000_L12_T100000_seed5.npz,monodisperse,5,0.005,0.6666666666666666,0.766598660310611
40000.0,0.8935692223711668,8,0.222,0.4951686106235864,0.8598894106719897,0.17537942664418216,1.74215908404098e-09,monodisperse_a0.005_sr0.667_N1000_L12_T100000_seed5.npz,monodisperse,5,0.005,0.6666666666666666,0.766598660310611
41000.0,0.894203206772169,8,0.222,,0.9251337689784621,0.1586089906700594,1.2180906577382391e-09,monodisperse_a0.005_sr0.667_N1000_L12_T100000_seed5.npz,monodisperse,5,0.005,0.6666666666666666,0.766598660310611
42000.0,0.8889978386400633,8,0.22,,0.8582096855485394,0.15488215488215484,1.7617663191905733e-09,monodisperse_a0.005_sr0.667_N1000_L12_T100000_seed5.npz,monodisperse,5,0.005,0.6666666666666666,0.766598660310611
43000.0,0.8921166592869889,8,0.222,,0.8840332095257768,0.15585509688289811,9.727586627606416e-10,monodisperse_a0.005_sr0.667_N1000_L12_T100000_seed5.npz,monodisperse,5,0.005,0.6666666666666666,0.766598660310611
44000.0,0.8906294678721696,8,0.22,0.492051442654648,0.8892214680738071,0.1668070766638584,1.7509638585114537e-09,monodisperse_a0.005_sr0.667_N1000_L12_T100000_seed5.npz,monodisperse,5,0.005,0.6666666666666666,0.766598660310611
45000.0,0.8870443103082739,8,0.222,,0.9654093200444882,0.1623212783851976,2.224332441863105e-09,monodisperse_a0.005_sr0.667_N1000_L12_T100000_seed5.npz,monodisperse,5,0.005,0.6666666666666666,0.766598660310611
46000.0,0.8890915349890961,8,0.222,,0.8569244635211489,0.1466101694915254,1.0082407930908555e-09,monodisperse_a0.005_sr0.667_N1000_L12_T100000_seed5.npz,monodisperse,5,0.005,0.6666666666666666,0.766598660310611
47000.0,0.8912719904413066,8,0.222,,0.8659449945327518,0.1780016792611251,1.053129640640166e-09,monodisperse_a0.005_sr0.667_N1000_L12_T100000_seed5.npz,monodisperse,5,0.005,0.6666666666666666,0.766598660310611
48000.0,0.8879416690423446,8,0.222,0.49449482044088516,0.8785626659032624,0.18907563025210083,1.584962039665173e-09,monodisperse_a0.005_sr0.667_N1000_L12_T100000_seed5.npz,monodisperse,5,0.005,0.6666666666666666,0.766598660310611
49000.0,0.8881236379870567,8,0.222,,0.8768044975139399,0.18918918918918914,1.6829900260299182e-09,monodisperse_a0.005_sr0.667_N1000_L12_T100000_seed5.npz,monodisperse,5,0.005,0.6666666666666666,0.766598660310611
50000.0,0.8873318744213451,8,0.222,,0.8646698957962586,0.18844221105527637,1.1770017144059833e-09,monodisperse_a0.005_sr0.667_N1000_L12_T100000_seed5.npz,monodisperse,5,0.005,0.6666666666666666,0.766598660310611
51000.0,0.8828781508208687,7,0.222,,0.83911113121664,0.1686241610738255,1.3935900349431743e-09,monodisperse_a0.005_sr0.667_N1000_L12_T100000_seed5.npz,monodisperse,5,0.005,0.6666666666666666,0.766598660310611
52000.0,0.8853968185380032,7,0.222,0.4876996654227006,0.8633538820498541,0.15966386554621848,1.0196624183429806e-09,monodisperse_a0.005_sr0.667_N1000_L12_T100000_seed5.npz,monodisperse,5,0.005,0.6666666666666666,0.766598660310611
53000.0,0.8842191350880299,7,0.222,,0.7964308439021565,0.18552412645590677,1.461885196446126e-09,monodisperse_a0.005_sr0.667_N1000_L12_T100000_seed5.npz,monodisperse,5,0.005,0.6666666666666666,0.766598660310611
54000.0,0.8802206611570248,7,0.222,,0.8036366985740473,0.16316232127838515,1.108204472708901e-09,monodisperse_a0.005_sr0.667_N1000_L12_T100000_seed5.npz,monodisperse,5,0.005,0.6666666666666666,0.766598660310611
55000.0,0.8853337993593783,7,0.222,,0.8440811898802006,0.1602671118530885,1.901842911703418e-09,monodisperse_a0.005_sr0.667_N1000_L12_T100000_seed5.npz,monodisperse,5,0.005,0.6666666666666666,0.766598660310611
56000.0,0.8824367768595041,7,0.222,0.4858009641873278,0.8594097935584514,0.16638935108153075,1.5815090635603524e-09,monodisperse_a0.005_sr0.667_N1000_L12_T100000_seed5.npz,monodisperse,5,0.005,0.6666666666666666,0.766598660310611
57000.0,0.8842954262300978,7,0.222,,0.8309646979865907,0.16166666666666663,1.0470659122062594e-09,monodisperse_a0.005_sr0.667_N1000_L12_T100000_seed5.npz,monodisperse,5,0.005,0.6666666666666666,0.766598660310611
58000.0,0.8803087556521622,7,0.222,,0.8267118938775333,0.15758591785414922,1.400554910584202e-09,monodisperse_a0.005_sr0.667_N1000_L12_T100000_seed5.npz,monodisperse,5,0.005,0.6666666666666666,0.766598660310611
59000.0,0.8824084396877713,7,0.222,,0.8878917438440725,0.17169179229480735,1.104466393548666e-09,monodisperse_a0.005_sr0.667_N1000_L12_T100000_seed5.npz,monodisperse,5,0.005,0.6666666666666666,0.766598660310611
60000.0,0.8863176254655358,7,0.222,0.4871095260131508,0.8677649378328944,0.1686143572621035,7.676977629421717e-10,monodisperse_a0.005_sr0.667_N1000_L12_T100000_seed5.npz,monodisperse,5,0.005,0.6666666666666666,0.766598660310611
61000.0,0.8832095502313559,7,0.222,,0.8237514017359147,0.16486261448792672,8.743855805077623e-10,monodisperse_a0.005_sr0.667_N1000_L12_T100000_seed5.npz,monodisperse,5,0.005,0.6666666666666666,0.766598660310611
62000.0,0.8842975206611571,7,0.222,,0.8467375346684658,0.16126350789692434,1.444421260090015e-09,monodisperse_a0.005_sr0.667_N1000_L12_T100000_seed5.npz,monodisperse,5,0.005,0.6666666666666666,0.766598660310611
63000.0,0.8862409040678885,7,0.222,,0.7737630852521663,0.1601334445371143,7.062286817910235e-10,monodisperse_a0.005_sr0.667_N1000_L12_T100000_seed5.npz,monodisperse,5,0.005,0.6666666666666666,0.766598660310611
64000.0,0.8825689050985293,7,0.222,0.48080096719673593,0.8791049168267058,0.173697270471464,1.1945209861570725e-09,monodisperse_a0.005_sr0.667_N1000_L12_T100000_seed5.npz,monodisperse,5,0.005,0.6666666666666666,0.766598660310611
65000.0,0.885784478335709,7,0.222,,0.842539478937948,0.15754560530679929,1.3333975586330967e-09,monodisperse_a0.005_sr0.667_N1000_L12_T100000_seed5.npz,monodisperse,5,0.005,0.6666666666666666,0.766598660310611
66000.0,0.8797190869204847,7,0.222,,0.8106921575372881,0.15339966832504148,1.29276609787334e-09,monodisperse_a0.005_sr0.667_N1000_L12_T100000_seed5.npz,monodisperse,5,0.005,0.6666666666666666,0.766598660310611
67000.0,0.8812955485460435,7,0.222,,0.8170498912228046,0.1655574043261231,6.078395503127324e-10,monodisperse_a0.005_sr0.667_N1000_L12_T100000_seed5.npz,monodisperse,5,0.005,0.6666666666666666,0.766598660310611
68000.0,0.8873797520661157,7,0.22,0.48203553719008263,0.8273770320663973,0.18204488778054861,1.0074855112321036e-09,monodisperse_a0.005_sr0.667_N1000_L12_T100000_seed5.npz,monodisperse,5,0.005,0.6666666666666666,0.766598660310611
69000.0,0.8790024774267521,6,0.286,,0.8187476195315232,0.16096747289407842,1.572354034143512e-09,monodisperse_a0.005_sr0.667_N1000_L12_T100000_seed5.npz,monodisperse,5,0.005,0.6666666666666666,0.766598660310611
70000.0,0.881258380509535,6,0.288,,0.8479334737890261,0.15671641791044777,1.014821483585813e-09,monodisperse_a0.005_sr0.667_N1000_L12_T100000_seed5.npz,monodisperse,5,0.005,0.6666666666666666,0.766598660310611
71000.0,0.8790611428331281,6,0.288,,0.7633437702487562,0.14793388429752063,1.0162746989784019e-09,monodisperse_a0.005_sr0.667_N1000_L12_T100000_seed5.npz,monodisperse,5,0.005,0.6666666666666666,0.766598660310611
72000.0,0.8759536694719403,6,0.288,0.48299430457471254,0.7932255284237417,0.157331136738056,1.2574878234622438e-09,monodisperse_a0.005_sr0.667_N1000_L12_T100000_seed5.npz,monodisperse,5,0.005,0.6666666666666666,0.766598660310611
73000.0,0.8773793446641556,6,0.288,,0.8305003077043492,0.14154870940882602,8.424813861612763e-10,monodisperse_a0.005_sr0.667_N1000_L12_T100000_seed5.npz,monodisperse,5,0.005,0.6666666666666666,0.766598660310611
74000.0,0.8784535837018488,6,0.288,,0.8092758346023814,0.1702479338842975,1.0305766889107588e-09,monodisperse_a0.005_sr0.667_N1000_L12_T100000_seed5.npz,monodisperse,5,0.005,0.6666666666666666,0.766598660310611
75000.0,0.8799259839589318,6,0.286,,0.8788740273151259,0.16182572614107882,8.371104747288785e-10,monodisperse_a0.005_sr0.667_N1000_L12_T100000_seed5.npz,monodisperse,5,0.005,0.6666666666666666,0.766598660310611
76000.0,0.8798018973214285,6,0.288,0.4759186330782313,0.8316610620328243,0.1434494195688225,1.2784850563191332e-09,monodisperse_a0.005_sr0.667_N1000_L12_T100000_seed5.npz,monodisperse,5,0.005,0.6666666666666666,0.766598660310611
77000.0,0.8838625403779687,6,0.288,,0.8789212553933579,0.1710743801652893,1.2664636536998272e-09,monodisperse_a0.005_sr0.667_N1000_L12_T100000_seed5.npz,monodisperse,5,0.005,0.6666666666666666,0.766598660310611
78000.0,0.8812232770792264,6,0.288,,0.8257044091083455,0.1682008368200837,9.735010740782442e-10,monodisperse_a0.005_sr0.667_N1000_L12_T100000_seed5.npz,monodisperse,5,0.005,0.6666666666666666,0.766598660310611
79000.0,0.8695040986932878,6,0.288,,0.7432337371074852,0.1873459326211997,2.0707894552993147e-09,monodisperse_a0.005_sr0.667_N1000_L12_T100000_seed5.npz,monodisperse,5,0.005,0.6666666666666666,0.766598660310611
80000.0,0.866026150598942,6,0.288,0.47531020713978966,0.8627529330943023,0.15081967213114755,1.4361931467843912e-09,monodisperse_a0.005_sr0.667_N1000_L12_T100000_seed5.npz,monodisperse,5,0.005,0.6666666666666666,0.766598660310611
81000.0,0.8647600615423173,6,0.288,,0.7975521522645102,0.1317512274959084,9.344210860508494e-10,monodisperse_a0.005_sr0.667_N1000_L12_T100000_seed5.npz,monodisperse,5,0.005,0.6666666666666666,0.766598660310611
82000.0,0.8730427260018603,6,0.288,,0.7933097443078029,0.14449917898193765,6.835685164522598e-10,monodisperse_a0.005_sr0.667_N1000_L12_T100000_seed5.npz,monodisperse,5,0.005,0.6666666666666666,0.766598660310611
83000.0,0.8766184548015736,6,0.286,,0.8386192723385483,0.1580671580671581,7.862100599628177e-10,monodisperse_a0.005_sr0.667_N1000_L12_T100000_seed5.npz,monodisperse,5,0.005,0.6666666666666666,0.766598660310611
84000.0,0.8727233990747504,6,0.288,0.47339379920461006,0.7821320730357734,0.14747307373653684,8.757624281334414e-10,monodisperse_a0.005_sr0.667_N1000_L12_T100000_seed5.npz,monodisperse,5,0.005,0.6666666666666666,0.766598660310611
85000.0,0.869749200889011,6,0.288,,0.7648517522328814,0.16380016380016382,5.971438764252407e-10,monodisperse_a0.005_sr0.667_N1000_L12_T100000_seed5.npz,monodisperse,5,0.005,0.6666666666666666,0.766598660310611
86000.0,0.8713592075979504,6,0.286,,0.8211413248817174,0.15004122011541632,1.0958620888918315e-09,monodisperse_a0.005_sr0.667_N1000_L12_T100000_seed5.npz,monodisperse,5,0.005,0.6666666666666666,0.766598660310611
87000.0,0.8669911763390633,6,0.288,,0.7898070374222195,0.15707236842105265,1.0025541701036974e-09,monodisperse_a0.005_sr0.667_N1000_L12_T100000_seed5.npz,monodisperse,5,0.005,0.6666666666666666,0.766598660310611
88000.0,0.8772623212305503,6,0.288,0.4779184049788013,0.8562563438963485,0.15793780687397707,8.613156085448271e-10,monodisperse_a0.005_sr0.667_N1000_L12_T100000_seed5.npz,monodisperse,5,0.005,0.6666666666666666,0.766598660310611
89000.0,0.8728854714366634,6,0.288,,0.8082189373455677,0.1502890173410405,7.298050249054845e-10,monodisperse_a0.005_sr0.667_N1000_L12_T100000_seed5.npz,monodisperse,5,0.005,0.6666666666666666,0.766598660310611
90000.0,0.8722227419250953,6,0.288,,0.777165373480411,0.14144736842105265,8.515078223896355e-10,monodisperse_a0.005_sr0.667_N1000_L12_T100000_seed5.npz,monodisperse,5,0.005,0.6666666666666666,0.766598660310611
91000.0,0.8726711341067047,6,0.288,,0.7552538278570946,0.1612377850162866,1.0906009623549264e-09,monodisperse_a0.005_sr0.667_N1000_L12_T100000_seed5.npz,monodisperse,5,0.005,0.6666666666666666,0.766598660310611
92000.0,0.8731920065694315,6,0.288,0.4804511196339532,0.7792327756340911,0.14967105263157898,7.950919149343217e-10,monodisperse_a0.005_sr0.667_N1000_L12_T100000_seed5.npz,monodisperse,5,0.005,0.6666666666666666,0.766598660310611
93000.0,0.869165247964324,5,0.432,,0.7759887960115407,0.15905383360522019,1.4422997415519295e-09,monodisperse_a0.005_sr0.667_N1000_L12_T100000_seed5.npz,monodisperse,5,0.005,0.6666666666666666,0.766598660310611
94000.0,0.8743097670695131,5,0.432,,0.7733600419957727,0.15156507413509057,1.301623104354416e-09,monodisperse_a0.005_sr0.667_N1000_L12_T100000_seed5.npz,monodisperse,5,0.005,0.6666666666666666,0.766598660310611
95000.0,0.8713856876407993,5,0.43,,0.7761369177010801,0.1584564860426929,6.768376364354222e-10,monodisperse_a0.005_sr0.667_N1000_L12_T100000_seed5.npz,monodisperse,5,0.005,0.6666666666666666,0.766598660310611
96000.0,0.8663714334348223,5,0.432,0.482843900814909,0.7812557508322813,0.17156862745098034,8.778204718106267e-10,monodisperse_a0.005_sr0.667_N1000_L12_T100000_seed5.npz,monodisperse,5,0.005,0.6666666666666666,0.766598660310611
97000.0,0.8677762276785714,5,0.432,,0.8116183356867093,0.16570959803117313,1.0929523276984627e-09,monodisperse_a0.005_sr0.667_N1000_L12_T100000_seed5.npz,monodisperse,5,0.005,0.6666666666666666,0.766598660310611
98000.0,0.8682210797470974,5,0.432,,0.7615330198672344,0.16273393002441006,1.404646713953856e-09,monodisperse_a0.005_sr0.667_N1000_L12_T100000_seed5.npz,monodisperse,5,0.005,0.6666666666666666,0.766598660310611
99000.0,0.8646681718248469,5,0.432,,0.7608441007321425,0.14778325123152714,9.068082416299636e-10,monodisperse_a0.005_sr0.667_N1000_L12_T100000_seed5.npz,monodisperse,5,0.005,0.6666666666666666,0.766598660310611
100000.0,0.8628022418809075,5,0.432,0.47522846978569677,0.7515197490949288,0.1737012987012987,1.2056974737053375e-09,monodisperse_a0.005_sr0.667_N1000_L12_T100000_seed5.npz,monodisperse,5,0.005,0.6666666666666666,0.766598660310611
