file,chi,seed,t0,m,S0,fate,when
bidisperse_a0.005_sr0.667_x1.5_N4000_L24_T400000_seed1_cont2_dense500.npz,1.5,1,250,1,59,grow,50.0
bidisperse_a0.005_sr0.667_x1.5_N4000_L24_T400000_seed1_cont2_dense500.npz,1.5,1,250,1,52,grow,50.0
bidisperse_a0.005_sr0.667_x1.5_N4000_L24_T400000_seed1_cont2_dense500.npz,1.5,1,250,1,33,absorbed,50.0
bidisperse_a0.005_sr0.667_x1.5_N4000_L24_T400000_seed1_cont2_dense500.npz,1.5,1,250,1,21,grow,50.0
bidisperse_a0.005_sr0.667_x1.5_N4000_L24_T400000_seed1_cont2_dense500.npz,1.5,1,250,1,20,shrink,750.0
bidisperse_a0.005_sr0.667_x1.5_N4000_L24_T400000_seed1_cont2_dense500.npz,1.5,1,250,1,20,grow,50.0
bidisperse_a0.005_sr0.667_x1.5_N4000_L24_T400000_seed1_cont2_dense500.npz,1.5,1,250,1,19,shrink,1750.0
bidisperse_a0.005_sr0.667_x1.5_N4000_L24_T400000_seed1_cont2_dense500.npz,1.5,1,250,1,18,absorbed,250.0
bidisperse_a0.005_sr0.667_x1.5_N4000_L24_T400000_seed1_cont2_dense500.npz,1.5,1,250,1,16,shrink,1500.0
bidisperse_a0.005_sr0.667_x1.5_N4000_L24_T400000_seed1_cont2_dense500.npz,1.5,1,250,1,15,grow,700.0
bidisperse_a0.005_sr0.667_x1.5_N4000_L24_T400000_seed1_cont2_dense500.npz,1.5,1,250,1,15,grow,500.0
bidisperse_a0.005_sr0.667_x1.5_N4000_L24_T400000_seed1_cont2_dense500.npz,1.5,1,250,1,13,shrink,2400.0
bidisperse_a0.005_sr0.667_x1.5_N4000_L24_T400000_seed1_cont2_dense500.npz,1.5,1,250,1,11,grow,1900.0
bidisperse_a0.005_sr0.667_x1.5_N4000_L24_T400000_seed1_cont2_dense500.npz,1.5,1,250,1,11,grow,1400.0
bidisperse_a0.005_sr0.667_x1.5_N4000_L24_T400000_seed1_cont2_dense500.npz,1.5,1,250,1,10,shrink,2600.0
bidisperse_a0.005_sr0.667_x1.5_N4000_L24_T400000_seed1_cont2_dense500.npz,1.5,1,250,1,10,grow,1250.0
bidisperse_a0.005_sr0.667_x1.5_N4000_L24_T400000_seed1_cont2_dense500.npz,1.5,1,250,1,9,shrink,200.0
bidisperse_a0.005_sr0.667_x1.5_N4000_L24_T400000_seed1_cont2_dense500.npz,1.5,1,250,1,9,grow,1050.0
bidisperse_a0.005_sr0.667_x1.5_N4000_L24_T400000_seed1_cont2_dense500.npz,1.5,1,250,1,8,grow,1900.0
bidisperse_a0.005_sr0.667_x1.5_N4000_L24_T400000_seed1_cont2_dense500.npz,1.5,1,250,1,8,shrink,1300.0
bidisperse_a0.005_sr0.667_x1.5_N4000_L24_T400000_seed1_cont2_dense500.npz,1.5,1,250,1,8,grow,150.0
bidisperse_a0.005_sr0.667_x1.5_N4000_L24_T400000_seed1_cont2_dense500.npz,1.5,1,250,1,7,grow,800.0
bidisperse_a0.005_sr0.667_x1.5_N4000_L24_T400000_seed1_cont2_dense500.npz,1.5,1,250,1,7,grow,1450.0
bidisperse_a0.005_sr0.667_x1.5_N4000_L24_T400000_seed1_cont2_dense500.npz,1.5,1,250,1,7,absorbed,1550.0
bidisperse_a0.005_sr0.667_x1.5_N4000_L24_T400000_seed1_cont2_dense500.npz,1.5,1,250,1,7,shrink,250.0
bidisperse_a0.005_sr0.667_x1.5_N4000_L24_T400000_seed1_cont2_dense500.npz,1.5,1,250,1,7,shrink,450.0
bidisperse_a0.005_sr0.667_x1.5_N4000_L24_T400000_seed1_cont2_dense500.npz,1.5,1,250,1,6,shrink,350.0
bidisperse_a0.005_sr0.667_x1.5_N4000_L24_T400000_seed1_cont2_dense500.npz,1.5,1,250,1,6,shrink,2000.0
bidisperse_a0.005_sr0.667_x1.5_N4000_L24_T400000_seed1_cont2_dense500.npz,1.5,1,250,1,6,shrink,300.0
bidisperse_a0.005_sr0.667_x1.5_N4000_L24_T400000_seed1_cont2_dense500.npz,1.5,1,250,1,6,open,0.0
bidisperse_a0.005_sr0.667_x1.5_N4000_L24_T400000_seed1_cont2_dense500.npz,1.5,1,250,1,6,grow,950.0
bidisperse_a0.005_sr0.667_x1.5_N4000_L24_T400000_seed1_cont2_dense500.npz,1.5,1,250,1,6,grow,700.0
bidisperse_a0.005_sr0.667_x1.5_N4000_L24_T400000_seed1_cont2_dense500.npz,1.5,1,250,1,5,shrink,450.0
bidisperse_a0.005_sr0.667_x1.5_N4000_L24_T400000_seed1_cont2_dense500.npz,1.5,1,250,1,5,grow,150.0
bidisperse_a0.005_sr0.667_x1.5_N4000_L24_T400000_seed1_cont2_dense500.npz,1.5,1,250,1,5,shrink,150.0
bidisperse_a0.005_sr0.667_x1.5_N4000_L24_T400000_seed1_cont2_dense500.npz,1.5,1,250,1,5,shrink,1400.0
bidisperse_a0.005_sr0.667_x1.5_N4000_L24_T400000_seed1_cont2_dense500.npz,1.5,1,250,1,5,shrink,300.0
bidisperse_a0.005_sr0.667_x1.5_N4000_L24_T400000_seed1_cont2_dense500.npz,1.5,1,250,1,5,shrink,150.0
bidisperse_a0.005_sr0.667_x1.5_N4000_L24_T400000_seed1_cont2_dense500.npz,1.5,1,250,1,5,grow,700.0
bidisperse_a0.005_sr0.667_x1.5_N4000_L24_T400000_seed1_cont2_dense500.npz,1.5,1,250,1,5,absorbed,1550.0
bidisperse_a0.005_sr0.667_x1.5_N4000_L24_T400000_seed1_cont2_dense500.npz,1.5,1,250,1,5,shrink,100.0
bidisperse_a0.005_sr0.667_x1.5_N4000_L24_T400000_seed1_cont2_dense500.npz,1.5,1,250,1,5,grow,50.0
bidisperse_a0.005_sr0.667_x1.5_N4000_L24_T400000_seed1_cont2_dense500.npz,1.5,1,250,1,4,shrink,550.0
bidisperse_a0.005_sr0.667_x1.5_N4000_L24_T400000_seed1_cont2_dense500.npz,1.5,1,250,1,4,shrink,300.0
bidisperse_a0.005_sr0.667_x1.5_N4000_L24_T400000_seed1_cont2_dense500.npz,1.5,1,250,1,4,grow,500.0
bidisperse_a0.005_sr0.667_x1.5_N4000_L24_T400000_seed1_cont2_dense500.npz,1.5,1,250,1,4,shrink,350.0
bidisperse_a0.005_sr0.667_x1.5_N4000_L24_T400000_seed1_cont2_dense500.npz,1.5,1,250,1,4,shrink,100.0
bidisperse_a0.005_sr0.667_x1.5_N4000_L24_T400000_seed1_cont2_dense500.npz,1.5,1,250,1,4,shrink,200.0
bidisperse_a0.005_sr0.667_x1.5_N4000_L24_T400000_seed1_cont2_dense500.npz,1.5,1,250,1,4,shrink,500.0
bidisperse_a0.005_sr0.667_x1.5_N4000_L24_T400000_seed1_cont2_dense500.npz,1.5,1,250,1,4,absorbed,50.0
bidisperse_a0.005_sr0.667_x1.5_N4000_L24_T400000_seed1_cont2_dense500.npz,1.5,1,250,1,4,shrink,200.0
bidisperse_a0.005_sr0.667_x1.5_N4000_L24_T400000_seed1_cont2_dense500.npz,1.5,1,250,1,4,shrink,450.0
bidisperse_a0.005_sr0.667_x1.5_N4000_L24_T400000_seed1_cont2_dense500.npz,1.5,1,250,1,4,grow,50.0
bidisperse_a0.005_sr0.667_x1.5_N4000_L24_T400000_seed1_cont2_dense500.npz,1.5,1,250,1,4,shrink,50.0
bidisperse_a0.005_sr0.667_x1.5_N4000_L24_T400000_seed1_cont2_dense500.npz,1.5,1,250,1,4,absorbed,200.0
bidisperse_a0.005_sr0.667_x1.5_N4000_L24_T400000_seed1_cont2_dense500.npz,1.5,1,250,1,4,shrink,50.0
bidisperse_a0.005_sr0.667_x1.5_N4000_L24_T400000_seed1_cont2_dense500.npz,1.5,1,250,1,4,shrink,150.0
bidisperse_a0.005_sr0.667_x1.5_N4000_L24_T400000_seed1_cont2_dense500.npz,1.5,1,250,1,4,grow,1450.0
bidisperse_a0.005_sr0.667_x1.5_N4000_L24_T400000_seed1_cont2_dense500.npz,1.5,1,250,1,4,open,0.0
bidisperse_a0.005_sr0.667_x1.5_N4000_L24_T400000_seed1_cont2_dense500.npz,1.5,1,250,1,4,open,0.0
bidisperse_a0.005_sr0.667_x1.5_N4000_L24_T400000_seed1_cont2_dense500.npz,1.5,1,250,1,3,shrink,150.0
bidisperse_a0.005_sr0.667_x1.5_N4000_L24_T400000_seed1_cont2_dense500.npz,1.5,1,250,1,3,shrink,150.0
bidisperse_a0.005_sr0.667_x1.5_N4000_L24_T400000_seed1_cont2_dense500.npz,1.5,1,250,1,3,shrink,50.0
bidisperse_a0.005_sr0.667_x1.5_N4000_L24_T400000_seed1_cont2_dense500.npz,1.5,1,250,1,3,shrink,100.0
bidisperse_a0.005_sr0.667_x1.5_N4000_L24_T400000_seed1_cont2_dense500.npz,1.5,1,250,1,3,grow,1400.0
bidisperse_a0.005_sr0.667_x1.5_N4000_L24_T400000_seed1_cont2_dense500.npz,1.5,1,250,1,3,absorbed,1550.0
bidisperse_a0.005_sr0.667_x1.5_N4000_L24_T400000_seed1_cont2_dense500.npz,1.5,1,250,1,3,shrink,250.0
bidisperse_a0.005_sr0.667_x1.5_N4000_L24_T400000_seed1_cont2_dense500.npz,1.5,1,250,1,3,shrink,450.0
bidisperse_a0.005_sr0.667_x1.5_N4000_L24_T400000_seed1_cont2_dense500.npz,1.5,1,250,1,3,shrink,50.0
bidisperse_a0.005_sr0.667_x1.5_N4000_L24_T400000_seed1_cont2_dense500.npz,1.5,1,250,1,3,shrink,50.0
bidisperse_a0.005_sr0.667_x1.5_N4000_L24_T400000_seed1_cont2_dense500.npz,1.5,1,250,1,3,shrink,100.0
bidisperse_a0.005_sr0.667_x1.5_N4000_L24_T400000_seed1_cont2_dense500.npz,1.5,1,250,1,3,shrink,200.0
bidisperse_a0.005_sr0.667_x1.5_N4000_L24_T400000_seed1_cont2_dense500.npz,1.5,1,250,1,3,shrink,50.0
bidisperse_a0.005_sr0.667_x1.5_N4000_L24_T400000_seed1_cont2_dense500.npz,1.5,1,250,1,3,shrink,50.0
bidisperse_a0.005_sr0.667_x1.5_N4000_L24_T400000_seed1_cont2_dense500.npz,1.5,1,250,1,3,shrink,250.0
bidisperse_a0.005_sr0.667_x1.5_N4000_L24_T400000_seed1_cont2_dense500.npz,1.5,1,250,1,3,shrink,550.0
bidisperse_a0.005_sr0.667_x1.5_N4000_L24_T400000_seed1_cont2_dense500.npz,1.5,1,250,1,3,shrink,50.0
bidisperse_a0.005_sr0.667_x1.5_N4000_L24_T400000_seed1_cont2_dense500.npz,1.5,1,250,1,3,grow,1400.0
bidisperse_a0.005_sr0.667_x1.5_N4000_L24_T400000_seed1_cont2_dense500.npz,1.5,1,250,1,3,shrink,1400.0
bidisperse_a0.005_sr0.667_x1.5_N4000_L24_T400000_seed1_cont2_dense500.npz,1.5,1,250,1,3,shrink,50.0
bidisperse_a0.005_sr0.667_x1.5_N4000_L24_T400000_seed1_cont2_dense500.npz,1.5,1,250,1,3,grow,50.0
bidisperse_a0.005_sr0.667_x1.5_N4000_L24_T400000_seed1_cont2_dense500.npz,1.5,1,250,1,3,shrink,100.0
bidisperse_a0.005_sr0.667_x1.5_N4000_L24_T400000_seed1_cont2_dense500.npz,1.5,1,250,1,3,shrink,100.0
bidisperse_a0.005_sr0.667_x1.5_N4000_L24_T400000_seed1_cont2_dense500.npz,1.5,1,250,1,3,shrink,50.0
bidisperse_a0.005_sr0.667_x1.5_N4000_L24_T400000_seed1_cont2_dense500.npz,1.5,1,250,1,3,grow,500.0
bidisperse_a0.005_sr0.667_x1.5_N4000_L24_T400000_seed1_cont2_dense500.npz,1.5,1,250,1,3,shrink,150.0
bidisperse_a0.005_sr0.667_x1.5_N4000_L24_T400000_seed1_cont2_dense500.npz,1.5,1,250,2,59,grow,50.0
bidisperse_a0.005_sr0.667_x1.5_N4000_L24_T400000_seed1_cont2_dense500.npz,1.5,1,250,2,52,grow,50.0
bidisperse_a0.005_sr0.667_x1.5_N4000_L24_T400000_seed1_cont2_dense500.npz,1.5,1,250,2,33,absorbed,50.0
bidisperse_a0.005_sr0.667_x1.5_N4000_L24_T400000_seed1_cont2_dense500.npz,1.5,1,250,2,21,grow,50.0
bidisperse_a0.005_sr0.667_x1.5_N4000_L24_T400000_seed1_cont2_dense500.npz,1.5,1,250,2,20,grow,100.0
bidisperse_a0.005_sr0.667_x1.5_N4000_L24_T400000_seed1_cont2_dense500.npz,1.5,1,250,2,20,grow,50.0
bidisperse_a0.005_sr0.667_x1.5_N4000_L24_T400000_seed1_cont2_dense500.npz,1.5,1,250,2,19,shrink,1600.0
bidisperse_a0.005_sr0.667_x1.5_N4000_L24_T400000_seed1_cont2_dense500.npz,1.5,1,250,2,18,absorbed,350.0
bidisperse_a0.005_sr0.667_x1.5_N4000_L24_T400000_seed1_cont2_dense500.npz,1.5,1,250,2,16,grow,750.0
bidisperse_a0.005_sr0.667_x1.5_N4000_L24_T400000_seed1_cont2_dense500.npz,1.5,1,250,2,15,grow,250.0
bidisperse_a0.005_sr0.667_x1.5_N4000_L24_T400000_seed1_cont2_dense500.npz,1.5,1,250,2,15,absorbed,450.0
bidisperse_a0.005_sr0.667_x1.5_N4000_L24_T400000_seed1_cont2_dense500.npz,1.5,1,250,2,13,open,0.0
bidisperse_a0.005_sr0.667_x1.5_N4000_L24_T400000_seed1_cont2_dense500.npz,1.5,1,250,2,11,grow,800.0
bidisperse_a0.005_sr0.667_x1.5_N4000_L24_T400000_seed1_cont2_dense500.npz,1.5,1,250,2,11,open,0.0
bidisperse_a0.005_sr0.667_x1.5_N4000_L24_T400000_seed1_cont2_dense500.npz,1.5,1,250,2,10,shrink,1700.0
bidisperse_a0.005_sr0.667_x1.5_N4000_L24_T400000_seed1_cont2_dense500.npz,1.5,1,250,2,10,open,0.0
bidisperse_a0.005_sr0.667_x1.5_N4000_L24_T400000_seed1_cont2_dense500.npz,1.5,1,250,2,9,shrink,900.0
bidisperse_a0.005_sr0.667_x1.5_N4000_L24_T400000_seed1_cont2_dense500.npz,1.5,1,250,2,9,grow,250.0
bidisperse_a0.005_sr0.667_x1.5_N4000_L24_T400000_seed1_cont2_dense500.npz,1.5,1,250,2,8,grow,800.0
bidisperse_a0.005_sr0.667_x1.5_N4000_L24_T400000_seed1_cont2_dense500.npz,1.5,1,250,2,8,shrink,1300.0
bidisperse_a0.005_sr0.667_x1.5_N4000_L24_T400000_seed1_cont2_dense500.npz,1.5,1,250,2,8,grow,50.0
bidisperse_a0.005_sr0.667_x1.5_N4000_L24_T400000_seed1_cont2_dense500.npz,1.5,1,250,2,7,grow,500.0
bidisperse_a0.005_sr0.667_x1.5_N4000_L24_T400000_seed1_cont2_dense500.npz,1.5,1,250,2,7,grow,2050.0
bidisperse_a0.005_sr0.667_x1.5_N4000_L24_T400000_seed1_cont2_dense500.npz,1.5,1,250,2,7,absorbed,2000.0
bidisperse_a0.005_sr0.667_x1.5_N4000_L24_T400000_seed1_cont2_dense500.npz,1.5,1,250,2,7,shrink,250.0
bidisperse_a0.005_sr0.667_x1.5_N4000_L24_T400000_seed1_cont2_dense500.npz,1.5,1,250,2,7,shrink,500.0
bidisperse_a0.005_sr0.667_x1.5_N4000_L24_T400000_seed1_cont2_dense500.npz,1.5,1,250,2,6,shrink,400.0
bidisperse_a0.005_sr0.667_x1.5_N4000_L24_T400000_seed1_cont2_dense500.npz,1.5,1,250,2,6,shrink,2950.0
bidisperse_a0.005_sr0.667_x1.5_N4000_L24_T400000_seed1_cont2_dense500.npz,1.5,1,250,2,6,absorbed,2000.0
bidisperse_a0.005_sr0.667_x1.5_N4000_L24_T400000_seed1_cont2_dense500.npz,1.5,1,250,2,6,shrink,1500.0
bidisperse_a0.005_sr0.667_x1.5_N4000_L24_T400000_seed1_cont2_dense500.npz,1.5,1,250,2,6,shrink,150.0
bidisperse_a0.005_sr0.667_x1.5_N4000_L24_T400000_seed1_cont2_dense500.npz,1.5,1,250,2,6,grow,750.0
bidisperse_a0.005_sr0.667_x1.5_N4000_L24_T400000_seed1_cont2_dense500.npz,1.5,1,250,2,5,shrink,300.0
bidisperse_a0.005_sr0.667_x1.5_N4000_L24_T400000_seed1_cont2_dense500.npz,1.5,1,250,2,5,grow,300.0
bidisperse_a0.005_sr0.667_x1.5_N4000_L24_T400000_seed1_cont2_dense500.npz,1.5,1,250,2,5,shrink,200.0
bidisperse_a0.005_sr0.667_x1.5_N4000_L24_T400000_seed1_cont2_dense500.npz,1.5,1,250,2,5,shrink,1300.0
bidisperse_a0.005_sr0.667_x1.5_N4000_L24_T400000_seed1_cont2_dense500.npz,1.5,1,250,2,5,shrink,500.0
bidisperse_a0.005_sr0.667_x1.5_N4000_L24_T400000_seed1_cont2_dense500.npz,1.5,1,250,2,5,grow,1550.0
bidisperse_a0.005_sr0.667_x1.5_N4000_L24_T400000_seed1_cont2_dense500.npz,1.5,1,250,2,5,grow,750.0
bidisperse_a0.005_sr0.667_x1.5_N4000_L24_T400000_seed1_cont2_dense500.npz,1.5,1,250,2,5,absorbed,2000.0
bidisperse_a0.005_sr0.667_x1.5_N4000_L24_T400000_seed1_cont2_dense500.npz,1.5,1,250,2,5,shrink,400.0
bidisperse_a0.005_sr0.667_x1.5_N4000_L24_T400000_seed1_cont2_dense500.npz,1.5,1,250,2,5,grow,50.0
bidisperse_a0.005_sr0.667_x1.5_N4000_L24_T400000_seed1_cont2_dense500.npz,1.5,1,250,2,4,shrink,1750.0
bidisperse_a0.005_sr0.667_x1.5_N4000_L24_T400000_seed1_cont2_dense500.npz,1.5,1,250,2,4,shrink,1050.0
bidisperse_a0.005_sr0.667_x1.5_N4000_L24_T400000_seed1_cont2_dense500.npz,1.5,1,250,2,4,absorbed,500.0
bidisperse_a0.005_sr0.667_x1.5_N4000_L24_T400000_seed1_cont2_dense500.npz,1.5,1,250,2,4,shrink,800.0
bidisperse_a0.005_sr0.667_x1.5_N4000_L24_T400000_seed1_cont2_dense500.npz,1.5,1,250,2,4,shrink,600.0
bidisperse_a0.005_sr0.667_x1.5_N4000_L24_T400000_seed1_cont2_dense500.npz,1.5,1,250,2,4,shrink,350.0
bidisperse_a0.005_sr0.667_x1.5_N4000_L24_T400000_seed1_cont2_dense500.npz,1.5,1,250,2,4,absorbed,100.0
bidisperse_a0.005_sr0.667_x1.5_N4000_L24_T400000_seed1_cont2_dense500.npz,1.5,1,250,2,4,absorbed,50.0
bidisperse_a0.005_sr0.667_x1.5_N4000_L24_T400000_seed1_cont2_dense500.npz,1.5,1,250,2,4,shrink,250.0
bidisperse_a0.005_sr0.667_x1.5_N4000_L24_T400000_seed1_cont2_dense500.npz,1.5,1,250,2,4,shrink,50.0
bidisperse_a0.005_sr0.667_x1.5_N4000_L24_T400000_seed1_cont2_dense500.npz,1.5,1,250,2,4,shrink,50.0
bidisperse_a0.005_sr0.667_x1.5_N4000_L24_T400000_seed1_cont2_dense500.npz,1.5,1,250,2,4,shrink,150.0
bidisperse_a0.005_sr0.667_x1.5_N4000_L24_T400000_seed1_cont2_dense500.npz,1.5,1,250,2,4,shrink,50.0
bidisperse_a0.005_sr0.667_x1.5_N4000_L24_T400000_seed1_cont2_dense500.npz,1.5,1,250,2,4,grow,100.0
bidisperse_a0.005_sr0.667_x1.5_N4000_L24_T400000_seed1_cont2_dense500.npz,1.5,1,250,2,4,shrink,200.0
bidisperse_a0.005_sr0.667_x1.5_N4000_L24_T400000_seed1_cont2_dense500.npz,1.5,1,250,2,4,grow,2050.0
bidisperse_a0.005_sr0.667_x1.5_N4000_L24_T400000_seed1_cont2_dense500.npz,1.5,1,250,2,4,grow,2700.0
bidisperse_a0.005_sr0.667_x1.5_N4000_L24_T400000_seed1_cont2_dense500.npz,1.5,1,250,2,4,shrink,1500.0
bidisperse_a0.005_sr0.667_x1.5_N4000_L24_T400000_seed1_cont2_dense500.npz,1.5,1,250,2,3,shrink,200.0
bidisperse_a0.005_sr0.667_x1.5_N4000_L24_T400000_seed1_cont2_dense500.npz,1.5,1,250,2,3,shrink,100.0
bidisperse_a0.005_sr0.667_x1.5_N4000_L24_T400000_seed1_cont2_dense500.npz,1.5,1,250,2,3,shrink,400.0
bidisperse_a0.005_sr0.667_x1.5_N4000_L24_T400000_seed1_cont2_dense500.npz,1.5,1,250,2,3,shrink,50.0
bidisperse_a0.005_sr0.667_x1.5_N4000_L24_T400000_seed1_cont2_dense500.npz,1.5,1,250,2,3,open,0.0
bidisperse_a0.005_sr0.667_x1.5_N4000_L24_T400000_seed1_cont2_dense500.npz,1.5,1,250,2,3,absorbed,2000.0
bidisperse_a0.005_sr0.667_x1.5_N4000_L24_T400000_seed1_cont2_dense500.npz,1.5,1,250,2,3,shrink,50.0
bidisperse_a0.005_sr0.667_x1.5_N4000_L24_T400000_seed1_cont2_dense500.npz,1.5,1,250,2,3,shrink,150.0
bidisperse_a0.005_sr0.667_x1.5_N4000_L24_T400000_seed1_cont2_dense500.npz,1.5,1,250,2,3,shrink,200.0
bidisperse_a0.005_sr0.667_x1.5_N4000_L24_T400000_seed1_cont2_dense500.npz,1.5,1,250,2,3,shrink,100.0
bidisperse_a0.005_sr0.667_x1.5_N4000_L24_T400000_seed1_cont2_dense500.npz,1.5,1,250,2,3,shrink,50.0
bidisperse_a0.005_sr0.667_x1.5_N4000_L24_T400000_seed1_cont2_dense500.npz,1.5,1,250,2,3,shrink,200.0
bidisperse_a0.005_sr0.667_x1.5_N4000_L24_T400000_seed1_cont2_dense500.npz,1.5,1,250,2,3,shrink,50.0
bidisperse_a0.005_sr0.667_x1.5_N4000_L24_T400000_seed1_cont2_dense500.npz,1.5,1,250,2,3,shrink,100.0
bidisperse_a0.005_sr0.667_x1.5_N4000_L24_T400000_seed1_cont2_dense500.npz,1.5,1,250,2,3,shrink,650.0
bidisperse_a0.005_sr0.667_x1.5_N4000_L24_T400000_seed1_cont2_dense500.npz,1.5,1,250,2,3,shrink,150.0
bidisperse_a0.005_sr0.667_x1.5_N4000_L24_T400000_seed1_cont2_dense500.npz,1.5,1,250,2,3,shrink,100.0
bidisperse_a0.005_sr0.667_x1.5_N4000_L24_T400000_seed1_cont2_dense500.npz,1.5,1,250,2,3,open,0.0
bidisperse_a0.005_sr0.667_x1.5_N4000_L24_T400000_seed1_cont2_dense500.npz,1.5,1,250,2,3,shrink,50.0
bidisperse_a0.005_sr0.667_x1.5_N4000_L24_T400000_seed1_cont2_dense500.npz,1.5,1,250,2,3,shrink,50.0
bidisperse_a0.005_sr0.667_x1.5_N4000_L24_T400000_seed1_cont2_dense500.npz,1.5,1,250,2,3,shrink,50.0
bidisperse_a0.005_sr0.667_x1.5_N4000_L24_T400000_seed1_cont2_dense500.npz,1.5,1,250,2,3,shrink,50.0
bidisperse_a0.005_sr0.667_x1.5_N4000_L24_T400000_seed1_cont2_dense500.npz,1.5,1,250,2,3,absorbed,200.0
bidisperse_a0.005_sr0.667_x1.5_N4000_L24_T400000_seed1_cont2_dense500.npz,1.5,1,250,2,3,shrink,200.0
bidisperse_a0.005_sr0.667_x1.5_N4000_L24_T400000_seed1_cont2_dense500.npz,1.5,1,250,2,3,absorbed,450.0
bidisperse_a0.005_sr0.667_x1.5_N4000_L24_T400000_seed1_cont2_dense500.npz,1.5,1,250,2,3,shrink,100.0
bidisperse_a0.005_sr0.667_x1.5_N4000_L24_T400000_seed1_cont2_dense500.npz,1.5,1,250,3,59,grow,50.0
bidisperse_a0.005_sr0.667_x1.5_N4000_L24_T400000_seed1_cont2_dense500.npz,1.5,1,250,3,52,grow,50.0
bidisperse_a0.005_sr0.667_x1.5_N4000_L24_T400000_seed1_cont2_dense500.npz,1.5,1,250,3,33,absorbed,50.0
bidisperse_a0.005_sr0.667_x1.5_N4000_L24_T400000_seed1_cont2_dense500.npz,1.5,1,250,3,21,grow,50.0
bidisperse_a0.005_sr0.667_x1.5_N4000_L24_T400000_seed1_cont2_dense500.npz,1.5,1,250,3,20,grow,50.0
bidisperse_a0.005_sr0.667_x1.5_N4000_L24_T400000_seed1_cont2_dense500.npz,1.5,1,250,3,20,shrink,900.0
bidisperse_a0.005_sr0.667_x1.5_N4000_L24_T400000_seed1_cont2_dense500.npz,1.5,1,250,3,19,grow,100.0
bidisperse_a0.005_sr0.667_x1.5_N4000_L24_T400000_seed1_cont2_dense500.npz,1.5,1,250,3,18,grow,300.0
bidisperse_a0.005_sr0.667_x1.5_N4000_L24_T400000_seed1_cont2_dense500.npz,1.5,1,250,3,16,shrink,2300.0
bidisperse_a0.005_sr0.667_x1.5_N4000_L24_T400000_seed1_cont2_dense500.npz,1.5,1,250,3,15,grow,750.0
bidisperse_a0.005_sr0.667_x1.5_N4000_L24_T400000_seed1_cont2_dense500.npz,1.5,1,250,3,15,absorbed,500.0
bidisperse_a0.005_sr0.667_x1.5_N4000_L24_T400000_seed1_cont2_dense500.npz,1.5,1,250,3,13,grow,1050.0
bidisperse_a0.005_sr0.667_x1.5_N4000_L24_T400000_seed1_cont2_dense500.npz,1.5,1,250,3,11,shrink,650.0
bidisperse_a0.005_sr0.667_x1.5_N4000_L24_T400000_seed1_cont2_dense500.npz,1.5,1,250,3,11,shrink,1150.0
bidisperse_a0.005_sr0.667_x1.5_N4000_L24_T400000_seed1_cont2_dense500.npz,1.5,1,250,3,10,open,0.0
bidisperse_a0.005_sr0.667_x1.5_N4000_L24_T400000_seed1_cont2_dense500.npz,1.5,1,250,3,10,grow,1750.0
bidisperse_a0.005_sr0.667_x1.5_N4000_L24_T400000_seed1_cont2_dense500.npz,1.5,1,250,3,9,shrink,800.0
bidisperse_a0.005_sr0.667_x1.5_N4000_L24_T400000_seed1_cont2_dense500.npz,1.5,1,250,3,9,grow,750.0
bidisperse_a0.005_sr0.667_x1.5_N4000_L24_T400000_seed1_cont2_dense500.npz,1.5,1,250,3,8,shrink,2150.0
bidisperse_a0.005_sr0.667_x1.5_N4000_L24_T400000_seed1_cont2_dense500.npz,1.5,1,250,3,8,shrink,1150.0
bidisperse_a0.005_sr0.667_x1.5_N4000_L24_T400000_seed1_cont2_dense500.npz,1.5,1,250,3,8,absorbed,100.0
bidisperse_a0.005_sr0.667_x1.5_N4000_L24_T400000_seed1_cont2_dense500.npz,1.5,1,250,3,7,grow,550.0
bidisperse_a0.005_sr0.667_x1.5_N4000_L24_T400000_seed1_cont2_dense500.npz,1.5,1,250,3,7,shrink,850.0
bidisperse_a0.005_sr0.667_x1.5_N4000_L24_T400000_seed1_cont2_dense500.npz,1.5,1,250,3,7,shrink,2050.0
bidisperse_a0.005_sr0.667_x1.5_N4000_L24_T400000_seed1_cont2_dense500.npz,1.5,1,250,3,7,shrink,1150.0
bidisperse_a0.005_sr0.667_x1.5_N4000_L24_T400000_seed1_cont2_dense500.npz,1.5,1,250,3,7,shrink,200.0
bidisperse_a0.005_sr0.667_x1.5_N4000_L24_T400000_seed1_cont2_dense500.npz,1.5,1,250,3,6,shrink,500.0
bidisperse_a0.005_sr0.667_x1.5_N4000_L24_T400000_seed1_cont2_dense500.npz,1.5,1,250,3,6,open,0.0
bidisperse_a0.005_sr0.667_x1.5_N4000_L24_T400000_seed1_cont2_dense500.npz,1.5,1,250,3,6,shrink,2050.0
bidisperse_a0.005_sr0.667_x1.5_N4000_L24_T400000_seed1_cont2_dense500.npz,1.5,1,250,3,6,shrink,700.0
bidisperse_a0.005_sr0.667_x1.5_N4000_L24_T400000_seed1_cont2_dense500.npz,1.5,1,250,3,6,shrink,250.0
bidisperse_a0.005_sr0.667_x1.5_N4000_L24_T400000_seed1_cont2_dense500.npz,1.5,1,250,3,6,shrink,900.0
bidisperse_a0.005_sr0.667_x1.5_N4000_L24_T400000_seed1_cont2_dense500.npz,1.5,1,250,3,5,shrink,150.0
bidisperse_a0.005_sr0.667_x1.5_N4000_L24_T400000_seed1_cont2_dense500.npz,1.5,1,250,3,5,shrink,200.0
bidisperse_a0.005_sr0.667_x1.5_N4000_L24_T400000_seed1_cont2_dense500.npz,1.5,1,250,3,5,shrink,350.0
bidisperse_a0.005_sr0.667_x1.5_N4000_L24_T400000_seed1_cont2_dense500.npz,1.5,1,250,3,5,shrink,1150.0
bidisperse_a0.005_sr0.667_x1.5_N4000_L24_T400000_seed1_cont2_dense500.npz,1.5,1,250,3,5,shrink,600.0
bidisperse_a0.005_sr0.667_x1.5_N4000_L24_T400000_seed1_cont2_dense500.npz,1.5,1,250,3,5,grow,1300.0
bidisperse_a0.005_sr0.667_x1.5_N4000_L24_T400000_seed1_cont2_dense500.npz,1.5,1,250,3,5,shrink,2250.0
bidisperse_a0.005_sr0.667_x1.5_N4000_L24_T400000_seed1_cont2_dense500.npz,1.5,1,250,3,5,shrink,2050.0
bidisperse_a0.005_sr0.667_x1.5_N4000_L24_T400000_seed1_cont2_dense500.npz,1.5,1,250,3,5,shrink,200.0
bidisperse_a0.005_sr0.667_x1.5_N4000_L24_T400000_seed1_cont2_dense500.npz,1.5,1,250,3,5,grow,50.0
bidisperse_a0.005_sr0.667_x1.5_N4000_L24_T400000_seed1_cont2_dense500.npz,1.5,1,250,3,4,shrink,750.0
bidisperse_a0.005_sr0.667_x1.5_N4000_L24_T400000_seed1_cont2_dense500.npz,1.5,1,250,3,4,shrink,100.0
bidisperse_a0.005_sr0.667_x1.5_N4000_L24_T400000_seed1_cont2_dense500.npz,1.5,1,250,3,4,shrink,350.0
bidisperse_a0.005_sr0.667_x1.5_N4000_L24_T400000_seed1_cont2_dense500.npz,1.5,1,250,3,4,shrink,1000.0
bidisperse_a0.005_sr0.667_x1.5_N4000_L24_T400000_seed1_cont2_dense500.npz,1.5,1,250,3,4,shrink,600.0
bidisperse_a0.005_sr0.667_x1.5_N4000_L24_T400000_seed1_cont2_dense500.npz,1.5,1,250,3,4,shrink,150.0
bidisperse_a0.005_sr0.667_x1.5_N4000_L24_T400000_seed1_cont2_dense500.npz,1.5,1,250,3,4,shrink,50.0
bidisperse_a0.005_sr0.667_x1.5_N4000_L24_T400000_seed1_cont2_dense500.npz,1.5,1,250,3,4,absorbed,50.0
bidisperse_a0.005_sr0.667_x1.5_N4000_L24_T400000_seed1_cont2_dense500.npz,1.5,1,250,3,4,shrink,300.0
bidisperse_a0.005_sr0.667_x1.5_N4000_L24_T400000_seed1_cont2_dense500.npz,1.5,1,250,3,4,shrink,200.0
bidisperse_a0.005_sr0.667_x1.5_N4000_L24_T400000_seed1_cont2_dense500.npz,1.5,1,250,3,4,grow,50.0
bidisperse_a0.005_sr0.667_x1.5_N4000_L24_T400000_seed1_cont2_dense500.npz,1.5,1,250,3,4,shrink,550.0
bidisperse_a0.005_sr0.667_x1.5_N4000_L24_T400000_seed1_cont2_dense500.npz,1.5,1,250,3,4,shrink,50.0
bidisperse_a0.005_sr0.667_x1.5_N4000_L24_T400000_seed1_cont2_dense500.npz,1.5,1,250,3,4,grow,50.0
bidisperse_a0.005_sr0.667_x1.5_N4000_L24_T400000_seed1_cont2_dense500.npz,1.5,1,250,3,4,shrink,300.0
bidisperse_a0.005_sr0.667_x1.5_N4000_L24_T400000_seed1_cont2_dense500.npz,1.5,1,250,3,4,shrink,850.0
bidisperse_a0.005_sr0.667_x1.5_N4000_L24_T400000_seed1_cont2_dense500.npz,1.5,1,250,3,4,shrink,2550.0
bidisperse_a0.005_sr0.667_x1.5_N4000_L24_T400000_seed1_cont2_dense500.npz,1.5,1,250,3,4,shrink,700.0
bidisperse_a0.005_sr0.667_x1.5_N4000_L24_T400000_seed1_cont2_dense500.npz,1.5,1,250,3,3,shrink,200.0
bidisperse_a0.005_sr0.667_x1.5_N4000_L24_T400000_seed1_cont2_dense500.npz,1.5,1,250,3,3,shrink,100.0
bidisperse_a0.005_sr0.667_x1.5_N4000_L24_T400000_seed1_cont2_dense500.npz,1.5,1,250,3,3,shrink,50.0
bidisperse_a0.005_sr0.667_x1.5_N4000_L24_T400000_seed1_cont2_dense500.npz,1.5,1,250,3,3,shrink,1600.0
bidisperse_a0.005_sr0.667_x1.5_N4000_L24_T400000_seed1_cont2_dense500.npz,1.5,1,250,3,3,shrink,100.0
bidisperse_a0.005_sr0.667_x1.5_N4000_L24_T400000_seed1_cont2_dense500.npz,1.5,1,250,3,3,shrink,2050.0
bidisperse_a0.005_sr0.667_x1.5_N4000_L24_T400000_seed1_cont2_dense500.npz,1.5,1,250,3,3,shrink,100.0
bidisperse_a0.005_sr0.667_x1.5_N4000_L24_T400000_seed1_cont2_dense500.npz,1.5,1,250,3,3,shrink,200.0
bidisperse_a0.005_sr0.667_x1.5_N4000_L24_T400000_seed1_cont2_dense500.npz,1.5,1,250,3,3,shrink,50.0
bidisperse_a0.005_sr0.667_x1.5_N4000_L24_T400000_seed1_cont2_dense500.npz,1.5,1,250,3,3,shrink,100.0
bidisperse_a0.005_sr0.667_x1.5_N4000_L24_T400000_seed1_cont2_dense500.npz,1.5,1,250,3,3,shrink,1150.0
bidisperse_a0.005_sr0.667_x1.5_N4000_L24_T400000_seed1_cont2_dense500.npz,1.5,1,250,3,3,shrink,200.0
bidisperse_a0.005_sr0.667_x1.5_N4000_L24_T400000_seed1_cont2_dense500.npz,1.5,1,250,3,3,shrink,100.0
bidisperse_a0.005_sr0.667_x1.5_N4000_L24_T400000_seed1_cont2_dense500.npz,1.5,1,250,3,3,shrink,300.0
bidisperse_a0.005_sr0.667_x1.5_N4000_L24_T400000_seed1_cont2_dense500.npz,1.5,1,250,3,3,shrink,1150.0
bidisperse_a0.005_sr0.667_x1.5_N4000_L24_T400000_seed1_cont2_dense500.npz,1.5,1,250,3,3,shrink,300.0
bidisperse_a0.005_sr0.667_x1.5_N4000_L24_T400000_seed1_cont2_dense500.npz,1.5,1,250,3,3,shrink,50.0
bidisperse_a0.005_sr0.667_x1.5_N4000_L24_T400000_seed1_cont2_dense500.npz,1.5,1,250,3,3,grow,550.0
bidisperse_a0.005_sr0.667_x1.5_N4000_L24_T400000_seed1_cont2_dense500.npz,1.5,1,250,3,3,shrink,1150.0
bidisperse_a0.005_sr0.667_x1.5_N4000_L24_T400000_seed1_cont2_dense500.npz,1.5,1,250,3,3,shrink,150.0
bidisperse_a0.005_sr0.667_x1.5_N4000_L24_T400000_seed1_cont2_dense500.npz,1.5,1,250,3,3,shrink,50.0
bidisperse_a0.005_sr0.667_x1.5_N4000_L24_T400000_seed1_cont2_dense500.npz,1.5,1,250,3,3,shrink,150.0
bidisperse_a0.005_sr0.667_x1.5_N4000_L24_T400000_seed1_cont2_dense500.npz,1.5,1,250,3,3,absorbed,350.0
bidisperse_a0.005_sr0.667_x1.5_N4000_L24_T400000_seed1_cont2_dense500.npz,1.5,1,250,3,3,shrink,150.0
bidisperse_a0.005_sr0.667_x1.5_N4000_L24_T400000_seed1_cont2_dense500.npz,1.5,1,250,3,3,absorbed,500.0
bidisperse_a0.005_sr0.667_x1.5_N4000_L24_T400000_seed1_cont2_dense500.npz,1.5,1,250,3,3,shrink,500.0
bidisperse_a0.005_sr0.667_x1.5_N4000_L24_T400000_seed1_cont2_dense500.npz,1.5,1,250,0,59,grow,50.0
bidisperse_a0.005_sr0.667_x1.5_N4000_L24_T400000_seed1_cont2_dense500.npz,1.5,1,250,0,52,grow,50.0
bidisperse_a0.005_sr0.667_x1.5_N4000_L24_T400000_seed1_cont2_dense500.npz,1.5,1,250,0,33,absorbed,50.0
bidisperse_a0.005_sr0.667_x1.5_N4000_L24_T400000_seed1_cont2_dense500.npz,1.5,1,250,0,21,grow,50.0
bidisperse_a0.005_sr0.667_x1.5_N4000_L24_T400000_seed1_cont2_dense500.npz,1.5,1,250,0,20,shrink,1000.0
bidisperse_a0.005_sr0.667_x1.5_N4000_L24_T400000_seed1_cont2_dense500.npz,1.5,1,250,0,20,grow,750.0
bidisperse_a0.005_sr0.667_x1.5_N4000_L24_T400000_seed1_cont2_dense500.npz,1.5,1,250,0,19,shrink,1650.0
bidisperse_a0.005_sr0.667_x1.5_N4000_L24_T400000_seed1_cont2_dense500.npz,1.5,1,250,0,18,absorbed,150.0
bidisperse_a0.005_sr0.667_x1.5_N4000_L24_T400000_seed1_cont2_dense500.npz,1.5,1,250,0,16,grow,900.0
bidisperse_a0.005_sr0.667_x1.5_N4000_L24_T400000_seed1_cont2_dense500.npz,1.5,1,250,0,15,grow,1800.0
bidisperse_a0.005_sr0.667_x1.5_N4000_L24_T400000_seed1_cont2_dense500.npz,1.5,1,250,0,15,grow,250.0
bidisperse_a0.005_sr0.667_x1.5_N4000_L24_T400000_seed1_cont2_dense500.npz,1.5,1,250,0,13,grow,1300.0
bidisperse_a0.005_sr0.667_x1.5_N4000_L24_T400000_seed1_cont2_dense500.npz,1.5,1,250,0,11,grow,1100.0
bidisperse_a0.005_sr0.667_x1.5_N4000_L24_T400000_seed1_cont2_dense500.npz,1.5,1,250,0,11,shrink,450.0
bidisperse_a0.005_sr0.667_x1.5_N4000_L24_T400000_seed1_cont2_dense500.npz,1.5,1,250,0,10,shrink,1650.0
bidisperse_a0.005_sr0.667_x1.5_N4000_L24_T400000_seed1_cont2_dense500.npz,1.5,1,250,0,10,grow,1050.0
bidisperse_a0.005_sr0.667_x1.5_N4000_L24_T400000_seed1_cont2_dense500.npz,1.5,1,250,0,9,shrink,750.0
bidisperse_a0.005_sr0.667_x1.5_N4000_L24_T400000_seed1_cont2_dense500.npz,1.5,1,250,0,9,shrink,600.0
bidisperse_a0.005_sr0.667_x1.5_N4000_L24_T400000_seed1_cont2_dense500.npz,1.5,1,250,0,8,grow,1100.0
bidisperse_a0.005_sr0.667_x1.5_N4000_L24_T400000_seed1_cont2_dense500.npz,1.5,1,250,0,8,grow,350.0
bidisperse_a0.005_sr0.667_x1.5_N4000_L24_T400000_seed1_cont2_dense500.npz,1.5,1,250,0,8,absorbed,250.0
bidisperse_a0.005_sr0.667_x1.5_N4000_L24_T400000_seed1_cont2_dense500.npz,1.5,1,250,0,7,grow,750.0
bidisperse_a0.005_sr0.667_x1.5_N4000_L24_T400000_seed1_cont2_dense500.npz,1.5,1,250,0,7,grow,1350.0
bidisperse_a0.005_sr0.667_x1.5_N4000_L24_T400000_seed1_cont2_dense500.npz,1.5,1,250,0,7,grow,350.0
bidisperse_a0.005_sr0.667_x1.5_N4000_L24_T400000_seed1_cont2_dense500.npz,1.5,1,250,0,7,shrink,400.0
bidisperse_a0.005_sr0.667_x1.5_N4000_L24_T400000_seed1_cont2_dense500.npz,1.5,1,250,0,7,shrink,150.0
bidisperse_a0.005_sr0.667_x1.5_N4000_L24_T400000_seed1_cont2_dense500.npz,1.5,1,250,0,6,shrink,1100.0
bidisperse_a0.005_sr0.667_x1.5_N4000_L24_T400000_seed1_cont2_dense500.npz,1.5,1,250,0,6,open,0.0
bidisperse_a0.005_sr0.667_x1.5_N4000_L24_T400000_seed1_cont2_dense500.npz,1.5,1,250,0,6,shrink,50.0
bidisperse_a0.005_sr0.667_x1.5_N4000_L24_T400000_seed1_cont2_dense500.npz,1.5,1,250,0,6,open,0.0
bidisperse_a0.005_sr0.667_x1.5_N4000_L24_T400000_seed1_cont2_dense500.npz,1.5,1,250,0,6,shrink,1100.0
bidisperse_a0.005_sr0.667_x1.5_N4000_L24_T400000_seed1_cont2_dense500.npz,1.5,1,250,0,6,grow,900.0
bidisperse_a0.005_sr0.667_x1.5_N4000_L24_T400000_seed1_cont2_dense500.npz,1.5,1,250,0,5,shrink,450.0
bidisperse_a0.005_sr0.667_x1.5_N4000_L24_T400000_seed1_cont2_dense500.npz,1.5,1,250,0,5,shrink,50.0
bidisperse_a0.005_sr0.667_x1.5_N4000_L24_T400000_seed1_cont2_dense500.npz,1.5,1,250,0,5,shrink,100.0
bidisperse_a0.005_sr0.667_x1.5_N4000_L24_T400000_seed1_cont2_dense500.npz,1.5,1,250,0,5,grow,350.0
bidisperse_a0.005_sr0.667_x1.5_N4000_L24_T400000_seed1_cont2_dense500.npz,1.5,1,250,0,5,shrink,500.0
bidisperse_a0.005_sr0.667_x1.5_N4000_L24_T400000_seed1_cont2_dense500.npz,1.5,1,250,0,5,shrink,600.0
bidisperse_a0.005_sr0.667_x1.5_N4000_L24_T400000_seed1_cont2_dense500.npz,1.5,1,250,0,5,grow,900.0
bidisperse_a0.005_sr0.667_x1.5_N4000_L24_T400000_seed1_cont2_dense500.npz,1.5,1,250,0,5,grow,350.0
bidisperse_a0.005_sr0.667_x1.5_N4000_L24_T400000_seed1_cont2_dense500.npz,1.5,1,250,0,5,shrink,200.0
bidisperse_a0.005_sr0.667_x1.5_N4000_L24_T400000_seed1_cont2_dense500.npz,1.5,1,250,0,5,grow,50.0
bidisperse_a0.005_sr0.667_x1.5_N4000_L24_T400000_seed1_cont2_dense500.npz,1.5,1,250,0,4,shrink,100.0
bidisperse_a0.005_sr0.667_x1.5_N4000_L24_T400000_seed1_cont2_dense500.npz,1.5,1,250,0,4,shrink,150.0
bidisperse_a0.005_sr0.667_x1.5_N4000_L24_T400000_seed1_cont2_dense500.npz,1.5,1,250,0,4,grow,500.0
bidisperse_a0.005_sr0.667_x1.5_N4000_L24_T400000_seed1_cont2_dense500.npz,1.5,1,250,0,4,shrink,1200.0
bidisperse_a0.005_sr0.667_x1.5_N4000_L24_T400000_seed1_cont2_dense500.npz,1.5,1,250,0,4,grow,1800.0
bidisperse_a0.005_sr0.667_x1.5_N4000_L24_T400000_seed1_cont2_dense500.npz,1.5,1,250,0,4,shrink,200.0
bidisperse_a0.005_sr0.667_x1.5_N4000_L24_T400000_seed1_cont2_dense500.npz,1.5,1,250,0,4,shrink,450.0
bidisperse_a0.005_sr0.667_x1.5_N4000_L24_T400000_seed1_cont2_dense500.npz,1.5,1,250,0,4,absorbed,50.0
bidisperse_a0.005_sr0.667_x1.5_N4000_L24_T400000_seed1_cont2_dense500.npz,1.5,1,250,0,4,shrink,100.0
bidisperse_a0.005_sr0.667_x1.5_N4000_L24_T400000_seed1_cont2_dense500.npz,1.5,1,250,0,4,grow,1500.0
bidisperse_a0.005_sr0.667_x1.5_N4000_L24_T400000_seed1_cont2_dense500.npz,1.5,1,250,0,4,grow,50.0
bidisperse_a0.005_sr0.667_x1.5_N4000_L24_T400000_seed1_cont2_dense500.npz,1.5,1,250,0,4,shrink,50.0
bidisperse_a0.005_sr0.667_x1.5_N4000_L24_T400000_seed1_cont2_dense500.npz,1.5,1,250,0,4,shrink,50.0
bidisperse_a0.005_sr0.667_x1.5_N4000_L24_T400000_seed1_cont2_dense500.npz,1.5,1,250,0,4,grow,150.0
bidisperse_a0.005_sr0.667_x1.5_N4000_L24_T400000_seed1_cont2_dense500.npz,1.5,1,250,0,4,shrink,50.0
bidisperse_a0.005_sr0.667_x1.5_N4000_L24_T400000_seed1_cont2_dense500.npz,1.5,1,250,0,4,grow,1350.0
bidisperse_a0.005_sr0.667_x1.5_N4000_L24_T400000_seed1_cont2_dense500.npz,1.5,1,250,0,4,open,0.0
bidisperse_a0.005_sr0.667_x1.5_N4000_L24_T400000_seed1_cont2_dense500.npz,1.5,1,250,0,4,open,0.0
bidisperse_a0.005_sr0.667_x1.5_N4000_L24_T400000_seed1_cont2_dense500.npz,1.5,1,250,0,3,shrink,50.0
bidisperse_a0.005_sr0.667_x1.5_N4000_L24_T400000_seed1_cont2_dense500.npz,1.5,1,250,0,3,shrink,50.0
bidisperse_a0.005_sr0.667_x1.5_N4000_L24_T400000_seed1_cont2_dense500.npz,1.5,1,250,0,3,shrink,150.0
bidisperse_a0.005_sr0.667_x1.5_N4000_L24_T400000_seed1_cont2_dense500.npz,1.5,1,250,0,3,shrink,250.0
bidisperse_a0.005_sr0.667_x1.5_N4000_L24_T400000_seed1_cont2_dense500.npz,1.5,1,250,0,3,shrink,2100.0
bidisperse_a0.005_sr0.667_x1.5_N4000_L24_T400000_seed1_cont2_dense500.npz,1.5,1,250,0,3,grow,350.0
bidisperse_a0.005_sr0.667_x1.5_N4000_L24_T400000_seed1_cont2_dense500.npz,1.5,1,250,0,3,shrink,50.0
bidisperse_a0.005_sr0.667_x1.5_N4000_L24_T400000_seed1_cont2_dense500.npz,1.5,1,250,0,3,shrink,150.0
bidisperse_a0.005_sr0.667_x1.5_N4000_L24_T400000_seed1_cont2_dense500.npz,1.5,1,250,0,3,shrink,100.0
bidisperse_a0.005_sr0.667_x1.5_N4000_L24_T400000_seed1_cont2_dense500.npz,1.5,1,250,0,3,shrink,100.0
bidisperse_a0.005_sr0.667_x1.5_N4000_L24_T400000_seed1_cont2_dense500.npz,1.5,1,250,0,3,shrink,50.0
bidisperse_a0.005_sr0.667_x1.5_N4000_L24_T400000_seed1_cont2_dense500.npz,1.5,1,250,0,3,shrink,200.0
bidisperse_a0.005_sr0.667_x1.5_N4000_L24_T400000_seed1_cont2_dense500.npz,1.5,1,250,0,3,shrink,100.0
bidisperse_a0.005_sr0.667_x1.5_N4000_L24_T400000_seed1_cont2_dense500.npz,1.5,1,250,0,3,shrink,100.0
bidisperse_a0.005_sr0.667_x1.5_N4000_L24_T400000_seed1_cont2_dense500.npz,1.5,1,250,0,3,shrink,550.0
bidisperse_a0.005_sr0.667_x1.5_N4000_L24_T400000_seed1_cont2_dense500.npz,1.5,1,250,0,3,shrink,50.0
bidisperse_a0.005_sr0.667_x1.5_N4000_L24_T400000_seed1_cont2_dense500.npz,1.5,1,250,0,3,shrink,100.0
bidisperse_a0.005_sr0.667_x1.5_N4000_L24_T400000_seed1_cont2_dense500.npz,1.5,1,250,0,3,shrink,2100.0
bidisperse_a0.005_sr0.667_x1.5_N4000_L24_T400000_seed1_cont2_dense500.npz,1.5,1,250,0,3,grow,350.0
bidisperse_a0.005_sr0.667_x1.5_N4000_L24_T400000_seed1_cont2_dense500.npz,1.5,1,250,0,3,shrink,50.0
bidisperse_a0.005_sr0.667_x1.5_N4000_L24_T400000_seed1_cont2_dense500.npz,1.5,1,250,0,3,shrink,150.0
bidisperse_a0.005_sr0.667_x1.5_N4000_L24_T400000_seed1_cont2_dense500.npz,1.5,1,250,0,3,shrink,350.0
bidisperse_a0.005_sr0.667_x1.5_N4000_L24_T400000_seed1_cont2_dense500.npz,1.5,1,250,0,3,shrink,50.0
bidisperse_a0.005_sr0.667_x1.5_N4000_L24_T400000_seed1_cont2_dense500.npz,1.5,1,250,0,3,shrink,200.0
bidisperse_a0.005_sr0.667_x1.5_N4000_L24_T400000_seed1_cont2_dense500.npz,1.5,1,250,0,3,grow,250.0
bidisperse_a0.005_sr0.667_x1.5_N4000_L24_T400000_seed1_cont2_dense500.npz,1.5,1,250,0,3,shrink,50.0
bidisperse_a0.005_sr0.667_x1.5_N4000_L24_T400000_seed1_cont2_dense500.npz,1.5,1,250,7,59,grow,50.0
bidisperse_a0.005_sr0.667_x1.5_N4000_L24_T400000_seed1_cont2_dense500.npz,1.5,1,250,7,52,grow,50.0
bidisperse_a0.005_sr0.667_x1.5_N4000_L24_T400000_seed1_cont2_dense500.npz,1.5,1,250,7,33,absorbed,50.0
bidisperse_a0.005_sr0.667_x1.5_N4000_L24_T400000_seed1_cont2_dense500.npz,1.5,1,250,7,21,grow,150.0
bidisperse_a0.005_sr0.667_x1.5_N4000_L24_T400000_seed1_cont2_dense500.npz,1.5,1,250,7,20,absorbed,1250.0
bidisperse_a0.005_sr0.667_x1.5_N4000_L24_T400000_seed1_cont2_dense500.npz,1.5,1,250,7,20,grow,50.0
bidisperse_a0.005_sr0.667_x1.5_N4000_L24_T400000_seed1_cont2_dense500.npz,1.5,1,250,7,19,absorbed,2000.0
bidisperse_a0.005_sr0.667_x1.5_N4000_L24_T400000_seed1_cont2_dense500.npz,1.5,1,250,7,18,grow,200.0
bidisperse_a0.005_sr0.667_x1.5_N4000_L24_T400000_seed1_cont2_dense500.npz,1.5,1,250,7,16,grow,1350.0
bidisperse_a0.005_sr0.667_x1.5_N4000_L24_T400000_seed1_cont2_dense500.npz,1.5,1,250,7,15,shrink,1050.0
bidisperse_a0.005_sr0.667_x1.5_N4000_L24_T400000_seed1_cont2_dense500.npz,1.5,1,250,7,15,absorbed,550.0
bidisperse_a0.005_sr0.667_x1.5_N4000_L24_T400000_seed1_cont2_dense500.npz,1.5,1,250,7,13,shrink,1150.0
bidisperse_a0.005_sr0.667_x1.5_N4000_L24_T400000_seed1_cont2_dense500.npz,1.5,1,250,7,11,grow,450.0
bidisperse_a0.005_sr0.667_x1.5_N4000_L24_T400000_seed1_cont2_dense500.npz,1.5,1,250,7,11,shrink,1100.0
bidisperse_a0.005_sr0.667_x1.5_N4000_L24_T400000_seed1_cont2_dense500.npz,1.5,1,250,7,10,shrink,1100.0
bidisperse_a0.005_sr0.667_x1.5_N4000_L24_T400000_seed1_cont2_dense500.npz,1.5,1,250,7,10,grow,950.0
bidisperse_a0.005_sr0.667_x1.5_N4000_L24_T400000_seed1_cont2_dense500.npz,1.5,1,250,7,9,shrink,1550.0
bidisperse_a0.005_sr0.667_x1.5_N4000_L24_T400000_seed1_cont2_dense500.npz,1.5,1,250,7,9,shrink,350.0
bidisperse_a0.005_sr0.667_x1.5_N4000_L24_T400000_seed1_cont2_dense500.npz,1.5,1,250,7,8,open,0.0
bidisperse_a0.005_sr0.667_x1.5_N4000_L24_T400000_seed1_cont2_dense500.npz,1.5,1,250,7,8,grow,1600.0
bidisperse_a0.005_sr0.667_x1.5_N4000_L24_T400000_seed1_cont2_dense500.npz,1.5,1,250,7,8,grow,200.0
bidisperse_a0.005_sr0.667_x1.5_N4000_L24_T400000_seed1_cont2_dense500.npz,1.5,1,250,7,7,shrink,200.0
bidisperse_a0.005_sr0.667_x1.5_N4000_L24_T400000_seed1_cont2_dense500.npz,1.5,1,250,7,7,shrink,1600.0
bidisperse_a0.005_sr0.667_x1.5_N4000_L24_T400000_seed1_cont2_dense500.npz,1.5,1,250,7,7,grow,250.0
bidisperse_a0.005_sr0.667_x1.5_N4000_L24_T400000_seed1_cont2_dense500.npz,1.5,1,250,7,7,shrink,350.0
bidisperse_a0.005_sr0.667_x1.5_N4000_L24_T400000_seed1_cont2_dense500.npz,1.5,1,250,7,7,shrink,300.0
bidisperse_a0.005_sr0.667_x1.5_N4000_L24_T400000_seed1_cont2_dense500.npz,1.5,1,250,7,6,shrink,500.0
bidisperse_a0.005_sr0.667_x1.5_N4000_L24_T400000_seed1_cont2_dense500.npz,1.5,1,250,7,6,shrink,2500.0
bidisperse_a0.005_sr0.667_x1.5_N4000_L24_T400000_seed1_cont2_dense500.npz,1.5,1,250,7,6,grow,250.0
bidisperse_a0.005_sr0.667_x1.5_N4000_L24_T400000_seed1_cont2_dense500.npz,1.5,1,250,7,6,grow,2700.0
bidisperse_a0.005_sr0.667_x1.5_N4000_L24_T400000_seed1_cont2_dense500.npz,1.5,1,250,7,6,grow,1150.0
bidisperse_a0.005_sr0.667_x1.5_N4000_L24_T400000_seed1_cont2_dense500.npz,1.5,1,250,7,6,shrink,800.0
bidisperse_a0.005_sr0.667_x1.5_N4000_L24_T400000_seed1_cont2_dense500.npz,1.5,1,250,7,5,shrink,150.0
bidisperse_a0.005_sr0.667_x1.5_N4000_L24_T400000_seed1_cont2_dense500.npz,1.5,1,250,7,5,shrink,50.0
bidisperse_a0.005_sr0.667_x1.5_N4000_L24_T400000_seed1_cont2_dense500.npz,1.5,1,250,7,5,shrink,100.0
bidisperse_a0.005_sr0.667_x1.5_N4000_L24_T400000_seed1_cont2_dense500.npz,1.5,1,250,7,5,shrink,450.0
bidisperse_a0.005_sr0.667_x1.5_N4000_L24_T400000_seed1_cont2_dense500.npz,1.5,1,250,7,5,shrink,200.0
bidisperse_a0.005_sr0.667_x1.5_N4000_L24_T400000_seed1_cont2_dense500.npz,1.5,1,250,7,5,shrink,1600.0
bidisperse_a0.005_sr0.667_x1.5_N4000_L24_T400000_seed1_cont2_dense500.npz,1.5,1,250,7,5,shrink,800.0
bidisperse_a0.005_sr0.667_x1.5_N4000_L24_T400000_seed1_cont2_dense500.npz,1.5,1,250,7,5,grow,250.0
bidisperse_a0.005_sr0.667_x1.5_N4000_L24_T400000_seed1_cont2_dense500.npz,1.5,1,250,7,5,shrink,400.0
bidisperse_a0.005_sr0.667_x1.5_N4000_L24_T400000_seed1_cont2_dense500.npz,1.5,1,250,7,5,grow,100.0
bidisperse_a0.005_sr0.667_x1.5_N4000_L24_T400000_seed1_cont2_dense500.npz,1.5,1,250,7,4,shrink,550.0
bidisperse_a0.005_sr0.667_x1.5_N4000_L24_T400000_seed1_cont2_dense500.npz,1.5,1,250,7,4,shrink,550.0
bidisperse_a0.005_sr0.667_x1.5_N4000_L24_T400000_seed1_cont2_dense500.npz,1.5,1,250,7,4,shrink,100.0
bidisperse_a0.005_sr0.667_x1.5_N4000_L24_T400000_seed1_cont2_dense500.npz,1.5,1,250,7,4,shrink,1150.0
bidisperse_a0.005_sr0.667_x1.5_N4000_L24_T400000_seed1_cont2_dense500.npz,1.5,1,250,7,4,shrink,1350.0
bidisperse_a0.005_sr0.667_x1.5_N4000_L24_T400000_seed1_cont2_dense500.npz,1.5,1,250,7,4,shrink,250.0
bidisperse_a0.005_sr0.667_x1.5_N4000_L24_T400000_seed1_cont2_dense500.npz,1.5,1,250,7,4,absorbed,100.0
bidisperse_a0.005_sr0.667_x1.5_N4000_L24_T400000_seed1_cont2_dense500.npz,1.5,1,250,7,4,absorbed,50.0
bidisperse_a0.005_sr0.667_x1.5_N4000_L24_T400000_seed1_cont2_dense500.npz,1.5,1,250,7,4,shrink,150.0
bidisperse_a0.005_sr0.667_x1.5_N4000_L24_T400000_seed1_cont2_dense500.npz,1.5,1,250,7,4,shrink,100.0
bidisperse_a0.005_sr0.667_x1.5_N4000_L24_T400000_seed1_cont2_dense500.npz,1.5,1,250,7,4,absorbed,50.0
bidisperse_a0.005_sr0.667_x1.5_N4000_L24_T400000_seed1_cont2_dense500.npz,1.5,1,250,7,4,shrink,650.0
bidisperse_a0.005_sr0.667_x1.5_N4000_L24_T400000_seed1_cont2_dense500.npz,1.5,1,250,7,4,shrink,50.0
bidisperse_a0.005_sr0.667_x1.5_N4000_L24_T400000_seed1_cont2_dense500.npz,1.5,1,250,7,4,grow,200.0
bidisperse_a0.005_sr0.667_x1.5_N4000_L24_T400000_seed1_cont2_dense500.npz,1.5,1,250,7,4,shrink,200.0
bidisperse_a0.005_sr0.667_x1.5_N4000_L24_T400000_seed1_cont2_dense500.npz,1.5,1,250,7,4,shrink,1600.0
bidisperse_a0.005_sr0.667_x1.5_N4000_L24_T400000_seed1_cont2_dense500.npz,1.5,1,250,7,4,shrink,2650.0
bidisperse_a0.005_sr0.667_x1.5_N4000_L24_T400000_seed1_cont2_dense500.npz,1.5,1,250,7,4,grow,2700.0
bidisperse_a0.005_sr0.667_x1.5_N4000_L24_T400000_seed1_cont2_dense500.npz,1.5,1,250,7,3,shrink,50.0
bidisperse_a0.005_sr0.667_x1.5_N4000_L24_T400000_seed1_cont2_dense500.npz,1.5,1,250,7,3,shrink,50.0
bidisperse_a0.005_sr0.667_x1.5_N4000_L24_T400000_seed1_cont2_dense500.npz,1.5,1,250,7,3,shrink,50.0
bidisperse_a0.005_sr0.667_x1.5_N4000_L24_T400000_seed1_cont2_dense500.npz,1.5,1,250,7,3,shrink,450.0
bidisperse_a0.005_sr0.667_x1.5_N4000_L24_T400000_seed1_cont2_dense500.npz,1.5,1,250,7,3,shrink,150.0
bidisperse_a0.005_sr0.667_x1.5_N4000_L24_T400000_seed1_cont2_dense500.npz,1.5,1,250,7,3,grow,250.0
bidisperse_a0.005_sr0.667_x1.5_N4000_L24_T400000_seed1_cont2_dense500.npz,1.5,1,250,7,3,shrink,50.0
bidisperse_a0.005_sr0.667_x1.5_N4000_L24_T400000_seed1_cont2_dense500.npz,1.5,1,250,7,3,shrink,150.0
bidisperse_a0.005_sr0.667_x1.5_N4000_L24_T400000_seed1_cont2_dense500.npz,1.5,1,250,7,3,shrink,50.0
bidisperse_a0.005_sr0.667_x1.5_N4000_L24_T400000_seed1_cont2_dense500.npz,1.5,1,250,7,3,shrink,50.0
bidisperse_a0.005_sr0.667_x1.5_N4000_L24_T400000_seed1_cont2_dense500.npz,1.5,1,250,7,3,shrink,350.0
bidisperse_a0.005_sr0.667_x1.5_N4000_L24_T400000_seed1_cont2_dense500.npz,1.5,1,250,7,3,shrink,200.0
bidisperse_a0.005_sr0.667_x1.5_N4000_L24_T400000_seed1_cont2_dense500.npz,1.5,1,250,7,3,shrink,50.0
bidisperse_a0.005_sr0.667_x1.5_N4000_L24_T400000_seed1_cont2_dense500.npz,1.5,1,250,7,3,shrink,150.0
bidisperse_a0.005_sr0.667_x1.5_N4000_L24_T400000_seed1_cont2_dense500.npz,1.5,1,250,7,3,shrink,150.0
bidisperse_a0.005_sr0.667_x1.5_N4000_L24_T400000_seed1_cont2_dense500.npz,1.5,1,250,7,3,shrink,50.0
bidisperse_a0.005_sr0.667_x1.5_N4000_L24_T400000_seed1_cont2_dense500.npz,1.5,1,250,7,3,shrink,50.0
bidisperse_a0.005_sr0.667_x1.5_N4000_L24_T400000_seed1_cont2_dense500.npz,1.5,1,250,7,3,shrink,650.0
bidisperse_a0.005_sr0.667_x1.5_N4000_L24_T400000_seed1_cont2_dense500.npz,1.5,1,250,7,3,shrink,450.0
bidisperse_a0.005_sr0.667_x1.5_N4000_L24_T400000_seed1_cont2_dense500.npz,1.5,1,250,7,3,shrink,50.0
bidisperse_a0.005_sr0.667_x1.5_N4000_L24_T400000_seed1_cont2_dense500.npz,1.5,1,250,7,3,grow,50.0
bidisperse_a0.005_sr0.667_x1.5_N4000_L24_T400000_seed1_cont2_dense500.npz,1.5,1,250,7,3,shrink,250.0
bidisperse_a0.005_sr0.667_x1.5_N4000_L24_T400000_seed1_cont2_dense500.npz,1.5,1,250,7,3,absorbed,350.0
bidisperse_a0.005_sr0.667_x1.5_N4000_L24_T400000_seed1_cont2_dense500.npz,1.5,1,250,7,3,shrink,100.0
bidisperse_a0.005_sr0.667_x1.5_N4000_L24_T400000_seed1_cont2_dense500.npz,1.5,1,250,7,3,absorbed,550.0
bidisperse_a0.005_sr0.667_x1.5_N4000_L24_T400000_seed1_cont2_dense500.npz,1.5,1,250,7,3,shrink,150.0
bidisperse_a0.005_sr0.667_x1.5_N4000_L24_T400000_seed1_cont2_dense500.npz,1.5,1,250,5,59,grow,50.0
bidisperse_a0.005_sr0.667_x1.5_N4000_L24_T400000_seed1_cont2_dense500.npz,1.5,1,250,5,52,grow,50.0
bidisperse_a0.005_sr0.667_x1.5_N4000_L24_T400000_seed1_cont2_dense500.npz,1.5,1,250,5,33,absorbed,50.0
bidisperse_a0.005_sr0.667_x1.5_N4000_L24_T400000_seed1_cont2_dense500.npz,1.5,1,250,5,21,grow,50.0
bidisperse_a0.005_sr0.667_x1.5_N4000_L24_T400000_seed1_cont2_dense500.npz,1.5,1,250,5,20,grow,50.0
bidisperse_a0.005_sr0.667_x1.5_N4000_L24_T400000_seed1_cont2_dense500.npz,1.5,1,250,5,20,absorbed,2150.0
bidisperse_a0.005_sr0.667_x1.5_N4000_L24_T400000_seed1_cont2_dense500.npz,1.5,1,250,5,19,absorbed,2050.0
bidisperse_a0.005_sr0.667_x1.5_N4000_L24_T400000_seed1_cont2_dense500.npz,1.5,1,250,5,18,grow,350.0
bidisperse_a0.005_sr0.667_x1.5_N4000_L24_T400000_seed1_cont2_dense500.npz,1.5,1,250,5,16,grow,50.0
bidisperse_a0.005_sr0.667_x1.5_N4000_L24_T400000_seed1_cont2_dense500.npz,1.5,1,250,5,15,grow,850.0
bidisperse_a0.005_sr0.667_x1.5_N4000_L24_T400000_seed1_cont2_dense500.npz,1.5,1,250,5,15,grow,450.0
bidisperse_a0.005_sr0.667_x1.5_N4000_L24_T400000_seed1_cont2_dense500.npz,1.5,1,250,5,13,open,0.0
bidisperse_a0.005_sr0.667_x1.5_N4000_L24_T400000_seed1_cont2_dense500.npz,1.5,1,250,5,11,grow,1250.0
bidisperse_a0.005_sr0.667_x1.5_N4000_L24_T400000_seed1_cont2_dense500.npz,1.5,1,250,5,11,grow,750.0
bidisperse_a0.005_sr0.667_x1.5_N4000_L24_T400000_seed1_cont2_dense500.npz,1.5,1,250,5,10,shrink,1900.0
bidisperse_a0.005_sr0.667_x1.5_N4000_L24_T400000_seed1_cont2_dense500.npz,1.5,1,250,5,10,grow,1300.0
bidisperse_a0.005_sr0.667_x1.5_N4000_L24_T400000_seed1_cont2_dense500.npz,1.5,1,250,5,9,shrink,700.0
bidisperse_a0.005_sr0.667_x1.5_N4000_L24_T400000_seed1_cont2_dense500.npz,1.5,1,250,5,9,grow,850.0
bidisperse_a0.005_sr0.667_x1.5_N4000_L24_T400000_seed1_cont2_dense500.npz,1.5,1,250,5,8,grow,2200.0
bidisperse_a0.005_sr0.667_x1.5_N4000_L24_T400000_seed1_cont2_dense500.npz,1.5,1,250,5,8,grow,750.0
bidisperse_a0.005_sr0.667_x1.5_N4000_L24_T400000_seed1_cont2_dense500.npz,1.5,1,250,5,8,absorbed,100.0
bidisperse_a0.005_sr0.667_x1.5_N4000_L24_T400000_seed1_cont2_dense500.npz,1.5,1,250,5,7,grow,800.0
bidisperse_a0.005_sr0.667_x1.5_N4000_L24_T400000_seed1_cont2_dense500.npz,1.5,1,250,5,7,grow,1250.0
bidisperse_a0.005_sr0.667_x1.5_N4000_L24_T400000_seed1_cont2_dense500.npz,1.5,1,250,5,7,grow,350.0
bidisperse_a0.005_sr0.667_x1.5_N4000_L24_T400000_seed1_cont2_dense500.npz,1.5,1,250,5,7,shrink,350.0
bidisperse_a0.005_sr0.667_x1.5_N4000_L24_T400000_seed1_cont2_dense500.npz,1.5,1,250,5,7,shrink,350.0
bidisperse_a0.005_sr0.667_x1.5_N4000_L24_T400000_seed1_cont2_dense500.npz,1.5,1,250,5,6,shrink,500.0
bidisperse_a0.005_sr0.667_x1.5_N4000_L24_T400000_seed1_cont2_dense500.npz,1.5,1,250,5,6,grow,1500.0
bidisperse_a0.005_sr0.667_x1.5_N4000_L24_T400000_seed1_cont2_dense500.npz,1.5,1,250,5,6,grow,350.0
bidisperse_a0.005_sr0.667_x1.5_N4000_L24_T400000_seed1_cont2_dense500.npz,1.5,1,250,5,6,grow,1050.0
bidisperse_a0.005_sr0.667_x1.5_N4000_L24_T400000_seed1_cont2_dense500.npz,1.5,1,250,5,6,shrink,400.0
bidisperse_a0.005_sr0.667_x1.5_N4000_L24_T400000_seed1_cont2_dense500.npz,1.5,1,250,5,6,grow,50.0
bidisperse_a0.005_sr0.667_x1.5_N4000_L24_T400000_seed1_cont2_dense500.npz,1.5,1,250,5,5,shrink,200.0
bidisperse_a0.005_sr0.667_x1.5_N4000_L24_T400000_seed1_cont2_dense500.npz,1.5,1,250,5,5,absorbed,150.0
bidisperse_a0.005_sr0.667_x1.5_N4000_L24_T400000_seed1_cont2_dense500.npz,1.5,1,250,5,5,shrink,50.0
bidisperse_a0.005_sr0.667_x1.5_N4000_L24_T400000_seed1_cont2_dense500.npz,1.5,1,250,5,5,grow,750.0
bidisperse_a0.005_sr0.667_x1.5_N4000_L24_T400000_seed1_cont2_dense500.npz,1.5,1,250,5,5,shrink,100.0
bidisperse_a0.005_sr0.667_x1.5_N4000_L24_T400000_seed1_cont2_dense500.npz,1.5,1,250,5,5,absorbed,950.0
bidisperse_a0.005_sr0.667_x1.5_N4000_L24_T400000_seed1_cont2_dense500.npz,1.5,1,250,5,5,grow,50.0
bidisperse_a0.005_sr0.667_x1.5_N4000_L24_T400000_seed1_cont2_dense500.npz,1.5,1,250,5,5,grow,350.0
bidisperse_a0.005_sr0.667_x1.5_N4000_L24_T400000_seed1_cont2_dense500.npz,1.5,1,250,5,5,grow,2200.0
bidisperse_a0.005_sr0.667_x1.5_N4000_L24_T400000_seed1_cont2_dense500.npz,1.5,1,250,5,5,grow,100.0
bidisperse_a0.005_sr0.667_x1.5_N4000_L24_T400000_seed1_cont2_dense500.npz,1.5,1,250,5,4,shrink,1000.0
bidisperse_a0.005_sr0.667_x1.5_N4000_L24_T400000_seed1_cont2_dense500.npz,1.5,1,250,5,4,shrink,650.0
bidisperse_a0.005_sr0.667_x1.5_N4000_L24_T400000_seed1_cont2_dense500.npz,1.5,1,250,5,4,grow,450.0
bidisperse_a0.005_sr0.667_x1.5_N4000_L24_T400000_seed1_cont2_dense500.npz,1.5,1,250,5,4,shrink,850.0
bidisperse_a0.005_sr0.667_x1.5_N4000_L24_T400000_seed1_cont2_dense500.npz,1.5,1,250,5,4,shrink,150.0
bidisperse_a0.005_sr0.667_x1.5_N4000_L24_T400000_seed1_cont2_dense500.npz,1.5,1,250,5,4,shrink,300.0
bidisperse_a0.005_sr0.667_x1.5_N4000_L24_T400000_seed1_cont2_dense500.npz,1.5,1,250,5,4,absorbed,200.0
bidisperse_a0.005_sr0.667_x1.5_N4000_L24_T400000_seed1_cont2_dense500.npz,1.5,1,250,5,4,absorbed,50.0
bidisperse_a0.005_sr0.667_x1.5_N4000_L24_T400000_seed1_cont2_dense500.npz,1.5,1,250,5,4,absorbed,350.0
bidisperse_a0.005_sr0.667_x1.5_N4000_L24_T400000_seed1_cont2_dense500.npz,1.5,1,250,5,4,shrink,400.0
bidisperse_a0.005_sr0.667_x1.5_N4000_L24_T400000_seed1_cont2_dense500.npz,1.5,1,250,5,4,grow,50.0
bidisperse_a0.005_sr0.667_x1.5_N4000_L24_T400000_seed1_cont2_dense500.npz,1.5,1,250,5,4,shrink,450.0
bidisperse_a0.005_sr0.667_x1.5_N4000_L24_T400000_seed1_cont2_dense500.npz,1.5,1,250,5,4,shrink,50.0
bidisperse_a0.005_sr0.667_x1.5_N4000_L24_T400000_seed1_cont2_dense500.npz,1.5,1,250,5,4,shrink,50.0
bidisperse_a0.005_sr0.667_x1.5_N4000_L24_T400000_seed1_cont2_dense500.npz,1.5,1,250,5,4,shrink,150.0
bidisperse_a0.005_sr0.667_x1.5_N4000_L24_T400000_seed1_cont2_dense500.npz,1.5,1,250,5,4,grow,1250.0
bidisperse_a0.005_sr0.667_x1.5_N4000_L24_T400000_seed1_cont2_dense500.npz,1.5,1,250,5,4,open,0.0
bidisperse_a0.005_sr0.667_x1.5_N4000_L24_T400000_seed1_cont2_dense500.npz,1.5,1,250,5,4,grow,1050.0
bidisperse_a0.005_sr0.667_x1.5_N4000_L24_T400000_seed1_cont2_dense500.npz,1.5,1,250,5,3,shrink,200.0
bidisperse_a0.005_sr0.667_x1.5_N4000_L24_T400000_seed1_cont2_dense500.npz,1.5,1,250,5,3,shrink,150.0
bidisperse_a0.005_sr0.667_x1.5_N4000_L24_T400000_seed1_cont2_dense500.npz,1.5,1,250,5,3,shrink,150.0
bidisperse_a0.005_sr0.667_x1.5_N4000_L24_T400000_seed1_cont2_dense500.npz,1.5,1,250,5,3,shrink,150.0
bidisperse_a0.005_sr0.667_x1.5_N4000_L24_T400000_seed1_cont2_dense500.npz,1.5,1,250,5,3,shrink,2350.0
bidisperse_a0.005_sr0.667_x1.5_N4000_L24_T400000_seed1_cont2_dense500.npz,1.5,1,250,5,3,grow,350.0
bidisperse_a0.005_sr0.667_x1.5_N4000_L24_T400000_seed1_cont2_dense500.npz,1.5,1,250,5,3,shrink,50.0
bidisperse_a0.005_sr0.667_x1.5_N4000_L24_T400000_seed1_cont2_dense500.npz,1.5,1,250,5,3,shrink,250.0
bidisperse_a0.005_sr0.667_x1.5_N4000_L24_T400000_seed1_cont2_dense500.npz,1.5,1,250,5,3,shrink,50.0
bidisperse_a0.005_sr0.667_x1.5_N4000_L24_T400000_seed1_cont2_dense500.npz,1.5,1,250,5,3,shrink,100.0
bidisperse_a0.005_sr0.667_x1.5_N4000_L24_T400000_seed1_cont2_dense500.npz,1.5,1,250,5,3,shrink,50.0
bidisperse_a0.005_sr0.667_x1.5_N4000_L24_T400000_seed1_cont2_dense500.npz,1.5,1,250,5,3,shrink,50.0
bidisperse_a0.005_sr0.667_x1.5_N4000_L24_T400000_seed1_cont2_dense500.npz,1.5,1,250,5,3,shrink,50.0
bidisperse_a0.005_sr0.667_x1.5_N4000_L24_T400000_seed1_cont2_dense500.npz,1.5,1,250,5,3,shrink,50.0
bidisperse_a0.005_sr0.667_x1.5_N4000_L24_T400000_seed1_cont2_dense500.npz,1.5,1,250,5,3,shrink,800.0
bidisperse_a0.005_sr0.667_x1.5_N4000_L24_T400000_seed1_cont2_dense500.npz,1.5,1,250,5,3,shrink,250.0
bidisperse_a0.005_sr0.667_x1.5_N4000_L24_T400000_seed1_cont2_dense500.npz,1.5,1,250,5,3,shrink,450.0
bidisperse_a0.005_sr0.667_x1.5_N4000_L24_T400000_seed1_cont2_dense500.npz,1.5,1,250,5,3,shrink,2350.0
bidisperse_a0.005_sr0.667_x1.5_N4000_L24_T400000_seed1_cont2_dense500.npz,1.5,1,250,5,3,grow,750.0
bidisperse_a0.005_sr0.667_x1.5_N4000_L24_T400000_seed1_cont2_dense500.npz,1.5,1,250,5,3,shrink,150.0
bidisperse_a0.005_sr0.667_x1.5_N4000_L24_T400000_seed1_cont2_dense500.npz,1.5,1,250,5,3,shrink,50.0
bidisperse_a0.005_sr0.667_x1.5_N4000_L24_T400000_seed1_cont2_dense500.npz,1.5,1,250,5,3,shrink,50.0
bidisperse_a0.005_sr0.667_x1.5_N4000_L24_T400000_seed1_cont2_dense500.npz,1.5,1,250,5,3,shrink,100.0
bidisperse_a0.005_sr0.667_x1.5_N4000_L24_T400000_seed1_cont2_dense500.npz,1.5,1,250,5,3,shrink,150.0
bidisperse_a0.005_sr0.667_x1.5_N4000_L24_T400000_seed1_cont2_dense500.npz,1.5,1,250,5,3,grow,450.0
bidisperse_a0.005_sr0.667_x1.5_N4000_L24_T400000_seed1_cont2_dense500.npz,1.5,1,250,5,3,shrink,50.0
bidisperse_a0.005_sr0.667_x1.5_N4000_L24_T400000_seed1_cont2_dense500.npz,1.5,1,250,4,59,grow,50.0
bidisperse_a0.005_sr0.667_x1.5_N4000_L24_T400000_seed1_cont2_dense500.npz,1.5,1,250,4,52,grow,50.0
bidisperse_a0.005_sr0.667_x1.5_N4000_L24_T400000_seed1_cont2_dense500.npz,1.5,1,250,4,33,absorbed,50.0
bidisperse_a0.005_sr0.667_x1.5_N4000_L24_T400000_seed1_cont2_dense500.npz,1.5,1,250,4,21,grow,650.0
bidisperse_a0.005_sr0.667_x1.5_N4000_L24_T400000_seed1_cont2_dense500.npz,1.5,1,250,4,20,shrink,2900.0
bidisperse_a0.005_sr0.667_x1.5_N4000_L24_T400000_seed1_cont2_dense500.npz,1.5,1,250,4,20,grow,250.0
bidisperse_a0.005_sr0.667_x1.5_N4000_L24_T400000_seed1_cont2_dense500.npz,1.5,1,250,4,19,shrink,750.0
bidisperse_a0.005_sr0.667_x1.5_N4000_L24_T400000_seed1_cont2_dense500.npz,1.5,1,250,4,18,grow,300.0
bidisperse_a0.005_sr0.667_x1.5_N4000_L24_T400000_seed1_cont2_dense500.npz,1.5,1,250,4,16,grow,200.0
bidisperse_a0.005_sr0.667_x1.5_N4000_L24_T400000_seed1_cont2_dense500.npz,1.5,1,250,4,15,grow,400.0
bidisperse_a0.005_sr0.667_x1.5_N4000_L24_T400000_seed1_cont2_dense500.npz,1.5,1,250,4,15,grow,200.0
bidisperse_a0.005_sr0.667_x1.5_N4000_L24_T400000_seed1_cont2_dense500.npz,1.5,1,250,4,13,shrink,1400.0
bidisperse_a0.005_sr0.667_x1.5_N4000_L24_T400000_seed1_cont2_dense500.npz,1.5,1,250,4,11,grow,1350.0
bidisperse_a0.005_sr0.667_x1.5_N4000_L24_T400000_seed1_cont2_dense500.npz,1.5,1,250,4,11,grow,1350.0
bidisperse_a0.005_sr0.667_x1.5_N4000_L24_T400000_seed1_cont2_dense500.npz,1.5,1,250,4,10,shrink,1950.0
bidisperse_a0.005_sr0.667_x1.5_N4000_L24_T400000_seed1_cont2_dense500.npz,1.5,1,250,4,10,grow,2050.0
bidisperse_a0.005_sr0.667_x1.5_N4000_L24_T400000_seed1_cont2_dense500.npz,1.5,1,250,4,9,shrink,1150.0
bidisperse_a0.005_sr0.667_x1.5_N4000_L24_T400000_seed1_cont2_dense500.npz,1.5,1,250,4,9,grow,400.0
bidisperse_a0.005_sr0.667_x1.5_N4000_L24_T400000_seed1_cont2_dense500.npz,1.5,1,250,4,8,shrink,2450.0
bidisperse_a0.005_sr0.667_x1.5_N4000_L24_T400000_seed1_cont2_dense500.npz,1.5,1,250,4,8,grow,250.0
bidisperse_a0.005_sr0.667_x1.5_N4000_L24_T400000_seed1_cont2_dense500.npz,1.5,1,250,4,8,absorbed,150.0
bidisperse_a0.005_sr0.667_x1.5_N4000_L24_T400000_seed1_cont2_dense500.npz,1.5,1,250,4,7,grow,800.0
bidisperse_a0.005_sr0.667_x1.5_N4000_L24_T400000_seed1_cont2_dense500.npz,1.5,1,250,4,7,grow,1350.0
bidisperse_a0.005_sr0.667_x1.5_N4000_L24_T400000_seed1_cont2_dense500.npz,1.5,1,250,4,7,grow,500.0
bidisperse_a0.005_sr0.667_x1.5_N4000_L24_T400000_seed1_cont2_dense500.npz,1.5,1,250,4,7,grow,650.0
bidisperse_a0.005_sr0.667_x1.5_N4000_L24_T400000_seed1_cont2_dense500.npz,1.5,1,250,4,7,shrink,550.0
bidisperse_a0.005_sr0.667_x1.5_N4000_L24_T400000_seed1_cont2_dense500.npz,1.5,1,250,4,6,shrink,550.0
bidisperse_a0.005_sr0.667_x1.5_N4000_L24_T400000_seed1_cont2_dense500.npz,1.5,1,250,4,6,grow,1150.0
bidisperse_a0.005_sr0.667_x1.5_N4000_L24_T400000_seed1_cont2_dense500.npz,1.5,1,250,4,6,grow,500.0
bidisperse_a0.005_sr0.667_x1.5_N4000_L24_T400000_seed1_cont2_dense500.npz,1.5,1,250,4,6,shrink,1900.0
bidisperse_a0.005_sr0.667_x1.5_N4000_L24_T400000_seed1_cont2_dense500.npz,1.5,1,250,4,6,shrink,2150.0
bidisperse_a0.005_sr0.667_x1.5_N4000_L24_T400000_seed1_cont2_dense500.npz,1.5,1,250,4,6,grow,200.0
bidisperse_a0.005_sr0.667_x1.5_N4000_L24_T400000_seed1_cont2_dense500.npz,1.5,1,250,4,5,shrink,100.0
bidisperse_a0.005_sr0.667_x1.5_N4000_L24_T400000_seed1_cont2_dense500.npz,1.5,1,250,4,5,shrink,100.0
bidisperse_a0.005_sr0.667_x1.5_N4000_L24_T400000_seed1_cont2_dense500.npz,1.5,1,250,4,5,shrink,600.0
bidisperse_a0.005_sr0.667_x1.5_N4000_L24_T400000_seed1_cont2_dense500.npz,1.5,1,250,4,5,grow,250.0
bidisperse_a0.005_sr0.667_x1.5_N4000_L24_T400000_seed1_cont2_dense500.npz,1.5,1,250,4,5,shrink,900.0
bidisperse_a0.005_sr0.667_x1.5_N4000_L24_T400000_seed1_cont2_dense500.npz,1.5,1,250,4,5,shrink,1100.0
bidisperse_a0.005_sr0.667_x1.5_N4000_L24_T400000_seed1_cont2_dense500.npz,1.5,1,250,4,5,grow,200.0
bidisperse_a0.005_sr0.667_x1.5_N4000_L24_T400000_seed1_cont2_dense500.npz,1.5,1,250,4,5,grow,500.0
bidisperse_a0.005_sr0.667_x1.5_N4000_L24_T400000_seed1_cont2_dense500.npz,1.5,1,250,4,5,shrink,150.0
bidisperse_a0.005_sr0.667_x1.5_N4000_L24_T400000_seed1_cont2_dense500.npz,1.5,1,250,4,5,grow,100.0
bidisperse_a0.005_sr0.667_x1.5_N4000_L24_T400000_seed1_cont2_dense500.npz,1.5,1,250,4,4,shrink,1100.0
bidisperse_a0.005_sr0.667_x1.5_N4000_L24_T400000_seed1_cont2_dense500.npz,1.5,1,250,4,4,shrink,400.0
bidisperse_a0.005_sr0.667_x1.5_N4000_L24_T400000_seed1_cont2_dense500.npz,1.5,1,250,4,4,shrink,400.0
bidisperse_a0.005_sr0.667_x1.5_N4000_L24_T400000_seed1_cont2_dense500.npz,1.5,1,250,4,4,shrink,750.0
bidisperse_a0.005_sr0.667_x1.5_N4000_L24_T400000_seed1_cont2_dense500.npz,1.5,1,250,4,4,shrink,300.0
bidisperse_a0.005_sr0.667_x1.5_N4000_L24_T400000_seed1_cont2_dense500.npz,1.5,1,250,4,4,shrink,200.0
bidisperse_a0.005_sr0.667_x1.5_N4000_L24_T400000_seed1_cont2_dense500.npz,1.5,1,250,4,4,shrink,250.0
bidisperse_a0.005_sr0.667_x1.5_N4000_L24_T400000_seed1_cont2_dense500.npz,1.5,1,250,4,4,absorbed,50.0
bidisperse_a0.005_sr0.667_x1.5_N4000_L24_T400000_seed1_cont2_dense500.npz,1.5,1,250,4,4,shrink,200.0
bidisperse_a0.005_sr0.667_x1.5_N4000_L24_T400000_seed1_cont2_dense500.npz,1.5,1,250,4,4,shrink,100.0
bidisperse_a0.005_sr0.667_x1.5_N4000_L24_T400000_seed1_cont2_dense500.npz,1.5,1,250,4,4,grow,50.0
bidisperse_a0.005_sr0.667_x1.5_N4000_L24_T400000_seed1_cont2_dense500.npz,1.5,1,250,4,4,shrink,450.0
bidisperse_a0.005_sr0.667_x1.5_N4000_L24_T400000_seed1_cont2_dense500.npz,1.5,1,250,4,4,shrink,200.0
bidisperse_a0.005_sr0.667_x1.5_N4000_L24_T400000_seed1_cont2_dense500.npz,1.5,1,250,4,4,grow,100.0
bidisperse_a0.005_sr0.667_x1.5_N4000_L24_T400000_seed1_cont2_dense500.npz,1.5,1,250,4,4,shrink,250.0
bidisperse_a0.005_sr0.667_x1.5_N4000_L24_T400000_seed1_cont2_dense500.npz,1.5,1,250,4,4,grow,1350.0
bidisperse_a0.005_sr0.667_x1.5_N4000_L24_T400000_seed1_cont2_dense500.npz,1.5,1,250,4,4,open,0.0
bidisperse_a0.005_sr0.667_x1.5_N4000_L24_T400000_seed1_cont2_dense500.npz,1.5,1,250,4,4,shrink,1900.0
bidisperse_a0.005_sr0.667_x1.5_N4000_L24_T400000_seed1_cont2_dense500.npz,1.5,1,250,4,3,shrink,100.0
bidisperse_a0.005_sr0.667_x1.5_N4000_L24_T400000_seed1_cont2_dense500.npz,1.5,1,250,4,3,grow,1700.0
bidisperse_a0.005_sr0.667_x1.5_N4000_L24_T400000_seed1_cont2_dense500.npz,1.5,1,250,4,3,shrink,50.0
bidisperse_a0.005_sr0.667_x1.5_N4000_L24_T400000_seed1_cont2_dense500.npz,1.5,1,250,4,3,shrink,1400.0
bidisperse_a0.005_sr0.667_x1.5_N4000_L24_T400000_seed1_cont2_dense500.npz,1.5,1,250,4,3,shrink,1850.0
bidisperse_a0.005_sr0.667_x1.5_N4000_L24_T400000_seed1_cont2_dense500.npz,1.5,1,250,4,3,grow,500.0
bidisperse_a0.005_sr0.667_x1.5_N4000_L24_T400000_seed1_cont2_dense500.npz,1.5,1,250,4,3,shrink,100.0
bidisperse_a0.005_sr0.667_x1.5_N4000_L24_T400000_seed1_cont2_dense500.npz,1.5,1,250,4,3,shrink,100.0
bidisperse_a0.005_sr0.667_x1.5_N4000_L24_T400000_seed1_cont2_dense500.npz,1.5,1,250,4,3,shrink,100.0
bidisperse_a0.005_sr0.667_x1.5_N4000_L24_T400000_seed1_cont2_dense500.npz,1.5,1,250,4,3,shrink,300.0
bidisperse_a0.005_sr0.667_x1.5_N4000_L24_T400000_seed1_cont2_dense500.npz,1.5,1,250,4,3,shrink,200.0
bidisperse_a0.005_sr0.667_x1.5_N4000_L24_T400000_seed1_cont2_dense500.npz,1.5,1,250,4,3,shrink,250.0
bidisperse_a0.005_sr0.667_x1.5_N4000_L24_T400000_seed1_cont2_dense500.npz,1.5,1,250,4,3,shrink,300.0
bidisperse_a0.005_sr0.667_x1.5_N4000_L24_T400000_seed1_cont2_dense500.npz,1.5,1,250,4,3,shrink,400.0
bidisperse_a0.005_sr0.667_x1.5_N4000_L24_T400000_seed1_cont2_dense500.npz,1.5,1,250,4,3,shrink,150.0
bidisperse_a0.005_sr0.667_x1.5_N4000_L24_T400000_seed1_cont2_dense500.npz,1.5,1,250,4,3,shrink,100.0
bidisperse_a0.005_sr0.667_x1.5_N4000_L24_T400000_seed1_cont2_dense500.npz,1.5,1,250,4,3,shrink,150.0
bidisperse_a0.005_sr0.667_x1.5_N4000_L24_T400000_seed1_cont2_dense500.npz,1.5,1,250,4,3,shrink,1850.0
bidisperse_a0.005_sr0.667_x1.5_N4000_L24_T400000_seed1_cont2_dense500.npz,1.5,1,250,4,3,shrink,50.0
bidisperse_a0.005_sr0.667_x1.5_N4000_L24_T400000_seed1_cont2_dense500.npz,1.5,1,250,4,3,shrink,50.0
bidisperse_a0.005_sr0.667_x1.5_N4000_L24_T400000_seed1_cont2_dense500.npz,1.5,1,250,4,3,grow,50.0
bidisperse_a0.005_sr0.667_x1.5_N4000_L24_T400000_seed1_cont2_dense500.npz,1.5,1,250,4,3,shrink,150.0
bidisperse_a0.005_sr0.667_x1.5_N4000_L24_T400000_seed1_cont2_dense500.npz,1.5,1,250,4,3,absorbed,2550.0
bidisperse_a0.005_sr0.667_x1.5_N4000_L24_T400000_seed1_cont2_dense500.npz,1.5,1,250,4,3,shrink,50.0
bidisperse_a0.005_sr0.667_x1.5_N4000_L24_T400000_seed1_cont2_dense500.npz,1.5,1,250,4,3,grow,200.0
bidisperse_a0.005_sr0.667_x1.5_N4000_L24_T400000_seed1_cont2_dense500.npz,1.5,1,250,4,3,shrink,100.0
bidisperse_a0.005_sr0.667_x1.5_N4000_L24_T400000_seed1_cont2_dense500.npz,1.5,1,250,6,59,grow,50.0
bidisperse_a0.005_sr0.667_x1.5_N4000_L24_T400000_seed1_cont2_dense500.npz,1.5,1,250,6,52,grow,50.0
bidisperse_a0.005_sr0.667_x1.5_N4000_L24_T400000_seed1_cont2_dense500.npz,1.5,1,250,6,33,absorbed,50.0
bidisperse_a0.005_sr0.667_x1.5_N4000_L24_T400000_seed1_cont2_dense500.npz,1.5,1,250,6,21,grow,200.0
bidisperse_a0.005_sr0.667_x1.5_N4000_L24_T400000_seed1_cont2_dense500.npz,1.5,1,250,6,20,shrink,1300.0
bidisperse_a0.005_sr0.667_x1.5_N4000_L24_T400000_seed1_cont2_dense500.npz,1.5,1,250,6,20,grow,350.0
bidisperse_a0.005_sr0.667_x1.5_N4000_L24_T400000_seed1_cont2_dense500.npz,1.5,1,250,6,19,grow,200.0
bidisperse_a0.005_sr0.667_x1.5_N4000_L24_T400000_seed1_cont2_dense500.npz,1.5,1,250,6,18,grow,400.0
bidisperse_a0.005_sr0.667_x1.5_N4000_L24_T400000_seed1_cont2_dense500.npz,1.5,1,250,6,16,grow,300.0
bidisperse_a0.005_sr0.667_x1.5_N4000_L24_T400000_seed1_cont2_dense500.npz,1.5,1,250,6,15,grow,1300.0
bidisperse_a0.005_sr0.667_x1.5_N4000_L24_T400000_seed1_cont2_dense500.npz,1.5,1,250,6,15,absorbed,200.0
bidisperse_a0.005_sr0.667_x1.5_N4000_L24_T400000_seed1_cont2_dense500.npz,1.5,1,250,6,13,grow,1100.0
bidisperse_a0.005_sr0.667_x1.5_N4000_L24_T400000_seed1_cont2_dense500.npz,1.5,1,250,6,11,grow,1750.0
bidisperse_a0.005_sr0.667_x1.5_N4000_L24_T400000_seed1_cont2_dense500.npz,1.5,1,250,6,11,shrink,950.0
bidisperse_a0.005_sr0.667_x1.5_N4000_L24_T400000_seed1_cont2_dense500.npz,1.5,1,250,6,10,shrink,1550.0
bidisperse_a0.005_sr0.667_x1.5_N4000_L24_T400000_seed1_cont2_dense500.npz,1.5,1,250,6,10,open,0.0
bidisperse_a0.005_sr0.667_x1.5_N4000_L24_T400000_seed1_cont2_dense500.npz,1.5,1,250,6,9,shrink,900.0
bidisperse_a0.005_sr0.667_x1.5_N4000_L24_T400000_seed1_cont2_dense500.npz,1.5,1,250,6,9,shrink,300.0
bidisperse_a0.005_sr0.667_x1.5_N4000_L24_T400000_seed1_cont2_dense500.npz,1.5,1,250,6,8,grow,1850.0
bidisperse_a0.005_sr0.667_x1.5_N4000_L24_T400000_seed1_cont2_dense500.npz,1.5,1,250,6,8,grow,850.0
bidisperse_a0.005_sr0.667_x1.5_N4000_L24_T400000_seed1_cont2_dense500.npz,1.5,1,250,6,8,grow,250.0
bidisperse_a0.005_sr0.667_x1.5_N4000_L24_T400000_seed1_cont2_dense500.npz,1.5,1,250,6,7,grow,800.0
bidisperse_a0.005_sr0.667_x1.5_N4000_L24_T400000_seed1_cont2_dense500.npz,1.5,1,250,6,7,shrink,800.0
bidisperse_a0.005_sr0.667_x1.5_N4000_L24_T400000_seed1_cont2_dense500.npz,1.5,1,250,6,7,grow,500.0
bidisperse_a0.005_sr0.667_x1.5_N4000_L24_T400000_seed1_cont2_dense500.npz,1.5,1,250,6,7,shrink,1700.0
bidisperse_a0.005_sr0.667_x1.5_N4000_L24_T400000_seed1_cont2_dense500.npz,1.5,1,250,6,7,shrink,300.0
bidisperse_a0.005_sr0.667_x1.5_N4000_L24_T400000_seed1_cont2_dense500.npz,1.5,1,250,6,6,shrink,200.0
bidisperse_a0.005_sr0.667_x1.5_N4000_L24_T400000_seed1_cont2_dense500.npz,1.5,1,250,6,6,shrink,1200.0
bidisperse_a0.005_sr0.667_x1.5_N4000_L24_T400000_seed1_cont2_dense500.npz,1.5,1,250,6,6,grow,500.0
bidisperse_a0.005_sr0.667_x1.5_N4000_L24_T400000_seed1_cont2_dense500.npz,1.5,1,250,6,6,shrink,500.0
bidisperse_a0.005_sr0.667_x1.5_N4000_L24_T400000_seed1_cont2_dense500.npz,1.5,1,250,6,6,grow,850.0
bidisperse_a0.005_sr0.667_x1.5_N4000_L24_T400000_seed1_cont2_dense500.npz,1.5,1,250,6,6,grow,300.0
bidisperse_a0.005_sr0.667_x1.5_N4000_L24_T400000_seed1_cont2_dense500.npz,1.5,1,250,6,5,shrink,50.0
bidisperse_a0.005_sr0.667_x1.5_N4000_L24_T400000_seed1_cont2_dense500.npz,1.5,1,250,6,5,absorbed,150.0
bidisperse_a0.005_sr0.667_x1.5_N4000_L24_T400000_seed1_cont2_dense500.npz,1.5,1,250,6,5,shrink,150.0
bidisperse_a0.005_sr0.667_x1.5_N4000_L24_T400000_seed1_cont2_dense500.npz,1.5,1,250,6,5,grow,850.0
bidisperse_a0.005_sr0.667_x1.5_N4000_L24_T400000_seed1_cont2_dense500.npz,1.5,1,250,6,5,shrink,200.0
bidisperse_a0.005_sr0.667_x1.5_N4000_L24_T400000_seed1_cont2_dense500.npz,1.5,1,250,6,5,shrink,1250.0
bidisperse_a0.005_sr0.667_x1.5_N4000_L24_T400000_seed1_cont2_dense500.npz,1.5,1,250,6,5,grow,300.0
bidisperse_a0.005_sr0.667_x1.5_N4000_L24_T400000_seed1_cont2_dense500.npz,1.5,1,250,6,5,grow,500.0
bidisperse_a0.005_sr0.667_x1.5_N4000_L24_T400000_seed1_cont2_dense500.npz,1.5,1,250,6,5,shrink,400.0
bidisperse_a0.005_sr0.667_x1.5_N4000_L24_T400000_seed1_cont2_dense500.npz,1.5,1,250,6,5,grow,100.0
bidisperse_a0.005_sr0.667_x1.5_N4000_L24_T400000_seed1_cont2_dense500.npz,1.5,1,250,6,4,shrink,200.0
bidisperse_a0.005_sr0.667_x1.5_N4000_L24_T400000_seed1_cont2_dense500.npz,1.5,1,250,6,4,shrink,250.0
bidisperse_a0.005_sr0.667_x1.5_N4000_L24_T400000_seed1_cont2_dense500.npz,1.5,1,250,6,4,shrink,500.0
bidisperse_a0.005_sr0.667_x1.5_N4000_L24_T400000_seed1_cont2_dense500.npz,1.5,1,250,6,4,shrink,800.0
bidisperse_a0.005_sr0.667_x1.5_N4000_L24_T400000_seed1_cont2_dense500.npz,1.5,1,250,6,4,shrink,300.0
bidisperse_a0.005_sr0.667_x1.5_N4000_L24_T400000_seed1_cont2_dense500.npz,1.5,1,250,6,4,shrink,50.0
bidisperse_a0.005_sr0.667_x1.5_N4000_L24_T400000_seed1_cont2_dense500.npz,1.5,1,250,6,4,absorbed,350.0
bidisperse_a0.005_sr0.667_x1.5_N4000_L24_T400000_seed1_cont2_dense500.npz,1.5,1,250,6,4,absorbed,50.0
bidisperse_a0.005_sr0.667_x1.5_N4000_L24_T400000_seed1_cont2_dense500.npz,1.5,1,250,6,4,absorbed,200.0
bidisperse_a0.005_sr0.667_x1.5_N4000_L24_T400000_seed1_cont2_dense500.npz,1.5,1,250,6,4,shrink,50.0
bidisperse_a0.005_sr0.667_x1.5_N4000_L24_T400000_seed1_cont2_dense500.npz,1.5,1,250,6,4,grow,50.0
bidisperse_a0.005_sr0.667_x1.5_N4000_L24_T400000_seed1_cont2_dense500.npz,1.5,1,250,6,4,shrink,100.0
bidisperse_a0.005_sr0.667_x1.5_N4000_L24_T400000_seed1_cont2_dense500.npz,1.5,1,250,6,4,shrink,50.0
bidisperse_a0.005_sr0.667_x1.5_N4000_L24_T400000_seed1_cont2_dense500.npz,1.5,1,250,6,4,shrink,50.0
bidisperse_a0.005_sr0.667_x1.5_N4000_L24_T400000_seed1_cont2_dense500.npz,1.5,1,250,6,4,shrink,50.0
bidisperse_a0.005_sr0.667_x1.5_N4000_L24_T400000_seed1_cont2_dense500.npz,1.5,1,250,6,4,shrink,800.0
bidisperse_a0.005_sr0.667_x1.5_N4000_L24_T400000_seed1_cont2_dense500.npz,1.5,1,250,6,4,shrink,50.0
bidisperse_a0.005_sr0.667_x1.5_N4000_L24_T400000_seed1_cont2_dense500.npz,1.5,1,250,6,4,shrink,50.0
bidisperse_a0.005_sr0.667_x1.5_N4000_L24_T400000_seed1_cont2_dense500.npz,1.5,1,250,6,3,shrink,200.0
bidisperse_a0.005_sr0.667_x1.5_N4000_L24_T400000_seed1_cont2_dense500.npz,1.5,1,250,6,3,shrink,50.0
bidisperse_a0.005_sr0.667_x1.5_N4000_L24_T400000_seed1_cont2_dense500.npz,1.5,1,250,6,3,shrink,50.0
bidisperse_a0.005_sr0.667_x1.5_N4000_L24_T400000_seed1_cont2_dense500.npz,1.5,1,250,6,3,shrink,100.0
bidisperse_a0.005_sr0.667_x1.5_N4000_L24_T400000_seed1_cont2_dense500.npz,1.5,1,250,6,3,open,0.0
bidisperse_a0.005_sr0.667_x1.5_N4000_L24_T400000_seed1_cont2_dense500.npz,1.5,1,250,6,3,grow,500.0
bidisperse_a0.005_sr0.667_x1.5_N4000_L24_T400000_seed1_cont2_dense500.npz,1.5,1,250,6,3,shrink,300.0
bidisperse_a0.005_sr0.667_x1.5_N4000_L24_T400000_seed1_cont2_dense500.npz,1.5,1,250,6,3,shrink,350.0
bidisperse_a0.005_sr0.667_x1.5_N4000_L24_T400000_seed1_cont2_dense500.npz,1.5,1,250,6,3,shrink,150.0
bidisperse_a0.005_sr0.667_x1.5_N4000_L24_T400000_seed1_cont2_dense500.npz,1.5,1,250,6,3,shrink,50.0
bidisperse_a0.005_sr0.667_x1.5_N4000_L24_T400000_seed1_cont2_dense500.npz,1.5,1,250,6,3,shrink,350.0
bidisperse_a0.005_sr0.667_x1.5_N4000_L24_T400000_seed1_cont2_dense500.npz,1.5,1,250,6,3,shrink,50.0
bidisperse_a0.005_sr0.667_x1.5_N4000_L24_T400000_seed1_cont2_dense500.npz,1.5,1,250,6,3,shrink,750.0
bidisperse_a0.005_sr0.667_x1.5_N4000_L24_T400000_seed1_cont2_dense500.npz,1.5,1,250,6,3,shrink,100.0
bidisperse_a0.005_sr0.667_x1.5_N4000_L24_T400000_seed1_cont2_dense500.npz,1.5,1,250,6,3,shrink,1700.0
bidisperse_a0.005_sr0.667_x1.5_N4000_L24_T400000_seed1_cont2_dense500.npz,1.5,1,250,6,3,shrink,50.0
bidisperse_a0.005_sr0.667_x1.5_N4000_L24_T400000_seed1_cont2_dense500.npz,1.5,1,250,6,3,shrink,100.0
bidisperse_a0.005_sr0.667_x1.5_N4000_L24_T400000_seed1_cont2_dense500.npz,1.5,1,250,6,3,shrink,150.0
bidisperse_a0.005_sr0.667_x1.5_N4000_L24_T400000_seed1_cont2_dense500.npz,1.5,1,250,6,3,grow,850.0
bidisperse_a0.005_sr0.667_x1.5_N4000_L24_T400000_seed1_cont2_dense500.npz,1.5,1,250,6,3,shrink,100.0
bidisperse_a0.005_sr0.667_x1.5_N4000_L24_T400000_seed1_cont2_dense500.npz,1.5,1,250,6,3,grow,50.0
bidisperse_a0.005_sr0.667_x1.5_N4000_L24_T400000_seed1_cont2_dense500.npz,1.5,1,250,6,3,shrink,100.0
bidisperse_a0.005_sr0.667_x1.5_N4000_L24_T400000_seed1_cont2_dense500.npz,1.5,1,250,6,3,shrink,200.0
bidisperse_a0.005_sr0.667_x1.5_N4000_L24_T400000_seed1_cont2_dense500.npz,1.5,1,250,6,3,shrink,50.0
bidisperse_a0.005_sr0.667_x1.5_N4000_L24_T400000_seed1_cont2_dense500.npz,1.5,1,250,6,3,absorbed,200.0
bidisperse_a0.005_sr0.667_x1.5_N4000_L24_T400000_seed1_cont2_dense500.npz,1.5,1,250,6,3,shrink,300.0
bidisperse_a0.005_sr0.667_x1.5_N4000_L24_T400000_seed1_cont2_dense500.npz,1.5,1,250,9,59,grow,50.0
bidisperse_a0.005_sr0.667_x1.5_N4000_L24_T400000_seed1_cont2_dense500.npz,1.5,1,250,9,52,grow,50.0
bidisperse_a0.005_sr0.667_x1.5_N4000_L24_T400000_seed1_cont2_dense500.npz,1.5,1,250,9,33,absorbed,50.0
bidisperse_a0.005_sr0.667_x1.5_N4000_L24_T400000_seed1_cont2_dense500.npz,1.5,1,250,9,21,grow,150.0
bidisperse_a0.005_sr0.667_x1.5_N4000_L24_T400000_seed1_cont2_dense500.npz,1.5,1,250,9,20,absorbed,1500.0
bidisperse_a0.005_sr0.667_x1.5_N4000_L24_T400000_seed1_cont2_dense500.npz,1.5,1,250,9,20,grow,100.0
bidisperse_a0.005_sr0.667_x1.5_N4000_L24_T400000_seed1_cont2_dense500.npz,1.5,1,250,9,19,grow,1550.0
bidisperse_a0.005_sr0.667_x1.5_N4000_L24_T400000_seed1_cont2_dense500.npz,1.5,1,250,9,18,absorbed,300.0
bidisperse_a0.005_sr0.667_x1.5_N4000_L24_T400000_seed1_cont2_dense500.npz,1.5,1,250,9,16,grow,50.0
bidisperse_a0.005_sr0.667_x1.5_N4000_L24_T400000_seed1_cont2_dense500.npz,1.5,1,250,9,15,grow,1000.0
bidisperse_a0.005_sr0.667_x1.5_N4000_L24_T400000_seed1_cont2_dense500.npz,1.5,1,250,9,15,grow,450.0
bidisperse_a0.005_sr0.667_x1.5_N4000_L24_T400000_seed1_cont2_dense500.npz,1.5,1,250,9,13,open,0.0
bidisperse_a0.005_sr0.667_x1.5_N4000_L24_T400000_seed1_cont2_dense500.npz,1.5,1,250,9,11,shrink,600.0
bidisperse_a0.005_sr0.667_x1.5_N4000_L24_T400000_seed1_cont2_dense500.npz,1.5,1,250,9,11,grow,600.0
bidisperse_a0.005_sr0.667_x1.5_N4000_L24_T400000_seed1_cont2_dense500.npz,1.5,1,250,9,10,grow,1550.0
bidisperse_a0.005_sr0.667_x1.5_N4000_L24_T400000_seed1_cont2_dense500.npz,1.5,1,250,9,10,grow,1550.0
bidisperse_a0.005_sr0.667_x1.5_N4000_L24_T400000_seed1_cont2_dense500.npz,1.5,1,250,9,9,shrink,1300.0
bidisperse_a0.005_sr0.667_x1.5_N4000_L24_T400000_seed1_cont2_dense500.npz,1.5,1,250,9,9,grow,1000.0
bidisperse_a0.005_sr0.667_x1.5_N4000_L24_T400000_seed1_cont2_dense500.npz,1.5,1,250,9,8,grow,2050.0
bidisperse_a0.005_sr0.667_x1.5_N4000_L24_T400000_seed1_cont2_dense500.npz,1.5,1,250,9,8,shrink,150.0
bidisperse_a0.005_sr0.667_x1.5_N4000_L24_T400000_seed1_cont2_dense500.npz,1.5,1,250,9,8,absorbed,150.0
bidisperse_a0.005_sr0.667_x1.5_N4000_L24_T400000_seed1_cont2_dense500.npz,1.5,1,250,9,7,shrink,550.0
bidisperse_a0.005_sr0.667_x1.5_N4000_L24_T400000_seed1_cont2_dense500.npz,1.5,1,250,9,7,grow,1900.0
bidisperse_a0.005_sr0.667_x1.5_N4000_L24_T400000_seed1_cont2_dense500.npz,1.5,1,250,9,7,shrink,1900.0
bidisperse_a0.005_sr0.667_x1.5_N4000_L24_T400000_seed1_cont2_dense500.npz,1.5,1,250,9,7,shrink,250.0
bidisperse_a0.005_sr0.667_x1.5_N4000_L24_T400000_seed1_cont2_dense500.npz,1.5,1,250,9,7,shrink,600.0
bidisperse_a0.005_sr0.667_x1.5_N4000_L24_T400000_seed1_cont2_dense500.npz,1.5,1,250,9,6,shrink,500.0
bidisperse_a0.005_sr0.667_x1.5_N4000_L24_T400000_seed1_cont2_dense500.npz,1.5,1,250,9,6,shrink,2050.0
bidisperse_a0.005_sr0.667_x1.5_N4000_L24_T400000_seed1_cont2_dense500.npz,1.5,1,250,9,6,shrink,1900.0
bidisperse_a0.005_sr0.667_x1.5_N4000_L24_T400000_seed1_cont2_dense500.npz,1.5,1,250,9,6,shrink,750.0
bidisperse_a0.005_sr0.667_x1.5_N4000_L24_T400000_seed1_cont2_dense500.npz,1.5,1,250,9,6,shrink,50.0
bidisperse_a0.005_sr0.667_x1.5_N4000_L24_T400000_seed1_cont2_dense500.npz,1.5,1,250,9,6,grow,50.0
bidisperse_a0.005_sr0.667_x1.5_N4000_L24_T400000_seed1_cont2_dense500.npz,1.5,1,250,9,5,open,0.0
bidisperse_a0.005_sr0.667_x1.5_N4000_L24_T400000_seed1_cont2_dense500.npz,1.5,1,250,9,5,absorbed,100.0
bidisperse_a0.005_sr0.667_x1.5_N4000_L24_T400000_seed1_cont2_dense500.npz,1.5,1,250,9,5,shrink,250.0
bidisperse_a0.005_sr0.667_x1.5_N4000_L24_T400000_seed1_cont2_dense500.npz,1.5,1,250,9,5,grow,600.0
bidisperse_a0.005_sr0.667_x1.5_N4000_L24_T400000_seed1_cont2_dense500.npz,1.5,1,250,9,5,shrink,200.0
bidisperse_a0.005_sr0.667_x1.5_N4000_L24_T400000_seed1_cont2_dense500.npz,1.5,1,250,9,5,shrink,350.0
bidisperse_a0.005_sr0.667_x1.5_N4000_L24_T400000_seed1_cont2_dense500.npz,1.5,1,250,9,5,grow,50.0
bidisperse_a0.005_sr0.667_x1.5_N4000_L24_T400000_seed1_cont2_dense500.npz,1.5,1,250,9,5,shrink,1900.0
bidisperse_a0.005_sr0.667_x1.5_N4000_L24_T400000_seed1_cont2_dense500.npz,1.5,1,250,9,5,shrink,150.0
bidisperse_a0.005_sr0.667_x1.5_N4000_L24_T400000_seed1_cont2_dense500.npz,1.5,1,250,9,5,grow,50.0
bidisperse_a0.005_sr0.667_x1.5_N4000_L24_T400000_seed1_cont2_dense500.npz,1.5,1,250,9,4,shrink,100.0
bidisperse_a0.005_sr0.667_x1.5_N4000_L24_T400000_seed1_cont2_dense500.npz,1.5,1,250,9,4,shrink,350.0
bidisperse_a0.005_sr0.667_x1.5_N4000_L24_T400000_seed1_cont2_dense500.npz,1.5,1,250,9,4,grow,450.0
bidisperse_a0.005_sr0.667_x1.5_N4000_L24_T400000_seed1_cont2_dense500.npz,1.5,1,250,9,4,shrink,1000.0
bidisperse_a0.005_sr0.667_x1.5_N4000_L24_T400000_seed1_cont2_dense500.npz,1.5,1,250,9,4,shrink,700.0
bidisperse_a0.005_sr0.667_x1.5_N4000_L24_T400000_seed1_cont2_dense500.npz,1.5,1,250,9,4,shrink,400.0
bidisperse_a0.005_sr0.667_x1.5_N4000_L24_T400000_seed1_cont2_dense500.npz,1.5,1,250,9,4,shrink,450.0
bidisperse_a0.005_sr0.667_x1.5_N4000_L24_T400000_seed1_cont2_dense500.npz,1.5,1,250,9,4,absorbed,50.0
bidisperse_a0.005_sr0.667_x1.5_N4000_L24_T400000_seed1_cont2_dense500.npz,1.5,1,250,9,4,shrink,100.0
bidisperse_a0.005_sr0.667_x1.5_N4000_L24_T400000_seed1_cont2_dense500.npz,1.5,1,250,9,4,shrink,700.0
bidisperse_a0.005_sr0.667_x1.5_N4000_L24_T400000_seed1_cont2_dense500.npz,1.5,1,250,9,4,grow,50.0
bidisperse_a0.005_sr0.667_x1.5_N4000_L24_T400000_seed1_cont2_dense500.npz,1.5,1,250,9,4,shrink,100.0
bidisperse_a0.005_sr0.667_x1.5_N4000_L24_T400000_seed1_cont2_dense500.npz,1.5,1,250,9,4,shrink,50.0
bidisperse_a0.005_sr0.667_x1.5_N4000_L24_T400000_seed1_cont2_dense500.npz,1.5,1,250,9,4,grow,50.0
bidisperse_a0.005_sr0.667_x1.5_N4000_L24_T400000_seed1_cont2_dense500.npz,1.5,1,250,9,4,shrink,350.0
bidisperse_a0.005_sr0.667_x1.5_N4000_L24_T400000_seed1_cont2_dense500.npz,1.5,1,250,9,4,grow,1900.0
bidisperse_a0.005_sr0.667_x1.5_N4000_L24_T400000_seed1_cont2_dense500.npz,1.5,1,250,9,4,shrink,2900.0
bidisperse_a0.005_sr0.667_x1.5_N4000_L24_T400000_seed1_cont2_dense500.npz,1.5,1,250,9,4,shrink,750.0
bidisperse_a0.005_sr0.667_x1.5_N4000_L24_T400000_seed1_cont2_dense500.npz,1.5,1,250,9,3,shrink,50.0
bidisperse_a0.005_sr0.667_x1.5_N4000_L24_T400000_seed1_cont2_dense500.npz,1.5,1,250,9,3,shrink,350.0
bidisperse_a0.005_sr0.667_x1.5_N4000_L24_T400000_seed1_cont2_dense500.npz,1.5,1,250,9,3,shrink,50.0
bidisperse_a0.005_sr0.667_x1.5_N4000_L24_T400000_seed1_cont2_dense500.npz,1.5,1,250,9,3,open,0.0
bidisperse_a0.005_sr0.667_x1.5_N4000_L24_T400000_seed1_cont2_dense500.npz,1.5,1,250,9,3,shrink,50.0
bidisperse_a0.005_sr0.667_x1.5_N4000_L24_T400000_seed1_cont2_dense500.npz,1.5,1,250,9,3,shrink,1900.0
bidisperse_a0.005_sr0.667_x1.5_N4000_L24_T400000_seed1_cont2_dense500.npz,1.5,1,250,9,3,shrink,250.0
bidisperse_a0.005_sr0.667_x1.5_N4000_L24_T400000_seed1_cont2_dense500.npz,1.5,1,250,9,3,shrink,200.0
bidisperse_a0.005_sr0.667_x1.5_N4000_L24_T400000_seed1_cont2_dense500.npz,1.5,1,250,9,3,shrink,50.0
bidisperse_a0.005_sr0.667_x1.5_N4000_L24_T400000_seed1_cont2_dense500.npz,1.5,1,250,9,3,shrink,50.0
bidisperse_a0.005_sr0.667_x1.5_N4000_L24_T400000_seed1_cont2_dense500.npz,1.5,1,250,9,3,shrink,50.0
bidisperse_a0.005_sr0.667_x1.5_N4000_L24_T400000_seed1_cont2_dense500.npz,1.5,1,250,9,3,shrink,200.0
bidisperse_a0.005_sr0.667_x1.5_N4000_L24_T400000_seed1_cont2_dense500.npz,1.5,1,250,9,3,shrink,50.0
bidisperse_a0.005_sr0.667_x1.5_N4000_L24_T400000_seed1_cont2_dense500.npz,1.5,1,250,9,3,shrink,400.0
bidisperse_a0.005_sr0.667_x1.5_N4000_L24_T400000_seed1_cont2_dense500.npz,1.5,1,250,9,3,shrink,50.0
bidisperse_a0.005_sr0.667_x1.5_N4000_L24_T400000_seed1_cont2_dense500.npz,1.5,1,250,9,3,shrink,50.0
bidisperse_a0.005_sr0.667_x1.5_N4000_L24_T400000_seed1_cont2_dense500.npz,1.5,1,250,9,3,shrink,50.0
bidisperse_a0.005_sr0.667_x1.5_N4000_L24_T400000_seed1_cont2_dense500.npz,1.5,1,250,9,3,grow,2100.0
bidisperse_a0.005_sr0.667_x1.5_N4000_L24_T400000_seed1_cont2_dense500.npz,1.5,1,250,9,3,grow,600.0
bidisperse_a0.005_sr0.667_x1.5_N4000_L24_T400000_seed1_cont2_dense500.npz,1.5,1,250,9,3,shrink,50.0
bidisperse_a0.005_sr0.667_x1.5_N4000_L24_T400000_seed1_cont2_dense500.npz,1.5,1,250,9,3,grow,50.0
bidisperse_a0.005_sr0.667_x1.5_N4000_L24_T400000_seed1_cont2_dense500.npz,1.5,1,250,9,3,shrink,150.0
bidisperse_a0.005_sr0.667_x1.5_N4000_L24_T400000_seed1_cont2_dense500.npz,1.5,1,250,9,3,shrink,50.0
bidisperse_a0.005_sr0.667_x1.5_N4000_L24_T400000_seed1_cont2_dense500.npz,1.5,1,250,9,3,shrink,100.0
bidisperse_a0.005_sr0.667_x1.5_N4000_L24_T400000_seed1_cont2_dense500.npz,1.5,1,250,9,3,grow,450.0
bidisperse_a0.005_sr0.667_x1.5_N4000_L24_T400000_seed1_cont2_dense500.npz,1.5,1,250,9,3,shrink,400.0
bidisperse_a0.005_sr0.667_x1.5_N4000_L24_T400000_seed1_cont2_dense500.npz,1.5,1,250,8,59,grow,50.0
bidisperse_a0.005_sr0.667_x1.5_N4000_L24_T400000_seed1_cont2_dense500.npz,1.5,1,250,8,52,grow,50.0
bidisperse_a0.005_sr0.667_x1.5_N4000_L24_T400000_seed1_cont2_dense500.npz,1.5,1,250,8,33,absorbed,50.0
bidisperse_a0.005_sr0.667_x1.5_N4000_L24_T400000_seed1_cont2_dense500.npz,1.5,1,250,8,21,grow,150.0
bidisperse_a0.005_sr0.667_x1.5_N4000_L24_T400000_seed1_cont2_dense500.npz,1.5,1,250,8,20,grow,50.0
bidisperse_a0.005_sr0.667_x1.5_N4000_L24_T400000_seed1_cont2_dense500.npz,1.5,1,250,8,20,grow,1050.0
bidisperse_a0.005_sr0.667_x1.5_N4000_L24_T400000_seed1_cont2_dense500.npz,1.5,1,250,8,19,open,0.0
bidisperse_a0.005_sr0.667_x1.5_N4000_L24_T400000_seed1_cont2_dense500.npz,1.5,1,250,8,18,absorbed,250.0
bidisperse_a0.005_sr0.667_x1.5_N4000_L24_T400000_seed1_cont2_dense500.npz,1.5,1,250,8,16,open,0.0
bidisperse_a0.005_sr0.667_x1.5_N4000_L24_T400000_seed1_cont2_dense500.npz,1.5,1,250,8,15,grow,350.0
bidisperse_a0.005_sr0.667_x1.5_N4000_L24_T400000_seed1_cont2_dense500.npz,1.5,1,250,8,15,grow,200.0
bidisperse_a0.005_sr0.667_x1.5_N4000_L24_T400000_seed1_cont2_dense500.npz,1.5,1,250,8,13,open,0.0
bidisperse_a0.005_sr0.667_x1.5_N4000_L24_T400000_seed1_cont2_dense500.npz,1.5,1,250,8,11,shrink,2450.0
bidisperse_a0.005_sr0.667_x1.5_N4000_L24_T400000_seed1_cont2_dense500.npz,1.5,1,250,8,11,grow,600.0
bidisperse_a0.005_sr0.667_x1.5_N4000_L24_T400000_seed1_cont2_dense500.npz,1.5,1,250,8,10,shrink,1300.0
bidisperse_a0.005_sr0.667_x1.5_N4000_L24_T400000_seed1_cont2_dense500.npz,1.5,1,250,8,10,grow,1050.0
bidisperse_a0.005_sr0.667_x1.5_N4000_L24_T400000_seed1_cont2_dense500.npz,1.5,1,250,8,9,shrink,200.0
bidisperse_a0.005_sr0.667_x1.5_N4000_L24_T400000_seed1_cont2_dense500.npz,1.5,1,250,8,9,grow,500.0
bidisperse_a0.005_sr0.667_x1.5_N4000_L24_T400000_seed1_cont2_dense500.npz,1.5,1,250,8,8,grow,2050.0
bidisperse_a0.005_sr0.667_x1.5_N4000_L24_T400000_seed1_cont2_dense500.npz,1.5,1,250,8,8,grow,600.0
bidisperse_a0.005_sr0.667_x1.5_N4000_L24_T400000_seed1_cont2_dense500.npz,1.5,1,250,8,8,grow,250.0
bidisperse_a0.005_sr0.667_x1.5_N4000_L24_T400000_seed1_cont2_dense500.npz,1.5,1,250,8,7,grow,650.0
bidisperse_a0.005_sr0.667_x1.5_N4000_L24_T400000_seed1_cont2_dense500.npz,1.5,1,250,8,7,open,0.0
bidisperse_a0.005_sr0.667_x1.5_N4000_L24_T400000_seed1_cont2_dense500.npz,1.5,1,250,8,7,absorbed,1550.0
bidisperse_a0.005_sr0.667_x1.5_N4000_L24_T400000_seed1_cont2_dense500.npz,1.5,1,250,8,7,shrink,200.0
bidisperse_a0.005_sr0.667_x1.5_N4000_L24_T400000_seed1_cont2_dense500.npz,1.5,1,250,8,7,shrink,1800.0
bidisperse_a0.005_sr0.667_x1.5_N4000_L24_T400000_seed1_cont2_dense500.npz,1.5,1,250,8,6,shrink,1350.0
bidisperse_a0.005_sr0.667_x1.5_N4000_L24_T400000_seed1_cont2_dense500.npz,1.5,1,250,8,6,absorbed,2500.0
bidisperse_a0.005_sr0.667_x1.5_N4000_L24_T400000_seed1_cont2_dense500.npz,1.5,1,250,8,6,absorbed,1550.0
bidisperse_a0.005_sr0.667_x1.5_N4000_L24_T400000_seed1_cont2_dense500.npz,1.5,1,250,8,6,shrink,400.0
bidisperse_a0.005_sr0.667_x1.5_N4000_L24_T400000_seed1_cont2_dense500.npz,1.5,1,250,8,6,shrink,650.0
bidisperse_a0.005_sr0.667_x1.5_N4000_L24_T400000_seed1_cont2_dense500.npz,1.5,1,250,8,6,grow,1200.0
bidisperse_a0.005_sr0.667_x1.5_N4000_L24_T400000_seed1_cont2_dense500.npz,1.5,1,250,8,5,shrink,350.0
bidisperse_a0.005_sr0.667_x1.5_N4000_L24_T400000_seed1_cont2_dense500.npz,1.5,1,250,8,5,shrink,150.0
bidisperse_a0.005_sr0.667_x1.5_N4000_L24_T400000_seed1_cont2_dense500.npz,1.5,1,250,8,5,shrink,100.0
bidisperse_a0.005_sr0.667_x1.5_N4000_L24_T400000_seed1_cont2_dense500.npz,1.5,1,250,8,5,grow,600.0
bidisperse_a0.005_sr0.667_x1.5_N4000_L24_T400000_seed1_cont2_dense500.npz,1.5,1,250,8,5,shrink,300.0
bidisperse_a0.005_sr0.667_x1.5_N4000_L24_T400000_seed1_cont2_dense500.npz,1.5,1,250,8,5,shrink,1200.0
bidisperse_a0.005_sr0.667_x1.5_N4000_L24_T400000_seed1_cont2_dense500.npz,1.5,1,250,8,5,grow,1200.0
bidisperse_a0.005_sr0.667_x1.5_N4000_L24_T400000_seed1_cont2_dense500.npz,1.5,1,250,8,5,absorbed,1550.0
bidisperse_a0.005_sr0.667_x1.5_N4000_L24_T400000_seed1_cont2_dense500.npz,1.5,1,250,8,5,shrink,50.0
bidisperse_a0.005_sr0.667_x1.5_N4000_L24_T400000_seed1_cont2_dense500.npz,1.5,1,250,8,5,grow,50.0
bidisperse_a0.005_sr0.667_x1.5_N4000_L24_T400000_seed1_cont2_dense500.npz,1.5,1,250,8,4,shrink,500.0
bidisperse_a0.005_sr0.667_x1.5_N4000_L24_T400000_seed1_cont2_dense500.npz,1.5,1,250,8,4,shrink,500.0
bidisperse_a0.005_sr0.667_x1.5_N4000_L24_T400000_seed1_cont2_dense500.npz,1.5,1,250,8,4,shrink,100.0
bidisperse_a0.005_sr0.667_x1.5_N4000_L24_T400000_seed1_cont2_dense500.npz,1.5,1,250,8,4,shrink,1750.0
bidisperse_a0.005_sr0.667_x1.5_N4000_L24_T400000_seed1_cont2_dense500.npz,1.5,1,250,8,4,grow,350.0
bidisperse_a0.005_sr0.667_x1.5_N4000_L24_T400000_seed1_cont2_dense500.npz,1.5,1,250,8,4,shrink,300.0
bidisperse_a0.005_sr0.667_x1.5_N4000_L24_T400000_seed1_cont2_dense500.npz,1.5,1,250,8,4,absorbed,50.0
bidisperse_a0.005_sr0.667_x1.5_N4000_L24_T400000_seed1_cont2_dense500.npz,1.5,1,250,8,4,absorbed,100.0
bidisperse_a0.005_sr0.667_x1.5_N4000_L24_T400000_seed1_cont2_dense500.npz,1.5,1,250,8,4,shrink,150.0
bidisperse_a0.005_sr0.667_x1.5_N4000_L24_T400000_seed1_cont2_dense500.npz,1.5,1,250,8,4,shrink,150.0
bidisperse_a0.005_sr0.667_x1.5_N4000_L24_T400000_seed1_cont2_dense500.npz,1.5,1,250,8,4,grow,50.0
bidisperse_a0.005_sr0.667_x1.5_N4000_L24_T400000_seed1_cont2_dense500.npz,1.5,1,250,8,4,shrink,550.0
bidisperse_a0.005_sr0.667_x1.5_N4000_L24_T400000_seed1_cont2_dense500.npz,1.5,1,250,8,4,shrink,50.0
bidisperse_a0.005_sr0.667_x1.5_N4000_L24_T400000_seed1_cont2_dense500.npz,1.5,1,250,8,4,grow,100.0
bidisperse_a0.005_sr0.667_x1.5_N4000_L24_T400000_seed1_cont2_dense500.npz,1.5,1,250,8,4,shrink,300.0
bidisperse_a0.005_sr0.667_x1.5_N4000_L24_T400000_seed1_cont2_dense500.npz,1.5,1,250,8,4,open,0.0
bidisperse_a0.005_sr0.667_x1.5_N4000_L24_T400000_seed1_cont2_dense500.npz,1.5,1,250,8,4,shrink,550.0
bidisperse_a0.005_sr0.667_x1.5_N4000_L24_T400000_seed1_cont2_dense500.npz,1.5,1,250,8,4,shrink,400.0
bidisperse_a0.005_sr0.667_x1.5_N4000_L24_T400000_seed1_cont2_dense500.npz,1.5,1,250,8,3,shrink,100.0
bidisperse_a0.005_sr0.667_x1.5_N4000_L24_T400000_seed1_cont2_dense500.npz,1.5,1,250,8,3,shrink,1200.0
bidisperse_a0.005_sr0.667_x1.5_N4000_L24_T400000_seed1_cont2_dense500.npz,1.5,1,250,8,3,shrink,250.0
bidisperse_a0.005_sr0.667_x1.5_N4000_L24_T400000_seed1_cont2_dense500.npz,1.5,1,250,8,3,shrink,100.0
bidisperse_a0.005_sr0.667_x1.5_N4000_L24_T400000_seed1_cont2_dense500.npz,1.5,1,250,8,3,shrink,50.0
bidisperse_a0.005_sr0.667_x1.5_N4000_L24_T400000_seed1_cont2_dense500.npz,1.5,1,250,8,3,absorbed,1550.0
bidisperse_a0.005_sr0.667_x1.5_N4000_L24_T400000_seed1_cont2_dense500.npz,1.5,1,250,8,3,shrink,100.0
bidisperse_a0.005_sr0.667_x1.5_N4000_L24_T400000_seed1_cont2_dense500.npz,1.5,1,250,8,3,shrink,100.0
bidisperse_a0.005_sr0.667_x1.5_N4000_L24_T400000_seed1_cont2_dense500.npz,1.5,1,250,8,3,shrink,50.0
bidisperse_a0.005_sr0.667_x1.5_N4000_L24_T400000_seed1_cont2_dense500.npz,1.5,1,250,8,3,shrink,100.0
bidisperse_a0.005_sr0.667_x1.5_N4000_L24_T400000_seed1_cont2_dense500.npz,1.5,1,250,8,3,shrink,50.0
bidisperse_a0.005_sr0.667_x1.5_N4000_L24_T400000_seed1_cont2_dense500.npz,1.5,1,250,8,3,shrink,50.0
bidisperse_a0.005_sr0.667_x1.5_N4000_L24_T400000_seed1_cont2_dense500.npz,1.5,1,250,8,3,shrink,800.0
bidisperse_a0.005_sr0.667_x1.5_N4000_L24_T400000_seed1_cont2_dense500.npz,1.5,1,250,8,3,shrink,300.0
bidisperse_a0.005_sr0.667_x1.5_N4000_L24_T400000_seed1_cont2_dense500.npz,1.5,1,250,8,3,shrink,850.0
bidisperse_a0.005_sr0.667_x1.5_N4000_L24_T400000_seed1_cont2_dense500.npz,1.5,1,250,8,3,shrink,50.0
bidisperse_a0.005_sr0.667_x1.5_N4000_L24_T400000_seed1_cont2_dense500.npz,1.5,1,250,8,3,shrink,100.0
bidisperse_a0.005_sr0.667_x1.5_N4000_L24_T400000_seed1_cont2_dense500.npz,1.5,1,250,8,3,grow,1050.0
bidisperse_a0.005_sr0.667_x1.5_N4000_L24_T400000_seed1_cont2_dense500.npz,1.5,1,250,8,3,grow,600.0
bidisperse_a0.005_sr0.667_x1.5_N4000_L24_T400000_seed1_cont2_dense500.npz,1.5,1,250,8,3,shrink,200.0
bidisperse_a0.005_sr0.667_x1.5_N4000_L24_T400000_seed1_cont2_dense500.npz,1.5,1,250,8,3,grow,50.0
bidisperse_a0.005_sr0.667_x1.5_N4000_L24_T400000_seed1_cont2_dense500.npz,1.5,1,250,8,3,shrink,150.0
bidisperse_a0.005_sr0.667_x1.5_N4000_L24_T400000_seed1_cont2_dense500.npz,1.5,1,250,8,3,shrink,200.0
bidisperse_a0.005_sr0.667_x1.5_N4000_L24_T400000_seed1_cont2_dense500.npz,1.5,1,250,8,3,shrink,300.0
bidisperse_a0.005_sr0.667_x1.5_N4000_L24_T400000_seed1_cont2_dense500.npz,1.5,1,250,8,3,grow,200.0
bidisperse_a0.005_sr0.667_x1.5_N4000_L24_T400000_seed1_cont2_dense500.npz,1.5,1,250,8,3,shrink,250.0
bidisperse_a0.005_sr0.667_x1.5_N4000_L24_T400000_seed1_cont2_dense500.npz,1.5,1,250,11,59,grow,50.0
bidisperse_a0.005_sr0.667_x1.5_N4000_L24_T400000_seed1_cont2_dense500.npz,1.5,1,250,11,52,grow,50.0
bidisperse_a0.005_sr0.667_x1.5_N4000_L24_T400000_seed1_cont2_dense500.npz,1.5,1,250,11,33,absorbed,50.0
bidisperse_a0.005_sr0.667_x1.5_N4000_L24_T400000_seed1_cont2_dense500.npz,1.5,1,250,11,21,grow,100.0
bidisperse_a0.005_sr0.667_x1.5_N4000_L24_T400000_seed1_cont2_dense500.npz,1.5,1,250,11,20,grow,50.0
bidisperse_a0.005_sr0.667_x1.5_N4000_L24_T400000_seed1_cont2_dense500.npz,1.5,1,250,11,20,absorbed,50.0
bidisperse_a0.005_sr0.667_x1.5_N4000_L24_T400000_seed1_cont2_dense500.npz,1.5,1,250,11,19,grow,50.0
bidisperse_a0.005_sr0.667_x1.5_N4000_L24_T400000_seed1_cont2_dense500.npz,1.5,1,250,11,18,absorbed,250.0
bidisperse_a0.005_sr0.667_x1.5_N4000_L24_T400000_seed1_cont2_dense500.npz,1.5,1,250,11,16,grow,750.0
bidisperse_a0.005_sr0.667_x1.5_N4000_L24_T400000_seed1_cont2_dense500.npz,1.5,1,250,11,15,grow,1000.0
bidisperse_a0.005_sr0.667_x1.5_N4000_L24_T400000_seed1_cont2_dense500.npz,1.5,1,250,11,15,grow,200.0
bidisperse_a0.005_sr0.667_x1.5_N4000_L24_T400000_seed1_cont2_dense500.npz,1.5,1,250,11,13,grow,1050.0
bidisperse_a0.005_sr0.667_x1.5_N4000_L24_T400000_seed1_cont2_dense500.npz,1.5,1,250,11,11,grow,2050.0
bidisperse_a0.005_sr0.667_x1.5_N4000_L24_T400000_seed1_cont2_dense500.npz,1.5,1,250,11,11,open,0.0
bidisperse_a0.005_sr0.667_x1.5_N4000_L24_T400000_seed1_cont2_dense500.npz,1.5,1,250,11,10,open,0.0
bidisperse_a0.005_sr0.667_x1.5_N4000_L24_T400000_seed1_cont2_dense500.npz,1.5,1,250,11,10,grow,900.0
bidisperse_a0.005_sr0.667_x1.5_N4000_L24_T400000_seed1_cont2_dense500.npz,1.5,1,250,11,9,shrink,850.0
bidisperse_a0.005_sr0.667_x1.5_N4000_L24_T400000_seed1_cont2_dense500.npz,1.5,1,250,11,9,shrink,400.0
bidisperse_a0.005_sr0.667_x1.5_N4000_L24_T400000_seed1_cont2_dense500.npz,1.5,1,250,11,8,shrink,1500.0
bidisperse_a0.005_sr0.667_x1.5_N4000_L24_T400000_seed1_cont2_dense500.npz,1.5,1,250,11,8,grow,750.0
bidisperse_a0.005_sr0.667_x1.5_N4000_L24_T400000_seed1_cont2_dense500.npz,1.5,1,250,11,8,grow,150.0
bidisperse_a0.005_sr0.667_x1.5_N4000_L24_T400000_seed1_cont2_dense500.npz,1.5,1,250,11,7,grow,700.0
bidisperse_a0.005_sr0.667_x1.5_N4000_L24_T400000_seed1_cont2_dense500.npz,1.5,1,250,11,7,grow,2050.0
bidisperse_a0.005_sr0.667_x1.5_N4000_L24_T400000_seed1_cont2_dense500.npz,1.5,1,250,11,7,shrink,50.0
bidisperse_a0.005_sr0.667_x1.5_N4000_L24_T400000_seed1_cont2_dense500.npz,1.5,1,250,11,7,shrink,150.0
bidisperse_a0.005_sr0.667_x1.5_N4000_L24_T400000_seed1_cont2_dense500.npz,1.5,1,250,11,7,shrink,300.0
bidisperse_a0.005_sr0.667_x1.5_N4000_L24_T400000_seed1_cont2_dense500.npz,1.5,1,250,11,6,shrink,400.0
bidisperse_a0.005_sr0.667_x1.5_N4000_L24_T400000_seed1_cont2_dense500.npz,1.5,1,250,11,6,shrink,2450.0
bidisperse_a0.005_sr0.667_x1.5_N4000_L24_T400000_seed1_cont2_dense500.npz,1.5,1,250,11,6,grow,250.0
bidisperse_a0.005_sr0.667_x1.5_N4000_L24_T400000_seed1_cont2_dense500.npz,1.5,1,250,11,6,shrink,250.0
bidisperse_a0.005_sr0.667_x1.5_N4000_L24_T400000_seed1_cont2_dense500.npz,1.5,1,250,11,6,shrink,600.0
bidisperse_a0.005_sr0.667_x1.5_N4000_L24_T400000_seed1_cont2_dense500.npz,1.5,1,250,11,6,grow,750.0
bidisperse_a0.005_sr0.667_x1.5_N4000_L24_T400000_seed1_cont2_dense500.npz,1.5,1,250,11,5,shrink,50.0
bidisperse_a0.005_sr0.667_x1.5_N4000_L24_T400000_seed1_cont2_dense500.npz,1.5,1,250,11,5,shrink,50.0
bidisperse_a0.005_sr0.667_x1.5_N4000_L24_T400000_seed1_cont2_dense500.npz,1.5,1,250,11,5,shrink,350.0
bidisperse_a0.005_sr0.667_x1.5_N4000_L24_T400000_seed1_cont2_dense500.npz,1.5,1,250,11,5,grow,750.0
bidisperse_a0.005_sr0.667_x1.5_N4000_L24_T400000_seed1_cont2_dense500.npz,1.5,1,250,11,5,shrink,250.0
bidisperse_a0.005_sr0.667_x1.5_N4000_L24_T400000_seed1_cont2_dense500.npz,1.5,1,250,11,5,shrink,550.0
bidisperse_a0.005_sr0.667_x1.5_N4000_L24_T400000_seed1_cont2_dense500.npz,1.5,1,250,11,5,grow,750.0
bidisperse_a0.005_sr0.667_x1.5_N4000_L24_T400000_seed1_cont2_dense500.npz,1.5,1,250,11,5,grow,250.0
bidisperse_a0.005_sr0.667_x1.5_N4000_L24_T400000_seed1_cont2_dense500.npz,1.5,1,250,11,5,shrink,250.0
bidisperse_a0.005_sr0.667_x1.5_N4000_L24_T400000_seed1_cont2_dense500.npz,1.5,1,250,11,5,grow,50.0
bidisperse_a0.005_sr0.667_x1.5_N4000_L24_T400000_seed1_cont2_dense500.npz,1.5,1,250,11,4,shrink,600.0
bidisperse_a0.005_sr0.667_x1.5_N4000_L24_T400000_seed1_cont2_dense500.npz,1.5,1,250,11,4,grow,1900.0
bidisperse_a0.005_sr0.667_x1.5_N4000_L24_T400000_seed1_cont2_dense500.npz,1.5,1,250,11,4,grow,500.0
bidisperse_a0.005_sr0.667_x1.5_N4000_L24_T400000_seed1_cont2_dense500.npz,1.5,1,250,11,4,shrink,800.0
bidisperse_a0.005_sr0.667_x1.5_N4000_L24_T400000_seed1_cont2_dense500.npz,1.5,1,250,11,4,grow,1000.0
bidisperse_a0.005_sr0.667_x1.5_N4000_L24_T400000_seed1_cont2_dense500.npz,1.5,1,250,11,4,shrink,550.0
bidisperse_a0.005_sr0.667_x1.5_N4000_L24_T400000_seed1_cont2_dense500.npz,1.5,1,250,11,4,shrink,350.0
bidisperse_a0.005_sr0.667_x1.5_N4000_L24_T400000_seed1_cont2_dense500.npz,1.5,1,250,11,4,absorbed,100.0
bidisperse_a0.005_sr0.667_x1.5_N4000_L24_T400000_seed1_cont2_dense500.npz,1.5,1,250,11,4,shrink,300.0
bidisperse_a0.005_sr0.667_x1.5_N4000_L24_T400000_seed1_cont2_dense500.npz,1.5,1,250,11,4,shrink,150.0
bidisperse_a0.005_sr0.667_x1.5_N4000_L24_T400000_seed1_cont2_dense500.npz,1.5,1,250,11,4,grow,50.0
bidisperse_a0.005_sr0.667_x1.5_N4000_L24_T400000_seed1_cont2_dense500.npz,1.5,1,250,11,4,shrink,50.0
bidisperse_a0.005_sr0.667_x1.5_N4000_L24_T400000_seed1_cont2_dense500.npz,1.5,1,250,11,4,shrink,50.0
bidisperse_a0.005_sr0.667_x1.5_N4000_L24_T400000_seed1_cont2_dense500.npz,1.5,1,250,11,4,shrink,50.0
bidisperse_a0.005_sr0.667_x1.5_N4000_L24_T400000_seed1_cont2_dense500.npz,1.5,1,250,11,4,shrink,350.0
bidisperse_a0.005_sr0.667_x1.5_N4000_L24_T400000_seed1_cont2_dense500.npz,1.5,1,250,11,4,grow,2050.0
bidisperse_a0.005_sr0.667_x1.5_N4000_L24_T400000_seed1_cont2_dense500.npz,1.5,1,250,11,4,open,0.0
bidisperse_a0.005_sr0.667_x1.5_N4000_L24_T400000_seed1_cont2_dense500.npz,1.5,1,250,11,4,shrink,250.0
bidisperse_a0.005_sr0.667_x1.5_N4000_L24_T400000_seed1_cont2_dense500.npz,1.5,1,250,11,3,shrink,350.0
bidisperse_a0.005_sr0.667_x1.5_N4000_L24_T400000_seed1_cont2_dense500.npz,1.5,1,250,11,3,shrink,550.0
bidisperse_a0.005_sr0.667_x1.5_N4000_L24_T400000_seed1_cont2_dense500.npz,1.5,1,250,11,3,shrink,50.0
bidisperse_a0.005_sr0.667_x1.5_N4000_L24_T400000_seed1_cont2_dense500.npz,1.5,1,250,11,3,shrink,50.0
bidisperse_a0.005_sr0.667_x1.5_N4000_L24_T400000_seed1_cont2_dense500.npz,1.5,1,250,11,3,shrink,1650.0
bidisperse_a0.005_sr0.667_x1.5_N4000_L24_T400000_seed1_cont2_dense500.npz,1.5,1,250,11,3,grow,250.0
bidisperse_a0.005_sr0.667_x1.5_N4000_L24_T400000_seed1_cont2_dense500.npz,1.5,1,250,11,3,shrink,50.0
bidisperse_a0.005_sr0.667_x1.5_N4000_L24_T400000_seed1_cont2_dense500.npz,1.5,1,250,11,3,shrink,50.0
bidisperse_a0.005_sr0.667_x1.5_N4000_L24_T400000_seed1_cont2_dense500.npz,1.5,1,250,11,3,shrink,100.0
bidisperse_a0.005_sr0.667_x1.5_N4000_L24_T400000_seed1_cont2_dense500.npz,1.5,1,250,11,3,shrink,150.0
bidisperse_a0.005_sr0.667_x1.5_N4000_L24_T400000_seed1_cont2_dense500.npz,1.5,1,250,11,3,shrink,50.0
bidisperse_a0.005_sr0.667_x1.5_N4000_L24_T400000_seed1_cont2_dense500.npz,1.5,1,250,11,3,shrink,100.0
bidisperse_a0.005_sr0.667_x1.5_N4000_L24_T400000_seed1_cont2_dense500.npz,1.5,1,250,11,3,shrink,1100.0
bidisperse_a0.005_sr0.667_x1.5_N4000_L24_T400000_seed1_cont2_dense500.npz,1.5,1,250,11,3,shrink,150.0
bidisperse_a0.005_sr0.667_x1.5_N4000_L24_T400000_seed1_cont2_dense500.npz,1.5,1,250,11,3,shrink,1950.0
bidisperse_a0.005_sr0.667_x1.5_N4000_L24_T400000_seed1_cont2_dense500.npz,1.5,1,250,11,3,shrink,150.0
bidisperse_a0.005_sr0.667_x1.5_N4000_L24_T400000_seed1_cont2_dense500.npz,1.5,1,250,11,3,shrink,50.0
bidisperse_a0.005_sr0.667_x1.5_N4000_L24_T400000_seed1_cont2_dense500.npz,1.5,1,250,11,3,shrink,1650.0
bidisperse_a0.005_sr0.667_x1.5_N4000_L24_T400000_seed1_cont2_dense500.npz,1.5,1,250,11,3,grow,750.0
bidisperse_a0.005_sr0.667_x1.5_N4000_L24_T400000_seed1_cont2_dense500.npz,1.5,1,250,11,3,shrink,150.0
bidisperse_a0.005_sr0.667_x1.5_N4000_L24_T400000_seed1_cont2_dense500.npz,1.5,1,250,11,3,grow,50.0
bidisperse_a0.005_sr0.667_x1.5_N4000_L24_T400000_seed1_cont2_dense500.npz,1.5,1,250,11,3,shrink,100.0
bidisperse_a0.005_sr0.667_x1.5_N4000_L24_T400000_seed1_cont2_dense500.npz,1.5,1,250,11,3,shrink,100.0
bidisperse_a0.005_sr0.667_x1.5_N4000_L24_T400000_seed1_cont2_dense500.npz,1.5,1,250,11,3,shrink,100.0
bidisperse_a0.005_sr0.667_x1.5_N4000_L24_T400000_seed1_cont2_dense500.npz,1.5,1,250,11,3,grow,200.0
bidisperse_a0.005_sr0.667_x1.5_N4000_L24_T400000_seed1_cont2_dense500.npz,1.5,1,250,11,3,shrink,350.0
bidisperse_a0.005_sr0.667_x1.5_N4000_L24_T400000_seed1_cont2_dense500.npz,1.5,1,250,10,59,grow,50.0
bidisperse_a0.005_sr0.667_x1.5_N4000_L24_T400000_seed1_cont2_dense500.npz,1.5,1,250,10,52,grow,50.0
bidisperse_a0.005_sr0.667_x1.5_N4000_L24_T400000_seed1_cont2_dense500.npz,1.5,1,250,10,33,absorbed,50.0
bidisperse_a0.005_sr0.667_x1.5_N4000_L24_T400000_seed1_cont2_dense500.npz,1.5,1,250,10,21,grow,50.0
bidisperse_a0.005_sr0.667_x1.5_N4000_L24_T400000_seed1_cont2_dense500.npz,1.5,1,250,10,20,grow,50.0
bidisperse_a0.005_sr0.667_x1.5_N4000_L24_T400000_seed1_cont2_dense500.npz,1.5,1,250,10,20,absorbed,500.0
bidisperse_a0.005_sr0.667_x1.5_N4000_L24_T400000_seed1_cont2_dense500.npz,1.5,1,250,10,19,open,0.0
bidisperse_a0.005_sr0.667_x1.5_N4000_L24_T400000_seed1_cont2_dense500.npz,1.5,1,250,10,18,absorbed,250.0
bidisperse_a0.005_sr0.667_x1.5_N4000_L24_T400000_seed1_cont2_dense500.npz,1.5,1,250,10,16,grow,2350.0
bidisperse_a0.005_sr0.667_x1.5_N4000_L24_T400000_seed1_cont2_dense500.npz,1.5,1,250,10,15,grow,550.0
bidisperse_a0.005_sr0.667_x1.5_N4000_L24_T400000_seed1_cont2_dense500.npz,1.5,1,250,10,15,grow,400.0
bidisperse_a0.005_sr0.667_x1.5_N4000_L24_T400000_seed1_cont2_dense500.npz,1.5,1,250,10,13,grow,850.0
bidisperse_a0.005_sr0.667_x1.5_N4000_L24_T400000_seed1_cont2_dense500.npz,1.5,1,250,10,11,grow,550.0
bidisperse_a0.005_sr0.667_x1.5_N4000_L24_T400000_seed1_cont2_dense500.npz,1.5,1,250,10,11,open,0.0
bidisperse_a0.005_sr0.667_x1.5_N4000_L24_T400000_seed1_cont2_dense500.npz,1.5,1,250,10,10,shrink,750.0
bidisperse_a0.005_sr0.667_x1.5_N4000_L24_T400000_seed1_cont2_dense500.npz,1.5,1,250,10,10,grow,1300.0
bidisperse_a0.005_sr0.667_x1.5_N4000_L24_T400000_seed1_cont2_dense500.npz,1.5,1,250,10,9,shrink,750.0
bidisperse_a0.005_sr0.667_x1.5_N4000_L24_T400000_seed1_cont2_dense500.npz,1.5,1,250,10,9,shrink,100.0
bidisperse_a0.005_sr0.667_x1.5_N4000_L24_T400000_seed1_cont2_dense500.npz,1.5,1,250,10,8,grow,550.0
bidisperse_a0.005_sr0.667_x1.5_N4000_L24_T400000_seed1_cont2_dense500.npz,1.5,1,250,10,8,shrink,300.0
bidisperse_a0.005_sr0.667_x1.5_N4000_L24_T400000_seed1_cont2_dense500.npz,1.5,1,250,10,8,absorbed,100.0
bidisperse_a0.005_sr0.667_x1.5_N4000_L24_T400000_seed1_cont2_dense500.npz,1.5,1,250,10,7,grow,750.0
bidisperse_a0.005_sr0.667_x1.5_N4000_L24_T400000_seed1_cont2_dense500.npz,1.5,1,250,10,7,shrink,1350.0
bidisperse_a0.005_sr0.667_x1.5_N4000_L24_T400000_seed1_cont2_dense500.npz,1.5,1,250,10,7,grow,1700.0
bidisperse_a0.005_sr0.667_x1.5_N4000_L24_T400000_seed1_cont2_dense500.npz,1.5,1,250,10,7,grow,2350.0
bidisperse_a0.005_sr0.667_x1.5_N4000_L24_T400000_seed1_cont2_dense500.npz,1.5,1,250,10,7,shrink,250.0
bidisperse_a0.005_sr0.667_x1.5_N4000_L24_T400000_seed1_cont2_dense500.npz,1.5,1,250,10,6,shrink,400.0
bidisperse_a0.005_sr0.667_x1.5_N4000_L24_T400000_seed1_cont2_dense500.npz,1.5,1,250,10,6,shrink,1600.0
bidisperse_a0.005_sr0.667_x1.5_N4000_L24_T400000_seed1_cont2_dense500.npz,1.5,1,250,10,6,grow,1400.0
bidisperse_a0.005_sr0.667_x1.5_N4000_L24_T400000_seed1_cont2_dense500.npz,1.5,1,250,10,6,shrink,300.0
bidisperse_a0.005_sr0.667_x1.5_N4000_L24_T400000_seed1_cont2_dense500.npz,1.5,1,250,10,6,grow,850.0
bidisperse_a0.005_sr0.667_x1.5_N4000_L24_T400000_seed1_cont2_dense500.npz,1.5,1,250,10,6,open,0.0
bidisperse_a0.005_sr0.667_x1.5_N4000_L24_T400000_seed1_cont2_dense500.npz,1.5,1,250,10,5,shrink,200.0
bidisperse_a0.005_sr0.667_x1.5_N4000_L24_T400000_seed1_cont2_dense500.npz,1.5,1,250,10,5,absorbed,100.0
bidisperse_a0.005_sr0.667_x1.5_N4000_L24_T400000_seed1_cont2_dense500.npz,1.5,1,250,10,5,shrink,900.0
bidisperse_a0.005_sr0.667_x1.5_N4000_L24_T400000_seed1_cont2_dense500.npz,1.5,1,250,10,5,open,0.0
bidisperse_a0.005_sr0.667_x1.5_N4000_L24_T400000_seed1_cont2_dense500.npz,1.5,1,250,10,5,shrink,200.0
bidisperse_a0.005_sr0.667_x1.5_N4000_L24_T400000_seed1_cont2_dense500.npz,1.5,1,250,10,5,grow,1700.0
bidisperse_a0.005_sr0.667_x1.5_N4000_L24_T400000_seed1_cont2_dense500.npz,1.5,1,250,10,5,open,0.0
bidisperse_a0.005_sr0.667_x1.5_N4000_L24_T400000_seed1_cont2_dense500.npz,1.5,1,250,10,5,grow,1700.0
bidisperse_a0.005_sr0.667_x1.5_N4000_L24_T400000_seed1_cont2_dense500.npz,1.5,1,250,10,5,shrink,50.0
bidisperse_a0.005_sr0.667_x1.5_N4000_L24_T400000_seed1_cont2_dense500.npz,1.5,1,250,10,5,grow,50.0
bidisperse_a0.005_sr0.667_x1.5_N4000_L24_T400000_seed1_cont2_dense500.npz,1.5,1,250,10,4,shrink,1000.0
bidisperse_a0.005_sr0.667_x1.5_N4000_L24_T400000_seed1_cont2_dense500.npz,1.5,1,250,10,4,shrink,300.0
bidisperse_a0.005_sr0.667_x1.5_N4000_L24_T400000_seed1_cont2_dense500.npz,1.5,1,250,10,4,absorbed,500.0
bidisperse_a0.005_sr0.667_x1.5_N4000_L24_T400000_seed1_cont2_dense500.npz,1.5,1,250,10,4,shrink,300.0
bidisperse_a0.005_sr0.667_x1.5_N4000_L24_T400000_seed1_cont2_dense500.npz,1.5,1,250,10,4,shrink,150.0
bidisperse_a0.005_sr0.667_x1.5_N4000_L24_T400000_seed1_cont2_dense500.npz,1.5,1,250,10,4,shrink,100.0
bidisperse_a0.005_sr0.667_x1.5_N4000_L24_T400000_seed1_cont2_dense500.npz,1.5,1,250,10,4,shrink,50.0
bidisperse_a0.005_sr0.667_x1.5_N4000_L24_T400000_seed1_cont2_dense500.npz,1.5,1,250,10,4,absorbed,50.0
bidisperse_a0.005_sr0.667_x1.5_N4000_L24_T400000_seed1_cont2_dense500.npz,1.5,1,250,10,4,shrink,150.0
bidisperse_a0.005_sr0.667_x1.5_N4000_L24_T400000_seed1_cont2_dense500.npz,1.5,1,250,10,4,shrink,450.0
bidisperse_a0.005_sr0.667_x1.5_N4000_L24_T400000_seed1_cont2_dense500.npz,1.5,1,250,10,4,absorbed,100.0
bidisperse_a0.005_sr0.667_x1.5_N4000_L24_T400000_seed1_cont2_dense500.npz,1.5,1,250,10,4,shrink,50.0
bidisperse_a0.005_sr0.667_x1.5_N4000_L24_T400000_seed1_cont2_dense500.npz,1.5,1,250,10,4,shrink,50.0
bidisperse_a0.005_sr0.667_x1.5_N4000_L24_T400000_seed1_cont2_dense500.npz,1.5,1,250,10,4,grow,100.0
bidisperse_a0.005_sr0.667_x1.5_N4000_L24_T400000_seed1_cont2_dense500.npz,1.5,1,250,10,4,shrink,100.0
bidisperse_a0.005_sr0.667_x1.5_N4000_L24_T400000_seed1_cont2_dense500.npz,1.5,1,250,10,4,shrink,100.0
bidisperse_a0.005_sr0.667_x1.5_N4000_L24_T400000_seed1_cont2_dense500.npz,1.5,1,250,10,4,open,0.0
bidisperse_a0.005_sr0.667_x1.5_N4000_L24_T400000_seed1_cont2_dense500.npz,1.5,1,250,10,4,shrink,100.0
bidisperse_a0.005_sr0.667_x1.5_N4000_L24_T400000_seed1_cont2_dense500.npz,1.5,1,250,10,3,shrink,150.0
bidisperse_a0.005_sr0.667_x1.5_N4000_L24_T400000_seed1_cont2_dense500.npz,1.5,1,250,10,3,shrink,50.0
bidisperse_a0.005_sr0.667_x1.5_N4000_L24_T400000_seed1_cont2_dense500.npz,1.5,1,250,10,3,shrink,50.0
bidisperse_a0.005_sr0.667_x1.5_N4000_L24_T400000_seed1_cont2_dense500.npz,1.5,1,250,10,3,grow,2000.0
bidisperse_a0.005_sr0.667_x1.5_N4000_L24_T400000_seed1_cont2_dense500.npz,1.5,1,250,10,3,shrink,850.0
bidisperse_a0.005_sr0.667_x1.5_N4000_L24_T400000_seed1_cont2_dense500.npz,1.5,1,250,10,3,grow,1700.0
bidisperse_a0.005_sr0.667_x1.5_N4000_L24_T400000_seed1_cont2_dense500.npz,1.5,1,250,10,3,shrink,300.0
bidisperse_a0.005_sr0.667_x1.5_N4000_L24_T400000_seed1_cont2_dense500.npz,1.5,1,250,10,3,shrink,150.0
bidisperse_a0.005_sr0.667_x1.5_N4000_L24_T400000_seed1_cont2_dense500.npz,1.5,1,250,10,3,shrink,450.0
bidisperse_a0.005_sr0.667_x1.5_N4000_L24_T400000_seed1_cont2_dense500.npz,1.5,1,250,10,3,shrink,100.0
bidisperse_a0.005_sr0.667_x1.5_N4000_L24_T400000_seed1_cont2_dense500.npz,1.5,1,250,10,3,shrink,100.0
bidisperse_a0.005_sr0.667_x1.5_N4000_L24_T400000_seed1_cont2_dense500.npz,1.5,1,250,10,3,shrink,50.0
bidisperse_a0.005_sr0.667_x1.5_N4000_L24_T400000_seed1_cont2_dense500.npz,1.5,1,250,10,3,shrink,100.0
bidisperse_a0.005_sr0.667_x1.5_N4000_L24_T400000_seed1_cont2_dense500.npz,1.5,1,250,10,3,shrink,250.0
bidisperse_a0.005_sr0.667_x1.5_N4000_L24_T400000_seed1_cont2_dense500.npz,1.5,1,250,10,3,grow,2350.0
bidisperse_a0.005_sr0.667_x1.5_N4000_L24_T400000_seed1_cont2_dense500.npz,1.5,1,250,10,3,shrink,400.0
bidisperse_a0.005_sr0.667_x1.5_N4000_L24_T400000_seed1_cont2_dense500.npz,1.5,1,250,10,3,shrink,50.0
bidisperse_a0.005_sr0.667_x1.5_N4000_L24_T400000_seed1_cont2_dense500.npz,1.5,1,250,10,3,shrink,850.0
bidisperse_a0.005_sr0.667_x1.5_N4000_L24_T400000_seed1_cont2_dense500.npz,1.5,1,250,10,3,shrink,50.0
bidisperse_a0.005_sr0.667_x1.5_N4000_L24_T400000_seed1_cont2_dense500.npz,1.5,1,250,10,3,shrink,50.0
bidisperse_a0.005_sr0.667_x1.5_N4000_L24_T400000_seed1_cont2_dense500.npz,1.5,1,250,10,3,grow,100.0
bidisperse_a0.005_sr0.667_x1.5_N4000_L24_T400000_seed1_cont2_dense500.npz,1.5,1,250,10,3,shrink,50.0
bidisperse_a0.005_sr0.667_x1.5_N4000_L24_T400000_seed1_cont2_dense500.npz,1.5,1,250,10,3,shrink,100.0
bidisperse_a0.005_sr0.667_x1.5_N4000_L24_T400000_seed1_cont2_dense500.npz,1.5,1,250,10,3,shrink,100.0
bidisperse_a0.005_sr0.667_x1.5_N4000_L24_T400000_seed1_cont2_dense500.npz,1.5,1,250,10,3,grow,400.0
bidisperse_a0.005_sr0.667_x1.5_N4000_L24_T400000_seed1_cont2_dense500.npz,1.5,1,250,10,3,shrink,50.0
bidisperse_a0.005_sr0.667_x1.5_N4000_L24_T400000_seed1_cont2_dense500.npz,1.5,1,500,0,153,grow,50.0
bidisperse_a0.005_sr0.667_x1.5_N4000_L24_T400000_seed1_cont2_dense500.npz,1.5,1,500,0,70,grow,50.0
bidisperse_a0.005_sr0.667_x1.5_N4000_L24_T400000_seed1_cont2_dense500.npz,1.5,1,500,0,26,grow,50.0
bidisperse_a0.005_sr0.667_x1.5_N4000_L24_T400000_seed1_cont2_dense500.npz,1.5,1,500,0,25,grow,50.0
bidisperse_a0.005_sr0.667_x1.5_N4000_L24_T400000_seed1_cont2_dense500.npz,1.5,1,500,0,22,grow,50.0
bidisperse_a0.005_sr0.667_x1.5_N4000_L24_T400000_seed1_cont2_dense500.npz,1.5,1,500,0,17,grow,450.0
bidisperse_a0.005_sr0.667_x1.5_N4000_L24_T400000_seed1_cont2_dense500.npz,1.5,1,500,0,17,grow,1850.0
bidisperse_a0.005_sr0.667_x1.5_N4000_L24_T400000_seed1_cont2_dense500.npz,1.5,1,500,0,14,grow,250.0
bidisperse_a0.005_sr0.667_x1.5_N4000_L24_T400000_seed1_cont2_dense500.npz,1.5,1,500,0,13,absorbed,600.0
bidisperse_a0.005_sr0.667_x1.5_N4000_L24_T400000_seed1_cont2_dense500.npz,1.5,1,500,0,12,open,0.0
bidisperse_a0.005_sr0.667_x1.5_N4000_L24_T400000_seed1_cont2_dense500.npz,1.5,1,500,0,12,grow,1900.0
bidisperse_a0.005_sr0.667_x1.5_N4000_L24_T400000_seed1_cont2_dense500.npz,1.5,1,500,0,11,grow,1800.0
bidisperse_a0.005_sr0.667_x1.5_N4000_L24_T400000_seed1_cont2_dense500.npz,1.5,1,500,0,11,shrink,1000.0
bidisperse_a0.005_sr0.667_x1.5_N4000_L24_T400000_seed1_cont2_dense500.npz,1.5,1,500,0,11,grow,900.0
bidisperse_a0.005_sr0.667_x1.5_N4000_L24_T400000_seed1_cont2_dense500.npz,1.5,1,500,0,10,shrink,100.0
bidisperse_a0.005_sr0.667_x1.5_N4000_L24_T400000_seed1_cont2_dense500.npz,1.5,1,500,0,10,grow,50.0
bidisperse_a0.005_sr0.667_x1.5_N4000_L24_T400000_seed1_cont2_dense500.npz,1.5,1,500,0,9,grow,50.0
bidisperse_a0.005_sr0.667_x1.5_N4000_L24_T400000_seed1_cont2_dense500.npz,1.5,1,500,0,9,absorbed,200.0
bidisperse_a0.005_sr0.667_x1.5_N4000_L24_T400000_seed1_cont2_dense500.npz,1.5,1,500,0,9,grow,2250.0
bidisperse_a0.005_sr0.667_x1.5_N4000_L24_T400000_seed1_cont2_dense500.npz,1.5,1,500,0,9,grow,1450.0
bidisperse_a0.005_sr0.667_x1.5_N4000_L24_T400000_seed1_cont2_dense500.npz,1.5,1,500,0,8,shrink,800.0
bidisperse_a0.005_sr0.667_x1.5_N4000_L24_T400000_seed1_cont2_dense500.npz,1.5,1,500,0,7,shrink,400.0
bidisperse_a0.005_sr0.667_x1.5_N4000_L24_T400000_seed1_cont2_dense500.npz,1.5,1,500,0,7,shrink,700.0
bidisperse_a0.005_sr0.667_x1.5_N4000_L24_T400000_seed1_cont2_dense500.npz,1.5,1,500,0,7,grow,1050.0
bidisperse_a0.005_sr0.667_x1.5_N4000_L24_T400000_seed1_cont2_dense500.npz,1.5,1,500,0,7,grow,400.0
bidisperse_a0.005_sr0.667_x1.5_N4000_L24_T400000_seed1_cont2_dense500.npz,1.5,1,500,0,7,grow,350.0
bidisperse_a0.005_sr0.667_x1.5_N4000_L24_T400000_seed1_cont2_dense500.npz,1.5,1,500,0,6,grow,2650.0
bidisperse_a0.005_sr0.667_x1.5_N4000_L24_T400000_seed1_cont2_dense500.npz,1.5,1,500,0,6,shrink,400.0
bidisperse_a0.005_sr0.667_x1.5_N4000_L24_T400000_seed1_cont2_dense500.npz,1.5,1,500,0,6,shrink,300.0
bidisperse_a0.005_sr0.667_x1.5_N4000_L24_T400000_seed1_cont2_dense500.npz,1.5,1,500,0,5,shrink,550.0
bidisperse_a0.005_sr0.667_x1.5_N4000_L24_T400000_seed1_cont2_dense500.npz,1.5,1,500,0,5,shrink,300.0
bidisperse_a0.005_sr0.667_x1.5_N4000_L24_T400000_seed1_cont2_dense500.npz,1.5,1,500,0,5,shrink,300.0
bidisperse_a0.005_sr0.667_x1.5_N4000_L24_T400000_seed1_cont2_dense500.npz,1.5,1,500,0,5,absorbed,200.0
bidisperse_a0.005_sr0.667_x1.5_N4000_L24_T400000_seed1_cont2_dense500.npz,1.5,1,500,0,5,shrink,700.0
bidisperse_a0.005_sr0.667_x1.5_N4000_L24_T400000_seed1_cont2_dense500.npz,1.5,1,500,0,5,shrink,200.0
bidisperse_a0.005_sr0.667_x1.5_N4000_L24_T400000_seed1_cont2_dense500.npz,1.5,1,500,0,5,shrink,150.0
bidisperse_a0.005_sr0.667_x1.5_N4000_L24_T400000_seed1_cont2_dense500.npz,1.5,1,500,0,5,shrink,950.0
bidisperse_a0.005_sr0.667_x1.5_N4000_L24_T400000_seed1_cont2_dense500.npz,1.5,1,500,0,5,absorbed,2900.0
bidisperse_a0.005_sr0.667_x1.5_N4000_L24_T400000_seed1_cont2_dense500.npz,1.5,1,500,0,5,shrink,600.0
bidisperse_a0.005_sr0.667_x1.5_N4000_L24_T400000_seed1_cont2_dense500.npz,1.5,1,500,0,5,shrink,200.0
bidisperse_a0.005_sr0.667_x1.5_N4000_L24_T400000_seed1_cont2_dense500.npz,1.5,1,500,0,5,shrink,250.0
bidisperse_a0.005_sr0.667_x1.5_N4000_L24_T400000_seed1_cont2_dense500.npz,1.5,1,500,0,4,grow,500.0
bidisperse_a0.005_sr0.667_x1.5_N4000_L24_T400000_seed1_cont2_dense500.npz,1.5,1,500,0,4,shrink,1350.0
bidisperse_a0.005_sr0.667_x1.5_N4000_L24_T400000_seed1_cont2_dense500.npz,1.5,1,500,0,4,shrink,1100.0
bidisperse_a0.005_sr0.667_x1.5_N4000_L24_T400000_seed1_cont2_dense500.npz,1.5,1,500,0,4,shrink,100.0
bidisperse_a0.005_sr0.667_x1.5_N4000_L24_T400000_seed1_cont2_dense500.npz,1.5,1,500,0,4,shrink,800.0
bidisperse_a0.005_sr0.667_x1.5_N4000_L24_T400000_seed1_cont2_dense500.npz,1.5,1,500,0,4,shrink,300.0
bidisperse_a0.005_sr0.667_x1.5_N4000_L24_T400000_seed1_cont2_dense500.npz,1.5,1,500,0,4,shrink,100.0
bidisperse_a0.005_sr0.667_x1.5_N4000_L24_T400000_seed1_cont2_dense500.npz,1.5,1,500,0,4,shrink,50.0
bidisperse_a0.005_sr0.667_x1.5_N4000_L24_T400000_seed1_cont2_dense500.npz,1.5,1,500,0,4,shrink,900.0
bidisperse_a0.005_sr0.667_x1.5_N4000_L24_T400000_seed1_cont2_dense500.npz,1.5,1,500,0,4,shrink,1000.0
bidisperse_a0.005_sr0.667_x1.5_N4000_L24_T400000_seed1_cont2_dense500.npz,1.5,1,500,0,3,shrink,350.0
bidisperse_a0.005_sr0.667_x1.5_N4000_L24_T400000_seed1_cont2_dense500.npz,1.5,1,500,0,3,shrink,50.0
bidisperse_a0.005_sr0.667_x1.5_N4000_L24_T400000_seed1_cont2_dense500.npz,1.5,1,500,0,3,shrink,100.0
bidisperse_a0.005_sr0.667_x1.5_N4000_L24_T400000_seed1_cont2_dense500.npz,1.5,1,500,0,3,shrink,200.0
bidisperse_a0.005_sr0.667_x1.5_N4000_L24_T400000_seed1_cont2_dense500.npz,1.5,1,500,0,3,shrink,500.0
bidisperse_a0.005_sr0.667_x1.5_N4000_L24_T400000_seed1_cont2_dense500.npz,1.5,1,500,0,3,shrink,100.0
bidisperse_a0.005_sr0.667_x1.5_N4000_L24_T400000_seed1_cont2_dense500.npz,1.5,1,500,0,3,shrink,150.0
bidisperse_a0.005_sr0.667_x1.5_N4000_L24_T400000_seed1_cont2_dense500.npz,1.5,1,500,0,3,shrink,200.0
bidisperse_a0.005_sr0.667_x1.5_N4000_L24_T400000_seed1_cont2_dense500.npz,1.5,1,500,0,3,grow,900.0
bidisperse_a0.005_sr0.667_x1.5_N4000_L24_T400000_seed1_cont2_dense500.npz,1.5,1,500,0,3,absorbed,2900.0
bidisperse_a0.005_sr0.667_x1.5_N4000_L24_T400000_seed1_cont2_dense500.npz,1.5,1,500,0,3,shrink,50.0
bidisperse_a0.005_sr0.667_x1.5_N4000_L24_T400000_seed1_cont2_dense500.npz,1.5,1,500,0,3,shrink,700.0
bidisperse_a0.005_sr0.667_x1.5_N4000_L24_T400000_seed1_cont2_dense500.npz,1.5,1,500,0,3,shrink,50.0
bidisperse_a0.005_sr0.667_x1.5_N4000_L24_T400000_seed1_cont2_dense500.npz,1.5,1,500,0,3,shrink,50.0
bidisperse_a0.005_sr0.667_x1.5_N4000_L24_T400000_seed1_cont2_dense500.npz,1.5,1,500,0,3,shrink,50.0
bidisperse_a0.005_sr0.667_x1.5_N4000_L24_T400000_seed1_cont2_dense500.npz,1.5,1,500,0,3,shrink,50.0
bidisperse_a0.005_sr0.667_x1.5_N4000_L24_T400000_seed1_cont2_dense500.npz,1.5,1,500,0,3,shrink,100.0
bidisperse_a0.005_sr0.667_x1.5_N4000_L24_T400000_seed1_cont2_dense500.npz,1.5,1,500,0,3,shrink,1000.0
bidisperse_a0.005_sr0.667_x1.5_N4000_L24_T400000_seed1_cont2_dense500.npz,1.5,1,500,0,3,shrink,50.0
bidisperse_a0.005_sr0.667_x1.5_N4000_L24_T400000_seed1_cont2_dense500.npz,1.5,1,500,0,3,shrink,50.0
bidisperse_a0.005_sr0.667_x1.5_N4000_L24_T400000_seed1_cont2_dense500.npz,1.5,1,500,0,3,shrink,700.0
bidisperse_a0.005_sr0.667_x1.5_N4000_L24_T400000_seed1_cont2_dense500.npz,1.5,1,500,1,153,grow,50.0
bidisperse_a0.005_sr0.667_x1.5_N4000_L24_T400000_seed1_cont2_dense500.npz,1.5,1,500,1,70,grow,50.0
bidisperse_a0.005_sr0.667_x1.5_N4000_L24_T400000_seed1_cont2_dense500.npz,1.5,1,500,1,26,grow,50.0
bidisperse_a0.005_sr0.667_x1.5_N4000_L24_T400000_seed1_cont2_dense500.npz,1.5,1,500,1,25,grow,50.0
bidisperse_a0.005_sr0.667_x1.5_N4000_L24_T400000_seed1_cont2_dense500.npz,1.5,1,500,1,22,shrink,600.0
bidisperse_a0.005_sr0.667_x1.5_N4000_L24_T400000_seed1_cont2_dense500.npz,1.5,1,500,1,17,grow,200.0
bidisperse_a0.005_sr0.667_x1.5_N4000_L24_T400000_seed1_cont2_dense500.npz,1.5,1,500,1,17,open,0.0
bidisperse_a0.005_sr0.667_x1.5_N4000_L24_T400000_seed1_cont2_dense500.npz,1.5,1,500,1,14,absorbed,50.0
bidisperse_a0.005_sr0.667_x1.5_N4000_L24_T400000_seed1_cont2_dense500.npz,1.5,1,500,1,13,grow,150.0
bidisperse_a0.005_sr0.667_x1.5_N4000_L24_T400000_seed1_cont2_dense500.npz,1.5,1,500,1,12,grow,50.0
bidisperse_a0.005_sr0.667_x1.5_N4000_L24_T400000_seed1_cont2_dense500.npz,1.5,1,500,1,12,shrink,1250.0
bidisperse_a0.005_sr0.667_x1.5_N4000_L24_T400000_seed1_cont2_dense500.npz,1.5,1,500,1,11,open,0.0
bidisperse_a0.005_sr0.667_x1.5_N4000_L24_T400000_seed1_cont2_dense500.npz,1.5,1,500,1,11,open,0.0
bidisperse_a0.005_sr0.667_x1.5_N4000_L24_T400000_seed1_cont2_dense500.npz,1.5,1,500,1,11,grow,1700.0
bidisperse_a0.005_sr0.667_x1.5_N4000_L24_T400000_seed1_cont2_dense500.npz,1.5,1,500,1,10,shrink,850.0
bidisperse_a0.005_sr0.667_x1.5_N4000_L24_T400000_seed1_cont2_dense500.npz,1.5,1,500,1,10,grow,50.0
bidisperse_a0.005_sr0.667_x1.5_N4000_L24_T400000_seed1_cont2_dense500.npz,1.5,1,500,1,9,grow,50.0
bidisperse_a0.005_sr0.667_x1.5_N4000_L24_T400000_seed1_cont2_dense500.npz,1.5,1,500,1,9,absorbed,300.0
bidisperse_a0.005_sr0.667_x1.5_N4000_L24_T400000_seed1_cont2_dense500.npz,1.5,1,500,1,9,shrink,1100.0
bidisperse_a0.005_sr0.667_x1.5_N4000_L24_T400000_seed1_cont2_dense500.npz,1.5,1,500,1,9,shrink,350.0
bidisperse_a0.005_sr0.667_x1.5_N4000_L24_T400000_seed1_cont2_dense500.npz,1.5,1,500,1,8,shrink,700.0
bidisperse_a0.005_sr0.667_x1.5_N4000_L24_T400000_seed1_cont2_dense500.npz,1.5,1,500,1,7,shrink,50.0
bidisperse_a0.005_sr0.667_x1.5_N4000_L24_T400000_seed1_cont2_dense500.npz,1.5,1,500,1,7,shrink,500.0
bidisperse_a0.005_sr0.667_x1.5_N4000_L24_T400000_seed1_cont2_dense500.npz,1.5,1,500,1,7,grow,500.0
bidisperse_a0.005_sr0.667_x1.5_N4000_L24_T400000_seed1_cont2_dense500.npz,1.5,1,500,1,7,grow,350.0
bidisperse_a0.005_sr0.667_x1.5_N4000_L24_T400000_seed1_cont2_dense500.npz,1.5,1,500,1,7,shrink,100.0
bidisperse_a0.005_sr0.667_x1.5_N4000_L24_T400000_seed1_cont2_dense500.npz,1.5,1,500,1,6,grow,1600.0
bidisperse_a0.005_sr0.667_x1.5_N4000_L24_T400000_seed1_cont2_dense500.npz,1.5,1,500,1,6,shrink,300.0
bidisperse_a0.005_sr0.667_x1.5_N4000_L24_T400000_seed1_cont2_dense500.npz,1.5,1,500,1,6,shrink,550.0
bidisperse_a0.005_sr0.667_x1.5_N4000_L24_T400000_seed1_cont2_dense500.npz,1.5,1,500,1,5,shrink,800.0
bidisperse_a0.005_sr0.667_x1.5_N4000_L24_T400000_seed1_cont2_dense500.npz,1.5,1,500,1,5,shrink,50.0
bidisperse_a0.005_sr0.667_x1.5_N4000_L24_T400000_seed1_cont2_dense500.npz,1.5,1,500,1,5,grow,450.0
bidisperse_a0.005_sr0.667_x1.5_N4000_L24_T400000_seed1_cont2_dense500.npz,1.5,1,500,1,5,absorbed,150.0
bidisperse_a0.005_sr0.667_x1.5_N4000_L24_T400000_seed1_cont2_dense500.npz,1.5,1,500,1,5,shrink,300.0
bidisperse_a0.005_sr0.667_x1.5_N4000_L24_T400000_seed1_cont2_dense500.npz,1.5,1,500,1,5,shrink,300.0
bidisperse_a0.005_sr0.667_x1.5_N4000_L24_T400000_seed1_cont2_dense500.npz,1.5,1,500,1,5,grow,150.0
bidisperse_a0.005_sr0.667_x1.5_N4000_L24_T400000_seed1_cont2_dense500.npz,1.5,1,500,1,5,open,0.0
bidisperse_a0.005_sr0.667_x1.5_N4000_L24_T400000_seed1_cont2_dense500.npz,1.5,1,500,1,5,shrink,700.0
bidisperse_a0.005_sr0.667_x1.5_N4000_L24_T400000_seed1_cont2_dense500.npz,1.5,1,500,1,5,shrink,2100.0
bidisperse_a0.005_sr0.667_x1.5_N4000_L24_T400000_seed1_cont2_dense500.npz,1.5,1,500,1,5,grow,1800.0
bidisperse_a0.005_sr0.667_x1.5_N4000_L24_T400000_seed1_cont2_dense500.npz,1.5,1,500,1,5,shrink,800.0
bidisperse_a0.005_sr0.667_x1.5_N4000_L24_T400000_seed1_cont2_dense500.npz,1.5,1,500,1,4,grow,1600.0
bidisperse_a0.005_sr0.667_x1.5_N4000_L24_T400000_seed1_cont2_dense500.npz,1.5,1,500,1,4,shrink,200.0
bidisperse_a0.005_sr0.667_x1.5_N4000_L24_T400000_seed1_cont2_dense500.npz,1.5,1,500,1,4,shrink,350.0
bidisperse_a0.005_sr0.667_x1.5_N4000_L24_T400000_seed1_cont2_dense500.npz,1.5,1,500,1,4,shrink,2050.0
bidisperse_a0.005_sr0.667_x1.5_N4000_L24_T400000_seed1_cont2_dense500.npz,1.5,1,500,1,4,shrink,700.0
bidisperse_a0.005_sr0.667_x1.5_N4000_L24_T400000_seed1_cont2_dense500.npz,1.5,1,500,1,4,shrink,400.0
bidisperse_a0.005_sr0.667_x1.5_N4000_L24_T400000_seed1_cont2_dense500.npz,1.5,1,500,1,4,shrink,150.0
bidisperse_a0.005_sr0.667_x1.5_N4000_L24_T400000_seed1_cont2_dense500.npz,1.5,1,500,1,4,shrink,200.0
bidisperse_a0.005_sr0.667_x1.5_N4000_L24_T400000_seed1_cont2_dense500.npz,1.5,1,500,1,4,shrink,1200.0
bidisperse_a0.005_sr0.667_x1.5_N4000_L24_T400000_seed1_cont2_dense500.npz,1.5,1,500,1,4,shrink,200.0
bidisperse_a0.005_sr0.667_x1.5_N4000_L24_T400000_seed1_cont2_dense500.npz,1.5,1,500,1,3,shrink,50.0
bidisperse_a0.005_sr0.667_x1.5_N4000_L24_T400000_seed1_cont2_dense500.npz,1.5,1,500,1,3,shrink,100.0
bidisperse_a0.005_sr0.667_x1.5_N4000_L24_T400000_seed1_cont2_dense500.npz,1.5,1,500,1,3,shrink,50.0
bidisperse_a0.005_sr0.667_x1.5_N4000_L24_T400000_seed1_cont2_dense500.npz,1.5,1,500,1,3,shrink,450.0
bidisperse_a0.005_sr0.667_x1.5_N4000_L24_T400000_seed1_cont2_dense500.npz,1.5,1,500,1,3,shrink,200.0
bidisperse_a0.005_sr0.667_x1.5_N4000_L24_T400000_seed1_cont2_dense500.npz,1.5,1,500,1,3,shrink,50.0
bidisperse_a0.005_sr0.667_x1.5_N4000_L24_T400000_seed1_cont2_dense500.npz,1.5,1,500,1,3,shrink,200.0
bidisperse_a0.005_sr0.667_x1.5_N4000_L24_T400000_seed1_cont2_dense500.npz,1.5,1,500,1,3,shrink,100.0
bidisperse_a0.005_sr0.667_x1.5_N4000_L24_T400000_seed1_cont2_dense500.npz,1.5,1,500,1,3,shrink,50.0
bidisperse_a0.005_sr0.667_x1.5_N4000_L24_T400000_seed1_cont2_dense500.npz,1.5,1,500,1,3,shrink,150.0
bidisperse_a0.005_sr0.667_x1.5_N4000_L24_T400000_seed1_cont2_dense500.npz,1.5,1,500,1,3,shrink,50.0
bidisperse_a0.005_sr0.667_x1.5_N4000_L24_T400000_seed1_cont2_dense500.npz,1.5,1,500,1,3,grow,2150.0
bidisperse_a0.005_sr0.667_x1.5_N4000_L24_T400000_seed1_cont2_dense500.npz,1.5,1,500,1,3,shrink,100.0
bidisperse_a0.005_sr0.667_x1.5_N4000_L24_T400000_seed1_cont2_dense500.npz,1.5,1,500,1,3,shrink,100.0
bidisperse_a0.005_sr0.667_x1.5_N4000_L24_T400000_seed1_cont2_dense500.npz,1.5,1,500,1,3,shrink,50.0
bidisperse_a0.005_sr0.667_x1.5_N4000_L24_T400000_seed1_cont2_dense500.npz,1.5,1,500,1,3,shrink,50.0
bidisperse_a0.005_sr0.667_x1.5_N4000_L24_T400000_seed1_cont2_dense500.npz,1.5,1,500,1,3,shrink,300.0
bidisperse_a0.005_sr0.667_x1.5_N4000_L24_T400000_seed1_cont2_dense500.npz,1.5,1,500,1,3,open,0.0
bidisperse_a0.005_sr0.667_x1.5_N4000_L24_T400000_seed1_cont2_dense500.npz,1.5,1,500,1,3,shrink,1100.0
bidisperse_a0.005_sr0.667_x1.5_N4000_L24_T400000_seed1_cont2_dense500.npz,1.5,1,500,1,3,shrink,1150.0
bidisperse_a0.005_sr0.667_x1.5_N4000_L24_T400000_seed1_cont2_dense500.npz,1.5,1,500,1,3,grow,2150.0
bidisperse_a0.005_sr0.667_x1.5_N4000_L24_T400000_seed1_cont2_dense500.npz,1.5,1,500,3,153,grow,50.0
bidisperse_a0.005_sr0.667_x1.5_N4000_L24_T400000_seed1_cont2_dense500.npz,1.5,1,500,3,70,grow,50.0
bidisperse_a0.005_sr0.667_x1.5_N4000_L24_T400000_seed1_cont2_dense500.npz,1.5,1,500,3,26,grow,50.0
bidisperse_a0.005_sr0.667_x1.5_N4000_L24_T400000_seed1_cont2_dense500.npz,1.5,1,500,3,25,grow,50.0
bidisperse_a0.005_sr0.667_x1.5_N4000_L24_T400000_seed1_cont2_dense500.npz,1.5,1,500,3,22,grow,50.0
bidisperse_a0.005_sr0.667_x1.5_N4000_L24_T400000_seed1_cont2_dense500.npz,1.5,1,500,3,17,grow,200.0
bidisperse_a0.005_sr0.667_x1.5_N4000_L24_T400000_seed1_cont2_dense500.npz,1.5,1,500,3,17,grow,250.0
bidisperse_a0.005_sr0.667_x1.5_N4000_L24_T400000_seed1_cont2_dense500.npz,1.5,1,500,3,14,shrink,2400.0
bidisperse_a0.005_sr0.667_x1.5_N4000_L24_T400000_seed1_cont2_dense500.npz,1.5,1,500,3,13,grow,200.0
bidisperse_a0.005_sr0.667_x1.5_N4000_L24_T400000_seed1_cont2_dense500.npz,1.5,1,500,3,12,grow,100.0
bidisperse_a0.005_sr0.667_x1.5_N4000_L24_T400000_seed1_cont2_dense500.npz,1.5,1,500,3,12,shrink,2400.0
bidisperse_a0.005_sr0.667_x1.5_N4000_L24_T400000_seed1_cont2_dense500.npz,1.5,1,500,3,11,open,0.0
bidisperse_a0.005_sr0.667_x1.5_N4000_L24_T400000_seed1_cont2_dense500.npz,1.5,1,500,3,11,shrink,2800.0
bidisperse_a0.005_sr0.667_x1.5_N4000_L24_T400000_seed1_cont2_dense500.npz,1.5,1,500,3,11,grow,950.0
bidisperse_a0.005_sr0.667_x1.5_N4000_L24_T400000_seed1_cont2_dense500.npz,1.5,1,500,3,10,shrink,550.0
bidisperse_a0.005_sr0.667_x1.5_N4000_L24_T400000_seed1_cont2_dense500.npz,1.5,1,500,3,10,grow,100.0
bidisperse_a0.005_sr0.667_x1.5_N4000_L24_T400000_seed1_cont2_dense500.npz,1.5,1,500,3,9,grow,100.0
bidisperse_a0.005_sr0.667_x1.5_N4000_L24_T400000_seed1_cont2_dense500.npz,1.5,1,500,3,9,absorbed,200.0
bidisperse_a0.005_sr0.667_x1.5_N4000_L24_T400000_seed1_cont2_dense500.npz,1.5,1,500,3,9,shrink,1250.0
bidisperse_a0.005_sr0.667_x1.5_N4000_L24_T400000_seed1_cont2_dense500.npz,1.5,1,500,3,9,shrink,2400.0
bidisperse_a0.005_sr0.667_x1.5_N4000_L24_T400000_seed1_cont2_dense500.npz,1.5,1,500,3,8,absorbed,1450.0
bidisperse_a0.005_sr0.667_x1.5_N4000_L24_T400000_seed1_cont2_dense500.npz,1.5,1,500,3,7,shrink,800.0
bidisperse_a0.005_sr0.667_x1.5_N4000_L24_T400000_seed1_cont2_dense500.npz,1.5,1,500,3,7,shrink,500.0
bidisperse_a0.005_sr0.667_x1.5_N4000_L24_T400000_seed1_cont2_dense500.npz,1.5,1,500,3,7,shrink,600.0
bidisperse_a0.005_sr0.667_x1.5_N4000_L24_T400000_seed1_cont2_dense500.npz,1.5,1,500,3,7,grow,650.0
bidisperse_a0.005_sr0.667_x1.5_N4000_L24_T400000_seed1_cont2_dense500.npz,1.5,1,500,3,7,grow,450.0
bidisperse_a0.005_sr0.667_x1.5_N4000_L24_T400000_seed1_cont2_dense500.npz,1.5,1,500,3,6,shrink,2550.0
bidisperse_a0.005_sr0.667_x1.5_N4000_L24_T400000_seed1_cont2_dense500.npz,1.5,1,500,3,6,shrink,1200.0
bidisperse_a0.005_sr0.667_x1.5_N4000_L24_T400000_seed1_cont2_dense500.npz,1.5,1,500,3,6,shrink,550.0
bidisperse_a0.005_sr0.667_x1.5_N4000_L24_T400000_seed1_cont2_dense500.npz,1.5,1,500,3,5,shrink,700.0
bidisperse_a0.005_sr0.667_x1.5_N4000_L24_T400000_seed1_cont2_dense500.npz,1.5,1,500,3,5,shrink,200.0
bidisperse_a0.005_sr0.667_x1.5_N4000_L24_T400000_seed1_cont2_dense500.npz,1.5,1,500,3,5,shrink,350.0
bidisperse_a0.005_sr0.667_x1.5_N4000_L24_T400000_seed1_cont2_dense500.npz,1.5,1,500,3,5,absorbed,200.0
bidisperse_a0.005_sr0.667_x1.5_N4000_L24_T400000_seed1_cont2_dense500.npz,1.5,1,500,3,5,shrink,850.0
bidisperse_a0.005_sr0.667_x1.5_N4000_L24_T400000_seed1_cont2_dense500.npz,1.5,1,500,3,5,shrink,200.0
bidisperse_a0.005_sr0.667_x1.5_N4000_L24_T400000_seed1_cont2_dense500.npz,1.5,1,500,3,5,grow,200.0
bidisperse_a0.005_sr0.667_x1.5_N4000_L24_T400000_seed1_cont2_dense500.npz,1.5,1,500,3,5,shrink,750.0
bidisperse_a0.005_sr0.667_x1.5_N4000_L24_T400000_seed1_cont2_dense500.npz,1.5,1,500,3,5,shrink,150.0
bidisperse_a0.005_sr0.667_x1.5_N4000_L24_T400000_seed1_cont2_dense500.npz,1.5,1,500,3,5,shrink,2400.0
bidisperse_a0.005_sr0.667_x1.5_N4000_L24_T400000_seed1_cont2_dense500.npz,1.5,1,500,3,5,shrink,250.0
bidisperse_a0.005_sr0.667_x1.5_N4000_L24_T400000_seed1_cont2_dense500.npz,1.5,1,500,3,5,shrink,500.0
bidisperse_a0.005_sr0.667_x1.5_N4000_L24_T400000_seed1_cont2_dense500.npz,1.5,1,500,3,4,grow,300.0
bidisperse_a0.005_sr0.667_x1.5_N4000_L24_T400000_seed1_cont2_dense500.npz,1.5,1,500,3,4,shrink,400.0
bidisperse_a0.005_sr0.667_x1.5_N4000_L24_T400000_seed1_cont2_dense500.npz,1.5,1,500,3,4,shrink,2550.0
bidisperse_a0.005_sr0.667_x1.5_N4000_L24_T400000_seed1_cont2_dense500.npz,1.5,1,500,3,4,grow,600.0
bidisperse_a0.005_sr0.667_x1.5_N4000_L24_T400000_seed1_cont2_dense500.npz,1.5,1,500,3,4,absorbed,1450.0
bidisperse_a0.005_sr0.667_x1.5_N4000_L24_T400000_seed1_cont2_dense500.npz,1.5,1,500,3,4,shrink,200.0
bidisperse_a0.005_sr0.667_x1.5_N4000_L24_T400000_seed1_cont2_dense500.npz,1.5,1,500,3,4,shrink,50.0
bidisperse_a0.005_sr0.667_x1.5_N4000_L24_T400000_seed1_cont2_dense500.npz,1.5,1,500,3,4,shrink,50.0
bidisperse_a0.005_sr0.667_x1.5_N4000_L24_T400000_seed1_cont2_dense500.npz,1.5,1,500,3,4,shrink,1500.0
bidisperse_a0.005_sr0.667_x1.5_N4000_L24_T400000_seed1_cont2_dense500.npz,1.5,1,500,3,4,shrink,650.0
bidisperse_a0.005_sr0.667_x1.5_N4000_L24_T400000_seed1_cont2_dense500.npz,1.5,1,500,3,3,shrink,200.0
bidisperse_a0.005_sr0.667_x1.5_N4000_L24_T400000_seed1_cont2_dense500.npz,1.5,1,500,3,3,shrink,100.0
bidisperse_a0.005_sr0.667_x1.5_N4000_L24_T400000_seed1_cont2_dense500.npz,1.5,1,500,3,3,shrink,50.0
bidisperse_a0.005_sr0.667_x1.5_N4000_L24_T400000_seed1_cont2_dense500.npz,1.5,1,500,3,3,shrink,100.0
bidisperse_a0.005_sr0.667_x1.5_N4000_L24_T400000_seed1_cont2_dense500.npz,1.5,1,500,3,3,shrink,350.0
bidisperse_a0.005_sr0.667_x1.5_N4000_L24_T400000_seed1_cont2_dense500.npz,1.5,1,500,3,3,shrink,50.0
bidisperse_a0.005_sr0.667_x1.5_N4000_L24_T400000_seed1_cont2_dense500.npz,1.5,1,500,3,3,shrink,400.0
bidisperse_a0.005_sr0.667_x1.5_N4000_L24_T400000_seed1_cont2_dense500.npz,1.5,1,500,3,3,shrink,300.0
bidisperse_a0.005_sr0.667_x1.5_N4000_L24_T400000_seed1_cont2_dense500.npz,1.5,1,500,3,3,shrink,100.0
bidisperse_a0.005_sr0.667_x1.5_N4000_L24_T400000_seed1_cont2_dense500.npz,1.5,1,500,3,3,open,0.0
bidisperse_a0.005_sr0.667_x1.5_N4000_L24_T400000_seed1_cont2_dense500.npz,1.5,1,500,3,3,absorbed,100.0
bidisperse_a0.005_sr0.667_x1.5_N4000_L24_T400000_seed1_cont2_dense500.npz,1.5,1,500,3,3,shrink,850.0
bidisperse_a0.005_sr0.667_x1.5_N4000_L24_T400000_seed1_cont2_dense500.npz,1.5,1,500,3,3,shrink,350.0
bidisperse_a0.005_sr0.667_x1.5_N4000_L24_T400000_seed1_cont2_dense500.npz,1.5,1,500,3,3,shrink,250.0
bidisperse_a0.005_sr0.667_x1.5_N4000_L24_T400000_seed1_cont2_dense500.npz,1.5,1,500,3,3,shrink,100.0
bidisperse_a0.005_sr0.667_x1.5_N4000_L24_T400000_seed1_cont2_dense500.npz,1.5,1,500,3,3,shrink,50.0
bidisperse_a0.005_sr0.667_x1.5_N4000_L24_T400000_seed1_cont2_dense500.npz,1.5,1,500,3,3,shrink,350.0
bidisperse_a0.005_sr0.667_x1.5_N4000_L24_T400000_seed1_cont2_dense500.npz,1.5,1,500,3,3,shrink,100.0
bidisperse_a0.005_sr0.667_x1.5_N4000_L24_T400000_seed1_cont2_dense500.npz,1.5,1,500,3,3,grow,1200.0
bidisperse_a0.005_sr0.667_x1.5_N4000_L24_T400000_seed1_cont2_dense500.npz,1.5,1,500,3,3,shrink,650.0
bidisperse_a0.005_sr0.667_x1.5_N4000_L24_T400000_seed1_cont2_dense500.npz,1.5,1,500,3,3,shrink,850.0
bidisperse_a0.005_sr0.667_x1.5_N4000_L24_T400000_seed1_cont2_dense500.npz,1.5,1,500,2,153,grow,50.0
bidisperse_a0.005_sr0.667_x1.5_N4000_L24_T400000_seed1_cont2_dense500.npz,1.5,1,500,2,70,grow,50.0
bidisperse_a0.005_sr0.667_x1.5_N4000_L24_T400000_seed1_cont2_dense500.npz,1.5,1,500,2,26,grow,50.0
bidisperse_a0.005_sr0.667_x1.5_N4000_L24_T400000_seed1_cont2_dense500.npz,1.5,1,500,2,25,grow,50.0
bidisperse_a0.005_sr0.667_x1.5_N4000_L24_T400000_seed1_cont2_dense500.npz,1.5,1,500,2,22,grow,50.0
bidisperse_a0.005_sr0.667_x1.5_N4000_L24_T400000_seed1_cont2_dense500.npz,1.5,1,500,2,17,grow,100.0
bidisperse_a0.005_sr0.667_x1.5_N4000_L24_T400000_seed1_cont2_dense500.npz,1.5,1,500,2,17,shrink,2600.0
bidisperse_a0.005_sr0.667_x1.5_N4000_L24_T400000_seed1_cont2_dense500.npz,1.5,1,500,2,14,absorbed,150.0
bidisperse_a0.005_sr0.667_x1.5_N4000_L24_T400000_seed1_cont2_dense500.npz,1.5,1,500,2,13,absorbed,200.0
bidisperse_a0.005_sr0.667_x1.5_N4000_L24_T400000_seed1_cont2_dense500.npz,1.5,1,500,2,12,grow,50.0
bidisperse_a0.005_sr0.667_x1.5_N4000_L24_T400000_seed1_cont2_dense500.npz,1.5,1,500,2,12,shrink,550.0
bidisperse_a0.005_sr0.667_x1.5_N4000_L24_T400000_seed1_cont2_dense500.npz,1.5,1,500,2,11,grow,1600.0
bidisperse_a0.005_sr0.667_x1.5_N4000_L24_T400000_seed1_cont2_dense500.npz,1.5,1,500,2,11,shrink,1750.0
bidisperse_a0.005_sr0.667_x1.5_N4000_L24_T400000_seed1_cont2_dense500.npz,1.5,1,500,2,11,grow,1800.0
bidisperse_a0.005_sr0.667_x1.5_N4000_L24_T400000_seed1_cont2_dense500.npz,1.5,1,500,2,10,shrink,500.0
bidisperse_a0.005_sr0.667_x1.5_N4000_L24_T400000_seed1_cont2_dense500.npz,1.5,1,500,2,10,grow,100.0
bidisperse_a0.005_sr0.667_x1.5_N4000_L24_T400000_seed1_cont2_dense500.npz,1.5,1,500,2,9,grow,50.0
bidisperse_a0.005_sr0.667_x1.5_N4000_L24_T400000_seed1_cont2_dense500.npz,1.5,1,500,2,9,absorbed,200.0
bidisperse_a0.005_sr0.667_x1.5_N4000_L24_T400000_seed1_cont2_dense500.npz,1.5,1,500,2,9,shrink,900.0
bidisperse_a0.005_sr0.667_x1.5_N4000_L24_T400000_seed1_cont2_dense500.npz,1.5,1,500,2,9,shrink,900.0
bidisperse_a0.005_sr0.667_x1.5_N4000_L24_T400000_seed1_cont2_dense500.npz,1.5,1,500,2,8,shrink,1000.0
bidisperse_a0.005_sr0.667_x1.5_N4000_L24_T400000_seed1_cont2_dense500.npz,1.5,1,500,2,7,shrink,250.0
bidisperse_a0.005_sr0.667_x1.5_N4000_L24_T400000_seed1_cont2_dense500.npz,1.5,1,500,2,7,shrink,400.0
bidisperse_a0.005_sr0.667_x1.5_N4000_L24_T400000_seed1_cont2_dense500.npz,1.5,1,500,2,7,grow,500.0
bidisperse_a0.005_sr0.667_x1.5_N4000_L24_T400000_seed1_cont2_dense500.npz,1.5,1,500,2,7,absorbed,700.0
bidisperse_a0.005_sr0.667_x1.5_N4000_L24_T400000_seed1_cont2_dense500.npz,1.5,1,500,2,7,grow,200.0
bidisperse_a0.005_sr0.667_x1.5_N4000_L24_T400000_seed1_cont2_dense500.npz,1.5,1,500,2,6,shrink,750.0
bidisperse_a0.005_sr0.667_x1.5_N4000_L24_T400000_seed1_cont2_dense500.npz,1.5,1,500,2,6,shrink,1300.0
bidisperse_a0.005_sr0.667_x1.5_N4000_L24_T400000_seed1_cont2_dense500.npz,1.5,1,500,2,6,shrink,700.0
bidisperse_a0.005_sr0.667_x1.5_N4000_L24_T400000_seed1_cont2_dense500.npz,1.5,1,500,2,5,shrink,200.0
bidisperse_a0.005_sr0.667_x1.5_N4000_L24_T400000_seed1_cont2_dense500.npz,1.5,1,500,2,5,shrink,200.0
bidisperse_a0.005_sr0.667_x1.5_N4000_L24_T400000_seed1_cont2_dense500.npz,1.5,1,500,2,5,shrink,300.0
bidisperse_a0.005_sr0.667_x1.5_N4000_L24_T400000_seed1_cont2_dense500.npz,1.5,1,500,2,5,absorbed,250.0
bidisperse_a0.005_sr0.667_x1.5_N4000_L24_T400000_seed1_cont2_dense500.npz,1.5,1,500,2,5,shrink,150.0
bidisperse_a0.005_sr0.667_x1.5_N4000_L24_T400000_seed1_cont2_dense500.npz,1.5,1,500,2,5,shrink,250.0
bidisperse_a0.005_sr0.667_x1.5_N4000_L24_T400000_seed1_cont2_dense500.npz,1.5,1,500,2,5,absorbed,200.0
bidisperse_a0.005_sr0.667_x1.5_N4000_L24_T400000_seed1_cont2_dense500.npz,1.5,1,500,2,5,shrink,900.0
bidisperse_a0.005_sr0.667_x1.5_N4000_L24_T400000_seed1_cont2_dense500.npz,1.5,1,500,2,5,shrink,100.0
bidisperse_a0.005_sr0.667_x1.5_N4000_L24_T400000_seed1_cont2_dense500.npz,1.5,1,500,2,5,shrink,700.0
bidisperse_a0.005_sr0.667_x1.5_N4000_L24_T400000_seed1_cont2_dense500.npz,1.5,1,500,2,5,shrink,150.0
bidisperse_a0.005_sr0.667_x1.5_N4000_L24_T400000_seed1_cont2_dense500.npz,1.5,1,500,2,5,shrink,100.0
bidisperse_a0.005_sr0.667_x1.5_N4000_L24_T400000_seed1_cont2_dense500.npz,1.5,1,500,2,4,grow,350.0
bidisperse_a0.005_sr0.667_x1.5_N4000_L24_T400000_seed1_cont2_dense500.npz,1.5,1,500,2,4,shrink,100.0
bidisperse_a0.005_sr0.667_x1.5_N4000_L24_T400000_seed1_cont2_dense500.npz,1.5,1,500,2,4,absorbed,1050.0
bidisperse_a0.005_sr0.667_x1.5_N4000_L24_T400000_seed1_cont2_dense500.npz,1.5,1,500,2,4,shrink,100.0
bidisperse_a0.005_sr0.667_x1.5_N4000_L24_T400000_seed1_cont2_dense500.npz,1.5,1,500,2,4,shrink,50.0
bidisperse_a0.005_sr0.667_x1.5_N4000_L24_T400000_seed1_cont2_dense500.npz,1.5,1,500,2,4,shrink,500.0
bidisperse_a0.005_sr0.667_x1.5_N4000_L24_T400000_seed1_cont2_dense500.npz,1.5,1,500,2,4,shrink,150.0
bidisperse_a0.005_sr0.667_x1.5_N4000_L24_T400000_seed1_cont2_dense500.npz,1.5,1,500,2,4,shrink,100.0
bidisperse_a0.005_sr0.667_x1.5_N4000_L24_T400000_seed1_cont2_dense500.npz,1.5,1,500,2,4,shrink,1600.0
bidisperse_a0.005_sr0.667_x1.5_N4000_L24_T400000_seed1_cont2_dense500.npz,1.5,1,500,2,4,shrink,200.0
bidisperse_a0.005_sr0.667_x1.5_N4000_L24_T400000_seed1_cont2_dense500.npz,1.5,1,500,2,3,shrink,100.0
bidisperse_a0.005_sr0.667_x1.5_N4000_L24_T400000_seed1_cont2_dense500.npz,1.5,1,500,2,3,shrink,150.0
bidisperse_a0.005_sr0.667_x1.5_N4000_L24_T400000_seed1_cont2_dense500.npz,1.5,1,500,2,3,shrink,50.0
bidisperse_a0.005_sr0.667_x1.5_N4000_L24_T400000_seed1_cont2_dense500.npz,1.5,1,500,2,3,shrink,250.0
bidisperse_a0.005_sr0.667_x1.5_N4000_L24_T400000_seed1_cont2_dense500.npz,1.5,1,500,2,3,shrink,200.0
bidisperse_a0.005_sr0.667_x1.5_N4000_L24_T400000_seed1_cont2_dense500.npz,1.5,1,500,2,3,shrink,100.0
bidisperse_a0.005_sr0.667_x1.5_N4000_L24_T400000_seed1_cont2_dense500.npz,1.5,1,500,2,3,shrink,150.0
bidisperse_a0.005_sr0.667_x1.5_N4000_L24_T400000_seed1_cont2_dense500.npz,1.5,1,500,2,3,shrink,100.0
bidisperse_a0.005_sr0.667_x1.5_N4000_L24_T400000_seed1_cont2_dense500.npz,1.5,1,500,2,3,shrink,300.0
bidisperse_a0.005_sr0.667_x1.5_N4000_L24_T400000_seed1_cont2_dense500.npz,1.5,1,500,2,3,shrink,150.0
bidisperse_a0.005_sr0.667_x1.5_N4000_L24_T400000_seed1_cont2_dense500.npz,1.5,1,500,2,3,absorbed,50.0
bidisperse_a0.005_sr0.667_x1.5_N4000_L24_T400000_seed1_cont2_dense500.npz,1.5,1,500,2,3,shrink,1300.0
bidisperse_a0.005_sr0.667_x1.5_N4000_L24_T400000_seed1_cont2_dense500.npz,1.5,1,500,2,3,shrink,200.0
bidisperse_a0.005_sr0.667_x1.5_N4000_L24_T400000_seed1_cont2_dense500.npz,1.5,1,500,2,3,shrink,50.0
bidisperse_a0.005_sr0.667_x1.5_N4000_L24_T400000_seed1_cont2_dense500.npz,1.5,1,500,2,3,shrink,50.0
bidisperse_a0.005_sr0.667_x1.5_N4000_L24_T400000_seed1_cont2_dense500.npz,1.5,1,500,2,3,shrink,50.0
bidisperse_a0.005_sr0.667_x1.5_N4000_L24_T400000_seed1_cont2_dense500.npz,1.5,1,500,2,3,shrink,100.0
bidisperse_a0.005_sr0.667_x1.5_N4000_L24_T400000_seed1_cont2_dense500.npz,1.5,1,500,2,3,shrink,1750.0
bidisperse_a0.005_sr0.667_x1.5_N4000_L24_T400000_seed1_cont2_dense500.npz,1.5,1,500,2,3,shrink,50.0
bidisperse_a0.005_sr0.667_x1.5_N4000_L24_T400000_seed1_cont2_dense500.npz,1.5,1,500,2,3,shrink,50.0
bidisperse_a0.005_sr0.667_x1.5_N4000_L24_T400000_seed1_cont2_dense500.npz,1.5,1,500,2,3,shrink,1300.0
bidisperse_a0.005_sr0.667_x1.5_N4000_L24_T400000_seed1_cont2_dense500.npz,1.5,1,500,4,153,grow,50.0
bidisperse_a0.005_sr0.667_x1.5_N4000_L24_T400000_seed1_cont2_dense500.npz,1.5,1,500,4,70,grow,50.0
bidisperse_a0.005_sr0.667_x1.5_N4000_L24_T400000_seed1_cont2_dense500.npz,1.5,1,500,4,26,grow,50.0
bidisperse_a0.005_sr0.667_x1.5_N4000_L24_T400000_seed1_cont2_dense500.npz,1.5,1,500,4,25,grow,50.0
bidisperse_a0.005_sr0.667_x1.5_N4000_L24_T400000_seed1_cont2_dense500.npz,1.5,1,500,4,22,grow,50.0
bidisperse_a0.005_sr0.667_x1.5_N4000_L24_T400000_seed1_cont2_dense500.npz,1.5,1,500,4,17,grow,50.0
bidisperse_a0.005_sr0.667_x1.5_N4000_L24_T400000_seed1_cont2_dense500.npz,1.5,1,500,4,17,grow,300.0
bidisperse_a0.005_sr0.667_x1.5_N4000_L24_T400000_seed1_cont2_dense500.npz,1.5,1,500,4,14,absorbed,50.0
bidisperse_a0.005_sr0.667_x1.5_N4000_L24_T400000_seed1_cont2_dense500.npz,1.5,1,500,4,13,absorbed,350.0
bidisperse_a0.005_sr0.667_x1.5_N4000_L24_T400000_seed1_cont2_dense500.npz,1.5,1,500,4,12,shrink,900.0
bidisperse_a0.005_sr0.667_x1.5_N4000_L24_T400000_seed1_cont2_dense500.npz,1.5,1,500,4,12,grow,1250.0
bidisperse_a0.005_sr0.667_x1.5_N4000_L24_T400000_seed1_cont2_dense500.npz,1.5,1,500,4,11,grow,1350.0
bidisperse_a0.005_sr0.667_x1.5_N4000_L24_T400000_seed1_cont2_dense500.npz,1.5,1,500,4,11,open,0.0
bidisperse_a0.005_sr0.667_x1.5_N4000_L24_T400000_seed1_cont2_dense500.npz,1.5,1,500,4,11,grow,1250.0
bidisperse_a0.005_sr0.667_x1.5_N4000_L24_T400000_seed1_cont2_dense500.npz,1.5,1,500,4,10,shrink,650.0
bidisperse_a0.005_sr0.667_x1.5_N4000_L24_T400000_seed1_cont2_dense500.npz,1.5,1,500,4,10,grow,100.0
bidisperse_a0.005_sr0.667_x1.5_N4000_L24_T400000_seed1_cont2_dense500.npz,1.5,1,500,4,9,grow,100.0
bidisperse_a0.005_sr0.667_x1.5_N4000_L24_T400000_seed1_cont2_dense500.npz,1.5,1,500,4,9,absorbed,150.0
bidisperse_a0.005_sr0.667_x1.5_N4000_L24_T400000_seed1_cont2_dense500.npz,1.5,1,500,4,9,shrink,800.0
bidisperse_a0.005_sr0.667_x1.5_N4000_L24_T400000_seed1_cont2_dense500.npz,1.5,1,500,4,9,grow,1250.0
bidisperse_a0.005_sr0.667_x1.5_N4000_L24_T400000_seed1_cont2_dense500.npz,1.5,1,500,4,8,shrink,1500.0
bidisperse_a0.005_sr0.667_x1.5_N4000_L24_T400000_seed1_cont2_dense500.npz,1.5,1,500,4,7,shrink,50.0
bidisperse_a0.005_sr0.667_x1.5_N4000_L24_T400000_seed1_cont2_dense500.npz,1.5,1,500,4,7,shrink,500.0
bidisperse_a0.005_sr0.667_x1.5_N4000_L24_T400000_seed1_cont2_dense500.npz,1.5,1,500,4,7,grow,500.0
bidisperse_a0.005_sr0.667_x1.5_N4000_L24_T400000_seed1_cont2_dense500.npz,1.5,1,500,4,7,grow,400.0
bidisperse_a0.005_sr0.667_x1.5_N4000_L24_T400000_seed1_cont2_dense500.npz,1.5,1,500,4,7,shrink,1150.0
bidisperse_a0.005_sr0.667_x1.5_N4000_L24_T400000_seed1_cont2_dense500.npz,1.5,1,500,4,6,open,0.0
bidisperse_a0.005_sr0.667_x1.5_N4000_L24_T400000_seed1_cont2_dense500.npz,1.5,1,500,4,6,shrink,450.0
bidisperse_a0.005_sr0.667_x1.5_N4000_L24_T400000_seed1_cont2_dense500.npz,1.5,1,500,4,6,grow,1250.0
bidisperse_a0.005_sr0.667_x1.5_N4000_L24_T400000_seed1_cont2_dense500.npz,1.5,1,500,4,5,shrink,350.0
bidisperse_a0.005_sr0.667_x1.5_N4000_L24_T400000_seed1_cont2_dense500.npz,1.5,1,500,4,5,shrink,450.0
bidisperse_a0.005_sr0.667_x1.5_N4000_L24_T400000_seed1_cont2_dense500.npz,1.5,1,500,4,5,shrink,350.0
bidisperse_a0.005_sr0.667_x1.5_N4000_L24_T400000_seed1_cont2_dense500.npz,1.5,1,500,4,5,absorbed,250.0
bidisperse_a0.005_sr0.667_x1.5_N4000_L24_T400000_seed1_cont2_dense500.npz,1.5,1,500,4,5,shrink,550.0
bidisperse_a0.005_sr0.667_x1.5_N4000_L24_T400000_seed1_cont2_dense500.npz,1.5,1,500,4,5,shrink,650.0
bidisperse_a0.005_sr0.667_x1.5_N4000_L24_T400000_seed1_cont2_dense500.npz,1.5,1,500,4,5,absorbed,350.0
bidisperse_a0.005_sr0.667_x1.5_N4000_L24_T400000_seed1_cont2_dense500.npz,1.5,1,500,4,5,shrink,1050.0
bidisperse_a0.005_sr0.667_x1.5_N4000_L24_T400000_seed1_cont2_dense500.npz,1.5,1,500,4,5,shrink,1100.0
bidisperse_a0.005_sr0.667_x1.5_N4000_L24_T400000_seed1_cont2_dense500.npz,1.5,1,500,4,5,shrink,150.0
bidisperse_a0.005_sr0.667_x1.5_N4000_L24_T400000_seed1_cont2_dense500.npz,1.5,1,500,4,5,shrink,150.0
bidisperse_a0.005_sr0.667_x1.5_N4000_L24_T400000_seed1_cont2_dense500.npz,1.5,1,500,4,5,shrink,150.0
bidisperse_a0.005_sr0.667_x1.5_N4000_L24_T400000_seed1_cont2_dense500.npz,1.5,1,500,4,4,shrink,50.0
bidisperse_a0.005_sr0.667_x1.5_N4000_L24_T400000_seed1_cont2_dense500.npz,1.5,1,500,4,4,shrink,100.0
bidisperse_a0.005_sr0.667_x1.5_N4000_L24_T400000_seed1_cont2_dense500.npz,1.5,1,500,4,4,shrink,550.0
bidisperse_a0.005_sr0.667_x1.5_N4000_L24_T400000_seed1_cont2_dense500.npz,1.5,1,500,4,4,shrink,300.0
bidisperse_a0.005_sr0.667_x1.5_N4000_L24_T400000_seed1_cont2_dense500.npz,1.5,1,500,4,4,shrink,1500.0
bidisperse_a0.005_sr0.667_x1.5_N4000_L24_T400000_seed1_cont2_dense500.npz,1.5,1,500,4,4,shrink,350.0
bidisperse_a0.005_sr0.667_x1.5_N4000_L24_T400000_seed1_cont2_dense500.npz,1.5,1,500,4,4,shrink,50.0
bidisperse_a0.005_sr0.667_x1.5_N4000_L24_T400000_seed1_cont2_dense500.npz,1.5,1,500,4,4,shrink,150.0
bidisperse_a0.005_sr0.667_x1.5_N4000_L24_T400000_seed1_cont2_dense500.npz,1.5,1,500,4,4,open,0.0
bidisperse_a0.005_sr0.667_x1.5_N4000_L24_T400000_seed1_cont2_dense500.npz,1.5,1,500,4,4,shrink,1100.0
bidisperse_a0.005_sr0.667_x1.5_N4000_L24_T400000_seed1_cont2_dense500.npz,1.5,1,500,4,3,shrink,50.0
bidisperse_a0.005_sr0.667_x1.5_N4000_L24_T400000_seed1_cont2_dense500.npz,1.5,1,500,4,3,shrink,50.0
bidisperse_a0.005_sr0.667_x1.5_N4000_L24_T400000_seed1_cont2_dense500.npz,1.5,1,500,4,3,absorbed,350.0
bidisperse_a0.005_sr0.667_x1.5_N4000_L24_T400000_seed1_cont2_dense500.npz,1.5,1,500,4,3,shrink,650.0
bidisperse_a0.005_sr0.667_x1.5_N4000_L24_T400000_seed1_cont2_dense500.npz,1.5,1,500,4,3,shrink,300.0
bidisperse_a0.005_sr0.667_x1.5_N4000_L24_T400000_seed1_cont2_dense500.npz,1.5,1,500,4,3,shrink,50.0
bidisperse_a0.005_sr0.667_x1.5_N4000_L24_T400000_seed1_cont2_dense500.npz,1.5,1,500,4,3,shrink,100.0
bidisperse_a0.005_sr0.667_x1.5_N4000_L24_T400000_seed1_cont2_dense500.npz,1.5,1,500,4,3,shrink,100.0
bidisperse_a0.005_sr0.667_x1.5_N4000_L24_T400000_seed1_cont2_dense500.npz,1.5,1,500,4,3,shrink,50.0
bidisperse_a0.005_sr0.667_x1.5_N4000_L24_T400000_seed1_cont2_dense500.npz,1.5,1,500,4,3,shrink,150.0
bidisperse_a0.005_sr0.667_x1.5_N4000_L24_T400000_seed1_cont2_dense500.npz,1.5,1,500,4,3,shrink,100.0
bidisperse_a0.005_sr0.667_x1.5_N4000_L24_T400000_seed1_cont2_dense500.npz,1.5,1,500,4,3,shrink,650.0
bidisperse_a0.005_sr0.667_x1.5_N4000_L24_T400000_seed1_cont2_dense500.npz,1.5,1,500,4,3,shrink,100.0
bidisperse_a0.005_sr0.667_x1.5_N4000_L24_T400000_seed1_cont2_dense500.npz,1.5,1,500,4,3,shrink,300.0
bidisperse_a0.005_sr0.667_x1.5_N4000_L24_T400000_seed1_cont2_dense500.npz,1.5,1,500,4,3,shrink,50.0
bidisperse_a0.005_sr0.667_x1.5_N4000_L24_T400000_seed1_cont2_dense500.npz,1.5,1,500,4,3,shrink,50.0
bidisperse_a0.005_sr0.667_x1.5_N4000_L24_T400000_seed1_cont2_dense500.npz,1.5,1,500,4,3,shrink,100.0
bidisperse_a0.005_sr0.667_x1.5_N4000_L24_T400000_seed1_cont2_dense500.npz,1.5,1,500,4,3,open,0.0
bidisperse_a0.005_sr0.667_x1.5_N4000_L24_T400000_seed1_cont2_dense500.npz,1.5,1,500,4,3,shrink,150.0
bidisperse_a0.005_sr0.667_x1.5_N4000_L24_T400000_seed1_cont2_dense500.npz,1.5,1,500,4,3,shrink,250.0
bidisperse_a0.005_sr0.667_x1.5_N4000_L24_T400000_seed1_cont2_dense500.npz,1.5,1,500,4,3,shrink,650.0
bidisperse_a0.005_sr0.667_x1.5_N4000_L24_T400000_seed1_cont2_dense500.npz,1.5,1,500,5,153,grow,50.0
bidisperse_a0.005_sr0.667_x1.5_N4000_L24_T400000_seed1_cont2_dense500.npz,1.5,1,500,5,70,grow,50.0
bidisperse_a0.005_sr0.667_x1.5_N4000_L24_T400000_seed1_cont2_dense500.npz,1.5,1,500,5,26,grow,50.0
bidisperse_a0.005_sr0.667_x1.5_N4000_L24_T400000_seed1_cont2_dense500.npz,1.5,1,500,5,25,grow,50.0
bidisperse_a0.005_sr0.667_x1.5_N4000_L24_T400000_seed1_cont2_dense500.npz,1.5,1,500,5,22,grow,50.0
bidisperse_a0.005_sr0.667_x1.5_N4000_L24_T400000_seed1_cont2_dense500.npz,1.5,1,500,5,17,grow,400.0
bidisperse_a0.005_sr0.667_x1.5_N4000_L24_T400000_seed1_cont2_dense500.npz,1.5,1,500,5,17,open,0.0
bidisperse_a0.005_sr0.667_x1.5_N4000_L24_T400000_seed1_cont2_dense500.npz,1.5,1,500,5,14,absorbed,50.0
bidisperse_a0.005_sr0.667_x1.5_N4000_L24_T400000_seed1_cont2_dense500.npz,1.5,1,500,5,13,absorbed,250.0
bidisperse_a0.005_sr0.667_x1.5_N4000_L24_T400000_seed1_cont2_dense500.npz,1.5,1,500,5,12,grow,150.0
bidisperse_a0.005_sr0.667_x1.5_N4000_L24_T400000_seed1_cont2_dense500.npz,1.5,1,500,5,12,shrink,1850.0
bidisperse_a0.005_sr0.667_x1.5_N4000_L24_T400000_seed1_cont2_dense500.npz,1.5,1,500,5,11,shrink,1300.0
bidisperse_a0.005_sr0.667_x1.5_N4000_L24_T400000_seed1_cont2_dense500.npz,1.5,1,500,5,11,shrink,1200.0
bidisperse_a0.005_sr0.667_x1.5_N4000_L24_T400000_seed1_cont2_dense500.npz,1.5,1,500,5,11,grow,1150.0
bidisperse_a0.005_sr0.667_x1.5_N4000_L24_T400000_seed1_cont2_dense500.npz,1.5,1,500,5,10,shrink,550.0
bidisperse_a0.005_sr0.667_x1.5_N4000_L24_T400000_seed1_cont2_dense500.npz,1.5,1,500,5,10,grow,150.0
bidisperse_a0.005_sr0.667_x1.5_N4000_L24_T400000_seed1_cont2_dense500.npz,1.5,1,500,5,9,grow,150.0
bidisperse_a0.005_sr0.667_x1.5_N4000_L24_T400000_seed1_cont2_dense500.npz,1.5,1,500,5,9,absorbed,250.0
bidisperse_a0.005_sr0.667_x1.5_N4000_L24_T400000_seed1_cont2_dense500.npz,1.5,1,500,5,9,shrink,450.0
bidisperse_a0.005_sr0.667_x1.5_N4000_L24_T400000_seed1_cont2_dense500.npz,1.5,1,500,5,9,shrink,1500.0
bidisperse_a0.005_sr0.667_x1.5_N4000_L24_T400000_seed1_cont2_dense500.npz,1.5,1,500,5,8,shrink,900.0
bidisperse_a0.005_sr0.667_x1.5_N4000_L24_T400000_seed1_cont2_dense500.npz,1.5,1,500,5,7,shrink,250.0
bidisperse_a0.005_sr0.667_x1.5_N4000_L24_T400000_seed1_cont2_dense500.npz,1.5,1,500,5,7,shrink,350.0
bidisperse_a0.005_sr0.667_x1.5_N4000_L24_T400000_seed1_cont2_dense500.npz,1.5,1,500,5,7,shrink,650.0
bidisperse_a0.005_sr0.667_x1.5_N4000_L24_T400000_seed1_cont2_dense500.npz,1.5,1,500,5,7,shrink,1000.0
bidisperse_a0.005_sr0.667_x1.5_N4000_L24_T400000_seed1_cont2_dense500.npz,1.5,1,500,5,7,shrink,1000.0
bidisperse_a0.005_sr0.667_x1.5_N4000_L24_T400000_seed1_cont2_dense500.npz,1.5,1,500,5,6,shrink,1350.0
bidisperse_a0.005_sr0.667_x1.5_N4000_L24_T400000_seed1_cont2_dense500.npz,1.5,1,500,5,6,shrink,250.0
bidisperse_a0.005_sr0.667_x1.5_N4000_L24_T400000_seed1_cont2_dense500.npz,1.5,1,500,5,6,shrink,500.0
bidisperse_a0.005_sr0.667_x1.5_N4000_L24_T400000_seed1_cont2_dense500.npz,1.5,1,500,5,5,shrink,2250.0
bidisperse_a0.005_sr0.667_x1.5_N4000_L24_T400000_seed1_cont2_dense500.npz,1.5,1,500,5,5,shrink,100.0
bidisperse_a0.005_sr0.667_x1.5_N4000_L24_T400000_seed1_cont2_dense500.npz,1.5,1,500,5,5,grow,550.0
bidisperse_a0.005_sr0.667_x1.5_N4000_L24_T400000_seed1_cont2_dense500.npz,1.5,1,500,5,5,absorbed,250.0
bidisperse_a0.005_sr0.667_x1.5_N4000_L24_T400000_seed1_cont2_dense500.npz,1.5,1,500,5,5,shrink,450.0
bidisperse_a0.005_sr0.667_x1.5_N4000_L24_T400000_seed1_cont2_dense500.npz,1.5,1,500,5,5,shrink,350.0
bidisperse_a0.005_sr0.667_x1.5_N4000_L24_T400000_seed1_cont2_dense500.npz,1.5,1,500,5,5,absorbed,250.0
bidisperse_a0.005_sr0.667_x1.5_N4000_L24_T400000_seed1_cont2_dense500.npz,1.5,1,500,5,5,shrink,1350.0
bidisperse_a0.005_sr0.667_x1.5_N4000_L24_T400000_seed1_cont2_dense500.npz,1.5,1,500,5,5,shrink,100.0
bidisperse_a0.005_sr0.667_x1.5_N4000_L24_T400000_seed1_cont2_dense500.npz,1.5,1,500,5,5,open,0.0
bidisperse_a0.005_sr0.667_x1.5_N4000_L24_T400000_seed1_cont2_dense500.npz,1.5,1,500,5,5,shrink,250.0
bidisperse_a0.005_sr0.667_x1.5_N4000_L24_T400000_seed1_cont2_dense500.npz,1.5,1,500,5,5,shrink,250.0
bidisperse_a0.005_sr0.667_x1.5_N4000_L24_T400000_seed1_cont2_dense500.npz,1.5,1,500,5,4,grow,300.0
bidisperse_a0.005_sr0.667_x1.5_N4000_L24_T400000_seed1_cont2_dense500.npz,1.5,1,500,5,4,shrink,100.0
bidisperse_a0.005_sr0.667_x1.5_N4000_L24_T400000_seed1_cont2_dense500.npz,1.5,1,500,5,4,absorbed,1600.0
bidisperse_a0.005_sr0.667_x1.5_N4000_L24_T400000_seed1_cont2_dense500.npz,1.5,1,500,5,4,grow,500.0
bidisperse_a0.005_sr0.667_x1.5_N4000_L24_T400000_seed1_cont2_dense500.npz,1.5,1,500,5,4,shrink,200.0
bidisperse_a0.005_sr0.667_x1.5_N4000_L24_T400000_seed1_cont2_dense500.npz,1.5,1,500,5,4,shrink,50.0
bidisperse_a0.005_sr0.667_x1.5_N4000_L24_T400000_seed1_cont2_dense500.npz,1.5,1,500,5,4,shrink,150.0
bidisperse_a0.005_sr0.667_x1.5_N4000_L24_T400000_seed1_cont2_dense500.npz,1.5,1,500,5,4,shrink,50.0
bidisperse_a0.005_sr0.667_x1.5_N4000_L24_T400000_seed1_cont2_dense500.npz,1.5,1,500,5,4,grow,1700.0
bidisperse_a0.005_sr0.667_x1.5_N4000_L24_T400000_seed1_cont2_dense500.npz,1.5,1,500,5,4,shrink,550.0
bidisperse_a0.005_sr0.667_x1.5_N4000_L24_T400000_seed1_cont2_dense500.npz,1.5,1,500,5,3,shrink,200.0
bidisperse_a0.005_sr0.667_x1.5_N4000_L24_T400000_seed1_cont2_dense500.npz,1.5,1,500,5,3,shrink,200.0
bidisperse_a0.005_sr0.667_x1.5_N4000_L24_T400000_seed1_cont2_dense500.npz,1.5,1,500,5,3,absorbed,200.0
bidisperse_a0.005_sr0.667_x1.5_N4000_L24_T400000_seed1_cont2_dense500.npz,1.5,1,500,5,3,shrink,350.0
bidisperse_a0.005_sr0.667_x1.5_N4000_L24_T400000_seed1_cont2_dense500.npz,1.5,1,500,5,3,shrink,50.0
bidisperse_a0.005_sr0.667_x1.5_N4000_L24_T400000_seed1_cont2_dense500.npz,1.5,1,500,5,3,shrink,50.0
bidisperse_a0.005_sr0.667_x1.5_N4000_L24_T400000_seed1_cont2_dense500.npz,1.5,1,500,5,3,shrink,250.0
bidisperse_a0.005_sr0.667_x1.5_N4000_L24_T400000_seed1_cont2_dense500.npz,1.5,1,500,5,3,shrink,50.0
bidisperse_a0.005_sr0.667_x1.5_N4000_L24_T400000_seed1_cont2_dense500.npz,1.5,1,500,5,3,shrink,50.0
bidisperse_a0.005_sr0.667_x1.5_N4000_L24_T400000_seed1_cont2_dense500.npz,1.5,1,500,5,3,shrink,300.0
bidisperse_a0.005_sr0.667_x1.5_N4000_L24_T400000_seed1_cont2_dense500.npz,1.5,1,500,5,3,absorbed,50.0
bidisperse_a0.005_sr0.667_x1.5_N4000_L24_T400000_seed1_cont2_dense500.npz,1.5,1,500,5,3,shrink,600.0
bidisperse_a0.005_sr0.667_x1.5_N4000_L24_T400000_seed1_cont2_dense500.npz,1.5,1,500,5,3,shrink,250.0
bidisperse_a0.005_sr0.667_x1.5_N4000_L24_T400000_seed1_cont2_dense500.npz,1.5,1,500,5,3,shrink,50.0
bidisperse_a0.005_sr0.667_x1.5_N4000_L24_T400000_seed1_cont2_dense500.npz,1.5,1,500,5,3,shrink,50.0
bidisperse_a0.005_sr0.667_x1.5_N4000_L24_T400000_seed1_cont2_dense500.npz,1.5,1,500,5,3,shrink,100.0
bidisperse_a0.005_sr0.667_x1.5_N4000_L24_T400000_seed1_cont2_dense500.npz,1.5,1,500,5,3,shrink,200.0
bidisperse_a0.005_sr0.667_x1.5_N4000_L24_T400000_seed1_cont2_dense500.npz,1.5,1,500,5,3,shrink,50.0
bidisperse_a0.005_sr0.667_x1.5_N4000_L24_T400000_seed1_cont2_dense500.npz,1.5,1,500,5,3,shrink,100.0
bidisperse_a0.005_sr0.667_x1.5_N4000_L24_T400000_seed1_cont2_dense500.npz,1.5,1,500,5,3,shrink,250.0
bidisperse_a0.005_sr0.667_x1.5_N4000_L24_T400000_seed1_cont2_dense500.npz,1.5,1,500,5,3,shrink,600.0
bidisperse_a0.005_sr0.667_x1.5_N4000_L24_T400000_seed1_cont2_dense500.npz,1.5,1,500,6,153,grow,50.0
bidisperse_a0.005_sr0.667_x1.5_N4000_L24_T400000_seed1_cont2_dense500.npz,1.5,1,500,6,70,grow,50.0
bidisperse_a0.005_sr0.667_x1.5_N4000_L24_T400000_seed1_cont2_dense500.npz,1.5,1,500,6,26,grow,50.0
bidisperse_a0.005_sr0.667_x1.5_N4000_L24_T400000_seed1_cont2_dense500.npz,1.5,1,500,6,25,grow,50.0
bidisperse_a0.005_sr0.667_x1.5_N4000_L24_T400000_seed1_cont2_dense500.npz,1.5,1,500,6,22,grow,50.0
bidisperse_a0.005_sr0.667_x1.5_N4000_L24_T400000_seed1_cont2_dense500.npz,1.5,1,500,6,17,grow,150.0
bidisperse_a0.005_sr0.667_x1.5_N4000_L24_T400000_seed1_cont2_dense500.npz,1.5,1,500,6,17,grow,400.0
bidisperse_a0.005_sr0.667_x1.5_N4000_L24_T400000_seed1_cont2_dense500.npz,1.5,1,500,6,14,absorbed,50.0
bidisperse_a0.005_sr0.667_x1.5_N4000_L24_T400000_seed1_cont2_dense500.npz,1.5,1,500,6,13,absorbed,500.0
bidisperse_a0.005_sr0.667_x1.5_N4000_L24_T400000_seed1_cont2_dense500.npz,1.5,1,500,6,12,grow,150.0
bidisperse_a0.005_sr0.667_x1.5_N4000_L24_T400000_seed1_cont2_dense500.npz,1.5,1,500,6,12,shrink,900.0
bidisperse_a0.005_sr0.667_x1.5_N4000_L24_T400000_seed1_cont2_dense500.npz,1.5,1,500,6,11,shrink,2850.0
bidisperse_a0.005_sr0.667_x1.5_N4000_L24_T400000_seed1_cont2_dense500.npz,1.5,1,500,6,11,shrink,1650.0
bidisperse_a0.005_sr0.667_x1.5_N4000_L24_T400000_seed1_cont2_dense500.npz,1.5,1,500,6,11,grow,950.0
bidisperse_a0.005_sr0.667_x1.5_N4000_L24_T400000_seed1_cont2_dense500.npz,1.5,1,500,6,10,shrink,900.0
bidisperse_a0.005_sr0.667_x1.5_N4000_L24_T400000_seed1_cont2_dense500.npz,1.5,1,500,6,10,grow,50.0
bidisperse_a0.005_sr0.667_x1.5_N4000_L24_T400000_seed1_cont2_dense500.npz,1.5,1,500,6,9,grow,50.0
bidisperse_a0.005_sr0.667_x1.5_N4000_L24_T400000_seed1_cont2_dense500.npz,1.5,1,500,6,9,absorbed,350.0
bidisperse_a0.005_sr0.667_x1.5_N4000_L24_T400000_seed1_cont2_dense500.npz,1.5,1,500,6,9,shrink,950.0
bidisperse_a0.005_sr0.667_x1.5_N4000_L24_T400000_seed1_cont2_dense500.npz,1.5,1,500,6,9,shrink,100.0
bidisperse_a0.005_sr0.667_x1.5_N4000_L24_T400000_seed1_cont2_dense500.npz,1.5,1,500,6,8,shrink,1900.0
bidisperse_a0.005_sr0.667_x1.5_N4000_L24_T400000_seed1_cont2_dense500.npz,1.5,1,500,6,7,shrink,1200.0
bidisperse_a0.005_sr0.667_x1.5_N4000_L24_T400000_seed1_cont2_dense500.npz,1.5,1,500,6,7,shrink,150.0
bidisperse_a0.005_sr0.667_x1.5_N4000_L24_T400000_seed1_cont2_dense500.npz,1.5,1,500,6,7,shrink,900.0
bidisperse_a0.005_sr0.667_x1.5_N4000_L24_T400000_seed1_cont2_dense500.npz,1.5,1,500,6,7,absorbed,750.0
bidisperse_a0.005_sr0.667_x1.5_N4000_L24_T400000_seed1_cont2_dense500.npz,1.5,1,500,6,7,shrink,1000.0
bidisperse_a0.005_sr0.667_x1.5_N4000_L24_T400000_seed1_cont2_dense500.npz,1.5,1,500,6,6,shrink,1950.0
bidisperse_a0.005_sr0.667_x1.5_N4000_L24_T400000_seed1_cont2_dense500.npz,1.5,1,500,6,6,shrink,400.0
bidisperse_a0.005_sr0.667_x1.5_N4000_L24_T400000_seed1_cont2_dense500.npz,1.5,1,500,6,6,shrink,200.0
bidisperse_a0.005_sr0.667_x1.5_N4000_L24_T400000_seed1_cont2_dense500.npz,1.5,1,500,6,5,shrink,700.0
bidisperse_a0.005_sr0.667_x1.5_N4000_L24_T400000_seed1_cont2_dense500.npz,1.5,1,500,6,5,shrink,200.0
bidisperse_a0.005_sr0.667_x1.5_N4000_L24_T400000_seed1_cont2_dense500.npz,1.5,1,500,6,5,shrink,650.0
bidisperse_a0.005_sr0.667_x1.5_N4000_L24_T400000_seed1_cont2_dense500.npz,1.5,1,500,6,5,absorbed,150.0
bidisperse_a0.005_sr0.667_x1.5_N4000_L24_T400000_seed1_cont2_dense500.npz,1.5,1,500,6,5,shrink,400.0
bidisperse_a0.005_sr0.667_x1.5_N4000_L24_T400000_seed1_cont2_dense500.npz,1.5,1,500,6,5,shrink,50.0
bidisperse_a0.005_sr0.667_x1.5_N4000_L24_T400000_seed1_cont2_dense500.npz,1.5,1,500,6,5,absorbed,500.0
bidisperse_a0.005_sr0.667_x1.5_N4000_L24_T400000_seed1_cont2_dense500.npz,1.5,1,500,6,5,shrink,800.0
bidisperse_a0.005_sr0.667_x1.5_N4000_L24_T400000_seed1_cont2_dense500.npz,1.5,1,500,6,5,shrink,950.0
bidisperse_a0.005_sr0.667_x1.5_N4000_L24_T400000_seed1_cont2_dense500.npz,1.5,1,500,6,5,grow,2850.0
bidisperse_a0.005_sr0.667_x1.5_N4000_L24_T400000_seed1_cont2_dense500.npz,1.5,1,500,6,5,shrink,200.0
bidisperse_a0.005_sr0.667_x1.5_N4000_L24_T400000_seed1_cont2_dense500.npz,1.5,1,500,6,5,shrink,350.0
bidisperse_a0.005_sr0.667_x1.5_N4000_L24_T400000_seed1_cont2_dense500.npz,1.5,1,500,6,4,grow,350.0
bidisperse_a0.005_sr0.667_x1.5_N4000_L24_T400000_seed1_cont2_dense500.npz,1.5,1,500,6,4,shrink,300.0
bidisperse_a0.005_sr0.667_x1.5_N4000_L24_T400000_seed1_cont2_dense500.npz,1.5,1,500,6,4,shrink,1300.0
bidisperse_a0.005_sr0.667_x1.5_N4000_L24_T400000_seed1_cont2_dense500.npz,1.5,1,500,6,4,grow,500.0
bidisperse_a0.005_sr0.667_x1.5_N4000_L24_T400000_seed1_cont2_dense500.npz,1.5,1,500,6,4,shrink,1900.0
bidisperse_a0.005_sr0.667_x1.5_N4000_L24_T400000_seed1_cont2_dense500.npz,1.5,1,500,6,4,shrink,2850.0
bidisperse_a0.005_sr0.667_x1.5_N4000_L24_T400000_seed1_cont2_dense500.npz,1.5,1,500,6,4,shrink,100.0
bidisperse_a0.005_sr0.667_x1.5_N4000_L24_T400000_seed1_cont2_dense500.npz,1.5,1,500,6,4,shrink,400.0
bidisperse_a0.005_sr0.667_x1.5_N4000_L24_T400000_seed1_cont2_dense500.npz,1.5,1,500,6,4,shrink,450.0
bidisperse_a0.005_sr0.667_x1.5_N4000_L24_T400000_seed1_cont2_dense500.npz,1.5,1,500,6,4,shrink,250.0
bidisperse_a0.005_sr0.667_x1.5_N4000_L24_T400000_seed1_cont2_dense500.npz,1.5,1,500,6,3,shrink,50.0
bidisperse_a0.005_sr0.667_x1.5_N4000_L24_T400000_seed1_cont2_dense500.npz,1.5,1,500,6,3,shrink,50.0
bidisperse_a0.005_sr0.667_x1.5_N4000_L24_T400000_seed1_cont2_dense500.npz,1.5,1,500,6,3,shrink,50.0
bidisperse_a0.005_sr0.667_x1.5_N4000_L24_T400000_seed1_cont2_dense500.npz,1.5,1,500,6,3,shrink,50.0
bidisperse_a0.005_sr0.667_x1.5_N4000_L24_T400000_seed1_cont2_dense500.npz,1.5,1,500,6,3,shrink,200.0
bidisperse_a0.005_sr0.667_x1.5_N4000_L24_T400000_seed1_cont2_dense500.npz,1.5,1,500,6,3,shrink,150.0
bidisperse_a0.005_sr0.667_x1.5_N4000_L24_T400000_seed1_cont2_dense500.npz,1.5,1,500,6,3,shrink,100.0
bidisperse_a0.005_sr0.667_x1.5_N4000_L24_T400000_seed1_cont2_dense500.npz,1.5,1,500,6,3,shrink,200.0
bidisperse_a0.005_sr0.667_x1.5_N4000_L24_T400000_seed1_cont2_dense500.npz,1.5,1,500,6,3,shrink,50.0
bidisperse_a0.005_sr0.667_x1.5_N4000_L24_T400000_seed1_cont2_dense500.npz,1.5,1,500,6,3,shrink,150.0
bidisperse_a0.005_sr0.667_x1.5_N4000_L24_T400000_seed1_cont2_dense500.npz,1.5,1,500,6,3,shrink,100.0
bidisperse_a0.005_sr0.667_x1.5_N4000_L24_T400000_seed1_cont2_dense500.npz,1.5,1,500,6,3,shrink,1100.0
bidisperse_a0.005_sr0.667_x1.5_N4000_L24_T400000_seed1_cont2_dense500.npz,1.5,1,500,6,3,shrink,50.0
bidisperse_a0.005_sr0.667_x1.5_N4000_L24_T400000_seed1_cont2_dense500.npz,1.5,1,500,6,3,shrink,50.0
bidisperse_a0.005_sr0.667_x1.5_N4000_L24_T400000_seed1_cont2_dense500.npz,1.5,1,500,6,3,shrink,100.0
bidisperse_a0.005_sr0.667_x1.5_N4000_L24_T400000_seed1_cont2_dense500.npz,1.5,1,500,6,3,shrink,100.0
bidisperse_a0.005_sr0.667_x1.5_N4000_L24_T400000_seed1_cont2_dense500.npz,1.5,1,500,6,3,shrink,150.0
bidisperse_a0.005_sr0.667_x1.5_N4000_L24_T400000_seed1_cont2_dense500.npz,1.5,1,500,6,3,shrink,1650.0
bidisperse_a0.005_sr0.667_x1.5_N4000_L24_T400000_seed1_cont2_dense500.npz,1.5,1,500,6,3,shrink,50.0
bidisperse_a0.005_sr0.667_x1.5_N4000_L24_T400000_seed1_cont2_dense500.npz,1.5,1,500,6,3,shrink,1600.0
bidisperse_a0.005_sr0.667_x1.5_N4000_L24_T400000_seed1_cont2_dense500.npz,1.5,1,500,6,3,shrink,1100.0
bidisperse_a0.005_sr0.667_x1.5_N4000_L24_T400000_seed1_cont2_dense500.npz,1.5,1,500,7,153,grow,50.0
bidisperse_a0.005_sr0.667_x1.5_N4000_L24_T400000_seed1_cont2_dense500.npz,1.5,1,500,7,70,grow,50.0
bidisperse_a0.005_sr0.667_x1.5_N4000_L24_T400000_seed1_cont2_dense500.npz,1.5,1,500,7,26,grow,50.0
bidisperse_a0.005_sr0.667_x1.5_N4000_L24_T400000_seed1_cont2_dense500.npz,1.5,1,500,7,25,grow,50.0
bidisperse_a0.005_sr0.667_x1.5_N4000_L24_T400000_seed1_cont2_dense500.npz,1.5,1,500,7,22,grow,50.0
bidisperse_a0.005_sr0.667_x1.5_N4000_L24_T400000_seed1_cont2_dense500.npz,1.5,1,500,7,17,grow,350.0
bidisperse_a0.005_sr0.667_x1.5_N4000_L24_T400000_seed1_cont2_dense500.npz,1.5,1,500,7,17,grow,150.0
bidisperse_a0.005_sr0.667_x1.5_N4000_L24_T400000_seed1_cont2_dense500.npz,1.5,1,500,7,14,absorbed,100.0
bidisperse_a0.005_sr0.667_x1.5_N4000_L24_T400000_seed1_cont2_dense500.npz,1.5,1,500,7,13,grow,200.0
bidisperse_a0.005_sr0.667_x1.5_N4000_L24_T400000_seed1_cont2_dense500.npz,1.5,1,500,7,12,shrink,100.0
bidisperse_a0.005_sr0.667_x1.5_N4000_L24_T400000_seed1_cont2_dense500.npz,1.5,1,500,7,12,shrink,1600.0
bidisperse_a0.005_sr0.667_x1.5_N4000_L24_T400000_seed1_cont2_dense500.npz,1.5,1,500,7,11,absorbed,2500.0
bidisperse_a0.005_sr0.667_x1.5_N4000_L24_T400000_seed1_cont2_dense500.npz,1.5,1,500,7,11,shrink,1750.0
bidisperse_a0.005_sr0.667_x1.5_N4000_L24_T400000_seed1_cont2_dense500.npz,1.5,1,500,7,11,grow,1250.0
bidisperse_a0.005_sr0.667_x1.5_N4000_L24_T400000_seed1_cont2_dense500.npz,1.5,1,500,7,10,shrink,400.0
bidisperse_a0.005_sr0.667_x1.5_N4000_L24_T400000_seed1_cont2_dense500.npz,1.5,1,500,7,10,grow,50.0
bidisperse_a0.005_sr0.667_x1.5_N4000_L24_T400000_seed1_cont2_dense500.npz,1.5,1,500,7,9,grow,50.0
bidisperse_a0.005_sr0.667_x1.5_N4000_L24_T400000_seed1_cont2_dense500.npz,1.5,1,500,7,9,absorbed,150.0
bidisperse_a0.005_sr0.667_x1.5_N4000_L24_T400000_seed1_cont2_dense500.npz,1.5,1,500,7,9,shrink,900.0
bidisperse_a0.005_sr0.667_x1.5_N4000_L24_T400000_seed1_cont2_dense500.npz,1.5,1,500,7,9,shrink,1250.0
bidisperse_a0.005_sr0.667_x1.5_N4000_L24_T400000_seed1_cont2_dense500.npz,1.5,1,500,7,8,absorbed,2350.0
bidisperse_a0.005_sr0.667_x1.5_N4000_L24_T400000_seed1_cont2_dense500.npz,1.5,1,500,7,7,shrink,250.0
bidisperse_a0.005_sr0.667_x1.5_N4000_L24_T400000_seed1_cont2_dense500.npz,1.5,1,500,7,7,shrink,100.0
bidisperse_a0.005_sr0.667_x1.5_N4000_L24_T400000_seed1_cont2_dense500.npz,1.5,1,500,7,7,grow,350.0
bidisperse_a0.005_sr0.667_x1.5_N4000_L24_T400000_seed1_cont2_dense500.npz,1.5,1,500,7,7,absorbed,550.0
bidisperse_a0.005_sr0.667_x1.5_N4000_L24_T400000_seed1_cont2_dense500.npz,1.5,1,500,7,7,grow,50.0
bidisperse_a0.005_sr0.667_x1.5_N4000_L24_T400000_seed1_cont2_dense500.npz,1.5,1,500,7,6,shrink,3000.0
bidisperse_a0.005_sr0.667_x1.5_N4000_L24_T400000_seed1_cont2_dense500.npz,1.5,1,500,7,6,shrink,250.0
bidisperse_a0.005_sr0.667_x1.5_N4000_L24_T400000_seed1_cont2_dense500.npz,1.5,1,500,7,6,shrink,650.0
bidisperse_a0.005_sr0.667_x1.5_N4000_L24_T400000_seed1_cont2_dense500.npz,1.5,1,500,7,5,shrink,300.0
bidisperse_a0.005_sr0.667_x1.5_N4000_L24_T400000_seed1_cont2_dense500.npz,1.5,1,500,7,5,shrink,1150.0
bidisperse_a0.005_sr0.667_x1.5_N4000_L24_T400000_seed1_cont2_dense500.npz,1.5,1,500,7,5,shrink,500.0
bidisperse_a0.005_sr0.667_x1.5_N4000_L24_T400000_seed1_cont2_dense500.npz,1.5,1,500,7,5,shrink,150.0
bidisperse_a0.005_sr0.667_x1.5_N4000_L24_T400000_seed1_cont2_dense500.npz,1.5,1,500,7,5,shrink,450.0
bidisperse_a0.005_sr0.667_x1.5_N4000_L24_T400000_seed1_cont2_dense500.npz,1.5,1,500,7,5,shrink,650.0
bidisperse_a0.005_sr0.667_x1.5_N4000_L24_T400000_seed1_cont2_dense500.npz,1.5,1,500,7,5,grow,200.0
bidisperse_a0.005_sr0.667_x1.5_N4000_L24_T400000_seed1_cont2_dense500.npz,1.5,1,500,7,5,shrink,1500.0
bidisperse_a0.005_sr0.667_x1.5_N4000_L24_T400000_seed1_cont2_dense500.npz,1.5,1,500,7,5,shrink,50.0
bidisperse_a0.005_sr0.667_x1.5_N4000_L24_T400000_seed1_cont2_dense500.npz,1.5,1,500,7,5,shrink,550.0
bidisperse_a0.005_sr0.667_x1.5_N4000_L24_T400000_seed1_cont2_dense500.npz,1.5,1,500,7,5,shrink,150.0
bidisperse_a0.005_sr0.667_x1.5_N4000_L24_T400000_seed1_cont2_dense500.npz,1.5,1,500,7,5,shrink,250.0
bidisperse_a0.005_sr0.667_x1.5_N4000_L24_T400000_seed1_cont2_dense500.npz,1.5,1,500,7,4,shrink,250.0
bidisperse_a0.005_sr0.667_x1.5_N4000_L24_T400000_seed1_cont2_dense500.npz,1.5,1,500,7,4,shrink,100.0
bidisperse_a0.005_sr0.667_x1.5_N4000_L24_T400000_seed1_cont2_dense500.npz,1.5,1,500,7,4,absorbed,550.0
bidisperse_a0.005_sr0.667_x1.5_N4000_L24_T400000_seed1_cont2_dense500.npz,1.5,1,500,7,4,grow,550.0
bidisperse_a0.005_sr0.667_x1.5_N4000_L24_T400000_seed1_cont2_dense500.npz,1.5,1,500,7,4,shrink,150.0
bidisperse_a0.005_sr0.667_x1.5_N4000_L24_T400000_seed1_cont2_dense500.npz,1.5,1,500,7,4,shrink,150.0
bidisperse_a0.005_sr0.667_x1.5_N4000_L24_T400000_seed1_cont2_dense500.npz,1.5,1,500,7,4,shrink,50.0
bidisperse_a0.005_sr0.667_x1.5_N4000_L24_T400000_seed1_cont2_dense500.npz,1.5,1,500,7,4,shrink,150.0
bidisperse_a0.005_sr0.667_x1.5_N4000_L24_T400000_seed1_cont2_dense500.npz,1.5,1,500,7,4,shrink,1000.0
bidisperse_a0.005_sr0.667_x1.5_N4000_L24_T400000_seed1_cont2_dense500.npz,1.5,1,500,7,4,shrink,250.0
bidisperse_a0.005_sr0.667_x1.5_N4000_L24_T400000_seed1_cont2_dense500.npz,1.5,1,500,7,3,shrink,400.0
bidisperse_a0.005_sr0.667_x1.5_N4000_L24_T400000_seed1_cont2_dense500.npz,1.5,1,500,7,3,shrink,150.0
bidisperse_a0.005_sr0.667_x1.5_N4000_L24_T400000_seed1_cont2_dense500.npz,1.5,1,500,7,3,absorbed,150.0
bidisperse_a0.005_sr0.667_x1.5_N4000_L24_T400000_seed1_cont2_dense500.npz,1.5,1,500,7,3,shrink,650.0
bidisperse_a0.005_sr0.667_x1.5_N4000_L24_T400000_seed1_cont2_dense500.npz,1.5,1,500,7,3,shrink,400.0
bidisperse_a0.005_sr0.667_x1.5_N4000_L24_T400000_seed1_cont2_dense500.npz,1.5,1,500,7,3,shrink,100.0
bidisperse_a0.005_sr0.667_x1.5_N4000_L24_T400000_seed1_cont2_dense500.npz,1.5,1,500,7,3,shrink,450.0
bidisperse_a0.005_sr0.667_x1.5_N4000_L24_T400000_seed1_cont2_dense500.npz,1.5,1,500,7,3,shrink,100.0
bidisperse_a0.005_sr0.667_x1.5_N4000_L24_T400000_seed1_cont2_dense500.npz,1.5,1,500,7,3,shrink,50.0
bidisperse_a0.005_sr0.667_x1.5_N4000_L24_T400000_seed1_cont2_dense500.npz,1.5,1,500,7,3,shrink,100.0
bidisperse_a0.005_sr0.667_x1.5_N4000_L24_T400000_seed1_cont2_dense500.npz,1.5,1,500,7,3,shrink,50.0
bidisperse_a0.005_sr0.667_x1.5_N4000_L24_T400000_seed1_cont2_dense500.npz,1.5,1,500,7,3,grow,2350.0
bidisperse_a0.005_sr0.667_x1.5_N4000_L24_T400000_seed1_cont2_dense500.npz,1.5,1,500,7,3,shrink,250.0
bidisperse_a0.005_sr0.667_x1.5_N4000_L24_T400000_seed1_cont2_dense500.npz,1.5,1,500,7,3,shrink,100.0
bidisperse_a0.005_sr0.667_x1.5_N4000_L24_T400000_seed1_cont2_dense500.npz,1.5,1,500,7,3,shrink,100.0
bidisperse_a0.005_sr0.667_x1.5_N4000_L24_T400000_seed1_cont2_dense500.npz,1.5,1,500,7,3,shrink,50.0
bidisperse_a0.005_sr0.667_x1.5_N4000_L24_T400000_seed1_cont2_dense500.npz,1.5,1,500,7,3,shrink,200.0
bidisperse_a0.005_sr0.667_x1.5_N4000_L24_T400000_seed1_cont2_dense500.npz,1.5,1,500,7,3,shrink,50.0
bidisperse_a0.005_sr0.667_x1.5_N4000_L24_T400000_seed1_cont2_dense500.npz,1.5,1,500,7,3,shrink,350.0
bidisperse_a0.005_sr0.667_x1.5_N4000_L24_T400000_seed1_cont2_dense500.npz,1.5,1,500,7,3,shrink,200.0
bidisperse_a0.005_sr0.667_x1.5_N4000_L24_T400000_seed1_cont2_dense500.npz,1.5,1,500,7,3,grow,2350.0
bidisperse_a0.005_sr0.667_x1.5_N4000_L24_T400000_seed1_cont2_dense500.npz,1.5,1,500,9,153,grow,50.0
bidisperse_a0.005_sr0.667_x1.5_N4000_L24_T400000_seed1_cont2_dense500.npz,1.5,1,500,9,70,grow,50.0
bidisperse_a0.005_sr0.667_x1.5_N4000_L24_T400000_seed1_cont2_dense500.npz,1.5,1,500,9,26,grow,50.0
bidisperse_a0.005_sr0.667_x1.5_N4000_L24_T400000_seed1_cont2_dense500.npz,1.5,1,500,9,25,grow,50.0
bidisperse_a0.005_sr0.667_x1.5_N4000_L24_T400000_seed1_cont2_dense500.npz,1.5,1,500,9,22,grow,50.0
bidisperse_a0.005_sr0.667_x1.5_N4000_L24_T400000_seed1_cont2_dense500.npz,1.5,1,500,9,17,grow,150.0
bidisperse_a0.005_sr0.667_x1.5_N4000_L24_T400000_seed1_cont2_dense500.npz,1.5,1,500,9,17,shrink,1550.0
bidisperse_a0.005_sr0.667_x1.5_N4000_L24_T400000_seed1_cont2_dense500.npz,1.5,1,500,9,14,absorbed,100.0
bidisperse_a0.005_sr0.667_x1.5_N4000_L24_T400000_seed1_cont2_dense500.npz,1.5,1,500,9,13,shrink,350.0
bidisperse_a0.005_sr0.667_x1.5_N4000_L24_T400000_seed1_cont2_dense500.npz,1.5,1,500,9,12,shrink,350.0
bidisperse_a0.005_sr0.667_x1.5_N4000_L24_T400000_seed1_cont2_dense500.npz,1.5,1,500,9,12,open,0.0
bidisperse_a0.005_sr0.667_x1.5_N4000_L24_T400000_seed1_cont2_dense500.npz,1.5,1,500,9,11,shrink,2800.0
bidisperse_a0.005_sr0.667_x1.5_N4000_L24_T400000_seed1_cont2_dense500.npz,1.5,1,500,9,11,shrink,2250.0
bidisperse_a0.005_sr0.667_x1.5_N4000_L24_T400000_seed1_cont2_dense500.npz,1.5,1,500,9,11,grow,850.0
bidisperse_a0.005_sr0.667_x1.5_N4000_L24_T400000_seed1_cont2_dense500.npz,1.5,1,500,9,10,shrink,400.0
bidisperse_a0.005_sr0.667_x1.5_N4000_L24_T400000_seed1_cont2_dense500.npz,1.5,1,500,9,10,grow,50.0
bidisperse_a0.005_sr0.667_x1.5_N4000_L24_T400000_seed1_cont2_dense500.npz,1.5,1,500,9,9,grow,50.0
bidisperse_a0.005_sr0.667_x1.5_N4000_L24_T400000_seed1_cont2_dense500.npz,1.5,1,500,9,9,absorbed,200.0
bidisperse_a0.005_sr0.667_x1.5_N4000_L24_T400000_seed1_cont2_dense500.npz,1.5,1,500,9,9,shrink,600.0
bidisperse_a0.005_sr0.667_x1.5_N4000_L24_T400000_seed1_cont2_dense500.npz,1.5,1,500,9,9,grow,1650.0
bidisperse_a0.005_sr0.667_x1.5_N4000_L24_T400000_seed1_cont2_dense500.npz,1.5,1,500,9,8,shrink,1450.0
bidisperse_a0.005_sr0.667_x1.5_N4000_L24_T400000_seed1_cont2_dense500.npz,1.5,1,500,9,7,shrink,1250.0
bidisperse_a0.005_sr0.667_x1.5_N4000_L24_T400000_seed1_cont2_dense500.npz,1.5,1,500,9,7,shrink,300.0
bidisperse_a0.005_sr0.667_x1.5_N4000_L24_T400000_seed1_cont2_dense500.npz,1.5,1,500,9,7,grow,600.0
bidisperse_a0.005_sr0.667_x1.5_N4000_L24_T400000_seed1_cont2_dense500.npz,1.5,1,500,9,7,grow,500.0
bidisperse_a0.005_sr0.667_x1.5_N4000_L24_T400000_seed1_cont2_dense500.npz,1.5,1,500,9,7,grow,50.0
bidisperse_a0.005_sr0.667_x1.5_N4000_L24_T400000_seed1_cont2_dense500.npz,1.5,1,500,9,6,shrink,1150.0
bidisperse_a0.005_sr0.667_x1.5_N4000_L24_T400000_seed1_cont2_dense500.npz,1.5,1,500,9,6,shrink,650.0
bidisperse_a0.005_sr0.667_x1.5_N4000_L24_T400000_seed1_cont2_dense500.npz,1.5,1,500,9,6,shrink,350.0
bidisperse_a0.005_sr0.667_x1.5_N4000_L24_T400000_seed1_cont2_dense500.npz,1.5,1,500,9,5,shrink,900.0
bidisperse_a0.005_sr0.667_x1.5_N4000_L24_T400000_seed1_cont2_dense500.npz,1.5,1,500,9,5,shrink,200.0
bidisperse_a0.005_sr0.667_x1.5_N4000_L24_T400000_seed1_cont2_dense500.npz,1.5,1,500,9,5,shrink,450.0
bidisperse_a0.005_sr0.667_x1.5_N4000_L24_T400000_seed1_cont2_dense500.npz,1.5,1,500,9,5,shrink,250.0
bidisperse_a0.005_sr0.667_x1.5_N4000_L24_T400000_seed1_cont2_dense500.npz,1.5,1,500,9,5,shrink,1800.0
bidisperse_a0.005_sr0.667_x1.5_N4000_L24_T400000_seed1_cont2_dense500.npz,1.5,1,500,9,5,shrink,550.0
bidisperse_a0.005_sr0.667_x1.5_N4000_L24_T400000_seed1_cont2_dense500.npz,1.5,1,500,9,5,shrink,150.0
bidisperse_a0.005_sr0.667_x1.5_N4000_L24_T400000_seed1_cont2_dense500.npz,1.5,1,500,9,5,shrink,1250.0
bidisperse_a0.005_sr0.667_x1.5_N4000_L24_T400000_seed1_cont2_dense500.npz,1.5,1,500,9,5,shrink,100.0
bidisperse_a0.005_sr0.667_x1.5_N4000_L24_T400000_seed1_cont2_dense500.npz,1.5,1,500,9,5,shrink,200.0
bidisperse_a0.005_sr0.667_x1.5_N4000_L24_T400000_seed1_cont2_dense500.npz,1.5,1,500,9,5,shrink,200.0
bidisperse_a0.005_sr0.667_x1.5_N4000_L24_T400000_seed1_cont2_dense500.npz,1.5,1,500,9,5,shrink,150.0
bidisperse_a0.005_sr0.667_x1.5_N4000_L24_T400000_seed1_cont2_dense500.npz,1.5,1,500,9,4,grow,300.0
bidisperse_a0.005_sr0.667_x1.5_N4000_L24_T400000_seed1_cont2_dense500.npz,1.5,1,500,9,4,shrink,1200.0
bidisperse_a0.005_sr0.667_x1.5_N4000_L24_T400000_seed1_cont2_dense500.npz,1.5,1,500,9,4,shrink,550.0
bidisperse_a0.005_sr0.667_x1.5_N4000_L24_T400000_seed1_cont2_dense500.npz,1.5,1,500,9,4,shrink,300.0
bidisperse_a0.005_sr0.667_x1.5_N4000_L24_T400000_seed1_cont2_dense500.npz,1.5,1,500,9,4,shrink,1450.0
bidisperse_a0.005_sr0.667_x1.5_N4000_L24_T400000_seed1_cont2_dense500.npz,1.5,1,500,9,4,shrink,450.0
bidisperse_a0.005_sr0.667_x1.5_N4000_L24_T400000_seed1_cont2_dense500.npz,1.5,1,500,9,4,shrink,50.0
bidisperse_a0.005_sr0.667_x1.5_N4000_L24_T400000_seed1_cont2_dense500.npz,1.5,1,500,9,4,shrink,50.0
bidisperse_a0.005_sr0.667_x1.5_N4000_L24_T400000_seed1_cont2_dense500.npz,1.5,1,500,9,4,grow,1200.0
bidisperse_a0.005_sr0.667_x1.5_N4000_L24_T400000_seed1_cont2_dense500.npz,1.5,1,500,9,4,shrink,250.0
bidisperse_a0.005_sr0.667_x1.5_N4000_L24_T400000_seed1_cont2_dense500.npz,1.5,1,500,9,3,shrink,50.0
bidisperse_a0.005_sr0.667_x1.5_N4000_L24_T400000_seed1_cont2_dense500.npz,1.5,1,500,9,3,shrink,250.0
bidisperse_a0.005_sr0.667_x1.5_N4000_L24_T400000_seed1_cont2_dense500.npz,1.5,1,500,9,3,shrink,100.0
bidisperse_a0.005_sr0.667_x1.5_N4000_L24_T400000_seed1_cont2_dense500.npz,1.5,1,500,9,3,shrink,550.0
bidisperse_a0.005_sr0.667_x1.5_N4000_L24_T400000_seed1_cont2_dense500.npz,1.5,1,500,9,3,shrink,300.0
bidisperse_a0.005_sr0.667_x1.5_N4000_L24_T400000_seed1_cont2_dense500.npz,1.5,1,500,9,3,shrink,50.0
bidisperse_a0.005_sr0.667_x1.5_N4000_L24_T400000_seed1_cont2_dense500.npz,1.5,1,500,9,3,shrink,50.0
bidisperse_a0.005_sr0.667_x1.5_N4000_L24_T400000_seed1_cont2_dense500.npz,1.5,1,500,9,3,shrink,50.0
bidisperse_a0.005_sr0.667_x1.5_N4000_L24_T400000_seed1_cont2_dense500.npz,1.5,1,500,9,3,shrink,200.0
bidisperse_a0.005_sr0.667_x1.5_N4000_L24_T400000_seed1_cont2_dense500.npz,1.5,1,500,9,3,shrink,100.0
bidisperse_a0.005_sr0.667_x1.5_N4000_L24_T400000_seed1_cont2_dense500.npz,1.5,1,500,9,3,absorbed,200.0
bidisperse_a0.005_sr0.667_x1.5_N4000_L24_T400000_seed1_cont2_dense500.npz,1.5,1,500,9,3,shrink,700.0
bidisperse_a0.005_sr0.667_x1.5_N4000_L24_T400000_seed1_cont2_dense500.npz,1.5,1,500,9,3,shrink,100.0
bidisperse_a0.005_sr0.667_x1.5_N4000_L24_T400000_seed1_cont2_dense500.npz,1.5,1,500,9,3,shrink,100.0
bidisperse_a0.005_sr0.667_x1.5_N4000_L24_T400000_seed1_cont2_dense500.npz,1.5,1,500,9,3,shrink,200.0
bidisperse_a0.005_sr0.667_x1.5_N4000_L24_T400000_seed1_cont2_dense500.npz,1.5,1,500,9,3,shrink,50.0
bidisperse_a0.005_sr0.667_x1.5_N4000_L24_T400000_seed1_cont2_dense500.npz,1.5,1,500,9,3,shrink,100.0
bidisperse_a0.005_sr0.667_x1.5_N4000_L24_T400000_seed1_cont2_dense500.npz,1.5,1,500,9,3,shrink,2250.0
bidisperse_a0.005_sr0.667_x1.5_N4000_L24_T400000_seed1_cont2_dense500.npz,1.5,1,500,9,3,shrink,50.0
bidisperse_a0.005_sr0.667_x1.5_N4000_L24_T400000_seed1_cont2_dense500.npz,1.5,1,500,9,3,shrink,100.0
bidisperse_a0.005_sr0.667_x1.5_N4000_L24_T400000_seed1_cont2_dense500.npz,1.5,1,500,9,3,shrink,700.0
bidisperse_a0.005_sr0.667_x1.5_N4000_L24_T400000_seed1_cont2_dense500.npz,1.5,1,500,8,153,grow,50.0
bidisperse_a0.005_sr0.667_x1.5_N4000_L24_T400000_seed1_cont2_dense500.npz,1.5,1,500,8,70,grow,50.0
bidisperse_a0.005_sr0.667_x1.5_N4000_L24_T400000_seed1_cont2_dense500.npz,1.5,1,500,8,26,grow,50.0
bidisperse_a0.005_sr0.667_x1.5_N4000_L24_T400000_seed1_cont2_dense500.npz,1.5,1,500,8,25,grow,50.0
bidisperse_a0.005_sr0.667_x1.5_N4000_L24_T400000_seed1_cont2_dense500.npz,1.5,1,500,8,22,grow,50.0
bidisperse_a0.005_sr0.667_x1.5_N4000_L24_T400000_seed1_cont2_dense500.npz,1.5,1,500,8,17,grow,250.0
bidisperse_a0.005_sr0.667_x1.5_N4000_L24_T400000_seed1_cont2_dense500.npz,1.5,1,500,8,17,grow,200.0
bidisperse_a0.005_sr0.667_x1.5_N4000_L24_T400000_seed1_cont2_dense500.npz,1.5,1,500,8,14,absorbed,100.0
bidisperse_a0.005_sr0.667_x1.5_N4000_L24_T400000_seed1_cont2_dense500.npz,1.5,1,500,8,13,shrink,1050.0
bidisperse_a0.005_sr0.667_x1.5_N4000_L24_T400000_seed1_cont2_dense500.npz,1.5,1,500,8,12,grow,50.0
bidisperse_a0.005_sr0.667_x1.5_N4000_L24_T400000_seed1_cont2_dense500.npz,1.5,1,500,8,12,shrink,650.0
bidisperse_a0.005_sr0.667_x1.5_N4000_L24_T400000_seed1_cont2_dense500.npz,1.5,1,500,8,11,grow,2750.0
bidisperse_a0.005_sr0.667_x1.5_N4000_L24_T400000_seed1_cont2_dense500.npz,1.5,1,500,8,11,shrink,2400.0
bidisperse_a0.005_sr0.667_x1.5_N4000_L24_T400000_seed1_cont2_dense500.npz,1.5,1,500,8,11,grow,1100.0
bidisperse_a0.005_sr0.667_x1.5_N4000_L24_T400000_seed1_cont2_dense500.npz,1.5,1,500,8,10,shrink,550.0
bidisperse_a0.005_sr0.667_x1.5_N4000_L24_T400000_seed1_cont2_dense500.npz,1.5,1,500,8,10,grow,100.0
bidisperse_a0.005_sr0.667_x1.5_N4000_L24_T400000_seed1_cont2_dense500.npz,1.5,1,500,8,9,grow,50.0
bidisperse_a0.005_sr0.667_x1.5_N4000_L24_T400000_seed1_cont2_dense500.npz,1.5,1,500,8,9,absorbed,200.0
bidisperse_a0.005_sr0.667_x1.5_N4000_L24_T400000_seed1_cont2_dense500.npz,1.5,1,500,8,9,shrink,1500.0
bidisperse_a0.005_sr0.667_x1.5_N4000_L24_T400000_seed1_cont2_dense500.npz,1.5,1,500,8,9,shrink,450.0
bidisperse_a0.005_sr0.667_x1.5_N4000_L24_T400000_seed1_cont2_dense500.npz,1.5,1,500,8,8,absorbed,250.0
bidisperse_a0.005_sr0.667_x1.5_N4000_L24_T400000_seed1_cont2_dense500.npz,1.5,1,500,8,7,shrink,750.0
bidisperse_a0.005_sr0.667_x1.5_N4000_L24_T400000_seed1_cont2_dense500.npz,1.5,1,500,8,7,shrink,250.0
bidisperse_a0.005_sr0.667_x1.5_N4000_L24_T400000_seed1_cont2_dense500.npz,1.5,1,500,8,7,shrink,1500.0
bidisperse_a0.005_sr0.667_x1.5_N4000_L24_T400000_seed1_cont2_dense500.npz,1.5,1,500,8,7,shrink,750.0
bidisperse_a0.005_sr0.667_x1.5_N4000_L24_T400000_seed1_cont2_dense500.npz,1.5,1,500,8,7,shrink,1550.0
bidisperse_a0.005_sr0.667_x1.5_N4000_L24_T400000_seed1_cont2_dense500.npz,1.5,1,500,8,6,shrink,300.0
bidisperse_a0.005_sr0.667_x1.5_N4000_L24_T400000_seed1_cont2_dense500.npz,1.5,1,500,8,6,shrink,450.0
bidisperse_a0.005_sr0.667_x1.5_N4000_L24_T400000_seed1_cont2_dense500.npz,1.5,1,500,8,6,shrink,350.0
bidisperse_a0.005_sr0.667_x1.5_N4000_L24_T400000_seed1_cont2_dense500.npz,1.5,1,500,8,5,shrink,900.0
bidisperse_a0.005_sr0.667_x1.5_N4000_L24_T400000_seed1_cont2_dense500.npz,1.5,1,500,8,5,shrink,300.0
bidisperse_a0.005_sr0.667_x1.5_N4000_L24_T400000_seed1_cont2_dense500.npz,1.5,1,500,8,5,shrink,200.0
bidisperse_a0.005_sr0.667_x1.5_N4000_L24_T400000_seed1_cont2_dense500.npz,1.5,1,500,8,5,absorbed,100.0
bidisperse_a0.005_sr0.667_x1.5_N4000_L24_T400000_seed1_cont2_dense500.npz,1.5,1,500,8,5,shrink,200.0
bidisperse_a0.005_sr0.667_x1.5_N4000_L24_T400000_seed1_cont2_dense500.npz,1.5,1,500,8,5,shrink,350.0
bidisperse_a0.005_sr0.667_x1.5_N4000_L24_T400000_seed1_cont2_dense500.npz,1.5,1,500,8,5,absorbed,350.0
bidisperse_a0.005_sr0.667_x1.5_N4000_L24_T400000_seed1_cont2_dense500.npz,1.5,1,500,8,5,grow,1400.0
bidisperse_a0.005_sr0.667_x1.5_N4000_L24_T400000_seed1_cont2_dense500.npz,1.5,1,500,8,5,shrink,450.0
bidisperse_a0.005_sr0.667_x1.5_N4000_L24_T400000_seed1_cont2_dense500.npz,1.5,1,500,8,5,shrink,1050.0
bidisperse_a0.005_sr0.667_x1.5_N4000_L24_T400000_seed1_cont2_dense500.npz,1.5,1,500,8,5,shrink,100.0
bidisperse_a0.005_sr0.667_x1.5_N4000_L24_T400000_seed1_cont2_dense500.npz,1.5,1,500,8,5,shrink,100.0
bidisperse_a0.005_sr0.667_x1.5_N4000_L24_T400000_seed1_cont2_dense500.npz,1.5,1,500,8,4,shrink,450.0
bidisperse_a0.005_sr0.667_x1.5_N4000_L24_T400000_seed1_cont2_dense500.npz,1.5,1,500,8,4,shrink,200.0
bidisperse_a0.005_sr0.667_x1.5_N4000_L24_T400000_seed1_cont2_dense500.npz,1.5,1,500,8,4,shrink,800.0
bidisperse_a0.005_sr0.667_x1.5_N4000_L24_T400000_seed1_cont2_dense500.npz,1.5,1,500,8,4,shrink,50.0
bidisperse_a0.005_sr0.667_x1.5_N4000_L24_T400000_seed1_cont2_dense500.npz,1.5,1,500,8,4,absorbed,250.0
bidisperse_a0.005_sr0.667_x1.5_N4000_L24_T400000_seed1_cont2_dense500.npz,1.5,1,500,8,4,shrink,1050.0
bidisperse_a0.005_sr0.667_x1.5_N4000_L24_T400000_seed1_cont2_dense500.npz,1.5,1,500,8,4,shrink,150.0
bidisperse_a0.005_sr0.667_x1.5_N4000_L24_T400000_seed1_cont2_dense500.npz,1.5,1,500,8,4,shrink,300.0
bidisperse_a0.005_sr0.667_x1.5_N4000_L24_T400000_seed1_cont2_dense500.npz,1.5,1,500,8,4,grow,2300.0
bidisperse_a0.005_sr0.667_x1.5_N4000_L24_T400000_seed1_cont2_dense500.npz,1.5,1,500,8,4,shrink,300.0
bidisperse_a0.005_sr0.667_x1.5_N4000_L24_T400000_seed1_cont2_dense500.npz,1.5,1,500,8,3,shrink,50.0
bidisperse_a0.005_sr0.667_x1.5_N4000_L24_T400000_seed1_cont2_dense500.npz,1.5,1,500,8,3,shrink,50.0
bidisperse_a0.005_sr0.667_x1.5_N4000_L24_T400000_seed1_cont2_dense500.npz,1.5,1,500,8,3,shrink,200.0
bidisperse_a0.005_sr0.667_x1.5_N4000_L24_T400000_seed1_cont2_dense500.npz,1.5,1,500,8,3,shrink,50.0
bidisperse_a0.005_sr0.667_x1.5_N4000_L24_T400000_seed1_cont2_dense500.npz,1.5,1,500,8,3,shrink,50.0
bidisperse_a0.005_sr0.667_x1.5_N4000_L24_T400000_seed1_cont2_dense500.npz,1.5,1,500,8,3,shrink,50.0
bidisperse_a0.005_sr0.667_x1.5_N4000_L24_T400000_seed1_cont2_dense500.npz,1.5,1,500,8,3,shrink,150.0
bidisperse_a0.005_sr0.667_x1.5_N4000_L24_T400000_seed1_cont2_dense500.npz,1.5,1,500,8,3,grow,1400.0
bidisperse_a0.005_sr0.667_x1.5_N4000_L24_T400000_seed1_cont2_dense500.npz,1.5,1,500,8,3,shrink,100.0
bidisperse_a0.005_sr0.667_x1.5_N4000_L24_T400000_seed1_cont2_dense500.npz,1.5,1,500,8,3,absorbed,2350.0
bidisperse_a0.005_sr0.667_x1.5_N4000_L24_T400000_seed1_cont2_dense500.npz,1.5,1,500,8,3,absorbed,50.0
bidisperse_a0.005_sr0.667_x1.5_N4000_L24_T400000_seed1_cont2_dense500.npz,1.5,1,500,8,3,shrink,650.0
bidisperse_a0.005_sr0.667_x1.5_N4000_L24_T400000_seed1_cont2_dense500.npz,1.5,1,500,8,3,shrink,100.0
bidisperse_a0.005_sr0.667_x1.5_N4000_L24_T400000_seed1_cont2_dense500.npz,1.5,1,500,8,3,shrink,150.0
bidisperse_a0.005_sr0.667_x1.5_N4000_L24_T400000_seed1_cont2_dense500.npz,1.5,1,500,8,3,shrink,650.0
bidisperse_a0.005_sr0.667_x1.5_N4000_L24_T400000_seed1_cont2_dense500.npz,1.5,1,500,8,3,shrink,150.0
bidisperse_a0.005_sr0.667_x1.5_N4000_L24_T400000_seed1_cont2_dense500.npz,1.5,1,500,8,3,shrink,50.0
bidisperse_a0.005_sr0.667_x1.5_N4000_L24_T400000_seed1_cont2_dense500.npz,1.5,1,500,8,3,shrink,2400.0
bidisperse_a0.005_sr0.667_x1.5_N4000_L24_T400000_seed1_cont2_dense500.npz,1.5,1,500,8,3,shrink,100.0
bidisperse_a0.005_sr0.667_x1.5_N4000_L24_T400000_seed1_cont2_dense500.npz,1.5,1,500,8,3,shrink,50.0
bidisperse_a0.005_sr0.667_x1.5_N4000_L24_T400000_seed1_cont2_dense500.npz,1.5,1,500,8,3,shrink,650.0
bidisperse_a0.005_sr0.667_x1.5_N4000_L24_T400000_seed1_cont2_dense500.npz,1.5,1,500,10,153,grow,50.0
bidisperse_a0.005_sr0.667_x1.5_N4000_L24_T400000_seed1_cont2_dense500.npz,1.5,1,500,10,70,grow,50.0
bidisperse_a0.005_sr0.667_x1.5_N4000_L24_T400000_seed1_cont2_dense500.npz,1.5,1,500,10,26,grow,50.0
bidisperse_a0.005_sr0.667_x1.5_N4000_L24_T400000_seed1_cont2_dense500.npz,1.5,1,500,10,25,grow,50.0
bidisperse_a0.005_sr0.667_x1.5_N4000_L24_T400000_seed1_cont2_dense500.npz,1.5,1,500,10,22,grow,50.0
bidisperse_a0.005_sr0.667_x1.5_N4000_L24_T400000_seed1_cont2_dense500.npz,1.5,1,500,10,17,grow,200.0
bidisperse_a0.005_sr0.667_x1.5_N4000_L24_T400000_seed1_cont2_dense500.npz,1.5,1,500,10,17,grow,150.0
bidisperse_a0.005_sr0.667_x1.5_N4000_L24_T400000_seed1_cont2_dense500.npz,1.5,1,500,10,14,absorbed,50.0
bidisperse_a0.005_sr0.667_x1.5_N4000_L24_T400000_seed1_cont2_dense500.npz,1.5,1,500,10,13,absorbed,200.0
bidisperse_a0.005_sr0.667_x1.5_N4000_L24_T400000_seed1_cont2_dense500.npz,1.5,1,500,10,12,grow,500.0
bidisperse_a0.005_sr0.667_x1.5_N4000_L24_T400000_seed1_cont2_dense500.npz,1.5,1,500,10,12,shrink,1900.0
bidisperse_a0.005_sr0.667_x1.5_N4000_L24_T400000_seed1_cont2_dense500.npz,1.5,1,500,10,11,shrink,2350.0
bidisperse_a0.005_sr0.667_x1.5_N4000_L24_T400000_seed1_cont2_dense500.npz,1.5,1,500,10,11,shrink,1250.0
bidisperse_a0.005_sr0.667_x1.5_N4000_L24_T400000_seed1_cont2_dense500.npz,1.5,1,500,10,11,grow,1750.0
bidisperse_a0.005_sr0.667_x1.5_N4000_L24_T400000_seed1_cont2_dense500.npz,1.5,1,500,10,10,shrink,650.0
bidisperse_a0.005_sr0.667_x1.5_N4000_L24_T400000_seed1_cont2_dense500.npz,1.5,1,500,10,10,grow,50.0
bidisperse_a0.005_sr0.667_x1.5_N4000_L24_T400000_seed1_cont2_dense500.npz,1.5,1,500,10,9,grow,50.0
bidisperse_a0.005_sr0.667_x1.5_N4000_L24_T400000_seed1_cont2_dense500.npz,1.5,1,500,10,9,absorbed,200.0
bidisperse_a0.005_sr0.667_x1.5_N4000_L24_T400000_seed1_cont2_dense500.npz,1.5,1,500,10,9,shrink,1200.0
bidisperse_a0.005_sr0.667_x1.5_N4000_L24_T400000_seed1_cont2_dense500.npz,1.5,1,500,10,9,shrink,200.0
bidisperse_a0.005_sr0.667_x1.5_N4000_L24_T400000_seed1_cont2_dense500.npz,1.5,1,500,10,8,absorbed,1150.0
bidisperse_a0.005_sr0.667_x1.5_N4000_L24_T400000_seed1_cont2_dense500.npz,1.5,1,500,10,7,shrink,150.0
bidisperse_a0.005_sr0.667_x1.5_N4000_L24_T400000_seed1_cont2_dense500.npz,1.5,1,500,10,7,shrink,350.0
bidisperse_a0.005_sr0.667_x1.5_N4000_L24_T400000_seed1_cont2_dense500.npz,1.5,1,500,10,7,shrink,900.0
bidisperse_a0.005_sr0.667_x1.5_N4000_L24_T400000_seed1_cont2_dense500.npz,1.5,1,500,10,7,absorbed,2150.0
bidisperse_a0.005_sr0.667_x1.5_N4000_L24_T400000_seed1_cont2_dense500.npz,1.5,1,500,10,7,grow,200.0
bidisperse_a0.005_sr0.667_x1.5_N4000_L24_T400000_seed1_cont2_dense500.npz,1.5,1,500,10,6,shrink,950.0
bidisperse_a0.005_sr0.667_x1.5_N4000_L24_T400000_seed1_cont2_dense500.npz,1.5,1,500,10,6,shrink,1450.0
bidisperse_a0.005_sr0.667_x1.5_N4000_L24_T400000_seed1_cont2_dense500.npz,1.5,1,500,10,6,shrink,300.0
bidisperse_a0.005_sr0.667_x1.5_N4000_L24_T400000_seed1_cont2_dense500.npz,1.5,1,500,10,5,shrink,400.0
bidisperse_a0.005_sr0.667_x1.5_N4000_L24_T400000_seed1_cont2_dense500.npz,1.5,1,500,10,5,shrink,250.0
bidisperse_a0.005_sr0.667_x1.5_N4000_L24_T400000_seed1_cont2_dense500.npz,1.5,1,500,10,5,shrink,200.0
bidisperse_a0.005_sr0.667_x1.5_N4000_L24_T400000_seed1_cont2_dense500.npz,1.5,1,500,10,5,shrink,400.0
bidisperse_a0.005_sr0.667_x1.5_N4000_L24_T400000_seed1_cont2_dense500.npz,1.5,1,500,10,5,shrink,850.0
bidisperse_a0.005_sr0.667_x1.5_N4000_L24_T400000_seed1_cont2_dense500.npz,1.5,1,500,10,5,shrink,550.0
bidisperse_a0.005_sr0.667_x1.5_N4000_L24_T400000_seed1_cont2_dense500.npz,1.5,1,500,10,5,shrink,200.0
bidisperse_a0.005_sr0.667_x1.5_N4000_L24_T400000_seed1_cont2_dense500.npz,1.5,1,500,10,5,shrink,50.0
bidisperse_a0.005_sr0.667_x1.5_N4000_L24_T400000_seed1_cont2_dense500.npz,1.5,1,500,10,5,shrink,150.0
bidisperse_a0.005_sr0.667_x1.5_N4000_L24_T400000_seed1_cont2_dense500.npz,1.5,1,500,10,5,shrink,50.0
bidisperse_a0.005_sr0.667_x1.5_N4000_L24_T400000_seed1_cont2_dense500.npz,1.5,1,500,10,5,shrink,250.0
bidisperse_a0.005_sr0.667_x1.5_N4000_L24_T400000_seed1_cont2_dense500.npz,1.5,1,500,10,5,shrink,150.0
bidisperse_a0.005_sr0.667_x1.5_N4000_L24_T400000_seed1_cont2_dense500.npz,1.5,1,500,10,4,grow,400.0
bidisperse_a0.005_sr0.667_x1.5_N4000_L24_T400000_seed1_cont2_dense500.npz,1.5,1,500,10,4,shrink,650.0
bidisperse_a0.005_sr0.667_x1.5_N4000_L24_T400000_seed1_cont2_dense500.npz,1.5,1,500,10,4,shrink,650.0
bidisperse_a0.005_sr0.667_x1.5_N4000_L24_T400000_seed1_cont2_dense500.npz,1.5,1,500,10,4,shrink,450.0
bidisperse_a0.005_sr0.667_x1.5_N4000_L24_T400000_seed1_cont2_dense500.npz,1.5,1,500,10,4,absorbed,1150.0
bidisperse_a0.005_sr0.667_x1.5_N4000_L24_T400000_seed1_cont2_dense500.npz,1.5,1,500,10,4,shrink,100.0
bidisperse_a0.005_sr0.667_x1.5_N4000_L24_T400000_seed1_cont2_dense500.npz,1.5,1,500,10,4,shrink,250.0
bidisperse_a0.005_sr0.667_x1.5_N4000_L24_T400000_seed1_cont2_dense500.npz,1.5,1,500,10,4,shrink,250.0
bidisperse_a0.005_sr0.667_x1.5_N4000_L24_T400000_seed1_cont2_dense500.npz,1.5,1,500,10,4,open,0.0
bidisperse_a0.005_sr0.667_x1.5_N4000_L24_T400000_seed1_cont2_dense500.npz,1.5,1,500,10,4,shrink,50.0
bidisperse_a0.005_sr0.667_x1.5_N4000_L24_T400000_seed1_cont2_dense500.npz,1.5,1,500,10,3,shrink,150.0
bidisperse_a0.005_sr0.667_x1.5_N4000_L24_T400000_seed1_cont2_dense500.npz,1.5,1,500,10,3,shrink,150.0
bidisperse_a0.005_sr0.667_x1.5_N4000_L24_T400000_seed1_cont2_dense500.npz,1.5,1,500,10,3,shrink,50.0
bidisperse_a0.005_sr0.667_x1.5_N4000_L24_T400000_seed1_cont2_dense500.npz,1.5,1,500,10,3,shrink,550.0
bidisperse_a0.005_sr0.667_x1.5_N4000_L24_T400000_seed1_cont2_dense500.npz,1.5,1,500,10,3,shrink,550.0
bidisperse_a0.005_sr0.667_x1.5_N4000_L24_T400000_seed1_cont2_dense500.npz,1.5,1,500,10,3,shrink,50.0
bidisperse_a0.005_sr0.667_x1.5_N4000_L24_T400000_seed1_cont2_dense500.npz,1.5,1,500,10,3,shrink,50.0
bidisperse_a0.005_sr0.667_x1.5_N4000_L24_T400000_seed1_cont2_dense500.npz,1.5,1,500,10,3,shrink,200.0
bidisperse_a0.005_sr0.667_x1.5_N4000_L24_T400000_seed1_cont2_dense500.npz,1.5,1,500,10,3,shrink,250.0
bidisperse_a0.005_sr0.667_x1.5_N4000_L24_T400000_seed1_cont2_dense500.npz,1.5,1,500,10,3,shrink,50.0
bidisperse_a0.005_sr0.667_x1.5_N4000_L24_T400000_seed1_cont2_dense500.npz,1.5,1,500,10,3,absorbed,100.0
bidisperse_a0.005_sr0.667_x1.5_N4000_L24_T400000_seed1_cont2_dense500.npz,1.5,1,500,10,3,shrink,1450.0
bidisperse_a0.005_sr0.667_x1.5_N4000_L24_T400000_seed1_cont2_dense500.npz,1.5,1,500,10,3,shrink,50.0
bidisperse_a0.005_sr0.667_x1.5_N4000_L24_T400000_seed1_cont2_dense500.npz,1.5,1,500,10,3,shrink,100.0
bidisperse_a0.005_sr0.667_x1.5_N4000_L24_T400000_seed1_cont2_dense500.npz,1.5,1,500,10,3,shrink,50.0
bidisperse_a0.005_sr0.667_x1.5_N4000_L24_T400000_seed1_cont2_dense500.npz,1.5,1,500,10,3,shrink,100.0
bidisperse_a0.005_sr0.667_x1.5_N4000_L24_T400000_seed1_cont2_dense500.npz,1.5,1,500,10,3,shrink,200.0
bidisperse_a0.005_sr0.667_x1.5_N4000_L24_T400000_seed1_cont2_dense500.npz,1.5,1,500,10,3,shrink,1250.0
bidisperse_a0.005_sr0.667_x1.5_N4000_L24_T400000_seed1_cont2_dense500.npz,1.5,1,500,10,3,shrink,150.0
bidisperse_a0.005_sr0.667_x1.5_N4000_L24_T400000_seed1_cont2_dense500.npz,1.5,1,500,10,3,shrink,250.0
bidisperse_a0.005_sr0.667_x1.5_N4000_L24_T400000_seed1_cont2_dense500.npz,1.5,1,500,10,3,shrink,1450.0
bidisperse_a0.005_sr0.667_x1.5_N4000_L24_T400000_seed1_cont2_dense500.npz,1.5,1,500,11,153,grow,50.0
bidisperse_a0.005_sr0.667_x1.5_N4000_L24_T400000_seed1_cont2_dense500.npz,1.5,1,500,11,70,grow,50.0
bidisperse_a0.005_sr0.667_x1.5_N4000_L24_T400000_seed1_cont2_dense500.npz,1.5,1,500,11,26,grow,50.0
bidisperse_a0.005_sr0.667_x1.5_N4000_L24_T400000_seed1_cont2_dense500.npz,1.5,1,500,11,25,grow,50.0
bidisperse_a0.005_sr0.667_x1.5_N4000_L24_T400000_seed1_cont2_dense500.npz,1.5,1,500,11,22,grow,50.0
bidisperse_a0.005_sr0.667_x1.5_N4000_L24_T400000_seed1_cont2_dense500.npz,1.5,1,500,11,17,grow,400.0
bidisperse_a0.005_sr0.667_x1.5_N4000_L24_T400000_seed1_cont2_dense500.npz,1.5,1,500,11,17,shrink,2100.0
bidisperse_a0.005_sr0.667_x1.5_N4000_L24_T400000_seed1_cont2_dense500.npz,1.5,1,500,11,14,absorbed,50.0
bidisperse_a0.005_sr0.667_x1.5_N4000_L24_T400000_seed1_cont2_dense500.npz,1.5,1,500,11,13,absorbed,550.0
bidisperse_a0.005_sr0.667_x1.5_N4000_L24_T400000_seed1_cont2_dense500.npz,1.5,1,500,11,12,grow,150.0
bidisperse_a0.005_sr0.667_x1.5_N4000_L24_T400000_seed1_cont2_dense500.npz,1.5,1,500,11,12,open,0.0
bidisperse_a0.005_sr0.667_x1.5_N4000_L24_T400000_seed1_cont2_dense500.npz,1.5,1,500,11,11,open,0.0
bidisperse_a0.005_sr0.667_x1.5_N4000_L24_T400000_seed1_cont2_dense500.npz,1.5,1,500,11,11,shrink,2100.0
bidisperse_a0.005_sr0.667_x1.5_N4000_L24_T400000_seed1_cont2_dense500.npz,1.5,1,500,11,11,grow,1500.0
bidisperse_a0.005_sr0.667_x1.5_N4000_L24_T400000_seed1_cont2_dense500.npz,1.5,1,500,11,10,shrink,750.0
bidisperse_a0.005_sr0.667_x1.5_N4000_L24_T400000_seed1_cont2_dense500.npz,1.5,1,500,11,10,grow,50.0
bidisperse_a0.005_sr0.667_x1.5_N4000_L24_T400000_seed1_cont2_dense500.npz,1.5,1,500,11,9,grow,50.0
bidisperse_a0.005_sr0.667_x1.5_N4000_L24_T400000_seed1_cont2_dense500.npz,1.5,1,500,11,9,absorbed,250.0
bidisperse_a0.005_sr0.667_x1.5_N4000_L24_T400000_seed1_cont2_dense500.npz,1.5,1,500,11,9,shrink,550.0
bidisperse_a0.005_sr0.667_x1.5_N4000_L24_T400000_seed1_cont2_dense500.npz,1.5,1,500,11,9,grow,1100.0
bidisperse_a0.005_sr0.667_x1.5_N4000_L24_T400000_seed1_cont2_dense500.npz,1.5,1,500,11,8,absorbed,1200.0
bidisperse_a0.005_sr0.667_x1.5_N4000_L24_T400000_seed1_cont2_dense500.npz,1.5,1,500,11,7,shrink,100.0
bidisperse_a0.005_sr0.667_x1.5_N4000_L24_T400000_seed1_cont2_dense500.npz,1.5,1,500,11,7,shrink,300.0
bidisperse_a0.005_sr0.667_x1.5_N4000_L24_T400000_seed1_cont2_dense500.npz,1.5,1,500,11,7,grow,400.0
bidisperse_a0.005_sr0.667_x1.5_N4000_L24_T400000_seed1_cont2_dense500.npz,1.5,1,500,11,7,grow,1100.0
bidisperse_a0.005_sr0.667_x1.5_N4000_L24_T400000_seed1_cont2_dense500.npz,1.5,1,500,11,7,open,0.0
bidisperse_a0.005_sr0.667_x1.5_N4000_L24_T400000_seed1_cont2_dense500.npz,1.5,1,500,11,6,shrink,400.0
bidisperse_a0.005_sr0.667_x1.5_N4000_L24_T400000_seed1_cont2_dense500.npz,1.5,1,500,11,6,shrink,700.0
bidisperse_a0.005_sr0.667_x1.5_N4000_L24_T400000_seed1_cont2_dense500.npz,1.5,1,500,11,6,shrink,250.0
bidisperse_a0.005_sr0.667_x1.5_N4000_L24_T400000_seed1_cont2_dense500.npz,1.5,1,500,11,5,shrink,250.0
bidisperse_a0.005_sr0.667_x1.5_N4000_L24_T400000_seed1_cont2_dense500.npz,1.5,1,500,11,5,shrink,450.0
bidisperse_a0.005_sr0.667_x1.5_N4000_L24_T400000_seed1_cont2_dense500.npz,1.5,1,500,11,5,grow,650.0
bidisperse_a0.005_sr0.667_x1.5_N4000_L24_T400000_seed1_cont2_dense500.npz,1.5,1,500,11,5,absorbed,300.0
bidisperse_a0.005_sr0.667_x1.5_N4000_L24_T400000_seed1_cont2_dense500.npz,1.5,1,500,11,5,shrink,400.0
bidisperse_a0.005_sr0.667_x1.5_N4000_L24_T400000_seed1_cont2_dense500.npz,1.5,1,500,11,5,shrink,450.0
bidisperse_a0.005_sr0.667_x1.5_N4000_L24_T400000_seed1_cont2_dense500.npz,1.5,1,500,11,5,absorbed,550.0
bidisperse_a0.005_sr0.667_x1.5_N4000_L24_T400000_seed1_cont2_dense500.npz,1.5,1,500,11,5,shrink,1250.0
bidisperse_a0.005_sr0.667_x1.5_N4000_L24_T400000_seed1_cont2_dense500.npz,1.5,1,500,11,5,shrink,50.0
bidisperse_a0.005_sr0.667_x1.5_N4000_L24_T400000_seed1_cont2_dense500.npz,1.5,1,500,11,5,open,0.0
bidisperse_a0.005_sr0.667_x1.5_N4000_L24_T400000_seed1_cont2_dense500.npz,1.5,1,500,11,5,shrink,300.0
bidisperse_a0.005_sr0.667_x1.5_N4000_L24_T400000_seed1_cont2_dense500.npz,1.5,1,500,11,5,shrink,250.0
bidisperse_a0.005_sr0.667_x1.5_N4000_L24_T400000_seed1_cont2_dense500.npz,1.5,1,500,11,4,grow,300.0
bidisperse_a0.005_sr0.667_x1.5_N4000_L24_T400000_seed1_cont2_dense500.npz,1.5,1,500,11,4,shrink,150.0
bidisperse_a0.005_sr0.667_x1.5_N4000_L24_T400000_seed1_cont2_dense500.npz,1.5,1,500,11,4,open,0.0
bidisperse_a0.005_sr0.667_x1.5_N4000_L24_T400000_seed1_cont2_dense500.npz,1.5,1,500,11,4,grow,400.0
bidisperse_a0.005_sr0.667_x1.5_N4000_L24_T400000_seed1_cont2_dense500.npz,1.5,1,500,11,4,absorbed,1200.0
bidisperse_a0.005_sr0.667_x1.5_N4000_L24_T400000_seed1_cont2_dense500.npz,1.5,1,500,11,4,shrink,350.0
bidisperse_a0.005_sr0.667_x1.5_N4000_L24_T400000_seed1_cont2_dense500.npz,1.5,1,500,11,4,shrink,50.0
bidisperse_a0.005_sr0.667_x1.5_N4000_L24_T400000_seed1_cont2_dense500.npz,1.5,1,500,11,4,shrink,100.0
bidisperse_a0.005_sr0.667_x1.5_N4000_L24_T400000_seed1_cont2_dense500.npz,1.5,1,500,11,4,open,0.0
bidisperse_a0.005_sr0.667_x1.5_N4000_L24_T400000_seed1_cont2_dense500.npz,1.5,1,500,11,4,shrink,500.0
bidisperse_a0.005_sr0.667_x1.5_N4000_L24_T400000_seed1_cont2_dense500.npz,1.5,1,500,11,3,shrink,150.0
bidisperse_a0.005_sr0.667_x1.5_N4000_L24_T400000_seed1_cont2_dense500.npz,1.5,1,500,11,3,shrink,100.0
bidisperse_a0.005_sr0.667_x1.5_N4000_L24_T400000_seed1_cont2_dense500.npz,1.5,1,500,11,3,shrink,50.0
bidisperse_a0.005_sr0.667_x1.5_N4000_L24_T400000_seed1_cont2_dense500.npz,1.5,1,500,11,3,shrink,450.0
bidisperse_a0.005_sr0.667_x1.5_N4000_L24_T400000_seed1_cont2_dense500.npz,1.5,1,500,11,3,shrink,300.0
bidisperse_a0.005_sr0.667_x1.5_N4000_L24_T400000_seed1_cont2_dense500.npz,1.5,1,500,11,3,shrink,50.0
bidisperse_a0.005_sr0.667_x1.5_N4000_L24_T400000_seed1_cont2_dense500.npz,1.5,1,500,11,3,shrink,50.0
bidisperse_a0.005_sr0.667_x1.5_N4000_L24_T400000_seed1_cont2_dense500.npz,1.5,1,500,11,3,shrink,50.0
bidisperse_a0.005_sr0.667_x1.5_N4000_L24_T400000_seed1_cont2_dense500.npz,1.5,1,500,11,3,shrink,100.0
bidisperse_a0.005_sr0.667_x1.5_N4000_L24_T400000_seed1_cont2_dense500.npz,1.5,1,500,11,3,shrink,50.0
bidisperse_a0.005_sr0.667_x1.5_N4000_L24_T400000_seed1_cont2_dense500.npz,1.5,1,500,11,3,shrink,50.0
bidisperse_a0.005_sr0.667_x1.5_N4000_L24_T400000_seed1_cont2_dense500.npz,1.5,1,500,11,3,shrink,1000.0
bidisperse_a0.005_sr0.667_x1.5_N4000_L24_T400000_seed1_cont2_dense500.npz,1.5,1,500,11,3,shrink,50.0
bidisperse_a0.005_sr0.667_x1.5_N4000_L24_T400000_seed1_cont2_dense500.npz,1.5,1,500,11,3,shrink,200.0
bidisperse_a0.005_sr0.667_x1.5_N4000_L24_T400000_seed1_cont2_dense500.npz,1.5,1,500,11,3,shrink,400.0
bidisperse_a0.005_sr0.667_x1.5_N4000_L24_T400000_seed1_cont2_dense500.npz,1.5,1,500,11,3,shrink,50.0
bidisperse_a0.005_sr0.667_x1.5_N4000_L24_T400000_seed1_cont2_dense500.npz,1.5,1,500,11,3,shrink,50.0
bidisperse_a0.005_sr0.667_x1.5_N4000_L24_T400000_seed1_cont2_dense500.npz,1.5,1,500,11,3,shrink,2100.0
bidisperse_a0.005_sr0.667_x1.5_N4000_L24_T400000_seed1_cont2_dense500.npz,1.5,1,500,11,3,shrink,50.0
bidisperse_a0.005_sr0.667_x1.5_N4000_L24_T400000_seed1_cont2_dense500.npz,1.5,1,500,11,3,shrink,150.0
bidisperse_a0.005_sr0.667_x1.5_N4000_L24_T400000_seed1_cont2_dense500.npz,1.5,1,500,11,3,shrink,1000.0
bidisperse_a0.005_sr0.667_x1.5_N4000_L24_T400000_seed2_cont2_dense500.npz,1.5,2,250,2,74,grow,50.0
bidisperse_a0.005_sr0.667_x1.5_N4000_L24_T400000_seed2_cont2_dense500.npz,1.5,2,250,2,38,grow,50.0
bidisperse_a0.005_sr0.667_x1.5_N4000_L24_T400000_seed2_cont2_dense500.npz,1.5,2,250,2,34,grow,150.0
bidisperse_a0.005_sr0.667_x1.5_N4000_L24_T400000_seed2_cont2_dense500.npz,1.5,2,250,2,25,grow,50.0
bidisperse_a0.005_sr0.667_x1.5_N4000_L24_T400000_seed2_cont2_dense500.npz,1.5,2,250,2,21,grow,150.0
bidisperse_a0.005_sr0.667_x1.5_N4000_L24_T400000_seed2_cont2_dense500.npz,1.5,2,250,2,21,grow,50.0
bidisperse_a0.005_sr0.667_x1.5_N4000_L24_T400000_seed2_cont2_dense500.npz,1.5,2,250,2,18,shrink,700.0
bidisperse_a0.005_sr0.667_x1.5_N4000_L24_T400000_seed2_cont2_dense500.npz,1.5,2,250,2,16,grow,100.0
bidisperse_a0.005_sr0.667_x1.5_N4000_L24_T400000_seed2_cont2_dense500.npz,1.5,2,250,2,16,grow,150.0
bidisperse_a0.005_sr0.667_x1.5_N4000_L24_T400000_seed2_cont2_dense500.npz,1.5,2,250,2,14,grow,500.0
bidisperse_a0.005_sr0.667_x1.5_N4000_L24_T400000_seed2_cont2_dense500.npz,1.5,2,250,2,13,shrink,1200.0
bidisperse_a0.005_sr0.667_x1.5_N4000_L24_T400000_seed2_cont2_dense500.npz,1.5,2,250,2,10,shrink,550.0
bidisperse_a0.005_sr0.667_x1.5_N4000_L24_T400000_seed2_cont2_dense500.npz,1.5,2,250,2,9,absorbed,1550.0
bidisperse_a0.005_sr0.667_x1.5_N4000_L24_T400000_seed2_cont2_dense500.npz,1.5,2,250,2,9,grow,500.0
bidisperse_a0.005_sr0.667_x1.5_N4000_L24_T400000_seed2_cont2_dense500.npz,1.5,2,250,2,8,grow,200.0
bidisperse_a0.005_sr0.667_x1.5_N4000_L24_T400000_seed2_cont2_dense500.npz,1.5,2,250,2,8,shrink,1950.0
bidisperse_a0.005_sr0.667_x1.5_N4000_L24_T400000_seed2_cont2_dense500.npz,1.5,2,250,2,8,shrink,200.0
bidisperse_a0.005_sr0.667_x1.5_N4000_L24_T400000_seed2_cont2_dense500.npz,1.5,2,250,2,7,shrink,200.0
bidisperse_a0.005_sr0.667_x1.5_N4000_L24_T400000_seed2_cont2_dense500.npz,1.5,2,250,2,7,shrink,800.0
bidisperse_a0.005_sr0.667_x1.5_N4000_L24_T400000_seed2_cont2_dense500.npz,1.5,2,250,2,7,shrink,650.0
bidisperse_a0.005_sr0.667_x1.5_N4000_L24_T400000_seed2_cont2_dense500.npz,1.5,2,250,2,7,shrink,450.0
bidisperse_a0.005_sr0.667_x1.5_N4000_L24_T400000_seed2_cont2_dense500.npz,1.5,2,250,2,6,grow,500.0
bidisperse_a0.005_sr0.667_x1.5_N4000_L24_T400000_seed2_cont2_dense500.npz,1.5,2,250,2,6,shrink,1700.0
bidisperse_a0.005_sr0.667_x1.5_N4000_L24_T400000_seed2_cont2_dense500.npz,1.5,2,250,2,6,grow,1350.0
bidisperse_a0.005_sr0.667_x1.5_N4000_L24_T400000_seed2_cont2_dense500.npz,1.5,2,250,2,6,shrink,950.0
bidisperse_a0.005_sr0.667_x1.5_N4000_L24_T400000_seed2_cont2_dense500.npz,1.5,2,250,2,5,shrink,650.0
bidisperse_a0.005_sr0.667_x1.5_N4000_L24_T400000_seed2_cont2_dense500.npz,1.5,2,250,2,5,shrink,250.0
bidisperse_a0.005_sr0.667_x1.5_N4000_L24_T400000_seed2_cont2_dense500.npz,1.5,2,250,2,5,shrink,700.0
bidisperse_a0.005_sr0.667_x1.5_N4000_L24_T400000_seed2_cont2_dense500.npz,1.5,2,250,2,5,shrink,200.0
bidisperse_a0.005_sr0.667_x1.5_N4000_L24_T400000_seed2_cont2_dense500.npz,1.5,2,250,2,5,open,0.0
bidisperse_a0.005_sr0.667_x1.5_N4000_L24_T400000_seed2_cont2_dense500.npz,1.5,2,250,2,5,absorbed,250.0
bidisperse_a0.005_sr0.667_x1.5_N4000_L24_T400000_seed2_cont2_dense500.npz,1.5,2,250,2,5,shrink,2550.0
bidisperse_a0.005_sr0.667_x1.5_N4000_L24_T400000_seed2_cont2_dense500.npz,1.5,2,250,2,5,shrink,1650.0
bidisperse_a0.005_sr0.667_x1.5_N4000_L24_T400000_seed2_cont2_dense500.npz,1.5,2,250,2,5,grow,100.0
bidisperse_a0.005_sr0.667_x1.5_N4000_L24_T400000_seed2_cont2_dense500.npz,1.5,2,250,2,5,shrink,350.0
bidisperse_a0.005_sr0.667_x1.5_N4000_L24_T400000_seed2_cont2_dense500.npz,1.5,2,250,2,5,shrink,1000.0
bidisperse_a0.005_sr0.667_x1.5_N4000_L24_T400000_seed2_cont2_dense500.npz,1.5,2,250,2,4,shrink,50.0
bidisperse_a0.005_sr0.667_x1.5_N4000_L24_T400000_seed2_cont2_dense500.npz,1.5,2,250,2,4,shrink,1300.0
bidisperse_a0.005_sr0.667_x1.5_N4000_L24_T400000_seed2_cont2_dense500.npz,1.5,2,250,2,4,shrink,150.0
bidisperse_a0.005_sr0.667_x1.5_N4000_L24_T400000_seed2_cont2_dense500.npz,1.5,2,250,2,4,absorbed,150.0
bidisperse_a0.005_sr0.667_x1.5_N4000_L24_T400000_seed2_cont2_dense500.npz,1.5,2,250,2,4,shrink,100.0
bidisperse_a0.005_sr0.667_x1.5_N4000_L24_T400000_seed2_cont2_dense500.npz,1.5,2,250,2,4,shrink,100.0
bidisperse_a0.005_sr0.667_x1.5_N4000_L24_T400000_seed2_cont2_dense500.npz,1.5,2,250,2,4,shrink,200.0
bidisperse_a0.005_sr0.667_x1.5_N4000_L24_T400000_seed2_cont2_dense500.npz,1.5,2,250,2,4,shrink,150.0
bidisperse_a0.005_sr0.667_x1.5_N4000_L24_T400000_seed2_cont2_dense500.npz,1.5,2,250,2,4,shrink,800.0
bidisperse_a0.005_sr0.667_x1.5_N4000_L24_T400000_seed2_cont2_dense500.npz,1.5,2,250,2,4,shrink,150.0
bidisperse_a0.005_sr0.667_x1.5_N4000_L24_T400000_seed2_cont2_dense500.npz,1.5,2,250,2,4,shrink,950.0
bidisperse_a0.005_sr0.667_x1.5_N4000_L24_T400000_seed2_cont2_dense500.npz,1.5,2,250,2,3,shrink,100.0
bidisperse_a0.005_sr0.667_x1.5_N4000_L24_T400000_seed2_cont2_dense500.npz,1.5,2,250,2,3,shrink,200.0
bidisperse_a0.005_sr0.667_x1.5_N4000_L24_T400000_seed2_cont2_dense500.npz,1.5,2,250,2,3,shrink,600.0
bidisperse_a0.005_sr0.667_x1.5_N4000_L24_T400000_seed2_cont2_dense500.npz,1.5,2,250,2,3,shrink,750.0
bidisperse_a0.005_sr0.667_x1.5_N4000_L24_T400000_seed2_cont2_dense500.npz,1.5,2,250,2,3,shrink,400.0
bidisperse_a0.005_sr0.667_x1.5_N4000_L24_T400000_seed2_cont2_dense500.npz,1.5,2,250,2,3,shrink,550.0
bidisperse_a0.005_sr0.667_x1.5_N4000_L24_T400000_seed2_cont2_dense500.npz,1.5,2,250,2,3,shrink,550.0
bidisperse_a0.005_sr0.667_x1.5_N4000_L24_T400000_seed2_cont2_dense500.npz,1.5,2,250,2,3,shrink,200.0
bidisperse_a0.005_sr0.667_x1.5_N4000_L24_T400000_seed2_cont2_dense500.npz,1.5,2,250,2,3,shrink,50.0
bidisperse_a0.005_sr0.667_x1.5_N4000_L24_T400000_seed2_cont2_dense500.npz,1.5,2,250,2,3,absorbed,50.0
bidisperse_a0.005_sr0.667_x1.5_N4000_L24_T400000_seed2_cont2_dense500.npz,1.5,2,250,2,3,shrink,2050.0
bidisperse_a0.005_sr0.667_x1.5_N4000_L24_T400000_seed2_cont2_dense500.npz,1.5,2,250,2,3,shrink,50.0
bidisperse_a0.005_sr0.667_x1.5_N4000_L24_T400000_seed2_cont2_dense500.npz,1.5,2,250,2,3,shrink,50.0
bidisperse_a0.005_sr0.667_x1.5_N4000_L24_T400000_seed2_cont2_dense500.npz,1.5,2,250,2,3,shrink,500.0
bidisperse_a0.005_sr0.667_x1.5_N4000_L24_T400000_seed2_cont2_dense500.npz,1.5,2,250,2,3,grow,150.0
bidisperse_a0.005_sr0.667_x1.5_N4000_L24_T400000_seed2_cont2_dense500.npz,1.5,2,250,2,3,grow,100.0
bidisperse_a0.005_sr0.667_x1.5_N4000_L24_T400000_seed2_cont2_dense500.npz,1.5,2,250,2,3,shrink,50.0
bidisperse_a0.005_sr0.667_x1.5_N4000_L24_T400000_seed2_cont2_dense500.npz,1.5,2,250,2,3,shrink,250.0
bidisperse_a0.005_sr0.667_x1.5_N4000_L24_T400000_seed2_cont2_dense500.npz,1.5,2,250,2,3,shrink,50.0
bidisperse_a0.005_sr0.667_x1.5_N4000_L24_T400000_seed2_cont2_dense500.npz,1.5,2,250,2,3,shrink,50.0
bidisperse_a0.005_sr0.667_x1.5_N4000_L24_T400000_seed2_cont2_dense500.npz,1.5,2,250,2,3,shrink,300.0
bidisperse_a0.005_sr0.667_x1.5_N4000_L24_T400000_seed2_cont2_dense500.npz,1.5,2,250,2,3,absorbed,50.0
bidisperse_a0.005_sr0.667_x1.5_N4000_L24_T400000_seed2_cont2_dense500.npz,1.5,2,250,2,3,shrink,400.0
bidisperse_a0.005_sr0.667_x1.5_N4000_L24_T400000_seed2_cont2_dense500.npz,1.5,2,250,1,74,grow,50.0
bidisperse_a0.005_sr0.667_x1.5_N4000_L24_T400000_seed2_cont2_dense500.npz,1.5,2,250,1,38,grow,50.0
bidisperse_a0.005_sr0.667_x1.5_N4000_L24_T400000_seed2_cont2_dense500.npz,1.5,2,250,1,34,grow,50.0
bidisperse_a0.005_sr0.667_x1.5_N4000_L24_T400000_seed2_cont2_dense500.npz,1.5,2,250,1,25,grow,50.0
bidisperse_a0.005_sr0.667_x1.5_N4000_L24_T400000_seed2_cont2_dense500.npz,1.5,2,250,1,21,grow,50.0
bidisperse_a0.005_sr0.667_x1.5_N4000_L24_T400000_seed2_cont2_dense500.npz,1.5,2,250,1,21,grow,50.0
bidisperse_a0.005_sr0.667_x1.5_N4000_L24_T400000_seed2_cont2_dense500.npz,1.5,2,250,1,18,shrink,1200.0
bidisperse_a0.005_sr0.667_x1.5_N4000_L24_T400000_seed2_cont2_dense500.npz,1.5,2,250,1,16,grow,200.0
bidisperse_a0.005_sr0.667_x1.5_N4000_L24_T400000_seed2_cont2_dense500.npz,1.5,2,250,1,16,grow,50.0
bidisperse_a0.005_sr0.667_x1.5_N4000_L24_T400000_seed2_cont2_dense500.npz,1.5,2,250,1,14,open,0.0
bidisperse_a0.005_sr0.667_x1.5_N4000_L24_T400000_seed2_cont2_dense500.npz,1.5,2,250,1,13,absorbed,1250.0
bidisperse_a0.005_sr0.667_x1.5_N4000_L24_T400000_seed2_cont2_dense500.npz,1.5,2,250,1,10,grow,500.0
bidisperse_a0.005_sr0.667_x1.5_N4000_L24_T400000_seed2_cont2_dense500.npz,1.5,2,250,1,9,shrink,350.0
bidisperse_a0.005_sr0.667_x1.5_N4000_L24_T400000_seed2_cont2_dense500.npz,1.5,2,250,1,9,shrink,1200.0
bidisperse_a0.005_sr0.667_x1.5_N4000_L24_T400000_seed2_cont2_dense500.npz,1.5,2,250,1,8,grow,200.0
bidisperse_a0.005_sr0.667_x1.5_N4000_L24_T400000_seed2_cont2_dense500.npz,1.5,2,250,1,8,shrink,650.0
bidisperse_a0.005_sr0.667_x1.5_N4000_L24_T400000_seed2_cont2_dense500.npz,1.5,2,250,1,8,shrink,500.0
bidisperse_a0.005_sr0.667_x1.5_N4000_L24_T400000_seed2_cont2_dense500.npz,1.5,2,250,1,7,absorbed,50.0
bidisperse_a0.005_sr0.667_x1.5_N4000_L24_T400000_seed2_cont2_dense500.npz,1.5,2,250,1,7,absorbed,1500.0
bidisperse_a0.005_sr0.667_x1.5_N4000_L24_T400000_seed2_cont2_dense500.npz,1.5,2,250,1,7,shrink,350.0
bidisperse_a0.005_sr0.667_x1.5_N4000_L24_T400000_seed2_cont2_dense500.npz,1.5,2,250,1,7,shrink,900.0
bidisperse_a0.005_sr0.667_x1.5_N4000_L24_T400000_seed2_cont2_dense500.npz,1.5,2,250,1,6,shrink,1200.0
bidisperse_a0.005_sr0.667_x1.5_N4000_L24_T400000_seed2_cont2_dense500.npz,1.5,2,250,1,6,shrink,2350.0
bidisperse_a0.005_sr0.667_x1.5_N4000_L24_T400000_seed2_cont2_dense500.npz,1.5,2,250,1,6,shrink,550.0
bidisperse_a0.005_sr0.667_x1.5_N4000_L24_T400000_seed2_cont2_dense500.npz,1.5,2,250,1,6,shrink,1100.0
bidisperse_a0.005_sr0.667_x1.5_N4000_L24_T400000_seed2_cont2_dense500.npz,1.5,2,250,1,5,shrink,200.0
bidisperse_a0.005_sr0.667_x1.5_N4000_L24_T400000_seed2_cont2_dense500.npz,1.5,2,250,1,5,shrink,350.0
bidisperse_a0.005_sr0.667_x1.5_N4000_L24_T400000_seed2_cont2_dense500.npz,1.5,2,250,1,5,shrink,100.0
bidisperse_a0.005_sr0.667_x1.5_N4000_L24_T400000_seed2_cont2_dense500.npz,1.5,2,250,1,5,shrink,100.0
bidisperse_a0.005_sr0.667_x1.5_N4000_L24_T400000_seed2_cont2_dense500.npz,1.5,2,250,1,5,shrink,550.0
bidisperse_a0.005_sr0.667_x1.5_N4000_L24_T400000_seed2_cont2_dense500.npz,1.5,2,250,1,5,absorbed,200.0
bidisperse_a0.005_sr0.667_x1.5_N4000_L24_T400000_seed2_cont2_dense500.npz,1.5,2,250,1,5,absorbed,1250.0
bidisperse_a0.005_sr0.667_x1.5_N4000_L24_T400000_seed2_cont2_dense500.npz,1.5,2,250,1,5,shrink,2100.0
bidisperse_a0.005_sr0.667_x1.5_N4000_L24_T400000_seed2_cont2_dense500.npz,1.5,2,250,1,5,shrink,100.0
bidisperse_a0.005_sr0.667_x1.5_N4000_L24_T400000_seed2_cont2_dense500.npz,1.5,2,250,1,5,shrink,350.0
bidisperse_a0.005_sr0.667_x1.5_N4000_L24_T400000_seed2_cont2_dense500.npz,1.5,2,250,1,5,shrink,150.0
bidisperse_a0.005_sr0.667_x1.5_N4000_L24_T400000_seed2_cont2_dense500.npz,1.5,2,250,1,4,grow,50.0
bidisperse_a0.005_sr0.667_x1.5_N4000_L24_T400000_seed2_cont2_dense500.npz,1.5,2,250,1,4,shrink,450.0
bidisperse_a0.005_sr0.667_x1.5_N4000_L24_T400000_seed2_cont2_dense500.npz,1.5,2,250,1,4,shrink,100.0
bidisperse_a0.005_sr0.667_x1.5_N4000_L24_T400000_seed2_cont2_dense500.npz,1.5,2,250,1,4,shrink,550.0
bidisperse_a0.005_sr0.667_x1.5_N4000_L24_T400000_seed2_cont2_dense500.npz,1.5,2,250,1,4,shrink,400.0
bidisperse_a0.005_sr0.667_x1.5_N4000_L24_T400000_seed2_cont2_dense500.npz,1.5,2,250,1,4,absorbed,150.0
bidisperse_a0.005_sr0.667_x1.5_N4000_L24_T400000_seed2_cont2_dense500.npz,1.5,2,250,1,4,shrink,150.0
bidisperse_a0.005_sr0.667_x1.5_N4000_L24_T400000_seed2_cont2_dense500.npz,1.5,2,250,1,4,shrink,250.0
bidisperse_a0.005_sr0.667_x1.5_N4000_L24_T400000_seed2_cont2_dense500.npz,1.5,2,250,1,4,shrink,350.0
bidisperse_a0.005_sr0.667_x1.5_N4000_L24_T400000_seed2_cont2_dense500.npz,1.5,2,250,1,4,shrink,300.0
bidisperse_a0.005_sr0.667_x1.5_N4000_L24_T400000_seed2_cont2_dense500.npz,1.5,2,250,1,4,shrink,250.0
bidisperse_a0.005_sr0.667_x1.5_N4000_L24_T400000_seed2_cont2_dense500.npz,1.5,2,250,1,3,shrink,150.0
bidisperse_a0.005_sr0.667_x1.5_N4000_L24_T400000_seed2_cont2_dense500.npz,1.5,2,250,1,3,shrink,200.0
bidisperse_a0.005_sr0.667_x1.5_N4000_L24_T400000_seed2_cont2_dense500.npz,1.5,2,250,1,3,shrink,1650.0
bidisperse_a0.005_sr0.667_x1.5_N4000_L24_T400000_seed2_cont2_dense500.npz,1.5,2,250,1,3,shrink,50.0
bidisperse_a0.005_sr0.667_x1.5_N4000_L24_T400000_seed2_cont2_dense500.npz,1.5,2,250,1,3,shrink,650.0
bidisperse_a0.005_sr0.667_x1.5_N4000_L24_T400000_seed2_cont2_dense500.npz,1.5,2,250,1,3,shrink,200.0
bidisperse_a0.005_sr0.667_x1.5_N4000_L24_T400000_seed2_cont2_dense500.npz,1.5,2,250,1,3,shrink,1100.0
bidisperse_a0.005_sr0.667_x1.5_N4000_L24_T400000_seed2_cont2_dense500.npz,1.5,2,250,1,3,shrink,300.0
bidisperse_a0.005_sr0.667_x1.5_N4000_L24_T400000_seed2_cont2_dense500.npz,1.5,2,250,1,3,shrink,650.0
bidisperse_a0.005_sr0.667_x1.5_N4000_L24_T400000_seed2_cont2_dense500.npz,1.5,2,250,1,3,shrink,50.0
bidisperse_a0.005_sr0.667_x1.5_N4000_L24_T400000_seed2_cont2_dense500.npz,1.5,2,250,1,3,shrink,200.0
bidisperse_a0.005_sr0.667_x1.5_N4000_L24_T400000_seed2_cont2_dense500.npz,1.5,2,250,1,3,absorbed,150.0
bidisperse_a0.005_sr0.667_x1.5_N4000_L24_T400000_seed2_cont2_dense500.npz,1.5,2,250,1,3,shrink,50.0
bidisperse_a0.005_sr0.667_x1.5_N4000_L24_T400000_seed2_cont2_dense500.npz,1.5,2,250,1,3,shrink,1100.0
bidisperse_a0.005_sr0.667_x1.5_N4000_L24_T400000_seed2_cont2_dense500.npz,1.5,2,250,1,3,grow,50.0
bidisperse_a0.005_sr0.667_x1.5_N4000_L24_T400000_seed2_cont2_dense500.npz,1.5,2,250,1,3,grow,150.0
bidisperse_a0.005_sr0.667_x1.5_N4000_L24_T400000_seed2_cont2_dense500.npz,1.5,2,250,1,3,shrink,50.0
bidisperse_a0.005_sr0.667_x1.5_N4000_L24_T400000_seed2_cont2_dense500.npz,1.5,2,250,1,3,shrink,250.0
bidisperse_a0.005_sr0.667_x1.5_N4000_L24_T400000_seed2_cont2_dense500.npz,1.5,2,250,1,3,shrink,50.0
bidisperse_a0.005_sr0.667_x1.5_N4000_L24_T400000_seed2_cont2_dense500.npz,1.5,2,250,1,3,shrink,750.0
bidisperse_a0.005_sr0.667_x1.5_N4000_L24_T400000_seed2_cont2_dense500.npz,1.5,2,250,1,3,shrink,50.0
bidisperse_a0.005_sr0.667_x1.5_N4000_L24_T400000_seed2_cont2_dense500.npz,1.5,2,250,1,3,shrink,100.0
bidisperse_a0.005_sr0.667_x1.5_N4000_L24_T400000_seed2_cont2_dense500.npz,1.5,2,250,1,3,shrink,550.0
bidisperse_a0.005_sr0.667_x1.5_N4000_L24_T400000_seed2_cont2_dense500.npz,1.5,2,250,0,74,grow,50.0
bidisperse_a0.005_sr0.667_x1.5_N4000_L24_T400000_seed2_cont2_dense500.npz,1.5,2,250,0,38,grow,50.0
bidisperse_a0.005_sr0.667_x1.5_N4000_L24_T400000_seed2_cont2_dense500.npz,1.5,2,250,0,34,grow,50.0
bidisperse_a0.005_sr0.667_x1.5_N4000_L24_T400000_seed2_cont2_dense500.npz,1.5,2,250,0,25,grow,50.0
bidisperse_a0.005_sr0.667_x1.5_N4000_L24_T400000_seed2_cont2_dense500.npz,1.5,2,250,0,21,grow,1000.0
bidisperse_a0.005_sr0.667_x1.5_N4000_L24_T400000_seed2_cont2_dense500.npz,1.5,2,250,0,21,grow,50.0
bidisperse_a0.005_sr0.667_x1.5_N4000_L24_T400000_seed2_cont2_dense500.npz,1.5,2,250,0,18,shrink,1400.0
bidisperse_a0.005_sr0.667_x1.5_N4000_L24_T400000_seed2_cont2_dense500.npz,1.5,2,250,0,16,grow,150.0
bidisperse_a0.005_sr0.667_x1.5_N4000_L24_T400000_seed2_cont2_dense500.npz,1.5,2,250,0,16,grow,100.0
bidisperse_a0.005_sr0.667_x1.5_N4000_L24_T400000_seed2_cont2_dense500.npz,1.5,2,250,0,14,grow,450.0
bidisperse_a0.005_sr0.667_x1.5_N4000_L24_T400000_seed2_cont2_dense500.npz,1.5,2,250,0,13,shrink,1050.0
bidisperse_a0.005_sr0.667_x1.5_N4000_L24_T400000_seed2_cont2_dense500.npz,1.5,2,250,0,10,shrink,250.0
bidisperse_a0.005_sr0.667_x1.5_N4000_L24_T400000_seed2_cont2_dense500.npz,1.5,2,250,0,9,shrink,900.0
bidisperse_a0.005_sr0.667_x1.5_N4000_L24_T400000_seed2_cont2_dense500.npz,1.5,2,250,0,9,grow,450.0
bidisperse_a0.005_sr0.667_x1.5_N4000_L24_T400000_seed2_cont2_dense500.npz,1.5,2,250,0,8,grow,200.0
bidisperse_a0.005_sr0.667_x1.5_N4000_L24_T400000_seed2_cont2_dense500.npz,1.5,2,250,0,8,shrink,850.0
bidisperse_a0.005_sr0.667_x1.5_N4000_L24_T400000_seed2_cont2_dense500.npz,1.5,2,250,0,8,shrink,950.0
bidisperse_a0.005_sr0.667_x1.5_N4000_L24_T400000_seed2_cont2_dense500.npz,1.5,2,250,0,7,absorbed,150.0
bidisperse_a0.005_sr0.667_x1.5_N4000_L24_T400000_seed2_cont2_dense500.npz,1.5,2,250,0,7,grow,800.0
bidisperse_a0.005_sr0.667_x1.5_N4000_L24_T400000_seed2_cont2_dense500.npz,1.5,2,250,0,7,shrink,450.0
bidisperse_a0.005_sr0.667_x1.5_N4000_L24_T400000_seed2_cont2_dense500.npz,1.5,2,250,0,7,shrink,650.0
bidisperse_a0.005_sr0.667_x1.5_N4000_L24_T400000_seed2_cont2_dense500.npz,1.5,2,250,0,6,grow,450.0
bidisperse_a0.005_sr0.667_x1.5_N4000_L24_T400000_seed2_cont2_dense500.npz,1.5,2,250,0,6,shrink,500.0
bidisperse_a0.005_sr0.667_x1.5_N4000_L24_T400000_seed2_cont2_dense500.npz,1.5,2,250,0,6,shrink,1100.0
bidisperse_a0.005_sr0.667_x1.5_N4000_L24_T400000_seed2_cont2_dense500.npz,1.5,2,250,0,6,open,0.0
bidisperse_a0.005_sr0.667_x1.5_N4000_L24_T400000_seed2_cont2_dense500.npz,1.5,2,250,0,5,shrink,300.0
bidisperse_a0.005_sr0.667_x1.5_N4000_L24_T400000_seed2_cont2_dense500.npz,1.5,2,250,0,5,shrink,1100.0
bidisperse_a0.005_sr0.667_x1.5_N4000_L24_T400000_seed2_cont2_dense500.npz,1.5,2,250,0,5,shrink,900.0
bidisperse_a0.005_sr0.667_x1.5_N4000_L24_T400000_seed2_cont2_dense500.npz,1.5,2,250,0,5,shrink,1500.0
bidisperse_a0.005_sr0.667_x1.5_N4000_L24_T400000_seed2_cont2_dense500.npz,1.5,2,250,0,5,shrink,750.0
bidisperse_a0.005_sr0.667_x1.5_N4000_L24_T400000_seed2_cont2_dense500.npz,1.5,2,250,0,5,absorbed,300.0
bidisperse_a0.005_sr0.667_x1.5_N4000_L24_T400000_seed2_cont2_dense500.npz,1.5,2,250,0,5,shrink,1050.0
bidisperse_a0.005_sr0.667_x1.5_N4000_L24_T400000_seed2_cont2_dense500.npz,1.5,2,250,0,5,shrink,1450.0
bidisperse_a0.005_sr0.667_x1.5_N4000_L24_T400000_seed2_cont2_dense500.npz,1.5,2,250,0,5,grow,150.0
bidisperse_a0.005_sr0.667_x1.5_N4000_L24_T400000_seed2_cont2_dense500.npz,1.5,2,250,0,5,open,0.0
bidisperse_a0.005_sr0.667_x1.5_N4000_L24_T400000_seed2_cont2_dense500.npz,1.5,2,250,0,5,grow,350.0
bidisperse_a0.005_sr0.667_x1.5_N4000_L24_T400000_seed2_cont2_dense500.npz,1.5,2,250,0,4,grow,100.0
bidisperse_a0.005_sr0.667_x1.5_N4000_L24_T400000_seed2_cont2_dense500.npz,1.5,2,250,0,4,shrink,150.0
bidisperse_a0.005_sr0.667_x1.5_N4000_L24_T400000_seed2_cont2_dense500.npz,1.5,2,250,0,4,shrink,200.0
bidisperse_a0.005_sr0.667_x1.5_N4000_L24_T400000_seed2_cont2_dense500.npz,1.5,2,250,0,4,shrink,1000.0
bidisperse_a0.005_sr0.667_x1.5_N4000_L24_T400000_seed2_cont2_dense500.npz,1.5,2,250,0,4,shrink,300.0
bidisperse_a0.005_sr0.667_x1.5_N4000_L24_T400000_seed2_cont2_dense500.npz,1.5,2,250,0,4,grow,450.0
bidisperse_a0.005_sr0.667_x1.5_N4000_L24_T400000_seed2_cont2_dense500.npz,1.5,2,250,0,4,shrink,100.0
bidisperse_a0.005_sr0.667_x1.5_N4000_L24_T400000_seed2_cont2_dense500.npz,1.5,2,250,0,4,grow,350.0
bidisperse_a0.005_sr0.667_x1.5_N4000_L24_T400000_seed2_cont2_dense500.npz,1.5,2,250,0,4,shrink,150.0
bidisperse_a0.005_sr0.667_x1.5_N4000_L24_T400000_seed2_cont2_dense500.npz,1.5,2,250,0,4,shrink,1850.0
bidisperse_a0.005_sr0.667_x1.5_N4000_L24_T400000_seed2_cont2_dense500.npz,1.5,2,250,0,4,shrink,200.0
bidisperse_a0.005_sr0.667_x1.5_N4000_L24_T400000_seed2_cont2_dense500.npz,1.5,2,250,0,3,shrink,200.0
bidisperse_a0.005_sr0.667_x1.5_N4000_L24_T400000_seed2_cont2_dense500.npz,1.5,2,250,0,3,shrink,100.0
bidisperse_a0.005_sr0.667_x1.5_N4000_L24_T400000_seed2_cont2_dense500.npz,1.5,2,250,0,3,shrink,550.0
bidisperse_a0.005_sr0.667_x1.5_N4000_L24_T400000_seed2_cont2_dense500.npz,1.5,2,250,0,3,shrink,1450.0
bidisperse_a0.005_sr0.667_x1.5_N4000_L24_T400000_seed2_cont2_dense500.npz,1.5,2,250,0,3,shrink,300.0
bidisperse_a0.005_sr0.667_x1.5_N4000_L24_T400000_seed2_cont2_dense500.npz,1.5,2,250,0,3,shrink,400.0
bidisperse_a0.005_sr0.667_x1.5_N4000_L24_T400000_seed2_cont2_dense500.npz,1.5,2,250,0,3,shrink,50.0
bidisperse_a0.005_sr0.667_x1.5_N4000_L24_T400000_seed2_cont2_dense500.npz,1.5,2,250,0,3,shrink,150.0
bidisperse_a0.005_sr0.667_x1.5_N4000_L24_T400000_seed2_cont2_dense500.npz,1.5,2,250,0,3,shrink,100.0
bidisperse_a0.005_sr0.667_x1.5_N4000_L24_T400000_seed2_cont2_dense500.npz,1.5,2,250,0,3,shrink,50.0
bidisperse_a0.005_sr0.667_x1.5_N4000_L24_T400000_seed2_cont2_dense500.npz,1.5,2,250,0,3,shrink,1300.0
bidisperse_a0.005_sr0.667_x1.5_N4000_L24_T400000_seed2_cont2_dense500.npz,1.5,2,250,0,3,grow,450.0
bidisperse_a0.005_sr0.667_x1.5_N4000_L24_T400000_seed2_cont2_dense500.npz,1.5,2,250,0,3,shrink,50.0
bidisperse_a0.005_sr0.667_x1.5_N4000_L24_T400000_seed2_cont2_dense500.npz,1.5,2,250,0,3,shrink,250.0
bidisperse_a0.005_sr0.667_x1.5_N4000_L24_T400000_seed2_cont2_dense500.npz,1.5,2,250,0,3,grow,50.0
bidisperse_a0.005_sr0.667_x1.5_N4000_L24_T400000_seed2_cont2_dense500.npz,1.5,2,250,0,3,grow,50.0
bidisperse_a0.005_sr0.667_x1.5_N4000_L24_T400000_seed2_cont2_dense500.npz,1.5,2,250,0,3,shrink,50.0
bidisperse_a0.005_sr0.667_x1.5_N4000_L24_T400000_seed2_cont2_dense500.npz,1.5,2,250,0,3,shrink,200.0
bidisperse_a0.005_sr0.667_x1.5_N4000_L24_T400000_seed2_cont2_dense500.npz,1.5,2,250,0,3,shrink,150.0
bidisperse_a0.005_sr0.667_x1.5_N4000_L24_T400000_seed2_cont2_dense500.npz,1.5,2,250,0,3,grow,350.0
bidisperse_a0.005_sr0.667_x1.5_N4000_L24_T400000_seed2_cont2_dense500.npz,1.5,2,250,0,3,shrink,50.0
bidisperse_a0.005_sr0.667_x1.5_N4000_L24_T400000_seed2_cont2_dense500.npz,1.5,2,250,0,3,absorbed,50.0
bidisperse_a0.005_sr0.667_x1.5_N4000_L24_T400000_seed2_cont2_dense500.npz,1.5,2,250,0,3,shrink,700.0
bidisperse_a0.005_sr0.667_x1.5_N4000_L24_T400000_seed2_cont2_dense500.npz,1.5,2,250,3,74,grow,50.0
bidisperse_a0.005_sr0.667_x1.5_N4000_L24_T400000_seed2_cont2_dense500.npz,1.5,2,250,3,38,grow,50.0
bidisperse_a0.005_sr0.667_x1.5_N4000_L24_T400000_seed2_cont2_dense500.npz,1.5,2,250,3,34,grow,100.0
bidisperse_a0.005_sr0.667_x1.5_N4000_L24_T400000_seed2_cont2_dense500.npz,1.5,2,250,3,25,grow,50.0
bidisperse_a0.005_sr0.667_x1.5_N4000_L24_T400000_seed2_cont2_dense500.npz,1.5,2,250,3,21,grow,50.0
bidisperse_a0.005_sr0.667_x1.5_N4000_L24_T400000_seed2_cont2_dense500.npz,1.5,2,250,3,21,grow,50.0
bidisperse_a0.005_sr0.667_x1.5_N4000_L24_T400000_seed2_cont2_dense500.npz,1.5,2,250,3,18,open,0.0
bidisperse_a0.005_sr0.667_x1.5_N4000_L24_T400000_seed2_cont2_dense500.npz,1.5,2,250,3,16,grow,100.0
bidisperse_a0.005_sr0.667_x1.5_N4000_L24_T400000_seed2_cont2_dense500.npz,1.5,2,250,3,16,grow,100.0
bidisperse_a0.005_sr0.667_x1.5_N4000_L24_T400000_seed2_cont2_dense500.npz,1.5,2,250,3,14,shrink,2650.0
bidisperse_a0.005_sr0.667_x1.5_N4000_L24_T400000_seed2_cont2_dense500.npz,1.5,2,250,3,13,open,0.0
bidisperse_a0.005_sr0.667_x1.5_N4000_L24_T400000_seed2_cont2_dense500.npz,1.5,2,250,3,10,grow,500.0
bidisperse_a0.005_sr0.667_x1.5_N4000_L24_T400000_seed2_cont2_dense500.npz,1.5,2,250,3,9,shrink,600.0
bidisperse_a0.005_sr0.667_x1.5_N4000_L24_T400000_seed2_cont2_dense500.npz,1.5,2,250,3,9,open,0.0
bidisperse_a0.005_sr0.667_x1.5_N4000_L24_T400000_seed2_cont2_dense500.npz,1.5,2,250,3,8,grow,200.0
bidisperse_a0.005_sr0.667_x1.5_N4000_L24_T400000_seed2_cont2_dense500.npz,1.5,2,250,3,8,shrink,1450.0
bidisperse_a0.005_sr0.667_x1.5_N4000_L24_T400000_seed2_cont2_dense500.npz,1.5,2,250,3,8,shrink,650.0
bidisperse_a0.005_sr0.667_x1.5_N4000_L24_T400000_seed2_cont2_dense500.npz,1.5,2,250,3,7,shrink,700.0
bidisperse_a0.005_sr0.667_x1.5_N4000_L24_T400000_seed2_cont2_dense500.npz,1.5,2,250,3,7,absorbed,1500.0
bidisperse_a0.005_sr0.667_x1.5_N4000_L24_T400000_seed2_cont2_dense500.npz,1.5,2,250,3,7,shrink,550.0
bidisperse_a0.005_sr0.667_x1.5_N4000_L24_T400000_seed2_cont2_dense500.npz,1.5,2,250,3,7,shrink,400.0
bidisperse_a0.005_sr0.667_x1.5_N4000_L24_T400000_seed2_cont2_dense500.npz,1.5,2,250,3,6,open,0.0
bidisperse_a0.005_sr0.667_x1.5_N4000_L24_T400000_seed2_cont2_dense500.npz,1.5,2,250,3,6,shrink,700.0
bidisperse_a0.005_sr0.667_x1.5_N4000_L24_T400000_seed2_cont2_dense500.npz,1.5,2,250,3,6,shrink,300.0
bidisperse_a0.005_sr0.667_x1.5_N4000_L24_T400000_seed2_cont2_dense500.npz,1.5,2,250,3,6,open,0.0
bidisperse_a0.005_sr0.667_x1.5_N4000_L24_T400000_seed2_cont2_dense500.npz,1.5,2,250,3,5,shrink,2100.0
bidisperse_a0.005_sr0.667_x1.5_N4000_L24_T400000_seed2_cont2_dense500.npz,1.5,2,250,3,5,shrink,400.0
bidisperse_a0.005_sr0.667_x1.5_N4000_L24_T400000_seed2_cont2_dense500.npz,1.5,2,250,3,5,shrink,1150.0
bidisperse_a0.005_sr0.667_x1.5_N4000_L24_T400000_seed2_cont2_dense500.npz,1.5,2,250,3,5,shrink,150.0
bidisperse_a0.005_sr0.667_x1.5_N4000_L24_T400000_seed2_cont2_dense500.npz,1.5,2,250,3,5,open,0.0
bidisperse_a0.005_sr0.667_x1.5_N4000_L24_T400000_seed2_cont2_dense500.npz,1.5,2,250,3,5,shrink,300.0
bidisperse_a0.005_sr0.667_x1.5_N4000_L24_T400000_seed2_cont2_dense500.npz,1.5,2,250,3,5,open,0.0
bidisperse_a0.005_sr0.667_x1.5_N4000_L24_T400000_seed2_cont2_dense500.npz,1.5,2,250,3,5,shrink,1100.0
bidisperse_a0.005_sr0.667_x1.5_N4000_L24_T400000_seed2_cont2_dense500.npz,1.5,2,250,3,5,grow,100.0
bidisperse_a0.005_sr0.667_x1.5_N4000_L24_T400000_seed2_cont2_dense500.npz,1.5,2,250,3,5,shrink,400.0
bidisperse_a0.005_sr0.667_x1.5_N4000_L24_T400000_seed2_cont2_dense500.npz,1.5,2,250,3,5,grow,600.0
bidisperse_a0.005_sr0.667_x1.5_N4000_L24_T400000_seed2_cont2_dense500.npz,1.5,2,250,3,4,shrink,50.0
bidisperse_a0.005_sr0.667_x1.5_N4000_L24_T400000_seed2_cont2_dense500.npz,1.5,2,250,3,4,shrink,500.0
bidisperse_a0.005_sr0.667_x1.5_N4000_L24_T400000_seed2_cont2_dense500.npz,1.5,2,250,3,4,grow,600.0
bidisperse_a0.005_sr0.667_x1.5_N4000_L24_T400000_seed2_cont2_dense500.npz,1.5,2,250,3,4,shrink,50.0
bidisperse_a0.005_sr0.667_x1.5_N4000_L24_T400000_seed2_cont2_dense500.npz,1.5,2,250,3,4,shrink,50.0
bidisperse_a0.005_sr0.667_x1.5_N4000_L24_T400000_seed2_cont2_dense500.npz,1.5,2,250,3,4,shrink,250.0
bidisperse_a0.005_sr0.667_x1.5_N4000_L24_T400000_seed2_cont2_dense500.npz,1.5,2,250,3,4,shrink,150.0
bidisperse_a0.005_sr0.667_x1.5_N4000_L24_T400000_seed2_cont2_dense500.npz,1.5,2,250,3,4,shrink,350.0
bidisperse_a0.005_sr0.667_x1.5_N4000_L24_T400000_seed2_cont2_dense500.npz,1.5,2,250,3,4,shrink,1250.0
bidisperse_a0.005_sr0.667_x1.5_N4000_L24_T400000_seed2_cont2_dense500.npz,1.5,2,250,3,4,shrink,550.0
bidisperse_a0.005_sr0.667_x1.5_N4000_L24_T400000_seed2_cont2_dense500.npz,1.5,2,250,3,4,shrink,1800.0
bidisperse_a0.005_sr0.667_x1.5_N4000_L24_T400000_seed2_cont2_dense500.npz,1.5,2,250,3,3,shrink,100.0
bidisperse_a0.005_sr0.667_x1.5_N4000_L24_T400000_seed2_cont2_dense500.npz,1.5,2,250,3,3,shrink,50.0
bidisperse_a0.005_sr0.667_x1.5_N4000_L24_T400000_seed2_cont2_dense500.npz,1.5,2,250,3,3,shrink,50.0
bidisperse_a0.005_sr0.667_x1.5_N4000_L24_T400000_seed2_cont2_dense500.npz,1.5,2,250,3,3,shrink,1100.0
bidisperse_a0.005_sr0.667_x1.5_N4000_L24_T400000_seed2_cont2_dense500.npz,1.5,2,250,3,3,shrink,300.0
bidisperse_a0.005_sr0.667_x1.5_N4000_L24_T400000_seed2_cont2_dense500.npz,1.5,2,250,3,3,shrink,250.0
bidisperse_a0.005_sr0.667_x1.5_N4000_L24_T400000_seed2_cont2_dense500.npz,1.5,2,250,3,3,shrink,150.0
bidisperse_a0.005_sr0.667_x1.5_N4000_L24_T400000_seed2_cont2_dense500.npz,1.5,2,250,3,3,shrink,200.0
bidisperse_a0.005_sr0.667_x1.5_N4000_L24_T400000_seed2_cont2_dense500.npz,1.5,2,250,3,3,shrink,50.0
bidisperse_a0.005_sr0.667_x1.5_N4000_L24_T400000_seed2_cont2_dense500.npz,1.5,2,250,3,3,shrink,50.0
bidisperse_a0.005_sr0.667_x1.5_N4000_L24_T400000_seed2_cont2_dense500.npz,1.5,2,250,3,3,shrink,200.0
bidisperse_a0.005_sr0.667_x1.5_N4000_L24_T400000_seed2_cont2_dense500.npz,1.5,2,250,3,3,shrink,250.0
bidisperse_a0.005_sr0.667_x1.5_N4000_L24_T400000_seed2_cont2_dense500.npz,1.5,2,250,3,3,shrink,100.0
bidisperse_a0.005_sr0.667_x1.5_N4000_L24_T400000_seed2_cont2_dense500.npz,1.5,2,250,3,3,shrink,250.0
bidisperse_a0.005_sr0.667_x1.5_N4000_L24_T400000_seed2_cont2_dense500.npz,1.5,2,250,3,3,grow,50.0
bidisperse_a0.005_sr0.667_x1.5_N4000_L24_T400000_seed2_cont2_dense500.npz,1.5,2,250,3,3,shrink,50.0
bidisperse_a0.005_sr0.667_x1.5_N4000_L24_T400000_seed2_cont2_dense500.npz,1.5,2,250,3,3,shrink,300.0
bidisperse_a0.005_sr0.667_x1.5_N4000_L24_T400000_seed2_cont2_dense500.npz,1.5,2,250,3,3,shrink,400.0
bidisperse_a0.005_sr0.667_x1.5_N4000_L24_T400000_seed2_cont2_dense500.npz,1.5,2,250,3,3,shrink,50.0
bidisperse_a0.005_sr0.667_x1.5_N4000_L24_T400000_seed2_cont2_dense500.npz,1.5,2,250,3,3,grow,600.0
bidisperse_a0.005_sr0.667_x1.5_N4000_L24_T400000_seed2_cont2_dense500.npz,1.5,2,250,3,3,shrink,300.0
bidisperse_a0.005_sr0.667_x1.5_N4000_L24_T400000_seed2_cont2_dense500.npz,1.5,2,250,3,3,absorbed,50.0
bidisperse_a0.005_sr0.667_x1.5_N4000_L24_T400000_seed2_cont2_dense500.npz,1.5,2,250,3,3,shrink,400.0
bidisperse_a0.005_sr0.667_x1.5_N4000_L24_T400000_seed2_cont2_dense500.npz,1.5,2,250,4,74,grow,50.0
bidisperse_a0.005_sr0.667_x1.5_N4000_L24_T400000_seed2_cont2_dense500.npz,1.5,2,250,4,38,grow,50.0
bidisperse_a0.005_sr0.667_x1.5_N4000_L24_T400000_seed2_cont2_dense500.npz,1.5,2,250,4,34,grow,50.0
bidisperse_a0.005_sr0.667_x1.5_N4000_L24_T400000_seed2_cont2_dense500.npz,1.5,2,250,4,25,grow,50.0
bidisperse_a0.005_sr0.667_x1.5_N4000_L24_T400000_seed2_cont2_dense500.npz,1.5,2,250,4,21,grow,50.0
bidisperse_a0.005_sr0.667_x1.5_N4000_L24_T400000_seed2_cont2_dense500.npz,1.5,2,250,4,21,grow,50.0
bidisperse_a0.005_sr0.667_x1.5_N4000_L24_T400000_seed2_cont2_dense500.npz,1.5,2,250,4,18,grow,800.0
bidisperse_a0.005_sr0.667_x1.5_N4000_L24_T400000_seed2_cont2_dense500.npz,1.5,2,250,4,16,grow,350.0
bidisperse_a0.005_sr0.667_x1.5_N4000_L24_T400000_seed2_cont2_dense500.npz,1.5,2,250,4,16,grow,50.0
bidisperse_a0.005_sr0.667_x1.5_N4000_L24_T400000_seed2_cont2_dense500.npz,1.5,2,250,4,14,grow,400.0
bidisperse_a0.005_sr0.667_x1.5_N4000_L24_T400000_seed2_cont2_dense500.npz,1.5,2,250,4,13,absorbed,1200.0
bidisperse_a0.005_sr0.667_x1.5_N4000_L24_T400000_seed2_cont2_dense500.npz,1.5,2,250,4,10,grow,700.0
bidisperse_a0.005_sr0.667_x1.5_N4000_L24_T400000_seed2_cont2_dense500.npz,1.5,2,250,4,9,shrink,1400.0
bidisperse_a0.005_sr0.667_x1.5_N4000_L24_T400000_seed2_cont2_dense500.npz,1.5,2,250,4,9,shrink,1300.0
bidisperse_a0.005_sr0.667_x1.5_N4000_L24_T400000_seed2_cont2_dense500.npz,1.5,2,250,4,8,grow,300.0
bidisperse_a0.005_sr0.667_x1.5_N4000_L24_T400000_seed2_cont2_dense500.npz,1.5,2,250,4,8,shrink,650.0
bidisperse_a0.005_sr0.667_x1.5_N4000_L24_T400000_seed2_cont2_dense500.npz,1.5,2,250,4,8,shrink,750.0
bidisperse_a0.005_sr0.667_x1.5_N4000_L24_T400000_seed2_cont2_dense500.npz,1.5,2,250,4,7,shrink,1150.0
bidisperse_a0.005_sr0.667_x1.5_N4000_L24_T400000_seed2_cont2_dense500.npz,1.5,2,250,4,7,open,0.0
bidisperse_a0.005_sr0.667_x1.5_N4000_L24_T400000_seed2_cont2_dense500.npz,1.5,2,250,4,7,shrink,200.0
bidisperse_a0.005_sr0.667_x1.5_N4000_L24_T400000_seed2_cont2_dense500.npz,1.5,2,250,4,7,shrink,500.0
bidisperse_a0.005_sr0.667_x1.5_N4000_L24_T400000_seed2_cont2_dense500.npz,1.5,2,250,4,6,shrink,1300.0
bidisperse_a0.005_sr0.667_x1.5_N4000_L24_T400000_seed2_cont2_dense500.npz,1.5,2,250,4,6,shrink,400.0
bidisperse_a0.005_sr0.667_x1.5_N4000_L24_T400000_seed2_cont2_dense500.npz,1.5,2,250,4,6,shrink,150.0
bidisperse_a0.005_sr0.667_x1.5_N4000_L24_T400000_seed2_cont2_dense500.npz,1.5,2,250,4,6,shrink,1200.0
bidisperse_a0.005_sr0.667_x1.5_N4000_L24_T400000_seed2_cont2_dense500.npz,1.5,2,250,4,5,shrink,1200.0
bidisperse_a0.005_sr0.667_x1.5_N4000_L24_T400000_seed2_cont2_dense500.npz,1.5,2,250,4,5,shrink,100.0
bidisperse_a0.005_sr0.667_x1.5_N4000_L24_T400000_seed2_cont2_dense500.npz,1.5,2,250,4,5,absorbed,1400.0
bidisperse_a0.005_sr0.667_x1.5_N4000_L24_T400000_seed2_cont2_dense500.npz,1.5,2,250,4,5,shrink,200.0
bidisperse_a0.005_sr0.667_x1.5_N4000_L24_T400000_seed2_cont2_dense500.npz,1.5,2,250,4,5,open,0.0
bidisperse_a0.005_sr0.667_x1.5_N4000_L24_T400000_seed2_cont2_dense500.npz,1.5,2,250,4,5,shrink,250.0
bidisperse_a0.005_sr0.667_x1.5_N4000_L24_T400000_seed2_cont2_dense500.npz,1.5,2,250,4,5,absorbed,1200.0
bidisperse_a0.005_sr0.667_x1.5_N4000_L24_T400000_seed2_cont2_dense500.npz,1.5,2,250,4,5,shrink,750.0
bidisperse_a0.005_sr0.667_x1.5_N4000_L24_T400000_seed2_cont2_dense500.npz,1.5,2,250,4,5,shrink,50.0
bidisperse_a0.005_sr0.667_x1.5_N4000_L24_T400000_seed2_cont2_dense500.npz,1.5,2,250,4,5,shrink,350.0
bidisperse_a0.005_sr0.667_x1.5_N4000_L24_T400000_seed2_cont2_dense500.npz,1.5,2,250,4,5,shrink,400.0
bidisperse_a0.005_sr0.667_x1.5_N4000_L24_T400000_seed2_cont2_dense500.npz,1.5,2,250,4,4,grow,100.0
bidisperse_a0.005_sr0.667_x1.5_N4000_L24_T400000_seed2_cont2_dense500.npz,1.5,2,250,4,4,shrink,400.0
bidisperse_a0.005_sr0.667_x1.5_N4000_L24_T400000_seed2_cont2_dense500.npz,1.5,2,250,4,4,shrink,100.0
bidisperse_a0.005_sr0.667_x1.5_N4000_L24_T400000_seed2_cont2_dense500.npz,1.5,2,250,4,4,shrink,100.0
bidisperse_a0.005_sr0.667_x1.5_N4000_L24_T400000_seed2_cont2_dense500.npz,1.5,2,250,4,4,shrink,200.0
bidisperse_a0.005_sr0.667_x1.5_N4000_L24_T400000_seed2_cont2_dense500.npz,1.5,2,250,4,4,absorbed,50.0
bidisperse_a0.005_sr0.667_x1.5_N4000_L24_T400000_seed2_cont2_dense500.npz,1.5,2,250,4,4,shrink,150.0
bidisperse_a0.005_sr0.667_x1.5_N4000_L24_T400000_seed2_cont2_dense500.npz,1.5,2,250,4,4,shrink,50.0
bidisperse_a0.005_sr0.667_x1.5_N4000_L24_T400000_seed2_cont2_dense500.npz,1.5,2,250,4,4,shrink,1400.0
bidisperse_a0.005_sr0.667_x1.5_N4000_L24_T400000_seed2_cont2_dense500.npz,1.5,2,250,4,4,shrink,100.0
bidisperse_a0.005_sr0.667_x1.5_N4000_L24_T400000_seed2_cont2_dense500.npz,1.5,2,250,4,4,shrink,400.0
bidisperse_a0.005_sr0.667_x1.5_N4000_L24_T400000_seed2_cont2_dense500.npz,1.5,2,250,4,3,shrink,50.0
bidisperse_a0.005_sr0.667_x1.5_N4000_L24_T400000_seed2_cont2_dense500.npz,1.5,2,250,4,3,shrink,150.0
bidisperse_a0.005_sr0.667_x1.5_N4000_L24_T400000_seed2_cont2_dense500.npz,1.5,2,250,4,3,shrink,150.0
bidisperse_a0.005_sr0.667_x1.5_N4000_L24_T400000_seed2_cont2_dense500.npz,1.5,2,250,4,3,shrink,50.0
bidisperse_a0.005_sr0.667_x1.5_N4000_L24_T400000_seed2_cont2_dense500.npz,1.5,2,250,4,3,shrink,2450.0
bidisperse_a0.005_sr0.667_x1.5_N4000_L24_T400000_seed2_cont2_dense500.npz,1.5,2,250,4,3,shrink,150.0
bidisperse_a0.005_sr0.667_x1.5_N4000_L24_T400000_seed2_cont2_dense500.npz,1.5,2,250,4,3,shrink,150.0
bidisperse_a0.005_sr0.667_x1.5_N4000_L24_T400000_seed2_cont2_dense500.npz,1.5,2,250,4,3,shrink,50.0
bidisperse_a0.005_sr0.667_x1.5_N4000_L24_T400000_seed2_cont2_dense500.npz,1.5,2,250,4,3,shrink,150.0
bidisperse_a0.005_sr0.667_x1.5_N4000_L24_T400000_seed2_cont2_dense500.npz,1.5,2,250,4,3,shrink,50.0
bidisperse_a0.005_sr0.667_x1.5_N4000_L24_T400000_seed2_cont2_dense500.npz,1.5,2,250,4,3,shrink,400.0
bidisperse_a0.005_sr0.667_x1.5_N4000_L24_T400000_seed2_cont2_dense500.npz,1.5,2,250,4,3,absorbed,50.0
bidisperse_a0.005_sr0.667_x1.5_N4000_L24_T400000_seed2_cont2_dense500.npz,1.5,2,250,4,3,shrink,200.0
bidisperse_a0.005_sr0.667_x1.5_N4000_L24_T400000_seed2_cont2_dense500.npz,1.5,2,250,4,3,shrink,100.0
bidisperse_a0.005_sr0.667_x1.5_N4000_L24_T400000_seed2_cont2_dense500.npz,1.5,2,250,4,3,grow,100.0
bidisperse_a0.005_sr0.667_x1.5_N4000_L24_T400000_seed2_cont2_dense500.npz,1.5,2,250,4,3,shrink,50.0
bidisperse_a0.005_sr0.667_x1.5_N4000_L24_T400000_seed2_cont2_dense500.npz,1.5,2,250,4,3,shrink,50.0
bidisperse_a0.005_sr0.667_x1.5_N4000_L24_T400000_seed2_cont2_dense500.npz,1.5,2,250,4,3,shrink,500.0
bidisperse_a0.005_sr0.667_x1.5_N4000_L24_T400000_seed2_cont2_dense500.npz,1.5,2,250,4,3,open,0.0
bidisperse_a0.005_sr0.667_x1.5_N4000_L24_T400000_seed2_cont2_dense500.npz,1.5,2,250,4,3,shrink,400.0
bidisperse_a0.005_sr0.667_x1.5_N4000_L24_T400000_seed2_cont2_dense500.npz,1.5,2,250,4,3,shrink,100.0
bidisperse_a0.005_sr0.667_x1.5_N4000_L24_T400000_seed2_cont2_dense500.npz,1.5,2,250,4,3,shrink,50.0
bidisperse_a0.005_sr0.667_x1.5_N4000_L24_T400000_seed2_cont2_dense500.npz,1.5,2,250,4,3,shrink,250.0
bidisperse_a0.005_sr0.667_x1.5_N4000_L24_T400000_seed2_cont2_dense500.npz,1.5,2,250,5,74,grow,50.0
bidisperse_a0.005_sr0.667_x1.5_N4000_L24_T400000_seed2_cont2_dense500.npz,1.5,2,250,5,38,grow,50.0
bidisperse_a0.005_sr0.667_x1.5_N4000_L24_T400000_seed2_cont2_dense500.npz,1.5,2,250,5,34,grow,50.0
bidisperse_a0.005_sr0.667_x1.5_N4000_L24_T400000_seed2_cont2_dense500.npz,1.5,2,250,5,25,grow,50.0
bidisperse_a0.005_sr0.667_x1.5_N4000_L24_T400000_seed2_cont2_dense500.npz,1.5,2,250,5,21,grow,200.0
bidisperse_a0.005_sr0.667_x1.5_N4000_L24_T400000_seed2_cont2_dense500.npz,1.5,2,250,5,21,grow,50.0
bidisperse_a0.005_sr0.667_x1.5_N4000_L24_T400000_seed2_cont2_dense500.npz,1.5,2,250,5,18,grow,2550.0
bidisperse_a0.005_sr0.667_x1.5_N4000_L24_T400000_seed2_cont2_dense500.npz,1.5,2,250,5,16,grow,150.0
bidisperse_a0.005_sr0.667_x1.5_N4000_L24_T400000_seed2_cont2_dense500.npz,1.5,2,250,5,16,grow,50.0
bidisperse_a0.005_sr0.667_x1.5_N4000_L24_T400000_seed2_cont2_dense500.npz,1.5,2,250,5,14,grow,750.0
bidisperse_a0.005_sr0.667_x1.5_N4000_L24_T400000_seed2_cont2_dense500.npz,1.5,2,250,5,13,shrink,650.0
bidisperse_a0.005_sr0.667_x1.5_N4000_L24_T400000_seed2_cont2_dense500.npz,1.5,2,250,5,10,shrink,450.0
bidisperse_a0.005_sr0.667_x1.5_N4000_L24_T400000_seed2_cont2_dense500.npz,1.5,2,250,5,9,open,0.0
bidisperse_a0.005_sr0.667_x1.5_N4000_L24_T400000_seed2_cont2_dense500.npz,1.5,2,250,5,9,grow,2100.0
bidisperse_a0.005_sr0.667_x1.5_N4000_L24_T400000_seed2_cont2_dense500.npz,1.5,2,250,5,8,grow,250.0
bidisperse_a0.005_sr0.667_x1.5_N4000_L24_T400000_seed2_cont2_dense500.npz,1.5,2,250,5,8,open,0.0
bidisperse_a0.005_sr0.667_x1.5_N4000_L24_T400000_seed2_cont2_dense500.npz,1.5,2,250,5,8,shrink,350.0
bidisperse_a0.005_sr0.667_x1.5_N4000_L24_T400000_seed2_cont2_dense500.npz,1.5,2,250,5,7,shrink,150.0
bidisperse_a0.005_sr0.667_x1.5_N4000_L24_T400000_seed2_cont2_dense500.npz,1.5,2,250,5,7,grow,700.0
bidisperse_a0.005_sr0.667_x1.5_N4000_L24_T400000_seed2_cont2_dense500.npz,1.5,2,250,5,7,shrink,450.0
bidisperse_a0.005_sr0.667_x1.5_N4000_L24_T400000_seed2_cont2_dense500.npz,1.5,2,250,5,7,shrink,650.0
bidisperse_a0.005_sr0.667_x1.5_N4000_L24_T400000_seed2_cont2_dense500.npz,1.5,2,250,5,6,grow,2100.0
bidisperse_a0.005_sr0.667_x1.5_N4000_L24_T400000_seed2_cont2_dense500.npz,1.5,2,250,5,6,shrink,300.0
bidisperse_a0.005_sr0.667_x1.5_N4000_L24_T400000_seed2_cont2_dense500.npz,1.5,2,250,5,6,shrink,950.0
bidisperse_a0.005_sr0.667_x1.5_N4000_L24_T400000_seed2_cont2_dense500.npz,1.5,2,250,5,6,shrink,2100.0
bidisperse_a0.005_sr0.667_x1.5_N4000_L24_T400000_seed2_cont2_dense500.npz,1.5,2,250,5,5,shrink,500.0
bidisperse_a0.005_sr0.667_x1.5_N4000_L24_T400000_seed2_cont2_dense500.npz,1.5,2,250,5,5,shrink,100.0
bidisperse_a0.005_sr0.667_x1.5_N4000_L24_T400000_seed2_cont2_dense500.npz,1.5,2,250,5,5,shrink,550.0
bidisperse_a0.005_sr0.667_x1.5_N4000_L24_T400000_seed2_cont2_dense500.npz,1.5,2,250,5,5,shrink,850.0
bidisperse_a0.005_sr0.667_x1.5_N4000_L24_T400000_seed2_cont2_dense500.npz,1.5,2,250,5,5,shrink,2400.0
bidisperse_a0.005_sr0.667_x1.5_N4000_L24_T400000_seed2_cont2_dense500.npz,1.5,2,250,5,5,absorbed,350.0
bidisperse_a0.005_sr0.667_x1.5_N4000_L24_T400000_seed2_cont2_dense500.npz,1.5,2,250,5,5,shrink,650.0
bidisperse_a0.005_sr0.667_x1.5_N4000_L24_T400000_seed2_cont2_dense500.npz,1.5,2,250,5,5,shrink,2400.0
bidisperse_a0.005_sr0.667_x1.5_N4000_L24_T400000_seed2_cont2_dense500.npz,1.5,2,250,5,5,shrink,100.0
bidisperse_a0.005_sr0.667_x1.5_N4000_L24_T400000_seed2_cont2_dense500.npz,1.5,2,250,5,5,shrink,2150.0
bidisperse_a0.005_sr0.667_x1.5_N4000_L24_T400000_seed2_cont2_dense500.npz,1.5,2,250,5,5,shrink,150.0
bidisperse_a0.005_sr0.667_x1.5_N4000_L24_T400000_seed2_cont2_dense500.npz,1.5,2,250,5,4,grow,100.0
bidisperse_a0.005_sr0.667_x1.5_N4000_L24_T400000_seed2_cont2_dense500.npz,1.5,2,250,5,4,shrink,250.0
bidisperse_a0.005_sr0.667_x1.5_N4000_L24_T400000_seed2_cont2_dense500.npz,1.5,2,250,5,4,shrink,50.0
bidisperse_a0.005_sr0.667_x1.5_N4000_L24_T400000_seed2_cont2_dense500.npz,1.5,2,250,5,4,absorbed,250.0
bidisperse_a0.005_sr0.667_x1.5_N4000_L24_T400000_seed2_cont2_dense500.npz,1.5,2,250,5,4,shrink,200.0
bidisperse_a0.005_sr0.667_x1.5_N4000_L24_T400000_seed2_cont2_dense500.npz,1.5,2,250,5,4,absorbed,50.0
bidisperse_a0.005_sr0.667_x1.5_N4000_L24_T400000_seed2_cont2_dense500.npz,1.5,2,250,5,4,shrink,150.0
bidisperse_a0.005_sr0.667_x1.5_N4000_L24_T400000_seed2_cont2_dense500.npz,1.5,2,250,5,4,shrink,100.0
bidisperse_a0.005_sr0.667_x1.5_N4000_L24_T400000_seed2_cont2_dense500.npz,1.5,2,250,5,4,shrink,550.0
bidisperse_a0.005_sr0.667_x1.5_N4000_L24_T400000_seed2_cont2_dense500.npz,1.5,2,250,5,4,shrink,300.0
bidisperse_a0.005_sr0.667_x1.5_N4000_L24_T400000_seed2_cont2_dense500.npz,1.5,2,250,5,4,open,0.0
bidisperse_a0.005_sr0.667_x1.5_N4000_L24_T400000_seed2_cont2_dense500.npz,1.5,2,250,5,3,shrink,50.0
bidisperse_a0.005_sr0.667_x1.5_N4000_L24_T400000_seed2_cont2_dense500.npz,1.5,2,250,5,3,shrink,250.0
bidisperse_a0.005_sr0.667_x1.5_N4000_L24_T400000_seed2_cont2_dense500.npz,1.5,2,250,5,3,shrink,650.0
bidisperse_a0.005_sr0.667_x1.5_N4000_L24_T400000_seed2_cont2_dense500.npz,1.5,2,250,5,3,shrink,50.0
bidisperse_a0.005_sr0.667_x1.5_N4000_L24_T400000_seed2_cont2_dense500.npz,1.5,2,250,5,3,shrink,550.0
bidisperse_a0.005_sr0.667_x1.5_N4000_L24_T400000_seed2_cont2_dense500.npz,1.5,2,250,5,3,shrink,350.0
bidisperse_a0.005_sr0.667_x1.5_N4000_L24_T400000_seed2_cont2_dense500.npz,1.5,2,250,5,3,shrink,250.0
bidisperse_a0.005_sr0.667_x1.5_N4000_L24_T400000_seed2_cont2_dense500.npz,1.5,2,250,5,3,shrink,1650.0
bidisperse_a0.005_sr0.667_x1.5_N4000_L24_T400000_seed2_cont2_dense500.npz,1.5,2,250,5,3,shrink,150.0
bidisperse_a0.005_sr0.667_x1.5_N4000_L24_T400000_seed2_cont2_dense500.npz,1.5,2,250,5,3,shrink,50.0
bidisperse_a0.005_sr0.667_x1.5_N4000_L24_T400000_seed2_cont2_dense500.npz,1.5,2,250,5,3,shrink,100.0
bidisperse_a0.005_sr0.667_x1.5_N4000_L24_T400000_seed2_cont2_dense500.npz,1.5,2,250,5,3,absorbed,50.0
bidisperse_a0.005_sr0.667_x1.5_N4000_L24_T400000_seed2_cont2_dense500.npz,1.5,2,250,5,3,shrink,200.0
bidisperse_a0.005_sr0.667_x1.5_N4000_L24_T400000_seed2_cont2_dense500.npz,1.5,2,250,5,3,shrink,500.0
bidisperse_a0.005_sr0.667_x1.5_N4000_L24_T400000_seed2_cont2_dense500.npz,1.5,2,250,5,3,shrink,50.0
bidisperse_a0.005_sr0.667_x1.5_N4000_L24_T400000_seed2_cont2_dense500.npz,1.5,2,250,5,3,grow,150.0
bidisperse_a0.005_sr0.667_x1.5_N4000_L24_T400000_seed2_cont2_dense500.npz,1.5,2,250,5,3,shrink,50.0
bidisperse_a0.005_sr0.667_x1.5_N4000_L24_T400000_seed2_cont2_dense500.npz,1.5,2,250,5,3,shrink,50.0
bidisperse_a0.005_sr0.667_x1.5_N4000_L24_T400000_seed2_cont2_dense500.npz,1.5,2,250,5,3,grow,700.0
bidisperse_a0.005_sr0.667_x1.5_N4000_L24_T400000_seed2_cont2_dense500.npz,1.5,2,250,5,3,shrink,50.0
bidisperse_a0.005_sr0.667_x1.5_N4000_L24_T400000_seed2_cont2_dense500.npz,1.5,2,250,5,3,shrink,50.0
bidisperse_a0.005_sr0.667_x1.5_N4000_L24_T400000_seed2_cont2_dense500.npz,1.5,2,250,5,3,absorbed,50.0
bidisperse_a0.005_sr0.667_x1.5_N4000_L24_T400000_seed2_cont2_dense500.npz,1.5,2,250,5,3,shrink,50.0
bidisperse_a0.005_sr0.667_x1.5_N4000_L24_T400000_seed2_cont2_dense500.npz,1.5,2,250,6,74,grow,50.0
bidisperse_a0.005_sr0.667_x1.5_N4000_L24_T400000_seed2_cont2_dense500.npz,1.5,2,250,6,38,grow,50.0
bidisperse_a0.005_sr0.667_x1.5_N4000_L24_T400000_seed2_cont2_dense500.npz,1.5,2,250,6,34,grow,50.0
bidisperse_a0.005_sr0.667_x1.5_N4000_L24_T400000_seed2_cont2_dense500.npz,1.5,2,250,6,25,grow,50.0
bidisperse_a0.005_sr0.667_x1.5_N4000_L24_T400000_seed2_cont2_dense500.npz,1.5,2,250,6,21,grow,300.0
bidisperse_a0.005_sr0.667_x1.5_N4000_L24_T400000_seed2_cont2_dense500.npz,1.5,2,250,6,21,grow,50.0
bidisperse_a0.005_sr0.667_x1.5_N4000_L24_T400000_seed2_cont2_dense500.npz,1.5,2,250,6,18,grow,1400.0
bidisperse_a0.005_sr0.667_x1.5_N4000_L24_T400000_seed2_cont2_dense500.npz,1.5,2,250,6,16,grow,200.0
bidisperse_a0.005_sr0.667_x1.5_N4000_L24_T400000_seed2_cont2_dense500.npz,1.5,2,250,6,16,grow,100.0
bidisperse_a0.005_sr0.667_x1.5_N4000_L24_T400000_seed2_cont2_dense500.npz,1.5,2,250,6,14,grow,400.0
bidisperse_a0.005_sr0.667_x1.5_N4000_L24_T400000_seed2_cont2_dense500.npz,1.5,2,250,6,13,shrink,1150.0
bidisperse_a0.005_sr0.667_x1.5_N4000_L24_T400000_seed2_cont2_dense500.npz,1.5,2,250,6,10,grow,500.0
bidisperse_a0.005_sr0.667_x1.5_N4000_L24_T400000_seed2_cont2_dense500.npz,1.5,2,250,6,9,shrink,600.0
bidisperse_a0.005_sr0.667_x1.5_N4000_L24_T400000_seed2_cont2_dense500.npz,1.5,2,250,6,9,shrink,2550.0
bidisperse_a0.005_sr0.667_x1.5_N4000_L24_T400000_seed2_cont2_dense500.npz,1.5,2,250,6,8,grow,350.0
bidisperse_a0.005_sr0.667_x1.5_N4000_L24_T400000_seed2_cont2_dense500.npz,1.5,2,250,6,8,shrink,1000.0
bidisperse_a0.005_sr0.667_x1.5_N4000_L24_T400000_seed2_cont2_dense500.npz,1.5,2,250,6,8,grow,1900.0
bidisperse_a0.005_sr0.667_x1.5_N4000_L24_T400000_seed2_cont2_dense500.npz,1.5,2,250,6,7,shrink,150.0
bidisperse_a0.005_sr0.667_x1.5_N4000_L24_T400000_seed2_cont2_dense500.npz,1.5,2,250,6,7,shrink,800.0
bidisperse_a0.005_sr0.667_x1.5_N4000_L24_T400000_seed2_cont2_dense500.npz,1.5,2,250,6,7,shrink,500.0
bidisperse_a0.005_sr0.667_x1.5_N4000_L24_T400000_seed2_cont2_dense500.npz,1.5,2,250,6,7,shrink,50.0
bidisperse_a0.005_sr0.667_x1.5_N4000_L24_T400000_seed2_cont2_dense500.npz,1.5,2,250,6,6,shrink,2550.0
bidisperse_a0.005_sr0.667_x1.5_N4000_L24_T400000_seed2_cont2_dense500.npz,1.5,2,250,6,6,grow,1900.0
bidisperse_a0.005_sr0.667_x1.5_N4000_L24_T400000_seed2_cont2_dense500.npz,1.5,2,250,6,6,shrink,200.0
bidisperse_a0.005_sr0.667_x1.5_N4000_L24_T400000_seed2_cont2_dense500.npz,1.5,2,250,6,6,open,0.0
bidisperse_a0.005_sr0.667_x1.5_N4000_L24_T400000_seed2_cont2_dense500.npz,1.5,2,250,6,5,shrink,250.0
bidisperse_a0.005_sr0.667_x1.5_N4000_L24_T400000_seed2_cont2_dense500.npz,1.5,2,250,6,5,shrink,100.0
bidisperse_a0.005_sr0.667_x1.5_N4000_L24_T400000_seed2_cont2_dense500.npz,1.5,2,250,6,5,shrink,700.0
bidisperse_a0.005_sr0.667_x1.5_N4000_L24_T400000_seed2_cont2_dense500.npz,1.5,2,250,6,5,grow,850.0
bidisperse_a0.005_sr0.667_x1.5_N4000_L24_T400000_seed2_cont2_dense500.npz,1.5,2,250,6,5,shrink,2650.0
bidisperse_a0.005_sr0.667_x1.5_N4000_L24_T400000_seed2_cont2_dense500.npz,1.5,2,250,6,5,absorbed,200.0
bidisperse_a0.005_sr0.667_x1.5_N4000_L24_T400000_seed2_cont2_dense500.npz,1.5,2,250,6,5,shrink,1150.0
bidisperse_a0.005_sr0.667_x1.5_N4000_L24_T400000_seed2_cont2_dense500.npz,1.5,2,250,6,5,shrink,1800.0
bidisperse_a0.005_sr0.667_x1.5_N4000_L24_T400000_seed2_cont2_dense500.npz,1.5,2,250,6,5,grow,200.0
bidisperse_a0.005_sr0.667_x1.5_N4000_L24_T400000_seed2_cont2_dense500.npz,1.5,2,250,6,5,shrink,1200.0
bidisperse_a0.005_sr0.667_x1.5_N4000_L24_T400000_seed2_cont2_dense500.npz,1.5,2,250,6,5,shrink,50.0
bidisperse_a0.005_sr0.667_x1.5_N4000_L24_T400000_seed2_cont2_dense500.npz,1.5,2,250,6,4,grow,50.0
bidisperse_a0.005_sr0.667_x1.5_N4000_L24_T400000_seed2_cont2_dense500.npz,1.5,2,250,6,4,shrink,50.0
bidisperse_a0.005_sr0.667_x1.5_N4000_L24_T400000_seed2_cont2_dense500.npz,1.5,2,250,6,4,shrink,700.0
bidisperse_a0.005_sr0.667_x1.5_N4000_L24_T400000_seed2_cont2_dense500.npz,1.5,2,250,6,4,shrink,50.0
bidisperse_a0.005_sr0.667_x1.5_N4000_L24_T400000_seed2_cont2_dense500.npz,1.5,2,250,6,4,shrink,500.0
bidisperse_a0.005_sr0.667_x1.5_N4000_L24_T400000_seed2_cont2_dense500.npz,1.5,2,250,6,4,shrink,150.0
bidisperse_a0.005_sr0.667_x1.5_N4000_L24_T400000_seed2_cont2_dense500.npz,1.5,2,250,6,4,shrink,100.0
bidisperse_a0.005_sr0.667_x1.5_N4000_L24_T400000_seed2_cont2_dense500.npz,1.5,2,250,6,4,shrink,700.0
bidisperse_a0.005_sr0.667_x1.5_N4000_L24_T400000_seed2_cont2_dense500.npz,1.5,2,250,6,4,shrink,50.0
bidisperse_a0.005_sr0.667_x1.5_N4000_L24_T400000_seed2_cont2_dense500.npz,1.5,2,250,6,4,shrink,550.0
bidisperse_a0.005_sr0.667_x1.5_N4000_L24_T400000_seed2_cont2_dense500.npz,1.5,2,250,6,4,shrink,100.0
bidisperse_a0.005_sr0.667_x1.5_N4000_L24_T400000_seed2_cont2_dense500.npz,1.5,2,250,6,3,shrink,50.0
bidisperse_a0.005_sr0.667_x1.5_N4000_L24_T400000_seed2_cont2_dense500.npz,1.5,2,250,6,3,shrink,500.0
bidisperse_a0.005_sr0.667_x1.5_N4000_L24_T400000_seed2_cont2_dense500.npz,1.5,2,250,6,3,shrink,300.0
bidisperse_a0.005_sr0.667_x1.5_N4000_L24_T400000_seed2_cont2_dense500.npz,1.5,2,250,6,3,shrink,50.0
bidisperse_a0.005_sr0.667_x1.5_N4000_L24_T400000_seed2_cont2_dense500.npz,1.5,2,250,6,3,shrink,150.0
bidisperse_a0.005_sr0.667_x1.5_N4000_L24_T400000_seed2_cont2_dense500.npz,1.5,2,250,6,3,shrink,150.0
bidisperse_a0.005_sr0.667_x1.5_N4000_L24_T400000_seed2_cont2_dense500.npz,1.5,2,250,6,3,shrink,200.0
bidisperse_a0.005_sr0.667_x1.5_N4000_L24_T400000_seed2_cont2_dense500.npz,1.5,2,250,6,3,shrink,100.0
bidisperse_a0.005_sr0.667_x1.5_N4000_L24_T400000_seed2_cont2_dense500.npz,1.5,2,250,6,3,shrink,100.0
bidisperse_a0.005_sr0.667_x1.5_N4000_L24_T400000_seed2_cont2_dense500.npz,1.5,2,250,6,3,absorbed,50.0
bidisperse_a0.005_sr0.667_x1.5_N4000_L24_T400000_seed2_cont2_dense500.npz,1.5,2,250,6,3,shrink,200.0
bidisperse_a0.005_sr0.667_x1.5_N4000_L24_T400000_seed2_cont2_dense500.npz,1.5,2,250,6,3,grow,550.0
bidisperse_a0.005_sr0.667_x1.5_N4000_L24_T400000_seed2_cont2_dense500.npz,1.5,2,250,6,3,shrink,100.0
bidisperse_a0.005_sr0.667_x1.5_N4000_L24_T400000_seed2_cont2_dense500.npz,1.5,2,250,6,3,shrink,900.0
bidisperse_a0.005_sr0.667_x1.5_N4000_L24_T400000_seed2_cont2_dense500.npz,1.5,2,250,6,3,grow,50.0
bidisperse_a0.005_sr0.667_x1.5_N4000_L24_T400000_seed2_cont2_dense500.npz,1.5,2,250,6,3,grow,150.0
bidisperse_a0.005_sr0.667_x1.5_N4000_L24_T400000_seed2_cont2_dense500.npz,1.5,2,250,6,3,shrink,100.0
bidisperse_a0.005_sr0.667_x1.5_N4000_L24_T400000_seed2_cont2_dense500.npz,1.5,2,250,6,3,shrink,100.0
bidisperse_a0.005_sr0.667_x1.5_N4000_L24_T400000_seed2_cont2_dense500.npz,1.5,2,250,6,3,shrink,150.0
bidisperse_a0.005_sr0.667_x1.5_N4000_L24_T400000_seed2_cont2_dense500.npz,1.5,2,250,6,3,shrink,300.0
bidisperse_a0.005_sr0.667_x1.5_N4000_L24_T400000_seed2_cont2_dense500.npz,1.5,2,250,6,3,shrink,300.0
bidisperse_a0.005_sr0.667_x1.5_N4000_L24_T400000_seed2_cont2_dense500.npz,1.5,2,250,6,3,absorbed,50.0
bidisperse_a0.005_sr0.667_x1.5_N4000_L24_T400000_seed2_cont2_dense500.npz,1.5,2,250,6,3,shrink,500.0
bidisperse_a0.005_sr0.667_x1.5_N4000_L24_T400000_seed2_cont2_dense500.npz,1.5,2,250,7,74,grow,50.0
bidisperse_a0.005_sr0.667_x1.5_N4000_L24_T400000_seed2_cont2_dense500.npz,1.5,2,250,7,38,grow,50.0
bidisperse_a0.005_sr0.667_x1.5_N4000_L24_T400000_seed2_cont2_dense500.npz,1.5,2,250,7,34,grow,50.0
bidisperse_a0.005_sr0.667_x1.5_N4000_L24_T400000_seed2_cont2_dense500.npz,1.5,2,250,7,25,grow,50.0
bidisperse_a0.005_sr0.667_x1.5_N4000_L24_T400000_seed2_cont2_dense500.npz,1.5,2,250,7,21,grow,800.0
bidisperse_a0.005_sr0.667_x1.5_N4000_L24_T400000_seed2_cont2_dense500.npz,1.5,2,250,7,21,grow,50.0
bidisperse_a0.005_sr0.667_x1.5_N4000_L24_T400000_seed2_cont2_dense500.npz,1.5,2,250,7,18,grow,1000.0
bidisperse_a0.005_sr0.667_x1.5_N4000_L24_T400000_seed2_cont2_dense500.npz,1.5,2,250,7,16,grow,150.0
bidisperse_a0.005_sr0.667_x1.5_N4000_L24_T400000_seed2_cont2_dense500.npz,1.5,2,250,7,16,grow,50.0
bidisperse_a0.005_sr0.667_x1.5_N4000_L24_T400000_seed2_cont2_dense500.npz,1.5,2,250,7,14,grow,250.0
bidisperse_a0.005_sr0.667_x1.5_N4000_L24_T400000_seed2_cont2_dense500.npz,1.5,2,250,7,13,absorbed,1150.0
bidisperse_a0.005_sr0.667_x1.5_N4000_L24_T400000_seed2_cont2_dense500.npz,1.5,2,250,7,10,grow,350.0
bidisperse_a0.005_sr0.667_x1.5_N4000_L24_T400000_seed2_cont2_dense500.npz,1.5,2,250,7,9,shrink,450.0
bidisperse_a0.005_sr0.667_x1.5_N4000_L24_T400000_seed2_cont2_dense500.npz,1.5,2,250,7,9,grow,250.0
bidisperse_a0.005_sr0.667_x1.5_N4000_L24_T400000_seed2_cont2_dense500.npz,1.5,2,250,7,8,grow,200.0
bidisperse_a0.005_sr0.667_x1.5_N4000_L24_T400000_seed2_cont2_dense500.npz,1.5,2,250,7,8,shrink,1100.0
bidisperse_a0.005_sr0.667_x1.5_N4000_L24_T400000_seed2_cont2_dense500.npz,1.5,2,250,7,8,shrink,800.0
bidisperse_a0.005_sr0.667_x1.5_N4000_L24_T400000_seed2_cont2_dense500.npz,1.5,2,250,7,7,absorbed,100.0
bidisperse_a0.005_sr0.667_x1.5_N4000_L24_T400000_seed2_cont2_dense500.npz,1.5,2,250,7,7,shrink,700.0
bidisperse_a0.005_sr0.667_x1.5_N4000_L24_T400000_seed2_cont2_dense500.npz,1.5,2,250,7,7,shrink,1150.0
bidisperse_a0.005_sr0.667_x1.5_N4000_L24_T400000_seed2_cont2_dense500.npz,1.5,2,250,7,7,shrink,100.0
bidisperse_a0.005_sr0.667_x1.5_N4000_L24_T400000_seed2_cont2_dense500.npz,1.5,2,250,7,6,grow,250.0
bidisperse_a0.005_sr0.667_x1.5_N4000_L24_T400000_seed2_cont2_dense500.npz,1.5,2,250,7,6,shrink,2500.0
bidisperse_a0.005_sr0.667_x1.5_N4000_L24_T400000_seed2_cont2_dense500.npz,1.5,2,250,7,6,shrink,200.0
bidisperse_a0.005_sr0.667_x1.5_N4000_L24_T400000_seed2_cont2_dense500.npz,1.5,2,250,7,6,open,0.0
bidisperse_a0.005_sr0.667_x1.5_N4000_L24_T400000_seed2_cont2_dense500.npz,1.5,2,250,7,5,shrink,200.0
bidisperse_a0.005_sr0.667_x1.5_N4000_L24_T400000_seed2_cont2_dense500.npz,1.5,2,250,7,5,absorbed,350.0
bidisperse_a0.005_sr0.667_x1.5_N4000_L24_T400000_seed2_cont2_dense500.npz,1.5,2,250,7,5,shrink,2100.0
bidisperse_a0.005_sr0.667_x1.5_N4000_L24_T400000_seed2_cont2_dense500.npz,1.5,2,250,7,5,shrink,400.0
bidisperse_a0.005_sr0.667_x1.5_N4000_L24_T400000_seed2_cont2_dense500.npz,1.5,2,250,7,5,shrink,1900.0
bidisperse_a0.005_sr0.667_x1.5_N4000_L24_T400000_seed2_cont2_dense500.npz,1.5,2,250,7,5,absorbed,300.0
bidisperse_a0.005_sr0.667_x1.5_N4000_L24_T400000_seed2_cont2_dense500.npz,1.5,2,250,7,5,absorbed,1150.0
bidisperse_a0.005_sr0.667_x1.5_N4000_L24_T400000_seed2_cont2_dense500.npz,1.5,2,250,7,5,shrink,1100.0
bidisperse_a0.005_sr0.667_x1.5_N4000_L24_T400000_seed2_cont2_dense500.npz,1.5,2,250,7,5,shrink,50.0
bidisperse_a0.005_sr0.667_x1.5_N4000_L24_T400000_seed2_cont2_dense500.npz,1.5,2,250,7,5,shrink,450.0
bidisperse_a0.005_sr0.667_x1.5_N4000_L24_T400000_seed2_cont2_dense500.npz,1.5,2,250,7,5,shrink,50.0
bidisperse_a0.005_sr0.667_x1.5_N4000_L24_T400000_seed2_cont2_dense500.npz,1.5,2,250,7,4,shrink,100.0
bidisperse_a0.005_sr0.667_x1.5_N4000_L24_T400000_seed2_cont2_dense500.npz,1.5,2,250,7,4,shrink,300.0
bidisperse_a0.005_sr0.667_x1.5_N4000_L24_T400000_seed2_cont2_dense500.npz,1.5,2,250,7,4,shrink,50.0
bidisperse_a0.005_sr0.667_x1.5_N4000_L24_T400000_seed2_cont2_dense500.npz,1.5,2,250,7,4,open,0.0
bidisperse_a0.005_sr0.667_x1.5_N4000_L24_T400000_seed2_cont2_dense500.npz,1.5,2,250,7,4,shrink,200.0
bidisperse_a0.005_sr0.667_x1.5_N4000_L24_T400000_seed2_cont2_dense500.npz,1.5,2,250,7,4,absorbed,50.0
bidisperse_a0.005_sr0.667_x1.5_N4000_L24_T400000_seed2_cont2_dense500.npz,1.5,2,250,7,4,shrink,50.0
bidisperse_a0.005_sr0.667_x1.5_N4000_L24_T400000_seed2_cont2_dense500.npz,1.5,2,250,7,4,shrink,50.0
bidisperse_a0.005_sr0.667_x1.5_N4000_L24_T400000_seed2_cont2_dense500.npz,1.5,2,250,7,4,shrink,1300.0
bidisperse_a0.005_sr0.667_x1.5_N4000_L24_T400000_seed2_cont2_dense500.npz,1.5,2,250,7,4,shrink,250.0
bidisperse_a0.005_sr0.667_x1.5_N4000_L24_T400000_seed2_cont2_dense500.npz,1.5,2,250,7,4,shrink,200.0
bidisperse_a0.005_sr0.667_x1.5_N4000_L24_T400000_seed2_cont2_dense500.npz,1.5,2,250,7,3,shrink,50.0
bidisperse_a0.005_sr0.667_x1.5_N4000_L24_T400000_seed2_cont2_dense500.npz,1.5,2,250,7,3,shrink,300.0
bidisperse_a0.005_sr0.667_x1.5_N4000_L24_T400000_seed2_cont2_dense500.npz,1.5,2,250,7,3,shrink,650.0
bidisperse_a0.005_sr0.667_x1.5_N4000_L24_T400000_seed2_cont2_dense500.npz,1.5,2,250,7,3,shrink,100.0
bidisperse_a0.005_sr0.667_x1.5_N4000_L24_T400000_seed2_cont2_dense500.npz,1.5,2,250,7,3,shrink,50.0
bidisperse_a0.005_sr0.667_x1.5_N4000_L24_T400000_seed2_cont2_dense500.npz,1.5,2,250,7,3,shrink,300.0
bidisperse_a0.005_sr0.667_x1.5_N4000_L24_T400000_seed2_cont2_dense500.npz,1.5,2,250,7,3,shrink,100.0
bidisperse_a0.005_sr0.667_x1.5_N4000_L24_T400000_seed2_cont2_dense500.npz,1.5,2,250,7,3,shrink,50.0
bidisperse_a0.005_sr0.667_x1.5_N4000_L24_T400000_seed2_cont2_dense500.npz,1.5,2,250,7,3,shrink,50.0
bidisperse_a0.005_sr0.667_x1.5_N4000_L24_T400000_seed2_cont2_dense500.npz,1.5,2,250,7,3,shrink,100.0
bidisperse_a0.005_sr0.667_x1.5_N4000_L24_T400000_seed2_cont2_dense500.npz,1.5,2,250,7,3,shrink,300.0
bidisperse_a0.005_sr0.667_x1.5_N4000_L24_T400000_seed2_cont2_dense500.npz,1.5,2,250,7,3,absorbed,50.0
bidisperse_a0.005_sr0.667_x1.5_N4000_L24_T400000_seed2_cont2_dense500.npz,1.5,2,250,7,3,shrink,50.0
bidisperse_a0.005_sr0.667_x1.5_N4000_L24_T400000_seed2_cont2_dense500.npz,1.5,2,250,7,3,shrink,50.0
bidisperse_a0.005_sr0.667_x1.5_N4000_L24_T400000_seed2_cont2_dense500.npz,1.5,2,250,7,3,grow,50.0
bidisperse_a0.005_sr0.667_x1.5_N4000_L24_T400000_seed2_cont2_dense500.npz,1.5,2,250,7,3,grow,50.0
bidisperse_a0.005_sr0.667_x1.5_N4000_L24_T400000_seed2_cont2_dense500.npz,1.5,2,250,7,3,shrink,50.0
bidisperse_a0.005_sr0.667_x1.5_N4000_L24_T400000_seed2_cont2_dense500.npz,1.5,2,250,7,3,shrink,500.0
bidisperse_a0.005_sr0.667_x1.5_N4000_L24_T400000_seed2_cont2_dense500.npz,1.5,2,250,7,3,shrink,50.0
bidisperse_a0.005_sr0.667_x1.5_N4000_L24_T400000_seed2_cont2_dense500.npz,1.5,2,250,7,3,open,0.0
bidisperse_a0.005_sr0.667_x1.5_N4000_L24_T400000_seed2_cont2_dense500.npz,1.5,2,250,7,3,shrink,300.0
bidisperse_a0.005_sr0.667_x1.5_N4000_L24_T400000_seed2_cont2_dense500.npz,1.5,2,250,7,3,shrink,50.0
bidisperse_a0.005_sr0.667_x1.5_N4000_L24_T400000_seed2_cont2_dense500.npz,1.5,2,250,7,3,shrink,550.0
bidisperse_a0.005_sr0.667_x1.5_N4000_L24_T400000_seed2_cont2_dense500.npz,1.5,2,250,8,74,grow,50.0
bidisperse_a0.005_sr0.667_x1.5_N4000_L24_T400000_seed2_cont2_dense500.npz,1.5,2,250,8,38,grow,50.0
bidisperse_a0.005_sr0.667_x1.5_N4000_L24_T400000_seed2_cont2_dense500.npz,1.5,2,250,8,34,grow,50.0
bidisperse_a0.005_sr0.667_x1.5_N4000_L24_T400000_seed2_cont2_dense500.npz,1.5,2,250,8,25,grow,50.0
bidisperse_a0.005_sr0.667_x1.5_N4000_L24_T400000_seed2_cont2_dense500.npz,1.5,2,250,8,21,grow,150.0
bidisperse_a0.005_sr0.667_x1.5_N4000_L24_T400000_seed2_cont2_dense500.npz,1.5,2,250,8,21,grow,50.0
bidisperse_a0.005_sr0.667_x1.5_N4000_L24_T400000_seed2_cont2_dense500.npz,1.5,2,250,8,18,grow,1150.0
bidisperse_a0.005_sr0.667_x1.5_N4000_L24_T400000_seed2_cont2_dense500.npz,1.5,2,250,8,16,grow,250.0
bidisperse_a0.005_sr0.667_x1.5_N4000_L24_T400000_seed2_cont2_dense500.npz,1.5,2,250,8,16,grow,100.0
bidisperse_a0.005_sr0.667_x1.5_N4000_L24_T400000_seed2_cont2_dense500.npz,1.5,2,250,8,14,grow,500.0
bidisperse_a0.005_sr0.667_x1.5_N4000_L24_T400000_seed2_cont2_dense500.npz,1.5,2,250,8,13,shrink,1400.0
bidisperse_a0.005_sr0.667_x1.5_N4000_L24_T400000_seed2_cont2_dense500.npz,1.5,2,250,8,10,grow,1900.0
bidisperse_a0.005_sr0.667_x1.5_N4000_L24_T400000_seed2_cont2_dense500.npz,1.5,2,250,8,9,shrink,550.0
bidisperse_a0.005_sr0.667_x1.5_N4000_L24_T400000_seed2_cont2_dense500.npz,1.5,2,250,8,9,grow,500.0
bidisperse_a0.005_sr0.667_x1.5_N4000_L24_T400000_seed2_cont2_dense500.npz,1.5,2,250,8,8,shrink,150.0
bidisperse_a0.005_sr0.667_x1.5_N4000_L24_T400000_seed2_cont2_dense500.npz,1.5,2,250,8,8,shrink,950.0
bidisperse_a0.005_sr0.667_x1.5_N4000_L24_T400000_seed2_cont2_dense500.npz,1.5,2,250,8,8,shrink,700.0
bidisperse_a0.005_sr0.667_x1.5_N4000_L24_T400000_seed2_cont2_dense500.npz,1.5,2,250,8,7,shrink,500.0
bidisperse_a0.005_sr0.667_x1.5_N4000_L24_T400000_seed2_cont2_dense500.npz,1.5,2,250,8,7,shrink,700.0
bidisperse_a0.005_sr0.667_x1.5_N4000_L24_T400000_seed2_cont2_dense500.npz,1.5,2,250,8,7,shrink,800.0
bidisperse_a0.005_sr0.667_x1.5_N4000_L24_T400000_seed2_cont2_dense500.npz,1.5,2,250,8,7,shrink,100.0
bidisperse_a0.005_sr0.667_x1.5_N4000_L24_T400000_seed2_cont2_dense500.npz,1.5,2,250,8,6,grow,500.0
bidisperse_a0.005_sr0.667_x1.5_N4000_L24_T400000_seed2_cont2_dense500.npz,1.5,2,250,8,6,shrink,150.0
bidisperse_a0.005_sr0.667_x1.5_N4000_L24_T400000_seed2_cont2_dense500.npz,1.5,2,250,8,6,shrink,1850.0
bidisperse_a0.005_sr0.667_x1.5_N4000_L24_T400000_seed2_cont2_dense500.npz,1.5,2,250,8,6,shrink,1450.0
bidisperse_a0.005_sr0.667_x1.5_N4000_L24_T400000_seed2_cont2_dense500.npz,1.5,2,250,8,5,shrink,950.0
bidisperse_a0.005_sr0.667_x1.5_N4000_L24_T400000_seed2_cont2_dense500.npz,1.5,2,250,8,5,absorbed,500.0
bidisperse_a0.005_sr0.667_x1.5_N4000_L24_T400000_seed2_cont2_dense500.npz,1.5,2,250,8,5,shrink,750.0
bidisperse_a0.005_sr0.667_x1.5_N4000_L24_T400000_seed2_cont2_dense500.npz,1.5,2,250,8,5,shrink,250.0
bidisperse_a0.005_sr0.667_x1.5_N4000_L24_T400000_seed2_cont2_dense500.npz,1.5,2,250,8,5,shrink,800.0
bidisperse_a0.005_sr0.667_x1.5_N4000_L24_T400000_seed2_cont2_dense500.npz,1.5,2,250,8,5,shrink,100.0
bidisperse_a0.005_sr0.667_x1.5_N4000_L24_T400000_seed2_cont2_dense500.npz,1.5,2,250,8,5,shrink,700.0
bidisperse_a0.005_sr0.667_x1.5_N4000_L24_T400000_seed2_cont2_dense500.npz,1.5,2,250,8,5,shrink,2050.0
bidisperse_a0.005_sr0.667_x1.5_N4000_L24_T400000_seed2_cont2_dense500.npz,1.5,2,250,8,5,grow,250.0
bidisperse_a0.005_sr0.667_x1.5_N4000_L24_T400000_seed2_cont2_dense500.npz,1.5,2,250,8,5,shrink,1000.0
bidisperse_a0.005_sr0.667_x1.5_N4000_L24_T400000_seed2_cont2_dense500.npz,1.5,2,250,8,5,grow,500.0
bidisperse_a0.005_sr0.667_x1.5_N4000_L24_T400000_seed2_cont2_dense500.npz,1.5,2,250,8,4,shrink,50.0
bidisperse_a0.005_sr0.667_x1.5_N4000_L24_T400000_seed2_cont2_dense500.npz,1.5,2,250,8,4,shrink,550.0
bidisperse_a0.005_sr0.667_x1.5_N4000_L24_T400000_seed2_cont2_dense500.npz,1.5,2,250,8,4,shrink,50.0
bidisperse_a0.005_sr0.667_x1.5_N4000_L24_T400000_seed2_cont2_dense500.npz,1.5,2,250,8,4,shrink,200.0
bidisperse_a0.005_sr0.667_x1.5_N4000_L24_T400000_seed2_cont2_dense500.npz,1.5,2,250,8,4,shrink,300.0
bidisperse_a0.005_sr0.667_x1.5_N4000_L24_T400000_seed2_cont2_dense500.npz,1.5,2,250,8,4,absorbed,50.0
bidisperse_a0.005_sr0.667_x1.5_N4000_L24_T400000_seed2_cont2_dense500.npz,1.5,2,250,8,4,shrink,250.0
bidisperse_a0.005_sr0.667_x1.5_N4000_L24_T400000_seed2_cont2_dense500.npz,1.5,2,250,8,4,grow,500.0
bidisperse_a0.005_sr0.667_x1.5_N4000_L24_T400000_seed2_cont2_dense500.npz,1.5,2,250,8,4,shrink,50.0
bidisperse_a0.005_sr0.667_x1.5_N4000_L24_T400000_seed2_cont2_dense500.npz,1.5,2,250,8,4,grow,1900.0
bidisperse_a0.005_sr0.667_x1.5_N4000_L24_T400000_seed2_cont2_dense500.npz,1.5,2,250,8,4,shrink,150.0
bidisperse_a0.005_sr0.667_x1.5_N4000_L24_T400000_seed2_cont2_dense500.npz,1.5,2,250,8,3,shrink,100.0
bidisperse_a0.005_sr0.667_x1.5_N4000_L24_T400000_seed2_cont2_dense500.npz,1.5,2,250,8,3,shrink,100.0
bidisperse_a0.005_sr0.667_x1.5_N4000_L24_T400000_seed2_cont2_dense500.npz,1.5,2,250,8,3,shrink,500.0
bidisperse_a0.005_sr0.667_x1.5_N4000_L24_T400000_seed2_cont2_dense500.npz,1.5,2,250,8,3,shrink,50.0
bidisperse_a0.005_sr0.667_x1.5_N4000_L24_T400000_seed2_cont2_dense500.npz,1.5,2,250,8,3,shrink,50.0
bidisperse_a0.005_sr0.667_x1.5_N4000_L24_T400000_seed2_cont2_dense500.npz,1.5,2,250,8,3,shrink,550.0
bidisperse_a0.005_sr0.667_x1.5_N4000_L24_T400000_seed2_cont2_dense500.npz,1.5,2,250,8,3,shrink,250.0
bidisperse_a0.005_sr0.667_x1.5_N4000_L24_T400000_seed2_cont2_dense500.npz,1.5,2,250,8,3,shrink,150.0
bidisperse_a0.005_sr0.667_x1.5_N4000_L24_T400000_seed2_cont2_dense500.npz,1.5,2,250,8,3,shrink,350.0
bidisperse_a0.005_sr0.667_x1.5_N4000_L24_T400000_seed2_cont2_dense500.npz,1.5,2,250,8,3,shrink,100.0
bidisperse_a0.005_sr0.667_x1.5_N4000_L24_T400000_seed2_cont2_dense500.npz,1.5,2,250,8,3,shrink,150.0
bidisperse_a0.005_sr0.667_x1.5_N4000_L24_T400000_seed2_cont2_dense500.npz,1.5,2,250,8,3,absorbed,50.0
bidisperse_a0.005_sr0.667_x1.5_N4000_L24_T400000_seed2_cont2_dense500.npz,1.5,2,250,8,3,shrink,150.0
bidisperse_a0.005_sr0.667_x1.5_N4000_L24_T400000_seed2_cont2_dense500.npz,1.5,2,250,8,3,shrink,1300.0
bidisperse_a0.005_sr0.667_x1.5_N4000_L24_T400000_seed2_cont2_dense500.npz,1.5,2,250,8,3,grow,50.0
bidisperse_a0.005_sr0.667_x1.5_N4000_L24_T400000_seed2_cont2_dense500.npz,1.5,2,250,8,3,shrink,50.0
bidisperse_a0.005_sr0.667_x1.5_N4000_L24_T400000_seed2_cont2_dense500.npz,1.5,2,250,8,3,shrink,50.0
bidisperse_a0.005_sr0.667_x1.5_N4000_L24_T400000_seed2_cont2_dense500.npz,1.5,2,250,8,3,shrink,200.0
bidisperse_a0.005_sr0.667_x1.5_N4000_L24_T400000_seed2_cont2_dense500.npz,1.5,2,250,8,3,shrink,50.0
bidisperse_a0.005_sr0.667_x1.5_N4000_L24_T400000_seed2_cont2_dense500.npz,1.5,2,250,8,3,shrink,100.0
bidisperse_a0.005_sr0.667_x1.5_N4000_L24_T400000_seed2_cont2_dense500.npz,1.5,2,250,8,3,shrink,100.0
bidisperse_a0.005_sr0.667_x1.5_N4000_L24_T400000_seed2_cont2_dense500.npz,1.5,2,250,8,3,shrink,50.0
bidisperse_a0.005_sr0.667_x1.5_N4000_L24_T400000_seed2_cont2_dense500.npz,1.5,2,250,8,3,shrink,100.0
bidisperse_a0.005_sr0.667_x1.5_N4000_L24_T400000_seed2_cont2_dense500.npz,1.5,2,250,9,74,grow,50.0
bidisperse_a0.005_sr0.667_x1.5_N4000_L24_T400000_seed2_cont2_dense500.npz,1.5,2,250,9,38,grow,50.0
bidisperse_a0.005_sr0.667_x1.5_N4000_L24_T400000_seed2_cont2_dense500.npz,1.5,2,250,9,34,grow,50.0
bidisperse_a0.005_sr0.667_x1.5_N4000_L24_T400000_seed2_cont2_dense500.npz,1.5,2,250,9,25,grow,50.0
bidisperse_a0.005_sr0.667_x1.5_N4000_L24_T400000_seed2_cont2_dense500.npz,1.5,2,250,9,21,grow,200.0
bidisperse_a0.005_sr0.667_x1.5_N4000_L24_T400000_seed2_cont2_dense500.npz,1.5,2,250,9,21,grow,50.0
bidisperse_a0.005_sr0.667_x1.5_N4000_L24_T400000_seed2_cont2_dense500.npz,1.5,2,250,9,18,shrink,2700.0
bidisperse_a0.005_sr0.667_x1.5_N4000_L24_T400000_seed2_cont2_dense500.npz,1.5,2,250,9,16,grow,50.0
bidisperse_a0.005_sr0.667_x1.5_N4000_L24_T400000_seed2_cont2_dense500.npz,1.5,2,250,9,16,grow,50.0
bidisperse_a0.005_sr0.667_x1.5_N4000_L24_T400000_seed2_cont2_dense500.npz,1.5,2,250,9,14,grow,100.0
bidisperse_a0.005_sr0.667_x1.5_N4000_L24_T400000_seed2_cont2_dense500.npz,1.5,2,250,9,13,shrink,1500.0
bidisperse_a0.005_sr0.667_x1.5_N4000_L24_T400000_seed2_cont2_dense500.npz,1.5,2,250,9,10,grow,600.0
bidisperse_a0.005_sr0.667_x1.5_N4000_L24_T400000_seed2_cont2_dense500.npz,1.5,2,250,9,9,grow,1050.0
bidisperse_a0.005_sr0.667_x1.5_N4000_L24_T400000_seed2_cont2_dense500.npz,1.5,2,250,9,9,shrink,1900.0
bidisperse_a0.005_sr0.667_x1.5_N4000_L24_T400000_seed2_cont2_dense500.npz,1.5,2,250,9,8,grow,300.0
bidisperse_a0.005_sr0.667_x1.5_N4000_L24_T400000_seed2_cont2_dense500.npz,1.5,2,250,9,8,shrink,1250.0
bidisperse_a0.005_sr0.667_x1.5_N4000_L24_T400000_seed2_cont2_dense500.npz,1.5,2,250,9,8,shrink,850.0
bidisperse_a0.005_sr0.667_x1.5_N4000_L24_T400000_seed2_cont2_dense500.npz,1.5,2,250,9,7,shrink,200.0
bidisperse_a0.005_sr0.667_x1.5_N4000_L24_T400000_seed2_cont2_dense500.npz,1.5,2,250,9,7,grow,2050.0
bidisperse_a0.005_sr0.667_x1.5_N4000_L24_T400000_seed2_cont2_dense500.npz,1.5,2,250,9,7,shrink,400.0
bidisperse_a0.005_sr0.667_x1.5_N4000_L24_T400000_seed2_cont2_dense500.npz,1.5,2,250,9,7,shrink,550.0
bidisperse_a0.005_sr0.667_x1.5_N4000_L24_T400000_seed2_cont2_dense500.npz,1.5,2,250,9,6,shrink,1900.0
bidisperse_a0.005_sr0.667_x1.5_N4000_L24_T400000_seed2_cont2_dense500.npz,1.5,2,250,9,6,shrink,850.0
bidisperse_a0.005_sr0.667_x1.5_N4000_L24_T400000_seed2_cont2_dense500.npz,1.5,2,250,9,6,shrink,350.0
bidisperse_a0.005_sr0.667_x1.5_N4000_L24_T400000_seed2_cont2_dense500.npz,1.5,2,250,9,6,shrink,1050.0
bidisperse_a0.005_sr0.667_x1.5_N4000_L24_T400000_seed2_cont2_dense500.npz,1.5,2,250,9,5,shrink,1000.0
bidisperse_a0.005_sr0.667_x1.5_N4000_L24_T400000_seed2_cont2_dense500.npz,1.5,2,250,9,5,shrink,650.0
bidisperse_a0.005_sr0.667_x1.5_N4000_L24_T400000_seed2_cont2_dense500.npz,1.5,2,250,9,5,shrink,1800.0
bidisperse_a0.005_sr0.667_x1.5_N4000_L24_T400000_seed2_cont2_dense500.npz,1.5,2,250,9,5,shrink,50.0
bidisperse_a0.005_sr0.667_x1.5_N4000_L24_T400000_seed2_cont2_dense500.npz,1.5,2,250,9,5,shrink,700.0
bidisperse_a0.005_sr0.667_x1.5_N4000_L24_T400000_seed2_cont2_dense500.npz,1.5,2,250,9,5,absorbed,150.0
bidisperse_a0.005_sr0.667_x1.5_N4000_L24_T400000_seed2_cont2_dense500.npz,1.5,2,250,9,5,shrink,1500.0
bidisperse_a0.005_sr0.667_x1.5_N4000_L24_T400000_seed2_cont2_dense500.npz,1.5,2,250,9,5,shrink,1050.0
bidisperse_a0.005_sr0.667_x1.5_N4000_L24_T400000_seed2_cont2_dense500.npz,1.5,2,250,9,5,grow,50.0
bidisperse_a0.005_sr0.667_x1.5_N4000_L24_T400000_seed2_cont2_dense500.npz,1.5,2,250,9,5,shrink,300.0
bidisperse_a0.005_sr0.667_x1.5_N4000_L24_T400000_seed2_cont2_dense500.npz,1.5,2,250,9,5,shrink,550.0
bidisperse_a0.005_sr0.667_x1.5_N4000_L24_T400000_seed2_cont2_dense500.npz,1.5,2,250,9,4,grow,100.0
bidisperse_a0.005_sr0.667_x1.5_N4000_L24_T400000_seed2_cont2_dense500.npz,1.5,2,250,9,4,shrink,200.0
bidisperse_a0.005_sr0.667_x1.5_N4000_L24_T400000_seed2_cont2_dense500.npz,1.5,2,250,9,4,shrink,550.0
bidisperse_a0.005_sr0.667_x1.5_N4000_L24_T400000_seed2_cont2_dense500.npz,1.5,2,250,9,4,absorbed,150.0
bidisperse_a0.005_sr0.667_x1.5_N4000_L24_T400000_seed2_cont2_dense500.npz,1.5,2,250,9,4,shrink,100.0
bidisperse_a0.005_sr0.667_x1.5_N4000_L24_T400000_seed2_cont2_dense500.npz,1.5,2,250,9,4,grow,650.0
bidisperse_a0.005_sr0.667_x1.5_N4000_L24_T400000_seed2_cont2_dense500.npz,1.5,2,250,9,4,shrink,100.0
bidisperse_a0.005_sr0.667_x1.5_N4000_L24_T400000_seed2_cont2_dense500.npz,1.5,2,250,9,4,shrink,100.0
bidisperse_a0.005_sr0.667_x1.5_N4000_L24_T400000_seed2_cont2_dense500.npz,1.5,2,250,9,4,shrink,1800.0
bidisperse_a0.005_sr0.667_x1.5_N4000_L24_T400000_seed2_cont2_dense500.npz,1.5,2,250,9,4,shrink,450.0
bidisperse_a0.005_sr0.667_x1.5_N4000_L24_T400000_seed2_cont2_dense500.npz,1.5,2,250,9,4,shrink,750.0
bidisperse_a0.005_sr0.667_x1.5_N4000_L24_T400000_seed2_cont2_dense500.npz,1.5,2,250,9,3,shrink,100.0
bidisperse_a0.005_sr0.667_x1.5_N4000_L24_T400000_seed2_cont2_dense500.npz,1.5,2,250,9,3,shrink,500.0
bidisperse_a0.005_sr0.667_x1.5_N4000_L24_T400000_seed2_cont2_dense500.npz,1.5,2,250,9,3,shrink,800.0
bidisperse_a0.005_sr0.667_x1.5_N4000_L24_T400000_seed2_cont2_dense500.npz,1.5,2,250,9,3,shrink,50.0
bidisperse_a0.005_sr0.667_x1.5_N4000_L24_T400000_seed2_cont2_dense500.npz,1.5,2,250,9,3,shrink,250.0
bidisperse_a0.005_sr0.667_x1.5_N4000_L24_T400000_seed2_cont2_dense500.npz,1.5,2,250,9,3,shrink,450.0
bidisperse_a0.005_sr0.667_x1.5_N4000_L24_T400000_seed2_cont2_dense500.npz,1.5,2,250,9,3,shrink,200.0
bidisperse_a0.005_sr0.667_x1.5_N4000_L24_T400000_seed2_cont2_dense500.npz,1.5,2,250,9,3,shrink,200.0
bidisperse_a0.005_sr0.667_x1.5_N4000_L24_T400000_seed2_cont2_dense500.npz,1.5,2,250,9,3,shrink,50.0
bidisperse_a0.005_sr0.667_x1.5_N4000_L24_T400000_seed2_cont2_dense500.npz,1.5,2,250,9,3,shrink,50.0
bidisperse_a0.005_sr0.667_x1.5_N4000_L24_T400000_seed2_cont2_dense500.npz,1.5,2,250,9,3,shrink,50.0
bidisperse_a0.005_sr0.667_x1.5_N4000_L24_T400000_seed2_cont2_dense500.npz,1.5,2,250,9,3,shrink,50.0
bidisperse_a0.005_sr0.667_x1.5_N4000_L24_T400000_seed2_cont2_dense500.npz,1.5,2,250,9,3,shrink,100.0
bidisperse_a0.005_sr0.667_x1.5_N4000_L24_T400000_seed2_cont2_dense500.npz,1.5,2,250,9,3,shrink,100.0
bidisperse_a0.005_sr0.667_x1.5_N4000_L24_T400000_seed2_cont2_dense500.npz,1.5,2,250,9,3,grow,50.0
bidisperse_a0.005_sr0.667_x1.5_N4000_L24_T400000_seed2_cont2_dense500.npz,1.5,2,250,9,3,grow,150.0
bidisperse_a0.005_sr0.667_x1.5_N4000_L24_T400000_seed2_cont2_dense500.npz,1.5,2,250,9,3,shrink,50.0
bidisperse_a0.005_sr0.667_x1.5_N4000_L24_T400000_seed2_cont2_dense500.npz,1.5,2,250,9,3,shrink,350.0
bidisperse_a0.005_sr0.667_x1.5_N4000_L24_T400000_seed2_cont2_dense500.npz,1.5,2,250,9,3,shrink,50.0
bidisperse_a0.005_sr0.667_x1.5_N4000_L24_T400000_seed2_cont2_dense500.npz,1.5,2,250,9,3,shrink,100.0
bidisperse_a0.005_sr0.667_x1.5_N4000_L24_T400000_seed2_cont2_dense500.npz,1.5,2,250,9,3,shrink,50.0
bidisperse_a0.005_sr0.667_x1.5_N4000_L24_T400000_seed2_cont2_dense500.npz,1.5,2,250,9,3,absorbed,50.0
bidisperse_a0.005_sr0.667_x1.5_N4000_L24_T400000_seed2_cont2_dense500.npz,1.5,2,250,9,3,shrink,900.0
bidisperse_a0.005_sr0.667_x1.5_N4000_L24_T400000_seed2_cont2_dense500.npz,1.5,2,250,10,74,grow,50.0
bidisperse_a0.005_sr0.667_x1.5_N4000_L24_T400000_seed2_cont2_dense500.npz,1.5,2,250,10,38,grow,50.0
bidisperse_a0.005_sr0.667_x1.5_N4000_L24_T400000_seed2_cont2_dense500.npz,1.5,2,250,10,34,grow,50.0
bidisperse_a0.005_sr0.667_x1.5_N4000_L24_T400000_seed2_cont2_dense500.npz,1.5,2,250,10,25,grow,50.0
bidisperse_a0.005_sr0.667_x1.5_N4000_L24_T400000_seed2_cont2_dense500.npz,1.5,2,250,10,21,grow,200.0
bidisperse_a0.005_sr0.667_x1.5_N4000_L24_T400000_seed2_cont2_dense500.npz,1.5,2,250,10,21,grow,50.0
bidisperse_a0.005_sr0.667_x1.5_N4000_L24_T400000_seed2_cont2_dense500.npz,1.5,2,250,10,18,shrink,1850.0
bidisperse_a0.005_sr0.667_x1.5_N4000_L24_T400000_seed2_cont2_dense500.npz,1.5,2,250,10,16,grow,600.0
bidisperse_a0.005_sr0.667_x1.5_N4000_L24_T400000_seed2_cont2_dense500.npz,1.5,2,250,10,16,grow,50.0
bidisperse_a0.005_sr0.667_x1.5_N4000_L24_T400000_seed2_cont2_dense500.npz,1.5,2,250,10,14,shrink,2300.0
bidisperse_a0.005_sr0.667_x1.5_N4000_L24_T400000_seed2_cont2_dense500.npz,1.5,2,250,10,13,shrink,1650.0
bidisperse_a0.005_sr0.667_x1.5_N4000_L24_T400000_seed2_cont2_dense500.npz,1.5,2,250,10,10,open,0.0
bidisperse_a0.005_sr0.667_x1.5_N4000_L24_T400000_seed2_cont2_dense500.npz,1.5,2,250,10,9,shrink,650.0
bidisperse_a0.005_sr0.667_x1.5_N4000_L24_T400000_seed2_cont2_dense500.npz,1.5,2,250,10,9,shrink,650.0
bidisperse_a0.005_sr0.667_x1.5_N4000_L24_T400000_seed2_cont2_dense500.npz,1.5,2,250,10,8,grow,200.0
bidisperse_a0.005_sr0.667_x1.5_N4000_L24_T400000_seed2_cont2_dense500.npz,1.5,2,250,10,8,shrink,750.0
bidisperse_a0.005_sr0.667_x1.5_N4000_L24_T400000_seed2_cont2_dense500.npz,1.5,2,250,10,8,absorbed,1550.0
bidisperse_a0.005_sr0.667_x1.5_N4000_L24_T400000_seed2_cont2_dense500.npz,1.5,2,250,10,7,shrink,150.0
bidisperse_a0.005_sr0.667_x1.5_N4000_L24_T400000_seed2_cont2_dense500.npz,1.5,2,250,10,7,shrink,550.0
bidisperse_a0.005_sr0.667_x1.5_N4000_L24_T400000_seed2_cont2_dense500.npz,1.5,2,250,10,7,shrink,250.0
bidisperse_a0.005_sr0.667_x1.5_N4000_L24_T400000_seed2_cont2_dense500.npz,1.5,2,250,10,7,shrink,350.0
bidisperse_a0.005_sr0.667_x1.5_N4000_L24_T400000_seed2_cont2_dense500.npz,1.5,2,250,10,6,shrink,650.0
bidisperse_a0.005_sr0.667_x1.5_N4000_L24_T400000_seed2_cont2_dense500.npz,1.5,2,250,10,6,absorbed,1550.0
bidisperse_a0.005_sr0.667_x1.5_N4000_L24_T400000_seed2_cont2_dense500.npz,1.5,2,250,10,6,shrink,800.0
bidisperse_a0.005_sr0.667_x1.5_N4000_L24_T400000_seed2_cont2_dense500.npz,1.5,2,250,10,6,shrink,1200.0
bidisperse_a0.005_sr0.667_x1.5_N4000_L24_T400000_seed2_cont2_dense500.npz,1.5,2,250,10,5,shrink,2850.0
bidisperse_a0.005_sr0.667_x1.5_N4000_L24_T400000_seed2_cont2_dense500.npz,1.5,2,250,10,5,shrink,600.0
bidisperse_a0.005_sr0.667_x1.5_N4000_L24_T400000_seed2_cont2_dense500.npz,1.5,2,250,10,5,shrink,450.0
bidisperse_a0.005_sr0.667_x1.5_N4000_L24_T400000_seed2_cont2_dense500.npz,1.5,2,250,10,5,shrink,450.0
bidisperse_a0.005_sr0.667_x1.5_N4000_L24_T400000_seed2_cont2_dense500.npz,1.5,2,250,10,5,shrink,1400.0
bidisperse_a0.005_sr0.667_x1.5_N4000_L24_T400000_seed2_cont2_dense500.npz,1.5,2,250,10,5,shrink,300.0
bidisperse_a0.005_sr0.667_x1.5_N4000_L24_T400000_seed2_cont2_dense500.npz,1.5,2,250,10,5,shrink,1650.0
bidisperse_a0.005_sr0.667_x1.5_N4000_L24_T400000_seed2_cont2_dense500.npz,1.5,2,250,10,5,shrink,1250.0
bidisperse_a0.005_sr0.667_x1.5_N4000_L24_T400000_seed2_cont2_dense500.npz,1.5,2,250,10,5,shrink,100.0
bidisperse_a0.005_sr0.667_x1.5_N4000_L24_T400000_seed2_cont2_dense500.npz,1.5,2,250,10,5,open,0.0
bidisperse_a0.005_sr0.667_x1.5_N4000_L24_T400000_seed2_cont2_dense500.npz,1.5,2,250,10,5,open,0.0
bidisperse_a0.005_sr0.667_x1.5_N4000_L24_T400000_seed2_cont2_dense500.npz,1.5,2,250,10,4,grow,50.0
bidisperse_a0.005_sr0.667_x1.5_N4000_L24_T400000_seed2_cont2_dense500.npz,1.5,2,250,10,4,shrink,200.0
bidisperse_a0.005_sr0.667_x1.5_N4000_L24_T400000_seed2_cont2_dense500.npz,1.5,2,250,10,4,open,0.0
bidisperse_a0.005_sr0.667_x1.5_N4000_L24_T400000_seed2_cont2_dense500.npz,1.5,2,250,10,4,shrink,300.0
bidisperse_a0.005_sr0.667_x1.5_N4000_L24_T400000_seed2_cont2_dense500.npz,1.5,2,250,10,4,shrink,450.0
bidisperse_a0.005_sr0.667_x1.5_N4000_L24_T400000_seed2_cont2_dense500.npz,1.5,2,250,10,4,absorbed,150.0
bidisperse_a0.005_sr0.667_x1.5_N4000_L24_T400000_seed2_cont2_dense500.npz,1.5,2,250,10,4,shrink,100.0
bidisperse_a0.005_sr0.667_x1.5_N4000_L24_T400000_seed2_cont2_dense500.npz,1.5,2,250,10,4,open,0.0
bidisperse_a0.005_sr0.667_x1.5_N4000_L24_T400000_seed2_cont2_dense500.npz,1.5,2,250,10,4,shrink,300.0
bidisperse_a0.005_sr0.667_x1.5_N4000_L24_T400000_seed2_cont2_dense500.npz,1.5,2,250,10,4,shrink,200.0
bidisperse_a0.005_sr0.667_x1.5_N4000_L24_T400000_seed2_cont2_dense500.npz,1.5,2,250,10,4,grow,2000.0
bidisperse_a0.005_sr0.667_x1.5_N4000_L24_T400000_seed2_cont2_dense500.npz,1.5,2,250,10,3,shrink,100.0
bidisperse_a0.005_sr0.667_x1.5_N4000_L24_T400000_seed2_cont2_dense500.npz,1.5,2,250,10,3,shrink,50.0
bidisperse_a0.005_sr0.667_x1.5_N4000_L24_T400000_seed2_cont2_dense500.npz,1.5,2,250,10,3,shrink,100.0
bidisperse_a0.005_sr0.667_x1.5_N4000_L24_T400000_seed2_cont2_dense500.npz,1.5,2,250,10,3,shrink,150.0
bidisperse_a0.005_sr0.667_x1.5_N4000_L24_T400000_seed2_cont2_dense500.npz,1.5,2,250,10,3,shrink,900.0
bidisperse_a0.005_sr0.667_x1.5_N4000_L24_T400000_seed2_cont2_dense500.npz,1.5,2,250,10,3,shrink,200.0
bidisperse_a0.005_sr0.667_x1.5_N4000_L24_T400000_seed2_cont2_dense500.npz,1.5,2,250,10,3,shrink,50.0
bidisperse_a0.005_sr0.667_x1.5_N4000_L24_T400000_seed2_cont2_dense500.npz,1.5,2,250,10,3,shrink,50.0
bidisperse_a0.005_sr0.667_x1.5_N4000_L24_T400000_seed2_cont2_dense500.npz,1.5,2,250,10,3,shrink,400.0
bidisperse_a0.005_sr0.667_x1.5_N4000_L24_T400000_seed2_cont2_dense500.npz,1.5,2,250,10,3,shrink,50.0
bidisperse_a0.005_sr0.667_x1.5_N4000_L24_T400000_seed2_cont2_dense500.npz,1.5,2,250,10,3,shrink,350.0
bidisperse_a0.005_sr0.667_x1.5_N4000_L24_T400000_seed2_cont2_dense500.npz,1.5,2,250,10,3,shrink,50.0
bidisperse_a0.005_sr0.667_x1.5_N4000_L24_T400000_seed2_cont2_dense500.npz,1.5,2,250,10,3,shrink,100.0
bidisperse_a0.005_sr0.667_x1.5_N4000_L24_T400000_seed2_cont2_dense500.npz,1.5,2,250,10,3,shrink,200.0
bidisperse_a0.005_sr0.667_x1.5_N4000_L24_T400000_seed2_cont2_dense500.npz,1.5,2,250,10,3,grow,150.0
bidisperse_a0.005_sr0.667_x1.5_N4000_L24_T400000_seed2_cont2_dense500.npz,1.5,2,250,10,3,grow,100.0
bidisperse_a0.005_sr0.667_x1.5_N4000_L24_T400000_seed2_cont2_dense500.npz,1.5,2,250,10,3,shrink,50.0
bidisperse_a0.005_sr0.667_x1.5_N4000_L24_T400000_seed2_cont2_dense500.npz,1.5,2,250,10,3,shrink,250.0
bidisperse_a0.005_sr0.667_x1.5_N4000_L24_T400000_seed2_cont2_dense500.npz,1.5,2,250,10,3,shrink,50.0
bidisperse_a0.005_sr0.667_x1.5_N4000_L24_T400000_seed2_cont2_dense500.npz,1.5,2,250,10,3,shrink,50.0
bidisperse_a0.005_sr0.667_x1.5_N4000_L24_T400000_seed2_cont2_dense500.npz,1.5,2,250,10,3,shrink,250.0
bidisperse_a0.005_sr0.667_x1.5_N4000_L24_T400000_seed2_cont2_dense500.npz,1.5,2,250,10,3,absorbed,50.0
bidisperse_a0.005_sr0.667_x1.5_N4000_L24_T400000_seed2_cont2_dense500.npz,1.5,2,250,10,3,shrink,1000.0
bidisperse_a0.005_sr0.667_x1.5_N4000_L24_T400000_seed2_cont2_dense500.npz,1.5,2,250,11,74,grow,50.0
bidisperse_a0.005_sr0.667_x1.5_N4000_L24_T400000_seed2_cont2_dense500.npz,1.5,2,250,11,38,grow,50.0
bidisperse_a0.005_sr0.667_x1.5_N4000_L24_T400000_seed2_cont2_dense500.npz,1.5,2,250,11,34,grow,50.0
bidisperse_a0.005_sr0.667_x1.5_N4000_L24_T400000_seed2_cont2_dense500.npz,1.5,2,250,11,25,grow,50.0
bidisperse_a0.005_sr0.667_x1.5_N4000_L24_T400000_seed2_cont2_dense500.npz,1.5,2,250,11,21,grow,50.0
bidisperse_a0.005_sr0.667_x1.5_N4000_L24_T400000_seed2_cont2_dense500.npz,1.5,2,250,11,21,grow,50.0
bidisperse_a0.005_sr0.667_x1.5_N4000_L24_T400000_seed2_cont2_dense500.npz,1.5,2,250,11,18,grow,1750.0
bidisperse_a0.005_sr0.667_x1.5_N4000_L24_T400000_seed2_cont2_dense500.npz,1.5,2,250,11,16,grow,750.0
bidisperse_a0.005_sr0.667_x1.5_N4000_L24_T400000_seed2_cont2_dense500.npz,1.5,2,250,11,16,grow,100.0
bidisperse_a0.005_sr0.667_x1.5_N4000_L24_T400000_seed2_cont2_dense500.npz,1.5,2,250,11,14,grow,150.0
bidisperse_a0.005_sr0.667_x1.5_N4000_L24_T400000_seed2_cont2_dense500.npz,1.5,2,250,11,13,shrink,1700.0
bidisperse_a0.005_sr0.667_x1.5_N4000_L24_T400000_seed2_cont2_dense500.npz,1.5,2,250,11,10,shrink,450.0
bidisperse_a0.005_sr0.667_x1.5_N4000_L24_T400000_seed2_cont2_dense500.npz,1.5,2,250,11,9,grow,1400.0
bidisperse_a0.005_sr0.667_x1.5_N4000_L24_T400000_seed2_cont2_dense500.npz,1.5,2,250,11,9,grow,150.0
bidisperse_a0.005_sr0.667_x1.5_N4000_L24_T400000_seed2_cont2_dense500.npz,1.5,2,250,11,8,grow,350.0
bidisperse_a0.005_sr0.667_x1.5_N4000_L24_T400000_seed2_cont2_dense500.npz,1.5,2,250,11,8,shrink,850.0
bidisperse_a0.005_sr0.667_x1.5_N4000_L24_T400000_seed2_cont2_dense500.npz,1.5,2,250,11,8,shrink,2850.0
bidisperse_a0.005_sr0.667_x1.5_N4000_L24_T400000_seed2_cont2_dense500.npz,1.5,2,250,11,7,shrink,200.0
bidisperse_a0.005_sr0.667_x1.5_N4000_L24_T400000_seed2_cont2_dense500.npz,1.5,2,250,11,7,shrink,1500.0
bidisperse_a0.005_sr0.667_x1.5_N4000_L24_T400000_seed2_cont2_dense500.npz,1.5,2,250,11,7,shrink,250.0
bidisperse_a0.005_sr0.667_x1.5_N4000_L24_T400000_seed2_cont2_dense500.npz,1.5,2,250,11,7,shrink,1400.0
bidisperse_a0.005_sr0.667_x1.5_N4000_L24_T400000_seed2_cont2_dense500.npz,1.5,2,250,11,6,grow,150.0
bidisperse_a0.005_sr0.667_x1.5_N4000_L24_T400000_seed2_cont2_dense500.npz,1.5,2,250,11,6,shrink,250.0
bidisperse_a0.005_sr0.667_x1.5_N4000_L24_T400000_seed2_cont2_dense500.npz,1.5,2,250,11,6,shrink,350.0
bidisperse_a0.005_sr0.667_x1.5_N4000_L24_T400000_seed2_cont2_dense500.npz,1.5,2,250,11,6,open,0.0
bidisperse_a0.005_sr0.667_x1.5_N4000_L24_T400000_seed2_cont2_dense500.npz,1.5,2,250,11,5,shrink,550.0
bidisperse_a0.005_sr0.667_x1.5_N4000_L24_T400000_seed2_cont2_dense500.npz,1.5,2,250,11,5,shrink,650.0
bidisperse_a0.005_sr0.667_x1.5_N4000_L24_T400000_seed2_cont2_dense500.npz,1.5,2,250,11,5,shrink,900.0
bidisperse_a0.005_sr0.667_x1.5_N4000_L24_T400000_seed2_cont2_dense500.npz,1.5,2,250,11,5,grow,850.0
bidisperse_a0.005_sr0.667_x1.5_N4000_L24_T400000_seed2_cont2_dense500.npz,1.5,2,250,11,5,open,0.0
bidisperse_a0.005_sr0.667_x1.5_N4000_L24_T400000_seed2_cont2_dense500.npz,1.5,2,250,11,5,shrink,200.0
bidisperse_a0.005_sr0.667_x1.5_N4000_L24_T400000_seed2_cont2_dense500.npz,1.5,2,250,11,5,shrink,1700.0
bidisperse_a0.005_sr0.667_x1.5_N4000_L24_T400000_seed2_cont2_dense500.npz,1.5,2,250,11,5,shrink,1050.0
bidisperse_a0.005_sr0.667_x1.5_N4000_L24_T400000_seed2_cont2_dense500.npz,1.5,2,250,11,5,shrink,100.0
bidisperse_a0.005_sr0.667_x1.5_N4000_L24_T400000_seed2_cont2_dense500.npz,1.5,2,250,11,5,shrink,600.0
bidisperse_a0.005_sr0.667_x1.5_N4000_L24_T400000_seed2_cont2_dense500.npz,1.5,2,250,11,5,shrink,2500.0
bidisperse_a0.005_sr0.667_x1.5_N4000_L24_T400000_seed2_cont2_dense500.npz,1.5,2,250,11,4,grow,150.0
bidisperse_a0.005_sr0.667_x1.5_N4000_L24_T400000_seed2_cont2_dense500.npz,1.5,2,250,11,4,shrink,200.0
bidisperse_a0.005_sr0.667_x1.5_N4000_L24_T400000_seed2_cont2_dense500.npz,1.5,2,250,11,4,shrink,50.0
bidisperse_a0.005_sr0.667_x1.5_N4000_L24_T400000_seed2_cont2_dense500.npz,1.5,2,250,11,4,shrink,50.0
bidisperse_a0.005_sr0.667_x1.5_N4000_L24_T400000_seed2_cont2_dense500.npz,1.5,2,250,11,4,shrink,450.0
bidisperse_a0.005_sr0.667_x1.5_N4000_L24_T400000_seed2_cont2_dense500.npz,1.5,2,250,11,4,shrink,100.0
bidisperse_a0.005_sr0.667_x1.5_N4000_L24_T400000_seed2_cont2_dense500.npz,1.5,2,250,11,4,shrink,200.0
bidisperse_a0.005_sr0.667_x1.5_N4000_L24_T400000_seed2_cont2_dense500.npz,1.5,2,250,11,4,shrink,200.0
bidisperse_a0.005_sr0.667_x1.5_N4000_L24_T400000_seed2_cont2_dense500.npz,1.5,2,250,11,4,shrink,800.0
bidisperse_a0.005_sr0.667_x1.5_N4000_L24_T400000_seed2_cont2_dense500.npz,1.5,2,250,11,4,shrink,300.0
bidisperse_a0.005_sr0.667_x1.5_N4000_L24_T400000_seed2_cont2_dense500.npz,1.5,2,250,11,4,grow,1400.0
bidisperse_a0.005_sr0.667_x1.5_N4000_L24_T400000_seed2_cont2_dense500.npz,1.5,2,250,11,3,shrink,100.0
bidisperse_a0.005_sr0.667_x1.5_N4000_L24_T400000_seed2_cont2_dense500.npz,1.5,2,250,11,3,shrink,800.0
bidisperse_a0.005_sr0.667_x1.5_N4000_L24_T400000_seed2_cont2_dense500.npz,1.5,2,250,11,3,shrink,500.0
bidisperse_a0.005_sr0.667_x1.5_N4000_L24_T400000_seed2_cont2_dense500.npz,1.5,2,250,11,3,shrink,1050.0
bidisperse_a0.005_sr0.667_x1.5_N4000_L24_T400000_seed2_cont2_dense500.npz,1.5,2,250,11,3,shrink,300.0
bidisperse_a0.005_sr0.667_x1.5_N4000_L24_T400000_seed2_cont2_dense500.npz,1.5,2,250,11,3,shrink,500.0
bidisperse_a0.005_sr0.667_x1.5_N4000_L24_T400000_seed2_cont2_dense500.npz,1.5,2,250,11,3,shrink,100.0
bidisperse_a0.005_sr0.667_x1.5_N4000_L24_T400000_seed2_cont2_dense500.npz,1.5,2,250,11,3,shrink,200.0
bidisperse_a0.005_sr0.667_x1.5_N4000_L24_T400000_seed2_cont2_dense500.npz,1.5,2,250,11,3,shrink,150.0
bidisperse_a0.005_sr0.667_x1.5_N4000_L24_T400000_seed2_cont2_dense500.npz,1.5,2,250,11,3,shrink,50.0
bidisperse_a0.005_sr0.667_x1.5_N4000_L24_T400000_seed2_cont2_dense500.npz,1.5,2,250,11,3,shrink,50.0
bidisperse_a0.005_sr0.667_x1.5_N4000_L24_T400000_seed2_cont2_dense500.npz,1.5,2,250,11,3,absorbed,50.0
bidisperse_a0.005_sr0.667_x1.5_N4000_L24_T400000_seed2_cont2_dense500.npz,1.5,2,250,11,3,shrink,50.0
bidisperse_a0.005_sr0.667_x1.5_N4000_L24_T400000_seed2_cont2_dense500.npz,1.5,2,250,11,3,shrink,100.0
bidisperse_a0.005_sr0.667_x1.5_N4000_L24_T400000_seed2_cont2_dense500.npz,1.5,2,250,11,3,grow,50.0
bidisperse_a0.005_sr0.667_x1.5_N4000_L24_T400000_seed2_cont2_dense500.npz,1.5,2,250,11,3,shrink,400.0
bidisperse_a0.005_sr0.667_x1.5_N4000_L24_T400000_seed2_cont2_dense500.npz,1.5,2,250,11,3,shrink,200.0
bidisperse_a0.005_sr0.667_x1.5_N4000_L24_T400000_seed2_cont2_dense500.npz,1.5,2,250,11,3,shrink,150.0
bidisperse_a0.005_sr0.667_x1.5_N4000_L24_T400000_seed2_cont2_dense500.npz,1.5,2,250,11,3,shrink,200.0
bidisperse_a0.005_sr0.667_x1.5_N4000_L24_T400000_seed2_cont2_dense500.npz,1.5,2,250,11,3,shrink,50.0
bidisperse_a0.005_sr0.667_x1.5_N4000_L24_T400000_seed2_cont2_dense500.npz,1.5,2,250,11,3,shrink,150.0
bidisperse_a0.005_sr0.667_x1.5_N4000_L24_T400000_seed2_cont2_dense500.npz,1.5,2,250,11,3,shrink,50.0
bidisperse_a0.005_sr0.667_x1.5_N4000_L24_T400000_seed2_cont2_dense500.npz,1.5,2,250,11,3,shrink,550.0
bidisperse_a0.005_sr0.667_x1.5_N4000_L24_T400000_seed2_cont2_dense500.npz,1.5,2,500,0,48,grow,50.0
bidisperse_a0.005_sr0.667_x1.5_N4000_L24_T400000_seed2_cont2_dense500.npz,1.5,2,500,0,43,grow,50.0
bidisperse_a0.005_sr0.667_x1.5_N4000_L24_T400000_seed2_cont2_dense500.npz,1.5,2,500,0,18,grow,50.0
bidisperse_a0.005_sr0.667_x1.5_N4000_L24_T400000_seed2_cont2_dense500.npz,1.5,2,500,0,16,grow,150.0
bidisperse_a0.005_sr0.667_x1.5_N4000_L24_T400000_seed2_cont2_dense500.npz,1.5,2,500,0,14,grow,900.0
bidisperse_a0.005_sr0.667_x1.5_N4000_L24_T400000_seed2_cont2_dense500.npz,1.5,2,500,0,14,shrink,2450.0
bidisperse_a0.005_sr0.667_x1.5_N4000_L24_T400000_seed2_cont2_dense500.npz,1.5,2,500,0,14,shrink,900.0
bidisperse_a0.005_sr0.667_x1.5_N4000_L24_T400000_seed2_cont2_dense500.npz,1.5,2,500,0,13,absorbed,500.0
bidisperse_a0.005_sr0.667_x1.5_N4000_L24_T400000_seed2_cont2_dense500.npz,1.5,2,500,0,12,grow,350.0
bidisperse_a0.005_sr0.667_x1.5_N4000_L24_T400000_seed2_cont2_dense500.npz,1.5,2,500,0,12,shrink,900.0
bidisperse_a0.005_sr0.667_x1.5_N4000_L24_T400000_seed2_cont2_dense500.npz,1.5,2,500,0,12,shrink,2400.0
bidisperse_a0.005_sr0.667_x1.5_N4000_L24_T400000_seed2_cont2_dense500.npz,1.5,2,500,0,12,grow,50.0
bidisperse_a0.005_sr0.667_x1.5_N4000_L24_T400000_seed2_cont2_dense500.npz,1.5,2,500,0,11,shrink,1250.0
bidisperse_a0.005_sr0.667_x1.5_N4000_L24_T400000_seed2_cont2_dense500.npz,1.5,2,500,0,10,grow,1650.0
bidisperse_a0.005_sr0.667_x1.5_N4000_L24_T400000_seed2_cont2_dense500.npz,1.5,2,500,0,10,grow,50.0
bidisperse_a0.005_sr0.667_x1.5_N4000_L24_T400000_seed2_cont2_dense500.npz,1.5,2,500,0,9,absorbed,50.0
bidisperse_a0.005_sr0.667_x1.5_N4000_L24_T400000_seed2_cont2_dense500.npz,1.5,2,500,0,9,grow,900.0
bidisperse_a0.005_sr0.667_x1.5_N4000_L24_T400000_seed2_cont2_dense500.npz,1.5,2,500,0,8,grow,50.0
bidisperse_a0.005_sr0.667_x1.5_N4000_L24_T400000_seed2_cont2_dense500.npz,1.5,2,500,0,7,grow,50.0
bidisperse_a0.005_sr0.667_x1.5_N4000_L24_T400000_seed2_cont2_dense500.npz,1.5,2,500,0,7,shrink,50.0
bidisperse_a0.005_sr0.667_x1.5_N4000_L24_T400000_seed2_cont2_dense500.npz,1.5,2,500,0,7,grow,150.0
bidisperse_a0.005_sr0.667_x1.5_N4000_L24_T400000_seed2_cont2_dense500.npz,1.5,2,500,0,7,shrink,1050.0
bidisperse_a0.005_sr0.667_x1.5_N4000_L24_T400000_seed2_cont2_dense500.npz,1.5,2,500,0,7,shrink,750.0
bidisperse_a0.005_sr0.667_x1.5_N4000_L24_T400000_seed2_cont2_dense500.npz,1.5,2,500,0,7,grow,1050.0
bidisperse_a0.005_sr0.667_x1.5_N4000_L24_T400000_seed2_cont2_dense500.npz,1.5,2,500,0,7,shrink,250.0
bidisperse_a0.005_sr0.667_x1.5_N4000_L24_T400000_seed2_cont2_dense500.npz,1.5,2,500,0,6,shrink,250.0
bidisperse_a0.005_sr0.667_x1.5_N4000_L24_T400000_seed2_cont2_dense500.npz,1.5,2,500,0,6,shrink,200.0
bidisperse_a0.005_sr0.667_x1.5_N4000_L24_T400000_seed2_cont2_dense500.npz,1.5,2,500,0,6,shrink,600.0
bidisperse_a0.005_sr0.667_x1.5_N4000_L24_T400000_seed2_cont2_dense500.npz,1.5,2,500,0,6,shrink,250.0
bidisperse_a0.005_sr0.667_x1.5_N4000_L24_T400000_seed2_cont2_dense500.npz,1.5,2,500,0,6,shrink,200.0
bidisperse_a0.005_sr0.667_x1.5_N4000_L24_T400000_seed2_cont2_dense500.npz,1.5,2,500,0,6,shrink,450.0
bidisperse_a0.005_sr0.667_x1.5_N4000_L24_T400000_seed2_cont2_dense500.npz,1.5,2,500,0,6,shrink,1400.0
bidisperse_a0.005_sr0.667_x1.5_N4000_L24_T400000_seed2_cont2_dense500.npz,1.5,2,500,0,6,shrink,100.0
bidisperse_a0.005_sr0.667_x1.5_N4000_L24_T400000_seed2_cont2_dense500.npz,1.5,2,500,0,5,grow,900.0
bidisperse_a0.005_sr0.667_x1.5_N4000_L24_T400000_seed2_cont2_dense500.npz,1.5,2,500,0,5,shrink,950.0
bidisperse_a0.005_sr0.667_x1.5_N4000_L24_T400000_seed2_cont2_dense500.npz,1.5,2,500,0,5,shrink,350.0
bidisperse_a0.005_sr0.667_x1.5_N4000_L24_T400000_seed2_cont2_dense500.npz,1.5,2,500,0,5,shrink,350.0
bidisperse_a0.005_sr0.667_x1.5_N4000_L24_T400000_seed2_cont2_dense500.npz,1.5,2,500,0,4,grow,900.0
bidisperse_a0.005_sr0.667_x1.5_N4000_L24_T400000_seed2_cont2_dense500.npz,1.5,2,500,0,4,grow,50.0
bidisperse_a0.005_sr0.667_x1.5_N4000_L24_T400000_seed2_cont2_dense500.npz,1.5,2,500,0,4,shrink,300.0
bidisperse_a0.005_sr0.667_x1.5_N4000_L24_T400000_seed2_cont2_dense500.npz,1.5,2,500,0,4,shrink,50.0
bidisperse_a0.005_sr0.667_x1.5_N4000_L24_T400000_seed2_cont2_dense500.npz,1.5,2,500,0,4,shrink,650.0
bidisperse_a0.005_sr0.667_x1.5_N4000_L24_T400000_seed2_cont2_dense500.npz,1.5,2,500,0,4,shrink,50.0
bidisperse_a0.005_sr0.667_x1.5_N4000_L24_T400000_seed2_cont2_dense500.npz,1.5,2,500,0,4,shrink,250.0
bidisperse_a0.005_sr0.667_x1.5_N4000_L24_T400000_seed2_cont2_dense500.npz,1.5,2,500,0,4,shrink,300.0
bidisperse_a0.005_sr0.667_x1.5_N4000_L24_T400000_seed2_cont2_dense500.npz,1.5,2,500,0,4,shrink,150.0
bidisperse_a0.005_sr0.667_x1.5_N4000_L24_T400000_seed2_cont2_dense500.npz,1.5,2,500,0,4,shrink,150.0
bidisperse_a0.005_sr0.667_x1.5_N4000_L24_T400000_seed2_cont2_dense500.npz,1.5,2,500,0,4,shrink,1500.0
bidisperse_a0.005_sr0.667_x1.5_N4000_L24_T400000_seed2_cont2_dense500.npz,1.5,2,500,0,4,absorbed,200.0
bidisperse_a0.005_sr0.667_x1.5_N4000_L24_T400000_seed2_cont2_dense500.npz,1.5,2,500,0,4,shrink,50.0
bidisperse_a0.005_sr0.667_x1.5_N4000_L24_T400000_seed2_cont2_dense500.npz,1.5,2,500,0,4,shrink,250.0
bidisperse_a0.005_sr0.667_x1.5_N4000_L24_T400000_seed2_cont2_dense500.npz,1.5,2,500,0,4,grow,350.0
bidisperse_a0.005_sr0.667_x1.5_N4000_L24_T400000_seed2_cont2_dense500.npz,1.5,2,500,0,3,shrink,250.0
bidisperse_a0.005_sr0.667_x1.5_N4000_L24_T400000_seed2_cont2_dense500.npz,1.5,2,500,0,3,grow,150.0
bidisperse_a0.005_sr0.667_x1.5_N4000_L24_T400000_seed2_cont2_dense500.npz,1.5,2,500,0,3,shrink,100.0
bidisperse_a0.005_sr0.667_x1.5_N4000_L24_T400000_seed2_cont2_dense500.npz,1.5,2,500,0,3,shrink,50.0
bidisperse_a0.005_sr0.667_x1.5_N4000_L24_T400000_seed2_cont2_dense500.npz,1.5,2,500,0,3,shrink,100.0
bidisperse_a0.005_sr0.667_x1.5_N4000_L24_T400000_seed2_cont2_dense500.npz,1.5,2,500,0,3,shrink,200.0
bidisperse_a0.005_sr0.667_x1.5_N4000_L24_T400000_seed2_cont2_dense500.npz,1.5,2,500,0,3,shrink,600.0
bidisperse_a0.005_sr0.667_x1.5_N4000_L24_T400000_seed2_cont2_dense500.npz,1.5,2,500,0,3,shrink,1100.0
bidisperse_a0.005_sr0.667_x1.5_N4000_L24_T400000_seed2_cont2_dense500.npz,1.5,2,500,0,3,shrink,450.0
bidisperse_a0.005_sr0.667_x1.5_N4000_L24_T400000_seed2_cont2_dense500.npz,1.5,2,500,0,3,shrink,50.0
bidisperse_a0.005_sr0.667_x1.5_N4000_L24_T400000_seed2_cont2_dense500.npz,1.5,2,500,0,3,grow,350.0
bidisperse_a0.005_sr0.667_x1.5_N4000_L24_T400000_seed2_cont2_dense500.npz,1.5,2,500,0,3,shrink,50.0
bidisperse_a0.005_sr0.667_x1.5_N4000_L24_T400000_seed2_cont2_dense500.npz,1.5,2,500,0,3,shrink,150.0
bidisperse_a0.005_sr0.667_x1.5_N4000_L24_T400000_seed2_cont2_dense500.npz,1.5,2,500,0,3,shrink,1450.0
bidisperse_a0.005_sr0.667_x1.5_N4000_L24_T400000_seed2_cont2_dense500.npz,1.5,2,500,0,3,shrink,50.0
bidisperse_a0.005_sr0.667_x1.5_N4000_L24_T400000_seed2_cont2_dense500.npz,1.5,2,500,0,3,grow,400.0
bidisperse_a0.005_sr0.667_x1.5_N4000_L24_T400000_seed2_cont2_dense500.npz,1.5,2,500,0,3,shrink,50.0
bidisperse_a0.005_sr0.667_x1.5_N4000_L24_T400000_seed2_cont2_dense500.npz,1.5,2,500,0,3,grow,50.0
bidisperse_a0.005_sr0.667_x1.5_N4000_L24_T400000_seed2_cont2_dense500.npz,1.5,2,500,0,3,shrink,100.0
bidisperse_a0.005_sr0.667_x1.5_N4000_L24_T400000_seed2_cont2_dense500.npz,1.5,2,500,0,3,shrink,150.0
bidisperse_a0.005_sr0.667_x1.5_N4000_L24_T400000_seed2_cont2_dense500.npz,1.5,2,500,0,3,grow,900.0
bidisperse_a0.005_sr0.667_x1.5_N4000_L24_T400000_seed2_cont2_dense500.npz,1.5,2,500,0,3,shrink,750.0
bidisperse_a0.005_sr0.667_x1.5_N4000_L24_T400000_seed2_cont2_dense500.npz,1.5,2,500,0,3,shrink,100.0
bidisperse_a0.005_sr0.667_x1.5_N4000_L24_T400000_seed2_cont2_dense500.npz,1.5,2,500,0,3,shrink,300.0
bidisperse_a0.005_sr0.667_x1.5_N4000_L24_T400000_seed2_cont2_dense500.npz,1.5,2,500,0,3,absorbed,200.0
bidisperse_a0.005_sr0.667_x1.5_N4000_L24_T400000_seed2_cont2_dense500.npz,1.5,2,500,0,3,shrink,100.0
bidisperse_a0.005_sr0.667_x1.5_N4000_L24_T400000_seed2_cont2_dense500.npz,1.5,2,500,0,3,shrink,100.0
bidisperse_a0.005_sr0.667_x1.5_N4000_L24_T400000_seed2_cont2_dense500.npz,1.5,2,500,0,3,shrink,100.0
bidisperse_a0.005_sr0.667_x1.5_N4000_L24_T400000_seed2_cont2_dense500.npz,1.5,2,500,0,3,shrink,150.0
bidisperse_a0.005_sr0.667_x1.5_N4000_L24_T400000_seed2_cont2_dense500.npz,1.5,2,500,0,3,shrink,600.0
bidisperse_a0.005_sr0.667_x1.5_N4000_L24_T400000_seed2_cont2_dense500.npz,1.5,2,500,0,3,shrink,50.0
bidisperse_a0.005_sr0.667_x1.5_N4000_L24_T400000_seed2_cont2_dense500.npz,1.5,2,500,0,3,shrink,100.0
bidisperse_a0.005_sr0.667_x1.5_N4000_L24_T400000_seed2_cont2_dense500.npz,1.5,2,500,1,48,grow,50.0
bidisperse_a0.005_sr0.667_x1.5_N4000_L24_T400000_seed2_cont2_dense500.npz,1.5,2,500,1,43,grow,50.0
bidisperse_a0.005_sr0.667_x1.5_N4000_L24_T400000_seed2_cont2_dense500.npz,1.5,2,500,1,18,grow,550.0
bidisperse_a0.005_sr0.667_x1.5_N4000_L24_T400000_seed2_cont2_dense500.npz,1.5,2,500,1,16,grow,150.0
bidisperse_a0.005_sr0.667_x1.5_N4000_L24_T400000_seed2_cont2_dense500.npz,1.5,2,500,1,14,grow,1500.0
bidisperse_a0.005_sr0.667_x1.5_N4000_L24_T400000_seed2_cont2_dense500.npz,1.5,2,500,1,14,shrink,1050.0
bidisperse_a0.005_sr0.667_x1.5_N4000_L24_T400000_seed2_cont2_dense500.npz,1.5,2,500,1,14,shrink,550.0
bidisperse_a0.005_sr0.667_x1.5_N4000_L24_T400000_seed2_cont2_dense500.npz,1.5,2,500,1,13,absorbed,600.0
bidisperse_a0.005_sr0.667_x1.5_N4000_L24_T400000_seed2_cont2_dense500.npz,1.5,2,500,1,12,grow,150.0
bidisperse_a0.005_sr0.667_x1.5_N4000_L24_T400000_seed2_cont2_dense500.npz,1.5,2,500,1,12,shrink,1500.0
bidisperse_a0.005_sr0.667_x1.5_N4000_L24_T400000_seed2_cont2_dense500.npz,1.5,2,500,1,12,shrink,900.0
bidisperse_a0.005_sr0.667_x1.5_N4000_L24_T400000_seed2_cont2_dense500.npz,1.5,2,500,1,12,shrink,950.0
bidisperse_a0.005_sr0.667_x1.5_N4000_L24_T400000_seed2_cont2_dense500.npz,1.5,2,500,1,11,open,0.0
bidisperse_a0.005_sr0.667_x1.5_N4000_L24_T400000_seed2_cont2_dense500.npz,1.5,2,500,1,10,grow,1200.0
bidisperse_a0.005_sr0.667_x1.5_N4000_L24_T400000_seed2_cont2_dense500.npz,1.5,2,500,1,10,grow,900.0
bidisperse_a0.005_sr0.667_x1.5_N4000_L24_T400000_seed2_cont2_dense500.npz,1.5,2,500,1,9,absorbed,50.0
bidisperse_a0.005_sr0.667_x1.5_N4000_L24_T400000_seed2_cont2_dense500.npz,1.5,2,500,1,9,shrink,1350.0
bidisperse_a0.005_sr0.667_x1.5_N4000_L24_T400000_seed2_cont2_dense500.npz,1.5,2,500,1,8,grow,100.0
bidisperse_a0.005_sr0.667_x1.5_N4000_L24_T400000_seed2_cont2_dense500.npz,1.5,2,500,1,7,grow,100.0
bidisperse_a0.005_sr0.667_x1.5_N4000_L24_T400000_seed2_cont2_dense500.npz,1.5,2,500,1,7,shrink,500.0
bidisperse_a0.005_sr0.667_x1.5_N4000_L24_T400000_seed2_cont2_dense500.npz,1.5,2,500,1,7,grow,150.0
bidisperse_a0.005_sr0.667_x1.5_N4000_L24_T400000_seed2_cont2_dense500.npz,1.5,2,500,1,7,shrink,450.0
bidisperse_a0.005_sr0.667_x1.5_N4000_L24_T400000_seed2_cont2_dense500.npz,1.5,2,500,1,7,shrink,650.0
bidisperse_a0.005_sr0.667_x1.5_N4000_L24_T400000_seed2_cont2_dense500.npz,1.5,2,500,1,7,grow,1000.0
bidisperse_a0.005_sr0.667_x1.5_N4000_L24_T400000_seed2_cont2_dense500.npz,1.5,2,500,1,7,open,0.0
bidisperse_a0.005_sr0.667_x1.5_N4000_L24_T400000_seed2_cont2_dense500.npz,1.5,2,500,1,6,shrink,600.0
bidisperse_a0.005_sr0.667_x1.5_N4000_L24_T400000_seed2_cont2_dense500.npz,1.5,2,500,1,6,shrink,200.0
bidisperse_a0.005_sr0.667_x1.5_N4000_L24_T400000_seed2_cont2_dense500.npz,1.5,2,500,1,6,open,0.0
bidisperse_a0.005_sr0.667_x1.5_N4000_L24_T400000_seed2_cont2_dense500.npz,1.5,2,500,1,6,shrink,1000.0
bidisperse_a0.005_sr0.667_x1.5_N4000_L24_T400000_seed2_cont2_dense500.npz,1.5,2,500,1,6,shrink,750.0
bidisperse_a0.005_sr0.667_x1.5_N4000_L24_T400000_seed2_cont2_dense500.npz,1.5,2,500,1,6,shrink,700.0
bidisperse_a0.005_sr0.667_x1.5_N4000_L24_T400000_seed2_cont2_dense500.npz,1.5,2,500,1,6,grow,550.0
bidisperse_a0.005_sr0.667_x1.5_N4000_L24_T400000_seed2_cont2_dense500.npz,1.5,2,500,1,6,shrink,250.0
bidisperse_a0.005_sr0.667_x1.5_N4000_L24_T400000_seed2_cont2_dense500.npz,1.5,2,500,1,5,shrink,2000.0
bidisperse_a0.005_sr0.667_x1.5_N4000_L24_T400000_seed2_cont2_dense500.npz,1.5,2,500,1,5,shrink,750.0
bidisperse_a0.005_sr0.667_x1.5_N4000_L24_T400000_seed2_cont2_dense500.npz,1.5,2,500,1,5,shrink,500.0
bidisperse_a0.005_sr0.667_x1.5_N4000_L24_T400000_seed2_cont2_dense500.npz,1.5,2,500,1,5,shrink,50.0
bidisperse_a0.005_sr0.667_x1.5_N4000_L24_T400000_seed2_cont2_dense500.npz,1.5,2,500,1,4,shrink,350.0
bidisperse_a0.005_sr0.667_x1.5_N4000_L24_T400000_seed2_cont2_dense500.npz,1.5,2,500,1,4,grow,100.0
bidisperse_a0.005_sr0.667_x1.5_N4000_L24_T400000_seed2_cont2_dense500.npz,1.5,2,500,1,4,shrink,150.0
bidisperse_a0.005_sr0.667_x1.5_N4000_L24_T400000_seed2_cont2_dense500.npz,1.5,2,500,1,4,grow,100.0
bidisperse_a0.005_sr0.667_x1.5_N4000_L24_T400000_seed2_cont2_dense500.npz,1.5,2,500,1,4,shrink,50.0
bidisperse_a0.005_sr0.667_x1.5_N4000_L24_T400000_seed2_cont2_dense500.npz,1.5,2,500,1,4,shrink,200.0
bidisperse_a0.005_sr0.667_x1.5_N4000_L24_T400000_seed2_cont2_dense500.npz,1.5,2,500,1,4,shrink,50.0
bidisperse_a0.005_sr0.667_x1.5_N4000_L24_T400000_seed2_cont2_dense500.npz,1.5,2,500,1,4,shrink,750.0
bidisperse_a0.005_sr0.667_x1.5_N4000_L24_T400000_seed2_cont2_dense500.npz,1.5,2,500,1,4,shrink,550.0
bidisperse_a0.005_sr0.667_x1.5_N4000_L24_T400000_seed2_cont2_dense500.npz,1.5,2,500,1,4,shrink,100.0
bidisperse_a0.005_sr0.667_x1.5_N4000_L24_T400000_seed2_cont2_dense500.npz,1.5,2,500,1,4,grow,2950.0
bidisperse_a0.005_sr0.667_x1.5_N4000_L24_T400000_seed2_cont2_dense500.npz,1.5,2,500,1,4,absorbed,50.0
bidisperse_a0.005_sr0.667_x1.5_N4000_L24_T400000_seed2_cont2_dense500.npz,1.5,2,500,1,4,shrink,50.0
bidisperse_a0.005_sr0.667_x1.5_N4000_L24_T400000_seed2_cont2_dense500.npz,1.5,2,500,1,4,shrink,550.0
bidisperse_a0.005_sr0.667_x1.5_N4000_L24_T400000_seed2_cont2_dense500.npz,1.5,2,500,1,4,grow,150.0
bidisperse_a0.005_sr0.667_x1.5_N4000_L24_T400000_seed2_cont2_dense500.npz,1.5,2,500,1,3,shrink,100.0
bidisperse_a0.005_sr0.667_x1.5_N4000_L24_T400000_seed2_cont2_dense500.npz,1.5,2,500,1,3,grow,150.0
bidisperse_a0.005_sr0.667_x1.5_N4000_L24_T400000_seed2_cont2_dense500.npz,1.5,2,500,1,3,grow,1200.0
bidisperse_a0.005_sr0.667_x1.5_N4000_L24_T400000_seed2_cont2_dense500.npz,1.5,2,500,1,3,shrink,50.0
bidisperse_a0.005_sr0.667_x1.5_N4000_L24_T400000_seed2_cont2_dense500.npz,1.5,2,500,1,3,shrink,50.0
bidisperse_a0.005_sr0.667_x1.5_N4000_L24_T400000_seed2_cont2_dense500.npz,1.5,2,500,1,3,shrink,300.0
bidisperse_a0.005_sr0.667_x1.5_N4000_L24_T400000_seed2_cont2_dense500.npz,1.5,2,500,1,3,shrink,150.0
bidisperse_a0.005_sr0.667_x1.5_N4000_L24_T400000_seed2_cont2_dense500.npz,1.5,2,500,1,3,shrink,750.0
bidisperse_a0.005_sr0.667_x1.5_N4000_L24_T400000_seed2_cont2_dense500.npz,1.5,2,500,1,3,shrink,150.0
bidisperse_a0.005_sr0.667_x1.5_N4000_L24_T400000_seed2_cont2_dense500.npz,1.5,2,500,1,3,shrink,50.0
bidisperse_a0.005_sr0.667_x1.5_N4000_L24_T400000_seed2_cont2_dense500.npz,1.5,2,500,1,3,grow,150.0
bidisperse_a0.005_sr0.667_x1.5_N4000_L24_T400000_seed2_cont2_dense500.npz,1.5,2,500,1,3,shrink,50.0
bidisperse_a0.005_sr0.667_x1.5_N4000_L24_T400000_seed2_cont2_dense500.npz,1.5,2,500,1,3,shrink,50.0
bidisperse_a0.005_sr0.667_x1.5_N4000_L24_T400000_seed2_cont2_dense500.npz,1.5,2,500,1,3,shrink,500.0
bidisperse_a0.005_sr0.667_x1.5_N4000_L24_T400000_seed2_cont2_dense500.npz,1.5,2,500,1,3,shrink,1350.0
bidisperse_a0.005_sr0.667_x1.5_N4000_L24_T400000_seed2_cont2_dense500.npz,1.5,2,500,1,3,grow,300.0
bidisperse_a0.005_sr0.667_x1.5_N4000_L24_T400000_seed2_cont2_dense500.npz,1.5,2,500,1,3,grow,150.0
bidisperse_a0.005_sr0.667_x1.5_N4000_L24_T400000_seed2_cont2_dense500.npz,1.5,2,500,1,3,grow,50.0
bidisperse_a0.005_sr0.667_x1.5_N4000_L24_T400000_seed2_cont2_dense500.npz,1.5,2,500,1,3,shrink,50.0
bidisperse_a0.005_sr0.667_x1.5_N4000_L24_T400000_seed2_cont2_dense500.npz,1.5,2,500,1,3,shrink,350.0
bidisperse_a0.005_sr0.667_x1.5_N4000_L24_T400000_seed2_cont2_dense500.npz,1.5,2,500,1,3,shrink,2000.0
bidisperse_a0.005_sr0.667_x1.5_N4000_L24_T400000_seed2_cont2_dense500.npz,1.5,2,500,1,3,shrink,1350.0
bidisperse_a0.005_sr0.667_x1.5_N4000_L24_T400000_seed2_cont2_dense500.npz,1.5,2,500,1,3,shrink,50.0
bidisperse_a0.005_sr0.667_x1.5_N4000_L24_T400000_seed2_cont2_dense500.npz,1.5,2,500,1,3,shrink,450.0
bidisperse_a0.005_sr0.667_x1.5_N4000_L24_T400000_seed2_cont2_dense500.npz,1.5,2,500,1,3,absorbed,50.0
bidisperse_a0.005_sr0.667_x1.5_N4000_L24_T400000_seed2_cont2_dense500.npz,1.5,2,500,1,3,shrink,200.0
bidisperse_a0.005_sr0.667_x1.5_N4000_L24_T400000_seed2_cont2_dense500.npz,1.5,2,500,1,3,shrink,50.0
bidisperse_a0.005_sr0.667_x1.5_N4000_L24_T400000_seed2_cont2_dense500.npz,1.5,2,500,1,3,shrink,50.0
bidisperse_a0.005_sr0.667_x1.5_N4000_L24_T400000_seed2_cont2_dense500.npz,1.5,2,500,1,3,shrink,200.0
bidisperse_a0.005_sr0.667_x1.5_N4000_L24_T400000_seed2_cont2_dense500.npz,1.5,2,500,1,3,shrink,150.0
bidisperse_a0.005_sr0.667_x1.5_N4000_L24_T400000_seed2_cont2_dense500.npz,1.5,2,500,1,3,shrink,50.0
bidisperse_a0.005_sr0.667_x1.5_N4000_L24_T400000_seed2_cont2_dense500.npz,1.5,2,500,1,3,shrink,50.0
bidisperse_a0.005_sr0.667_x1.5_N4000_L24_T400000_seed2_cont2_dense500.npz,1.5,2,500,2,48,grow,50.0
bidisperse_a0.005_sr0.667_x1.5_N4000_L24_T400000_seed2_cont2_dense500.npz,1.5,2,500,2,43,grow,50.0
bidisperse_a0.005_sr0.667_x1.5_N4000_L24_T400000_seed2_cont2_dense500.npz,1.5,2,500,2,18,grow,250.0
bidisperse_a0.005_sr0.667_x1.5_N4000_L24_T400000_seed2_cont2_dense500.npz,1.5,2,500,2,16,grow,150.0
bidisperse_a0.005_sr0.667_x1.5_N4000_L24_T400000_seed2_cont2_dense500.npz,1.5,2,500,2,14,grow,650.0
bidisperse_a0.005_sr0.667_x1.5_N4000_L24_T400000_seed2_cont2_dense500.npz,1.5,2,500,2,14,shrink,2000.0
bidisperse_a0.005_sr0.667_x1.5_N4000_L24_T400000_seed2_cont2_dense500.npz,1.5,2,500,2,14,shrink,1800.0
bidisperse_a0.005_sr0.667_x1.5_N4000_L24_T400000_seed2_cont2_dense500.npz,1.5,2,500,2,13,absorbed,500.0
bidisperse_a0.005_sr0.667_x1.5_N4000_L24_T400000_seed2_cont2_dense500.npz,1.5,2,500,2,12,grow,200.0
bidisperse_a0.005_sr0.667_x1.5_N4000_L24_T400000_seed2_cont2_dense500.npz,1.5,2,500,2,12,grow,1000.0
bidisperse_a0.005_sr0.667_x1.5_N4000_L24_T400000_seed2_cont2_dense500.npz,1.5,2,500,2,12,shrink,1500.0
bidisperse_a0.005_sr0.667_x1.5_N4000_L24_T400000_seed2_cont2_dense500.npz,1.5,2,500,2,12,grow,50.0
bidisperse_a0.005_sr0.667_x1.5_N4000_L24_T400000_seed2_cont2_dense500.npz,1.5,2,500,2,11,shrink,600.0
bidisperse_a0.005_sr0.667_x1.5_N4000_L24_T400000_seed2_cont2_dense500.npz,1.5,2,500,2,10,shrink,1650.0
bidisperse_a0.005_sr0.667_x1.5_N4000_L24_T400000_seed2_cont2_dense500.npz,1.5,2,500,2,10,grow,50.0
bidisperse_a0.005_sr0.667_x1.5_N4000_L24_T400000_seed2_cont2_dense500.npz,1.5,2,500,2,9,absorbed,50.0
bidisperse_a0.005_sr0.667_x1.5_N4000_L24_T400000_seed2_cont2_dense500.npz,1.5,2,500,2,9,shrink,1100.0
bidisperse_a0.005_sr0.667_x1.5_N4000_L24_T400000_seed2_cont2_dense500.npz,1.5,2,500,2,8,grow,200.0
bidisperse_a0.005_sr0.667_x1.5_N4000_L24_T400000_seed2_cont2_dense500.npz,1.5,2,500,2,7,grow,200.0
bidisperse_a0.005_sr0.667_x1.5_N4000_L24_T400000_seed2_cont2_dense500.npz,1.5,2,500,2,7,shrink,150.0
bidisperse_a0.005_sr0.667_x1.5_N4000_L24_T400000_seed2_cont2_dense500.npz,1.5,2,500,2,7,grow,200.0
bidisperse_a0.005_sr0.667_x1.5_N4000_L24_T400000_seed2_cont2_dense500.npz,1.5,2,500,2,7,shrink,350.0
bidisperse_a0.005_sr0.667_x1.5_N4000_L24_T400000_seed2_cont2_dense500.npz,1.5,2,500,2,7,grow,1000.0
bidisperse_a0.005_sr0.667_x1.5_N4000_L24_T400000_seed2_cont2_dense500.npz,1.5,2,500,2,7,absorbed,500.0
bidisperse_a0.005_sr0.667_x1.5_N4000_L24_T400000_seed2_cont2_dense500.npz,1.5,2,500,2,7,shrink,500.0
bidisperse_a0.005_sr0.667_x1.5_N4000_L24_T400000_seed2_cont2_dense500.npz,1.5,2,500,2,6,shrink,150.0
bidisperse_a0.005_sr0.667_x1.5_N4000_L24_T400000_seed2_cont2_dense500.npz,1.5,2,500,2,6,shrink,200.0
bidisperse_a0.005_sr0.667_x1.5_N4000_L24_T400000_seed2_cont2_dense500.npz,1.5,2,500,2,6,shrink,550.0
bidisperse_a0.005_sr0.667_x1.5_N4000_L24_T400000_seed2_cont2_dense500.npz,1.5,2,500,2,6,shrink,1750.0
bidisperse_a0.005_sr0.667_x1.5_N4000_L24_T400000_seed2_cont2_dense500.npz,1.5,2,500,2,6,shrink,150.0
bidisperse_a0.005_sr0.667_x1.5_N4000_L24_T400000_seed2_cont2_dense500.npz,1.5,2,500,2,6,shrink,350.0
bidisperse_a0.005_sr0.667_x1.5_N4000_L24_T400000_seed2_cont2_dense500.npz,1.5,2,500,2,6,shrink,1300.0
bidisperse_a0.005_sr0.667_x1.5_N4000_L24_T400000_seed2_cont2_dense500.npz,1.5,2,500,2,6,shrink,200.0
bidisperse_a0.005_sr0.667_x1.5_N4000_L24_T400000_seed2_cont2_dense500.npz,1.5,2,500,2,5,shrink,1100.0
bidisperse_a0.005_sr0.667_x1.5_N4000_L24_T400000_seed2_cont2_dense500.npz,1.5,2,500,2,5,shrink,400.0
bidisperse_a0.005_sr0.667_x1.5_N4000_L24_T400000_seed2_cont2_dense500.npz,1.5,2,500,2,5,shrink,500.0
bidisperse_a0.005_sr0.667_x1.5_N4000_L24_T400000_seed2_cont2_dense500.npz,1.5,2,500,2,5,shrink,500.0
bidisperse_a0.005_sr0.667_x1.5_N4000_L24_T400000_seed2_cont2_dense500.npz,1.5,2,500,2,4,shrink,150.0
bidisperse_a0.005_sr0.667_x1.5_N4000_L24_T400000_seed2_cont2_dense500.npz,1.5,2,500,2,4,shrink,50.0
bidisperse_a0.005_sr0.667_x1.5_N4000_L24_T400000_seed2_cont2_dense500.npz,1.5,2,500,2,4,shrink,500.0
bidisperse_a0.005_sr0.667_x1.5_N4000_L24_T400000_seed2_cont2_dense500.npz,1.5,2,500,2,4,grow,200.0
bidisperse_a0.005_sr0.667_x1.5_N4000_L24_T400000_seed2_cont2_dense500.npz,1.5,2,500,2,4,shrink,550.0
bidisperse_a0.005_sr0.667_x1.5_N4000_L24_T400000_seed2_cont2_dense500.npz,1.5,2,500,2,4,shrink,550.0
bidisperse_a0.005_sr0.667_x1.5_N4000_L24_T400000_seed2_cont2_dense500.npz,1.5,2,500,2,4,shrink,100.0
bidisperse_a0.005_sr0.667_x1.5_N4000_L24_T400000_seed2_cont2_dense500.npz,1.5,2,500,2,4,absorbed,1300.0
bidisperse_a0.005_sr0.667_x1.5_N4000_L24_T400000_seed2_cont2_dense500.npz,1.5,2,500,2,4,shrink,200.0
bidisperse_a0.005_sr0.667_x1.5_N4000_L24_T400000_seed2_cont2_dense500.npz,1.5,2,500,2,4,absorbed,100.0
bidisperse_a0.005_sr0.667_x1.5_N4000_L24_T400000_seed2_cont2_dense500.npz,1.5,2,500,2,4,shrink,150.0
bidisperse_a0.005_sr0.667_x1.5_N4000_L24_T400000_seed2_cont2_dense500.npz,1.5,2,500,2,4,absorbed,100.0
bidisperse_a0.005_sr0.667_x1.5_N4000_L24_T400000_seed2_cont2_dense500.npz,1.5,2,500,2,4,shrink,50.0
bidisperse_a0.005_sr0.667_x1.5_N4000_L24_T400000_seed2_cont2_dense500.npz,1.5,2,500,2,4,shrink,50.0
bidisperse_a0.005_sr0.667_x1.5_N4000_L24_T400000_seed2_cont2_dense500.npz,1.5,2,500,2,4,grow,200.0
bidisperse_a0.005_sr0.667_x1.5_N4000_L24_T400000_seed2_cont2_dense500.npz,1.5,2,500,2,3,shrink,50.0
bidisperse_a0.005_sr0.667_x1.5_N4000_L24_T400000_seed2_cont2_dense500.npz,1.5,2,500,2,3,grow,150.0
bidisperse_a0.005_sr0.667_x1.5_N4000_L24_T400000_seed2_cont2_dense500.npz,1.5,2,500,2,3,shrink,50.0
bidisperse_a0.005_sr0.667_x1.5_N4000_L24_T400000_seed2_cont2_dense500.npz,1.5,2,500,2,3,shrink,50.0
bidisperse_a0.005_sr0.667_x1.5_N4000_L24_T400000_seed2_cont2_dense500.npz,1.5,2,500,2,3,shrink,100.0
bidisperse_a0.005_sr0.667_x1.5_N4000_L24_T400000_seed2_cont2_dense500.npz,1.5,2,500,2,3,shrink,50.0
bidisperse_a0.005_sr0.667_x1.5_N4000_L24_T400000_seed2_cont2_dense500.npz,1.5,2,500,2,3,shrink,550.0
bidisperse_a0.005_sr0.667_x1.5_N4000_L24_T400000_seed2_cont2_dense500.npz,1.5,2,500,2,3,shrink,1000.0
bidisperse_a0.005_sr0.667_x1.5_N4000_L24_T400000_seed2_cont2_dense500.npz,1.5,2,500,2,3,shrink,100.0
bidisperse_a0.005_sr0.667_x1.5_N4000_L24_T400000_seed2_cont2_dense500.npz,1.5,2,500,2,3,shrink,150.0
bidisperse_a0.005_sr0.667_x1.5_N4000_L24_T400000_seed2_cont2_dense500.npz,1.5,2,500,2,3,shrink,50.0
bidisperse_a0.005_sr0.667_x1.5_N4000_L24_T400000_seed2_cont2_dense500.npz,1.5,2,500,2,3,shrink,50.0
bidisperse_a0.005_sr0.667_x1.5_N4000_L24_T400000_seed2_cont2_dense500.npz,1.5,2,500,2,3,shrink,400.0
bidisperse_a0.005_sr0.667_x1.5_N4000_L24_T400000_seed2_cont2_dense500.npz,1.5,2,500,2,3,shrink,450.0
bidisperse_a0.005_sr0.667_x1.5_N4000_L24_T400000_seed2_cont2_dense500.npz,1.5,2,500,2,3,grow,1600.0
bidisperse_a0.005_sr0.667_x1.5_N4000_L24_T400000_seed2_cont2_dense500.npz,1.5,2,500,2,3,shrink,50.0
bidisperse_a0.005_sr0.667_x1.5_N4000_L24_T400000_seed2_cont2_dense500.npz,1.5,2,500,2,3,grow,150.0
bidisperse_a0.005_sr0.667_x1.5_N4000_L24_T400000_seed2_cont2_dense500.npz,1.5,2,500,2,3,grow,50.0
bidisperse_a0.005_sr0.667_x1.5_N4000_L24_T400000_seed2_cont2_dense500.npz,1.5,2,500,2,3,absorbed,1300.0
bidisperse_a0.005_sr0.667_x1.5_N4000_L24_T400000_seed2_cont2_dense500.npz,1.5,2,500,2,3,shrink,50.0
bidisperse_a0.005_sr0.667_x1.5_N4000_L24_T400000_seed2_cont2_dense500.npz,1.5,2,500,2,3,shrink,1100.0
bidisperse_a0.005_sr0.667_x1.5_N4000_L24_T400000_seed2_cont2_dense500.npz,1.5,2,500,2,3,grow,1600.0
bidisperse_a0.005_sr0.667_x1.5_N4000_L24_T400000_seed2_cont2_dense500.npz,1.5,2,500,2,3,shrink,200.0
bidisperse_a0.005_sr0.667_x1.5_N4000_L24_T400000_seed2_cont2_dense500.npz,1.5,2,500,2,3,shrink,50.0
bidisperse_a0.005_sr0.667_x1.5_N4000_L24_T400000_seed2_cont2_dense500.npz,1.5,2,500,2,3,absorbed,50.0
bidisperse_a0.005_sr0.667_x1.5_N4000_L24_T400000_seed2_cont2_dense500.npz,1.5,2,500,2,3,shrink,50.0
bidisperse_a0.005_sr0.667_x1.5_N4000_L24_T400000_seed2_cont2_dense500.npz,1.5,2,500,2,3,shrink,50.0
bidisperse_a0.005_sr0.667_x1.5_N4000_L24_T400000_seed2_cont2_dense500.npz,1.5,2,500,2,3,shrink,1300.0
bidisperse_a0.005_sr0.667_x1.5_N4000_L24_T400000_seed2_cont2_dense500.npz,1.5,2,500,2,3,shrink,300.0
bidisperse_a0.005_sr0.667_x1.5_N4000_L24_T400000_seed2_cont2_dense500.npz,1.5,2,500,2,3,shrink,550.0
bidisperse_a0.005_sr0.667_x1.5_N4000_L24_T400000_seed2_cont2_dense500.npz,1.5,2,500,2,3,shrink,50.0
bidisperse_a0.005_sr0.667_x1.5_N4000_L24_T400000_seed2_cont2_dense500.npz,1.5,2,500,2,3,shrink,50.0
bidisperse_a0.005_sr0.667_x1.5_N4000_L24_T400000_seed2_cont2_dense500.npz,1.5,2,500,3,48,grow,50.0
bidisperse_a0.005_sr0.667_x1.5_N4000_L24_T400000_seed2_cont2_dense500.npz,1.5,2,500,3,43,grow,50.0
bidisperse_a0.005_sr0.667_x1.5_N4000_L24_T400000_seed2_cont2_dense500.npz,1.5,2,500,3,18,grow,100.0
bidisperse_a0.005_sr0.667_x1.5_N4000_L24_T400000_seed2_cont2_dense500.npz,1.5,2,500,3,16,grow,150.0
bidisperse_a0.005_sr0.667_x1.5_N4000_L24_T400000_seed2_cont2_dense500.npz,1.5,2,500,3,14,grow,1050.0
bidisperse_a0.005_sr0.667_x1.5_N4000_L24_T400000_seed2_cont2_dense500.npz,1.5,2,500,3,14,absorbed,950.0
bidisperse_a0.005_sr0.667_x1.5_N4000_L24_T400000_seed2_cont2_dense500.npz,1.5,2,500,3,14,grow,700.0
bidisperse_a0.005_sr0.667_x1.5_N4000_L24_T400000_seed2_cont2_dense500.npz,1.5,2,500,3,13,absorbed,450.0
bidisperse_a0.005_sr0.667_x1.5_N4000_L24_T400000_seed2_cont2_dense500.npz,1.5,2,500,3,12,grow,50.0
bidisperse_a0.005_sr0.667_x1.5_N4000_L24_T400000_seed2_cont2_dense500.npz,1.5,2,500,3,12,shrink,950.0
bidisperse_a0.005_sr0.667_x1.5_N4000_L24_T400000_seed2_cont2_dense500.npz,1.5,2,500,3,12,shrink,1300.0
bidisperse_a0.005_sr0.667_x1.5_N4000_L24_T400000_seed2_cont2_dense500.npz,1.5,2,500,3,12,grow,1000.0
bidisperse_a0.005_sr0.667_x1.5_N4000_L24_T400000_seed2_cont2_dense500.npz,1.5,2,500,3,11,shrink,1050.0
bidisperse_a0.005_sr0.667_x1.5_N4000_L24_T400000_seed2_cont2_dense500.npz,1.5,2,500,3,10,shrink,300.0
bidisperse_a0.005_sr0.667_x1.5_N4000_L24_T400000_seed2_cont2_dense500.npz,1.5,2,500,3,10,absorbed,1400.0
bidisperse_a0.005_sr0.667_x1.5_N4000_L24_T400000_seed2_cont2_dense500.npz,1.5,2,500,3,9,grow,1250.0
bidisperse_a0.005_sr0.667_x1.5_N4000_L24_T400000_seed2_cont2_dense500.npz,1.5,2,500,3,9,grow,1550.0
bidisperse_a0.005_sr0.667_x1.5_N4000_L24_T400000_seed2_cont2_dense500.npz,1.5,2,500,3,8,grow,100.0
bidisperse_a0.005_sr0.667_x1.5_N4000_L24_T400000_seed2_cont2_dense500.npz,1.5,2,500,3,7,grow,100.0
bidisperse_a0.005_sr0.667_x1.5_N4000_L24_T400000_seed2_cont2_dense500.npz,1.5,2,500,3,7,shrink,100.0
bidisperse_a0.005_sr0.667_x1.5_N4000_L24_T400000_seed2_cont2_dense500.npz,1.5,2,500,3,7,grow,100.0
bidisperse_a0.005_sr0.667_x1.5_N4000_L24_T400000_seed2_cont2_dense500.npz,1.5,2,500,3,7,shrink,1200.0
bidisperse_a0.005_sr0.667_x1.5_N4000_L24_T400000_seed2_cont2_dense500.npz,1.5,2,500,3,7,shrink,950.0
bidisperse_a0.005_sr0.667_x1.5_N4000_L24_T400000_seed2_cont2_dense500.npz,1.5,2,500,3,7,grow,1250.0
bidisperse_a0.005_sr0.667_x1.5_N4000_L24_T400000_seed2_cont2_dense500.npz,1.5,2,500,3,7,shrink,1050.0
bidisperse_a0.005_sr0.667_x1.5_N4000_L24_T400000_seed2_cont2_dense500.npz,1.5,2,500,3,6,shrink,250.0
bidisperse_a0.005_sr0.667_x1.5_N4000_L24_T400000_seed2_cont2_dense500.npz,1.5,2,500,3,6,shrink,450.0
bidisperse_a0.005_sr0.667_x1.5_N4000_L24_T400000_seed2_cont2_dense500.npz,1.5,2,500,3,6,shrink,750.0
bidisperse_a0.005_sr0.667_x1.5_N4000_L24_T400000_seed2_cont2_dense500.npz,1.5,2,500,3,6,shrink,750.0
bidisperse_a0.005_sr0.667_x1.5_N4000_L24_T400000_seed2_cont2_dense500.npz,1.5,2,500,3,6,shrink,150.0
bidisperse_a0.005_sr0.667_x1.5_N4000_L24_T400000_seed2_cont2_dense500.npz,1.5,2,500,3,6,shrink,300.0
bidisperse_a0.005_sr0.667_x1.5_N4000_L24_T400000_seed2_cont2_dense500.npz,1.5,2,500,3,6,shrink,400.0
bidisperse_a0.005_sr0.667_x1.5_N4000_L24_T400000_seed2_cont2_dense500.npz,1.5,2,500,3,6,shrink,350.0
bidisperse_a0.005_sr0.667_x1.5_N4000_L24_T400000_seed2_cont2_dense500.npz,1.5,2,500,3,5,grow,1550.0
bidisperse_a0.005_sr0.667_x1.5_N4000_L24_T400000_seed2_cont2_dense500.npz,1.5,2,500,3,5,shrink,850.0
bidisperse_a0.005_sr0.667_x1.5_N4000_L24_T400000_seed2_cont2_dense500.npz,1.5,2,500,3,5,absorbed,1400.0
bidisperse_a0.005_sr0.667_x1.5_N4000_L24_T400000_seed2_cont2_dense500.npz,1.5,2,500,3,5,shrink,450.0
bidisperse_a0.005_sr0.667_x1.5_N4000_L24_T400000_seed2_cont2_dense500.npz,1.5,2,500,3,4,shrink,550.0
bidisperse_a0.005_sr0.667_x1.5_N4000_L24_T400000_seed2_cont2_dense500.npz,1.5,2,500,3,4,grow,100.0
bidisperse_a0.005_sr0.667_x1.5_N4000_L24_T400000_seed2_cont2_dense500.npz,1.5,2,500,3,4,shrink,850.0
bidisperse_a0.005_sr0.667_x1.5_N4000_L24_T400000_seed2_cont2_dense500.npz,1.5,2,500,3,4,grow,100.0
bidisperse_a0.005_sr0.667_x1.5_N4000_L24_T400000_seed2_cont2_dense500.npz,1.5,2,500,3,4,shrink,100.0
bidisperse_a0.005_sr0.667_x1.5_N4000_L24_T400000_seed2_cont2_dense500.npz,1.5,2,500,3,4,shrink,250.0
bidisperse_a0.005_sr0.667_x1.5_N4000_L24_T400000_seed2_cont2_dense500.npz,1.5,2,500,3,4,absorbed,150.0
bidisperse_a0.005_sr0.667_x1.5_N4000_L24_T400000_seed2_cont2_dense500.npz,1.5,2,500,3,4,shrink,150.0
bidisperse_a0.005_sr0.667_x1.5_N4000_L24_T400000_seed2_cont2_dense500.npz,1.5,2,500,3,4,shrink,800.0
bidisperse_a0.005_sr0.667_x1.5_N4000_L24_T400000_seed2_cont2_dense500.npz,1.5,2,500,3,4,shrink,50.0
bidisperse_a0.005_sr0.667_x1.5_N4000_L24_T400000_seed2_cont2_dense500.npz,1.5,2,500,3,4,shrink,300.0
bidisperse_a0.005_sr0.667_x1.5_N4000_L24_T400000_seed2_cont2_dense500.npz,1.5,2,500,3,4,absorbed,100.0
bidisperse_a0.005_sr0.667_x1.5_N4000_L24_T400000_seed2_cont2_dense500.npz,1.5,2,500,3,4,shrink,100.0
bidisperse_a0.005_sr0.667_x1.5_N4000_L24_T400000_seed2_cont2_dense500.npz,1.5,2,500,3,4,shrink,200.0
bidisperse_a0.005_sr0.667_x1.5_N4000_L24_T400000_seed2_cont2_dense500.npz,1.5,2,500,3,4,grow,50.0
bidisperse_a0.005_sr0.667_x1.5_N4000_L24_T400000_seed2_cont2_dense500.npz,1.5,2,500,3,3,shrink,100.0
bidisperse_a0.005_sr0.667_x1.5_N4000_L24_T400000_seed2_cont2_dense500.npz,1.5,2,500,3,3,shrink,200.0
bidisperse_a0.005_sr0.667_x1.5_N4000_L24_T400000_seed2_cont2_dense500.npz,1.5,2,500,3,3,shrink,350.0
bidisperse_a0.005_sr0.667_x1.5_N4000_L24_T400000_seed2_cont2_dense500.npz,1.5,2,500,3,3,shrink,100.0
bidisperse_a0.005_sr0.667_x1.5_N4000_L24_T400000_seed2_cont2_dense500.npz,1.5,2,500,3,3,shrink,1950.0
bidisperse_a0.005_sr0.667_x1.5_N4000_L24_T400000_seed2_cont2_dense500.npz,1.5,2,500,3,3,shrink,100.0
bidisperse_a0.005_sr0.667_x1.5_N4000_L24_T400000_seed2_cont2_dense500.npz,1.5,2,500,3,3,shrink,100.0
bidisperse_a0.005_sr0.667_x1.5_N4000_L24_T400000_seed2_cont2_dense500.npz,1.5,2,500,3,3,shrink,1550.0
bidisperse_a0.005_sr0.667_x1.5_N4000_L24_T400000_seed2_cont2_dense500.npz,1.5,2,500,3,3,shrink,50.0
bidisperse_a0.005_sr0.667_x1.5_N4000_L24_T400000_seed2_cont2_dense500.npz,1.5,2,500,3,3,shrink,50.0
bidisperse_a0.005_sr0.667_x1.5_N4000_L24_T400000_seed2_cont2_dense500.npz,1.5,2,500,3,3,grow,50.0
bidisperse_a0.005_sr0.667_x1.5_N4000_L24_T400000_seed2_cont2_dense500.npz,1.5,2,500,3,3,shrink,50.0
bidisperse_a0.005_sr0.667_x1.5_N4000_L24_T400000_seed2_cont2_dense500.npz,1.5,2,500,3,3,shrink,600.0
bidisperse_a0.005_sr0.667_x1.5_N4000_L24_T400000_seed2_cont2_dense500.npz,1.5,2,500,3,3,shrink,300.0
bidisperse_a0.005_sr0.667_x1.5_N4000_L24_T400000_seed2_cont2_dense500.npz,1.5,2,500,3,3,shrink,1000.0
bidisperse_a0.005_sr0.667_x1.5_N4000_L24_T400000_seed2_cont2_dense500.npz,1.5,2,500,3,3,shrink,100.0
bidisperse_a0.005_sr0.667_x1.5_N4000_L24_T400000_seed2_cont2_dense500.npz,1.5,2,500,3,3,grow,150.0
bidisperse_a0.005_sr0.667_x1.5_N4000_L24_T400000_seed2_cont2_dense500.npz,1.5,2,500,3,3,grow,50.0
bidisperse_a0.005_sr0.667_x1.5_N4000_L24_T400000_seed2_cont2_dense500.npz,1.5,2,500,3,3,shrink,200.0
bidisperse_a0.005_sr0.667_x1.5_N4000_L24_T400000_seed2_cont2_dense500.npz,1.5,2,500,3,3,shrink,50.0
bidisperse_a0.005_sr0.667_x1.5_N4000_L24_T400000_seed2_cont2_dense500.npz,1.5,2,500,3,3,grow,1550.0
bidisperse_a0.005_sr0.667_x1.5_N4000_L24_T400000_seed2_cont2_dense500.npz,1.5,2,500,3,3,shrink,50.0
bidisperse_a0.005_sr0.667_x1.5_N4000_L24_T400000_seed2_cont2_dense500.npz,1.5,2,500,3,3,shrink,50.0
bidisperse_a0.005_sr0.667_x1.5_N4000_L24_T400000_seed2_cont2_dense500.npz,1.5,2,500,3,3,shrink,50.0
bidisperse_a0.005_sr0.667_x1.5_N4000_L24_T400000_seed2_cont2_dense500.npz,1.5,2,500,3,3,absorbed,50.0
bidisperse_a0.005_sr0.667_x1.5_N4000_L24_T400000_seed2_cont2_dense500.npz,1.5,2,500,3,3,shrink,200.0
bidisperse_a0.005_sr0.667_x1.5_N4000_L24_T400000_seed2_cont2_dense500.npz,1.5,2,500,3,3,shrink,50.0
bidisperse_a0.005_sr0.667_x1.5_N4000_L24_T400000_seed2_cont2_dense500.npz,1.5,2,500,3,3,shrink,100.0
bidisperse_a0.005_sr0.667_x1.5_N4000_L24_T400000_seed2_cont2_dense500.npz,1.5,2,500,3,3,shrink,300.0
bidisperse_a0.005_sr0.667_x1.5_N4000_L24_T400000_seed2_cont2_dense500.npz,1.5,2,500,3,3,shrink,50.0
bidisperse_a0.005_sr0.667_x1.5_N4000_L24_T400000_seed2_cont2_dense500.npz,1.5,2,500,3,3,shrink,100.0
bidisperse_a0.005_sr0.667_x1.5_N4000_L24_T400000_seed2_cont2_dense500.npz,1.5,2,500,3,3,shrink,50.0
bidisperse_a0.005_sr0.667_x1.5_N4000_L24_T400000_seed2_cont2_dense500.npz,1.5,2,500,4,48,grow,50.0
bidisperse_a0.005_sr0.667_x1.5_N4000_L24_T400000_seed2_cont2_dense500.npz,1.5,2,500,4,43,grow,50.0
bidisperse_a0.005_sr0.667_x1.5_N4000_L24_T400000_seed2_cont2_dense500.npz,1.5,2,500,4,18,grow,2200.0
bidisperse_a0.005_sr0.667_x1.5_N4000_L24_T400000_seed2_cont2_dense500.npz,1.5,2,500,4,16,grow,250.0
bidisperse_a0.005_sr0.667_x1.5_N4000_L24_T400000_seed2_cont2_dense500.npz,1.5,2,500,4,14,grow,700.0
bidisperse_a0.005_sr0.667_x1.5_N4000_L24_T400000_seed2_cont2_dense500.npz,1.5,2,500,4,14,absorbed,1850.0
bidisperse_a0.005_sr0.667_x1.5_N4000_L24_T400000_seed2_cont2_dense500.npz,1.5,2,500,4,14,grow,1700.0
bidisperse_a0.005_sr0.667_x1.5_N4000_L24_T400000_seed2_cont2_dense500.npz,1.5,2,500,4,13,absorbed,300.0
bidisperse_a0.005_sr0.667_x1.5_N4000_L24_T400000_seed2_cont2_dense500.npz,1.5,2,500,4,12,grow,900.0
bidisperse_a0.005_sr0.667_x1.5_N4000_L24_T400000_seed2_cont2_dense500.npz,1.5,2,500,4,12,shrink,1100.0
bidisperse_a0.005_sr0.667_x1.5_N4000_L24_T400000_seed2_cont2_dense500.npz,1.5,2,500,4,12,shrink,300.0
bidisperse_a0.005_sr0.667_x1.5_N4000_L24_T400000_seed2_cont2_dense500.npz,1.5,2,500,4,12,shrink,1150.0
bidisperse_a0.005_sr0.667_x1.5_N4000_L24_T400000_seed2_cont2_dense500.npz,1.5,2,500,4,11,grow,1850.0
bidisperse_a0.005_sr0.667_x1.5_N4000_L24_T400000_seed2_cont2_dense500.npz,1.5,2,500,4,10,open,0.0
bidisperse_a0.005_sr0.667_x1.5_N4000_L24_T400000_seed2_cont2_dense500.npz,1.5,2,500,4,10,absorbed,1450.0
bidisperse_a0.005_sr0.667_x1.5_N4000_L24_T400000_seed2_cont2_dense500.npz,1.5,2,500,4,9,absorbed,100.0
bidisperse_a0.005_sr0.667_x1.5_N4000_L24_T400000_seed2_cont2_dense500.npz,1.5,2,500,4,9,shrink,650.0
bidisperse_a0.005_sr0.667_x1.5_N4000_L24_T400000_seed2_cont2_dense500.npz,1.5,2,500,4,8,grow,50.0
bidisperse_a0.005_sr0.667_x1.5_N4000_L24_T400000_seed2_cont2_dense500.npz,1.5,2,500,4,7,grow,50.0
bidisperse_a0.005_sr0.667_x1.5_N4000_L24_T400000_seed2_cont2_dense500.npz,1.5,2,500,4,7,shrink,500.0
bidisperse_a0.005_sr0.667_x1.5_N4000_L24_T400000_seed2_cont2_dense500.npz,1.5,2,500,4,7,grow,250.0
bidisperse_a0.005_sr0.667_x1.5_N4000_L24_T400000_seed2_cont2_dense500.npz,1.5,2,500,4,7,shrink,400.0
bidisperse_a0.005_sr0.667_x1.5_N4000_L24_T400000_seed2_cont2_dense500.npz,1.5,2,500,4,7,shrink,1100.0
bidisperse_a0.005_sr0.667_x1.5_N4000_L24_T400000_seed2_cont2_dense500.npz,1.5,2,500,4,7,grow,900.0
bidisperse_a0.005_sr0.667_x1.5_N4000_L24_T400000_seed2_cont2_dense500.npz,1.5,2,500,4,7,grow,1850.0
bidisperse_a0.005_sr0.667_x1.5_N4000_L24_T400000_seed2_cont2_dense500.npz,1.5,2,500,4,6,shrink,100.0
bidisperse_a0.005_sr0.667_x1.5_N4000_L24_T400000_seed2_cont2_dense500.npz,1.5,2,500,4,6,shrink,900.0
bidisperse_a0.005_sr0.667_x1.5_N4000_L24_T400000_seed2_cont2_dense500.npz,1.5,2,500,4,6,shrink,600.0
bidisperse_a0.005_sr0.667_x1.5_N4000_L24_T400000_seed2_cont2_dense500.npz,1.5,2,500,4,6,shrink,400.0
bidisperse_a0.005_sr0.667_x1.5_N4000_L24_T400000_seed2_cont2_dense500.npz,1.5,2,500,4,6,open,0.0
bidisperse_a0.005_sr0.667_x1.5_N4000_L24_T400000_seed2_cont2_dense500.npz,1.5,2,500,4,6,shrink,300.0
bidisperse_a0.005_sr0.667_x1.5_N4000_L24_T400000_seed2_cont2_dense500.npz,1.5,2,500,4,6,shrink,800.0
bidisperse_a0.005_sr0.667_x1.5_N4000_L24_T400000_seed2_cont2_dense500.npz,1.5,2,500,4,6,shrink,300.0
bidisperse_a0.005_sr0.667_x1.5_N4000_L24_T400000_seed2_cont2_dense500.npz,1.5,2,500,4,5,shrink,650.0
bidisperse_a0.005_sr0.667_x1.5_N4000_L24_T400000_seed2_cont2_dense500.npz,1.5,2,500,4,5,shrink,1050.0
bidisperse_a0.005_sr0.667_x1.5_N4000_L24_T400000_seed2_cont2_dense500.npz,1.5,2,500,4,5,shrink,100.0
bidisperse_a0.005_sr0.667_x1.5_N4000_L24_T400000_seed2_cont2_dense500.npz,1.5,2,500,4,5,shrink,100.0
bidisperse_a0.005_sr0.667_x1.5_N4000_L24_T400000_seed2_cont2_dense500.npz,1.5,2,500,4,4,shrink,350.0
bidisperse_a0.005_sr0.667_x1.5_N4000_L24_T400000_seed2_cont2_dense500.npz,1.5,2,500,4,4,grow,50.0
bidisperse_a0.005_sr0.667_x1.5_N4000_L24_T400000_seed2_cont2_dense500.npz,1.5,2,500,4,4,shrink,350.0
bidisperse_a0.005_sr0.667_x1.5_N4000_L24_T400000_seed2_cont2_dense500.npz,1.5,2,500,4,4,grow,50.0
bidisperse_a0.005_sr0.667_x1.5_N4000_L24_T400000_seed2_cont2_dense500.npz,1.5,2,500,4,4,shrink,300.0
bidisperse_a0.005_sr0.667_x1.5_N4000_L24_T400000_seed2_cont2_dense500.npz,1.5,2,500,4,4,shrink,100.0
bidisperse_a0.005_sr0.667_x1.5_N4000_L24_T400000_seed2_cont2_dense500.npz,1.5,2,500,4,4,absorbed,100.0
bidisperse_a0.005_sr0.667_x1.5_N4000_L24_T400000_seed2_cont2_dense500.npz,1.5,2,500,4,4,shrink,900.0
bidisperse_a0.005_sr0.667_x1.5_N4000_L24_T400000_seed2_cont2_dense500.npz,1.5,2,500,4,4,shrink,250.0
bidisperse_a0.005_sr0.667_x1.5_N4000_L24_T400000_seed2_cont2_dense500.npz,1.5,2,500,4,4,shrink,50.0
bidisperse_a0.005_sr0.667_x1.5_N4000_L24_T400000_seed2_cont2_dense500.npz,1.5,2,500,4,4,shrink,100.0
bidisperse_a0.005_sr0.667_x1.5_N4000_L24_T400000_seed2_cont2_dense500.npz,1.5,2,500,4,4,absorbed,100.0
bidisperse_a0.005_sr0.667_x1.5_N4000_L24_T400000_seed2_cont2_dense500.npz,1.5,2,500,4,4,shrink,50.0
bidisperse_a0.005_sr0.667_x1.5_N4000_L24_T400000_seed2_cont2_dense500.npz,1.5,2,500,4,4,shrink,350.0
bidisperse_a0.005_sr0.667_x1.5_N4000_L24_T400000_seed2_cont2_dense500.npz,1.5,2,500,4,4,grow,900.0
bidisperse_a0.005_sr0.667_x1.5_N4000_L24_T400000_seed2_cont2_dense500.npz,1.5,2,500,4,3,shrink,50.0
bidisperse_a0.005_sr0.667_x1.5_N4000_L24_T400000_seed2_cont2_dense500.npz,1.5,2,500,4,3,shrink,100.0
bidisperse_a0.005_sr0.667_x1.5_N4000_L24_T400000_seed2_cont2_dense500.npz,1.5,2,500,4,3,shrink,350.0
bidisperse_a0.005_sr0.667_x1.5_N4000_L24_T400000_seed2_cont2_dense500.npz,1.5,2,500,4,3,shrink,50.0
bidisperse_a0.005_sr0.667_x1.5_N4000_L24_T400000_seed2_cont2_dense500.npz,1.5,2,500,4,3,shrink,100.0
bidisperse_a0.005_sr0.667_x1.5_N4000_L24_T400000_seed2_cont2_dense500.npz,1.5,2,500,4,3,shrink,50.0
bidisperse_a0.005_sr0.667_x1.5_N4000_L24_T400000_seed2_cont2_dense500.npz,1.5,2,500,4,3,shrink,600.0
bidisperse_a0.005_sr0.667_x1.5_N4000_L24_T400000_seed2_cont2_dense500.npz,1.5,2,500,4,3,open,0.0
bidisperse_a0.005_sr0.667_x1.5_N4000_L24_T400000_seed2_cont2_dense500.npz,1.5,2,500,4,3,shrink,250.0
bidisperse_a0.005_sr0.667_x1.5_N4000_L24_T400000_seed2_cont2_dense500.npz,1.5,2,500,4,3,shrink,50.0
bidisperse_a0.005_sr0.667_x1.5_N4000_L24_T400000_seed2_cont2_dense500.npz,1.5,2,500,4,3,grow,900.0
bidisperse_a0.005_sr0.667_x1.5_N4000_L24_T400000_seed2_cont2_dense500.npz,1.5,2,500,4,3,shrink,100.0
bidisperse_a0.005_sr0.667_x1.5_N4000_L24_T400000_seed2_cont2_dense500.npz,1.5,2,500,4,3,shrink,2000.0
bidisperse_a0.005_sr0.667_x1.5_N4000_L24_T400000_seed2_cont2_dense500.npz,1.5,2,500,4,3,shrink,50.0
bidisperse_a0.005_sr0.667_x1.5_N4000_L24_T400000_seed2_cont2_dense500.npz,1.5,2,500,4,3,shrink,1700.0
bidisperse_a0.005_sr0.667_x1.5_N4000_L24_T400000_seed2_cont2_dense500.npz,1.5,2,500,4,3,grow,250.0
bidisperse_a0.005_sr0.667_x1.5_N4000_L24_T400000_seed2_cont2_dense500.npz,1.5,2,500,4,3,shrink,50.0
bidisperse_a0.005_sr0.667_x1.5_N4000_L24_T400000_seed2_cont2_dense500.npz,1.5,2,500,4,3,grow,50.0
bidisperse_a0.005_sr0.667_x1.5_N4000_L24_T400000_seed2_cont2_dense500.npz,1.5,2,500,4,3,shrink,50.0
bidisperse_a0.005_sr0.667_x1.5_N4000_L24_T400000_seed2_cont2_dense500.npz,1.5,2,500,4,3,shrink,150.0
bidisperse_a0.005_sr0.667_x1.5_N4000_L24_T400000_seed2_cont2_dense500.npz,1.5,2,500,4,3,shrink,650.0
bidisperse_a0.005_sr0.667_x1.5_N4000_L24_T400000_seed2_cont2_dense500.npz,1.5,2,500,4,3,shrink,1700.0
bidisperse_a0.005_sr0.667_x1.5_N4000_L24_T400000_seed2_cont2_dense500.npz,1.5,2,500,4,3,shrink,50.0
bidisperse_a0.005_sr0.667_x1.5_N4000_L24_T400000_seed2_cont2_dense500.npz,1.5,2,500,4,3,shrink,100.0
bidisperse_a0.005_sr0.667_x1.5_N4000_L24_T400000_seed2_cont2_dense500.npz,1.5,2,500,4,3,absorbed,100.0
bidisperse_a0.005_sr0.667_x1.5_N4000_L24_T400000_seed2_cont2_dense500.npz,1.5,2,500,4,3,shrink,950.0
bidisperse_a0.005_sr0.667_x1.5_N4000_L24_T400000_seed2_cont2_dense500.npz,1.5,2,500,4,3,shrink,150.0
bidisperse_a0.005_sr0.667_x1.5_N4000_L24_T400000_seed2_cont2_dense500.npz,1.5,2,500,4,3,shrink,1600.0
bidisperse_a0.005_sr0.667_x1.5_N4000_L24_T400000_seed2_cont2_dense500.npz,1.5,2,500,4,3,grow,900.0
bidisperse_a0.005_sr0.667_x1.5_N4000_L24_T400000_seed2_cont2_dense500.npz,1.5,2,500,4,3,shrink,600.0
bidisperse_a0.005_sr0.667_x1.5_N4000_L24_T400000_seed2_cont2_dense500.npz,1.5,2,500,4,3,shrink,50.0
bidisperse_a0.005_sr0.667_x1.5_N4000_L24_T400000_seed2_cont2_dense500.npz,1.5,2,500,4,3,shrink,50.0
bidisperse_a0.005_sr0.667_x1.5_N4000_L24_T400000_seed2_cont2_dense500.npz,1.5,2,500,5,48,grow,50.0
bidisperse_a0.005_sr0.667_x1.5_N4000_L24_T400000_seed2_cont2_dense500.npz,1.5,2,500,5,43,grow,50.0
bidisperse_a0.005_sr0.667_x1.5_N4000_L24_T400000_seed2_cont2_dense500.npz,1.5,2,500,5,18,grow,100.0
bidisperse_a0.005_sr0.667_x1.5_N4000_L24_T400000_seed2_cont2_dense500.npz,1.5,2,500,5,16,grow,150.0
bidisperse_a0.005_sr0.667_x1.5_N4000_L24_T400000_seed2_cont2_dense500.npz,1.5,2,500,5,14,grow,2350.0
bidisperse_a0.005_sr0.667_x1.5_N4000_L24_T400000_seed2_cont2_dense500.npz,1.5,2,500,5,14,absorbed,1350.0
bidisperse_a0.005_sr0.667_x1.5_N4000_L24_T400000_seed2_cont2_dense500.npz,1.5,2,500,5,14,grow,2800.0
bidisperse_a0.005_sr0.667_x1.5_N4000_L24_T400000_seed2_cont2_dense500.npz,1.5,2,500,5,13,absorbed,450.0
bidisperse_a0.005_sr0.667_x1.5_N4000_L24_T400000_seed2_cont2_dense500.npz,1.5,2,500,5,12,grow,300.0
bidisperse_a0.005_sr0.667_x1.5_N4000_L24_T400000_seed2_cont2_dense500.npz,1.5,2,500,5,12,absorbed,1200.0
bidisperse_a0.005_sr0.667_x1.5_N4000_L24_T400000_seed2_cont2_dense500.npz,1.5,2,500,5,12,shrink,1650.0
bidisperse_a0.005_sr0.667_x1.5_N4000_L24_T400000_seed2_cont2_dense500.npz,1.5,2,500,5,12,shrink,1500.0
bidisperse_a0.005_sr0.667_x1.5_N4000_L24_T400000_seed2_cont2_dense500.npz,1.5,2,500,5,11,shrink,1550.0
bidisperse_a0.005_sr0.667_x1.5_N4000_L24_T400000_seed2_cont2_dense500.npz,1.5,2,500,5,10,grow,600.0
bidisperse_a0.005_sr0.667_x1.5_N4000_L24_T400000_seed2_cont2_dense500.npz,1.5,2,500,5,10,absorbed,1350.0
bidisperse_a0.005_sr0.667_x1.5_N4000_L24_T400000_seed2_cont2_dense500.npz,1.5,2,500,5,9,absorbed,250.0
bidisperse_a0.005_sr0.667_x1.5_N4000_L24_T400000_seed2_cont2_dense500.npz,1.5,2,500,5,9,grow,2350.0
bidisperse_a0.005_sr0.667_x1.5_N4000_L24_T400000_seed2_cont2_dense500.npz,1.5,2,500,5,8,grow,100.0
bidisperse_a0.005_sr0.667_x1.5_N4000_L24_T400000_seed2_cont2_dense500.npz,1.5,2,500,5,7,grow,150.0
bidisperse_a0.005_sr0.667_x1.5_N4000_L24_T400000_seed2_cont2_dense500.npz,1.5,2,500,5,7,shrink,1450.0
bidisperse_a0.005_sr0.667_x1.5_N4000_L24_T400000_seed2_cont2_dense500.npz,1.5,2,500,5,7,grow,100.0
bidisperse_a0.005_sr0.667_x1.5_N4000_L24_T400000_seed2_cont2_dense500.npz,1.5,2,500,5,7,shrink,150.0
bidisperse_a0.005_sr0.667_x1.5_N4000_L24_T400000_seed2_cont2_dense500.npz,1.5,2,500,5,7,absorbed,1200.0
bidisperse_a0.005_sr0.667_x1.5_N4000_L24_T400000_seed2_cont2_dense500.npz,1.5,2,500,5,7,grow,1850.0
bidisperse_a0.005_sr0.667_x1.5_N4000_L24_T400000_seed2_cont2_dense500.npz,1.5,2,500,5,7,shrink,1550.0
bidisperse_a0.005_sr0.667_x1.5_N4000_L24_T400000_seed2_cont2_dense500.npz,1.5,2,500,5,6,shrink,550.0
bidisperse_a0.005_sr0.667_x1.5_N4000_L24_T400000_seed2_cont2_dense500.npz,1.5,2,500,5,6,shrink,450.0
bidisperse_a0.005_sr0.667_x1.5_N4000_L24_T400000_seed2_cont2_dense500.npz,1.5,2,500,5,6,open,0.0
bidisperse_a0.005_sr0.667_x1.5_N4000_L24_T400000_seed2_cont2_dense500.npz,1.5,2,500,5,6,shrink,1550.0
bidisperse_a0.005_sr0.667_x1.5_N4000_L24_T400000_seed2_cont2_dense500.npz,1.5,2,500,5,6,shrink,150.0
bidisperse_a0.005_sr0.667_x1.5_N4000_L24_T400000_seed2_cont2_dense500.npz,1.5,2,500,5,6,shrink,500.0
bidisperse_a0.005_sr0.667_x1.5_N4000_L24_T400000_seed2_cont2_dense500.npz,1.5,2,500,5,6,shrink,300.0
bidisperse_a0.005_sr0.667_x1.5_N4000_L24_T400000_seed2_cont2_dense500.npz,1.5,2,500,5,6,shrink,550.0
bidisperse_a0.005_sr0.667_x1.5_N4000_L24_T400000_seed2_cont2_dense500.npz,1.5,2,500,5,5,grow,2350.0
bidisperse_a0.005_sr0.667_x1.5_N4000_L24_T400000_seed2_cont2_dense500.npz,1.5,2,500,5,5,shrink,950.0
bidisperse_a0.005_sr0.667_x1.5_N4000_L24_T400000_seed2_cont2_dense500.npz,1.5,2,500,5,5,shrink,550.0
bidisperse_a0.005_sr0.667_x1.5_N4000_L24_T400000_seed2_cont2_dense500.npz,1.5,2,500,5,5,shrink,100.0
bidisperse_a0.005_sr0.667_x1.5_N4000_L24_T400000_seed2_cont2_dense500.npz,1.5,2,500,5,4,shrink,300.0
bidisperse_a0.005_sr0.667_x1.5_N4000_L24_T400000_seed2_cont2_dense500.npz,1.5,2,500,5,4,grow,150.0
bidisperse_a0.005_sr0.667_x1.5_N4000_L24_T400000_seed2_cont2_dense500.npz,1.5,2,500,5,4,shrink,200.0
bidisperse_a0.005_sr0.667_x1.5_N4000_L24_T400000_seed2_cont2_dense500.npz,1.5,2,500,5,4,grow,150.0
bidisperse_a0.005_sr0.667_x1.5_N4000_L24_T400000_seed2_cont2_dense500.npz,1.5,2,500,5,4,shrink,200.0
bidisperse_a0.005_sr0.667_x1.5_N4000_L24_T400000_seed2_cont2_dense500.npz,1.5,2,500,5,4,shrink,50.0
bidisperse_a0.005_sr0.667_x1.5_N4000_L24_T400000_seed2_cont2_dense500.npz,1.5,2,500,5,4,shrink,100.0
bidisperse_a0.005_sr0.667_x1.5_N4000_L24_T400000_seed2_cont2_dense500.npz,1.5,2,500,5,4,shrink,250.0
bidisperse_a0.005_sr0.667_x1.5_N4000_L24_T400000_seed2_cont2_dense500.npz,1.5,2,500,5,4,shrink,700.0
bidisperse_a0.005_sr0.667_x1.5_N4000_L24_T400000_seed2_cont2_dense500.npz,1.5,2,500,5,4,shrink,150.0
bidisperse_a0.005_sr0.667_x1.5_N4000_L24_T400000_seed2_cont2_dense500.npz,1.5,2,500,5,4,shrink,700.0
bidisperse_a0.005_sr0.667_x1.5_N4000_L24_T400000_seed2_cont2_dense500.npz,1.5,2,500,5,4,absorbed,100.0
bidisperse_a0.005_sr0.667_x1.5_N4000_L24_T400000_seed2_cont2_dense500.npz,1.5,2,500,5,4,shrink,50.0
bidisperse_a0.005_sr0.667_x1.5_N4000_L24_T400000_seed2_cont2_dense500.npz,1.5,2,500,5,4,shrink,150.0
bidisperse_a0.005_sr0.667_x1.5_N4000_L24_T400000_seed2_cont2_dense500.npz,1.5,2,500,5,4,grow,300.0
bidisperse_a0.005_sr0.667_x1.5_N4000_L24_T400000_seed2_cont2_dense500.npz,1.5,2,500,5,3,shrink,100.0
bidisperse_a0.005_sr0.667_x1.5_N4000_L24_T400000_seed2_cont2_dense500.npz,1.5,2,500,5,3,shrink,100.0
bidisperse_a0.005_sr0.667_x1.5_N4000_L24_T400000_seed2_cont2_dense500.npz,1.5,2,500,5,3,shrink,150.0
bidisperse_a0.005_sr0.667_x1.5_N4000_L24_T400000_seed2_cont2_dense500.npz,1.5,2,500,5,3,shrink,250.0
bidisperse_a0.005_sr0.667_x1.5_N4000_L24_T400000_seed2_cont2_dense500.npz,1.5,2,500,5,3,shrink,100.0
bidisperse_a0.005_sr0.667_x1.5_N4000_L24_T400000_seed2_cont2_dense500.npz,1.5,2,500,5,3,shrink,150.0
bidisperse_a0.005_sr0.667_x1.5_N4000_L24_T400000_seed2_cont2_dense500.npz,1.5,2,500,5,3,open,0.0
bidisperse_a0.005_sr0.667_x1.5_N4000_L24_T400000_seed2_cont2_dense500.npz,1.5,2,500,5,3,shrink,450.0
bidisperse_a0.005_sr0.667_x1.5_N4000_L24_T400000_seed2_cont2_dense500.npz,1.5,2,500,5,3,shrink,150.0
bidisperse_a0.005_sr0.667_x1.5_N4000_L24_T400000_seed2_cont2_dense500.npz,1.5,2,500,5,3,shrink,100.0
bidisperse_a0.005_sr0.667_x1.5_N4000_L24_T400000_seed2_cont2_dense500.npz,1.5,2,500,5,3,grow,300.0
bidisperse_a0.005_sr0.667_x1.5_N4000_L24_T400000_seed2_cont2_dense500.npz,1.5,2,500,5,3,shrink,50.0
bidisperse_a0.005_sr0.667_x1.5_N4000_L24_T400000_seed2_cont2_dense500.npz,1.5,2,500,5,3,shrink,700.0
bidisperse_a0.005_sr0.667_x1.5_N4000_L24_T400000_seed2_cont2_dense500.npz,1.5,2,500,5,3,shrink,750.0
bidisperse_a0.005_sr0.667_x1.5_N4000_L24_T400000_seed2_cont2_dense500.npz,1.5,2,500,5,3,shrink,950.0
bidisperse_a0.005_sr0.667_x1.5_N4000_L24_T400000_seed2_cont2_dense500.npz,1.5,2,500,5,3,shrink,50.0
bidisperse_a0.005_sr0.667_x1.5_N4000_L24_T400000_seed2_cont2_dense500.npz,1.5,2,500,5,3,grow,150.0
bidisperse_a0.005_sr0.667_x1.5_N4000_L24_T400000_seed2_cont2_dense500.npz,1.5,2,500,5,3,grow,50.0
bidisperse_a0.005_sr0.667_x1.5_N4000_L24_T400000_seed2_cont2_dense500.npz,1.5,2,500,5,3,shrink,150.0
bidisperse_a0.005_sr0.667_x1.5_N4000_L24_T400000_seed2_cont2_dense500.npz,1.5,2,500,5,3,shrink,50.0
bidisperse_a0.005_sr0.667_x1.5_N4000_L24_T400000_seed2_cont2_dense500.npz,1.5,2,500,5,3,grow,2350.0
bidisperse_a0.005_sr0.667_x1.5_N4000_L24_T400000_seed2_cont2_dense500.npz,1.5,2,500,5,3,shrink,950.0
bidisperse_a0.005_sr0.667_x1.5_N4000_L24_T400000_seed2_cont2_dense500.npz,1.5,2,500,5,3,shrink,200.0
bidisperse_a0.005_sr0.667_x1.5_N4000_L24_T400000_seed2_cont2_dense500.npz,1.5,2,500,5,3,shrink,150.0
bidisperse_a0.005_sr0.667_x1.5_N4000_L24_T400000_seed2_cont2_dense500.npz,1.5,2,500,5,3,absorbed,250.0
bidisperse_a0.005_sr0.667_x1.5_N4000_L24_T400000_seed2_cont2_dense500.npz,1.5,2,500,5,3,shrink,250.0
bidisperse_a0.005_sr0.667_x1.5_N4000_L24_T400000_seed2_cont2_dense500.npz,1.5,2,500,5,3,shrink,100.0
bidisperse_a0.005_sr0.667_x1.5_N4000_L24_T400000_seed2_cont2_dense500.npz,1.5,2,500,5,3,shrink,100.0
bidisperse_a0.005_sr0.667_x1.5_N4000_L24_T400000_seed2_cont2_dense500.npz,1.5,2,500,5,3,shrink,750.0
bidisperse_a0.005_sr0.667_x1.5_N4000_L24_T400000_seed2_cont2_dense500.npz,1.5,2,500,5,3,shrink,50.0
bidisperse_a0.005_sr0.667_x1.5_N4000_L24_T400000_seed2_cont2_dense500.npz,1.5,2,500,5,3,shrink,100.0
bidisperse_a0.005_sr0.667_x1.5_N4000_L24_T400000_seed2_cont2_dense500.npz,1.5,2,500,5,3,shrink,50.0
bidisperse_a0.005_sr0.667_x1.5_N4000_L24_T400000_seed2_cont2_dense500.npz,1.5,2,500,6,48,grow,50.0
bidisperse_a0.005_sr0.667_x1.5_N4000_L24_T400000_seed2_cont2_dense500.npz,1.5,2,500,6,43,grow,50.0
bidisperse_a0.005_sr0.667_x1.5_N4000_L24_T400000_seed2_cont2_dense500.npz,1.5,2,500,6,18,grow,200.0
bidisperse_a0.005_sr0.667_x1.5_N4000_L24_T400000_seed2_cont2_dense500.npz,1.5,2,500,6,16,grow,100.0
bidisperse_a0.005_sr0.667_x1.5_N4000_L24_T400000_seed2_cont2_dense500.npz,1.5,2,500,6,14,grow,1100.0
bidisperse_a0.005_sr0.667_x1.5_N4000_L24_T400000_seed2_cont2_dense500.npz,1.5,2,500,6,14,shrink,1700.0
bidisperse_a0.005_sr0.667_x1.5_N4000_L24_T400000_seed2_cont2_dense500.npz,1.5,2,500,6,14,grow,850.0
bidisperse_a0.005_sr0.667_x1.5_N4000_L24_T400000_seed2_cont2_dense500.npz,1.5,2,500,6,13,absorbed,700.0
bidisperse_a0.005_sr0.667_x1.5_N4000_L24_T400000_seed2_cont2_dense500.npz,1.5,2,500,6,12,grow,150.0
bidisperse_a0.005_sr0.667_x1.5_N4000_L24_T400000_seed2_cont2_dense500.npz,1.5,2,500,6,12,shrink,1400.0
bidisperse_a0.005_sr0.667_x1.5_N4000_L24_T400000_seed2_cont2_dense500.npz,1.5,2,500,6,12,absorbed,2100.0
bidisperse_a0.005_sr0.667_x1.5_N4000_L24_T400000_seed2_cont2_dense500.npz,1.5,2,500,6,12,grow,50.0
bidisperse_a0.005_sr0.667_x1.5_N4000_L24_T400000_seed2_cont2_dense500.npz,1.5,2,500,6,11,grow,1650.0
bidisperse_a0.005_sr0.667_x1.5_N4000_L24_T400000_seed2_cont2_dense500.npz,1.5,2,500,6,10,shrink,1700.0
bidisperse_a0.005_sr0.667_x1.5_N4000_L24_T400000_seed2_cont2_dense500.npz,1.5,2,500,6,10,grow,50.0
bidisperse_a0.005_sr0.667_x1.5_N4000_L24_T400000_seed2_cont2_dense500.npz,1.5,2,500,6,9,grow,1500.0
bidisperse_a0.005_sr0.667_x1.5_N4000_L24_T400000_seed2_cont2_dense500.npz,1.5,2,500,6,9,grow,150.0
bidisperse_a0.005_sr0.667_x1.5_N4000_L24_T400000_seed2_cont2_dense500.npz,1.5,2,500,6,8,grow,200.0
bidisperse_a0.005_sr0.667_x1.5_N4000_L24_T400000_seed2_cont2_dense500.npz,1.5,2,500,6,7,grow,200.0
bidisperse_a0.005_sr0.667_x1.5_N4000_L24_T400000_seed2_cont2_dense500.npz,1.5,2,500,6,7,shrink,100.0
bidisperse_a0.005_sr0.667_x1.5_N4000_L24_T400000_seed2_cont2_dense500.npz,1.5,2,500,6,7,grow,200.0
bidisperse_a0.005_sr0.667_x1.5_N4000_L24_T400000_seed2_cont2_dense500.npz,1.5,2,500,6,7,shrink,300.0
bidisperse_a0.005_sr0.667_x1.5_N4000_L24_T400000_seed2_cont2_dense500.npz,1.5,2,500,6,7,shrink,750.0
bidisperse_a0.005_sr0.667_x1.5_N4000_L24_T400000_seed2_cont2_dense500.npz,1.5,2,500,6,7,shrink,250.0
bidisperse_a0.005_sr0.667_x1.5_N4000_L24_T400000_seed2_cont2_dense500.npz,1.5,2,500,6,7,shrink,550.0
bidisperse_a0.005_sr0.667_x1.5_N4000_L24_T400000_seed2_cont2_dense500.npz,1.5,2,500,6,6,shrink,350.0
bidisperse_a0.005_sr0.667_x1.5_N4000_L24_T400000_seed2_cont2_dense500.npz,1.5,2,500,6,6,shrink,700.0
bidisperse_a0.005_sr0.667_x1.5_N4000_L24_T400000_seed2_cont2_dense500.npz,1.5,2,500,6,6,shrink,750.0
bidisperse_a0.005_sr0.667_x1.5_N4000_L24_T400000_seed2_cont2_dense500.npz,1.5,2,500,6,6,shrink,2800.0
bidisperse_a0.005_sr0.667_x1.5_N4000_L24_T400000_seed2_cont2_dense500.npz,1.5,2,500,6,6,shrink,100.0
bidisperse_a0.005_sr0.667_x1.5_N4000_L24_T400000_seed2_cont2_dense500.npz,1.5,2,500,6,6,shrink,350.0
bidisperse_a0.005_sr0.667_x1.5_N4000_L24_T400000_seed2_cont2_dense500.npz,1.5,2,500,6,6,absorbed,350.0
bidisperse_a0.005_sr0.667_x1.5_N4000_L24_T400000_seed2_cont2_dense500.npz,1.5,2,500,6,6,shrink,150.0
bidisperse_a0.005_sr0.667_x1.5_N4000_L24_T400000_seed2_cont2_dense500.npz,1.5,2,500,6,5,grow,150.0
bidisperse_a0.005_sr0.667_x1.5_N4000_L24_T400000_seed2_cont2_dense500.npz,1.5,2,500,6,5,shrink,1100.0
bidisperse_a0.005_sr0.667_x1.5_N4000_L24_T400000_seed2_cont2_dense500.npz,1.5,2,500,6,5,shrink,300.0
bidisperse_a0.005_sr0.667_x1.5_N4000_L24_T400000_seed2_cont2_dense500.npz,1.5,2,500,6,5,grow,550.0
bidisperse_a0.005_sr0.667_x1.5_N4000_L24_T400000_seed2_cont2_dense500.npz,1.5,2,500,6,4,shrink,550.0
bidisperse_a0.005_sr0.667_x1.5_N4000_L24_T400000_seed2_cont2_dense500.npz,1.5,2,500,6,4,shrink,1950.0
bidisperse_a0.005_sr0.667_x1.5_N4000_L24_T400000_seed2_cont2_dense500.npz,1.5,2,500,6,4,shrink,50.0
bidisperse_a0.005_sr0.667_x1.5_N4000_L24_T400000_seed2_cont2_dense500.npz,1.5,2,500,6,4,shrink,1950.0
bidisperse_a0.005_sr0.667_x1.5_N4000_L24_T400000_seed2_cont2_dense500.npz,1.5,2,500,6,4,shrink,100.0
bidisperse_a0.005_sr0.667_x1.5_N4000_L24_T400000_seed2_cont2_dense500.npz,1.5,2,500,6,4,shrink,200.0
bidisperse_a0.005_sr0.667_x1.5_N4000_L24_T400000_seed2_cont2_dense500.npz,1.5,2,500,6,4,shrink,400.0
bidisperse_a0.005_sr0.667_x1.5_N4000_L24_T400000_seed2_cont2_dense500.npz,1.5,2,500,6,4,shrink,300.0
bidisperse_a0.005_sr0.667_x1.5_N4000_L24_T400000_seed2_cont2_dense500.npz,1.5,2,500,6,4,shrink,1350.0
bidisperse_a0.005_sr0.667_x1.5_N4000_L24_T400000_seed2_cont2_dense500.npz,1.5,2,500,6,4,shrink,550.0
bidisperse_a0.005_sr0.667_x1.5_N4000_L24_T400000_seed2_cont2_dense500.npz,1.5,2,500,6,4,shrink,300.0
bidisperse_a0.005_sr0.667_x1.5_N4000_L24_T400000_seed2_cont2_dense500.npz,1.5,2,500,6,4,absorbed,50.0
bidisperse_a0.005_sr0.667_x1.5_N4000_L24_T400000_seed2_cont2_dense500.npz,1.5,2,500,6,4,shrink,100.0
bidisperse_a0.005_sr0.667_x1.5_N4000_L24_T400000_seed2_cont2_dense500.npz,1.5,2,500,6,4,shrink,150.0
bidisperse_a0.005_sr0.667_x1.5_N4000_L24_T400000_seed2_cont2_dense500.npz,1.5,2,500,6,4,grow,150.0
bidisperse_a0.005_sr0.667_x1.5_N4000_L24_T400000_seed2_cont2_dense500.npz,1.5,2,500,6,3,shrink,50.0
bidisperse_a0.005_sr0.667_x1.5_N4000_L24_T400000_seed2_cont2_dense500.npz,1.5,2,500,6,3,grow,200.0
bidisperse_a0.005_sr0.667_x1.5_N4000_L24_T400000_seed2_cont2_dense500.npz,1.5,2,500,6,3,shrink,1200.0
bidisperse_a0.005_sr0.667_x1.5_N4000_L24_T400000_seed2_cont2_dense500.npz,1.5,2,500,6,3,shrink,50.0
bidisperse_a0.005_sr0.667_x1.5_N4000_L24_T400000_seed2_cont2_dense500.npz,1.5,2,500,6,3,shrink,150.0
bidisperse_a0.005_sr0.667_x1.5_N4000_L24_T400000_seed2_cont2_dense500.npz,1.5,2,500,6,3,shrink,50.0
bidisperse_a0.005_sr0.667_x1.5_N4000_L24_T400000_seed2_cont2_dense500.npz,1.5,2,500,6,3,shrink,750.0
bidisperse_a0.005_sr0.667_x1.5_N4000_L24_T400000_seed2_cont2_dense500.npz,1.5,2,500,6,3,shrink,250.0
bidisperse_a0.005_sr0.667_x1.5_N4000_L24_T400000_seed2_cont2_dense500.npz,1.5,2,500,6,3,shrink,100.0
bidisperse_a0.005_sr0.667_x1.5_N4000_L24_T400000_seed2_cont2_dense500.npz,1.5,2,500,6,3,absorbed,1700.0
bidisperse_a0.005_sr0.667_x1.5_N4000_L24_T400000_seed2_cont2_dense500.npz,1.5,2,500,6,3,shrink,50.0
bidisperse_a0.005_sr0.667_x1.5_N4000_L24_T400000_seed2_cont2_dense500.npz,1.5,2,500,6,3,shrink,50.0
bidisperse_a0.005_sr0.667_x1.5_N4000_L24_T400000_seed2_cont2_dense500.npz,1.5,2,500,6,3,grow,1650.0
bidisperse_a0.005_sr0.667_x1.5_N4000_L24_T400000_seed2_cont2_dense500.npz,1.5,2,500,6,3,grow,850.0
bidisperse_a0.005_sr0.667_x1.5_N4000_L24_T400000_seed2_cont2_dense500.npz,1.5,2,500,6,3,shrink,1000.0
bidisperse_a0.005_sr0.667_x1.5_N4000_L24_T400000_seed2_cont2_dense500.npz,1.5,2,500,6,3,shrink,50.0
bidisperse_a0.005_sr0.667_x1.5_N4000_L24_T400000_seed2_cont2_dense500.npz,1.5,2,500,6,3,shrink,50.0
bidisperse_a0.005_sr0.667_x1.5_N4000_L24_T400000_seed2_cont2_dense500.npz,1.5,2,500,6,3,shrink,50.0
bidisperse_a0.005_sr0.667_x1.5_N4000_L24_T400000_seed2_cont2_dense500.npz,1.5,2,500,6,3,shrink,100.0
bidisperse_a0.005_sr0.667_x1.5_N4000_L24_T400000_seed2_cont2_dense500.npz,1.5,2,500,6,3,shrink,450.0
bidisperse_a0.005_sr0.667_x1.5_N4000_L24_T400000_seed2_cont2_dense500.npz,1.5,2,500,6,3,grow,150.0
bidisperse_a0.005_sr0.667_x1.5_N4000_L24_T400000_seed2_cont2_dense500.npz,1.5,2,500,6,3,shrink,1000.0
bidisperse_a0.005_sr0.667_x1.5_N4000_L24_T400000_seed2_cont2_dense500.npz,1.5,2,500,6,3,shrink,200.0
bidisperse_a0.005_sr0.667_x1.5_N4000_L24_T400000_seed2_cont2_dense500.npz,1.5,2,500,6,3,shrink,550.0
bidisperse_a0.005_sr0.667_x1.5_N4000_L24_T400000_seed2_cont2_dense500.npz,1.5,2,500,6,3,absorbed,100.0
bidisperse_a0.005_sr0.667_x1.5_N4000_L24_T400000_seed2_cont2_dense500.npz,1.5,2,500,6,3,shrink,200.0
bidisperse_a0.005_sr0.667_x1.5_N4000_L24_T400000_seed2_cont2_dense500.npz,1.5,2,500,6,3,shrink,50.0
bidisperse_a0.005_sr0.667_x1.5_N4000_L24_T400000_seed2_cont2_dense500.npz,1.5,2,500,6,3,shrink,450.0
bidisperse_a0.005_sr0.667_x1.5_N4000_L24_T400000_seed2_cont2_dense500.npz,1.5,2,500,6,3,shrink,50.0
bidisperse_a0.005_sr0.667_x1.5_N4000_L24_T400000_seed2_cont2_dense500.npz,1.5,2,500,6,3,shrink,750.0
bidisperse_a0.005_sr0.667_x1.5_N4000_L24_T400000_seed2_cont2_dense500.npz,1.5,2,500,6,3,shrink,50.0
bidisperse_a0.005_sr0.667_x1.5_N4000_L24_T400000_seed2_cont2_dense500.npz,1.5,2,500,6,3,shrink,50.0
bidisperse_a0.005_sr0.667_x1.5_N4000_L24_T400000_seed2_cont2_dense500.npz,1.5,2,500,7,48,grow,50.0
bidisperse_a0.005_sr0.667_x1.5_N4000_L24_T400000_seed2_cont2_dense500.npz,1.5,2,500,7,43,grow,50.0
bidisperse_a0.005_sr0.667_x1.5_N4000_L24_T400000_seed2_cont2_dense500.npz,1.5,2,500,7,18,grow,350.0
bidisperse_a0.005_sr0.667_x1.5_N4000_L24_T400000_seed2_cont2_dense500.npz,1.5,2,500,7,16,grow,100.0
bidisperse_a0.005_sr0.667_x1.5_N4000_L24_T400000_seed2_cont2_dense500.npz,1.5,2,500,7,14,grow,1450.0
bidisperse_a0.005_sr0.667_x1.5_N4000_L24_T400000_seed2_cont2_dense500.npz,1.5,2,500,7,14,absorbed,2700.0
bidisperse_a0.005_sr0.667_x1.5_N4000_L24_T400000_seed2_cont2_dense500.npz,1.5,2,500,7,14,grow,2450.0
bidisperse_a0.005_sr0.667_x1.5_N4000_L24_T400000_seed2_cont2_dense500.npz,1.5,2,500,7,13,absorbed,550.0
bidisperse_a0.005_sr0.667_x1.5_N4000_L24_T400000_seed2_cont2_dense500.npz,1.5,2,500,7,12,grow,100.0
bidisperse_a0.005_sr0.667_x1.5_N4000_L24_T400000_seed2_cont2_dense500.npz,1.5,2,500,7,12,grow,850.0
bidisperse_a0.005_sr0.667_x1.5_N4000_L24_T400000_seed2_cont2_dense500.npz,1.5,2,500,7,12,shrink,1100.0
bidisperse_a0.005_sr0.667_x1.5_N4000_L24_T400000_seed2_cont2_dense500.npz,1.5,2,500,7,12,grow,2350.0
bidisperse_a0.005_sr0.667_x1.5_N4000_L24_T400000_seed2_cont2_dense500.npz,1.5,2,500,7,11,open,0.0
bidisperse_a0.005_sr0.667_x1.5_N4000_L24_T400000_seed2_cont2_dense500.npz,1.5,2,500,7,10,shrink,1000.0
bidisperse_a0.005_sr0.667_x1.5_N4000_L24_T400000_seed2_cont2_dense500.npz,1.5,2,500,7,10,absorbed,1700.0
bidisperse_a0.005_sr0.667_x1.5_N4000_L24_T400000_seed2_cont2_dense500.npz,1.5,2,500,7,9,absorbed,150.0
bidisperse_a0.005_sr0.667_x1.5_N4000_L24_T400000_seed2_cont2_dense500.npz,1.5,2,500,7,9,grow,2000.0
bidisperse_a0.005_sr0.667_x1.5_N4000_L24_T400000_seed2_cont2_dense500.npz,1.5,2,500,7,8,grow,150.0
bidisperse_a0.005_sr0.667_x1.5_N4000_L24_T400000_seed2_cont2_dense500.npz,1.5,2,500,7,7,grow,150.0
bidisperse_a0.005_sr0.667_x1.5_N4000_L24_T400000_seed2_cont2_dense500.npz,1.5,2,500,7,7,shrink,1350.0
bidisperse_a0.005_sr0.667_x1.5_N4000_L24_T400000_seed2_cont2_dense500.npz,1.5,2,500,7,7,grow,150.0
bidisperse_a0.005_sr0.667_x1.5_N4000_L24_T400000_seed2_cont2_dense500.npz,1.5,2,500,7,7,shrink,550.0
bidisperse_a0.005_sr0.667_x1.5_N4000_L24_T400000_seed2_cont2_dense500.npz,1.5,2,500,7,7,grow,850.0
bidisperse_a0.005_sr0.667_x1.5_N4000_L24_T400000_seed2_cont2_dense500.npz,1.5,2,500,7,7,shrink,700.0
bidisperse_a0.005_sr0.667_x1.5_N4000_L24_T400000_seed2_cont2_dense500.npz,1.5,2,500,7,7,open,0.0
bidisperse_a0.005_sr0.667_x1.5_N4000_L24_T400000_seed2_cont2_dense500.npz,1.5,2,500,7,6,shrink,150.0
bidisperse_a0.005_sr0.667_x1.5_N4000_L24_T400000_seed2_cont2_dense500.npz,1.5,2,500,7,6,shrink,300.0
bidisperse_a0.005_sr0.667_x1.5_N4000_L24_T400000_seed2_cont2_dense500.npz,1.5,2,500,7,6,shrink,50.0
bidisperse_a0.005_sr0.667_x1.5_N4000_L24_T400000_seed2_cont2_dense500.npz,1.5,2,500,7,6,shrink,550.0
bidisperse_a0.005_sr0.667_x1.5_N4000_L24_T400000_seed2_cont2_dense500.npz,1.5,2,500,7,6,shrink,1000.0
bidisperse_a0.005_sr0.667_x1.5_N4000_L24_T400000_seed2_cont2_dense500.npz,1.5,2,500,7,6,shrink,250.0
bidisperse_a0.005_sr0.667_x1.5_N4000_L24_T400000_seed2_cont2_dense500.npz,1.5,2,500,7,6,shrink,250.0
bidisperse_a0.005_sr0.667_x1.5_N4000_L24_T400000_seed2_cont2_dense500.npz,1.5,2,500,7,6,shrink,300.0
bidisperse_a0.005_sr0.667_x1.5_N4000_L24_T400000_seed2_cont2_dense500.npz,1.5,2,500,7,5,shrink,150.0
bidisperse_a0.005_sr0.667_x1.5_N4000_L24_T400000_seed2_cont2_dense500.npz,1.5,2,500,7,5,shrink,700.0
bidisperse_a0.005_sr0.667_x1.5_N4000_L24_T400000_seed2_cont2_dense500.npz,1.5,2,500,7,5,absorbed,1700.0
bidisperse_a0.005_sr0.667_x1.5_N4000_L24_T400000_seed2_cont2_dense500.npz,1.5,2,500,7,5,shrink,50.0
bidisperse_a0.005_sr0.667_x1.5_N4000_L24_T400000_seed2_cont2_dense500.npz,1.5,2,500,7,4,shrink,50.0
bidisperse_a0.005_sr0.667_x1.5_N4000_L24_T400000_seed2_cont2_dense500.npz,1.5,2,500,7,4,grow,150.0
bidisperse_a0.005_sr0.667_x1.5_N4000_L24_T400000_seed2_cont2_dense500.npz,1.5,2,500,7,4,shrink,450.0
bidisperse_a0.005_sr0.667_x1.5_N4000_L24_T400000_seed2_cont2_dense500.npz,1.5,2,500,7,4,shrink,50.0
bidisperse_a0.005_sr0.667_x1.5_N4000_L24_T400000_seed2_cont2_dense500.npz,1.5,2,500,7,4,shrink,350.0
bidisperse_a0.005_sr0.667_x1.5_N4000_L24_T400000_seed2_cont2_dense500.npz,1.5,2,500,7,4,shrink,200.0
bidisperse_a0.005_sr0.667_x1.5_N4000_L24_T400000_seed2_cont2_dense500.npz,1.5,2,500,7,4,shrink,50.0
bidisperse_a0.005_sr0.667_x1.5_N4000_L24_T400000_seed2_cont2_dense500.npz,1.5,2,500,7,4,shrink,250.0
bidisperse_a0.005_sr0.667_x1.5_N4000_L24_T400000_seed2_cont2_dense500.npz,1.5,2,500,7,4,shrink,100.0
bidisperse_a0.005_sr0.667_x1.5_N4000_L24_T400000_seed2_cont2_dense500.npz,1.5,2,500,7,4,shrink,100.0
bidisperse_a0.005_sr0.667_x1.5_N4000_L24_T400000_seed2_cont2_dense500.npz,1.5,2,500,7,4,shrink,100.0
bidisperse_a0.005_sr0.667_x1.5_N4000_L24_T400000_seed2_cont2_dense500.npz,1.5,2,500,7,4,absorbed,250.0
bidisperse_a0.005_sr0.667_x1.5_N4000_L24_T400000_seed2_cont2_dense500.npz,1.5,2,500,7,4,shrink,100.0
bidisperse_a0.005_sr0.667_x1.5_N4000_L24_T400000_seed2_cont2_dense500.npz,1.5,2,500,7,4,shrink,600.0
bidisperse_a0.005_sr0.667_x1.5_N4000_L24_T400000_seed2_cont2_dense500.npz,1.5,2,500,7,4,grow,100.0
bidisperse_a0.005_sr0.667_x1.5_N4000_L24_T400000_seed2_cont2_dense500.npz,1.5,2,500,7,3,shrink,200.0
bidisperse_a0.005_sr0.667_x1.5_N4000_L24_T400000_seed2_cont2_dense500.npz,1.5,2,500,7,3,shrink,50.0
bidisperse_a0.005_sr0.667_x1.5_N4000_L24_T400000_seed2_cont2_dense500.npz,1.5,2,500,7,3,shrink,200.0
bidisperse_a0.005_sr0.667_x1.5_N4000_L24_T400000_seed2_cont2_dense500.npz,1.5,2,500,7,3,shrink,200.0
bidisperse_a0.005_sr0.667_x1.5_N4000_L24_T400000_seed2_cont2_dense500.npz,1.5,2,500,7,3,shrink,50.0
bidisperse_a0.005_sr0.667_x1.5_N4000_L24_T400000_seed2_cont2_dense500.npz,1.5,2,500,7,3,shrink,100.0
bidisperse_a0.005_sr0.667_x1.5_N4000_L24_T400000_seed2_cont2_dense500.npz,1.5,2,500,7,3,shrink,500.0
bidisperse_a0.005_sr0.667_x1.5_N4000_L24_T400000_seed2_cont2_dense500.npz,1.5,2,500,7,3,shrink,1000.0
bidisperse_a0.005_sr0.667_x1.5_N4000_L24_T400000_seed2_cont2_dense500.npz,1.5,2,500,7,3,shrink,50.0
bidisperse_a0.005_sr0.667_x1.5_N4000_L24_T400000_seed2_cont2_dense500.npz,1.5,2,500,7,3,shrink,50.0
bidisperse_a0.005_sr0.667_x1.5_N4000_L24_T400000_seed2_cont2_dense500.npz,1.5,2,500,7,3,grow,100.0
bidisperse_a0.005_sr0.667_x1.5_N4000_L24_T400000_seed2_cont2_dense500.npz,1.5,2,500,7,3,shrink,50.0
bidisperse_a0.005_sr0.667_x1.5_N4000_L24_T400000_seed2_cont2_dense500.npz,1.5,2,500,7,3,shrink,800.0
bidisperse_a0.005_sr0.667_x1.5_N4000_L24_T400000_seed2_cont2_dense500.npz,1.5,2,500,7,3,shrink,450.0
bidisperse_a0.005_sr0.667_x1.5_N4000_L24_T400000_seed2_cont2_dense500.npz,1.5,2,500,7,3,grow,2000.0
bidisperse_a0.005_sr0.667_x1.5_N4000_L24_T400000_seed2_cont2_dense500.npz,1.5,2,500,7,3,grow,300.0
bidisperse_a0.005_sr0.667_x1.5_N4000_L24_T400000_seed2_cont2_dense500.npz,1.5,2,500,7,3,grow,100.0
bidisperse_a0.005_sr0.667_x1.5_N4000_L24_T400000_seed2_cont2_dense500.npz,1.5,2,500,7,3,grow,50.0
bidisperse_a0.005_sr0.667_x1.5_N4000_L24_T400000_seed2_cont2_dense500.npz,1.5,2,500,7,3,shrink,100.0
bidisperse_a0.005_sr0.667_x1.5_N4000_L24_T400000_seed2_cont2_dense500.npz,1.5,2,500,7,3,shrink,50.0
bidisperse_a0.005_sr0.667_x1.5_N4000_L24_T400000_seed2_cont2_dense500.npz,1.5,2,500,7,3,grow,2000.0
bidisperse_a0.005_sr0.667_x1.5_N4000_L24_T400000_seed2_cont2_dense500.npz,1.5,2,500,7,3,grow,2000.0
bidisperse_a0.005_sr0.667_x1.5_N4000_L24_T400000_seed2_cont2_dense500.npz,1.5,2,500,7,3,shrink,250.0
bidisperse_a0.005_sr0.667_x1.5_N4000_L24_T400000_seed2_cont2_dense500.npz,1.5,2,500,7,3,shrink,150.0
bidisperse_a0.005_sr0.667_x1.5_N4000_L24_T400000_seed2_cont2_dense500.npz,1.5,2,500,7,3,absorbed,50.0
bidisperse_a0.005_sr0.667_x1.5_N4000_L24_T400000_seed2_cont2_dense500.npz,1.5,2,500,7,3,shrink,200.0
bidisperse_a0.005_sr0.667_x1.5_N4000_L24_T400000_seed2_cont2_dense500.npz,1.5,2,500,7,3,shrink,50.0
bidisperse_a0.005_sr0.667_x1.5_N4000_L24_T400000_seed2_cont2_dense500.npz,1.5,2,500,7,3,shrink,50.0
bidisperse_a0.005_sr0.667_x1.5_N4000_L24_T400000_seed2_cont2_dense500.npz,1.5,2,500,7,3,shrink,50.0
bidisperse_a0.005_sr0.667_x1.5_N4000_L24_T400000_seed2_cont2_dense500.npz,1.5,2,500,7,3,shrink,500.0
bidisperse_a0.005_sr0.667_x1.5_N4000_L24_T400000_seed2_cont2_dense500.npz,1.5,2,500,7,3,shrink,100.0
bidisperse_a0.005_sr0.667_x1.5_N4000_L24_T400000_seed2_cont2_dense500.npz,1.5,2,500,7,3,shrink,50.0
bidisperse_a0.005_sr0.667_x1.5_N4000_L24_T400000_seed2_cont2_dense500.npz,1.5,2,500,8,48,grow,50.0
bidisperse_a0.005_sr0.667_x1.5_N4000_L24_T400000_seed2_cont2_dense500.npz,1.5,2,500,8,43,grow,50.0
bidisperse_a0.005_sr0.667_x1.5_N4000_L24_T400000_seed2_cont2_dense500.npz,1.5,2,500,8,18,grow,150.0
bidisperse_a0.005_sr0.667_x1.5_N4000_L24_T400000_seed2_cont2_dense500.npz,1.5,2,500,8,16,shrink,2500.0
bidisperse_a0.005_sr0.667_x1.5_N4000_L24_T400000_seed2_cont2_dense500.npz,1.5,2,500,8,14,grow,1150.0
bidisperse_a0.005_sr0.667_x1.5_N4000_L24_T400000_seed2_cont2_dense500.npz,1.5,2,500,8,14,absorbed,2150.0
bidisperse_a0.005_sr0.667_x1.5_N4000_L24_T400000_seed2_cont2_dense500.npz,1.5,2,500,8,14,grow,1000.0
bidisperse_a0.005_sr0.667_x1.5_N4000_L24_T400000_seed2_cont2_dense500.npz,1.5,2,500,8,13,absorbed,550.0
bidisperse_a0.005_sr0.667_x1.5_N4000_L24_T400000_seed2_cont2_dense500.npz,1.5,2,500,8,12,grow,50.0
bidisperse_a0.005_sr0.667_x1.5_N4000_L24_T400000_seed2_cont2_dense500.npz,1.5,2,500,8,12,absorbed,1550.0
bidisperse_a0.005_sr0.667_x1.5_N4000_L24_T400000_seed2_cont2_dense500.npz,1.5,2,500,8,12,shrink,1350.0
bidisperse_a0.005_sr0.667_x1.5_N4000_L24_T400000_seed2_cont2_dense500.npz,1.5,2,500,8,12,shrink,1150.0
bidisperse_a0.005_sr0.667_x1.5_N4000_L24_T400000_seed2_cont2_dense500.npz,1.5,2,500,8,11,shrink,1950.0
bidisperse_a0.005_sr0.667_x1.5_N4000_L24_T400000_seed2_cont2_dense500.npz,1.5,2,500,8,10,grow,1400.0
bidisperse_a0.005_sr0.667_x1.5_N4000_L24_T400000_seed2_cont2_dense500.npz,1.5,2,500,8,10,absorbed,1450.0
bidisperse_a0.005_sr0.667_x1.5_N4000_L24_T400000_seed2_cont2_dense500.npz,1.5,2,500,8,9,absorbed,50.0
bidisperse_a0.005_sr0.667_x1.5_N4000_L24_T400000_seed2_cont2_dense500.npz,1.5,2,500,8,9,grow,1150.0
bidisperse_a0.005_sr0.667_x1.5_N4000_L24_T400000_seed2_cont2_dense500.npz,1.5,2,500,8,8,grow,150.0
bidisperse_a0.005_sr0.667_x1.5_N4000_L24_T400000_seed2_cont2_dense500.npz,1.5,2,500,8,7,grow,150.0
bidisperse_a0.005_sr0.667_x1.5_N4000_L24_T400000_seed2_cont2_dense500.npz,1.5,2,500,8,7,shrink,150.0
bidisperse_a0.005_sr0.667_x1.5_N4000_L24_T400000_seed2_cont2_dense500.npz,1.5,2,500,8,7,grow,150.0
bidisperse_a0.005_sr0.667_x1.5_N4000_L24_T400000_seed2_cont2_dense500.npz,1.5,2,500,8,7,shrink,300.0
bidisperse_a0.005_sr0.667_x1.5_N4000_L24_T400000_seed2_cont2_dense500.npz,1.5,2,500,8,7,absorbed,1550.0
bidisperse_a0.005_sr0.667_x1.5_N4000_L24_T400000_seed2_cont2_dense500.npz,1.5,2,500,8,7,absorbed,850.0
bidisperse_a0.005_sr0.667_x1.5_N4000_L24_T400000_seed2_cont2_dense500.npz,1.5,2,500,8,7,shrink,1950.0
bidisperse_a0.005_sr0.667_x1.5_N4000_L24_T400000_seed2_cont2_dense500.npz,1.5,2,500,8,6,shrink,200.0
bidisperse_a0.005_sr0.667_x1.5_N4000_L24_T400000_seed2_cont2_dense500.npz,1.5,2,500,8,6,shrink,350.0
bidisperse_a0.005_sr0.667_x1.5_N4000_L24_T400000_seed2_cont2_dense500.npz,1.5,2,500,8,6,shrink,300.0
bidisperse_a0.005_sr0.667_x1.5_N4000_L24_T400000_seed2_cont2_dense500.npz,1.5,2,500,8,6,shrink,400.0
bidisperse_a0.005_sr0.667_x1.5_N4000_L24_T400000_seed2_cont2_dense500.npz,1.5,2,500,8,6,shrink,250.0
bidisperse_a0.005_sr0.667_x1.5_N4000_L24_T400000_seed2_cont2_dense500.npz,1.5,2,500,8,6,shrink,300.0
bidisperse_a0.005_sr0.667_x1.5_N4000_L24_T400000_seed2_cont2_dense500.npz,1.5,2,500,8,6,absorbed,250.0
bidisperse_a0.005_sr0.667_x1.5_N4000_L24_T400000_seed2_cont2_dense500.npz,1.5,2,500,8,6,shrink,200.0
bidisperse_a0.005_sr0.667_x1.5_N4000_L24_T400000_seed2_cont2_dense500.npz,1.5,2,500,8,5,grow,1150.0
bidisperse_a0.005_sr0.667_x1.5_N4000_L24_T400000_seed2_cont2_dense500.npz,1.5,2,500,8,5,absorbed,2250.0
bidisperse_a0.005_sr0.667_x1.5_N4000_L24_T400000_seed2_cont2_dense500.npz,1.5,2,500,8,5,shrink,300.0
bidisperse_a0.005_sr0.667_x1.5_N4000_L24_T400000_seed2_cont2_dense500.npz,1.5,2,500,8,5,shrink,550.0
bidisperse_a0.005_sr0.667_x1.5_N4000_L24_T400000_seed2_cont2_dense500.npz,1.5,2,500,8,4,grow,1150.0
bidisperse_a0.005_sr0.667_x1.5_N4000_L24_T400000_seed2_cont2_dense500.npz,1.5,2,500,8,4,grow,250.0
bidisperse_a0.005_sr0.667_x1.5_N4000_L24_T400000_seed2_cont2_dense500.npz,1.5,2,500,8,4,shrink,50.0
bidisperse_a0.005_sr0.667_x1.5_N4000_L24_T400000_seed2_cont2_dense500.npz,1.5,2,500,8,4,shrink,50.0
bidisperse_a0.005_sr0.667_x1.5_N4000_L24_T400000_seed2_cont2_dense500.npz,1.5,2,500,8,4,shrink,400.0
bidisperse_a0.005_sr0.667_x1.5_N4000_L24_T400000_seed2_cont2_dense500.npz,1.5,2,500,8,4,shrink,300.0
bidisperse_a0.005_sr0.667_x1.5_N4000_L24_T400000_seed2_cont2_dense500.npz,1.5,2,500,8,4,absorbed,250.0
bidisperse_a0.005_sr0.667_x1.5_N4000_L24_T400000_seed2_cont2_dense500.npz,1.5,2,500,8,4,shrink,400.0
bidisperse_a0.005_sr0.667_x1.5_N4000_L24_T400000_seed2_cont2_dense500.npz,1.5,2,500,8,4,shrink,300.0
bidisperse_a0.005_sr0.667_x1.5_N4000_L24_T400000_seed2_cont2_dense500.npz,1.5,2,500,8,4,shrink,50.0
bidisperse_a0.005_sr0.667_x1.5_N4000_L24_T400000_seed2_cont2_dense500.npz,1.5,2,500,8,4,shrink,200.0
bidisperse_a0.005_sr0.667_x1.5_N4000_L24_T400000_seed2_cont2_dense500.npz,1.5,2,500,8,4,absorbed,100.0
bidisperse_a0.005_sr0.667_x1.5_N4000_L24_T400000_seed2_cont2_dense500.npz,1.5,2,500,8,4,shrink,100.0
bidisperse_a0.005_sr0.667_x1.5_N4000_L24_T400000_seed2_cont2_dense500.npz,1.5,2,500,8,4,shrink,900.0
bidisperse_a0.005_sr0.667_x1.5_N4000_L24_T400000_seed2_cont2_dense500.npz,1.5,2,500,8,4,grow,50.0
bidisperse_a0.005_sr0.667_x1.5_N4000_L24_T400000_seed2_cont2_dense500.npz,1.5,2,500,8,3,shrink,100.0
bidisperse_a0.005_sr0.667_x1.5_N4000_L24_T400000_seed2_cont2_dense500.npz,1.5,2,500,8,3,shrink,2500.0
bidisperse_a0.005_sr0.667_x1.5_N4000_L24_T400000_seed2_cont2_dense500.npz,1.5,2,500,8,3,shrink,150.0
bidisperse_a0.005_sr0.667_x1.5_N4000_L24_T400000_seed2_cont2_dense500.npz,1.5,2,500,8,3,shrink,100.0
bidisperse_a0.005_sr0.667_x1.5_N4000_L24_T400000_seed2_cont2_dense500.npz,1.5,2,500,8,3,shrink,1400.0
bidisperse_a0.005_sr0.667_x1.5_N4000_L24_T400000_seed2_cont2_dense500.npz,1.5,2,500,8,3,shrink,100.0
bidisperse_a0.005_sr0.667_x1.5_N4000_L24_T400000_seed2_cont2_dense500.npz,1.5,2,500,8,3,shrink,400.0
bidisperse_a0.005_sr0.667_x1.5_N4000_L24_T400000_seed2_cont2_dense500.npz,1.5,2,500,8,3,shrink,1200.0
bidisperse_a0.005_sr0.667_x1.5_N4000_L24_T400000_seed2_cont2_dense500.npz,1.5,2,500,8,3,shrink,300.0
bidisperse_a0.005_sr0.667_x1.5_N4000_L24_T400000_seed2_cont2_dense500.npz,1.5,2,500,8,3,shrink,50.0
bidisperse_a0.005_sr0.667_x1.5_N4000_L24_T400000_seed2_cont2_dense500.npz,1.5,2,500,8,3,grow,200.0
bidisperse_a0.005_sr0.667_x1.5_N4000_L24_T400000_seed2_cont2_dense500.npz,1.5,2,500,8,3,shrink,100.0
bidisperse_a0.005_sr0.667_x1.5_N4000_L24_T400000_seed2_cont2_dense500.npz,1.5,2,500,8,3,shrink,1950.0
bidisperse_a0.005_sr0.667_x1.5_N4000_L24_T400000_seed2_cont2_dense500.npz,1.5,2,500,8,3,shrink,2800.0
bidisperse_a0.005_sr0.667_x1.5_N4000_L24_T400000_seed2_cont2_dense500.npz,1.5,2,500,8,3,shrink,900.0
bidisperse_a0.005_sr0.667_x1.5_N4000_L24_T400000_seed2_cont2_dense500.npz,1.5,2,500,8,3,grow,250.0
bidisperse_a0.005_sr0.667_x1.5_N4000_L24_T400000_seed2_cont2_dense500.npz,1.5,2,500,8,3,shrink,2500.0
bidisperse_a0.005_sr0.667_x1.5_N4000_L24_T400000_seed2_cont2_dense500.npz,1.5,2,500,8,3,shrink,100.0
bidisperse_a0.005_sr0.667_x1.5_N4000_L24_T400000_seed2_cont2_dense500.npz,1.5,2,500,8,3,shrink,150.0
bidisperse_a0.005_sr0.667_x1.5_N4000_L24_T400000_seed2_cont2_dense500.npz,1.5,2,500,8,3,shrink,50.0
bidisperse_a0.005_sr0.667_x1.5_N4000_L24_T400000_seed2_cont2_dense500.npz,1.5,2,500,8,3,grow,1150.0
bidisperse_a0.005_sr0.667_x1.5_N4000_L24_T400000_seed2_cont2_dense500.npz,1.5,2,500,8,3,shrink,900.0
bidisperse_a0.005_sr0.667_x1.5_N4000_L24_T400000_seed2_cont2_dense500.npz,1.5,2,500,8,3,shrink,50.0
bidisperse_a0.005_sr0.667_x1.5_N4000_L24_T400000_seed2_cont2_dense500.npz,1.5,2,500,8,3,shrink,250.0
bidisperse_a0.005_sr0.667_x1.5_N4000_L24_T400000_seed2_cont2_dense500.npz,1.5,2,500,8,3,shrink,350.0
bidisperse_a0.005_sr0.667_x1.5_N4000_L24_T400000_seed2_cont2_dense500.npz,1.5,2,500,8,3,shrink,50.0
bidisperse_a0.005_sr0.667_x1.5_N4000_L24_T400000_seed2_cont2_dense500.npz,1.5,2,500,8,3,shrink,100.0
bidisperse_a0.005_sr0.667_x1.5_N4000_L24_T400000_seed2_cont2_dense500.npz,1.5,2,500,8,3,shrink,50.0
bidisperse_a0.005_sr0.667_x1.5_N4000_L24_T400000_seed2_cont2_dense500.npz,1.5,2,500,8,3,shrink,50.0
bidisperse_a0.005_sr0.667_x1.5_N4000_L24_T400000_seed2_cont2_dense500.npz,1.5,2,500,8,3,shrink,400.0
bidisperse_a0.005_sr0.667_x1.5_N4000_L24_T400000_seed2_cont2_dense500.npz,1.5,2,500,8,3,shrink,50.0
bidisperse_a0.005_sr0.667_x1.5_N4000_L24_T400000_seed2_cont2_dense500.npz,1.5,2,500,8,3,shrink,50.0
bidisperse_a0.005_sr0.667_x1.5_N4000_L24_T400000_seed2_cont2_dense500.npz,1.5,2,500,9,48,grow,50.0
bidisperse_a0.005_sr0.667_x1.5_N4000_L24_T400000_seed2_cont2_dense500.npz,1.5,2,500,9,43,grow,50.0
bidisperse_a0.005_sr0.667_x1.5_N4000_L24_T400000_seed2_cont2_dense500.npz,1.5,2,500,9,18,grow,100.0
bidisperse_a0.005_sr0.667_x1.5_N4000_L24_T400000_seed2_cont2_dense500.npz,1.5,2,500,9,16,grow,150.0
bidisperse_a0.005_sr0.667_x1.5_N4000_L24_T400000_seed2_cont2_dense500.npz,1.5,2,500,9,14,grow,100.0
bidisperse_a0.005_sr0.667_x1.5_N4000_L24_T400000_seed2_cont2_dense500.npz,1.5,2,500,9,14,shrink,1250.0
bidisperse_a0.005_sr0.667_x1.5_N4000_L24_T400000_seed2_cont2_dense500.npz,1.5,2,500,9,14,shrink,1850.0
bidisperse_a0.005_sr0.667_x1.5_N4000_L24_T400000_seed2_cont2_dense500.npz,1.5,2,500,9,13,absorbed,350.0
bidisperse_a0.005_sr0.667_x1.5_N4000_L24_T400000_seed2_cont2_dense500.npz,1.5,2,500,9,12,grow,150.0
bidisperse_a0.005_sr0.667_x1.5_N4000_L24_T400000_seed2_cont2_dense500.npz,1.5,2,500,9,12,shrink,600.0
bidisperse_a0.005_sr0.667_x1.5_N4000_L24_T400000_seed2_cont2_dense500.npz,1.5,2,500,9,12,shrink,1050.0
bidisperse_a0.005_sr0.667_x1.5_N4000_L24_T400000_seed2_cont2_dense500.npz,1.5,2,500,9,12,shrink,1050.0
bidisperse_a0.005_sr0.667_x1.5_N4000_L24_T400000_seed2_cont2_dense500.npz,1.5,2,500,9,11,shrink,2550.0
bidisperse_a0.005_sr0.667_x1.5_N4000_L24_T400000_seed2_cont2_dense500.npz,1.5,2,500,9,10,open,0.0
bidisperse_a0.005_sr0.667_x1.5_N4000_L24_T400000_seed2_cont2_dense500.npz,1.5,2,500,9,10,absorbed,1200.0
bidisperse_a0.005_sr0.667_x1.5_N4000_L24_T400000_seed2_cont2_dense500.npz,1.5,2,500,9,9,absorbed,200.0
bidisperse_a0.005_sr0.667_x1.5_N4000_L24_T400000_seed2_cont2_dense500.npz,1.5,2,500,9,9,grow,2350.0
bidisperse_a0.005_sr0.667_x1.5_N4000_L24_T400000_seed2_cont2_dense500.npz,1.5,2,500,9,8,grow,100.0
bidisperse_a0.005_sr0.667_x1.5_N4000_L24_T400000_seed2_cont2_dense500.npz,1.5,2,500,9,7,grow,100.0
bidisperse_a0.005_sr0.667_x1.5_N4000_L24_T400000_seed2_cont2_dense500.npz,1.5,2,500,9,7,open,0.0
bidisperse_a0.005_sr0.667_x1.5_N4000_L24_T400000_seed2_cont2_dense500.npz,1.5,2,500,9,7,grow,100.0
bidisperse_a0.005_sr0.667_x1.5_N4000_L24_T400000_seed2_cont2_dense500.npz,1.5,2,500,9,7,shrink,2000.0
bidisperse_a0.005_sr0.667_x1.5_N4000_L24_T400000_seed2_cont2_dense500.npz,1.5,2,500,9,7,shrink,750.0
bidisperse_a0.005_sr0.667_x1.5_N4000_L24_T400000_seed2_cont2_dense500.npz,1.5,2,500,9,7,absorbed,700.0
bidisperse_a0.005_sr0.667_x1.5_N4000_L24_T400000_seed2_cont2_dense500.npz,1.5,2,500,9,7,shrink,250.0
bidisperse_a0.005_sr0.667_x1.5_N4000_L24_T400000_seed2_cont2_dense500.npz,1.5,2,500,9,6,shrink,150.0
bidisperse_a0.005_sr0.667_x1.5_N4000_L24_T400000_seed2_cont2_dense500.npz,1.5,2,500,9,6,shrink,200.0
bidisperse_a0.005_sr0.667_x1.5_N4000_L24_T400000_seed2_cont2_dense500.npz,1.5,2,500,9,6,shrink,600.0
bidisperse_a0.005_sr0.667_x1.5_N4000_L24_T400000_seed2_cont2_dense500.npz,1.5,2,500,9,6,shrink,2000.0
bidisperse_a0.005_sr0.667_x1.5_N4000_L24_T400000_seed2_cont2_dense500.npz,1.5,2,500,9,6,shrink,200.0
bidisperse_a0.005_sr0.667_x1.5_N4000_L24_T400000_seed2_cont2_dense500.npz,1.5,2,500,9,6,shrink,350.0
bidisperse_a0.005_sr0.667_x1.5_N4000_L24_T400000_seed2_cont2_dense500.npz,1.5,2,500,9,6,shrink,250.0
bidisperse_a0.005_sr0.667_x1.5_N4000_L24_T400000_seed2_cont2_dense500.npz,1.5,2,500,9,6,shrink,50.0
bidisperse_a0.005_sr0.667_x1.5_N4000_L24_T400000_seed2_cont2_dense500.npz,1.5,2,500,9,5,grow,2350.0
bidisperse_a0.005_sr0.667_x1.5_N4000_L24_T400000_seed2_cont2_dense500.npz,1.5,2,500,9,5,shrink,1300.0
bidisperse_a0.005_sr0.667_x1.5_N4000_L24_T400000_seed2_cont2_dense500.npz,1.5,2,500,9,5,shrink,300.0
bidisperse_a0.005_sr0.667_x1.5_N4000_L24_T400000_seed2_cont2_dense500.npz,1.5,2,500,9,5,shrink,350.0
bidisperse_a0.005_sr0.667_x1.5_N4000_L24_T400000_seed2_cont2_dense500.npz,1.5,2,500,9,4,grow,100.0
bidisperse_a0.005_sr0.667_x1.5_N4000_L24_T400000_seed2_cont2_dense500.npz,1.5,2,500,9,4,grow,100.0
bidisperse_a0.005_sr0.667_x1.5_N4000_L24_T400000_seed2_cont2_dense500.npz,1.5,2,500,9,4,shrink,550.0
bidisperse_a0.005_sr0.667_x1.5_N4000_L24_T400000_seed2_cont2_dense500.npz,1.5,2,500,9,4,shrink,50.0
bidisperse_a0.005_sr0.667_x1.5_N4000_L24_T400000_seed2_cont2_dense500.npz,1.5,2,500,9,4,shrink,300.0
bidisperse_a0.005_sr0.667_x1.5_N4000_L24_T400000_seed2_cont2_dense500.npz,1.5,2,500,9,4,shrink,400.0
bidisperse_a0.005_sr0.667_x1.5_N4000_L24_T400000_seed2_cont2_dense500.npz,1.5,2,500,9,4,shrink,100.0
bidisperse_a0.005_sr0.667_x1.5_N4000_L24_T400000_seed2_cont2_dense500.npz,1.5,2,500,9,4,shrink,450.0
bidisperse_a0.005_sr0.667_x1.5_N4000_L24_T400000_seed2_cont2_dense500.npz,1.5,2,500,9,4,shrink,2000.0
bidisperse_a0.005_sr0.667_x1.5_N4000_L24_T400000_seed2_cont2_dense500.npz,1.5,2,500,9,4,shrink,200.0
bidisperse_a0.005_sr0.667_x1.5_N4000_L24_T400000_seed2_cont2_dense500.npz,1.5,2,500,9,4,shrink,750.0
bidisperse_a0.005_sr0.667_x1.5_N4000_L24_T400000_seed2_cont2_dense500.npz,1.5,2,500,9,4,absorbed,100.0
bidisperse_a0.005_sr0.667_x1.5_N4000_L24_T400000_seed2_cont2_dense500.npz,1.5,2,500,9,4,shrink,100.0
bidisperse_a0.005_sr0.667_x1.5_N4000_L24_T400000_seed2_cont2_dense500.npz,1.5,2,500,9,4,shrink,500.0
bidisperse_a0.005_sr0.667_x1.5_N4000_L24_T400000_seed2_cont2_dense500.npz,1.5,2,500,9,4,grow,150.0
bidisperse_a0.005_sr0.667_x1.5_N4000_L24_T400000_seed2_cont2_dense500.npz,1.5,2,500,9,3,shrink,50.0
bidisperse_a0.005_sr0.667_x1.5_N4000_L24_T400000_seed2_cont2_dense500.npz,1.5,2,500,9,3,shrink,50.0
bidisperse_a0.005_sr0.667_x1.5_N4000_L24_T400000_seed2_cont2_dense500.npz,1.5,2,500,9,3,open,0.0
bidisperse_a0.005_sr0.667_x1.5_N4000_L24_T400000_seed2_cont2_dense500.npz,1.5,2,500,9,3,shrink,50.0
bidisperse_a0.005_sr0.667_x1.5_N4000_L24_T400000_seed2_cont2_dense500.npz,1.5,2,500,9,3,shrink,250.0
bidisperse_a0.005_sr0.667_x1.5_N4000_L24_T400000_seed2_cont2_dense500.npz,1.5,2,500,9,3,shrink,50.0
bidisperse_a0.005_sr0.667_x1.5_N4000_L24_T400000_seed2_cont2_dense500.npz,1.5,2,500,9,3,shrink,500.0
bidisperse_a0.005_sr0.667_x1.5_N4000_L24_T400000_seed2_cont2_dense500.npz,1.5,2,500,9,3,shrink,900.0
bidisperse_a0.005_sr0.667_x1.5_N4000_L24_T400000_seed2_cont2_dense500.npz,1.5,2,500,9,3,shrink,350.0
bidisperse_a0.005_sr0.667_x1.5_N4000_L24_T400000_seed2_cont2_dense500.npz,1.5,2,500,9,3,absorbed,1200.0
bidisperse_a0.005_sr0.667_x1.5_N4000_L24_T400000_seed2_cont2_dense500.npz,1.5,2,500,9,3,shrink,100.0
bidisperse_a0.005_sr0.667_x1.5_N4000_L24_T400000_seed2_cont2_dense500.npz,1.5,2,500,9,3,shrink,100.0
bidisperse_a0.005_sr0.667_x1.5_N4000_L24_T400000_seed2_cont2_dense500.npz,1.5,2,500,9,3,shrink,2550.0
bidisperse_a0.005_sr0.667_x1.5_N4000_L24_T400000_seed2_cont2_dense500.npz,1.5,2,500,9,3,shrink,50.0
bidisperse_a0.005_sr0.667_x1.5_N4000_L24_T400000_seed2_cont2_dense500.npz,1.5,2,500,9,3,shrink,1050.0
bidisperse_a0.005_sr0.667_x1.5_N4000_L24_T400000_seed2_cont2_dense500.npz,1.5,2,500,9,3,shrink,350.0
bidisperse_a0.005_sr0.667_x1.5_N4000_L24_T400000_seed2_cont2_dense500.npz,1.5,2,500,9,3,grow,150.0
bidisperse_a0.005_sr0.667_x1.5_N4000_L24_T400000_seed2_cont2_dense500.npz,1.5,2,500,9,3,grow,50.0
bidisperse_a0.005_sr0.667_x1.5_N4000_L24_T400000_seed2_cont2_dense500.npz,1.5,2,500,9,3,shrink,300.0
bidisperse_a0.005_sr0.667_x1.5_N4000_L24_T400000_seed2_cont2_dense500.npz,1.5,2,500,9,3,shrink,1300.0
bidisperse_a0.005_sr0.667_x1.5_N4000_L24_T400000_seed2_cont2_dense500.npz,1.5,2,500,9,3,grow,2350.0
bidisperse_a0.005_sr0.667_x1.5_N4000_L24_T400000_seed2_cont2_dense500.npz,1.5,2,500,9,3,shrink,1050.0
bidisperse_a0.005_sr0.667_x1.5_N4000_L24_T400000_seed2_cont2_dense500.npz,1.5,2,500,9,3,shrink,600.0
bidisperse_a0.005_sr0.667_x1.5_N4000_L24_T400000_seed2_cont2_dense500.npz,1.5,2,500,9,3,shrink,950.0
bidisperse_a0.005_sr0.667_x1.5_N4000_L24_T400000_seed2_cont2_dense500.npz,1.5,2,500,9,3,absorbed,200.0
bidisperse_a0.005_sr0.667_x1.5_N4000_L24_T400000_seed2_cont2_dense500.npz,1.5,2,500,9,3,shrink,50.0
bidisperse_a0.005_sr0.667_x1.5_N4000_L24_T400000_seed2_cont2_dense500.npz,1.5,2,500,9,3,shrink,200.0
bidisperse_a0.005_sr0.667_x1.5_N4000_L24_T400000_seed2_cont2_dense500.npz,1.5,2,500,9,3,shrink,50.0
bidisperse_a0.005_sr0.667_x1.5_N4000_L24_T400000_seed2_cont2_dense500.npz,1.5,2,500,9,3,shrink,50.0
bidisperse_a0.005_sr0.667_x1.5_N4000_L24_T400000_seed2_cont2_dense500.npz,1.5,2,500,9,3,shrink,600.0
bidisperse_a0.005_sr0.667_x1.5_N4000_L24_T400000_seed2_cont2_dense500.npz,1.5,2,500,9,3,shrink,450.0
bidisperse_a0.005_sr0.667_x1.5_N4000_L24_T400000_seed2_cont2_dense500.npz,1.5,2,500,9,3,shrink,100.0
bidisperse_a0.005_sr0.667_x1.5_N4000_L24_T400000_seed2_cont2_dense500.npz,1.5,2,500,10,48,grow,50.0
bidisperse_a0.005_sr0.667_x1.5_N4000_L24_T400000_seed2_cont2_dense500.npz,1.5,2,500,10,43,grow,50.0
bidisperse_a0.005_sr0.667_x1.5_N4000_L24_T400000_seed2_cont2_dense500.npz,1.5,2,500,10,18,grow,400.0
bidisperse_a0.005_sr0.667_x1.5_N4000_L24_T400000_seed2_cont2_dense500.npz,1.5,2,500,10,16,grow,200.0
bidisperse_a0.005_sr0.667_x1.5_N4000_L24_T400000_seed2_cont2_dense500.npz,1.5,2,500,10,14,absorbed,50.0
bidisperse_a0.005_sr0.667_x1.5_N4000_L24_T400000_seed2_cont2_dense500.npz,1.5,2,500,10,14,shrink,2200.0
bidisperse_a0.005_sr0.667_x1.5_N4000_L24_T400000_seed2_cont2_dense500.npz,1.5,2,500,10,14,shrink,800.0
bidisperse_a0.005_sr0.667_x1.5_N4000_L24_T400000_seed2_cont2_dense500.npz,1.5,2,500,10,13,absorbed,1100.0
bidisperse_a0.005_sr0.667_x1.5_N4000_L24_T400000_seed2_cont2_dense500.npz,1.5,2,500,10,12,grow,150.0
bidisperse_a0.005_sr0.667_x1.5_N4000_L24_T400000_seed2_cont2_dense500.npz,1.5,2,500,10,12,grow,50.0
bidisperse_a0.005_sr0.667_x1.5_N4000_L24_T400000_seed2_cont2_dense500.npz,1.5,2,500,10,12,absorbed,2350.0
bidisperse_a0.005_sr0.667_x1.5_N4000_L24_T400000_seed2_cont2_dense500.npz,1.5,2,500,10,12,shrink,2750.0
bidisperse_a0.005_sr0.667_x1.5_N4000_L24_T400000_seed2_cont2_dense500.npz,1.5,2,500,10,11,shrink,600.0
bidisperse_a0.005_sr0.667_x1.5_N4000_L24_T400000_seed2_cont2_dense500.npz,1.5,2,500,10,10,grow,300.0
bidisperse_a0.005_sr0.667_x1.5_N4000_L24_T400000_seed2_cont2_dense500.npz,1.5,2,500,10,10,grow,1200.0
bidisperse_a0.005_sr0.667_x1.5_N4000_L24_T400000_seed2_cont2_dense500.npz,1.5,2,500,10,9,absorbed,900.0
bidisperse_a0.005_sr0.667_x1.5_N4000_L24_T400000_seed2_cont2_dense500.npz,1.5,2,500,10,9,shrink,650.0
bidisperse_a0.005_sr0.667_x1.5_N4000_L24_T400000_seed2_cont2_dense500.npz,1.5,2,500,10,8,grow,100.0
bidisperse_a0.005_sr0.667_x1.5_N4000_L24_T400000_seed2_cont2_dense500.npz,1.5,2,500,10,7,grow,100.0
bidisperse_a0.005_sr0.667_x1.5_N4000_L24_T400000_seed2_cont2_dense500.npz,1.5,2,500,10,7,shrink,400.0
bidisperse_a0.005_sr0.667_x1.5_N4000_L24_T400000_seed2_cont2_dense500.npz,1.5,2,500,10,7,grow,100.0
bidisperse_a0.005_sr0.667_x1.5_N4000_L24_T400000_seed2_cont2_dense500.npz,1.5,2,500,10,7,shrink,50.0
bidisperse_a0.005_sr0.667_x1.5_N4000_L24_T400000_seed2_cont2_dense500.npz,1.5,2,500,10,7,grow,50.0
bidisperse_a0.005_sr0.667_x1.5_N4000_L24_T400000_seed2_cont2_dense500.npz,1.5,2,500,10,7,absorbed,900.0
bidisperse_a0.005_sr0.667_x1.5_N4000_L24_T400000_seed2_cont2_dense500.npz,1.5,2,500,10,7,shrink,350.0
bidisperse_a0.005_sr0.667_x1.5_N4000_L24_T400000_seed2_cont2_dense500.npz,1.5,2,500,10,6,shrink,600.0
bidisperse_a0.005_sr0.667_x1.5_N4000_L24_T400000_seed2_cont2_dense500.npz,1.5,2,500,10,6,shrink,200.0
bidisperse_a0.005_sr0.667_x1.5_N4000_L24_T400000_seed2_cont2_dense500.npz,1.5,2,500,10,6,shrink,350.0
bidisperse_a0.005_sr0.667_x1.5_N4000_L24_T400000_seed2_cont2_dense500.npz,1.5,2,500,10,6,shrink,700.0
bidisperse_a0.005_sr0.667_x1.5_N4000_L24_T400000_seed2_cont2_dense500.npz,1.5,2,500,10,6,grow,300.0
bidisperse_a0.005_sr0.667_x1.5_N4000_L24_T400000_seed2_cont2_dense500.npz,1.5,2,500,10,6,shrink,700.0
bidisperse_a0.005_sr0.667_x1.5_N4000_L24_T400000_seed2_cont2_dense500.npz,1.5,2,500,10,6,absorbed,750.0
bidisperse_a0.005_sr0.667_x1.5_N4000_L24_T400000_seed2_cont2_dense500.npz,1.5,2,500,10,6,shrink,300.0
bidisperse_a0.005_sr0.667_x1.5_N4000_L24_T400000_seed2_cont2_dense500.npz,1.5,2,500,10,5,shrink,650.0
bidisperse_a0.005_sr0.667_x1.5_N4000_L24_T400000_seed2_cont2_dense500.npz,1.5,2,500,10,5,shrink,300.0
bidisperse_a0.005_sr0.667_x1.5_N4000_L24_T400000_seed2_cont2_dense500.npz,1.5,2,500,10,5,shrink,50.0
bidisperse_a0.005_sr0.667_x1.5_N4000_L24_T400000_seed2_cont2_dense500.npz,1.5,2,500,10,5,shrink,500.0
bidisperse_a0.005_sr0.667_x1.5_N4000_L24_T400000_seed2_cont2_dense500.npz,1.5,2,500,10,4,shrink,600.0
bidisperse_a0.005_sr0.667_x1.5_N4000_L24_T400000_seed2_cont2_dense500.npz,1.5,2,500,10,4,grow,250.0
bidisperse_a0.005_sr0.667_x1.5_N4000_L24_T400000_seed2_cont2_dense500.npz,1.5,2,500,10,4,shrink,550.0
bidisperse_a0.005_sr0.667_x1.5_N4000_L24_T400000_seed2_cont2_dense500.npz,1.5,2,500,10,4,grow,250.0
bidisperse_a0.005_sr0.667_x1.5_N4000_L24_T400000_seed2_cont2_dense500.npz,1.5,2,500,10,4,shrink,200.0
bidisperse_a0.005_sr0.667_x1.5_N4000_L24_T400000_seed2_cont2_dense500.npz,1.5,2,500,10,4,shrink,50.0
bidisperse_a0.005_sr0.667_x1.5_N4000_L24_T400000_seed2_cont2_dense500.npz,1.5,2,500,10,4,shrink,200.0
bidisperse_a0.005_sr0.667_x1.5_N4000_L24_T400000_seed2_cont2_dense500.npz,1.5,2,500,10,4,shrink,900.0
bidisperse_a0.005_sr0.667_x1.5_N4000_L24_T400000_seed2_cont2_dense500.npz,1.5,2,500,10,4,shrink,200.0
bidisperse_a0.005_sr0.667_x1.5_N4000_L24_T400000_seed2_cont2_dense500.npz,1.5,2,500,10,4,shrink,150.0
bidisperse_a0.005_sr0.667_x1.5_N4000_L24_T400000_seed2_cont2_dense500.npz,1.5,2,500,10,4,shrink,800.0
bidisperse_a0.005_sr0.667_x1.5_N4000_L24_T400000_seed2_cont2_dense500.npz,1.5,2,500,10,4,shrink,50.0
bidisperse_a0.005_sr0.667_x1.5_N4000_L24_T400000_seed2_cont2_dense500.npz,1.5,2,500,10,4,shrink,100.0
bidisperse_a0.005_sr0.667_x1.5_N4000_L24_T400000_seed2_cont2_dense500.npz,1.5,2,500,10,4,shrink,550.0
bidisperse_a0.005_sr0.667_x1.5_N4000_L24_T400000_seed2_cont2_dense500.npz,1.5,2,500,10,4,grow,150.0
bidisperse_a0.005_sr0.667_x1.5_N4000_L24_T400000_seed2_cont2_dense500.npz,1.5,2,500,10,3,shrink,50.0
bidisperse_a0.005_sr0.667_x1.5_N4000_L24_T400000_seed2_cont2_dense500.npz,1.5,2,500,10,3,shrink,100.0
bidisperse_a0.005_sr0.667_x1.5_N4000_L24_T400000_seed2_cont2_dense500.npz,1.5,2,500,10,3,shrink,150.0
bidisperse_a0.005_sr0.667_x1.5_N4000_L24_T400000_seed2_cont2_dense500.npz,1.5,2,500,10,3,shrink,50.0
bidisperse_a0.005_sr0.667_x1.5_N4000_L24_T400000_seed2_cont2_dense500.npz,1.5,2,500,10,3,shrink,50.0
bidisperse_a0.005_sr0.667_x1.5_N4000_L24_T400000_seed2_cont2_dense500.npz,1.5,2,500,10,3,shrink,250.0
bidisperse_a0.005_sr0.667_x1.5_N4000_L24_T400000_seed2_cont2_dense500.npz,1.5,2,500,10,3,shrink,750.0
bidisperse_a0.005_sr0.667_x1.5_N4000_L24_T400000_seed2_cont2_dense500.npz,1.5,2,500,10,3,grow,300.0
bidisperse_a0.005_sr0.667_x1.5_N4000_L24_T400000_seed2_cont2_dense500.npz,1.5,2,500,10,3,shrink,50.0
bidisperse_a0.005_sr0.667_x1.5_N4000_L24_T400000_seed2_cont2_dense500.npz,1.5,2,500,10,3,shrink,50.0
bidisperse_a0.005_sr0.667_x1.5_N4000_L24_T400000_seed2_cont2_dense500.npz,1.5,2,500,10,3,grow,150.0
bidisperse_a0.005_sr0.667_x1.5_N4000_L24_T400000_seed2_cont2_dense500.npz,1.5,2,500,10,3,shrink,100.0
bidisperse_a0.005_sr0.667_x1.5_N4000_L24_T400000_seed2_cont2_dense500.npz,1.5,2,500,10,3,open,0.0
bidisperse_a0.005_sr0.667_x1.5_N4000_L24_T400000_seed2_cont2_dense500.npz,1.5,2,500,10,3,shrink,2350.0
bidisperse_a0.005_sr0.667_x1.5_N4000_L24_T400000_seed2_cont2_dense500.npz,1.5,2,500,10,3,shrink,300.0
bidisperse_a0.005_sr0.667_x1.5_N4000_L24_T400000_seed2_cont2_dense500.npz,1.5,2,500,10,3,shrink,50.0
bidisperse_a0.005_sr0.667_x1.5_N4000_L24_T400000_seed2_cont2_dense500.npz,1.5,2,500,10,3,grow,200.0
bidisperse_a0.005_sr0.667_x1.5_N4000_L24_T400000_seed2_cont2_dense500.npz,1.5,2,500,10,3,grow,50.0
bidisperse_a0.005_sr0.667_x1.5_N4000_L24_T400000_seed2_cont2_dense500.npz,1.5,2,500,10,3,shrink,100.0
bidisperse_a0.005_sr0.667_x1.5_N4000_L24_T400000_seed2_cont2_dense500.npz,1.5,2,500,10,3,shrink,200.0
bidisperse_a0.005_sr0.667_x1.5_N4000_L24_T400000_seed2_cont2_dense500.npz,1.5,2,500,10,3,shrink,650.0
bidisperse_a0.005_sr0.667_x1.5_N4000_L24_T400000_seed2_cont2_dense500.npz,1.5,2,500,10,3,shrink,50.0
bidisperse_a0.005_sr0.667_x1.5_N4000_L24_T400000_seed2_cont2_dense500.npz,1.5,2,500,10,3,shrink,50.0
bidisperse_a0.005_sr0.667_x1.5_N4000_L24_T400000_seed2_cont2_dense500.npz,1.5,2,500,10,3,shrink,300.0
bidisperse_a0.005_sr0.667_x1.5_N4000_L24_T400000_seed2_cont2_dense500.npz,1.5,2,500,10,3,absorbed,50.0
bidisperse_a0.005_sr0.667_x1.5_N4000_L24_T400000_seed2_cont2_dense500.npz,1.5,2,500,10,3,shrink,300.0
bidisperse_a0.005_sr0.667_x1.5_N4000_L24_T400000_seed2_cont2_dense500.npz,1.5,2,500,10,3,shrink,50.0
bidisperse_a0.005_sr0.667_x1.5_N4000_L24_T400000_seed2_cont2_dense500.npz,1.5,2,500,10,3,shrink,200.0
bidisperse_a0.005_sr0.667_x1.5_N4000_L24_T400000_seed2_cont2_dense500.npz,1.5,2,500,10,3,shrink,2800.0
bidisperse_a0.005_sr0.667_x1.5_N4000_L24_T400000_seed2_cont2_dense500.npz,1.5,2,500,10,3,shrink,50.0
bidisperse_a0.005_sr0.667_x1.5_N4000_L24_T400000_seed2_cont2_dense500.npz,1.5,2,500,10,3,shrink,50.0
bidisperse_a0.005_sr0.667_x1.5_N4000_L24_T400000_seed2_cont2_dense500.npz,1.5,2,500,10,3,shrink,100.0
bidisperse_a0.005_sr0.667_x1.5_N4000_L24_T400000_seed2_cont2_dense500.npz,1.5,2,500,11,48,grow,50.0
bidisperse_a0.005_sr0.667_x1.5_N4000_L24_T400000_seed2_cont2_dense500.npz,1.5,2,500,11,43,grow,50.0
bidisperse_a0.005_sr0.667_x1.5_N4000_L24_T400000_seed2_cont2_dense500.npz,1.5,2,500,11,18,grow,800.0
bidisperse_a0.005_sr0.667_x1.5_N4000_L24_T400000_seed2_cont2_dense500.npz,1.5,2,500,11,16,grow,200.0
bidisperse_a0.005_sr0.667_x1.5_N4000_L24_T400000_seed2_cont2_dense500.npz,1.5,2,500,11,14,absorbed,50.0
bidisperse_a0.005_sr0.667_x1.5_N4000_L24_T400000_seed2_cont2_dense500.npz,1.5,2,500,11,14,shrink,2900.0
bidisperse_a0.005_sr0.667_x1.5_N4000_L24_T400000_seed2_cont2_dense500.npz,1.5,2,500,11,14,open,0.0
bidisperse_a0.005_sr0.667_x1.5_N4000_L24_T400000_seed2_cont2_dense500.npz,1.5,2,500,11,13,absorbed,400.0
bidisperse_a0.005_sr0.667_x1.5_N4000_L24_T400000_seed2_cont2_dense500.npz,1.5,2,500,11,12,grow,150.0
bidisperse_a0.005_sr0.667_x1.5_N4000_L24_T400000_seed2_cont2_dense500.npz,1.5,2,500,11,12,absorbed,1000.0
bidisperse_a0.005_sr0.667_x1.5_N4000_L24_T400000_seed2_cont2_dense500.npz,1.5,2,500,11,12,shrink,800.0
bidisperse_a0.005_sr0.667_x1.5_N4000_L24_T400000_seed2_cont2_dense500.npz,1.5,2,500,11,12,shrink,1350.0
bidisperse_a0.005_sr0.667_x1.5_N4000_L24_T400000_seed2_cont2_dense500.npz,1.5,2,500,11,11,shrink,1000.0
bidisperse_a0.005_sr0.667_x1.5_N4000_L24_T400000_seed2_cont2_dense500.npz,1.5,2,500,11,10,grow,200.0
bidisperse_a0.005_sr0.667_x1.5_N4000_L24_T400000_seed2_cont2_dense500.npz,1.5,2,500,11,10,absorbed,1000.0
bidisperse_a0.005_sr0.667_x1.5_N4000_L24_T400000_seed2_cont2_dense500.npz,1.5,2,500,11,9,absorbed,50.0
bidisperse_a0.005_sr0.667_x1.5_N4000_L24_T400000_seed2_cont2_dense500.npz,1.5,2,500,11,9,grow,200.0
bidisperse_a0.005_sr0.667_x1.5_N4000_L24_T400000_seed2_cont2_dense500.npz,1.5,2,500,11,8,grow,150.0
bidisperse_a0.005_sr0.667_x1.5_N4000_L24_T400000_seed2_cont2_dense500.npz,1.5,2,500,11,7,grow,150.0
bidisperse_a0.005_sr0.667_x1.5_N4000_L24_T400000_seed2_cont2_dense500.npz,1.5,2,500,11,7,open,0.0
bidisperse_a0.005_sr0.667_x1.5_N4000_L24_T400000_seed2_cont2_dense500.npz,1.5,2,500,11,7,grow,150.0
bidisperse_a0.005_sr0.667_x1.5_N4000_L24_T400000_seed2_cont2_dense500.npz,1.5,2,500,11,7,shrink,300.0
bidisperse_a0.005_sr0.667_x1.5_N4000_L24_T400000_seed2_cont2_dense500.npz,1.5,2,500,11,7,absorbed,1000.0
bidisperse_a0.005_sr0.667_x1.5_N4000_L24_T400000_seed2_cont2_dense500.npz,1.5,2,500,11,7,grow,1000.0
bidisperse_a0.005_sr0.667_x1.5_N4000_L24_T400000_seed2_cont2_dense500.npz,1.5,2,500,11,7,shrink,1900.0
bidisperse_a0.005_sr0.667_x1.5_N4000_L24_T400000_seed2_cont2_dense500.npz,1.5,2,500,11,6,shrink,400.0
bidisperse_a0.005_sr0.667_x1.5_N4000_L24_T400000_seed2_cont2_dense500.npz,1.5,2,500,11,6,shrink,500.0
bidisperse_a0.005_sr0.667_x1.5_N4000_L24_T400000_seed2_cont2_dense500.npz,1.5,2,500,11,6,shrink,350.0
bidisperse_a0.005_sr0.667_x1.5_N4000_L24_T400000_seed2_cont2_dense500.npz,1.5,2,500,11,6,shrink,500.0
bidisperse_a0.005_sr0.667_x1.5_N4000_L24_T400000_seed2_cont2_dense500.npz,1.5,2,500,11,6,grow,200.0
bidisperse_a0.005_sr0.667_x1.5_N4000_L24_T400000_seed2_cont2_dense500.npz,1.5,2,500,11,6,shrink,350.0
bidisperse_a0.005_sr0.667_x1.5_N4000_L24_T400000_seed2_cont2_dense500.npz,1.5,2,500,11,6,absorbed,550.0
bidisperse_a0.005_sr0.667_x1.5_N4000_L24_T400000_seed2_cont2_dense500.npz,1.5,2,500,11,6,shrink,350.0
bidisperse_a0.005_sr0.667_x1.5_N4000_L24_T400000_seed2_cont2_dense500.npz,1.5,2,500,11,5,grow,200.0
bidisperse_a0.005_sr0.667_x1.5_N4000_L24_T400000_seed2_cont2_dense500.npz,1.5,2,500,11,5,shrink,1300.0
bidisperse_a0.005_sr0.667_x1.5_N4000_L24_T400000_seed2_cont2_dense500.npz,1.5,2,500,11,5,shrink,700.0
bidisperse_a0.005_sr0.667_x1.5_N4000_L24_T400000_seed2_cont2_dense500.npz,1.5,2,500,11,5,shrink,650.0
bidisperse_a0.005_sr0.667_x1.5_N4000_L24_T400000_seed2_cont2_dense500.npz,1.5,2,500,11,4,shrink,400.0
bidisperse_a0.005_sr0.667_x1.5_N4000_L24_T400000_seed2_cont2_dense500.npz,1.5,2,500,11,4,grow,2100.0
bidisperse_a0.005_sr0.667_x1.5_N4000_L24_T400000_seed2_cont2_dense500.npz,1.5,2,500,11,4,shrink,150.0
bidisperse_a0.005_sr0.667_x1.5_N4000_L24_T400000_seed2_cont2_dense500.npz,1.5,2,500,11,4,grow,2100.0
bidisperse_a0.005_sr0.667_x1.5_N4000_L24_T400000_seed2_cont2_dense500.npz,1.5,2,500,11,4,shrink,200.0
bidisperse_a0.005_sr0.667_x1.5_N4000_L24_T400000_seed2_cont2_dense500.npz,1.5,2,500,11,4,shrink,50.0
bidisperse_a0.005_sr0.667_x1.5_N4000_L24_T400000_seed2_cont2_dense500.npz,1.5,2,500,11,4,shrink,200.0
bidisperse_a0.005_sr0.667_x1.5_N4000_L24_T400000_seed2_cont2_dense500.npz,1.5,2,500,11,4,shrink,100.0
bidisperse_a0.005_sr0.667_x1.5_N4000_L24_T400000_seed2_cont2_dense500.npz,1.5,2,500,11,4,shrink,300.0
bidisperse_a0.005_sr0.667_x1.5_N4000_L24_T400000_seed2_cont2_dense500.npz,1.5,2,500,11,4,shrink,150.0
bidisperse_a0.005_sr0.667_x1.5_N4000_L24_T400000_seed2_cont2_dense500.npz,1.5,2,500,11,4,shrink,50.0
bidisperse_a0.005_sr0.667_x1.5_N4000_L24_T400000_seed2_cont2_dense500.npz,1.5,2,500,11,4,absorbed,250.0
bidisperse_a0.005_sr0.667_x1.5_N4000_L24_T400000_seed2_cont2_dense500.npz,1.5,2,500,11,4,shrink,150.0
bidisperse_a0.005_sr0.667_x1.5_N4000_L24_T400000_seed2_cont2_dense500.npz,1.5,2,500,11,4,shrink,900.0
bidisperse_a0.005_sr0.667_x1.5_N4000_L24_T400000_seed2_cont2_dense500.npz,1.5,2,500,11,4,grow,150.0
bidisperse_a0.005_sr0.667_x1.5_N4000_L24_T400000_seed2_cont2_dense500.npz,1.5,2,500,11,3,shrink,50.0
bidisperse_a0.005_sr0.667_x1.5_N4000_L24_T400000_seed2_cont2_dense500.npz,1.5,2,500,11,3,shrink,50.0
bidisperse_a0.005_sr0.667_x1.5_N4000_L24_T400000_seed2_cont2_dense500.npz,1.5,2,500,11,3,shrink,150.0
bidisperse_a0.005_sr0.667_x1.5_N4000_L24_T400000_seed2_cont2_dense500.npz,1.5,2,500,11,3,shrink,100.0
bidisperse_a0.005_sr0.667_x1.5_N4000_L24_T400000_seed2_cont2_dense500.npz,1.5,2,500,11,3,shrink,300.0
bidisperse_a0.005_sr0.667_x1.5_N4000_L24_T400000_seed2_cont2_dense500.npz,1.5,2,500,11,3,shrink,200.0
bidisperse_a0.005_sr0.667_x1.5_N4000_L24_T400000_seed2_cont2_dense500.npz,1.5,2,500,11,3,shrink,350.0
bidisperse_a0.005_sr0.667_x1.5_N4000_L24_T400000_seed2_cont2_dense500.npz,1.5,2,500,11,3,grow,200.0
bidisperse_a0.005_sr0.667_x1.5_N4000_L24_T400000_seed2_cont2_dense500.npz,1.5,2,500,11,3,shrink,100.0
bidisperse_a0.005_sr0.667_x1.5_N4000_L24_T400000_seed2_cont2_dense500.npz,1.5,2,500,11,3,shrink,50.0
bidisperse_a0.005_sr0.667_x1.5_N4000_L24_T400000_seed2_cont2_dense500.npz,1.5,2,500,11,3,shrink,150.0
bidisperse_a0.005_sr0.667_x1.5_N4000_L24_T400000_seed2_cont2_dense500.npz,1.5,2,500,11,3,shrink,150.0
bidisperse_a0.005_sr0.667_x1.5_N4000_L24_T400000_seed2_cont2_dense500.npz,1.5,2,500,11,3,shrink,350.0
bidisperse_a0.005_sr0.667_x1.5_N4000_L24_T400000_seed2_cont2_dense500.npz,1.5,2,500,11,3,open,0.0
bidisperse_a0.005_sr0.667_x1.5_N4000_L24_T400000_seed2_cont2_dense500.npz,1.5,2,500,11,3,shrink,2150.0
bidisperse_a0.005_sr0.667_x1.5_N4000_L24_T400000_seed2_cont2_dense500.npz,1.5,2,500,11,3,shrink,100.0
bidisperse_a0.005_sr0.667_x1.5_N4000_L24_T400000_seed2_cont2_dense500.npz,1.5,2,500,11,3,grow,200.0
bidisperse_a0.005_sr0.667_x1.5_N4000_L24_T400000_seed2_cont2_dense500.npz,1.5,2,500,11,3,grow,50.0
bidisperse_a0.005_sr0.667_x1.5_N4000_L24_T400000_seed2_cont2_dense500.npz,1.5,2,500,11,3,shrink,100.0
bidisperse_a0.005_sr0.667_x1.5_N4000_L24_T400000_seed2_cont2_dense500.npz,1.5,2,500,11,3,shrink,100.0
bidisperse_a0.005_sr0.667_x1.5_N4000_L24_T400000_seed2_cont2_dense500.npz,1.5,2,500,11,3,grow,200.0
bidisperse_a0.005_sr0.667_x1.5_N4000_L24_T400000_seed2_cont2_dense500.npz,1.5,2,500,11,3,shrink,50.0
bidisperse_a0.005_sr0.667_x1.5_N4000_L24_T400000_seed2_cont2_dense500.npz,1.5,2,500,11,3,shrink,50.0
bidisperse_a0.005_sr0.667_x1.5_N4000_L24_T400000_seed2_cont2_dense500.npz,1.5,2,500,11,3,shrink,150.0
bidisperse_a0.005_sr0.667_x1.5_N4000_L24_T400000_seed2_cont2_dense500.npz,1.5,2,500,11,3,absorbed,150.0
bidisperse_a0.005_sr0.667_x1.5_N4000_L24_T400000_seed2_cont2_dense500.npz,1.5,2,500,11,3,shrink,50.0
bidisperse_a0.005_sr0.667_x1.5_N4000_L24_T400000_seed2_cont2_dense500.npz,1.5,2,500,11,3,shrink,50.0
bidisperse_a0.005_sr0.667_x1.5_N4000_L24_T400000_seed2_cont2_dense500.npz,1.5,2,500,11,3,shrink,1150.0
bidisperse_a0.005_sr0.667_x1.5_N4000_L24_T400000_seed2_cont2_dense500.npz,1.5,2,500,11,3,shrink,650.0
bidisperse_a0.005_sr0.667_x1.5_N4000_L24_T400000_seed2_cont2_dense500.npz,1.5,2,500,11,3,shrink,350.0
bidisperse_a0.005_sr0.667_x1.5_N4000_L24_T400000_seed2_cont2_dense500.npz,1.5,2,500,11,3,shrink,50.0
bidisperse_a0.005_sr0.667_x1.5_N4000_L24_T400000_seed2_cont2_dense500.npz,1.5,2,500,11,3,shrink,100.0
bidisperse_a0.005_sr0.667_x1.5_N4000_L24_T400000_seed3_cont2_dense500.npz,1.5,3,250,0,72,grow,50.0
bidisperse_a0.005_sr0.667_x1.5_N4000_L24_T400000_seed3_cont2_dense500.npz,1.5,3,250,0,56,grow,50.0
bidisperse_a0.005_sr0.667_x1.5_N4000_L24_T400000_seed3_cont2_dense500.npz,1.5,3,250,0,52,grow,50.0
bidisperse_a0.005_sr0.667_x1.5_N4000_L24_T400000_seed3_cont2_dense500.npz,1.5,3,250,0,25,grow,50.0
bidisperse_a0.005_sr0.667_x1.5_N4000_L24_T400000_seed3_cont2_dense500.npz,1.5,3,250,0,24,grow,50.0
bidisperse_a0.005_sr0.667_x1.5_N4000_L24_T400000_seed3_cont2_dense500.npz,1.5,3,250,0,23,grow,50.0
bidisperse_a0.005_sr0.667_x1.5_N4000_L24_T400000_seed3_cont2_dense500.npz,1.5,3,250,0,18,grow,100.0
bidisperse_a0.005_sr0.667_x1.5_N4000_L24_T400000_seed3_cont2_dense500.npz,1.5,3,250,0,18,grow,2850.0
bidisperse_a0.005_sr0.667_x1.5_N4000_L24_T400000_seed3_cont2_dense500.npz,1.5,3,250,0,14,grow,450.0
bidisperse_a0.005_sr0.667_x1.5_N4000_L24_T400000_seed3_cont2_dense500.npz,1.5,3,250,0,12,grow,1250.0
bidisperse_a0.005_sr0.667_x1.5_N4000_L24_T400000_seed3_cont2_dense500.npz,1.5,3,250,0,12,shrink,650.0
bidisperse_a0.005_sr0.667_x1.5_N4000_L24_T400000_seed3_cont2_dense500.npz,1.5,3,250,0,12,grow,250.0
bidisperse_a0.005_sr0.667_x1.5_N4000_L24_T400000_seed3_cont2_dense500.npz,1.5,3,250,0,11,grow,1650.0
bidisperse_a0.005_sr0.667_x1.5_N4000_L24_T400000_seed3_cont2_dense500.npz,1.5,3,250,0,11,shrink,350.0
bidisperse_a0.005_sr0.667_x1.5_N4000_L24_T400000_seed3_cont2_dense500.npz,1.5,3,250,0,10,shrink,1150.0
bidisperse_a0.005_sr0.667_x1.5_N4000_L24_T400000_seed3_cont2_dense500.npz,1.5,3,250,0,10,grow,350.0
bidisperse_a0.005_sr0.667_x1.5_N4000_L24_T400000_seed3_cont2_dense500.npz,1.5,3,250,0,10,grow,650.0
bidisperse_a0.005_sr0.667_x1.5_N4000_L24_T400000_seed3_cont2_dense500.npz,1.5,3,250,0,10,shrink,900.0
bidisperse_a0.005_sr0.667_x1.5_N4000_L24_T400000_seed3_cont2_dense500.npz,1.5,3,250,0,9,shrink,200.0
bidisperse_a0.005_sr0.667_x1.5_N4000_L24_T400000_seed3_cont2_dense500.npz,1.5,3,250,0,9,grow,750.0
bidisperse_a0.005_sr0.667_x1.5_N4000_L24_T400000_seed3_cont2_dense500.npz,1.5,3,250,0,9,grow,2850.0
bidisperse_a0.005_sr0.667_x1.5_N4000_L24_T400000_seed3_cont2_dense500.npz,1.5,3,250,0,8,grow,650.0
bidisperse_a0.005_sr0.667_x1.5_N4000_L24_T400000_seed3_cont2_dense500.npz,1.5,3,250,0,8,grow,350.0
bidisperse_a0.005_sr0.667_x1.5_N4000_L24_T400000_seed3_cont2_dense500.npz,1.5,3,250,0,8,grow,1250.0
bidisperse_a0.005_sr0.667_x1.5_N4000_L24_T400000_seed3_cont2_dense500.npz,1.5,3,250,0,7,shrink,2050.0
bidisperse_a0.005_sr0.667_x1.5_N4000_L24_T400000_seed3_cont2_dense500.npz,1.5,3,250,0,7,open,0.0
bidisperse_a0.005_sr0.667_x1.5_N4000_L24_T400000_seed3_cont2_dense500.npz,1.5,3,250,0,7,shrink,950.0
bidisperse_a0.005_sr0.667_x1.5_N4000_L24_T400000_seed3_cont2_dense500.npz,1.5,3,250,0,6,shrink,2450.0
bidisperse_a0.005_sr0.667_x1.5_N4000_L24_T400000_seed3_cont2_dense500.npz,1.5,3,250,0,6,grow,1700.0
bidisperse_a0.005_sr0.667_x1.5_N4000_L24_T400000_seed3_cont2_dense500.npz,1.5,3,250,0,6,shrink,150.0
bidisperse_a0.005_sr0.667_x1.5_N4000_L24_T400000_seed3_cont2_dense500.npz,1.5,3,250,0,6,shrink,200.0
bidisperse_a0.005_sr0.667_x1.5_N4000_L24_T400000_seed3_cont2_dense500.npz,1.5,3,250,0,6,shrink,2100.0
bidisperse_a0.005_sr0.667_x1.5_N4000_L24_T400000_seed3_cont2_dense500.npz,1.5,3,250,0,6,shrink,150.0
bidisperse_a0.005_sr0.667_x1.5_N4000_L24_T400000_seed3_cont2_dense500.npz,1.5,3,250,0,5,shrink,50.0
bidisperse_a0.005_sr0.667_x1.5_N4000_L24_T400000_seed3_cont2_dense500.npz,1.5,3,250,0,5,grow,50.0
bidisperse_a0.005_sr0.667_x1.5_N4000_L24_T400000_seed3_cont2_dense500.npz,1.5,3,250,0,5,shrink,50.0
bidisperse_a0.005_sr0.667_x1.5_N4000_L24_T400000_seed3_cont2_dense500.npz,1.5,3,250,0,5,shrink,450.0
bidisperse_a0.005_sr0.667_x1.5_N4000_L24_T400000_seed3_cont2_dense500.npz,1.5,3,250,0,5,shrink,500.0
bidisperse_a0.005_sr0.667_x1.5_N4000_L24_T400000_seed3_cont2_dense500.npz,1.5,3,250,0,5,grow,450.0
bidisperse_a0.005_sr0.667_x1.5_N4000_L24_T400000_seed3_cont2_dense500.npz,1.5,3,250,0,5,shrink,450.0
bidisperse_a0.005_sr0.667_x1.5_N4000_L24_T400000_seed3_cont2_dense500.npz,1.5,3,250,0,5,shrink,250.0
bidisperse_a0.005_sr0.667_x1.5_N4000_L24_T400000_seed3_cont2_dense500.npz,1.5,3,250,0,4,shrink,100.0
bidisperse_a0.005_sr0.667_x1.5_N4000_L24_T400000_seed3_cont2_dense500.npz,1.5,3,250,0,4,shrink,150.0
bidisperse_a0.005_sr0.667_x1.5_N4000_L24_T400000_seed3_cont2_dense500.npz,1.5,3,250,0,4,grow,750.0
bidisperse_a0.005_sr0.667_x1.5_N4000_L24_T400000_seed3_cont2_dense500.npz,1.5,3,250,0,4,shrink,2050.0
bidisperse_a0.005_sr0.667_x1.5_N4000_L24_T400000_seed3_cont2_dense500.npz,1.5,3,250,0,4,shrink,1150.0
bidisperse_a0.005_sr0.667_x1.5_N4000_L24_T400000_seed3_cont2_dense500.npz,1.5,3,250,0,4,shrink,300.0
bidisperse_a0.005_sr0.667_x1.5_N4000_L24_T400000_seed3_cont2_dense500.npz,1.5,3,250,0,4,shrink,100.0
bidisperse_a0.005_sr0.667_x1.5_N4000_L24_T400000_seed3_cont2_dense500.npz,1.5,3,250,0,4,shrink,50.0
bidisperse_a0.005_sr0.667_x1.5_N4000_L24_T400000_seed3_cont2_dense500.npz,1.5,3,250,0,4,shrink,350.0
bidisperse_a0.005_sr0.667_x1.5_N4000_L24_T400000_seed3_cont2_dense500.npz,1.5,3,250,0,4,shrink,150.0
bidisperse_a0.005_sr0.667_x1.5_N4000_L24_T400000_seed3_cont2_dense500.npz,1.5,3,250,0,4,shrink,1150.0
bidisperse_a0.005_sr0.667_x1.5_N4000_L24_T400000_seed3_cont2_dense500.npz,1.5,3,250,0,4,shrink,150.0
bidisperse_a0.005_sr0.667_x1.5_N4000_L24_T400000_seed3_cont2_dense500.npz,1.5,3,250,0,3,absorbed,150.0
bidisperse_a0.005_sr0.667_x1.5_N4000_L24_T400000_seed3_cont2_dense500.npz,1.5,3,250,0,3,shrink,50.0
bidisperse_a0.005_sr0.667_x1.5_N4000_L24_T400000_seed3_cont2_dense500.npz,1.5,3,250,0,3,shrink,50.0
bidisperse_a0.005_sr0.667_x1.5_N4000_L24_T400000_seed3_cont2_dense500.npz,1.5,3,250,0,3,shrink,250.0
bidisperse_a0.005_sr0.667_x1.5_N4000_L24_T400000_seed3_cont2_dense500.npz,1.5,3,250,0,3,shrink,100.0
bidisperse_a0.005_sr0.667_x1.5_N4000_L24_T400000_seed3_cont2_dense500.npz,1.5,3,250,0,3,grow,750.0
bidisperse_a0.005_sr0.667_x1.5_N4000_L24_T400000_seed3_cont2_dense500.npz,1.5,3,250,0,3,shrink,50.0
bidisperse_a0.005_sr0.667_x1.5_N4000_L24_T400000_seed3_cont2_dense500.npz,1.5,3,250,0,3,grow,250.0
bidisperse_a0.005_sr0.667_x1.5_N4000_L24_T400000_seed3_cont2_dense500.npz,1.5,3,250,0,3,shrink,450.0
bidisperse_a0.005_sr0.667_x1.5_N4000_L24_T400000_seed3_cont2_dense500.npz,1.5,3,250,0,3,shrink,50.0
bidisperse_a0.005_sr0.667_x1.5_N4000_L24_T400000_seed3_cont2_dense500.npz,1.5,3,250,0,3,shrink,50.0
bidisperse_a0.005_sr0.667_x1.5_N4000_L24_T400000_seed3_cont2_dense500.npz,1.5,3,250,0,3,shrink,100.0
bidisperse_a0.005_sr0.667_x1.5_N4000_L24_T400000_seed3_cont2_dense500.npz,1.5,3,250,0,3,shrink,50.0
bidisperse_a0.005_sr0.667_x1.5_N4000_L24_T400000_seed3_cont2_dense500.npz,1.5,3,250,0,3,shrink,50.0
bidisperse_a0.005_sr0.667_x1.5_N4000_L24_T400000_seed3_cont2_dense500.npz,1.5,3,250,0,3,shrink,250.0
bidisperse_a0.005_sr0.667_x1.5_N4000_L24_T400000_seed3_cont2_dense500.npz,1.5,3,250,0,3,shrink,100.0
bidisperse_a0.005_sr0.667_x1.5_N4000_L24_T400000_seed3_cont2_dense500.npz,1.5,3,250,0,3,shrink,150.0
bidisperse_a0.005_sr0.667_x1.5_N4000_L24_T400000_seed3_cont2_dense500.npz,1.5,3,250,0,3,shrink,400.0
bidisperse_a0.005_sr0.667_x1.5_N4000_L24_T400000_seed3_cont2_dense500.npz,1.5,3,250,0,3,grow,2850.0
bidisperse_a0.005_sr0.667_x1.5_N4000_L24_T400000_seed3_cont2_dense500.npz,1.5,3,250,0,3,shrink,150.0
bidisperse_a0.005_sr0.667_x1.5_N4000_L24_T400000_seed3_cont2_dense500.npz,1.5,3,250,0,3,shrink,350.0
bidisperse_a0.005_sr0.667_x1.5_N4000_L24_T400000_seed3_cont2_dense500.npz,1.5,3,250,0,3,shrink,300.0
bidisperse_a0.005_sr0.667_x1.5_N4000_L24_T400000_seed3_cont2_dense500.npz,1.5,3,250,0,3,shrink,100.0
bidisperse_a0.005_sr0.667_x1.5_N4000_L24_T400000_seed3_cont2_dense500.npz,1.5,3,250,0,3,grow,50.0
bidisperse_a0.005_sr0.667_x1.5_N4000_L24_T400000_seed3_cont2_dense500.npz,1.5,3,250,0,3,shrink,150.0
bidisperse_a0.005_sr0.667_x1.5_N4000_L24_T400000_seed3_cont2_dense500.npz,1.5,3,250,0,3,shrink,50.0
bidisperse_a0.005_sr0.667_x1.5_N4000_L24_T400000_seed3_cont2_dense500.npz,1.5,3,250,0,3,grow,1700.0
bidisperse_a0.005_sr0.667_x1.5_N4000_L24_T400000_seed3_cont2_dense500.npz,1.5,3,250,0,3,shrink,200.0
bidisperse_a0.005_sr0.667_x1.5_N4000_L24_T400000_seed3_cont2_dense500.npz,1.5,3,250,1,72,grow,50.0
bidisperse_a0.005_sr0.667_x1.5_N4000_L24_T400000_seed3_cont2_dense500.npz,1.5,3,250,1,56,grow,50.0
bidisperse_a0.005_sr0.667_x1.5_N4000_L24_T400000_seed3_cont2_dense500.npz,1.5,3,250,1,52,grow,50.0
bidisperse_a0.005_sr0.667_x1.5_N4000_L24_T400000_seed3_cont2_dense500.npz,1.5,3,250,1,25,absorbed,50.0
bidisperse_a0.005_sr0.667_x1.5_N4000_L24_T400000_seed3_cont2_dense500.npz,1.5,3,250,1,24,grow,100.0
bidisperse_a0.005_sr0.667_x1.5_N4000_L24_T400000_seed3_cont2_dense500.npz,1.5,3,250,1,23,grow,50.0
bidisperse_a0.005_sr0.667_x1.5_N4000_L24_T400000_seed3_cont2_dense500.npz,1.5,3,250,1,18,grow,650.0
bidisperse_a0.005_sr0.667_x1.5_N4000_L24_T400000_seed3_cont2_dense500.npz,1.5,3,250,1,18,grow,2300.0
bidisperse_a0.005_sr0.667_x1.5_N4000_L24_T400000_seed3_cont2_dense500.npz,1.5,3,250,1,14,grow,450.0
bidisperse_a0.005_sr0.667_x1.5_N4000_L24_T400000_seed3_cont2_dense500.npz,1.5,3,250,1,12,grow,100.0
bidisperse_a0.005_sr0.667_x1.5_N4000_L24_T400000_seed3_cont2_dense500.npz,1.5,3,250,1,12,shrink,600.0
bidisperse_a0.005_sr0.667_x1.5_N4000_L24_T400000_seed3_cont2_dense500.npz,1.5,3,250,1,12,absorbed,300.0
bidisperse_a0.005_sr0.667_x1.5_N4000_L24_T400000_seed3_cont2_dense500.npz,1.5,3,250,1,11,shrink,2900.0
bidisperse_a0.005_sr0.667_x1.5_N4000_L24_T400000_seed3_cont2_dense500.npz,1.5,3,250,1,11,absorbed,150.0
bidisperse_a0.005_sr0.667_x1.5_N4000_L24_T400000_seed3_cont2_dense500.npz,1.5,3,250,1,10,shrink,2900.0
bidisperse_a0.005_sr0.667_x1.5_N4000_L24_T400000_seed3_cont2_dense500.npz,1.5,3,250,1,10,grow,400.0
bidisperse_a0.005_sr0.667_x1.5_N4000_L24_T400000_seed3_cont2_dense500.npz,1.5,3,250,1,10,shrink,1150.0
bidisperse_a0.005_sr0.667_x1.5_N4000_L24_T400000_seed3_cont2_dense500.npz,1.5,3,250,1,10,shrink,950.0
bidisperse_a0.005_sr0.667_x1.5_N4000_L24_T400000_seed3_cont2_dense500.npz,1.5,3,250,1,9,shrink,800.0
bidisperse_a0.005_sr0.667_x1.5_N4000_L24_T400000_seed3_cont2_dense500.npz,1.5,3,250,1,9,grow,450.0
bidisperse_a0.005_sr0.667_x1.5_N4000_L24_T400000_seed3_cont2_dense500.npz,1.5,3,250,1,9,grow,850.0
bidisperse_a0.005_sr0.667_x1.5_N4000_L24_T400000_seed3_cont2_dense500.npz,1.5,3,250,1,8,shrink,1350.0
bidisperse_a0.005_sr0.667_x1.5_N4000_L24_T400000_seed3_cont2_dense500.npz,1.5,3,250,1,8,grow,400.0
bidisperse_a0.005_sr0.667_x1.5_N4000_L24_T400000_seed3_cont2_dense500.npz,1.5,3,250,1,8,grow,100.0
bidisperse_a0.005_sr0.667_x1.5_N4000_L24_T400000_seed3_cont2_dense500.npz,1.5,3,250,1,7,shrink,1300.0
bidisperse_a0.005_sr0.667_x1.5_N4000_L24_T400000_seed3_cont2_dense500.npz,1.5,3,250,1,7,shrink,400.0
bidisperse_a0.005_sr0.667_x1.5_N4000_L24_T400000_seed3_cont2_dense500.npz,1.5,3,250,1,7,grow,3000.0
bidisperse_a0.005_sr0.667_x1.5_N4000_L24_T400000_seed3_cont2_dense500.npz,1.5,3,250,1,6,open,0.0
bidisperse_a0.005_sr0.667_x1.5_N4000_L24_T400000_seed3_cont2_dense500.npz,1.5,3,250,1,6,shrink,1700.0
bidisperse_a0.005_sr0.667_x1.5_N4000_L24_T400000_seed3_cont2_dense500.npz,1.5,3,250,1,6,shrink,700.0
bidisperse_a0.005_sr0.667_x1.5_N4000_L24_T400000_seed3_cont2_dense500.npz,1.5,3,250,1,6,shrink,300.0
bidisperse_a0.005_sr0.667_x1.5_N4000_L24_T400000_seed3_cont2_dense500.npz,1.5,3,250,1,6,shrink,350.0
bidisperse_a0.005_sr0.667_x1.5_N4000_L24_T400000_seed3_cont2_dense500.npz,1.5,3,250,1,6,open,0.0
bidisperse_a0.005_sr0.667_x1.5_N4000_L24_T400000_seed3_cont2_dense500.npz,1.5,3,250,1,5,shrink,200.0
bidisperse_a0.005_sr0.667_x1.5_N4000_L24_T400000_seed3_cont2_dense500.npz,1.5,3,250,1,5,grow,50.0
bidisperse_a0.005_sr0.667_x1.5_N4000_L24_T400000_seed3_cont2_dense500.npz,1.5,3,250,1,5,shrink,100.0
bidisperse_a0.005_sr0.667_x1.5_N4000_L24_T400000_seed3_cont2_dense500.npz,1.5,3,250,1,5,shrink,150.0
bidisperse_a0.005_sr0.667_x1.5_N4000_L24_T400000_seed3_cont2_dense500.npz,1.5,3,250,1,5,shrink,50.0
bidisperse_a0.005_sr0.667_x1.5_N4000_L24_T400000_seed3_cont2_dense500.npz,1.5,3,250,1,5,grow,450.0
bidisperse_a0.005_sr0.667_x1.5_N4000_L24_T400000_seed3_cont2_dense500.npz,1.5,3,250,1,5,shrink,1350.0
bidisperse_a0.005_sr0.667_x1.5_N4000_L24_T400000_seed3_cont2_dense500.npz,1.5,3,250,1,5,shrink,500.0
bidisperse_a0.005_sr0.667_x1.5_N4000_L24_T400000_seed3_cont2_dense500.npz,1.5,3,250,1,4,shrink,950.0
bidisperse_a0.005_sr0.667_x1.5_N4000_L24_T400000_seed3_cont2_dense500.npz,1.5,3,250,1,4,shrink,450.0
bidisperse_a0.005_sr0.667_x1.5_N4000_L24_T400000_seed3_cont2_dense500.npz,1.5,3,250,1,4,grow,700.0
bidisperse_a0.005_sr0.667_x1.5_N4000_L24_T400000_seed3_cont2_dense500.npz,1.5,3,250,1,4,shrink,1300.0
bidisperse_a0.005_sr0.667_x1.5_N4000_L24_T400000_seed3_cont2_dense500.npz,1.5,3,250,1,4,shrink,350.0
bidisperse_a0.005_sr0.667_x1.5_N4000_L24_T400000_seed3_cont2_dense500.npz,1.5,3,250,1,4,shrink,200.0
bidisperse_a0.005_sr0.667_x1.5_N4000_L24_T400000_seed3_cont2_dense500.npz,1.5,3,250,1,4,shrink,100.0
bidisperse_a0.005_sr0.667_x1.5_N4000_L24_T400000_seed3_cont2_dense500.npz,1.5,3,250,1,4,grow,3000.0
bidisperse_a0.005_sr0.667_x1.5_N4000_L24_T400000_seed3_cont2_dense500.npz,1.5,3,250,1,4,grow,250.0
bidisperse_a0.005_sr0.667_x1.5_N4000_L24_T400000_seed3_cont2_dense500.npz,1.5,3,250,1,4,absorbed,300.0
bidisperse_a0.005_sr0.667_x1.5_N4000_L24_T400000_seed3_cont2_dense500.npz,1.5,3,250,1,4,shrink,2900.0
bidisperse_a0.005_sr0.667_x1.5_N4000_L24_T400000_seed3_cont2_dense500.npz,1.5,3,250,1,4,shrink,250.0
bidisperse_a0.005_sr0.667_x1.5_N4000_L24_T400000_seed3_cont2_dense500.npz,1.5,3,250,1,3,absorbed,100.0
bidisperse_a0.005_sr0.667_x1.5_N4000_L24_T400000_seed3_cont2_dense500.npz,1.5,3,250,1,3,shrink,150.0
bidisperse_a0.005_sr0.667_x1.5_N4000_L24_T400000_seed3_cont2_dense500.npz,1.5,3,250,1,3,shrink,100.0
bidisperse_a0.005_sr0.667_x1.5_N4000_L24_T400000_seed3_cont2_dense500.npz,1.5,3,250,1,3,shrink,150.0
bidisperse_a0.005_sr0.667_x1.5_N4000_L24_T400000_seed3_cont2_dense500.npz,1.5,3,250,1,3,shrink,100.0
bidisperse_a0.005_sr0.667_x1.5_N4000_L24_T400000_seed3_cont2_dense500.npz,1.5,3,250,1,3,grow,700.0
bidisperse_a0.005_sr0.667_x1.5_N4000_L24_T400000_seed3_cont2_dense500.npz,1.5,3,250,1,3,shrink,50.0
bidisperse_a0.005_sr0.667_x1.5_N4000_L24_T400000_seed3_cont2_dense500.npz,1.5,3,250,1,3,shrink,200.0
bidisperse_a0.005_sr0.667_x1.5_N4000_L24_T400000_seed3_cont2_dense500.npz,1.5,3,250,1,3,shrink,1350.0
bidisperse_a0.005_sr0.667_x1.5_N4000_L24_T400000_seed3_cont2_dense500.npz,1.5,3,250,1,3,shrink,200.0
bidisperse_a0.005_sr0.667_x1.5_N4000_L24_T400000_seed3_cont2_dense500.npz,1.5,3,250,1,3,shrink,150.0
bidisperse_a0.005_sr0.667_x1.5_N4000_L24_T400000_seed3_cont2_dense500.npz,1.5,3,250,1,3,shrink,50.0
bidisperse_a0.005_sr0.667_x1.5_N4000_L24_T400000_seed3_cont2_dense500.npz,1.5,3,250,1,3,shrink,350.0
bidisperse_a0.005_sr0.667_x1.5_N4000_L24_T400000_seed3_cont2_dense500.npz,1.5,3,250,1,3,shrink,300.0
bidisperse_a0.005_sr0.667_x1.5_N4000_L24_T400000_seed3_cont2_dense500.npz,1.5,3,250,1,3,shrink,50.0
bidisperse_a0.005_sr0.667_x1.5_N4000_L24_T400000_seed3_cont2_dense500.npz,1.5,3,250,1,3,shrink,100.0
bidisperse_a0.005_sr0.667_x1.5_N4000_L24_T400000_seed3_cont2_dense500.npz,1.5,3,250,1,3,grow,200.0
bidisperse_a0.005_sr0.667_x1.5_N4000_L24_T400000_seed3_cont2_dense500.npz,1.5,3,250,1,3,shrink,400.0
bidisperse_a0.005_sr0.667_x1.5_N4000_L24_T400000_seed3_cont2_dense500.npz,1.5,3,250,1,3,shrink,1850.0
bidisperse_a0.005_sr0.667_x1.5_N4000_L24_T400000_seed3_cont2_dense500.npz,1.5,3,250,1,3,shrink,100.0
bidisperse_a0.005_sr0.667_x1.5_N4000_L24_T400000_seed3_cont2_dense500.npz,1.5,3,250,1,3,grow,250.0
bidisperse_a0.005_sr0.667_x1.5_N4000_L24_T400000_seed3_cont2_dense500.npz,1.5,3,250,1,3,shrink,50.0
bidisperse_a0.005_sr0.667_x1.5_N4000_L24_T400000_seed3_cont2_dense500.npz,1.5,3,250,1,3,shrink,150.0
bidisperse_a0.005_sr0.667_x1.5_N4000_L24_T400000_seed3_cont2_dense500.npz,1.5,3,250,1,3,grow,50.0
bidisperse_a0.005_sr0.667_x1.5_N4000_L24_T400000_seed3_cont2_dense500.npz,1.5,3,250,1,3,shrink,950.0
bidisperse_a0.005_sr0.667_x1.5_N4000_L24_T400000_seed3_cont2_dense500.npz,1.5,3,250,1,3,shrink,100.0
bidisperse_a0.005_sr0.667_x1.5_N4000_L24_T400000_seed3_cont2_dense500.npz,1.5,3,250,1,3,shrink,1700.0
bidisperse_a0.005_sr0.667_x1.5_N4000_L24_T400000_seed3_cont2_dense500.npz,1.5,3,250,1,3,shrink,250.0
bidisperse_a0.005_sr0.667_x1.5_N4000_L24_T400000_seed3_cont2_dense500.npz,1.5,3,250,2,72,grow,50.0
bidisperse_a0.005_sr0.667_x1.5_N4000_L24_T400000_seed3_cont2_dense500.npz,1.5,3,250,2,56,grow,50.0
bidisperse_a0.005_sr0.667_x1.5_N4000_L24_T400000_seed3_cont2_dense500.npz,1.5,3,250,2,52,grow,50.0
bidisperse_a0.005_sr0.667_x1.5_N4000_L24_T400000_seed3_cont2_dense500.npz,1.5,3,250,2,25,grow,50.0
bidisperse_a0.005_sr0.667_x1.5_N4000_L24_T400000_seed3_cont2_dense500.npz,1.5,3,250,2,24,grow,150.0
bidisperse_a0.005_sr0.667_x1.5_N4000_L24_T400000_seed3_cont2_dense500.npz,1.5,3,250,2,23,grow,50.0
bidisperse_a0.005_sr0.667_x1.5_N4000_L24_T400000_seed3_cont2_dense500.npz,1.5,3,250,2,18,grow,100.0
bidisperse_a0.005_sr0.667_x1.5_N4000_L24_T400000_seed3_cont2_dense500.npz,1.5,3,250,2,18,shrink,2450.0
bidisperse_a0.005_sr0.667_x1.5_N4000_L24_T400000_seed3_cont2_dense500.npz,1.5,3,250,2,14,grow,350.0
bidisperse_a0.005_sr0.667_x1.5_N4000_L24_T400000_seed3_cont2_dense500.npz,1.5,3,250,2,12,grow,350.0
bidisperse_a0.005_sr0.667_x1.5_N4000_L24_T400000_seed3_cont2_dense500.npz,1.5,3,250,2,12,shrink,600.0
bidisperse_a0.005_sr0.667_x1.5_N4000_L24_T400000_seed3_cont2_dense500.npz,1.5,3,250,2,12,absorbed,100.0
bidisperse_a0.005_sr0.667_x1.5_N4000_L24_T400000_seed3_cont2_dense500.npz,1.5,3,250,2,11,grow,1150.0
bidisperse_a0.005_sr0.667_x1.5_N4000_L24_T400000_seed3_cont2_dense500.npz,1.5,3,250,2,11,absorbed,50.0
bidisperse_a0.005_sr0.667_x1.5_N4000_L24_T400000_seed3_cont2_dense500.npz,1.5,3,250,2,10,grow,400.0
bidisperse_a0.005_sr0.667_x1.5_N4000_L24_T400000_seed3_cont2_dense500.npz,1.5,3,250,2,10,grow,400.0
bidisperse_a0.005_sr0.667_x1.5_N4000_L24_T400000_seed3_cont2_dense500.npz,1.5,3,250,2,10,grow,900.0
bidisperse_a0.005_sr0.667_x1.5_N4000_L24_T400000_seed3_cont2_dense500.npz,1.5,3,250,2,10,shrink,550.0
bidisperse_a0.005_sr0.667_x1.5_N4000_L24_T400000_seed3_cont2_dense500.npz,1.5,3,250,2,9,shrink,750.0
bidisperse_a0.005_sr0.667_x1.5_N4000_L24_T400000_seed3_cont2_dense500.npz,1.5,3,250,2,9,grow,350.0
bidisperse_a0.005_sr0.667_x1.5_N4000_L24_T400000_seed3_cont2_dense500.npz,1.5,3,250,2,9,grow,750.0
bidisperse_a0.005_sr0.667_x1.5_N4000_L24_T400000_seed3_cont2_dense500.npz,1.5,3,250,2,8,grow,900.0
bidisperse_a0.005_sr0.667_x1.5_N4000_L24_T400000_seed3_cont2_dense500.npz,1.5,3,250,2,8,grow,400.0
bidisperse_a0.005_sr0.667_x1.5_N4000_L24_T400000_seed3_cont2_dense500.npz,1.5,3,250,2,8,grow,350.0
bidisperse_a0.005_sr0.667_x1.5_N4000_L24_T400000_seed3_cont2_dense500.npz,1.5,3,250,2,7,shrink,400.0
bidisperse_a0.005_sr0.667_x1.5_N4000_L24_T400000_seed3_cont2_dense500.npz,1.5,3,250,2,7,shrink,450.0
bidisperse_a0.005_sr0.667_x1.5_N4000_L24_T400000_seed3_cont2_dense500.npz,1.5,3,250,2,7,shrink,1900.0
bidisperse_a0.005_sr0.667_x1.5_N4000_L24_T400000_seed3_cont2_dense500.npz,1.5,3,250,2,6,shrink,2700.0
bidisperse_a0.005_sr0.667_x1.5_N4000_L24_T400000_seed3_cont2_dense500.npz,1.5,3,250,2,6,shrink,650.0
bidisperse_a0.005_sr0.667_x1.5_N4000_L24_T400000_seed3_cont2_dense500.npz,1.5,3,250,2,6,shrink,400.0
bidisperse_a0.005_sr0.667_x1.5_N4000_L24_T400000_seed3_cont2_dense500.npz,1.5,3,250,2,6,grow,2550.0
bidisperse_a0.005_sr0.667_x1.5_N4000_L24_T400000_seed3_cont2_dense500.npz,1.5,3,250,2,6,shrink,350.0
bidisperse_a0.005_sr0.667_x1.5_N4000_L24_T400000_seed3_cont2_dense500.npz,1.5,3,250,2,6,grow,50.0
bidisperse_a0.005_sr0.667_x1.5_N4000_L24_T400000_seed3_cont2_dense500.npz,1.5,3,250,2,5,shrink,200.0
bidisperse_a0.005_sr0.667_x1.5_N4000_L24_T400000_seed3_cont2_dense500.npz,1.5,3,250,2,5,grow,50.0
bidisperse_a0.005_sr0.667_x1.5_N4000_L24_T400000_seed3_cont2_dense500.npz,1.5,3,250,2,5,grow,100.0
bidisperse_a0.005_sr0.667_x1.5_N4000_L24_T400000_seed3_cont2_dense500.npz,1.5,3,250,2,5,shrink,200.0
bidisperse_a0.005_sr0.667_x1.5_N4000_L24_T400000_seed3_cont2_dense500.npz,1.5,3,250,2,5,grow,900.0
bidisperse_a0.005_sr0.667_x1.5_N4000_L24_T400000_seed3_cont2_dense500.npz,1.5,3,250,2,5,shrink,100.0
bidisperse_a0.005_sr0.667_x1.5_N4000_L24_T400000_seed3_cont2_dense500.npz,1.5,3,250,2,5,grow,900.0
bidisperse_a0.005_sr0.667_x1.5_N4000_L24_T400000_seed3_cont2_dense500.npz,1.5,3,250,2,5,shrink,600.0
bidisperse_a0.005_sr0.667_x1.5_N4000_L24_T400000_seed3_cont2_dense500.npz,1.5,3,250,2,4,shrink,1450.0
bidisperse_a0.005_sr0.667_x1.5_N4000_L24_T400000_seed3_cont2_dense500.npz,1.5,3,250,2,4,shrink,150.0
bidisperse_a0.005_sr0.667_x1.5_N4000_L24_T400000_seed3_cont2_dense500.npz,1.5,3,250,2,4,grow,750.0
bidisperse_a0.005_sr0.667_x1.5_N4000_L24_T400000_seed3_cont2_dense500.npz,1.5,3,250,2,4,shrink,400.0
bidisperse_a0.005_sr0.667_x1.5_N4000_L24_T400000_seed3_cont2_dense500.npz,1.5,3,250,2,4,grow,400.0
bidisperse_a0.005_sr0.667_x1.5_N4000_L24_T400000_seed3_cont2_dense500.npz,1.5,3,250,2,4,grow,900.0
bidisperse_a0.005_sr0.667_x1.5_N4000_L24_T400000_seed3_cont2_dense500.npz,1.5,3,250,2,4,absorbed,150.0
bidisperse_a0.005_sr0.667_x1.5_N4000_L24_T400000_seed3_cont2_dense500.npz,1.5,3,250,2,4,shrink,100.0
bidisperse_a0.005_sr0.667_x1.5_N4000_L24_T400000_seed3_cont2_dense500.npz,1.5,3,250,2,4,grow,200.0
bidisperse_a0.005_sr0.667_x1.5_N4000_L24_T400000_seed3_cont2_dense500.npz,1.5,3,250,2,4,shrink,200.0
bidisperse_a0.005_sr0.667_x1.5_N4000_L24_T400000_seed3_cont2_dense500.npz,1.5,3,250,2,4,grow,400.0
bidisperse_a0.005_sr0.667_x1.5_N4000_L24_T400000_seed3_cont2_dense500.npz,1.5,3,250,2,4,shrink,200.0
bidisperse_a0.005_sr0.667_x1.5_N4000_L24_T400000_seed3_cont2_dense500.npz,1.5,3,250,2,3,absorbed,100.0
bidisperse_a0.005_sr0.667_x1.5_N4000_L24_T400000_seed3_cont2_dense500.npz,1.5,3,250,2,3,shrink,200.0
bidisperse_a0.005_sr0.667_x1.5_N4000_L24_T400000_seed3_cont2_dense500.npz,1.5,3,250,2,3,shrink,100.0
bidisperse_a0.005_sr0.667_x1.5_N4000_L24_T400000_seed3_cont2_dense500.npz,1.5,3,250,2,3,shrink,50.0
bidisperse_a0.005_sr0.667_x1.5_N4000_L24_T400000_seed3_cont2_dense500.npz,1.5,3,250,2,3,shrink,200.0
bidisperse_a0.005_sr0.667_x1.5_N4000_L24_T400000_seed3_cont2_dense500.npz,1.5,3,250,2,3,grow,750.0
bidisperse_a0.005_sr0.667_x1.5_N4000_L24_T400000_seed3_cont2_dense500.npz,1.5,3,250,2,3,shrink,50.0
bidisperse_a0.005_sr0.667_x1.5_N4000_L24_T400000_seed3_cont2_dense500.npz,1.5,3,250,2,3,shrink,150.0
bidisperse_a0.005_sr0.667_x1.5_N4000_L24_T400000_seed3_cont2_dense500.npz,1.5,3,250,2,3,grow,900.0
bidisperse_a0.005_sr0.667_x1.5_N4000_L24_T400000_seed3_cont2_dense500.npz,1.5,3,250,2,3,shrink,50.0
bidisperse_a0.005_sr0.667_x1.5_N4000_L24_T400000_seed3_cont2_dense500.npz,1.5,3,250,2,3,shrink,400.0
bidisperse_a0.005_sr0.667_x1.5_N4000_L24_T400000_seed3_cont2_dense500.npz,1.5,3,250,2,3,shrink,50.0
bidisperse_a0.005_sr0.667_x1.5_N4000_L24_T400000_seed3_cont2_dense500.npz,1.5,3,250,2,3,shrink,100.0
bidisperse_a0.005_sr0.667_x1.5_N4000_L24_T400000_seed3_cont2_dense500.npz,1.5,3,250,2,3,shrink,50.0
bidisperse_a0.005_sr0.667_x1.5_N4000_L24_T400000_seed3_cont2_dense500.npz,1.5,3,250,2,3,shrink,50.0
bidisperse_a0.005_sr0.667_x1.5_N4000_L24_T400000_seed3_cont2_dense500.npz,1.5,3,250,2,3,shrink,50.0
bidisperse_a0.005_sr0.667_x1.5_N4000_L24_T400000_seed3_cont2_dense500.npz,1.5,3,250,2,3,shrink,100.0
bidisperse_a0.005_sr0.667_x1.5_N4000_L24_T400000_seed3_cont2_dense500.npz,1.5,3,250,2,3,shrink,500.0
bidisperse_a0.005_sr0.667_x1.5_N4000_L24_T400000_seed3_cont2_dense500.npz,1.5,3,250,2,3,grow,750.0
bidisperse_a0.005_sr0.667_x1.5_N4000_L24_T400000_seed3_cont2_dense500.npz,1.5,3,250,2,3,shrink,50.0
bidisperse_a0.005_sr0.667_x1.5_N4000_L24_T400000_seed3_cont2_dense500.npz,1.5,3,250,2,3,grow,200.0
bidisperse_a0.005_sr0.667_x1.5_N4000_L24_T400000_seed3_cont2_dense500.npz,1.5,3,250,2,3,absorbed,450.0
bidisperse_a0.005_sr0.667_x1.5_N4000_L24_T400000_seed3_cont2_dense500.npz,1.5,3,250,2,3,shrink,100.0
bidisperse_a0.005_sr0.667_x1.5_N4000_L24_T400000_seed3_cont2_dense500.npz,1.5,3,250,2,3,grow,50.0
bidisperse_a0.005_sr0.667_x1.5_N4000_L24_T400000_seed3_cont2_dense500.npz,1.5,3,250,2,3,shrink,100.0
bidisperse_a0.005_sr0.667_x1.5_N4000_L24_T400000_seed3_cont2_dense500.npz,1.5,3,250,2,3,shrink,50.0
bidisperse_a0.005_sr0.667_x1.5_N4000_L24_T400000_seed3_cont2_dense500.npz,1.5,3,250,2,3,shrink,650.0
bidisperse_a0.005_sr0.667_x1.5_N4000_L24_T400000_seed3_cont2_dense500.npz,1.5,3,250,2,3,shrink,350.0
bidisperse_a0.005_sr0.667_x1.5_N4000_L24_T400000_seed3_cont2_dense500.npz,1.5,3,250,3,72,grow,50.0
bidisperse_a0.005_sr0.667_x1.5_N4000_L24_T400000_seed3_cont2_dense500.npz,1.5,3,250,3,56,grow,50.0
bidisperse_a0.005_sr0.667_x1.5_N4000_L24_T400000_seed3_cont2_dense500.npz,1.5,3,250,3,52,grow,50.0
bidisperse_a0.005_sr0.667_x1.5_N4000_L24_T400000_seed3_cont2_dense500.npz,1.5,3,250,3,25,grow,50.0
bidisperse_a0.005_sr0.667_x1.5_N4000_L24_T400000_seed3_cont2_dense500.npz,1.5,3,250,3,24,grow,50.0
bidisperse_a0.005_sr0.667_x1.5_N4000_L24_T400000_seed3_cont2_dense500.npz,1.5,3,250,3,23,grow,50.0
bidisperse_a0.005_sr0.667_x1.5_N4000_L24_T400000_seed3_cont2_dense500.npz,1.5,3,250,3,18,grow,450.0
bidisperse_a0.005_sr0.667_x1.5_N4000_L24_T400000_seed3_cont2_dense500.npz,1.5,3,250,3,18,open,0.0
bidisperse_a0.005_sr0.667_x1.5_N4000_L24_T400000_seed3_cont2_dense500.npz,1.5,3,250,3,14,grow,400.0
bidisperse_a0.005_sr0.667_x1.5_N4000_L24_T400000_seed3_cont2_dense500.npz,1.5,3,250,3,12,grow,950.0
bidisperse_a0.005_sr0.667_x1.5_N4000_L24_T400000_seed3_cont2_dense500.npz,1.5,3,250,3,12,shrink,650.0
bidisperse_a0.005_sr0.667_x1.5_N4000_L24_T400000_seed3_cont2_dense500.npz,1.5,3,250,3,12,absorbed,300.0
bidisperse_a0.005_sr0.667_x1.5_N4000_L24_T400000_seed3_cont2_dense500.npz,1.5,3,250,3,11,shrink,800.0
bidisperse_a0.005_sr0.667_x1.5_N4000_L24_T400000_seed3_cont2_dense500.npz,1.5,3,250,3,11,absorbed,50.0
bidisperse_a0.005_sr0.667_x1.5_N4000_L24_T400000_seed3_cont2_dense500.npz,1.5,3,250,3,10,grow,450.0
bidisperse_a0.005_sr0.667_x1.5_N4000_L24_T400000_seed3_cont2_dense500.npz,1.5,3,250,3,10,grow,950.0
bidisperse_a0.005_sr0.667_x1.5_N4000_L24_T400000_seed3_cont2_dense500.npz,1.5,3,250,3,10,shrink,2350.0
bidisperse_a0.005_sr0.667_x1.5_N4000_L24_T400000_seed3_cont2_dense500.npz,1.5,3,250,3,10,shrink,1300.0
bidisperse_a0.005_sr0.667_x1.5_N4000_L24_T400000_seed3_cont2_dense500.npz,1.5,3,250,3,9,shrink,450.0
bidisperse_a0.005_sr0.667_x1.5_N4000_L24_T400000_seed3_cont2_dense500.npz,1.5,3,250,3,9,grow,950.0
bidisperse_a0.005_sr0.667_x1.5_N4000_L24_T400000_seed3_cont2_dense500.npz,1.5,3,250,3,9,absorbed,2400.0
bidisperse_a0.005_sr0.667_x1.5_N4000_L24_T400000_seed3_cont2_dense500.npz,1.5,3,250,3,8,shrink,2350.0
bidisperse_a0.005_sr0.667_x1.5_N4000_L24_T400000_seed3_cont2_dense500.npz,1.5,3,250,3,8,shrink,550.0
bidisperse_a0.005_sr0.667_x1.5_N4000_L24_T400000_seed3_cont2_dense500.npz,1.5,3,250,3,8,grow,950.0
bidisperse_a0.005_sr0.667_x1.5_N4000_L24_T400000_seed3_cont2_dense500.npz,1.5,3,250,3,7,shrink,700.0
bidisperse_a0.005_sr0.667_x1.5_N4000_L24_T400000_seed3_cont2_dense500.npz,1.5,3,250,3,7,shrink,1050.0
bidisperse_a0.005_sr0.667_x1.5_N4000_L24_T400000_seed3_cont2_dense500.npz,1.5,3,250,3,7,shrink,1650.0
bidisperse_a0.005_sr0.667_x1.5_N4000_L24_T400000_seed3_cont2_dense500.npz,1.5,3,250,3,6,open,0.0
bidisperse_a0.005_sr0.667_x1.5_N4000_L24_T400000_seed3_cont2_dense500.npz,1.5,3,250,3,6,shrink,950.0
bidisperse_a0.005_sr0.667_x1.5_N4000_L24_T400000_seed3_cont2_dense500.npz,1.5,3,250,3,6,shrink,150.0
bidisperse_a0.005_sr0.667_x1.5_N4000_L24_T400000_seed3_cont2_dense500.npz,1.5,3,250,3,6,shrink,1450.0
bidisperse_a0.005_sr0.667_x1.5_N4000_L24_T400000_seed3_cont2_dense500.npz,1.5,3,250,3,6,shrink,2400.0
bidisperse_a0.005_sr0.667_x1.5_N4000_L24_T400000_seed3_cont2_dense500.npz,1.5,3,250,3,6,shrink,1600.0
bidisperse_a0.005_sr0.667_x1.5_N4000_L24_T400000_seed3_cont2_dense500.npz,1.5,3,250,3,5,shrink,200.0
bidisperse_a0.005_sr0.667_x1.5_N4000_L24_T400000_seed3_cont2_dense500.npz,1.5,3,250,3,5,grow,100.0
bidisperse_a0.005_sr0.667_x1.5_N4000_L24_T400000_seed3_cont2_dense500.npz,1.5,3,250,3,5,shrink,350.0
bidisperse_a0.005_sr0.667_x1.5_N4000_L24_T400000_seed3_cont2_dense500.npz,1.5,3,250,3,5,shrink,100.0
bidisperse_a0.005_sr0.667_x1.5_N4000_L24_T400000_seed3_cont2_dense500.npz,1.5,3,250,3,5,shrink,350.0
bidisperse_a0.005_sr0.667_x1.5_N4000_L24_T400000_seed3_cont2_dense500.npz,1.5,3,250,3,5,shrink,200.0
bidisperse_a0.005_sr0.667_x1.5_N4000_L24_T400000_seed3_cont2_dense500.npz,1.5,3,250,3,5,shrink,850.0
bidisperse_a0.005_sr0.667_x1.5_N4000_L24_T400000_seed3_cont2_dense500.npz,1.5,3,250,3,5,shrink,300.0
bidisperse_a0.005_sr0.667_x1.5_N4000_L24_T400000_seed3_cont2_dense500.npz,1.5,3,250,3,4,shrink,150.0
bidisperse_a0.005_sr0.667_x1.5_N4000_L24_T400000_seed3_cont2_dense500.npz,1.5,3,250,3,4,shrink,250.0
bidisperse_a0.005_sr0.667_x1.5_N4000_L24_T400000_seed3_cont2_dense500.npz,1.5,3,250,3,4,grow,950.0
bidisperse_a0.005_sr0.667_x1.5_N4000_L24_T400000_seed3_cont2_dense500.npz,1.5,3,250,3,4,shrink,700.0
bidisperse_a0.005_sr0.667_x1.5_N4000_L24_T400000_seed3_cont2_dense500.npz,1.5,3,250,3,4,grow,450.0
bidisperse_a0.005_sr0.667_x1.5_N4000_L24_T400000_seed3_cont2_dense500.npz,1.5,3,250,3,4,shrink,550.0
bidisperse_a0.005_sr0.667_x1.5_N4000_L24_T400000_seed3_cont2_dense500.npz,1.5,3,250,3,4,absorbed,100.0
bidisperse_a0.005_sr0.667_x1.5_N4000_L24_T400000_seed3_cont2_dense500.npz,1.5,3,250,3,4,shrink,50.0
bidisperse_a0.005_sr0.667_x1.5_N4000_L24_T400000_seed3_cont2_dense500.npz,1.5,3,250,3,4,grow,200.0
bidisperse_a0.005_sr0.667_x1.5_N4000_L24_T400000_seed3_cont2_dense500.npz,1.5,3,250,3,4,shrink,100.0
bidisperse_a0.005_sr0.667_x1.5_N4000_L24_T400000_seed3_cont2_dense500.npz,1.5,3,250,3,4,grow,450.0
bidisperse_a0.005_sr0.667_x1.5_N4000_L24_T400000_seed3_cont2_dense500.npz,1.5,3,250,3,4,shrink,150.0
bidisperse_a0.005_sr0.667_x1.5_N4000_L24_T400000_seed3_cont2_dense500.npz,1.5,3,250,3,3,absorbed,150.0
bidisperse_a0.005_sr0.667_x1.5_N4000_L24_T400000_seed3_cont2_dense500.npz,1.5,3,250,3,3,shrink,100.0
bidisperse_a0.005_sr0.667_x1.5_N4000_L24_T400000_seed3_cont2_dense500.npz,1.5,3,250,3,3,shrink,100.0
bidisperse_a0.005_sr0.667_x1.5_N4000_L24_T400000_seed3_cont2_dense500.npz,1.5,3,250,3,3,shrink,100.0
bidisperse_a0.005_sr0.667_x1.5_N4000_L24_T400000_seed3_cont2_dense500.npz,1.5,3,250,3,3,shrink,100.0
bidisperse_a0.005_sr0.667_x1.5_N4000_L24_T400000_seed3_cont2_dense500.npz,1.5,3,250,3,3,grow,950.0
bidisperse_a0.005_sr0.667_x1.5_N4000_L24_T400000_seed3_cont2_dense500.npz,1.5,3,250,3,3,shrink,100.0
bidisperse_a0.005_sr0.667_x1.5_N4000_L24_T400000_seed3_cont2_dense500.npz,1.5,3,250,3,3,shrink,150.0
bidisperse_a0.005_sr0.667_x1.5_N4000_L24_T400000_seed3_cont2_dense500.npz,1.5,3,250,3,3,shrink,850.0
bidisperse_a0.005_sr0.667_x1.5_N4000_L24_T400000_seed3_cont2_dense500.npz,1.5,3,250,3,3,grow,400.0
bidisperse_a0.005_sr0.667_x1.5_N4000_L24_T400000_seed3_cont2_dense500.npz,1.5,3,250,3,3,shrink,150.0
bidisperse_a0.005_sr0.667_x1.5_N4000_L24_T400000_seed3_cont2_dense500.npz,1.5,3,250,3,3,shrink,50.0
bidisperse_a0.005_sr0.667_x1.5_N4000_L24_T400000_seed3_cont2_dense500.npz,1.5,3,250,3,3,shrink,50.0
bidisperse_a0.005_sr0.667_x1.5_N4000_L24_T400000_seed3_cont2_dense500.npz,1.5,3,250,3,3,shrink,100.0
bidisperse_a0.005_sr0.667_x1.5_N4000_L24_T400000_seed3_cont2_dense500.npz,1.5,3,250,3,3,shrink,100.0
bidisperse_a0.005_sr0.667_x1.5_N4000_L24_T400000_seed3_cont2_dense500.npz,1.5,3,250,3,3,shrink,100.0
bidisperse_a0.005_sr0.667_x1.5_N4000_L24_T400000_seed3_cont2_dense500.npz,1.5,3,250,3,3,shrink,100.0
bidisperse_a0.005_sr0.667_x1.5_N4000_L24_T400000_seed3_cont2_dense500.npz,1.5,3,250,3,3,shrink,100.0
bidisperse_a0.005_sr0.667_x1.5_N4000_L24_T400000_seed3_cont2_dense500.npz,1.5,3,250,3,3,absorbed,2400.0
bidisperse_a0.005_sr0.667_x1.5_N4000_L24_T400000_seed3_cont2_dense500.npz,1.5,3,250,3,3,shrink,50.0
bidisperse_a0.005_sr0.667_x1.5_N4000_L24_T400000_seed3_cont2_dense500.npz,1.5,3,250,3,3,grow,200.0
bidisperse_a0.005_sr0.667_x1.5_N4000_L24_T400000_seed3_cont2_dense500.npz,1.5,3,250,3,3,shrink,150.0
bidisperse_a0.005_sr0.667_x1.5_N4000_L24_T400000_seed3_cont2_dense500.npz,1.5,3,250,3,3,shrink,50.0
bidisperse_a0.005_sr0.667_x1.5_N4000_L24_T400000_seed3_cont2_dense500.npz,1.5,3,250,3,3,grow,50.0
bidisperse_a0.005_sr0.667_x1.5_N4000_L24_T400000_seed3_cont2_dense500.npz,1.5,3,250,3,3,shrink,150.0
bidisperse_a0.005_sr0.667_x1.5_N4000_L24_T400000_seed3_cont2_dense500.npz,1.5,3,250,3,3,grow,400.0
bidisperse_a0.005_sr0.667_x1.5_N4000_L24_T400000_seed3_cont2_dense500.npz,1.5,3,250,3,3,shrink,950.0
bidisperse_a0.005_sr0.667_x1.5_N4000_L24_T400000_seed3_cont2_dense500.npz,1.5,3,250,3,3,shrink,100.0
bidisperse_a0.005_sr0.667_x1.5_N4000_L24_T400000_seed3_cont2_dense500.npz,1.5,3,250,4,72,grow,50.0
bidisperse_a0.005_sr0.667_x1.5_N4000_L24_T400000_seed3_cont2_dense500.npz,1.5,3,250,4,56,grow,50.0
bidisperse_a0.005_sr0.667_x1.5_N4000_L24_T400000_seed3_cont2_dense500.npz,1.5,3,250,4,52,grow,50.0
bidisperse_a0.005_sr0.667_x1.5_N4000_L24_T400000_seed3_cont2_dense500.npz,1.5,3,250,4,25,grow,50.0
bidisperse_a0.005_sr0.667_x1.5_N4000_L24_T400000_seed3_cont2_dense500.npz,1.5,3,250,4,24,grow,50.0
bidisperse_a0.005_sr0.667_x1.5_N4000_L24_T400000_seed3_cont2_dense500.npz,1.5,3,250,4,23,grow,50.0
bidisperse_a0.005_sr0.667_x1.5_N4000_L24_T400000_seed3_cont2_dense500.npz,1.5,3,250,4,18,open,0.0
bidisperse_a0.005_sr0.667_x1.5_N4000_L24_T400000_seed3_cont2_dense500.npz,1.5,3,250,4,18,shrink,1900.0
bidisperse_a0.005_sr0.667_x1.5_N4000_L24_T400000_seed3_cont2_dense500.npz,1.5,3,250,4,14,grow,950.0
bidisperse_a0.005_sr0.667_x1.5_N4000_L24_T400000_seed3_cont2_dense500.npz,1.5,3,250,4,12,grow,200.0
bidisperse_a0.005_sr0.667_x1.5_N4000_L24_T400000_seed3_cont2_dense500.npz,1.5,3,250,4,12,shrink,550.0
bidisperse_a0.005_sr0.667_x1.5_N4000_L24_T400000_seed3_cont2_dense500.npz,1.5,3,250,4,12,absorbed,400.0
bidisperse_a0.005_sr0.667_x1.5_N4000_L24_T400000_seed3_cont2_dense500.npz,1.5,3,250,4,11,grow,1150.0
bidisperse_a0.005_sr0.667_x1.5_N4000_L24_T400000_seed3_cont2_dense500.npz,1.5,3,250,4,11,absorbed,50.0
bidisperse_a0.005_sr0.667_x1.5_N4000_L24_T400000_seed3_cont2_dense500.npz,1.5,3,250,4,10,grow,250.0
bidisperse_a0.005_sr0.667_x1.5_N4000_L24_T400000_seed3_cont2_dense500.npz,1.5,3,250,4,10,grow,1200.0
bidisperse_a0.005_sr0.667_x1.5_N4000_L24_T400000_seed3_cont2_dense500.npz,1.5,3,250,4,10,grow,1700.0
bidisperse_a0.005_sr0.667_x1.5_N4000_L24_T400000_seed3_cont2_dense500.npz,1.5,3,250,4,10,shrink,350.0
bidisperse_a0.005_sr0.667_x1.5_N4000_L24_T400000_seed3_cont2_dense500.npz,1.5,3,250,4,9,shrink,200.0
bidisperse_a0.005_sr0.667_x1.5_N4000_L24_T400000_seed3_cont2_dense500.npz,1.5,3,250,4,9,absorbed,700.0
bidisperse_a0.005_sr0.667_x1.5_N4000_L24_T400000_seed3_cont2_dense500.npz,1.5,3,250,4,9,grow,1100.0
bidisperse_a0.005_sr0.667_x1.5_N4000_L24_T400000_seed3_cont2_dense500.npz,1.5,3,250,4,8,grow,1700.0
bidisperse_a0.005_sr0.667_x1.5_N4000_L24_T400000_seed3_cont2_dense500.npz,1.5,3,250,4,8,absorbed,50.0
bidisperse_a0.005_sr0.667_x1.5_N4000_L24_T400000_seed3_cont2_dense500.npz,1.5,3,250,4,8,grow,200.0
bidisperse_a0.005_sr0.667_x1.5_N4000_L24_T400000_seed3_cont2_dense500.npz,1.5,3,250,4,7,shrink,1500.0
bidisperse_a0.005_sr0.667_x1.5_N4000_L24_T400000_seed3_cont2_dense500.npz,1.5,3,250,4,7,shrink,800.0
bidisperse_a0.005_sr0.667_x1.5_N4000_L24_T400000_seed3_cont2_dense500.npz,1.5,3,250,4,7,shrink,2650.0
bidisperse_a0.005_sr0.667_x1.5_N4000_L24_T400000_seed3_cont2_dense500.npz,1.5,3,250,4,6,shrink,1900.0
bidisperse_a0.005_sr0.667_x1.5_N4000_L24_T400000_seed3_cont2_dense500.npz,1.5,3,250,4,6,absorbed,2350.0
bidisperse_a0.005_sr0.667_x1.5_N4000_L24_T400000_seed3_cont2_dense500.npz,1.5,3,250,4,6,shrink,350.0
bidisperse_a0.005_sr0.667_x1.5_N4000_L24_T400000_seed3_cont2_dense500.npz,1.5,3,250,4,6,shrink,500.0
bidisperse_a0.005_sr0.667_x1.5_N4000_L24_T400000_seed3_cont2_dense500.npz,1.5,3,250,4,6,shrink,1100.0
bidisperse_a0.005_sr0.667_x1.5_N4000_L24_T400000_seed3_cont2_dense500.npz,1.5,3,250,4,6,shrink,100.0
bidisperse_a0.005_sr0.667_x1.5_N4000_L24_T400000_seed3_cont2_dense500.npz,1.5,3,250,4,5,grow,2350.0
bidisperse_a0.005_sr0.667_x1.5_N4000_L24_T400000_seed3_cont2_dense500.npz,1.5,3,250,4,5,grow,150.0
bidisperse_a0.005_sr0.667_x1.5_N4000_L24_T400000_seed3_cont2_dense500.npz,1.5,3,250,4,5,shrink,50.0
bidisperse_a0.005_sr0.667_x1.5_N4000_L24_T400000_seed3_cont2_dense500.npz,1.5,3,250,4,5,shrink,100.0
bidisperse_a0.005_sr0.667_x1.5_N4000_L24_T400000_seed3_cont2_dense500.npz,1.5,3,250,4,5,shrink,300.0
bidisperse_a0.005_sr0.667_x1.5_N4000_L24_T400000_seed3_cont2_dense500.npz,1.5,3,250,4,5,shrink,150.0
bidisperse_a0.005_sr0.667_x1.5_N4000_L24_T400000_seed3_cont2_dense500.npz,1.5,3,250,4,5,shrink,1400.0
bidisperse_a0.005_sr0.667_x1.5_N4000_L24_T400000_seed3_cont2_dense500.npz,1.5,3,250,4,5,shrink,400.0
bidisperse_a0.005_sr0.667_x1.5_N4000_L24_T400000_seed3_cont2_dense500.npz,1.5,3,250,4,4,shrink,100.0
bidisperse_a0.005_sr0.667_x1.5_N4000_L24_T400000_seed3_cont2_dense500.npz,1.5,3,250,4,4,shrink,650.0
bidisperse_a0.005_sr0.667_x1.5_N4000_L24_T400000_seed3_cont2_dense500.npz,1.5,3,250,4,4,absorbed,550.0
bidisperse_a0.005_sr0.667_x1.5_N4000_L24_T400000_seed3_cont2_dense500.npz,1.5,3,250,4,4,shrink,1500.0
bidisperse_a0.005_sr0.667_x1.5_N4000_L24_T400000_seed3_cont2_dense500.npz,1.5,3,250,4,4,grow,250.0
bidisperse_a0.005_sr0.667_x1.5_N4000_L24_T400000_seed3_cont2_dense500.npz,1.5,3,250,4,4,shrink,300.0
bidisperse_a0.005_sr0.667_x1.5_N4000_L24_T400000_seed3_cont2_dense500.npz,1.5,3,250,4,4,shrink,50.0
bidisperse_a0.005_sr0.667_x1.5_N4000_L24_T400000_seed3_cont2_dense500.npz,1.5,3,250,4,4,shrink,150.0
bidisperse_a0.005_sr0.667_x1.5_N4000_L24_T400000_seed3_cont2_dense500.npz,1.5,3,250,4,4,grow,300.0
bidisperse_a0.005_sr0.667_x1.5_N4000_L24_T400000_seed3_cont2_dense500.npz,1.5,3,250,4,4,shrink,50.0
bidisperse_a0.005_sr0.667_x1.5_N4000_L24_T400000_seed3_cont2_dense500.npz,1.5,3,250,4,4,grow,250.0
bidisperse_a0.005_sr0.667_x1.5_N4000_L24_T400000_seed3_cont2_dense500.npz,1.5,3,250,4,4,grow,1100.0
bidisperse_a0.005_sr0.667_x1.5_N4000_L24_T400000_seed3_cont2_dense500.npz,1.5,3,250,4,3,shrink,50.0
bidisperse_a0.005_sr0.667_x1.5_N4000_L24_T400000_seed3_cont2_dense500.npz,1.5,3,250,4,3,absorbed,1850.0
bidisperse_a0.005_sr0.667_x1.5_N4000_L24_T400000_seed3_cont2_dense500.npz,1.5,3,250,4,3,shrink,200.0
bidisperse_a0.005_sr0.667_x1.5_N4000_L24_T400000_seed3_cont2_dense500.npz,1.5,3,250,4,3,shrink,50.0
bidisperse_a0.005_sr0.667_x1.5_N4000_L24_T400000_seed3_cont2_dense500.npz,1.5,3,250,4,3,shrink,50.0
bidisperse_a0.005_sr0.667_x1.5_N4000_L24_T400000_seed3_cont2_dense500.npz,1.5,3,250,4,3,absorbed,550.0
bidisperse_a0.005_sr0.667_x1.5_N4000_L24_T400000_seed3_cont2_dense500.npz,1.5,3,250,4,3,shrink,400.0
bidisperse_a0.005_sr0.667_x1.5_N4000_L24_T400000_seed3_cont2_dense500.npz,1.5,3,250,4,3,shrink,100.0
bidisperse_a0.005_sr0.667_x1.5_N4000_L24_T400000_seed3_cont2_dense500.npz,1.5,3,250,4,3,shrink,1400.0
bidisperse_a0.005_sr0.667_x1.5_N4000_L24_T400000_seed3_cont2_dense500.npz,1.5,3,250,4,3,shrink,350.0
bidisperse_a0.005_sr0.667_x1.5_N4000_L24_T400000_seed3_cont2_dense500.npz,1.5,3,250,4,3,shrink,50.0
bidisperse_a0.005_sr0.667_x1.5_N4000_L24_T400000_seed3_cont2_dense500.npz,1.5,3,250,4,3,shrink,100.0
bidisperse_a0.005_sr0.667_x1.5_N4000_L24_T400000_seed3_cont2_dense500.npz,1.5,3,250,4,3,shrink,50.0
bidisperse_a0.005_sr0.667_x1.5_N4000_L24_T400000_seed3_cont2_dense500.npz,1.5,3,250,4,3,shrink,50.0
bidisperse_a0.005_sr0.667_x1.5_N4000_L24_T400000_seed3_cont2_dense500.npz,1.5,3,250,4,3,shrink,350.0
bidisperse_a0.005_sr0.667_x1.5_N4000_L24_T400000_seed3_cont2_dense500.npz,1.5,3,250,4,3,shrink,50.0
bidisperse_a0.005_sr0.667_x1.5_N4000_L24_T400000_seed3_cont2_dense500.npz,1.5,3,250,4,3,shrink,50.0
bidisperse_a0.005_sr0.667_x1.5_N4000_L24_T400000_seed3_cont2_dense500.npz,1.5,3,250,4,3,grow,1100.0
bidisperse_a0.005_sr0.667_x1.5_N4000_L24_T400000_seed3_cont2_dense500.npz,1.5,3,250,4,3,grow,1100.0
bidisperse_a0.005_sr0.667_x1.5_N4000_L24_T400000_seed3_cont2_dense500.npz,1.5,3,250,4,3,shrink,550.0
bidisperse_a0.005_sr0.667_x1.5_N4000_L24_T400000_seed3_cont2_dense500.npz,1.5,3,250,4,3,grow,300.0
bidisperse_a0.005_sr0.667_x1.5_N4000_L24_T400000_seed3_cont2_dense500.npz,1.5,3,250,4,3,absorbed,250.0
bidisperse_a0.005_sr0.667_x1.5_N4000_L24_T400000_seed3_cont2_dense500.npz,1.5,3,250,4,3,shrink,350.0
bidisperse_a0.005_sr0.667_x1.5_N4000_L24_T400000_seed3_cont2_dense500.npz,1.5,3,250,4,3,grow,150.0
bidisperse_a0.005_sr0.667_x1.5_N4000_L24_T400000_seed3_cont2_dense500.npz,1.5,3,250,4,3,shrink,100.0
bidisperse_a0.005_sr0.667_x1.5_N4000_L24_T400000_seed3_cont2_dense500.npz,1.5,3,250,4,3,shrink,100.0
bidisperse_a0.005_sr0.667_x1.5_N4000_L24_T400000_seed3_cont2_dense500.npz,1.5,3,250,4,3,absorbed,2350.0
bidisperse_a0.005_sr0.667_x1.5_N4000_L24_T400000_seed3_cont2_dense500.npz,1.5,3,250,4,3,shrink,100.0
bidisperse_a0.005_sr0.667_x1.5_N4000_L24_T400000_seed3_cont2_dense500.npz,1.5,3,250,5,72,grow,50.0
bidisperse_a0.005_sr0.667_x1.5_N4000_L24_T400000_seed3_cont2_dense500.npz,1.5,3,250,5,56,grow,50.0
bidisperse_a0.005_sr0.667_x1.5_N4000_L24_T400000_seed3_cont2_dense500.npz,1.5,3,250,5,52,grow,50.0
bidisperse_a0.005_sr0.667_x1.5_N4000_L24_T400000_seed3_cont2_dense500.npz,1.5,3,250,5,25,grow,50.0
bidisperse_a0.005_sr0.667_x1.5_N4000_L24_T400000_seed3_cont2_dense500.npz,1.5,3,250,5,24,grow,50.0
bidisperse_a0.005_sr0.667_x1.5_N4000_L24_T400000_seed3_cont2_dense500.npz,1.5,3,250,5,23,grow,50.0
bidisperse_a0.005_sr0.667_x1.5_N4000_L24_T400000_seed3_cont2_dense500.npz,1.5,3,250,5,18,grow,300.0
bidisperse_a0.005_sr0.667_x1.5_N4000_L24_T400000_seed3_cont2_dense500.npz,1.5,3,250,5,18,shrink,2700.0
bidisperse_a0.005_sr0.667_x1.5_N4000_L24_T400000_seed3_cont2_dense500.npz,1.5,3,250,5,14,grow,550.0
bidisperse_a0.005_sr0.667_x1.5_N4000_L24_T400000_seed3_cont2_dense500.npz,1.5,3,250,5,12,grow,100.0
bidisperse_a0.005_sr0.667_x1.5_N4000_L24_T400000_seed3_cont2_dense500.npz,1.5,3,250,5,12,shrink,100.0
bidisperse_a0.005_sr0.667_x1.5_N4000_L24_T400000_seed3_cont2_dense500.npz,1.5,3,250,5,12,absorbed,250.0
bidisperse_a0.005_sr0.667_x1.5_N4000_L24_T400000_seed3_cont2_dense500.npz,1.5,3,250,5,11,shrink,1050.0
bidisperse_a0.005_sr0.667_x1.5_N4000_L24_T400000_seed3_cont2_dense500.npz,1.5,3,250,5,11,absorbed,50.0
bidisperse_a0.005_sr0.667_x1.5_N4000_L24_T400000_seed3_cont2_dense500.npz,1.5,3,250,5,10,grow,300.0
bidisperse_a0.005_sr0.667_x1.5_N4000_L24_T400000_seed3_cont2_dense500.npz,1.5,3,250,5,10,grow,450.0
bidisperse_a0.005_sr0.667_x1.5_N4000_L24_T400000_seed3_cont2_dense500.npz,1.5,3,250,5,10,grow,2550.0
bidisperse_a0.005_sr0.667_x1.5_N4000_L24_T400000_seed3_cont2_dense500.npz,1.5,3,250,5,10,shrink,750.0
bidisperse_a0.005_sr0.667_x1.5_N4000_L24_T400000_seed3_cont2_dense500.npz,1.5,3,250,5,9,shrink,900.0
bidisperse_a0.005_sr0.667_x1.5_N4000_L24_T400000_seed3_cont2_dense500.npz,1.5,3,250,5,9,grow,250.0
bidisperse_a0.005_sr0.667_x1.5_N4000_L24_T400000_seed3_cont2_dense500.npz,1.5,3,250,5,9,open,0.0
bidisperse_a0.005_sr0.667_x1.5_N4000_L24_T400000_seed3_cont2_dense500.npz,1.5,3,250,5,8,grow,2550.0
bidisperse_a0.005_sr0.667_x1.5_N4000_L24_T400000_seed3_cont2_dense500.npz,1.5,3,250,5,8,grow,450.0
bidisperse_a0.005_sr0.667_x1.5_N4000_L24_T400000_seed3_cont2_dense500.npz,1.5,3,250,5,8,grow,100.0
bidisperse_a0.005_sr0.667_x1.5_N4000_L24_T400000_seed3_cont2_dense500.npz,1.5,3,250,5,7,shrink,1200.0
bidisperse_a0.005_sr0.667_x1.5_N4000_L24_T400000_seed3_cont2_dense500.npz,1.5,3,250,5,7,shrink,300.0
bidisperse_a0.005_sr0.667_x1.5_N4000_L24_T400000_seed3_cont2_dense500.npz,1.5,3,250,5,7,grow,2950.0
bidisperse_a0.005_sr0.667_x1.5_N4000_L24_T400000_seed3_cont2_dense500.npz,1.5,3,250,5,6,shrink,1250.0
bidisperse_a0.005_sr0.667_x1.5_N4000_L24_T400000_seed3_cont2_dense500.npz,1.5,3,250,5,6,shrink,2950.0
bidisperse_a0.005_sr0.667_x1.5_N4000_L24_T400000_seed3_cont2_dense500.npz,1.5,3,250,5,6,shrink,550.0
bidisperse_a0.005_sr0.667_x1.5_N4000_L24_T400000_seed3_cont2_dense500.npz,1.5,3,250,5,6,shrink,650.0
bidisperse_a0.005_sr0.667_x1.5_N4000_L24_T400000_seed3_cont2_dense500.npz,1.5,3,250,5,6,shrink,400.0
bidisperse_a0.005_sr0.667_x1.5_N4000_L24_T400000_seed3_cont2_dense500.npz,1.5,3,250,5,6,shrink,500.0
bidisperse_a0.005_sr0.667_x1.5_N4000_L24_T400000_seed3_cont2_dense500.npz,1.5,3,250,5,5,shrink,200.0
bidisperse_a0.005_sr0.667_x1.5_N4000_L24_T400000_seed3_cont2_dense500.npz,1.5,3,250,5,5,grow,100.0
bidisperse_a0.005_sr0.667_x1.5_N4000_L24_T400000_seed3_cont2_dense500.npz,1.5,3,250,5,5,shrink,150.0
bidisperse_a0.005_sr0.667_x1.5_N4000_L24_T400000_seed3_cont2_dense500.npz,1.5,3,250,5,5,grow,300.0
bidisperse_a0.005_sr0.667_x1.5_N4000_L24_T400000_seed3_cont2_dense500.npz,1.5,3,250,5,5,shrink,300.0
bidisperse_a0.005_sr0.667_x1.5_N4000_L24_T400000_seed3_cont2_dense500.npz,1.5,3,250,5,5,shrink,450.0
bidisperse_a0.005_sr0.667_x1.5_N4000_L24_T400000_seed3_cont2_dense500.npz,1.5,3,250,5,5,shrink,500.0
bidisperse_a0.005_sr0.667_x1.5_N4000_L24_T400000_seed3_cont2_dense500.npz,1.5,3,250,5,5,shrink,400.0
bidisperse_a0.005_sr0.667_x1.5_N4000_L24_T400000_seed3_cont2_dense500.npz,1.5,3,250,5,4,shrink,100.0
bidisperse_a0.005_sr0.667_x1.5_N4000_L24_T400000_seed3_cont2_dense500.npz,1.5,3,250,5,4,shrink,50.0
bidisperse_a0.005_sr0.667_x1.5_N4000_L24_T400000_seed3_cont2_dense500.npz,1.5,3,250,5,4,absorbed,500.0
bidisperse_a0.005_sr0.667_x1.5_N4000_L24_T400000_seed3_cont2_dense500.npz,1.5,3,250,5,4,shrink,1200.0
bidisperse_a0.005_sr0.667_x1.5_N4000_L24_T400000_seed3_cont2_dense500.npz,1.5,3,250,5,4,shrink,50.0
bidisperse_a0.005_sr0.667_x1.5_N4000_L24_T400000_seed3_cont2_dense500.npz,1.5,3,250,5,4,grow,2550.0
bidisperse_a0.005_sr0.667_x1.5_N4000_L24_T400000_seed3_cont2_dense500.npz,1.5,3,250,5,4,absorbed,100.0
bidisperse_a0.005_sr0.667_x1.5_N4000_L24_T400000_seed3_cont2_dense500.npz,1.5,3,250,5,4,shrink,50.0
bidisperse_a0.005_sr0.667_x1.5_N4000_L24_T400000_seed3_cont2_dense500.npz,1.5,3,250,5,4,shrink,2050.0
bidisperse_a0.005_sr0.667_x1.5_N4000_L24_T400000_seed3_cont2_dense500.npz,1.5,3,250,5,4,absorbed,350.0
bidisperse_a0.005_sr0.667_x1.5_N4000_L24_T400000_seed3_cont2_dense500.npz,1.5,3,250,5,4,grow,300.0
bidisperse_a0.005_sr0.667_x1.5_N4000_L24_T400000_seed3_cont2_dense500.npz,1.5,3,250,5,4,shrink,300.0
bidisperse_a0.005_sr0.667_x1.5_N4000_L24_T400000_seed3_cont2_dense500.npz,1.5,3,250,5,3,grow,100.0
bidisperse_a0.005_sr0.667_x1.5_N4000_L24_T400000_seed3_cont2_dense500.npz,1.5,3,250,5,3,shrink,50.0
bidisperse_a0.005_sr0.667_x1.5_N4000_L24_T400000_seed3_cont2_dense500.npz,1.5,3,250,5,3,shrink,100.0
bidisperse_a0.005_sr0.667_x1.5_N4000_L24_T400000_seed3_cont2_dense500.npz,1.5,3,250,5,3,shrink,350.0
bidisperse_a0.005_sr0.667_x1.5_N4000_L24_T400000_seed3_cont2_dense500.npz,1.5,3,250,5,3,shrink,100.0
bidisperse_a0.005_sr0.667_x1.5_N4000_L24_T400000_seed3_cont2_dense500.npz,1.5,3,250,5,3,absorbed,500.0
bidisperse_a0.005_sr0.667_x1.5_N4000_L24_T400000_seed3_cont2_dense500.npz,1.5,3,250,5,3,shrink,50.0
bidisperse_a0.005_sr0.667_x1.5_N4000_L24_T400000_seed3_cont2_dense500.npz,1.5,3,250,5,3,grow,100.0
bidisperse_a0.005_sr0.667_x1.5_N4000_L24_T400000_seed3_cont2_dense500.npz,1.5,3,250,5,3,shrink,50.0
bidisperse_a0.005_sr0.667_x1.5_N4000_L24_T400000_seed3_cont2_dense500.npz,1.5,3,250,5,3,grow,550.0
bidisperse_a0.005_sr0.667_x1.5_N4000_L24_T400000_seed3_cont2_dense500.npz,1.5,3,250,5,3,shrink,300.0
bidisperse_a0.005_sr0.667_x1.5_N4000_L24_T400000_seed3_cont2_dense500.npz,1.5,3,250,5,3,shrink,150.0
bidisperse_a0.005_sr0.667_x1.5_N4000_L24_T400000_seed3_cont2_dense500.npz,1.5,3,250,5,3,shrink,50.0
bidisperse_a0.005_sr0.667_x1.5_N4000_L24_T400000_seed3_cont2_dense500.npz,1.5,3,250,5,3,shrink,50.0
bidisperse_a0.005_sr0.667_x1.5_N4000_L24_T400000_seed3_cont2_dense500.npz,1.5,3,250,5,3,shrink,100.0
bidisperse_a0.005_sr0.667_x1.5_N4000_L24_T400000_seed3_cont2_dense500.npz,1.5,3,250,5,3,shrink,200.0
bidisperse_a0.005_sr0.667_x1.5_N4000_L24_T400000_seed3_cont2_dense500.npz,1.5,3,250,5,3,shrink,150.0
bidisperse_a0.005_sr0.667_x1.5_N4000_L24_T400000_seed3_cont2_dense500.npz,1.5,3,250,5,3,shrink,150.0
bidisperse_a0.005_sr0.667_x1.5_N4000_L24_T400000_seed3_cont2_dense500.npz,1.5,3,250,5,3,open,0.0
bidisperse_a0.005_sr0.667_x1.5_N4000_L24_T400000_seed3_cont2_dense500.npz,1.5,3,250,5,3,shrink,50.0
bidisperse_a0.005_sr0.667_x1.5_N4000_L24_T400000_seed3_cont2_dense500.npz,1.5,3,250,5,3,shrink,2050.0
bidisperse_a0.005_sr0.667_x1.5_N4000_L24_T400000_seed3_cont2_dense500.npz,1.5,3,250,5,3,shrink,350.0
bidisperse_a0.005_sr0.667_x1.5_N4000_L24_T400000_seed3_cont2_dense500.npz,1.5,3,250,5,3,shrink,350.0
bidisperse_a0.005_sr0.667_x1.5_N4000_L24_T400000_seed3_cont2_dense500.npz,1.5,3,250,5,3,grow,50.0
bidisperse_a0.005_sr0.667_x1.5_N4000_L24_T400000_seed3_cont2_dense500.npz,1.5,3,250,5,3,shrink,250.0
bidisperse_a0.005_sr0.667_x1.5_N4000_L24_T400000_seed3_cont2_dense500.npz,1.5,3,250,5,3,shrink,150.0
bidisperse_a0.005_sr0.667_x1.5_N4000_L24_T400000_seed3_cont2_dense500.npz,1.5,3,250,5,3,shrink,2950.0
bidisperse_a0.005_sr0.667_x1.5_N4000_L24_T400000_seed3_cont2_dense500.npz,1.5,3,250,5,3,shrink,50.0
bidisperse_a0.005_sr0.667_x1.5_N4000_L24_T400000_seed3_cont2_dense500.npz,1.5,3,250,6,72,grow,50.0
bidisperse_a0.005_sr0.667_x1.5_N4000_L24_T400000_seed3_cont2_dense500.npz,1.5,3,250,6,56,grow,50.0
bidisperse_a0.005_sr0.667_x1.5_N4000_L24_T400000_seed3_cont2_dense500.npz,1.5,3,250,6,52,grow,50.0
bidisperse_a0.005_sr0.667_x1.5_N4000_L24_T400000_seed3_cont2_dense500.npz,1.5,3,250,6,25,grow,50.0
bidisperse_a0.005_sr0.667_x1.5_N4000_L24_T400000_seed3_cont2_dense500.npz,1.5,3,250,6,24,grow,50.0
bidisperse_a0.005_sr0.667_x1.5_N4000_L24_T400000_seed3_cont2_dense500.npz,1.5,3,250,6,23,grow,50.0
bidisperse_a0.005_sr0.667_x1.5_N4000_L24_T400000_seed3_cont2_dense500.npz,1.5,3,250,6,18,grow,200.0
bidisperse_a0.005_sr0.667_x1.5_N4000_L24_T400000_seed3_cont2_dense500.npz,1.5,3,250,6,18,shrink,1450.0
bidisperse_a0.005_sr0.667_x1.5_N4000_L24_T400000_seed3_cont2_dense500.npz,1.5,3,250,6,14,grow,200.0
bidisperse_a0.005_sr0.667_x1.5_N4000_L24_T400000_seed3_cont2_dense500.npz,1.5,3,250,6,12,grow,200.0
bidisperse_a0.005_sr0.667_x1.5_N4000_L24_T400000_seed3_cont2_dense500.npz,1.5,3,250,6,12,shrink,650.0
bidisperse_a0.005_sr0.667_x1.5_N4000_L24_T400000_seed3_cont2_dense500.npz,1.5,3,250,6,12,grow,250.0
bidisperse_a0.005_sr0.667_x1.5_N4000_L24_T400000_seed3_cont2_dense500.npz,1.5,3,250,6,11,shrink,1150.0
bidisperse_a0.005_sr0.667_x1.5_N4000_L24_T400000_seed3_cont2_dense500.npz,1.5,3,250,6,11,absorbed,150.0
bidisperse_a0.005_sr0.667_x1.5_N4000_L24_T400000_seed3_cont2_dense500.npz,1.5,3,250,6,10,open,0.0
bidisperse_a0.005_sr0.667_x1.5_N4000_L24_T400000_seed3_cont2_dense500.npz,1.5,3,250,6,10,grow,850.0
bidisperse_a0.005_sr0.667_x1.5_N4000_L24_T400000_seed3_cont2_dense500.npz,1.5,3,250,6,10,open,0.0
bidisperse_a0.005_sr0.667_x1.5_N4000_L24_T400000_seed3_cont2_dense500.npz,1.5,3,250,6,10,shrink,1450.0
bidisperse_a0.005_sr0.667_x1.5_N4000_L24_T400000_seed3_cont2_dense500.npz,1.5,3,250,6,9,shrink,400.0
bidisperse_a0.005_sr0.667_x1.5_N4000_L24_T400000_seed3_cont2_dense500.npz,1.5,3,250,6,9,grow,500.0
bidisperse_a0.005_sr0.667_x1.5_N4000_L24_T400000_seed3_cont2_dense500.npz,1.5,3,250,6,9,grow,1300.0
bidisperse_a0.005_sr0.667_x1.5_N4000_L24_T400000_seed3_cont2_dense500.npz,1.5,3,250,6,8,shrink,300.0
bidisperse_a0.005_sr0.667_x1.5_N4000_L24_T400000_seed3_cont2_dense500.npz,1.5,3,250,6,8,grow,850.0
bidisperse_a0.005_sr0.667_x1.5_N4000_L24_T400000_seed3_cont2_dense500.npz,1.5,3,250,6,8,grow,200.0
bidisperse_a0.005_sr0.667_x1.5_N4000_L24_T400000_seed3_cont2_dense500.npz,1.5,3,250,6,7,shrink,1750.0
bidisperse_a0.005_sr0.667_x1.5_N4000_L24_T400000_seed3_cont2_dense500.npz,1.5,3,250,6,7,shrink,750.0
bidisperse_a0.005_sr0.667_x1.5_N4000_L24_T400000_seed3_cont2_dense500.npz,1.5,3,250,6,7,grow,2350.0
bidisperse_a0.005_sr0.667_x1.5_N4000_L24_T400000_seed3_cont2_dense500.npz,1.5,3,250,6,6,shrink,1700.0
bidisperse_a0.005_sr0.667_x1.5_N4000_L24_T400000_seed3_cont2_dense500.npz,1.5,3,250,6,6,open,0.0
bidisperse_a0.005_sr0.667_x1.5_N4000_L24_T400000_seed3_cont2_dense500.npz,1.5,3,250,6,6,shrink,350.0
bidisperse_a0.005_sr0.667_x1.5_N4000_L24_T400000_seed3_cont2_dense500.npz,1.5,3,250,6,6,shrink,250.0
bidisperse_a0.005_sr0.667_x1.5_N4000_L24_T400000_seed3_cont2_dense500.npz,1.5,3,250,6,6,shrink,250.0
bidisperse_a0.005_sr0.667_x1.5_N4000_L24_T400000_seed3_cont2_dense500.npz,1.5,3,250,6,6,shrink,300.0
bidisperse_a0.005_sr0.667_x1.5_N4000_L24_T400000_seed3_cont2_dense500.npz,1.5,3,250,6,5,shrink,2700.0
bidisperse_a0.005_sr0.667_x1.5_N4000_L24_T400000_seed3_cont2_dense500.npz,1.5,3,250,6,5,grow,50.0
bidisperse_a0.005_sr0.667_x1.5_N4000_L24_T400000_seed3_cont2_dense500.npz,1.5,3,250,6,5,grow,50.0
bidisperse_a0.005_sr0.667_x1.5_N4000_L24_T400000_seed3_cont2_dense500.npz,1.5,3,250,6,5,shrink,100.0
bidisperse_a0.005_sr0.667_x1.5_N4000_L24_T400000_seed3_cont2_dense500.npz,1.5,3,250,6,5,shrink,250.0
bidisperse_a0.005_sr0.667_x1.5_N4000_L24_T400000_seed3_cont2_dense500.npz,1.5,3,250,6,5,grow,200.0
bidisperse_a0.005_sr0.667_x1.5_N4000_L24_T400000_seed3_cont2_dense500.npz,1.5,3,250,6,5,shrink,200.0
bidisperse_a0.005_sr0.667_x1.5_N4000_L24_T400000_seed3_cont2_dense500.npz,1.5,3,250,6,5,shrink,650.0
bidisperse_a0.005_sr0.667_x1.5_N4000_L24_T400000_seed3_cont2_dense500.npz,1.5,3,250,6,4,shrink,300.0
bidisperse_a0.005_sr0.667_x1.5_N4000_L24_T400000_seed3_cont2_dense500.npz,1.5,3,250,6,4,shrink,150.0
bidisperse_a0.005_sr0.667_x1.5_N4000_L24_T400000_seed3_cont2_dense500.npz,1.5,3,250,6,4,shrink,50.0
bidisperse_a0.005_sr0.667_x1.5_N4000_L24_T400000_seed3_cont2_dense500.npz,1.5,3,250,6,4,shrink,1750.0
bidisperse_a0.005_sr0.667_x1.5_N4000_L24_T400000_seed3_cont2_dense500.npz,1.5,3,250,6,4,open,0.0
bidisperse_a0.005_sr0.667_x1.5_N4000_L24_T400000_seed3_cont2_dense500.npz,1.5,3,250,6,4,shrink,250.0
bidisperse_a0.005_sr0.667_x1.5_N4000_L24_T400000_seed3_cont2_dense500.npz,1.5,3,250,6,4,absorbed,150.0
bidisperse_a0.005_sr0.667_x1.5_N4000_L24_T400000_seed3_cont2_dense500.npz,1.5,3,250,6,4,shrink,50.0
bidisperse_a0.005_sr0.667_x1.5_N4000_L24_T400000_seed3_cont2_dense500.npz,1.5,3,250,6,4,grow,500.0
bidisperse_a0.005_sr0.667_x1.5_N4000_L24_T400000_seed3_cont2_dense500.npz,1.5,3,250,6,4,shrink,300.0
bidisperse_a0.005_sr0.667_x1.5_N4000_L24_T400000_seed3_cont2_dense500.npz,1.5,3,250,6,4,open,0.0
bidisperse_a0.005_sr0.667_x1.5_N4000_L24_T400000_seed3_cont2_dense500.npz,1.5,3,250,6,4,shrink,150.0
bidisperse_a0.005_sr0.667_x1.5_N4000_L24_T400000_seed3_cont2_dense500.npz,1.5,3,250,6,3,absorbed,150.0
bidisperse_a0.005_sr0.667_x1.5_N4000_L24_T400000_seed3_cont2_dense500.npz,1.5,3,250,6,3,shrink,50.0
bidisperse_a0.005_sr0.667_x1.5_N4000_L24_T400000_seed3_cont2_dense500.npz,1.5,3,250,6,3,shrink,150.0
bidisperse_a0.005_sr0.667_x1.5_N4000_L24_T400000_seed3_cont2_dense500.npz,1.5,3,250,6,3,shrink,200.0
bidisperse_a0.005_sr0.667_x1.5_N4000_L24_T400000_seed3_cont2_dense500.npz,1.5,3,250,6,3,shrink,400.0
bidisperse_a0.005_sr0.667_x1.5_N4000_L24_T400000_seed3_cont2_dense500.npz,1.5,3,250,6,3,shrink,50.0
bidisperse_a0.005_sr0.667_x1.5_N4000_L24_T400000_seed3_cont2_dense500.npz,1.5,3,250,6,3,shrink,550.0
bidisperse_a0.005_sr0.667_x1.5_N4000_L24_T400000_seed3_cont2_dense500.npz,1.5,3,250,6,3,shrink,50.0
bidisperse_a0.005_sr0.667_x1.5_N4000_L24_T400000_seed3_cont2_dense500.npz,1.5,3,250,6,3,shrink,200.0
bidisperse_a0.005_sr0.667_x1.5_N4000_L24_T400000_seed3_cont2_dense500.npz,1.5,3,250,6,3,shrink,2200.0
bidisperse_a0.005_sr0.667_x1.5_N4000_L24_T400000_seed3_cont2_dense500.npz,1.5,3,250,6,3,shrink,350.0
bidisperse_a0.005_sr0.667_x1.5_N4000_L24_T400000_seed3_cont2_dense500.npz,1.5,3,250,6,3,shrink,100.0
bidisperse_a0.005_sr0.667_x1.5_N4000_L24_T400000_seed3_cont2_dense500.npz,1.5,3,250,6,3,shrink,200.0
bidisperse_a0.005_sr0.667_x1.5_N4000_L24_T400000_seed3_cont2_dense500.npz,1.5,3,250,6,3,shrink,200.0
bidisperse_a0.005_sr0.667_x1.5_N4000_L24_T400000_seed3_cont2_dense500.npz,1.5,3,250,6,3,shrink,100.0
bidisperse_a0.005_sr0.667_x1.5_N4000_L24_T400000_seed3_cont2_dense500.npz,1.5,3,250,6,3,shrink,200.0
bidisperse_a0.005_sr0.667_x1.5_N4000_L24_T400000_seed3_cont2_dense500.npz,1.5,3,250,6,3,shrink,150.0
bidisperse_a0.005_sr0.667_x1.5_N4000_L24_T400000_seed3_cont2_dense500.npz,1.5,3,250,6,3,shrink,100.0
bidisperse_a0.005_sr0.667_x1.5_N4000_L24_T400000_seed3_cont2_dense500.npz,1.5,3,250,6,3,grow,1300.0
bidisperse_a0.005_sr0.667_x1.5_N4000_L24_T400000_seed3_cont2_dense500.npz,1.5,3,250,6,3,shrink,1350.0
bidisperse_a0.005_sr0.667_x1.5_N4000_L24_T400000_seed3_cont2_dense500.npz,1.5,3,250,6,3,grow,500.0
bidisperse_a0.005_sr0.667_x1.5_N4000_L24_T400000_seed3_cont2_dense500.npz,1.5,3,250,6,3,shrink,50.0
bidisperse_a0.005_sr0.667_x1.5_N4000_L24_T400000_seed3_cont2_dense500.npz,1.5,3,250,6,3,shrink,750.0
bidisperse_a0.005_sr0.667_x1.5_N4000_L24_T400000_seed3_cont2_dense500.npz,1.5,3,250,6,3,grow,50.0
bidisperse_a0.005_sr0.667_x1.5_N4000_L24_T400000_seed3_cont2_dense500.npz,1.5,3,250,6,3,shrink,200.0
bidisperse_a0.005_sr0.667_x1.5_N4000_L24_T400000_seed3_cont2_dense500.npz,1.5,3,250,6,3,shrink,100.0
bidisperse_a0.005_sr0.667_x1.5_N4000_L24_T400000_seed3_cont2_dense500.npz,1.5,3,250,6,3,open,0.0
bidisperse_a0.005_sr0.667_x1.5_N4000_L24_T400000_seed3_cont2_dense500.npz,1.5,3,250,6,3,shrink,250.0
bidisperse_a0.005_sr0.667_x1.5_N4000_L24_T400000_seed3_cont2_dense500.npz,1.5,3,250,7,72,grow,50.0
bidisperse_a0.005_sr0.667_x1.5_N4000_L24_T400000_seed3_cont2_dense500.npz,1.5,3,250,7,56,grow,50.0
bidisperse_a0.005_sr0.667_x1.5_N4000_L24_T400000_seed3_cont2_dense500.npz,1.5,3,250,7,52,grow,50.0
bidisperse_a0.005_sr0.667_x1.5_N4000_L24_T400000_seed3_cont2_dense500.npz,1.5,3,250,7,25,grow,50.0
bidisperse_a0.005_sr0.667_x1.5_N4000_L24_T400000_seed3_cont2_dense500.npz,1.5,3,250,7,24,grow,50.0
bidisperse_a0.005_sr0.667_x1.5_N4000_L24_T400000_seed3_cont2_dense500.npz,1.5,3,250,7,23,grow,50.0
bidisperse_a0.005_sr0.667_x1.5_N4000_L24_T400000_seed3_cont2_dense500.npz,1.5,3,250,7,18,grow,1200.0
bidisperse_a0.005_sr0.667_x1.5_N4000_L24_T400000_seed3_cont2_dense500.npz,1.5,3,250,7,18,open,0.0
bidisperse_a0.005_sr0.667_x1.5_N4000_L24_T400000_seed3_cont2_dense500.npz,1.5,3,250,7,14,grow,400.0
bidisperse_a0.005_sr0.667_x1.5_N4000_L24_T400000_seed3_cont2_dense500.npz,1.5,3,250,7,12,grow,200.0
bidisperse_a0.005_sr0.667_x1.5_N4000_L24_T400000_seed3_cont2_dense500.npz,1.5,3,250,7,12,shrink,250.0
bidisperse_a0.005_sr0.667_x1.5_N4000_L24_T400000_seed3_cont2_dense500.npz,1.5,3,250,7,12,absorbed,200.0
bidisperse_a0.005_sr0.667_x1.5_N4000_L24_T400000_seed3_cont2_dense500.npz,1.5,3,250,7,11,shrink,1050.0
bidisperse_a0.005_sr0.667_x1.5_N4000_L24_T400000_seed3_cont2_dense500.npz,1.5,3,250,7,11,absorbed,50.0
bidisperse_a0.005_sr0.667_x1.5_N4000_L24_T400000_seed3_cont2_dense500.npz,1.5,3,250,7,10,grow,2050.0
bidisperse_a0.005_sr0.667_x1.5_N4000_L24_T400000_seed3_cont2_dense500.npz,1.5,3,250,7,10,grow,1400.0
bidisperse_a0.005_sr0.667_x1.5_N4000_L24_T400000_seed3_cont2_dense500.npz,1.5,3,250,7,10,open,0.0
bidisperse_a0.005_sr0.667_x1.5_N4000_L24_T400000_seed3_cont2_dense500.npz,1.5,3,250,7,10,shrink,1200.0
bidisperse_a0.005_sr0.667_x1.5_N4000_L24_T400000_seed3_cont2_dense500.npz,1.5,3,250,7,9,grow,2900.0
bidisperse_a0.005_sr0.667_x1.5_N4000_L24_T400000_seed3_cont2_dense500.npz,1.5,3,250,7,9,shrink,700.0
bidisperse_a0.005_sr0.667_x1.5_N4000_L24_T400000_seed3_cont2_dense500.npz,1.5,3,250,7,9,open,0.0
bidisperse_a0.005_sr0.667_x1.5_N4000_L24_T400000_seed3_cont2_dense500.npz,1.5,3,250,7,8,shrink,400.0
bidisperse_a0.005_sr0.667_x1.5_N4000_L24_T400000_seed3_cont2_dense500.npz,1.5,3,250,7,8,shrink,300.0
bidisperse_a0.005_sr0.667_x1.5_N4000_L24_T400000_seed3_cont2_dense500.npz,1.5,3,250,7,8,grow,200.0
bidisperse_a0.005_sr0.667_x1.5_N4000_L24_T400000_seed3_cont2_dense500.npz,1.5,3,250,7,7,shrink,400.0
bidisperse_a0.005_sr0.667_x1.5_N4000_L24_T400000_seed3_cont2_dense500.npz,1.5,3,250,7,7,shrink,750.0
bidisperse_a0.005_sr0.667_x1.5_N4000_L24_T400000_seed3_cont2_dense500.npz,1.5,3,250,7,7,shrink,1150.0
bidisperse_a0.005_sr0.667_x1.5_N4000_L24_T400000_seed3_cont2_dense500.npz,1.5,3,250,7,6,shrink,1200.0
bidisperse_a0.005_sr0.667_x1.5_N4000_L24_T400000_seed3_cont2_dense500.npz,1.5,3,250,7,6,shrink,1200.0
bidisperse_a0.005_sr0.667_x1.5_N4000_L24_T400000_seed3_cont2_dense500.npz,1.5,3,250,7,6,shrink,1750.0
bidisperse_a0.005_sr0.667_x1.5_N4000_L24_T400000_seed3_cont2_dense500.npz,1.5,3,250,7,6,shrink,450.0
bidisperse_a0.005_sr0.667_x1.5_N4000_L24_T400000_seed3_cont2_dense500.npz,1.5,3,250,7,6,shrink,650.0
bidisperse_a0.005_sr0.667_x1.5_N4000_L24_T400000_seed3_cont2_dense500.npz,1.5,3,250,7,6,grow,50.0
bidisperse_a0.005_sr0.667_x1.5_N4000_L24_T400000_seed3_cont2_dense500.npz,1.5,3,250,7,5,shrink,300.0
bidisperse_a0.005_sr0.667_x1.5_N4000_L24_T400000_seed3_cont2_dense500.npz,1.5,3,250,7,5,grow,50.0
bidisperse_a0.005_sr0.667_x1.5_N4000_L24_T400000_seed3_cont2_dense500.npz,1.5,3,250,7,5,shrink,150.0
bidisperse_a0.005_sr0.667_x1.5_N4000_L24_T400000_seed3_cont2_dense500.npz,1.5,3,250,7,5,shrink,150.0
bidisperse_a0.005_sr0.667_x1.5_N4000_L24_T400000_seed3_cont2_dense500.npz,1.5,3,250,7,5,open,0.0
bidisperse_a0.005_sr0.667_x1.5_N4000_L24_T400000_seed3_cont2_dense500.npz,1.5,3,250,7,5,shrink,200.0
bidisperse_a0.005_sr0.667_x1.5_N4000_L24_T400000_seed3_cont2_dense500.npz,1.5,3,250,7,5,open,0.0
bidisperse_a0.005_sr0.667_x1.5_N4000_L24_T400000_seed3_cont2_dense500.npz,1.5,3,250,7,5,shrink,700.0
bidisperse_a0.005_sr0.667_x1.5_N4000_L24_T400000_seed3_cont2_dense500.npz,1.5,3,250,7,4,shrink,1200.0
bidisperse_a0.005_sr0.667_x1.5_N4000_L24_T400000_seed3_cont2_dense500.npz,1.5,3,250,7,4,shrink,1250.0
bidisperse_a0.005_sr0.667_x1.5_N4000_L24_T400000_seed3_cont2_dense500.npz,1.5,3,250,7,4,absorbed,1300.0
bidisperse_a0.005_sr0.667_x1.5_N4000_L24_T400000_seed3_cont2_dense500.npz,1.5,3,250,7,4,shrink,200.0
bidisperse_a0.005_sr0.667_x1.5_N4000_L24_T400000_seed3_cont2_dense500.npz,1.5,3,250,7,4,shrink,1950.0
bidisperse_a0.005_sr0.667_x1.5_N4000_L24_T400000_seed3_cont2_dense500.npz,1.5,3,250,7,4,open,0.0
bidisperse_a0.005_sr0.667_x1.5_N4000_L24_T400000_seed3_cont2_dense500.npz,1.5,3,250,7,4,absorbed,400.0
bidisperse_a0.005_sr0.667_x1.5_N4000_L24_T400000_seed3_cont2_dense500.npz,1.5,3,250,7,4,shrink,50.0
bidisperse_a0.005_sr0.667_x1.5_N4000_L24_T400000_seed3_cont2_dense500.npz,1.5,3,250,7,4,shrink,750.0
bidisperse_a0.005_sr0.667_x1.5_N4000_L24_T400000_seed3_cont2_dense500.npz,1.5,3,250,7,4,absorbed,300.0
bidisperse_a0.005_sr0.667_x1.5_N4000_L24_T400000_seed3_cont2_dense500.npz,1.5,3,250,7,4,grow,2050.0
bidisperse_a0.005_sr0.667_x1.5_N4000_L24_T400000_seed3_cont2_dense500.npz,1.5,3,250,7,4,shrink,100.0
bidisperse_a0.005_sr0.667_x1.5_N4000_L24_T400000_seed3_cont2_dense500.npz,1.5,3,250,7,3,absorbed,200.0
bidisperse_a0.005_sr0.667_x1.5_N4000_L24_T400000_seed3_cont2_dense500.npz,1.5,3,250,7,3,shrink,100.0
bidisperse_a0.005_sr0.667_x1.5_N4000_L24_T400000_seed3_cont2_dense500.npz,1.5,3,250,7,3,shrink,100.0
bidisperse_a0.005_sr0.667_x1.5_N4000_L24_T400000_seed3_cont2_dense500.npz,1.5,3,250,7,3,shrink,50.0
bidisperse_a0.005_sr0.667_x1.5_N4000_L24_T400000_seed3_cont2_dense500.npz,1.5,3,250,7,3,shrink,50.0
bidisperse_a0.005_sr0.667_x1.5_N4000_L24_T400000_seed3_cont2_dense500.npz,1.5,3,250,7,3,absorbed,1300.0
bidisperse_a0.005_sr0.667_x1.5_N4000_L24_T400000_seed3_cont2_dense500.npz,1.5,3,250,7,3,shrink,100.0
bidisperse_a0.005_sr0.667_x1.5_N4000_L24_T400000_seed3_cont2_dense500.npz,1.5,3,250,7,3,grow,50.0
bidisperse_a0.005_sr0.667_x1.5_N4000_L24_T400000_seed3_cont2_dense500.npz,1.5,3,250,7,3,shrink,50.0
bidisperse_a0.005_sr0.667_x1.5_N4000_L24_T400000_seed3_cont2_dense500.npz,1.5,3,250,7,3,shrink,200.0
bidisperse_a0.005_sr0.667_x1.5_N4000_L24_T400000_seed3_cont2_dense500.npz,1.5,3,250,7,3,shrink,50.0
bidisperse_a0.005_sr0.667_x1.5_N4000_L24_T400000_seed3_cont2_dense500.npz,1.5,3,250,7,3,shrink,150.0
bidisperse_a0.005_sr0.667_x1.5_N4000_L24_T400000_seed3_cont2_dense500.npz,1.5,3,250,7,3,shrink,50.0
bidisperse_a0.005_sr0.667_x1.5_N4000_L24_T400000_seed3_cont2_dense500.npz,1.5,3,250,7,3,shrink,250.0
bidisperse_a0.005_sr0.667_x1.5_N4000_L24_T400000_seed3_cont2_dense500.npz,1.5,3,250,7,3,shrink,200.0
bidisperse_a0.005_sr0.667_x1.5_N4000_L24_T400000_seed3_cont2_dense500.npz,1.5,3,250,7,3,shrink,50.0
bidisperse_a0.005_sr0.667_x1.5_N4000_L24_T400000_seed3_cont2_dense500.npz,1.5,3,250,7,3,shrink,50.0
bidisperse_a0.005_sr0.667_x1.5_N4000_L24_T400000_seed3_cont2_dense500.npz,1.5,3,250,7,3,shrink,150.0
bidisperse_a0.005_sr0.667_x1.5_N4000_L24_T400000_seed3_cont2_dense500.npz,1.5,3,250,7,3,open,0.0
bidisperse_a0.005_sr0.667_x1.5_N4000_L24_T400000_seed3_cont2_dense500.npz,1.5,3,250,7,3,shrink,150.0
bidisperse_a0.005_sr0.667_x1.5_N4000_L24_T400000_seed3_cont2_dense500.npz,1.5,3,250,7,3,shrink,750.0
bidisperse_a0.005_sr0.667_x1.5_N4000_L24_T400000_seed3_cont2_dense500.npz,1.5,3,250,7,3,shrink,150.0
bidisperse_a0.005_sr0.667_x1.5_N4000_L24_T400000_seed3_cont2_dense500.npz,1.5,3,250,7,3,shrink,50.0
bidisperse_a0.005_sr0.667_x1.5_N4000_L24_T400000_seed3_cont2_dense500.npz,1.5,3,250,7,3,grow,50.0
bidisperse_a0.005_sr0.667_x1.5_N4000_L24_T400000_seed3_cont2_dense500.npz,1.5,3,250,7,3,shrink,350.0
bidisperse_a0.005_sr0.667_x1.5_N4000_L24_T400000_seed3_cont2_dense500.npz,1.5,3,250,7,3,shrink,150.0
bidisperse_a0.005_sr0.667_x1.5_N4000_L24_T400000_seed3_cont2_dense500.npz,1.5,3,250,7,3,shrink,1200.0
bidisperse_a0.005_sr0.667_x1.5_N4000_L24_T400000_seed3_cont2_dense500.npz,1.5,3,250,7,3,shrink,250.0
bidisperse_a0.005_sr0.667_x1.5_N4000_L24_T400000_seed3_cont2_dense500.npz,1.5,3,250,8,72,grow,50.0
bidisperse_a0.005_sr0.667_x1.5_N4000_L24_T400000_seed3_cont2_dense500.npz,1.5,3,250,8,56,grow,50.0
bidisperse_a0.005_sr0.667_x1.5_N4000_L24_T400000_seed3_cont2_dense500.npz,1.5,3,250,8,52,grow,50.0
bidisperse_a0.005_sr0.667_x1.5_N4000_L24_T400000_seed3_cont2_dense500.npz,1.5,3,250,8,25,grow,50.0
bidisperse_a0.005_sr0.667_x1.5_N4000_L24_T400000_seed3_cont2_dense500.npz,1.5,3,250,8,24,grow,50.0
bidisperse_a0.005_sr0.667_x1.5_N4000_L24_T400000_seed3_cont2_dense500.npz,1.5,3,250,8,23,grow,50.0
bidisperse_a0.005_sr0.667_x1.5_N4000_L24_T400000_seed3_cont2_dense500.npz,1.5,3,250,8,18,grow,300.0
bidisperse_a0.005_sr0.667_x1.5_N4000_L24_T400000_seed3_cont2_dense500.npz,1.5,3,250,8,18,shrink,1950.0
bidisperse_a0.005_sr0.667_x1.5_N4000_L24_T400000_seed3_cont2_dense500.npz,1.5,3,250,8,14,grow,100.0
bidisperse_a0.005_sr0.667_x1.5_N4000_L24_T400000_seed3_cont2_dense500.npz,1.5,3,250,8,12,grow,150.0
bidisperse_a0.005_sr0.667_x1.5_N4000_L24_T400000_seed3_cont2_dense500.npz,1.5,3,250,8,12,shrink,350.0
bidisperse_a0.005_sr0.667_x1.5_N4000_L24_T400000_seed3_cont2_dense500.npz,1.5,3,250,8,12,absorbed,400.0
bidisperse_a0.005_sr0.667_x1.5_N4000_L24_T400000_seed3_cont2_dense500.npz,1.5,3,250,8,11,shrink,2000.0
bidisperse_a0.005_sr0.667_x1.5_N4000_L24_T400000_seed3_cont2_dense500.npz,1.5,3,250,8,11,absorbed,50.0
bidisperse_a0.005_sr0.667_x1.5_N4000_L24_T400000_seed3_cont2_dense500.npz,1.5,3,250,8,10,shrink,1100.0
bidisperse_a0.005_sr0.667_x1.5_N4000_L24_T400000_seed3_cont2_dense500.npz,1.5,3,250,8,10,grow,600.0
bidisperse_a0.005_sr0.667_x1.5_N4000_L24_T400000_seed3_cont2_dense500.npz,1.5,3,250,8,10,open,0.0
bidisperse_a0.005_sr0.667_x1.5_N4000_L24_T400000_seed3_cont2_dense500.npz,1.5,3,250,8,10,shrink,1750.0
bidisperse_a0.005_sr0.667_x1.5_N4000_L24_T400000_seed3_cont2_dense500.npz,1.5,3,250,8,9,shrink,750.0
bidisperse_a0.005_sr0.667_x1.5_N4000_L24_T400000_seed3_cont2_dense500.npz,1.5,3,250,8,9,grow,350.0
bidisperse_a0.005_sr0.667_x1.5_N4000_L24_T400000_seed3_cont2_dense500.npz,1.5,3,250,8,9,grow,2300.0
bidisperse_a0.005_sr0.667_x1.5_N4000_L24_T400000_seed3_cont2_dense500.npz,1.5,3,250,8,8,shrink,350.0
bidisperse_a0.005_sr0.667_x1.5_N4000_L24_T400000_seed3_cont2_dense500.npz,1.5,3,250,8,8,grow,600.0
bidisperse_a0.005_sr0.667_x1.5_N4000_L24_T400000_seed3_cont2_dense500.npz,1.5,3,250,8,8,grow,150.0
bidisperse_a0.005_sr0.667_x1.5_N4000_L24_T400000_seed3_cont2_dense500.npz,1.5,3,250,8,7,shrink,1300.0
bidisperse_a0.005_sr0.667_x1.5_N4000_L24_T400000_seed3_cont2_dense500.npz,1.5,3,250,8,7,shrink,1000.0
bidisperse_a0.005_sr0.667_x1.5_N4000_L24_T400000_seed3_cont2_dense500.npz,1.5,3,250,8,7,grow,1050.0
bidisperse_a0.005_sr0.667_x1.5_N4000_L24_T400000_seed3_cont2_dense500.npz,1.5,3,250,8,6,shrink,1850.0
bidisperse_a0.005_sr0.667_x1.5_N4000_L24_T400000_seed3_cont2_dense500.npz,1.5,3,250,8,6,shrink,2100.0
bidisperse_a0.005_sr0.667_x1.5_N4000_L24_T400000_seed3_cont2_dense500.npz,1.5,3,250,8,6,grow,1850.0
bidisperse_a0.005_sr0.667_x1.5_N4000_L24_T400000_seed3_cont2_dense500.npz,1.5,3,250,8,6,shrink,650.0
bidisperse_a0.005_sr0.667_x1.5_N4000_L24_T400000_seed3_cont2_dense500.npz,1.5,3,250,8,6,grow,1450.0
bidisperse_a0.005_sr0.667_x1.5_N4000_L24_T400000_seed3_cont2_dense500.npz,1.5,3,250,8,6,shrink,950.0
bidisperse_a0.005_sr0.667_x1.5_N4000_L24_T400000_seed3_cont2_dense500.npz,1.5,3,250,8,5,shrink,200.0
bidisperse_a0.005_sr0.667_x1.5_N4000_L24_T400000_seed3_cont2_dense500.npz,1.5,3,250,8,5,grow,150.0
bidisperse_a0.005_sr0.667_x1.5_N4000_L24_T400000_seed3_cont2_dense500.npz,1.5,3,250,8,5,shrink,50.0
bidisperse_a0.005_sr0.667_x1.5_N4000_L24_T400000_seed3_cont2_dense500.npz,1.5,3,250,8,5,shrink,150.0
bidisperse_a0.005_sr0.667_x1.5_N4000_L24_T400000_seed3_cont2_dense500.npz,1.5,3,250,8,5,shrink,100.0
bidisperse_a0.005_sr0.667_x1.5_N4000_L24_T400000_seed3_cont2_dense500.npz,1.5,3,250,8,5,grow,100.0
bidisperse_a0.005_sr0.667_x1.5_N4000_L24_T400000_seed3_cont2_dense500.npz,1.5,3,250,8,5,shrink,1600.0
bidisperse_a0.005_sr0.667_x1.5_N4000_L24_T400000_seed3_cont2_dense500.npz,1.5,3,250,8,5,shrink,600.0
bidisperse_a0.005_sr0.667_x1.5_N4000_L24_T400000_seed3_cont2_dense500.npz,1.5,3,250,8,4,shrink,2000.0
bidisperse_a0.005_sr0.667_x1.5_N4000_L24_T400000_seed3_cont2_dense500.npz,1.5,3,250,8,4,absorbed,350.0
bidisperse_a0.005_sr0.667_x1.5_N4000_L24_T400000_seed3_cont2_dense500.npz,1.5,3,250,8,4,absorbed,600.0
bidisperse_a0.005_sr0.667_x1.5_N4000_L24_T400000_seed3_cont2_dense500.npz,1.5,3,250,8,4,shrink,1300.0
bidisperse_a0.005_sr0.667_x1.5_N4000_L24_T400000_seed3_cont2_dense500.npz,1.5,3,250,8,4,shrink,1100.0
bidisperse_a0.005_sr0.667_x1.5_N4000_L24_T400000_seed3_cont2_dense500.npz,1.5,3,250,8,4,shrink,100.0
bidisperse_a0.005_sr0.667_x1.5_N4000_L24_T400000_seed3_cont2_dense500.npz,1.5,3,250,8,4,absorbed,250.0
bidisperse_a0.005_sr0.667_x1.5_N4000_L24_T400000_seed3_cont2_dense500.npz,1.5,3,250,8,4,shrink,250.0
bidisperse_a0.005_sr0.667_x1.5_N4000_L24_T400000_seed3_cont2_dense500.npz,1.5,3,250,8,4,grow,350.0
bidisperse_a0.005_sr0.667_x1.5_N4000_L24_T400000_seed3_cont2_dense500.npz,1.5,3,250,8,4,shrink,100.0
bidisperse_a0.005_sr0.667_x1.5_N4000_L24_T400000_seed3_cont2_dense500.npz,1.5,3,250,8,4,shrink,1100.0
bidisperse_a0.005_sr0.667_x1.5_N4000_L24_T400000_seed3_cont2_dense500.npz,1.5,3,250,8,4,shrink,700.0
bidisperse_a0.005_sr0.667_x1.5_N4000_L24_T400000_seed3_cont2_dense500.npz,1.5,3,250,8,3,shrink,50.0
bidisperse_a0.005_sr0.667_x1.5_N4000_L24_T400000_seed3_cont2_dense500.npz,1.5,3,250,8,3,shrink,100.0
bidisperse_a0.005_sr0.667_x1.5_N4000_L24_T400000_seed3_cont2_dense500.npz,1.5,3,250,8,3,shrink,100.0
bidisperse_a0.005_sr0.667_x1.5_N4000_L24_T400000_seed3_cont2_dense500.npz,1.5,3,250,8,3,shrink,450.0
bidisperse_a0.005_sr0.667_x1.5_N4000_L24_T400000_seed3_cont2_dense500.npz,1.5,3,250,8,3,shrink,50.0
bidisperse_a0.005_sr0.667_x1.5_N4000_L24_T400000_seed3_cont2_dense500.npz,1.5,3,250,8,3,absorbed,600.0
bidisperse_a0.005_sr0.667_x1.5_N4000_L24_T400000_seed3_cont2_dense500.npz,1.5,3,250,8,3,shrink,100.0
bidisperse_a0.005_sr0.667_x1.5_N4000_L24_T400000_seed3_cont2_dense500.npz,1.5,3,250,8,3,grow,250.0
bidisperse_a0.005_sr0.667_x1.5_N4000_L24_T400000_seed3_cont2_dense500.npz,1.5,3,250,8,3,shrink,1600.0
bidisperse_a0.005_sr0.667_x1.5_N4000_L24_T400000_seed3_cont2_dense500.npz,1.5,3,250,8,3,shrink,50.0
bidisperse_a0.005_sr0.667_x1.5_N4000_L24_T400000_seed3_cont2_dense500.npz,1.5,3,250,8,3,shrink,100.0
bidisperse_a0.005_sr0.667_x1.5_N4000_L24_T400000_seed3_cont2_dense500.npz,1.5,3,250,8,3,shrink,100.0
bidisperse_a0.005_sr0.667_x1.5_N4000_L24_T400000_seed3_cont2_dense500.npz,1.5,3,250,8,3,shrink,50.0
bidisperse_a0.005_sr0.667_x1.5_N4000_L24_T400000_seed3_cont2_dense500.npz,1.5,3,250,8,3,shrink,50.0
bidisperse_a0.005_sr0.667_x1.5_N4000_L24_T400000_seed3_cont2_dense500.npz,1.5,3,250,8,3,shrink,50.0
bidisperse_a0.005_sr0.667_x1.5_N4000_L24_T400000_seed3_cont2_dense500.npz,1.5,3,250,8,3,shrink,100.0
bidisperse_a0.005_sr0.667_x1.5_N4000_L24_T400000_seed3_cont2_dense500.npz,1.5,3,250,8,3,grow,150.0
bidisperse_a0.005_sr0.667_x1.5_N4000_L24_T400000_seed3_cont2_dense500.npz,1.5,3,250,8,3,shrink,250.0
bidisperse_a0.005_sr0.667_x1.5_N4000_L24_T400000_seed3_cont2_dense500.npz,1.5,3,250,8,3,grow,2300.0
bidisperse_a0.005_sr0.667_x1.5_N4000_L24_T400000_seed3_cont2_dense500.npz,1.5,3,250,8,3,shrink,150.0
bidisperse_a0.005_sr0.667_x1.5_N4000_L24_T400000_seed3_cont2_dense500.npz,1.5,3,250,8,3,grow,350.0
bidisperse_a0.005_sr0.667_x1.5_N4000_L24_T400000_seed3_cont2_dense500.npz,1.5,3,250,8,3,shrink,50.0
bidisperse_a0.005_sr0.667_x1.5_N4000_L24_T400000_seed3_cont2_dense500.npz,1.5,3,250,8,3,shrink,100.0
bidisperse_a0.005_sr0.667_x1.5_N4000_L24_T400000_seed3_cont2_dense500.npz,1.5,3,250,8,3,grow,50.0
bidisperse_a0.005_sr0.667_x1.5_N4000_L24_T400000_seed3_cont2_dense500.npz,1.5,3,250,8,3,shrink,200.0
bidisperse_a0.005_sr0.667_x1.5_N4000_L24_T400000_seed3_cont2_dense500.npz,1.5,3,250,8,3,shrink,150.0
bidisperse_a0.005_sr0.667_x1.5_N4000_L24_T400000_seed3_cont2_dense500.npz,1.5,3,250,8,3,shrink,2100.0
bidisperse_a0.005_sr0.667_x1.5_N4000_L24_T400000_seed3_cont2_dense500.npz,1.5,3,250,8,3,shrink,50.0
bidisperse_a0.005_sr0.667_x1.5_N4000_L24_T400000_seed3_cont2_dense500.npz,1.5,3,250,9,72,grow,50.0
bidisperse_a0.005_sr0.667_x1.5_N4000_L24_T400000_seed3_cont2_dense500.npz,1.5,3,250,9,56,grow,50.0
bidisperse_a0.005_sr0.667_x1.5_N4000_L24_T400000_seed3_cont2_dense500.npz,1.5,3,250,9,52,grow,50.0
bidisperse_a0.005_sr0.667_x1.5_N4000_L24_T400000_seed3_cont2_dense500.npz,1.5,3,250,9,25,absorbed,50.0
bidisperse_a0.005_sr0.667_x1.5_N4000_L24_T400000_seed3_cont2_dense500.npz,1.5,3,250,9,24,grow,50.0
bidisperse_a0.005_sr0.667_x1.5_N4000_L24_T400000_seed3_cont2_dense500.npz,1.5,3,250,9,23,grow,50.0
bidisperse_a0.005_sr0.667_x1.5_N4000_L24_T400000_seed3_cont2_dense500.npz,1.5,3,250,9,18,grow,50.0
bidisperse_a0.005_sr0.667_x1.5_N4000_L24_T400000_seed3_cont2_dense500.npz,1.5,3,250,9,18,open,0.0
bidisperse_a0.005_sr0.667_x1.5_N4000_L24_T400000_seed3_cont2_dense500.npz,1.5,3,250,9,14,grow,500.0
bidisperse_a0.005_sr0.667_x1.5_N4000_L24_T400000_seed3_cont2_dense500.npz,1.5,3,250,9,12,grow,350.0
bidisperse_a0.005_sr0.667_x1.5_N4000_L24_T400000_seed3_cont2_dense500.npz,1.5,3,250,9,12,shrink,400.0
bidisperse_a0.005_sr0.667_x1.5_N4000_L24_T400000_seed3_cont2_dense500.npz,1.5,3,250,9,12,absorbed,100.0
bidisperse_a0.005_sr0.667_x1.5_N4000_L24_T400000_seed3_cont2_dense500.npz,1.5,3,250,9,11,open,0.0
bidisperse_a0.005_sr0.667_x1.5_N4000_L24_T400000_seed3_cont2_dense500.npz,1.5,3,250,9,11,absorbed,50.0
bidisperse_a0.005_sr0.667_x1.5_N4000_L24_T400000_seed3_cont2_dense500.npz,1.5,3,250,9,10,grow,450.0
bidisperse_a0.005_sr0.667_x1.5_N4000_L24_T400000_seed3_cont2_dense500.npz,1.5,3,250,9,10,grow,1250.0
bidisperse_a0.005_sr0.667_x1.5_N4000_L24_T400000_seed3_cont2_dense500.npz,1.5,3,250,9,10,shrink,850.0
bidisperse_a0.005_sr0.667_x1.5_N4000_L24_T400000_seed3_cont2_dense500.npz,1.5,3,250,9,10,shrink,1050.0
bidisperse_a0.005_sr0.667_x1.5_N4000_L24_T400000_seed3_cont2_dense500.npz,1.5,3,250,9,9,shrink,500.0
bidisperse_a0.005_sr0.667_x1.5_N4000_L24_T400000_seed3_cont2_dense500.npz,1.5,3,250,9,9,grow,350.0
bidisperse_a0.005_sr0.667_x1.5_N4000_L24_T400000_seed3_cont2_dense500.npz,1.5,3,250,9,9,open,0.0
bidisperse_a0.005_sr0.667_x1.5_N4000_L24_T400000_seed3_cont2_dense500.npz,1.5,3,250,9,8,shrink,850.0
bidisperse_a0.005_sr0.667_x1.5_N4000_L24_T400000_seed3_cont2_dense500.npz,1.5,3,250,9,8,shrink,100.0
bidisperse_a0.005_sr0.667_x1.5_N4000_L24_T400000_seed3_cont2_dense500.npz,1.5,3,250,9,8,grow,350.0
bidisperse_a0.005_sr0.667_x1.5_N4000_L24_T400000_seed3_cont2_dense500.npz,1.5,3,250,9,7,shrink,150.0
bidisperse_a0.005_sr0.667_x1.5_N4000_L24_T400000_seed3_cont2_dense500.npz,1.5,3,250,9,7,shrink,300.0
bidisperse_a0.005_sr0.667_x1.5_N4000_L24_T400000_seed3_cont2_dense500.npz,1.5,3,250,9,7,open,0.0
bidisperse_a0.005_sr0.667_x1.5_N4000_L24_T400000_seed3_cont2_dense500.npz,1.5,3,250,9,6,shrink,1550.0
bidisperse_a0.005_sr0.667_x1.5_N4000_L24_T400000_seed3_cont2_dense500.npz,1.5,3,250,9,6,grow,1250.0
bidisperse_a0.005_sr0.667_x1.5_N4000_L24_T400000_seed3_cont2_dense500.npz,1.5,3,250,9,6,shrink,450.0
bidisperse_a0.005_sr0.667_x1.5_N4000_L24_T400000_seed3_cont2_dense500.npz,1.5,3,250,9,6,shrink,900.0
bidisperse_a0.005_sr0.667_x1.5_N4000_L24_T400000_seed3_cont2_dense500.npz,1.5,3,250,9,6,shrink,1600.0
bidisperse_a0.005_sr0.667_x1.5_N4000_L24_T400000_seed3_cont2_dense500.npz,1.5,3,250,9,6,shrink,100.0
bidisperse_a0.005_sr0.667_x1.5_N4000_L24_T400000_seed3_cont2_dense500.npz,1.5,3,250,9,5,shrink,650.0
bidisperse_a0.005_sr0.667_x1.5_N4000_L24_T400000_seed3_cont2_dense500.npz,1.5,3,250,9,5,grow,100.0
bidisperse_a0.005_sr0.667_x1.5_N4000_L24_T400000_seed3_cont2_dense500.npz,1.5,3,250,9,5,grow,100.0
bidisperse_a0.005_sr0.667_x1.5_N4000_L24_T400000_seed3_cont2_dense500.npz,1.5,3,250,9,5,shrink,100.0
bidisperse_a0.005_sr0.667_x1.5_N4000_L24_T400000_seed3_cont2_dense500.npz,1.5,3,250,9,5,shrink,150.0
bidisperse_a0.005_sr0.667_x1.5_N4000_L24_T400000_seed3_cont2_dense500.npz,1.5,3,250,9,5,shrink,150.0
bidisperse_a0.005_sr0.667_x1.5_N4000_L24_T400000_seed3_cont2_dense500.npz,1.5,3,250,9,5,shrink,400.0
bidisperse_a0.005_sr0.667_x1.5_N4000_L24_T400000_seed3_cont2_dense500.npz,1.5,3,250,9,5,shrink,100.0
bidisperse_a0.005_sr0.667_x1.5_N4000_L24_T400000_seed3_cont2_dense500.npz,1.5,3,250,9,4,shrink,50.0
bidisperse_a0.005_sr0.667_x1.5_N4000_L24_T400000_seed3_cont2_dense500.npz,1.5,3,250,9,4,absorbed,750.0
bidisperse_a0.005_sr0.667_x1.5_N4000_L24_T400000_seed3_cont2_dense500.npz,1.5,3,250,9,4,absorbed,600.0
bidisperse_a0.005_sr0.667_x1.5_N4000_L24_T400000_seed3_cont2_dense500.npz,1.5,3,250,9,4,shrink,200.0
bidisperse_a0.005_sr0.667_x1.5_N4000_L24_T400000_seed3_cont2_dense500.npz,1.5,3,250,9,4,grow,450.0
bidisperse_a0.005_sr0.667_x1.5_N4000_L24_T400000_seed3_cont2_dense500.npz,1.5,3,250,9,4,shrink,150.0
bidisperse_a0.005_sr0.667_x1.5_N4000_L24_T400000_seed3_cont2_dense500.npz,1.5,3,250,9,4,absorbed,200.0
bidisperse_a0.005_sr0.667_x1.5_N4000_L24_T400000_seed3_cont2_dense500.npz,1.5,3,250,9,4,shrink,100.0
bidisperse_a0.005_sr0.667_x1.5_N4000_L24_T400000_seed3_cont2_dense500.npz,1.5,3,250,9,4,grow,400.0
bidisperse_a0.005_sr0.667_x1.5_N4000_L24_T400000_seed3_cont2_dense500.npz,1.5,3,250,9,4,shrink,100.0
bidisperse_a0.005_sr0.667_x1.5_N4000_L24_T400000_seed3_cont2_dense500.npz,1.5,3,250,9,4,grow,450.0
bidisperse_a0.005_sr0.667_x1.5_N4000_L24_T400000_seed3_cont2_dense500.npz,1.5,3,250,9,4,shrink,50.0
bidisperse_a0.005_sr0.667_x1.5_N4000_L24_T400000_seed3_cont2_dense500.npz,1.5,3,250,9,3,absorbed,100.0
bidisperse_a0.005_sr0.667_x1.5_N4000_L24_T400000_seed3_cont2_dense500.npz,1.5,3,250,9,3,shrink,50.0
bidisperse_a0.005_sr0.667_x1.5_N4000_L24_T400000_seed3_cont2_dense500.npz,1.5,3,250,9,3,shrink,50.0
bidisperse_a0.005_sr0.667_x1.5_N4000_L24_T400000_seed3_cont2_dense500.npz,1.5,3,250,9,3,shrink,350.0
bidisperse_a0.005_sr0.667_x1.5_N4000_L24_T400000_seed3_cont2_dense500.npz,1.5,3,250,9,3,shrink,100.0
bidisperse_a0.005_sr0.667_x1.5_N4000_L24_T400000_seed3_cont2_dense500.npz,1.5,3,250,9,3,absorbed,600.0
bidisperse_a0.005_sr0.667_x1.5_N4000_L24_T400000_seed3_cont2_dense500.npz,1.5,3,250,9,3,shrink,100.0
bidisperse_a0.005_sr0.667_x1.5_N4000_L24_T400000_seed3_cont2_dense500.npz,1.5,3,250,9,3,grow,50.0
bidisperse_a0.005_sr0.667_x1.5_N4000_L24_T400000_seed3_cont2_dense500.npz,1.5,3,250,9,3,shrink,400.0
bidisperse_a0.005_sr0.667_x1.5_N4000_L24_T400000_seed3_cont2_dense500.npz,1.5,3,250,9,3,shrink,150.0
bidisperse_a0.005_sr0.667_x1.5_N4000_L24_T400000_seed3_cont2_dense500.npz,1.5,3,250,9,3,shrink,100.0
bidisperse_a0.005_sr0.667_x1.5_N4000_L24_T400000_seed3_cont2_dense500.npz,1.5,3,250,9,3,grow,400.0
bidisperse_a0.005_sr0.667_x1.5_N4000_L24_T400000_seed3_cont2_dense500.npz,1.5,3,250,9,3,shrink,50.0
bidisperse_a0.005_sr0.667_x1.5_N4000_L24_T400000_seed3_cont2_dense500.npz,1.5,3,250,9,3,shrink,300.0
bidisperse_a0.005_sr0.667_x1.5_N4000_L24_T400000_seed3_cont2_dense500.npz,1.5,3,250,9,3,shrink,150.0
bidisperse_a0.005_sr0.667_x1.5_N4000_L24_T400000_seed3_cont2_dense500.npz,1.5,3,250,9,3,shrink,50.0
bidisperse_a0.005_sr0.667_x1.5_N4000_L24_T400000_seed3_cont2_dense500.npz,1.5,3,250,9,3,shrink,50.0
bidisperse_a0.005_sr0.667_x1.5_N4000_L24_T400000_seed3_cont2_dense500.npz,1.5,3,250,9,3,shrink,100.0
bidisperse_a0.005_sr0.667_x1.5_N4000_L24_T400000_seed3_cont2_dense500.npz,1.5,3,250,9,3,open,0.0
bidisperse_a0.005_sr0.667_x1.5_N4000_L24_T400000_seed3_cont2_dense500.npz,1.5,3,250,9,3,shrink,200.0
bidisperse_a0.005_sr0.667_x1.5_N4000_L24_T400000_seed3_cont2_dense500.npz,1.5,3,250,9,3,grow,400.0
bidisperse_a0.005_sr0.667_x1.5_N4000_L24_T400000_seed3_cont2_dense500.npz,1.5,3,250,9,3,shrink,200.0
bidisperse_a0.005_sr0.667_x1.5_N4000_L24_T400000_seed3_cont2_dense500.npz,1.5,3,250,9,3,shrink,50.0
bidisperse_a0.005_sr0.667_x1.5_N4000_L24_T400000_seed3_cont2_dense500.npz,1.5,3,250,9,3,grow,50.0
bidisperse_a0.005_sr0.667_x1.5_N4000_L24_T400000_seed3_cont2_dense500.npz,1.5,3,250,9,3,shrink,200.0
bidisperse_a0.005_sr0.667_x1.5_N4000_L24_T400000_seed3_cont2_dense500.npz,1.5,3,250,9,3,shrink,50.0
bidisperse_a0.005_sr0.667_x1.5_N4000_L24_T400000_seed3_cont2_dense500.npz,1.5,3,250,9,3,grow,1250.0
bidisperse_a0.005_sr0.667_x1.5_N4000_L24_T400000_seed3_cont2_dense500.npz,1.5,3,250,9,3,shrink,1000.0
bidisperse_a0.005_sr0.667_x1.5_N4000_L24_T400000_seed3_cont2_dense500.npz,1.5,3,250,10,72,grow,50.0
bidisperse_a0.005_sr0.667_x1.5_N4000_L24_T400000_seed3_cont2_dense500.npz,1.5,3,250,10,56,grow,50.0
bidisperse_a0.005_sr0.667_x1.5_N4000_L24_T400000_seed3_cont2_dense500.npz,1.5,3,250,10,52,grow,50.0
bidisperse_a0.005_sr0.667_x1.5_N4000_L24_T400000_seed3_cont2_dense500.npz,1.5,3,250,10,25,grow,50.0
bidisperse_a0.005_sr0.667_x1.5_N4000_L24_T400000_seed3_cont2_dense500.npz,1.5,3,250,10,24,grow,50.0
bidisperse_a0.005_sr0.667_x1.5_N4000_L24_T400000_seed3_cont2_dense500.npz,1.5,3,250,10,23,grow,50.0
bidisperse_a0.005_sr0.667_x1.5_N4000_L24_T400000_seed3_cont2_dense500.npz,1.5,3,250,10,18,grow,250.0
bidisperse_a0.005_sr0.667_x1.5_N4000_L24_T400000_seed3_cont2_dense500.npz,1.5,3,250,10,18,open,0.0
bidisperse_a0.005_sr0.667_x1.5_N4000_L24_T400000_seed3_cont2_dense500.npz,1.5,3,250,10,14,grow,450.0
bidisperse_a0.005_sr0.667_x1.5_N4000_L24_T400000_seed3_cont2_dense500.npz,1.5,3,250,10,12,grow,350.0
bidisperse_a0.005_sr0.667_x1.5_N4000_L24_T400000_seed3_cont2_dense500.npz,1.5,3,250,10,12,shrink,450.0
bidisperse_a0.005_sr0.667_x1.5_N4000_L24_T400000_seed3_cont2_dense500.npz,1.5,3,250,10,12,absorbed,150.0
bidisperse_a0.005_sr0.667_x1.5_N4000_L24_T400000_seed3_cont2_dense500.npz,1.5,3,250,10,11,grow,1700.0
bidisperse_a0.005_sr0.667_x1.5_N4000_L24_T400000_seed3_cont2_dense500.npz,1.5,3,250,10,11,absorbed,50.0
bidisperse_a0.005_sr0.667_x1.5_N4000_L24_T400000_seed3_cont2_dense500.npz,1.5,3,250,10,10,grow,550.0
bidisperse_a0.005_sr0.667_x1.5_N4000_L24_T400000_seed3_cont2_dense500.npz,1.5,3,250,10,10,grow,1000.0
bidisperse_a0.005_sr0.667_x1.5_N4000_L24_T400000_seed3_cont2_dense500.npz,1.5,3,250,10,10,shrink,750.0
bidisperse_a0.005_sr0.667_x1.5_N4000_L24_T400000_seed3_cont2_dense500.npz,1.5,3,250,10,10,shrink,1800.0
bidisperse_a0.005_sr0.667_x1.5_N4000_L24_T400000_seed3_cont2_dense500.npz,1.5,3,250,10,9,shrink,200.0
bidisperse_a0.005_sr0.667_x1.5_N4000_L24_T400000_seed3_cont2_dense500.npz,1.5,3,250,10,9,grow,350.0
bidisperse_a0.005_sr0.667_x1.5_N4000_L24_T400000_seed3_cont2_dense500.npz,1.5,3,250,10,9,grow,2000.0
bidisperse_a0.005_sr0.667_x1.5_N4000_L24_T400000_seed3_cont2_dense500.npz,1.5,3,250,10,8,open,0.0
bidisperse_a0.005_sr0.667_x1.5_N4000_L24_T400000_seed3_cont2_dense500.npz,1.5,3,250,10,8,shrink,800.0
bidisperse_a0.005_sr0.667_x1.5_N4000_L24_T400000_seed3_cont2_dense500.npz,1.5,3,250,10,8,grow,350.0
bidisperse_a0.005_sr0.667_x1.5_N4000_L24_T400000_seed3_cont2_dense500.npz,1.5,3,250,10,7,open,0.0
bidisperse_a0.005_sr0.667_x1.5_N4000_L24_T400000_seed3_cont2_dense500.npz,1.5,3,250,10,7,shrink,200.0
bidisperse_a0.005_sr0.667_x1.5_N4000_L24_T400000_seed3_cont2_dense500.npz,1.5,3,250,10,7,shrink,1650.0
bidisperse_a0.005_sr0.667_x1.5_N4000_L24_T400000_seed3_cont2_dense500.npz,1.5,3,250,10,6,open,0.0
bidisperse_a0.005_sr0.667_x1.5_N4000_L24_T400000_seed3_cont2_dense500.npz,1.5,3,250,10,6,grow,1550.0
bidisperse_a0.005_sr0.667_x1.5_N4000_L24_T400000_seed3_cont2_dense500.npz,1.5,3,250,10,6,shrink,400.0
bidisperse_a0.005_sr0.667_x1.5_N4000_L24_T400000_seed3_cont2_dense500.npz,1.5,3,250,10,6,shrink,350.0
bidisperse_a0.005_sr0.667_x1.5_N4000_L24_T400000_seed3_cont2_dense500.npz,1.5,3,250,10,6,shrink,650.0
bidisperse_a0.005_sr0.667_x1.5_N4000_L24_T400000_seed3_cont2_dense500.npz,1.5,3,250,10,6,grow,50.0
bidisperse_a0.005_sr0.667_x1.5_N4000_L24_T400000_seed3_cont2_dense500.npz,1.5,3,250,10,5,shrink,1250.0
bidisperse_a0.005_sr0.667_x1.5_N4000_L24_T400000_seed3_cont2_dense500.npz,1.5,3,250,10,5,grow,100.0
bidisperse_a0.005_sr0.667_x1.5_N4000_L24_T400000_seed3_cont2_dense500.npz,1.5,3,250,10,5,grow,50.0
bidisperse_a0.005_sr0.667_x1.5_N4000_L24_T400000_seed3_cont2_dense500.npz,1.5,3,250,10,5,shrink,150.0
bidisperse_a0.005_sr0.667_x1.5_N4000_L24_T400000_seed3_cont2_dense500.npz,1.5,3,250,10,5,shrink,750.0
bidisperse_a0.005_sr0.667_x1.5_N4000_L24_T400000_seed3_cont2_dense500.npz,1.5,3,250,10,5,grow,450.0
bidisperse_a0.005_sr0.667_x1.5_N4000_L24_T400000_seed3_cont2_dense500.npz,1.5,3,250,10,5,open,0.0
bidisperse_a0.005_sr0.667_x1.5_N4000_L24_T400000_seed3_cont2_dense500.npz,1.5,3,250,10,5,shrink,200.0
bidisperse_a0.005_sr0.667_x1.5_N4000_L24_T400000_seed3_cont2_dense500.npz,1.5,3,250,10,4,shrink,250.0
bidisperse_a0.005_sr0.667_x1.5_N4000_L24_T400000_seed3_cont2_dense500.npz,1.5,3,250,10,4,shrink,900.0
bidisperse_a0.005_sr0.667_x1.5_N4000_L24_T400000_seed3_cont2_dense500.npz,1.5,3,250,10,4,grow,350.0
bidisperse_a0.005_sr0.667_x1.5_N4000_L24_T400000_seed3_cont2_dense500.npz,1.5,3,250,10,4,open,0.0
bidisperse_a0.005_sr0.667_x1.5_N4000_L24_T400000_seed3_cont2_dense500.npz,1.5,3,250,10,4,grow,550.0
bidisperse_a0.005_sr0.667_x1.5_N4000_L24_T400000_seed3_cont2_dense500.npz,1.5,3,250,10,4,shrink,250.0
bidisperse_a0.005_sr0.667_x1.5_N4000_L24_T400000_seed3_cont2_dense500.npz,1.5,3,250,10,4,absorbed,300.0
bidisperse_a0.005_sr0.667_x1.5_N4000_L24_T400000_seed3_cont2_dense500.npz,1.5,3,250,10,4,shrink,50.0
bidisperse_a0.005_sr0.667_x1.5_N4000_L24_T400000_seed3_cont2_dense500.npz,1.5,3,250,10,4,grow,300.0
bidisperse_a0.005_sr0.667_x1.5_N4000_L24_T400000_seed3_cont2_dense500.npz,1.5,3,250,10,4,shrink,150.0
bidisperse_a0.005_sr0.667_x1.5_N4000_L24_T400000_seed3_cont2_dense500.npz,1.5,3,250,10,4,grow,550.0
bidisperse_a0.005_sr0.667_x1.5_N4000_L24_T400000_seed3_cont2_dense500.npz,1.5,3,250,10,4,shrink,700.0
bidisperse_a0.005_sr0.667_x1.5_N4000_L24_T400000_seed3_cont2_dense500.npz,1.5,3,250,10,3,absorbed,100.0
bidisperse_a0.005_sr0.667_x1.5_N4000_L24_T400000_seed3_cont2_dense500.npz,1.5,3,250,10,3,shrink,50.0
bidisperse_a0.005_sr0.667_x1.5_N4000_L24_T400000_seed3_cont2_dense500.npz,1.5,3,250,10,3,shrink,50.0
bidisperse_a0.005_sr0.667_x1.5_N4000_L24_T400000_seed3_cont2_dense500.npz,1.5,3,250,10,3,shrink,100.0
bidisperse_a0.005_sr0.667_x1.5_N4000_L24_T400000_seed3_cont2_dense500.npz,1.5,3,250,10,3,absorbed,600.0
bidisperse_a0.005_sr0.667_x1.5_N4000_L24_T400000_seed3_cont2_dense500.npz,1.5,3,250,10,3,grow,350.0
bidisperse_a0.005_sr0.667_x1.5_N4000_L24_T400000_seed3_cont2_dense500.npz,1.5,3,250,10,3,shrink,50.0
bidisperse_a0.005_sr0.667_x1.5_N4000_L24_T400000_seed3_cont2_dense500.npz,1.5,3,250,10,3,shrink,100.0
bidisperse_a0.005_sr0.667_x1.5_N4000_L24_T400000_seed3_cont2_dense500.npz,1.5,3,250,10,3,open,0.0
bidisperse_a0.005_sr0.667_x1.5_N4000_L24_T400000_seed3_cont2_dense500.npz,1.5,3,250,10,3,shrink,350.0
bidisperse_a0.005_sr0.667_x1.5_N4000_L24_T400000_seed3_cont2_dense500.npz,1.5,3,250,10,3,shrink,100.0
bidisperse_a0.005_sr0.667_x1.5_N4000_L24_T400000_seed3_cont2_dense500.npz,1.5,3,250,10,3,shrink,50.0
bidisperse_a0.005_sr0.667_x1.5_N4000_L24_T400000_seed3_cont2_dense500.npz,1.5,3,250,10,3,shrink,50.0
bidisperse_a0.005_sr0.667_x1.5_N4000_L24_T400000_seed3_cont2_dense500.npz,1.5,3,250,10,3,shrink,100.0
bidisperse_a0.005_sr0.667_x1.5_N4000_L24_T400000_seed3_cont2_dense500.npz,1.5,3,250,10,3,shrink,50.0
bidisperse_a0.005_sr0.667_x1.5_N4000_L24_T400000_seed3_cont2_dense500.npz,1.5,3,250,10,3,shrink,200.0
bidisperse_a0.005_sr0.667_x1.5_N4000_L24_T400000_seed3_cont2_dense500.npz,1.5,3,250,10,3,absorbed,200.0
bidisperse_a0.005_sr0.667_x1.5_N4000_L24_T400000_seed3_cont2_dense500.npz,1.5,3,250,10,3,shrink,200.0
bidisperse_a0.005_sr0.667_x1.5_N4000_L24_T400000_seed3_cont2_dense500.npz,1.5,3,250,10,3,grow,2000.0
bidisperse_a0.005_sr0.667_x1.5_N4000_L24_T400000_seed3_cont2_dense500.npz,1.5,3,250,10,3,shrink,200.0
bidisperse_a0.005_sr0.667_x1.5_N4000_L24_T400000_seed3_cont2_dense500.npz,1.5,3,250,10,3,grow,300.0
bidisperse_a0.005_sr0.667_x1.5_N4000_L24_T400000_seed3_cont2_dense500.npz,1.5,3,250,10,3,shrink,50.0
bidisperse_a0.005_sr0.667_x1.5_N4000_L24_T400000_seed3_cont2_dense500.npz,1.5,3,250,10,3,shrink,150.0
bidisperse_a0.005_sr0.667_x1.5_N4000_L24_T400000_seed3_cont2_dense500.npz,1.5,3,250,10,3,grow,50.0
bidisperse_a0.005_sr0.667_x1.5_N4000_L24_T400000_seed3_cont2_dense500.npz,1.5,3,250,10,3,shrink,50.0
bidisperse_a0.005_sr0.667_x1.5_N4000_L24_T400000_seed3_cont2_dense500.npz,1.5,3,250,10,3,grow,450.0
bidisperse_a0.005_sr0.667_x1.5_N4000_L24_T400000_seed3_cont2_dense500.npz,1.5,3,250,10,3,grow,1550.0
bidisperse_a0.005_sr0.667_x1.5_N4000_L24_T400000_seed3_cont2_dense500.npz,1.5,3,250,10,3,shrink,50.0
bidisperse_a0.005_sr0.667_x1.5_N4000_L24_T400000_seed3_cont2_dense500.npz,1.5,3,250,11,72,grow,50.0
bidisperse_a0.005_sr0.667_x1.5_N4000_L24_T400000_seed3_cont2_dense500.npz,1.5,3,250,11,56,grow,50.0
bidisperse_a0.005_sr0.667_x1.5_N4000_L24_T400000_seed3_cont2_dense500.npz,1.5,3,250,11,52,grow,50.0
bidisperse_a0.005_sr0.667_x1.5_N4000_L24_T400000_seed3_cont2_dense500.npz,1.5,3,250,11,25,grow,50.0
bidisperse_a0.005_sr0.667_x1.5_N4000_L24_T400000_seed3_cont2_dense500.npz,1.5,3,250,11,24,grow,50.0
bidisperse_a0.005_sr0.667_x1.5_N4000_L24_T400000_seed3_cont2_dense500.npz,1.5,3,250,11,23,grow,50.0
bidisperse_a0.005_sr0.667_x1.5_N4000_L24_T400000_seed3_cont2_dense500.npz,1.5,3,250,11,18,grow,150.0
bidisperse_a0.005_sr0.667_x1.5_N4000_L24_T400000_seed3_cont2_dense500.npz,1.5,3,250,11,18,shrink,2550.0
bidisperse_a0.005_sr0.667_x1.5_N4000_L24_T400000_seed3_cont2_dense500.npz,1.5,3,250,11,14,grow,100.0
bidisperse_a0.005_sr0.667_x1.5_N4000_L24_T400000_seed3_cont2_dense500.npz,1.5,3,250,11,12,grow,150.0
bidisperse_a0.005_sr0.667_x1.5_N4000_L24_T400000_seed3_cont2_dense500.npz,1.5,3,250,11,12,shrink,350.0
bidisperse_a0.005_sr0.667_x1.5_N4000_L24_T400000_seed3_cont2_dense500.npz,1.5,3,250,11,12,grow,400.0
bidisperse_a0.005_sr0.667_x1.5_N4000_L24_T400000_seed3_cont2_dense500.npz,1.5,3,250,11,11,grow,1500.0
bidisperse_a0.005_sr0.667_x1.5_N4000_L24_T400000_seed3_cont2_dense500.npz,1.5,3,250,11,11,absorbed,50.0
bidisperse_a0.005_sr0.667_x1.5_N4000_L24_T400000_seed3_cont2_dense500.npz,1.5,3,250,11,10,grow,300.0
bidisperse_a0.005_sr0.667_x1.5_N4000_L24_T400000_seed3_cont2_dense500.npz,1.5,3,250,11,10,grow,450.0
bidisperse_a0.005_sr0.667_x1.5_N4000_L24_T400000_seed3_cont2_dense500.npz,1.5,3,250,11,10,grow,350.0
bidisperse_a0.005_sr0.667_x1.5_N4000_L24_T400000_seed3_cont2_dense500.npz,1.5,3,250,11,10,shrink,550.0
bidisperse_a0.005_sr0.667_x1.5_N4000_L24_T400000_seed3_cont2_dense500.npz,1.5,3,250,11,9,shrink,600.0
bidisperse_a0.005_sr0.667_x1.5_N4000_L24_T400000_seed3_cont2_dense500.npz,1.5,3,250,11,9,absorbed,900.0
bidisperse_a0.005_sr0.667_x1.5_N4000_L24_T400000_seed3_cont2_dense500.npz,1.5,3,250,11,9,grow,750.0
bidisperse_a0.005_sr0.667_x1.5_N4000_L24_T400000_seed3_cont2_dense500.npz,1.5,3,250,11,8,grow,350.0
bidisperse_a0.005_sr0.667_x1.5_N4000_L24_T400000_seed3_cont2_dense500.npz,1.5,3,250,11,8,grow,450.0
bidisperse_a0.005_sr0.667_x1.5_N4000_L24_T400000_seed3_cont2_dense500.npz,1.5,3,250,11,8,grow,150.0
bidisperse_a0.005_sr0.667_x1.5_N4000_L24_T400000_seed3_cont2_dense500.npz,1.5,3,250,11,7,shrink,1300.0
bidisperse_a0.005_sr0.667_x1.5_N4000_L24_T400000_seed3_cont2_dense500.npz,1.5,3,250,11,7,shrink,550.0
bidisperse_a0.005_sr0.667_x1.5_N4000_L24_T400000_seed3_cont2_dense500.npz,1.5,3,250,11,7,shrink,1200.0
bidisperse_a0.005_sr0.667_x1.5_N4000_L24_T400000_seed3_cont2_dense500.npz,1.5,3,250,11,6,shrink,850.0
bidisperse_a0.005_sr0.667_x1.5_N4000_L24_T400000_seed3_cont2_dense500.npz,1.5,3,250,11,6,open,0.0
bidisperse_a0.005_sr0.667_x1.5_N4000_L24_T400000_seed3_cont2_dense500.npz,1.5,3,250,11,6,shrink,500.0
bidisperse_a0.005_sr0.667_x1.5_N4000_L24_T400000_seed3_cont2_dense500.npz,1.5,3,250,11,6,shrink,1300.0
bidisperse_a0.005_sr0.667_x1.5_N4000_L24_T400000_seed3_cont2_dense500.npz,1.5,3,250,11,6,shrink,2000.0
bidisperse_a0.005_sr0.667_x1.5_N4000_L24_T400000_seed3_cont2_dense500.npz,1.5,3,250,11,6,shrink,200.0
bidisperse_a0.005_sr0.667_x1.5_N4000_L24_T400000_seed3_cont2_dense500.npz,1.5,3,250,11,5,shrink,350.0
bidisperse_a0.005_sr0.667_x1.5_N4000_L24_T400000_seed3_cont2_dense500.npz,1.5,3,250,11,5,grow,150.0
bidisperse_a0.005_sr0.667_x1.5_N4000_L24_T400000_seed3_cont2_dense500.npz,1.5,3,250,11,5,grow,100.0
bidisperse_a0.005_sr0.667_x1.5_N4000_L24_T400000_seed3_cont2_dense500.npz,1.5,3,250,11,5,shrink,300.0
bidisperse_a0.005_sr0.667_x1.5_N4000_L24_T400000_seed3_cont2_dense500.npz,1.5,3,250,11,5,shrink,250.0
bidisperse_a0.005_sr0.667_x1.5_N4000_L24_T400000_seed3_cont2_dense500.npz,1.5,3,250,11,5,grow,100.0
bidisperse_a0.005_sr0.667_x1.5_N4000_L24_T400000_seed3_cont2_dense500.npz,1.5,3,250,11,5,grow,500.0
bidisperse_a0.005_sr0.667_x1.5_N4000_L24_T400000_seed3_cont2_dense500.npz,1.5,3,250,11,5,shrink,300.0
bidisperse_a0.005_sr0.667_x1.5_N4000_L24_T400000_seed3_cont2_dense500.npz,1.5,3,250,11,4,shrink,300.0
bidisperse_a0.005_sr0.667_x1.5_N4000_L24_T400000_seed3_cont2_dense500.npz,1.5,3,250,11,4,shrink,200.0
bidisperse_a0.005_sr0.667_x1.5_N4000_L24_T400000_seed3_cont2_dense500.npz,1.5,3,250,11,4,shrink,550.0
bidisperse_a0.005_sr0.667_x1.5_N4000_L24_T400000_seed3_cont2_dense500.npz,1.5,3,250,11,4,shrink,1300.0
bidisperse_a0.005_sr0.667_x1.5_N4000_L24_T400000_seed3_cont2_dense500.npz,1.5,3,250,11,4,grow,300.0
bidisperse_a0.005_sr0.667_x1.5_N4000_L24_T400000_seed3_cont2_dense500.npz,1.5,3,250,11,4,grow,350.0
bidisperse_a0.005_sr0.667_x1.5_N4000_L24_T400000_seed3_cont2_dense500.npz,1.5,3,250,11,4,absorbed,250.0
bidisperse_a0.005_sr0.667_x1.5_N4000_L24_T400000_seed3_cont2_dense500.npz,1.5,3,250,11,4,shrink,100.0
bidisperse_a0.005_sr0.667_x1.5_N4000_L24_T400000_seed3_cont2_dense500.npz,1.5,3,250,11,4,shrink,800.0
bidisperse_a0.005_sr0.667_x1.5_N4000_L24_T400000_seed3_cont2_dense500.npz,1.5,3,250,11,4,grow,400.0
bidisperse_a0.005_sr0.667_x1.5_N4000_L24_T400000_seed3_cont2_dense500.npz,1.5,3,250,11,4,grow,300.0
bidisperse_a0.005_sr0.667_x1.5_N4000_L24_T400000_seed3_cont2_dense500.npz,1.5,3,250,11,4,shrink,50.0
bidisperse_a0.005_sr0.667_x1.5_N4000_L24_T400000_seed3_cont2_dense500.npz,1.5,3,250,11,3,shrink,50.0
bidisperse_a0.005_sr0.667_x1.5_N4000_L24_T400000_seed3_cont2_dense500.npz,1.5,3,250,11,3,shrink,250.0
bidisperse_a0.005_sr0.667_x1.5_N4000_L24_T400000_seed3_cont2_dense500.npz,1.5,3,250,11,3,shrink,50.0
bidisperse_a0.005_sr0.667_x1.5_N4000_L24_T400000_seed3_cont2_dense500.npz,1.5,3,250,11,3,shrink,150.0
bidisperse_a0.005_sr0.667_x1.5_N4000_L24_T400000_seed3_cont2_dense500.npz,1.5,3,250,11,3,shrink,50.0
bidisperse_a0.005_sr0.667_x1.5_N4000_L24_T400000_seed3_cont2_dense500.npz,1.5,3,250,11,3,shrink,550.0
bidisperse_a0.005_sr0.667_x1.5_N4000_L24_T400000_seed3_cont2_dense500.npz,1.5,3,250,11,3,shrink,50.0
bidisperse_a0.005_sr0.667_x1.5_N4000_L24_T400000_seed3_cont2_dense500.npz,1.5,3,250,11,3,grow,50.0
bidisperse_a0.005_sr0.667_x1.5_N4000_L24_T400000_seed3_cont2_dense500.npz,1.5,3,250,11,3,grow,500.0
bidisperse_a0.005_sr0.667_x1.5_N4000_L24_T400000_seed3_cont2_dense500.npz,1.5,3,250,11,3,shrink,50.0
bidisperse_a0.005_sr0.667_x1.5_N4000_L24_T400000_seed3_cont2_dense500.npz,1.5,3,250,11,3,shrink,50.0
bidisperse_a0.005_sr0.667_x1.5_N4000_L24_T400000_seed3_cont2_dense500.npz,1.5,3,250,11,3,shrink,100.0
bidisperse_a0.005_sr0.667_x1.5_N4000_L24_T400000_seed3_cont2_dense500.npz,1.5,3,250,11,3,shrink,100.0
bidisperse_a0.005_sr0.667_x1.5_N4000_L24_T400000_seed3_cont2_dense500.npz,1.5,3,250,11,3,shrink,300.0
bidisperse_a0.005_sr0.667_x1.5_N4000_L24_T400000_seed3_cont2_dense500.npz,1.5,3,250,11,3,shrink,300.0
bidisperse_a0.005_sr0.667_x1.5_N4000_L24_T400000_seed3_cont2_dense500.npz,1.5,3,250,11,3,shrink,350.0
bidisperse_a0.005_sr0.667_x1.5_N4000_L24_T400000_seed3_cont2_dense500.npz,1.5,3,250,11,3,shrink,100.0
bidisperse_a0.005_sr0.667_x1.5_N4000_L24_T400000_seed3_cont2_dense500.npz,1.5,3,250,11,3,shrink,100.0
bidisperse_a0.005_sr0.667_x1.5_N4000_L24_T400000_seed3_cont2_dense500.npz,1.5,3,250,11,3,shrink,50.0
bidisperse_a0.005_sr0.667_x1.5_N4000_L24_T400000_seed3_cont2_dense500.npz,1.5,3,250,11,3,shrink,50.0
bidisperse_a0.005_sr0.667_x1.5_N4000_L24_T400000_seed3_cont2_dense500.npz,1.5,3,250,11,3,shrink,800.0
bidisperse_a0.005_sr0.667_x1.5_N4000_L24_T400000_seed3_cont2_dense500.npz,1.5,3,250,11,3,shrink,100.0
bidisperse_a0.005_sr0.667_x1.5_N4000_L24_T400000_seed3_cont2_dense500.npz,1.5,3,250,11,3,shrink,50.0
bidisperse_a0.005_sr0.667_x1.5_N4000_L24_T400000_seed3_cont2_dense500.npz,1.5,3,250,11,3,grow,50.0
bidisperse_a0.005_sr0.667_x1.5_N4000_L24_T400000_seed3_cont2_dense500.npz,1.5,3,250,11,3,shrink,100.0
bidisperse_a0.005_sr0.667_x1.5_N4000_L24_T400000_seed3_cont2_dense500.npz,1.5,3,250,11,3,shrink,200.0
bidisperse_a0.005_sr0.667_x1.5_N4000_L24_T400000_seed3_cont2_dense500.npz,1.5,3,250,11,3,open,0.0
bidisperse_a0.005_sr0.667_x1.5_N4000_L24_T400000_seed3_cont2_dense500.npz,1.5,3,250,11,3,shrink,250.0
bidisperse_a0.005_sr0.667_x1.5_N4000_L24_T400000_seed3_cont2_dense500.npz,1.5,3,500,0,65,grow,50.0
bidisperse_a0.005_sr0.667_x1.5_N4000_L24_T400000_seed3_cont2_dense500.npz,1.5,3,500,0,39,grow,50.0
bidisperse_a0.005_sr0.667_x1.5_N4000_L24_T400000_seed3_cont2_dense500.npz,1.5,3,500,0,32,grow,50.0
bidisperse_a0.005_sr0.667_x1.5_N4000_L24_T400000_seed3_cont2_dense500.npz,1.5,3,500,0,26,grow,50.0
bidisperse_a0.005_sr0.667_x1.5_N4000_L24_T400000_seed3_cont2_dense500.npz,1.5,3,500,0,25,grow,50.0
bidisperse_a0.005_sr0.667_x1.5_N4000_L24_T400000_seed3_cont2_dense500.npz,1.5,3,500,0,23,grow,50.0
bidisperse_a0.005_sr0.667_x1.5_N4000_L24_T400000_seed3_cont2_dense500.npz,1.5,3,500,0,19,grow,50.0
bidisperse_a0.005_sr0.667_x1.5_N4000_L24_T400000_seed3_cont2_dense500.npz,1.5,3,500,0,13,open,0.0
bidisperse_a0.005_sr0.667_x1.5_N4000_L24_T400000_seed3_cont2_dense500.npz,1.5,3,500,0,12,grow,1000.0
bidisperse_a0.005_sr0.667_x1.5_N4000_L24_T400000_seed3_cont2_dense500.npz,1.5,3,500,0,12,open,0.0
bidisperse_a0.005_sr0.667_x1.5_N4000_L24_T400000_seed3_cont2_dense500.npz,1.5,3,500,0,11,open,0.0
bidisperse_a0.005_sr0.667_x1.5_N4000_L24_T400000_seed3_cont2_dense500.npz,1.5,3,500,0,11,shrink,1000.0
bidisperse_a0.005_sr0.667_x1.5_N4000_L24_T400000_seed3_cont2_dense500.npz,1.5,3,500,0,10,grow,1000.0
bidisperse_a0.005_sr0.667_x1.5_N4000_L24_T400000_seed3_cont2_dense500.npz,1.5,3,500,0,10,grow,2650.0
bidisperse_a0.005_sr0.667_x1.5_N4000_L24_T400000_seed3_cont2_dense500.npz,1.5,3,500,0,10,open,0.0
bidisperse_a0.005_sr0.667_x1.5_N4000_L24_T400000_seed3_cont2_dense500.npz,1.5,3,500,0,10,shrink,1050.0
bidisperse_a0.005_sr0.667_x1.5_N4000_L24_T400000_seed3_cont2_dense500.npz,1.5,3,500,0,9,grow,450.0
bidisperse_a0.005_sr0.667_x1.5_N4000_L24_T400000_seed3_cont2_dense500.npz,1.5,3,500,0,9,shrink,2000.0
bidisperse_a0.005_sr0.667_x1.5_N4000_L24_T400000_seed3_cont2_dense500.npz,1.5,3,500,0,9,shrink,2600.0
bidisperse_a0.005_sr0.667_x1.5_N4000_L24_T400000_seed3_cont2_dense500.npz,1.5,3,500,0,8,grow,2900.0
bidisperse_a0.005_sr0.667_x1.5_N4000_L24_T400000_seed3_cont2_dense500.npz,1.5,3,500,0,8,shrink,600.0
bidisperse_a0.005_sr0.667_x1.5_N4000_L24_T400000_seed3_cont2_dense500.npz,1.5,3,500,0,7,shrink,50.0
bidisperse_a0.005_sr0.667_x1.5_N4000_L24_T400000_seed3_cont2_dense500.npz,1.5,3,500,0,7,shrink,400.0
bidisperse_a0.005_sr0.667_x1.5_N4000_L24_T400000_seed3_cont2_dense500.npz,1.5,3,500,0,7,absorbed,50.0
bidisperse_a0.005_sr0.667_x1.5_N4000_L24_T400000_seed3_cont2_dense500.npz,1.5,3,500,0,6,absorbed,150.0
bidisperse_a0.005_sr0.667_x1.5_N4000_L24_T400000_seed3_cont2_dense500.npz,1.5,3,500,0,6,shrink,100.0
bidisperse_a0.005_sr0.667_x1.5_N4000_L24_T400000_seed3_cont2_dense500.npz,1.5,3,500,0,6,shrink,1550.0
bidisperse_a0.005_sr0.667_x1.5_N4000_L24_T400000_seed3_cont2_dense500.npz,1.5,3,500,0,6,shrink,250.0
bidisperse_a0.005_sr0.667_x1.5_N4000_L24_T400000_seed3_cont2_dense500.npz,1.5,3,500,0,6,grow,2900.0
bidisperse_a0.005_sr0.667_x1.5_N4000_L24_T400000_seed3_cont2_dense500.npz,1.5,3,500,0,5,shrink,150.0
bidisperse_a0.005_sr0.667_x1.5_N4000_L24_T400000_seed3_cont2_dense500.npz,1.5,3,500,0,5,shrink,300.0
bidisperse_a0.005_sr0.667_x1.5_N4000_L24_T400000_seed3_cont2_dense500.npz,1.5,3,500,0,5,shrink,850.0
bidisperse_a0.005_sr0.667_x1.5_N4000_L24_T400000_seed3_cont2_dense500.npz,1.5,3,500,0,5,shrink,350.0
bidisperse_a0.005_sr0.667_x1.5_N4000_L24_T400000_seed3_cont2_dense500.npz,1.5,3,500,0,5,shrink,250.0
bidisperse_a0.005_sr0.667_x1.5_N4000_L24_T400000_seed3_cont2_dense500.npz,1.5,3,500,0,5,absorbed,250.0
bidisperse_a0.005_sr0.667_x1.5_N4000_L24_T400000_seed3_cont2_dense500.npz,1.5,3,500,0,4,grow,50.0
bidisperse_a0.005_sr0.667_x1.5_N4000_L24_T400000_seed3_cont2_dense500.npz,1.5,3,500,0,4,shrink,250.0
bidisperse_a0.005_sr0.667_x1.5_N4000_L24_T400000_seed3_cont2_dense500.npz,1.5,3,500,0,4,shrink,100.0
bidisperse_a0.005_sr0.667_x1.5_N4000_L24_T400000_seed3_cont2_dense500.npz,1.5,3,500,0,4,shrink,250.0
bidisperse_a0.005_sr0.667_x1.5_N4000_L24_T400000_seed3_cont2_dense500.npz,1.5,3,500,0,4,shrink,450.0
bidisperse_a0.005_sr0.667_x1.5_N4000_L24_T400000_seed3_cont2_dense500.npz,1.5,3,500,0,4,shrink,200.0
bidisperse_a0.005_sr0.667_x1.5_N4000_L24_T400000_seed3_cont2_dense500.npz,1.5,3,500,0,4,shrink,50.0
bidisperse_a0.005_sr0.667_x1.5_N4000_L24_T400000_seed3_cont2_dense500.npz,1.5,3,500,0,4,shrink,450.0
bidisperse_a0.005_sr0.667_x1.5_N4000_L24_T400000_seed3_cont2_dense500.npz,1.5,3,500,0,4,shrink,100.0
bidisperse_a0.005_sr0.667_x1.5_N4000_L24_T400000_seed3_cont2_dense500.npz,1.5,3,500,0,4,shrink,150.0
bidisperse_a0.005_sr0.667_x1.5_N4000_L24_T400000_seed3_cont2_dense500.npz,1.5,3,500,0,4,shrink,50.0
bidisperse_a0.005_sr0.667_x1.5_N4000_L24_T400000_seed3_cont2_dense500.npz,1.5,3,500,0,4,absorbed,850.0
bidisperse_a0.005_sr0.667_x1.5_N4000_L24_T400000_seed3_cont2_dense500.npz,1.5,3,500,0,4,shrink,300.0
bidisperse_a0.005_sr0.667_x1.5_N4000_L24_T400000_seed3_cont2_dense500.npz,1.5,3,500,0,4,shrink,850.0
bidisperse_a0.005_sr0.667_x1.5_N4000_L24_T400000_seed3_cont2_dense500.npz,1.5,3,500,0,3,shrink,200.0
bidisperse_a0.005_sr0.667_x1.5_N4000_L24_T400000_seed3_cont2_dense500.npz,1.5,3,500,0,3,shrink,150.0
bidisperse_a0.005_sr0.667_x1.5_N4000_L24_T400000_seed3_cont2_dense500.npz,1.5,3,500,0,3,shrink,350.0
bidisperse_a0.005_sr0.667_x1.5_N4000_L24_T400000_seed3_cont2_dense500.npz,1.5,3,500,0,3,shrink,100.0
bidisperse_a0.005_sr0.667_x1.5_N4000_L24_T400000_seed3_cont2_dense500.npz,1.5,3,500,0,3,shrink,50.0
bidisperse_a0.005_sr0.667_x1.5_N4000_L24_T400000_seed3_cont2_dense500.npz,1.5,3,500,0,3,shrink,300.0
bidisperse_a0.005_sr0.667_x1.5_N4000_L24_T400000_seed3_cont2_dense500.npz,1.5,3,500,0,3,shrink,250.0
bidisperse_a0.005_sr0.667_x1.5_N4000_L24_T400000_seed3_cont2_dense500.npz,1.5,3,500,0,3,shrink,2150.0
bidisperse_a0.005_sr0.667_x1.5_N4000_L24_T400000_seed3_cont2_dense500.npz,1.5,3,500,0,3,grow,450.0
bidisperse_a0.005_sr0.667_x1.5_N4000_L24_T400000_seed3_cont2_dense500.npz,1.5,3,500,0,3,shrink,850.0
bidisperse_a0.005_sr0.667_x1.5_N4000_L24_T400000_seed3_cont2_dense500.npz,1.5,3,500,0,3,shrink,250.0
bidisperse_a0.005_sr0.667_x1.5_N4000_L24_T400000_seed3_cont2_dense500.npz,1.5,3,500,0,3,shrink,150.0
bidisperse_a0.005_sr0.667_x1.5_N4000_L24_T400000_seed3_cont2_dense500.npz,1.5,3,500,0,3,absorbed,250.0
bidisperse_a0.005_sr0.667_x1.5_N4000_L24_T400000_seed3_cont2_dense500.npz,1.5,3,500,0,3,shrink,150.0
bidisperse_a0.005_sr0.667_x1.5_N4000_L24_T400000_seed3_cont2_dense500.npz,1.5,3,500,0,3,shrink,50.0
bidisperse_a0.005_sr0.667_x1.5_N4000_L24_T400000_seed3_cont2_dense500.npz,1.5,3,500,0,3,shrink,300.0
bidisperse_a0.005_sr0.667_x1.5_N4000_L24_T400000_seed3_cont2_dense500.npz,1.5,3,500,0,3,shrink,150.0
bidisperse_a0.005_sr0.667_x1.5_N4000_L24_T400000_seed3_cont2_dense500.npz,1.5,3,500,0,3,shrink,100.0
bidisperse_a0.005_sr0.667_x1.5_N4000_L24_T400000_seed3_cont2_dense500.npz,1.5,3,500,0,3,shrink,50.0
bidisperse_a0.005_sr0.667_x1.5_N4000_L24_T400000_seed3_cont2_dense500.npz,1.5,3,500,0,3,shrink,100.0
bidisperse_a0.005_sr0.667_x1.5_N4000_L24_T400000_seed3_cont2_dense500.npz,1.5,3,500,0,3,shrink,300.0
bidisperse_a0.005_sr0.667_x1.5_N4000_L24_T400000_seed3_cont2_dense500.npz,1.5,3,500,0,3,shrink,1950.0
bidisperse_a0.005_sr0.667_x1.5_N4000_L24_T400000_seed3_cont2_dense500.npz,1.5,3,500,0,3,shrink,50.0
bidisperse_a0.005_sr0.667_x1.5_N4000_L24_T400000_seed3_cont2_dense500.npz,1.5,3,500,0,3,shrink,1100.0
bidisperse_a0.005_sr0.667_x1.5_N4000_L24_T400000_seed3_cont2_dense500.npz,1.5,3,500,0,3,shrink,50.0
bidisperse_a0.005_sr0.667_x1.5_N4000_L24_T400000_seed3_cont2_dense500.npz,1.5,3,500,0,3,shrink,550.0
bidisperse_a0.005_sr0.667_x1.5_N4000_L24_T400000_seed3_cont2_dense500.npz,1.5,3,500,0,3,shrink,2350.0
bidisperse_a0.005_sr0.667_x1.5_N4000_L24_T400000_seed3_cont2_dense500.npz,1.5,3,500,0,3,shrink,350.0
bidisperse_a0.005_sr0.667_x1.5_N4000_L24_T400000_seed3_cont2_dense500.npz,1.5,3,500,0,3,shrink,700.0
bidisperse_a0.005_sr0.667_x1.5_N4000_L24_T400000_seed3_cont2_dense500.npz,1.5,3,500,0,3,shrink,100.0
bidisperse_a0.005_sr0.667_x1.5_N4000_L24_T400000_seed3_cont2_dense500.npz,1.5,3,500,1,65,grow,50.0
bidisperse_a0.005_sr0.667_x1.5_N4000_L24_T400000_seed3_cont2_dense500.npz,1.5,3,500,1,39,grow,50.0
bidisperse_a0.005_sr0.667_x1.5_N4000_L24_T400000_seed3_cont2_dense500.npz,1.5,3,500,1,32,grow,50.0
bidisperse_a0.005_sr0.667_x1.5_N4000_L24_T400000_seed3_cont2_dense500.npz,1.5,3,500,1,26,grow,50.0
bidisperse_a0.005_sr0.667_x1.5_N4000_L24_T400000_seed3_cont2_dense500.npz,1.5,3,500,1,25,grow,50.0
bidisperse_a0.005_sr0.667_x1.5_N4000_L24_T400000_seed3_cont2_dense500.npz,1.5,3,500,1,23,grow,50.0
bidisperse_a0.005_sr0.667_x1.5_N4000_L24_T400000_seed3_cont2_dense500.npz,1.5,3,500,1,19,grow,100.0
bidisperse_a0.005_sr0.667_x1.5_N4000_L24_T400000_seed3_cont2_dense500.npz,1.5,3,500,1,13,shrink,1250.0
bidisperse_a0.005_sr0.667_x1.5_N4000_L24_T400000_seed3_cont2_dense500.npz,1.5,3,500,1,12,grow,1400.0
bidisperse_a0.005_sr0.667_x1.5_N4000_L24_T400000_seed3_cont2_dense500.npz,1.5,3,500,1,12,shrink,1200.0
bidisperse_a0.005_sr0.667_x1.5_N4000_L24_T400000_seed3_cont2_dense500.npz,1.5,3,500,1,11,shrink,1350.0
bidisperse_a0.005_sr0.667_x1.5_N4000_L24_T400000_seed3_cont2_dense500.npz,1.5,3,500,1,11,open,0.0
bidisperse_a0.005_sr0.667_x1.5_N4000_L24_T400000_seed3_cont2_dense500.npz,1.5,3,500,1,10,grow,1400.0
bidisperse_a0.005_sr0.667_x1.5_N4000_L24_T400000_seed3_cont2_dense500.npz,1.5,3,500,1,10,open,0.0
bidisperse_a0.005_sr0.667_x1.5_N4000_L24_T400000_seed3_cont2_dense500.npz,1.5,3,500,1,10,open,0.0
bidisperse_a0.005_sr0.667_x1.5_N4000_L24_T400000_seed3_cont2_dense500.npz,1.5,3,500,1,10,shrink,1200.0
bidisperse_a0.005_sr0.667_x1.5_N4000_L24_T400000_seed3_cont2_dense500.npz,1.5,3,500,1,9,grow,1000.0
bidisperse_a0.005_sr0.667_x1.5_N4000_L24_T400000_seed3_cont2_dense500.npz,1.5,3,500,1,9,open,0.0
bidisperse_a0.005_sr0.667_x1.5_N4000_L24_T400000_seed3_cont2_dense500.npz,1.5,3,500,1,9,shrink,2200.0
bidisperse_a0.005_sr0.667_x1.5_N4000_L24_T400000_seed3_cont2_dense500.npz,1.5,3,500,1,8,grow,1000.0
bidisperse_a0.005_sr0.667_x1.5_N4000_L24_T400000_seed3_cont2_dense500.npz,1.5,3,500,1,8,shrink,500.0
bidisperse_a0.005_sr0.667_x1.5_N4000_L24_T400000_seed3_cont2_dense500.npz,1.5,3,500,1,7,open,0.0
bidisperse_a0.005_sr0.667_x1.5_N4000_L24_T400000_seed3_cont2_dense500.npz,1.5,3,500,1,7,shrink,250.0
bidisperse_a0.005_sr0.667_x1.5_N4000_L24_T400000_seed3_cont2_dense500.npz,1.5,3,500,1,7,absorbed,50.0
bidisperse_a0.005_sr0.667_x1.5_N4000_L24_T400000_seed3_cont2_dense500.npz,1.5,3,500,1,6,absorbed,400.0
bidisperse_a0.005_sr0.667_x1.5_N4000_L24_T400000_seed3_cont2_dense500.npz,1.5,3,500,1,6,shrink,500.0
bidisperse_a0.005_sr0.667_x1.5_N4000_L24_T400000_seed3_cont2_dense500.npz,1.5,3,500,1,6,shrink,50.0
bidisperse_a0.005_sr0.667_x1.5_N4000_L24_T400000_seed3_cont2_dense500.npz,1.5,3,500,1,6,shrink,500.0
bidisperse_a0.005_sr0.667_x1.5_N4000_L24_T400000_seed3_cont2_dense500.npz,1.5,3,500,1,6,grow,1000.0
bidisperse_a0.005_sr0.667_x1.5_N4000_L24_T400000_seed3_cont2_dense500.npz,1.5,3,500,1,5,shrink,400.0
bidisperse_a0.005_sr0.667_x1.5_N4000_L24_T400000_seed3_cont2_dense500.npz,1.5,3,500,1,5,shrink,1300.0
bidisperse_a0.005_sr0.667_x1.5_N4000_L24_T400000_seed3_cont2_dense500.npz,1.5,3,500,1,5,shrink,200.0
bidisperse_a0.005_sr0.667_x1.5_N4000_L24_T400000_seed3_cont2_dense500.npz,1.5,3,500,1,5,grow,400.0
bidisperse_a0.005_sr0.667_x1.5_N4000_L24_T400000_seed3_cont2_dense500.npz,1.5,3,500,1,5,shrink,400.0
bidisperse_a0.005_sr0.667_x1.5_N4000_L24_T400000_seed3_cont2_dense500.npz,1.5,3,500,1,5,absorbed,100.0
bidisperse_a0.005_sr0.667_x1.5_N4000_L24_T400000_seed3_cont2_dense500.npz,1.5,3,500,1,4,grow,50.0
bidisperse_a0.005_sr0.667_x1.5_N4000_L24_T400000_seed3_cont2_dense500.npz,1.5,3,500,1,4,shrink,100.0
bidisperse_a0.005_sr0.667_x1.5_N4000_L24_T400000_seed3_cont2_dense500.npz,1.5,3,500,1,4,shrink,50.0
bidisperse_a0.005_sr0.667_x1.5_N4000_L24_T400000_seed3_cont2_dense500.npz,1.5,3,500,1,4,shrink,400.0
bidisperse_a0.005_sr0.667_x1.5_N4000_L24_T400000_seed3_cont2_dense500.npz,1.5,3,500,1,4,shrink,150.0
bidisperse_a0.005_sr0.667_x1.5_N4000_L24_T400000_seed3_cont2_dense500.npz,1.5,3,500,1,4,shrink,50.0
bidisperse_a0.005_sr0.667_x1.5_N4000_L24_T400000_seed3_cont2_dense500.npz,1.5,3,500,1,4,shrink,100.0
bidisperse_a0.005_sr0.667_x1.5_N4000_L24_T400000_seed3_cont2_dense500.npz,1.5,3,500,1,4,shrink,850.0
bidisperse_a0.005_sr0.667_x1.5_N4000_L24_T400000_seed3_cont2_dense500.npz,1.5,3,500,1,4,shrink,100.0
bidisperse_a0.005_sr0.667_x1.5_N4000_L24_T400000_seed3_cont2_dense500.npz,1.5,3,500,1,4,shrink,50.0
bidisperse_a0.005_sr0.667_x1.5_N4000_L24_T400000_seed3_cont2_dense500.npz,1.5,3,500,1,4,shrink,50.0
bidisperse_a0.005_sr0.667_x1.5_N4000_L24_T400000_seed3_cont2_dense500.npz,1.5,3,500,1,4,shrink,300.0
bidisperse_a0.005_sr0.667_x1.5_N4000_L24_T400000_seed3_cont2_dense500.npz,1.5,3,500,1,4,shrink,150.0
bidisperse_a0.005_sr0.667_x1.5_N4000_L24_T400000_seed3_cont2_dense500.npz,1.5,3,500,1,4,shrink,50.0
bidisperse_a0.005_sr0.667_x1.5_N4000_L24_T400000_seed3_cont2_dense500.npz,1.5,3,500,1,3,shrink,50.0
bidisperse_a0.005_sr0.667_x1.5_N4000_L24_T400000_seed3_cont2_dense500.npz,1.5,3,500,1,3,shrink,50.0
bidisperse_a0.005_sr0.667_x1.5_N4000_L24_T400000_seed3_cont2_dense500.npz,1.5,3,500,1,3,shrink,100.0
bidisperse_a0.005_sr0.667_x1.5_N4000_L24_T400000_seed3_cont2_dense500.npz,1.5,3,500,1,3,shrink,150.0
bidisperse_a0.005_sr0.667_x1.5_N4000_L24_T400000_seed3_cont2_dense500.npz,1.5,3,500,1,3,shrink,700.0
bidisperse_a0.005_sr0.667_x1.5_N4000_L24_T400000_seed3_cont2_dense500.npz,1.5,3,500,1,3,shrink,150.0
bidisperse_a0.005_sr0.667_x1.5_N4000_L24_T400000_seed3_cont2_dense500.npz,1.5,3,500,1,3,shrink,250.0
bidisperse_a0.005_sr0.667_x1.5_N4000_L24_T400000_seed3_cont2_dense500.npz,1.5,3,500,1,3,shrink,250.0
bidisperse_a0.005_sr0.667_x1.5_N4000_L24_T400000_seed3_cont2_dense500.npz,1.5,3,500,1,3,grow,1000.0
bidisperse_a0.005_sr0.667_x1.5_N4000_L24_T400000_seed3_cont2_dense500.npz,1.5,3,500,1,3,shrink,50.0
bidisperse_a0.005_sr0.667_x1.5_N4000_L24_T400000_seed3_cont2_dense500.npz,1.5,3,500,1,3,shrink,200.0
bidisperse_a0.005_sr0.667_x1.5_N4000_L24_T400000_seed3_cont2_dense500.npz,1.5,3,500,1,3,shrink,100.0
bidisperse_a0.005_sr0.667_x1.5_N4000_L24_T400000_seed3_cont2_dense500.npz,1.5,3,500,1,3,shrink,50.0
bidisperse_a0.005_sr0.667_x1.5_N4000_L24_T400000_seed3_cont2_dense500.npz,1.5,3,500,1,3,shrink,100.0
bidisperse_a0.005_sr0.667_x1.5_N4000_L24_T400000_seed3_cont2_dense500.npz,1.5,3,500,1,3,shrink,150.0
bidisperse_a0.005_sr0.667_x1.5_N4000_L24_T400000_seed3_cont2_dense500.npz,1.5,3,500,1,3,shrink,50.0
bidisperse_a0.005_sr0.667_x1.5_N4000_L24_T400000_seed3_cont2_dense500.npz,1.5,3,500,1,3,shrink,250.0
bidisperse_a0.005_sr0.667_x1.5_N4000_L24_T400000_seed3_cont2_dense500.npz,1.5,3,500,1,3,shrink,300.0
bidisperse_a0.005_sr0.667_x1.5_N4000_L24_T400000_seed3_cont2_dense500.npz,1.5,3,500,1,3,shrink,50.0
bidisperse_a0.005_sr0.667_x1.5_N4000_L24_T400000_seed3_cont2_dense500.npz,1.5,3,500,1,3,shrink,50.0
bidisperse_a0.005_sr0.667_x1.5_N4000_L24_T400000_seed3_cont2_dense500.npz,1.5,3,500,1,3,shrink,50.0
bidisperse_a0.005_sr0.667_x1.5_N4000_L24_T400000_seed3_cont2_dense500.npz,1.5,3,500,1,3,shrink,850.0
bidisperse_a0.005_sr0.667_x1.5_N4000_L24_T400000_seed3_cont2_dense500.npz,1.5,3,500,1,3,shrink,50.0
bidisperse_a0.005_sr0.667_x1.5_N4000_L24_T400000_seed3_cont2_dense500.npz,1.5,3,500,1,3,shrink,200.0
bidisperse_a0.005_sr0.667_x1.5_N4000_L24_T400000_seed3_cont2_dense500.npz,1.5,3,500,1,3,shrink,100.0
bidisperse_a0.005_sr0.667_x1.5_N4000_L24_T400000_seed3_cont2_dense500.npz,1.5,3,500,1,3,shrink,700.0
bidisperse_a0.005_sr0.667_x1.5_N4000_L24_T400000_seed3_cont2_dense500.npz,1.5,3,500,1,3,shrink,2850.0
bidisperse_a0.005_sr0.667_x1.5_N4000_L24_T400000_seed3_cont2_dense500.npz,1.5,3,500,1,3,shrink,50.0
bidisperse_a0.005_sr0.667_x1.5_N4000_L24_T400000_seed3_cont2_dense500.npz,1.5,3,500,1,3,shrink,100.0
bidisperse_a0.005_sr0.667_x1.5_N4000_L24_T400000_seed3_cont2_dense500.npz,1.5,3,500,1,3,shrink,200.0
bidisperse_a0.005_sr0.667_x1.5_N4000_L24_T400000_seed3_cont2_dense500.npz,1.5,3,500,2,65,grow,50.0
bidisperse_a0.005_sr0.667_x1.5_N4000_L24_T400000_seed3_cont2_dense500.npz,1.5,3,500,2,39,grow,50.0
bidisperse_a0.005_sr0.667_x1.5_N4000_L24_T400000_seed3_cont2_dense500.npz,1.5,3,500,2,32,grow,50.0
bidisperse_a0.005_sr0.667_x1.5_N4000_L24_T400000_seed3_cont2_dense500.npz,1.5,3,500,2,26,grow,50.0
bidisperse_a0.005_sr0.667_x1.5_N4000_L24_T400000_seed3_cont2_dense500.npz,1.5,3,500,2,25,grow,50.0
bidisperse_a0.005_sr0.667_x1.5_N4000_L24_T400000_seed3_cont2_dense500.npz,1.5,3,500,2,23,grow,50.0
bidisperse_a0.005_sr0.667_x1.5_N4000_L24_T400000_seed3_cont2_dense500.npz,1.5,3,500,2,19,grow,50.0
bidisperse_a0.005_sr0.667_x1.5_N4000_L24_T400000_seed3_cont2_dense500.npz,1.5,3,500,2,13,shrink,500.0
bidisperse_a0.005_sr0.667_x1.5_N4000_L24_T400000_seed3_cont2_dense500.npz,1.5,3,500,2,12,grow,950.0
bidisperse_a0.005_sr0.667_x1.5_N4000_L24_T400000_seed3_cont2_dense500.npz,1.5,3,500,2,12,shrink,1050.0
bidisperse_a0.005_sr0.667_x1.5_N4000_L24_T400000_seed3_cont2_dense500.npz,1.5,3,500,2,11,shrink,1250.0
bidisperse_a0.005_sr0.667_x1.5_N4000_L24_T400000_seed3_cont2_dense500.npz,1.5,3,500,2,11,shrink,1500.0
bidisperse_a0.005_sr0.667_x1.5_N4000_L24_T400000_seed3_cont2_dense500.npz,1.5,3,500,2,10,absorbed,800.0
bidisperse_a0.005_sr0.667_x1.5_N4000_L24_T400000_seed3_cont2_dense500.npz,1.5,3,500,2,10,shrink,1600.0
bidisperse_a0.005_sr0.667_x1.5_N4000_L24_T400000_seed3_cont2_dense500.npz,1.5,3,500,2,10,shrink,1550.0
bidisperse_a0.005_sr0.667_x1.5_N4000_L24_T400000_seed3_cont2_dense500.npz,1.5,3,500,2,10,shrink,900.0
bidisperse_a0.005_sr0.667_x1.5_N4000_L24_T400000_seed3_cont2_dense500.npz,1.5,3,500,2,9,grow,500.0
bidisperse_a0.005_sr0.667_x1.5_N4000_L24_T400000_seed3_cont2_dense500.npz,1.5,3,500,2,9,grow,650.0
bidisperse_a0.005_sr0.667_x1.5_N4000_L24_T400000_seed3_cont2_dense500.npz,1.5,3,500,2,9,shrink,1100.0
bidisperse_a0.005_sr0.667_x1.5_N4000_L24_T400000_seed3_cont2_dense500.npz,1.5,3,500,2,8,shrink,200.0
bidisperse_a0.005_sr0.667_x1.5_N4000_L24_T400000_seed3_cont2_dense500.npz,1.5,3,500,2,8,shrink,700.0
bidisperse_a0.005_sr0.667_x1.5_N4000_L24_T400000_seed3_cont2_dense500.npz,1.5,3,500,2,7,shrink,300.0
bidisperse_a0.005_sr0.667_x1.5_N4000_L24_T400000_seed3_cont2_dense500.npz,1.5,3,500,2,7,shrink,250.0
bidisperse_a0.005_sr0.667_x1.5_N4000_L24_T400000_seed3_cont2_dense500.npz,1.5,3,500,2,7,absorbed,50.0
bidisperse_a0.005_sr0.667_x1.5_N4000_L24_T400000_seed3_cont2_dense500.npz,1.5,3,500,2,6,absorbed,250.0
bidisperse_a0.005_sr0.667_x1.5_N4000_L24_T400000_seed3_cont2_dense500.npz,1.5,3,500,2,6,shrink,400.0
bidisperse_a0.005_sr0.667_x1.5_N4000_L24_T400000_seed3_cont2_dense500.npz,1.5,3,500,2,6,open,0.0
bidisperse_a0.005_sr0.667_x1.5_N4000_L24_T400000_seed3_cont2_dense500.npz,1.5,3,500,2,6,shrink,150.0
bidisperse_a0.005_sr0.667_x1.5_N4000_L24_T400000_seed3_cont2_dense500.npz,1.5,3,500,2,6,shrink,600.0
bidisperse_a0.005_sr0.667_x1.5_N4000_L24_T400000_seed3_cont2_dense500.npz,1.5,3,500,2,5,shrink,200.0
bidisperse_a0.005_sr0.667_x1.5_N4000_L24_T400000_seed3_cont2_dense500.npz,1.5,3,500,2,5,shrink,300.0
bidisperse_a0.005_sr0.667_x1.5_N4000_L24_T400000_seed3_cont2_dense500.npz,1.5,3,500,2,5,shrink,500.0
bidisperse_a0.005_sr0.667_x1.5_N4000_L24_T400000_seed3_cont2_dense500.npz,1.5,3,500,2,5,shrink,450.0
bidisperse_a0.005_sr0.667_x1.5_N4000_L24_T400000_seed3_cont2_dense500.npz,1.5,3,500,2,5,grow,650.0
bidisperse_a0.005_sr0.667_x1.5_N4000_L24_T400000_seed3_cont2_dense500.npz,1.5,3,500,2,5,shrink,250.0
bidisperse_a0.005_sr0.667_x1.5_N4000_L24_T400000_seed3_cont2_dense500.npz,1.5,3,500,2,4,shrink,50.0
bidisperse_a0.005_sr0.667_x1.5_N4000_L24_T400000_seed3_cont2_dense500.npz,1.5,3,500,2,4,shrink,450.0
bidisperse_a0.005_sr0.667_x1.5_N4000_L24_T400000_seed3_cont2_dense500.npz,1.5,3,500,2,4,shrink,300.0
bidisperse_a0.005_sr0.667_x1.5_N4000_L24_T400000_seed3_cont2_dense500.npz,1.5,3,500,2,4,shrink,850.0
bidisperse_a0.005_sr0.667_x1.5_N4000_L24_T400000_seed3_cont2_dense500.npz,1.5,3,500,2,4,shrink,100.0
bidisperse_a0.005_sr0.667_x1.5_N4000_L24_T400000_seed3_cont2_dense500.npz,1.5,3,500,2,4,shrink,100.0
bidisperse_a0.005_sr0.667_x1.5_N4000_L24_T400000_seed3_cont2_dense500.npz,1.5,3,500,2,4,shrink,550.0
bidisperse_a0.005_sr0.667_x1.5_N4000_L24_T400000_seed3_cont2_dense500.npz,1.5,3,500,2,4,shrink,50.0
bidisperse_a0.005_sr0.667_x1.5_N4000_L24_T400000_seed3_cont2_dense500.npz,1.5,3,500,2,4,shrink,250.0
bidisperse_a0.005_sr0.667_x1.5_N4000_L24_T400000_seed3_cont2_dense500.npz,1.5,3,500,2,4,shrink,100.0
bidisperse_a0.005_sr0.667_x1.5_N4000_L24_T400000_seed3_cont2_dense500.npz,1.5,3,500,2,4,shrink,1200.0
bidisperse_a0.005_sr0.667_x1.5_N4000_L24_T400000_seed3_cont2_dense500.npz,1.5,3,500,2,4,shrink,1200.0
bidisperse_a0.005_sr0.667_x1.5_N4000_L24_T400000_seed3_cont2_dense500.npz,1.5,3,500,2,4,shrink,450.0
bidisperse_a0.005_sr0.667_x1.5_N4000_L24_T400000_seed3_cont2_dense500.npz,1.5,3,500,2,4,shrink,350.0
bidisperse_a0.005_sr0.667_x1.5_N4000_L24_T400000_seed3_cont2_dense500.npz,1.5,3,500,2,3,shrink,50.0
bidisperse_a0.005_sr0.667_x1.5_N4000_L24_T400000_seed3_cont2_dense500.npz,1.5,3,500,2,3,shrink,200.0
bidisperse_a0.005_sr0.667_x1.5_N4000_L24_T400000_seed3_cont2_dense500.npz,1.5,3,500,2,3,shrink,100.0
bidisperse_a0.005_sr0.667_x1.5_N4000_L24_T400000_seed3_cont2_dense500.npz,1.5,3,500,2,3,shrink,50.0
bidisperse_a0.005_sr0.667_x1.5_N4000_L24_T400000_seed3_cont2_dense500.npz,1.5,3,500,2,3,shrink,100.0
bidisperse_a0.005_sr0.667_x1.5_N4000_L24_T400000_seed3_cont2_dense500.npz,1.5,3,500,2,3,shrink,100.0
bidisperse_a0.005_sr0.667_x1.5_N4000_L24_T400000_seed3_cont2_dense500.npz,1.5,3,500,2,3,shrink,50.0
bidisperse_a0.005_sr0.667_x1.5_N4000_L24_T400000_seed3_cont2_dense500.npz,1.5,3,500,2,3,shrink,200.0
bidisperse_a0.005_sr0.667_x1.5_N4000_L24_T400000_seed3_cont2_dense500.npz,1.5,3,500,2,3,shrink,50.0
bidisperse_a0.005_sr0.667_x1.5_N4000_L24_T400000_seed3_cont2_dense500.npz,1.5,3,500,2,3,shrink,50.0
bidisperse_a0.005_sr0.667_x1.5_N4000_L24_T400000_seed3_cont2_dense500.npz,1.5,3,500,2,3,shrink,100.0
bidisperse_a0.005_sr0.667_x1.5_N4000_L24_T400000_seed3_cont2_dense500.npz,1.5,3,500,2,3,shrink,100.0
bidisperse_a0.005_sr0.667_x1.5_N4000_L24_T400000_seed3_cont2_dense500.npz,1.5,3,500,2,3,shrink,150.0
bidisperse_a0.005_sr0.667_x1.5_N4000_L24_T400000_seed3_cont2_dense500.npz,1.5,3,500,2,3,shrink,50.0
bidisperse_a0.005_sr0.667_x1.5_N4000_L24_T400000_seed3_cont2_dense500.npz,1.5,3,500,2,3,shrink,200.0
bidisperse_a0.005_sr0.667_x1.5_N4000_L24_T400000_seed3_cont2_dense500.npz,1.5,3,500,2,3,shrink,50.0
bidisperse_a0.005_sr0.667_x1.5_N4000_L24_T400000_seed3_cont2_dense500.npz,1.5,3,500,2,3,shrink,100.0
bidisperse_a0.005_sr0.667_x1.5_N4000_L24_T400000_seed3_cont2_dense500.npz,1.5,3,500,2,3,shrink,200.0
bidisperse_a0.005_sr0.667_x1.5_N4000_L24_T400000_seed3_cont2_dense500.npz,1.5,3,500,2,3,shrink,100.0
bidisperse_a0.005_sr0.667_x1.5_N4000_L24_T400000_seed3_cont2_dense500.npz,1.5,3,500,2,3,shrink,50.0
bidisperse_a0.005_sr0.667_x1.5_N4000_L24_T400000_seed3_cont2_dense500.npz,1.5,3,500,2,3,shrink,250.0
bidisperse_a0.005_sr0.667_x1.5_N4000_L24_T400000_seed3_cont2_dense500.npz,1.5,3,500,2,3,shrink,400.0
bidisperse_a0.005_sr0.667_x1.5_N4000_L24_T400000_seed3_cont2_dense500.npz,1.5,3,500,2,3,grow,150.0
bidisperse_a0.005_sr0.667_x1.5_N4000_L24_T400000_seed3_cont2_dense500.npz,1.5,3,500,2,3,shrink,100.0
bidisperse_a0.005_sr0.667_x1.5_N4000_L24_T400000_seed3_cont2_dense500.npz,1.5,3,500,2,3,shrink,100.0
bidisperse_a0.005_sr0.667_x1.5_N4000_L24_T400000_seed3_cont2_dense500.npz,1.5,3,500,2,3,shrink,550.0
bidisperse_a0.005_sr0.667_x1.5_N4000_L24_T400000_seed3_cont2_dense500.npz,1.5,3,500,2,3,shrink,3000.0
bidisperse_a0.005_sr0.667_x1.5_N4000_L24_T400000_seed3_cont2_dense500.npz,1.5,3,500,2,3,shrink,150.0
bidisperse_a0.005_sr0.667_x1.5_N4000_L24_T400000_seed3_cont2_dense500.npz,1.5,3,500,2,3,shrink,50.0
bidisperse_a0.005_sr0.667_x1.5_N4000_L24_T400000_seed3_cont2_dense500.npz,1.5,3,500,2,3,shrink,100.0
bidisperse_a0.005_sr0.667_x1.5_N4000_L24_T400000_seed3_cont2_dense500.npz,1.5,3,500,3,65,grow,50.0
bidisperse_a0.005_sr0.667_x1.5_N4000_L24_T400000_seed3_cont2_dense500.npz,1.5,3,500,3,39,grow,50.0
bidisperse_a0.005_sr0.667_x1.5_N4000_L24_T400000_seed3_cont2_dense500.npz,1.5,3,500,3,32,grow,50.0
bidisperse_a0.005_sr0.667_x1.5_N4000_L24_T400000_seed3_cont2_dense500.npz,1.5,3,500,3,26,grow,50.0
bidisperse_a0.005_sr0.667_x1.5_N4000_L24_T400000_seed3_cont2_dense500.npz,1.5,3,500,3,25,grow,50.0
bidisperse_a0.005_sr0.667_x1.5_N4000_L24_T400000_seed3_cont2_dense500.npz,1.5,3,500,3,23,grow,50.0
bidisperse_a0.005_sr0.667_x1.5_N4000_L24_T400000_seed3_cont2_dense500.npz,1.5,3,500,3,19,grow,50.0
bidisperse_a0.005_sr0.667_x1.5_N4000_L24_T400000_seed3_cont2_dense500.npz,1.5,3,500,3,13,shrink,1250.0
bidisperse_a0.005_sr0.667_x1.5_N4000_L24_T400000_seed3_cont2_dense500.npz,1.5,3,500,3,12,absorbed,1900.0
bidisperse_a0.005_sr0.667_x1.5_N4000_L24_T400000_seed3_cont2_dense500.npz,1.5,3,500,3,12,shrink,650.0
bidisperse_a0.005_sr0.667_x1.5_N4000_L24_T400000_seed3_cont2_dense500.npz,1.5,3,500,3,11,shrink,1650.0
bidisperse_a0.005_sr0.667_x1.5_N4000_L24_T400000_seed3_cont2_dense500.npz,1.5,3,500,3,11,grow,2400.0
bidisperse_a0.005_sr0.667_x1.5_N4000_L24_T400000_seed3_cont2_dense500.npz,1.5,3,500,3,10,absorbed,1350.0
bidisperse_a0.005_sr0.667_x1.5_N4000_L24_T400000_seed3_cont2_dense500.npz,1.5,3,500,3,10,open,0.0
bidisperse_a0.005_sr0.667_x1.5_N4000_L24_T400000_seed3_cont2_dense500.npz,1.5,3,500,3,10,open,0.0
bidisperse_a0.005_sr0.667_x1.5_N4000_L24_T400000_seed3_cont2_dense500.npz,1.5,3,500,3,10,shrink,500.0
bidisperse_a0.005_sr0.667_x1.5_N4000_L24_T400000_seed3_cont2_dense500.npz,1.5,3,500,3,9,grow,500.0
bidisperse_a0.005_sr0.667_x1.5_N4000_L24_T400000_seed3_cont2_dense500.npz,1.5,3,500,3,9,open,0.0
bidisperse_a0.005_sr0.667_x1.5_N4000_L24_T400000_seed3_cont2_dense500.npz,1.5,3,500,3,9,shrink,2950.0
bidisperse_a0.005_sr0.667_x1.5_N4000_L24_T400000_seed3_cont2_dense500.npz,1.5,3,500,3,8,shrink,700.0
bidisperse_a0.005_sr0.667_x1.5_N4000_L24_T400000_seed3_cont2_dense500.npz,1.5,3,500,3,8,grow,1500.0
bidisperse_a0.005_sr0.667_x1.5_N4000_L24_T400000_seed3_cont2_dense500.npz,1.5,3,500,3,7,shrink,50.0
bidisperse_a0.005_sr0.667_x1.5_N4000_L24_T400000_seed3_cont2_dense500.npz,1.5,3,500,3,7,shrink,700.0
bidisperse_a0.005_sr0.667_x1.5_N4000_L24_T400000_seed3_cont2_dense500.npz,1.5,3,500,3,7,absorbed,50.0
bidisperse_a0.005_sr0.667_x1.5_N4000_L24_T400000_seed3_cont2_dense500.npz,1.5,3,500,3,6,absorbed,300.0
bidisperse_a0.005_sr0.667_x1.5_N4000_L24_T400000_seed3_cont2_dense500.npz,1.5,3,500,3,6,shrink,400.0
bidisperse_a0.005_sr0.667_x1.5_N4000_L24_T400000_seed3_cont2_dense500.npz,1.5,3,500,3,6,shrink,1850.0
bidisperse_a0.005_sr0.667_x1.5_N4000_L24_T400000_seed3_cont2_dense500.npz,1.5,3,500,3,6,shrink,50.0
bidisperse_a0.005_sr0.667_x1.5_N4000_L24_T400000_seed3_cont2_dense500.npz,1.5,3,500,3,6,shrink,700.0
bidisperse_a0.005_sr0.667_x1.5_N4000_L24_T400000_seed3_cont2_dense500.npz,1.5,3,500,3,5,shrink,250.0
bidisperse_a0.005_sr0.667_x1.5_N4000_L24_T400000_seed3_cont2_dense500.npz,1.5,3,500,3,5,shrink,950.0
bidisperse_a0.005_sr0.667_x1.5_N4000_L24_T400000_seed3_cont2_dense500.npz,1.5,3,500,3,5,shrink,300.0
bidisperse_a0.005_sr0.667_x1.5_N4000_L24_T400000_seed3_cont2_dense500.npz,1.5,3,500,3,5,shrink,150.0
bidisperse_a0.005_sr0.667_x1.5_N4000_L24_T400000_seed3_cont2_dense500.npz,1.5,3,500,3,5,shrink,500.0
bidisperse_a0.005_sr0.667_x1.5_N4000_L24_T400000_seed3_cont2_dense500.npz,1.5,3,500,3,5,absorbed,100.0
bidisperse_a0.005_sr0.667_x1.5_N4000_L24_T400000_seed3_cont2_dense500.npz,1.5,3,500,3,4,grow,50.0
bidisperse_a0.005_sr0.667_x1.5_N4000_L24_T400000_seed3_cont2_dense500.npz,1.5,3,500,3,4,shrink,700.0
bidisperse_a0.005_sr0.667_x1.5_N4000_L24_T400000_seed3_cont2_dense500.npz,1.5,3,500,3,4,shrink,50.0
bidisperse_a0.005_sr0.667_x1.5_N4000_L24_T400000_seed3_cont2_dense500.npz,1.5,3,500,3,4,shrink,350.0
bidisperse_a0.005_sr0.667_x1.5_N4000_L24_T400000_seed3_cont2_dense500.npz,1.5,3,500,3,4,shrink,300.0
bidisperse_a0.005_sr0.667_x1.5_N4000_L24_T400000_seed3_cont2_dense500.npz,1.5,3,500,3,4,shrink,300.0
bidisperse_a0.005_sr0.667_x1.5_N4000_L24_T400000_seed3_cont2_dense500.npz,1.5,3,500,3,4,shrink,950.0
bidisperse_a0.005_sr0.667_x1.5_N4000_L24_T400000_seed3_cont2_dense500.npz,1.5,3,500,3,4,shrink,300.0
bidisperse_a0.005_sr0.667_x1.5_N4000_L24_T400000_seed3_cont2_dense500.npz,1.5,3,500,3,4,shrink,150.0
bidisperse_a0.005_sr0.667_x1.5_N4000_L24_T400000_seed3_cont2_dense500.npz,1.5,3,500,3,4,shrink,50.0
bidisperse_a0.005_sr0.667_x1.5_N4000_L24_T400000_seed3_cont2_dense500.npz,1.5,3,500,3,4,shrink,1000.0
bidisperse_a0.005_sr0.667_x1.5_N4000_L24_T400000_seed3_cont2_dense500.npz,1.5,3,500,3,4,shrink,1000.0
bidisperse_a0.005_sr0.667_x1.5_N4000_L24_T400000_seed3_cont2_dense500.npz,1.5,3,500,3,4,shrink,550.0
bidisperse_a0.005_sr0.667_x1.5_N4000_L24_T400000_seed3_cont2_dense500.npz,1.5,3,500,3,4,shrink,1300.0
bidisperse_a0.005_sr0.667_x1.5_N4000_L24_T400000_seed3_cont2_dense500.npz,1.5,3,500,3,3,shrink,450.0
bidisperse_a0.005_sr0.667_x1.5_N4000_L24_T400000_seed3_cont2_dense500.npz,1.5,3,500,3,3,shrink,200.0
bidisperse_a0.005_sr0.667_x1.5_N4000_L24_T400000_seed3_cont2_dense500.npz,1.5,3,500,3,3,shrink,50.0
bidisperse_a0.005_sr0.667_x1.5_N4000_L24_T400000_seed3_cont2_dense500.npz,1.5,3,500,3,3,shrink,100.0
bidisperse_a0.005_sr0.667_x1.5_N4000_L24_T400000_seed3_cont2_dense500.npz,1.5,3,500,3,3,shrink,50.0
bidisperse_a0.005_sr0.667_x1.5_N4000_L24_T400000_seed3_cont2_dense500.npz,1.5,3,500,3,3,shrink,300.0
bidisperse_a0.005_sr0.667_x1.5_N4000_L24_T400000_seed3_cont2_dense500.npz,1.5,3,500,3,3,absorbed,200.0
bidisperse_a0.005_sr0.667_x1.5_N4000_L24_T400000_seed3_cont2_dense500.npz,1.5,3,500,3,3,grow,2750.0
bidisperse_a0.005_sr0.667_x1.5_N4000_L24_T400000_seed3_cont2_dense500.npz,1.5,3,500,3,3,grow,500.0
bidisperse_a0.005_sr0.667_x1.5_N4000_L24_T400000_seed3_cont2_dense500.npz,1.5,3,500,3,3,shrink,300.0
bidisperse_a0.005_sr0.667_x1.5_N4000_L24_T400000_seed3_cont2_dense500.npz,1.5,3,500,3,3,shrink,300.0
bidisperse_a0.005_sr0.667_x1.5_N4000_L24_T400000_seed3_cont2_dense500.npz,1.5,3,500,3,3,shrink,300.0
bidisperse_a0.005_sr0.667_x1.5_N4000_L24_T400000_seed3_cont2_dense500.npz,1.5,3,500,3,3,absorbed,50.0
bidisperse_a0.005_sr0.667_x1.5_N4000_L24_T400000_seed3_cont2_dense500.npz,1.5,3,500,3,3,shrink,100.0
bidisperse_a0.005_sr0.667_x1.5_N4000_L24_T400000_seed3_cont2_dense500.npz,1.5,3,500,3,3,shrink,300.0
bidisperse_a0.005_sr0.667_x1.5_N4000_L24_T400000_seed3_cont2_dense500.npz,1.5,3,500,3,3,shrink,150.0
bidisperse_a0.005_sr0.667_x1.5_N4000_L24_T400000_seed3_cont2_dense500.npz,1.5,3,500,3,3,shrink,450.0
bidisperse_a0.005_sr0.667_x1.5_N4000_L24_T400000_seed3_cont2_dense500.npz,1.5,3,500,3,3,shrink,100.0
bidisperse_a0.005_sr0.667_x1.5_N4000_L24_T400000_seed3_cont2_dense500.npz,1.5,3,500,3,3,shrink,50.0
bidisperse_a0.005_sr0.667_x1.5_N4000_L24_T400000_seed3_cont2_dense500.npz,1.5,3,500,3,3,shrink,50.0
bidisperse_a0.005_sr0.667_x1.5_N4000_L24_T400000_seed3_cont2_dense500.npz,1.5,3,500,3,3,shrink,1850.0
bidisperse_a0.005_sr0.667_x1.5_N4000_L24_T400000_seed3_cont2_dense500.npz,1.5,3,500,3,3,shrink,500.0
bidisperse_a0.005_sr0.667_x1.5_N4000_L24_T400000_seed3_cont2_dense500.npz,1.5,3,500,3,3,shrink,50.0
bidisperse_a0.005_sr0.667_x1.5_N4000_L24_T400000_seed3_cont2_dense500.npz,1.5,3,500,3,3,grow,1850.0
bidisperse_a0.005_sr0.667_x1.5_N4000_L24_T400000_seed3_cont2_dense500.npz,1.5,3,500,3,3,shrink,300.0
bidisperse_a0.005_sr0.667_x1.5_N4000_L24_T400000_seed3_cont2_dense500.npz,1.5,3,500,3,3,shrink,600.0
bidisperse_a0.005_sr0.667_x1.5_N4000_L24_T400000_seed3_cont2_dense500.npz,1.5,3,500,3,3,grow,1850.0
bidisperse_a0.005_sr0.667_x1.5_N4000_L24_T400000_seed3_cont2_dense500.npz,1.5,3,500,3,3,shrink,50.0
bidisperse_a0.005_sr0.667_x1.5_N4000_L24_T400000_seed3_cont2_dense500.npz,1.5,3,500,3,3,shrink,50.0
bidisperse_a0.005_sr0.667_x1.5_N4000_L24_T400000_seed3_cont2_dense500.npz,1.5,3,500,3,3,shrink,100.0
bidisperse_a0.005_sr0.667_x1.5_N4000_L24_T400000_seed3_cont2_dense500.npz,1.5,3,500,4,65,grow,50.0
bidisperse_a0.005_sr0.667_x1.5_N4000_L24_T400000_seed3_cont2_dense500.npz,1.5,3,500,4,39,grow,50.0
bidisperse_a0.005_sr0.667_x1.5_N4000_L24_T400000_seed3_cont2_dense500.npz,1.5,3,500,4,32,grow,50.0
bidisperse_a0.005_sr0.667_x1.5_N4000_L24_T400000_seed3_cont2_dense500.npz,1.5,3,500,4,26,grow,50.0
bidisperse_a0.005_sr0.667_x1.5_N4000_L24_T400000_seed3_cont2_dense500.npz,1.5,3,500,4,25,grow,50.0
bidisperse_a0.005_sr0.667_x1.5_N4000_L24_T400000_seed3_cont2_dense500.npz,1.5,3,500,4,23,grow,50.0
bidisperse_a0.005_sr0.667_x1.5_N4000_L24_T400000_seed3_cont2_dense500.npz,1.5,3,500,4,19,grow,50.0
bidisperse_a0.005_sr0.667_x1.5_N4000_L24_T400000_seed3_cont2_dense500.npz,1.5,3,500,4,13,grow,1450.0
bidisperse_a0.005_sr0.667_x1.5_N4000_L24_T400000_seed3_cont2_dense500.npz,1.5,3,500,4,12,absorbed,1750.0
bidisperse_a0.005_sr0.667_x1.5_N4000_L24_T400000_seed3_cont2_dense500.npz,1.5,3,500,4,12,shrink,600.0
bidisperse_a0.005_sr0.667_x1.5_N4000_L24_T400000_seed3_cont2_dense500.npz,1.5,3,500,4,11,shrink,650.0
bidisperse_a0.005_sr0.667_x1.5_N4000_L24_T400000_seed3_cont2_dense500.npz,1.5,3,500,4,11,shrink,1750.0
bidisperse_a0.005_sr0.667_x1.5_N4000_L24_T400000_seed3_cont2_dense500.npz,1.5,3,500,4,10,shrink,800.0
bidisperse_a0.005_sr0.667_x1.5_N4000_L24_T400000_seed3_cont2_dense500.npz,1.5,3,500,4,10,shrink,2300.0
bidisperse_a0.005_sr0.667_x1.5_N4000_L24_T400000_seed3_cont2_dense500.npz,1.5,3,500,4,10,shrink,2600.0
bidisperse_a0.005_sr0.667_x1.5_N4000_L24_T400000_seed3_cont2_dense500.npz,1.5,3,500,4,10,shrink,700.0
bidisperse_a0.005_sr0.667_x1.5_N4000_L24_T400000_seed3_cont2_dense500.npz,1.5,3,500,4,9,grow,250.0
bidisperse_a0.005_sr0.667_x1.5_N4000_L24_T400000_seed3_cont2_dense500.npz,1.5,3,500,4,9,open,0.0
bidisperse_a0.005_sr0.667_x1.5_N4000_L24_T400000_seed3_cont2_dense500.npz,1.5,3,500,4,9,open,0.0
bidisperse_a0.005_sr0.667_x1.5_N4000_L24_T400000_seed3_cont2_dense500.npz,1.5,3,500,4,8,grow,250.0
bidisperse_a0.005_sr0.667_x1.5_N4000_L24_T400000_seed3_cont2_dense500.npz,1.5,3,500,4,8,shrink,450.0
bidisperse_a0.005_sr0.667_x1.5_N4000_L24_T400000_seed3_cont2_dense500.npz,1.5,3,500,4,7,shrink,450.0
bidisperse_a0.005_sr0.667_x1.5_N4000_L24_T400000_seed3_cont2_dense500.npz,1.5,3,500,4,7,shrink,550.0
bidisperse_a0.005_sr0.667_x1.5_N4000_L24_T400000_seed3_cont2_dense500.npz,1.5,3,500,4,7,absorbed,50.0
bidisperse_a0.005_sr0.667_x1.5_N4000_L24_T400000_seed3_cont2_dense500.npz,1.5,3,500,4,6,absorbed,1200.0
bidisperse_a0.005_sr0.667_x1.5_N4000_L24_T400000_seed3_cont2_dense500.npz,1.5,3,500,4,6,shrink,50.0
bidisperse_a0.005_sr0.667_x1.5_N4000_L24_T400000_seed3_cont2_dense500.npz,1.5,3,500,4,6,open,0.0
bidisperse_a0.005_sr0.667_x1.5_N4000_L24_T400000_seed3_cont2_dense500.npz,1.5,3,500,4,6,shrink,250.0
bidisperse_a0.005_sr0.667_x1.5_N4000_L24_T400000_seed3_cont2_dense500.npz,1.5,3,500,4,6,grow,250.0
bidisperse_a0.005_sr0.667_x1.5_N4000_L24_T400000_seed3_cont2_dense500.npz,1.5,3,500,4,5,shrink,300.0
bidisperse_a0.005_sr0.667_x1.5_N4000_L24_T400000_seed3_cont2_dense500.npz,1.5,3,500,4,5,shrink,200.0
bidisperse_a0.005_sr0.667_x1.5_N4000_L24_T400000_seed3_cont2_dense500.npz,1.5,3,500,4,5,shrink,650.0
bidisperse_a0.005_sr0.667_x1.5_N4000_L24_T400000_seed3_cont2_dense500.npz,1.5,3,500,4,5,shrink,250.0
bidisperse_a0.005_sr0.667_x1.5_N4000_L24_T400000_seed3_cont2_dense500.npz,1.5,3,500,4,5,shrink,450.0
bidisperse_a0.005_sr0.667_x1.5_N4000_L24_T400000_seed3_cont2_dense500.npz,1.5,3,500,4,5,absorbed,200.0
bidisperse_a0.005_sr0.667_x1.5_N4000_L24_T400000_seed3_cont2_dense500.npz,1.5,3,500,4,4,grow,50.0
bidisperse_a0.005_sr0.667_x1.5_N4000_L24_T400000_seed3_cont2_dense500.npz,1.5,3,500,4,4,shrink,250.0
bidisperse_a0.005_sr0.667_x1.5_N4000_L24_T400000_seed3_cont2_dense500.npz,1.5,3,500,4,4,shrink,350.0
bidisperse_a0.005_sr0.667_x1.5_N4000_L24_T400000_seed3_cont2_dense500.npz,1.5,3,500,4,4,grow,250.0
bidisperse_a0.005_sr0.667_x1.5_N4000_L24_T400000_seed3_cont2_dense500.npz,1.5,3,500,4,4,shrink,100.0
bidisperse_a0.005_sr0.667_x1.5_N4000_L24_T400000_seed3_cont2_dense500.npz,1.5,3,500,4,4,shrink,50.0
bidisperse_a0.005_sr0.667_x1.5_N4000_L24_T400000_seed3_cont2_dense500.npz,1.5,3,500,4,4,shrink,50.0
bidisperse_a0.005_sr0.667_x1.5_N4000_L24_T400000_seed3_cont2_dense500.npz,1.5,3,500,4,4,shrink,50.0
bidisperse_a0.005_sr0.667_x1.5_N4000_L24_T400000_seed3_cont2_dense500.npz,1.5,3,500,4,4,shrink,350.0
bidisperse_a0.005_sr0.667_x1.5_N4000_L24_T400000_seed3_cont2_dense500.npz,1.5,3,500,4,4,shrink,100.0
bidisperse_a0.005_sr0.667_x1.5_N4000_L24_T400000_seed3_cont2_dense500.npz,1.5,3,500,4,4,shrink,450.0
bidisperse_a0.005_sr0.667_x1.5_N4000_L24_T400000_seed3_cont2_dense500.npz,1.5,3,500,4,4,shrink,450.0
bidisperse_a0.005_sr0.667_x1.5_N4000_L24_T400000_seed3_cont2_dense500.npz,1.5,3,500,4,4,shrink,550.0
bidisperse_a0.005_sr0.667_x1.5_N4000_L24_T400000_seed3_cont2_dense500.npz,1.5,3,500,4,4,shrink,2350.0
bidisperse_a0.005_sr0.667_x1.5_N4000_L24_T400000_seed3_cont2_dense500.npz,1.5,3,500,4,3,shrink,50.0
bidisperse_a0.005_sr0.667_x1.5_N4000_L24_T400000_seed3_cont2_dense500.npz,1.5,3,500,4,3,shrink,150.0
bidisperse_a0.005_sr0.667_x1.5_N4000_L24_T400000_seed3_cont2_dense500.npz,1.5,3,500,4,3,shrink,50.0
bidisperse_a0.005_sr0.667_x1.5_N4000_L24_T400000_seed3_cont2_dense500.npz,1.5,3,500,4,3,shrink,100.0
bidisperse_a0.005_sr0.667_x1.5_N4000_L24_T400000_seed3_cont2_dense500.npz,1.5,3,500,4,3,shrink,50.0
bidisperse_a0.005_sr0.667_x1.5_N4000_L24_T400000_seed3_cont2_dense500.npz,1.5,3,500,4,3,shrink,100.0
bidisperse_a0.005_sr0.667_x1.5_N4000_L24_T400000_seed3_cont2_dense500.npz,1.5,3,500,4,3,shrink,200.0
bidisperse_a0.005_sr0.667_x1.5_N4000_L24_T400000_seed3_cont2_dense500.npz,1.5,3,500,4,3,shrink,800.0
bidisperse_a0.005_sr0.667_x1.5_N4000_L24_T400000_seed3_cont2_dense500.npz,1.5,3,500,4,3,shrink,50.0
bidisperse_a0.005_sr0.667_x1.5_N4000_L24_T400000_seed3_cont2_dense500.npz,1.5,3,500,4,3,shrink,450.0
bidisperse_a0.005_sr0.667_x1.5_N4000_L24_T400000_seed3_cont2_dense500.npz,1.5,3,500,4,3,shrink,100.0
bidisperse_a0.005_sr0.667_x1.5_N4000_L24_T400000_seed3_cont2_dense500.npz,1.5,3,500,4,3,shrink,50.0
bidisperse_a0.005_sr0.667_x1.5_N4000_L24_T400000_seed3_cont2_dense500.npz,1.5,3,500,4,3,shrink,50.0
bidisperse_a0.005_sr0.667_x1.5_N4000_L24_T400000_seed3_cont2_dense500.npz,1.5,3,500,4,3,shrink,350.0
bidisperse_a0.005_sr0.667_x1.5_N4000_L24_T400000_seed3_cont2_dense500.npz,1.5,3,500,4,3,shrink,200.0
bidisperse_a0.005_sr0.667_x1.5_N4000_L24_T400000_seed3_cont2_dense500.npz,1.5,3,500,4,3,open,0.0
bidisperse_a0.005_sr0.667_x1.5_N4000_L24_T400000_seed3_cont2_dense500.npz,1.5,3,500,4,3,shrink,200.0
bidisperse_a0.005_sr0.667_x1.5_N4000_L24_T400000_seed3_cont2_dense500.npz,1.5,3,500,4,3,shrink,50.0
bidisperse_a0.005_sr0.667_x1.5_N4000_L24_T400000_seed3_cont2_dense500.npz,1.5,3,500,4,3,shrink,100.0
bidisperse_a0.005_sr0.667_x1.5_N4000_L24_T400000_seed3_cont2_dense500.npz,1.5,3,500,4,3,shrink,50.0
bidisperse_a0.005_sr0.667_x1.5_N4000_L24_T400000_seed3_cont2_dense500.npz,1.5,3,500,4,3,shrink,300.0
bidisperse_a0.005_sr0.667_x1.5_N4000_L24_T400000_seed3_cont2_dense500.npz,1.5,3,500,4,3,shrink,150.0
bidisperse_a0.005_sr0.667_x1.5_N4000_L24_T400000_seed3_cont2_dense500.npz,1.5,3,500,4,3,shrink,50.0
bidisperse_a0.005_sr0.667_x1.5_N4000_L24_T400000_seed3_cont2_dense500.npz,1.5,3,500,4,3,shrink,150.0
bidisperse_a0.005_sr0.667_x1.5_N4000_L24_T400000_seed3_cont2_dense500.npz,1.5,3,500,4,3,shrink,650.0
bidisperse_a0.005_sr0.667_x1.5_N4000_L24_T400000_seed3_cont2_dense500.npz,1.5,3,500,4,3,shrink,350.0
bidisperse_a0.005_sr0.667_x1.5_N4000_L24_T400000_seed3_cont2_dense500.npz,1.5,3,500,4,3,shrink,1650.0
bidisperse_a0.005_sr0.667_x1.5_N4000_L24_T400000_seed3_cont2_dense500.npz,1.5,3,500,4,3,shrink,50.0
bidisperse_a0.005_sr0.667_x1.5_N4000_L24_T400000_seed3_cont2_dense500.npz,1.5,3,500,4,3,shrink,100.0
bidisperse_a0.005_sr0.667_x1.5_N4000_L24_T400000_seed3_cont2_dense500.npz,1.5,3,500,4,3,shrink,50.0
bidisperse_a0.005_sr0.667_x1.5_N4000_L24_T400000_seed3_cont2_dense500.npz,1.5,3,500,5,65,grow,50.0
bidisperse_a0.005_sr0.667_x1.5_N4000_L24_T400000_seed3_cont2_dense500.npz,1.5,3,500,5,39,grow,50.0
bidisperse_a0.005_sr0.667_x1.5_N4000_L24_T400000_seed3_cont2_dense500.npz,1.5,3,500,5,32,grow,50.0
bidisperse_a0.005_sr0.667_x1.5_N4000_L24_T400000_seed3_cont2_dense500.npz,1.5,3,500,5,26,grow,50.0
bidisperse_a0.005_sr0.667_x1.5_N4000_L24_T400000_seed3_cont2_dense500.npz,1.5,3,500,5,25,grow,50.0
bidisperse_a0.005_sr0.667_x1.5_N4000_L24_T400000_seed3_cont2_dense500.npz,1.5,3,500,5,23,grow,50.0
bidisperse_a0.005_sr0.667_x1.5_N4000_L24_T400000_seed3_cont2_dense500.npz,1.5,3,500,5,19,grow,50.0
bidisperse_a0.005_sr0.667_x1.5_N4000_L24_T400000_seed3_cont2_dense500.npz,1.5,3,500,5,13,shrink,1250.0
bidisperse_a0.005_sr0.667_x1.5_N4000_L24_T400000_seed3_cont2_dense500.npz,1.5,3,500,5,12,grow,2250.0
bidisperse_a0.005_sr0.667_x1.5_N4000_L24_T400000_seed3_cont2_dense500.npz,1.5,3,500,5,12,shrink,850.0
bidisperse_a0.005_sr0.667_x1.5_N4000_L24_T400000_seed3_cont2_dense500.npz,1.5,3,500,5,11,shrink,1800.0
bidisperse_a0.005_sr0.667_x1.5_N4000_L24_T400000_seed3_cont2_dense500.npz,1.5,3,500,5,11,grow,1950.0
bidisperse_a0.005_sr0.667_x1.5_N4000_L24_T400000_seed3_cont2_dense500.npz,1.5,3,500,5,10,grow,2250.0
bidisperse_a0.005_sr0.667_x1.5_N4000_L24_T400000_seed3_cont2_dense500.npz,1.5,3,500,5,10,shrink,1850.0
bidisperse_a0.005_sr0.667_x1.5_N4000_L24_T400000_seed3_cont2_dense500.npz,1.5,3,500,5,10,shrink,1100.0
bidisperse_a0.005_sr0.667_x1.5_N4000_L24_T400000_seed3_cont2_dense500.npz,1.5,3,500,5,10,shrink,900.0
bidisperse_a0.005_sr0.667_x1.5_N4000_L24_T400000_seed3_cont2_dense500.npz,1.5,3,500,5,9,grow,300.0
bidisperse_a0.005_sr0.667_x1.5_N4000_L24_T400000_seed3_cont2_dense500.npz,1.5,3,500,5,9,absorbed,2000.0
bidisperse_a0.005_sr0.667_x1.5_N4000_L24_T400000_seed3_cont2_dense500.npz,1.5,3,500,5,9,open,0.0
bidisperse_a0.005_sr0.667_x1.5_N4000_L24_T400000_seed3_cont2_dense500.npz,1.5,3,500,5,8,grow,300.0
bidisperse_a0.005_sr0.667_x1.5_N4000_L24_T400000_seed3_cont2_dense500.npz,1.5,3,500,5,8,shrink,800.0
bidisperse_a0.005_sr0.667_x1.5_N4000_L24_T400000_seed3_cont2_dense500.npz,1.5,3,500,5,7,shrink,1200.0
bidisperse_a0.005_sr0.667_x1.5_N4000_L24_T400000_seed3_cont2_dense500.npz,1.5,3,500,5,7,shrink,150.0
bidisperse_a0.005_sr0.667_x1.5_N4000_L24_T400000_seed3_cont2_dense500.npz,1.5,3,500,5,7,absorbed,50.0
bidisperse_a0.005_sr0.667_x1.5_N4000_L24_T400000_seed3_cont2_dense500.npz,1.5,3,500,5,6,absorbed,50.0
bidisperse_a0.005_sr0.667_x1.5_N4000_L24_T400000_seed3_cont2_dense500.npz,1.5,3,500,5,6,shrink,300.0
bidisperse_a0.005_sr0.667_x1.5_N4000_L24_T400000_seed3_cont2_dense500.npz,1.5,3,500,5,6,shrink,50.0
bidisperse_a0.005_sr0.667_x1.5_N4000_L24_T400000_seed3_cont2_dense500.npz,1.5,3,500,5,6,shrink,200.0
bidisperse_a0.005_sr0.667_x1.5_N4000_L24_T400000_seed3_cont2_dense500.npz,1.5,3,500,5,6,shrink,700.0
bidisperse_a0.005_sr0.667_x1.5_N4000_L24_T400000_seed3_cont2_dense500.npz,1.5,3,500,5,5,shrink,550.0
bidisperse_a0.005_sr0.667_x1.5_N4000_L24_T400000_seed3_cont2_dense500.npz,1.5,3,500,5,5,shrink,300.0
bidisperse_a0.005_sr0.667_x1.5_N4000_L24_T400000_seed3_cont2_dense500.npz,1.5,3,500,5,5,shrink,500.0
bidisperse_a0.005_sr0.667_x1.5_N4000_L24_T400000_seed3_cont2_dense500.npz,1.5,3,500,5,5,shrink,600.0
bidisperse_a0.005_sr0.667_x1.5_N4000_L24_T400000_seed3_cont2_dense500.npz,1.5,3,500,5,5,absorbed,2000.0
bidisperse_a0.005_sr0.667_x1.5_N4000_L24_T400000_seed3_cont2_dense500.npz,1.5,3,500,5,5,absorbed,200.0
bidisperse_a0.005_sr0.667_x1.5_N4000_L24_T400000_seed3_cont2_dense500.npz,1.5,3,500,5,4,grow,50.0
bidisperse_a0.005_sr0.667_x1.5_N4000_L24_T400000_seed3_cont2_dense500.npz,1.5,3,500,5,4,shrink,200.0
bidisperse_a0.005_sr0.667_x1.5_N4000_L24_T400000_seed3_cont2_dense500.npz,1.5,3,500,5,4,shrink,150.0
bidisperse_a0.005_sr0.667_x1.5_N4000_L24_T400000_seed3_cont2_dense500.npz,1.5,3,500,5,4,shrink,50.0
bidisperse_a0.005_sr0.667_x1.5_N4000_L24_T400000_seed3_cont2_dense500.npz,1.5,3,500,5,4,grow,50.0
bidisperse_a0.005_sr0.667_x1.5_N4000_L24_T400000_seed3_cont2_dense500.npz,1.5,3,500,5,4,shrink,150.0
bidisperse_a0.005_sr0.667_x1.5_N4000_L24_T400000_seed3_cont2_dense500.npz,1.5,3,500,5,4,shrink,100.0
bidisperse_a0.005_sr0.667_x1.5_N4000_L24_T400000_seed3_cont2_dense500.npz,1.5,3,500,5,4,shrink,250.0
bidisperse_a0.005_sr0.667_x1.5_N4000_L24_T400000_seed3_cont2_dense500.npz,1.5,3,500,5,4,shrink,50.0
bidisperse_a0.005_sr0.667_x1.5_N4000_L24_T400000_seed3_cont2_dense500.npz,1.5,3,500,5,4,shrink,50.0
bidisperse_a0.005_sr0.667_x1.5_N4000_L24_T400000_seed3_cont2_dense500.npz,1.5,3,500,5,4,shrink,50.0
bidisperse_a0.005_sr0.667_x1.5_N4000_L24_T400000_seed3_cont2_dense500.npz,1.5,3,500,5,4,shrink,100.0
bidisperse_a0.005_sr0.667_x1.5_N4000_L24_T400000_seed3_cont2_dense500.npz,1.5,3,500,5,4,shrink,750.0
bidisperse_a0.005_sr0.667_x1.5_N4000_L24_T400000_seed3_cont2_dense500.npz,1.5,3,500,5,4,shrink,1150.0
bidisperse_a0.005_sr0.667_x1.5_N4000_L24_T400000_seed3_cont2_dense500.npz,1.5,3,500,5,3,shrink,100.0
bidisperse_a0.005_sr0.667_x1.5_N4000_L24_T400000_seed3_cont2_dense500.npz,1.5,3,500,5,3,shrink,200.0
bidisperse_a0.005_sr0.667_x1.5_N4000_L24_T400000_seed3_cont2_dense500.npz,1.5,3,500,5,3,shrink,100.0
bidisperse_a0.005_sr0.667_x1.5_N4000_L24_T400000_seed3_cont2_dense500.npz,1.5,3,500,5,3,shrink,100.0
bidisperse_a0.005_sr0.667_x1.5_N4000_L24_T400000_seed3_cont2_dense500.npz,1.5,3,500,5,3,shrink,1150.0
bidisperse_a0.005_sr0.667_x1.5_N4000_L24_T400000_seed3_cont2_dense500.npz,1.5,3,500,5,3,shrink,250.0
bidisperse_a0.005_sr0.667_x1.5_N4000_L24_T400000_seed3_cont2_dense500.npz,1.5,3,500,5,3,shrink,100.0
bidisperse_a0.005_sr0.667_x1.5_N4000_L24_T400000_seed3_cont2_dense500.npz,1.5,3,500,5,3,shrink,1400.0
bidisperse_a0.005_sr0.667_x1.5_N4000_L24_T400000_seed3_cont2_dense500.npz,1.5,3,500,5,3,grow,300.0
bidisperse_a0.005_sr0.667_x1.5_N4000_L24_T400000_seed3_cont2_dense500.npz,1.5,3,500,5,3,shrink,150.0
bidisperse_a0.005_sr0.667_x1.5_N4000_L24_T400000_seed3_cont2_dense500.npz,1.5,3,500,5,3,shrink,300.0
bidisperse_a0.005_sr0.667_x1.5_N4000_L24_T400000_seed3_cont2_dense500.npz,1.5,3,500,5,3,shrink,100.0
bidisperse_a0.005_sr0.667_x1.5_N4000_L24_T400000_seed3_cont2_dense500.npz,1.5,3,500,5,3,shrink,50.0
bidisperse_a0.005_sr0.667_x1.5_N4000_L24_T400000_seed3_cont2_dense500.npz,1.5,3,500,5,3,shrink,50.0
bidisperse_a0.005_sr0.667_x1.5_N4000_L24_T400000_seed3_cont2_dense500.npz,1.5,3,500,5,3,shrink,350.0
bidisperse_a0.005_sr0.667_x1.5_N4000_L24_T400000_seed3_cont2_dense500.npz,1.5,3,500,5,3,shrink,100.0
bidisperse_a0.005_sr0.667_x1.5_N4000_L24_T400000_seed3_cont2_dense500.npz,1.5,3,500,5,3,shrink,250.0
bidisperse_a0.005_sr0.667_x1.5_N4000_L24_T400000_seed3_cont2_dense500.npz,1.5,3,500,5,3,shrink,200.0
bidisperse_a0.005_sr0.667_x1.5_N4000_L24_T400000_seed3_cont2_dense500.npz,1.5,3,500,5,3,shrink,200.0
bidisperse_a0.005_sr0.667_x1.5_N4000_L24_T400000_seed3_cont2_dense500.npz,1.5,3,500,5,3,shrink,50.0
bidisperse_a0.005_sr0.667_x1.5_N4000_L24_T400000_seed3_cont2_dense500.npz,1.5,3,500,5,3,shrink,50.0
bidisperse_a0.005_sr0.667_x1.5_N4000_L24_T400000_seed3_cont2_dense500.npz,1.5,3,500,5,3,shrink,400.0
bidisperse_a0.005_sr0.667_x1.5_N4000_L24_T400000_seed3_cont2_dense500.npz,1.5,3,500,5,3,shrink,50.0
bidisperse_a0.005_sr0.667_x1.5_N4000_L24_T400000_seed3_cont2_dense500.npz,1.5,3,500,5,3,shrink,600.0
bidisperse_a0.005_sr0.667_x1.5_N4000_L24_T400000_seed3_cont2_dense500.npz,1.5,3,500,5,3,shrink,50.0
bidisperse_a0.005_sr0.667_x1.5_N4000_L24_T400000_seed3_cont2_dense500.npz,1.5,3,500,5,3,shrink,900.0
bidisperse_a0.005_sr0.667_x1.5_N4000_L24_T400000_seed3_cont2_dense500.npz,1.5,3,500,5,3,shrink,1400.0
bidisperse_a0.005_sr0.667_x1.5_N4000_L24_T400000_seed3_cont2_dense500.npz,1.5,3,500,5,3,shrink,200.0
bidisperse_a0.005_sr0.667_x1.5_N4000_L24_T400000_seed3_cont2_dense500.npz,1.5,3,500,5,3,shrink,50.0
bidisperse_a0.005_sr0.667_x1.5_N4000_L24_T400000_seed3_cont2_dense500.npz,1.5,3,500,5,3,shrink,50.0
bidisperse_a0.005_sr0.667_x1.5_N4000_L24_T400000_seed3_cont2_dense500.npz,1.5,3,500,6,65,grow,50.0
bidisperse_a0.005_sr0.667_x1.5_N4000_L24_T400000_seed3_cont2_dense500.npz,1.5,3,500,6,39,grow,50.0
bidisperse_a0.005_sr0.667_x1.5_N4000_L24_T400000_seed3_cont2_dense500.npz,1.5,3,500,6,32,grow,50.0
bidisperse_a0.005_sr0.667_x1.5_N4000_L24_T400000_seed3_cont2_dense500.npz,1.5,3,500,6,26,grow,50.0
bidisperse_a0.005_sr0.667_x1.5_N4000_L24_T400000_seed3_cont2_dense500.npz,1.5,3,500,6,25,grow,50.0
bidisperse_a0.005_sr0.667_x1.5_N4000_L24_T400000_seed3_cont2_dense500.npz,1.5,3,500,6,23,grow,50.0
bidisperse_a0.005_sr0.667_x1.5_N4000_L24_T400000_seed3_cont2_dense500.npz,1.5,3,500,6,19,grow,50.0
bidisperse_a0.005_sr0.667_x1.5_N4000_L24_T400000_seed3_cont2_dense500.npz,1.5,3,500,6,13,shrink,750.0
bidisperse_a0.005_sr0.667_x1.5_N4000_L24_T400000_seed3_cont2_dense500.npz,1.5,3,500,6,12,grow,1150.0
bidisperse_a0.005_sr0.667_x1.5_N4000_L24_T400000_seed3_cont2_dense500.npz,1.5,3,500,6,12,shrink,2150.0
bidisperse_a0.005_sr0.667_x1.5_N4000_L24_T400000_seed3_cont2_dense500.npz,1.5,3,500,6,11,grow,1150.0
bidisperse_a0.005_sr0.667_x1.5_N4000_L24_T400000_seed3_cont2_dense500.npz,1.5,3,500,6,11,grow,1650.0
bidisperse_a0.005_sr0.667_x1.5_N4000_L24_T400000_seed3_cont2_dense500.npz,1.5,3,500,6,10,shrink,1250.0
bidisperse_a0.005_sr0.667_x1.5_N4000_L24_T400000_seed3_cont2_dense500.npz,1.5,3,500,6,10,open,0.0
bidisperse_a0.005_sr0.667_x1.5_N4000_L24_T400000_seed3_cont2_dense500.npz,1.5,3,500,6,10,shrink,1600.0
bidisperse_a0.005_sr0.667_x1.5_N4000_L24_T400000_seed3_cont2_dense500.npz,1.5,3,500,6,10,shrink,1000.0
bidisperse_a0.005_sr0.667_x1.5_N4000_L24_T400000_seed3_cont2_dense500.npz,1.5,3,500,6,9,grow,1300.0
bidisperse_a0.005_sr0.667_x1.5_N4000_L24_T400000_seed3_cont2_dense500.npz,1.5,3,500,6,9,open,0.0
bidisperse_a0.005_sr0.667_x1.5_N4000_L24_T400000_seed3_cont2_dense500.npz,1.5,3,500,6,9,shrink,300.0
bidisperse_a0.005_sr0.667_x1.5_N4000_L24_T400000_seed3_cont2_dense500.npz,1.5,3,500,6,8,absorbed,1000.0
bidisperse_a0.005_sr0.667_x1.5_N4000_L24_T400000_seed3_cont2_dense500.npz,1.5,3,500,6,8,shrink,2150.0
bidisperse_a0.005_sr0.667_x1.5_N4000_L24_T400000_seed3_cont2_dense500.npz,1.5,3,500,6,7,open,0.0
bidisperse_a0.005_sr0.667_x1.5_N4000_L24_T400000_seed3_cont2_dense500.npz,1.5,3,500,6,7,shrink,250.0
bidisperse_a0.005_sr0.667_x1.5_N4000_L24_T400000_seed3_cont2_dense500.npz,1.5,3,500,6,7,shrink,250.0
bidisperse_a0.005_sr0.667_x1.5_N4000_L24_T400000_seed3_cont2_dense500.npz,1.5,3,500,6,6,absorbed,150.0
bidisperse_a0.005_sr0.667_x1.5_N4000_L24_T400000_seed3_cont2_dense500.npz,1.5,3,500,6,6,shrink,250.0
bidisperse_a0.005_sr0.667_x1.5_N4000_L24_T400000_seed3_cont2_dense500.npz,1.5,3,500,6,6,open,0.0
bidisperse_a0.005_sr0.667_x1.5_N4000_L24_T400000_seed3_cont2_dense500.npz,1.5,3,500,6,6,shrink,400.0
bidisperse_a0.005_sr0.667_x1.5_N4000_L24_T400000_seed3_cont2_dense500.npz,1.5,3,500,6,6,absorbed,1000.0
bidisperse_a0.005_sr0.667_x1.5_N4000_L24_T400000_seed3_cont2_dense500.npz,1.5,3,500,6,5,shrink,200.0
bidisperse_a0.005_sr0.667_x1.5_N4000_L24_T400000_seed3_cont2_dense500.npz,1.5,3,500,6,5,shrink,350.0
bidisperse_a0.005_sr0.667_x1.5_N4000_L24_T400000_seed3_cont2_dense500.npz,1.5,3,500,6,5,shrink,600.0
bidisperse_a0.005_sr0.667_x1.5_N4000_L24_T400000_seed3_cont2_dense500.npz,1.5,3,500,6,5,shrink,200.0
bidisperse_a0.005_sr0.667_x1.5_N4000_L24_T400000_seed3_cont2_dense500.npz,1.5,3,500,6,5,absorbed,500.0
bidisperse_a0.005_sr0.667_x1.5_N4000_L24_T400000_seed3_cont2_dense500.npz,1.5,3,500,6,5,absorbed,250.0
bidisperse_a0.005_sr0.667_x1.5_N4000_L24_T400000_seed3_cont2_dense500.npz,1.5,3,500,6,4,grow,50.0
bidisperse_a0.005_sr0.667_x1.5_N4000_L24_T400000_seed3_cont2_dense500.npz,1.5,3,500,6,4,shrink,300.0
bidisperse_a0.005_sr0.667_x1.5_N4000_L24_T400000_seed3_cont2_dense500.npz,1.5,3,500,6,4,shrink,450.0
bidisperse_a0.005_sr0.667_x1.5_N4000_L24_T400000_seed3_cont2_dense500.npz,1.5,3,500,6,4,shrink,800.0
bidisperse_a0.005_sr0.667_x1.5_N4000_L24_T400000_seed3_cont2_dense500.npz,1.5,3,500,6,4,grow,550.0
bidisperse_a0.005_sr0.667_x1.5_N4000_L24_T400000_seed3_cont2_dense500.npz,1.5,3,500,6,4,shrink,150.0
bidisperse_a0.005_sr0.667_x1.5_N4000_L24_T400000_seed3_cont2_dense500.npz,1.5,3,500,6,4,shrink,150.0
bidisperse_a0.005_sr0.667_x1.5_N4000_L24_T400000_seed3_cont2_dense500.npz,1.5,3,500,6,4,shrink,250.0
bidisperse_a0.005_sr0.667_x1.5_N4000_L24_T400000_seed3_cont2_dense500.npz,1.5,3,500,6,4,shrink,50.0
bidisperse_a0.005_sr0.667_x1.5_N4000_L24_T400000_seed3_cont2_dense500.npz,1.5,3,500,6,4,shrink,50.0
bidisperse_a0.005_sr0.667_x1.5_N4000_L24_T400000_seed3_cont2_dense500.npz,1.5,3,500,6,4,shrink,100.0
bidisperse_a0.005_sr0.667_x1.5_N4000_L24_T400000_seed3_cont2_dense500.npz,1.5,3,500,6,4,shrink,950.0
bidisperse_a0.005_sr0.667_x1.5_N4000_L24_T400000_seed3_cont2_dense500.npz,1.5,3,500,6,4,shrink,650.0
bidisperse_a0.005_sr0.667_x1.5_N4000_L24_T400000_seed3_cont2_dense500.npz,1.5,3,500,6,4,shrink,1200.0
bidisperse_a0.005_sr0.667_x1.5_N4000_L24_T400000_seed3_cont2_dense500.npz,1.5,3,500,6,3,shrink,300.0
bidisperse_a0.005_sr0.667_x1.5_N4000_L24_T400000_seed3_cont2_dense500.npz,1.5,3,500,6,3,shrink,400.0
bidisperse_a0.005_sr0.667_x1.5_N4000_L24_T400000_seed3_cont2_dense500.npz,1.5,3,500,6,3,shrink,100.0
bidisperse_a0.005_sr0.667_x1.5_N4000_L24_T400000_seed3_cont2_dense500.npz,1.5,3,500,6,3,shrink,1000.0
bidisperse_a0.005_sr0.667_x1.5_N4000_L24_T400000_seed3_cont2_dense500.npz,1.5,3,500,6,3,shrink,50.0
bidisperse_a0.005_sr0.667_x1.5_N4000_L24_T400000_seed3_cont2_dense500.npz,1.5,3,500,6,3,shrink,100.0
bidisperse_a0.005_sr0.667_x1.5_N4000_L24_T400000_seed3_cont2_dense500.npz,1.5,3,500,6,3,shrink,300.0
bidisperse_a0.005_sr0.667_x1.5_N4000_L24_T400000_seed3_cont2_dense500.npz,1.5,3,500,6,3,shrink,200.0
bidisperse_a0.005_sr0.667_x1.5_N4000_L24_T400000_seed3_cont2_dense500.npz,1.5,3,500,6,3,grow,1300.0
bidisperse_a0.005_sr0.667_x1.5_N4000_L24_T400000_seed3_cont2_dense500.npz,1.5,3,500,6,3,shrink,500.0
bidisperse_a0.005_sr0.667_x1.5_N4000_L24_T400000_seed3_cont2_dense500.npz,1.5,3,500,6,3,shrink,300.0
bidisperse_a0.005_sr0.667_x1.5_N4000_L24_T400000_seed3_cont2_dense500.npz,1.5,3,500,6,3,shrink,200.0
bidisperse_a0.005_sr0.667_x1.5_N4000_L24_T400000_seed3_cont2_dense500.npz,1.5,3,500,6,3,absorbed,150.0
bidisperse_a0.005_sr0.667_x1.5_N4000_L24_T400000_seed3_cont2_dense500.npz,1.5,3,500,6,3,shrink,100.0
bidisperse_a0.005_sr0.667_x1.5_N4000_L24_T400000_seed3_cont2_dense500.npz,1.5,3,500,6,3,shrink,100.0
bidisperse_a0.005_sr0.667_x1.5_N4000_L24_T400000_seed3_cont2_dense500.npz,1.5,3,500,6,3,shrink,50.0
bidisperse_a0.005_sr0.667_x1.5_N4000_L24_T400000_seed3_cont2_dense500.npz,1.5,3,500,6,3,shrink,100.0
bidisperse_a0.005_sr0.667_x1.5_N4000_L24_T400000_seed3_cont2_dense500.npz,1.5,3,500,6,3,shrink,100.0
bidisperse_a0.005_sr0.667_x1.5_N4000_L24_T400000_seed3_cont2_dense500.npz,1.5,3,500,6,3,shrink,150.0
bidisperse_a0.005_sr0.667_x1.5_N4000_L24_T400000_seed3_cont2_dense500.npz,1.5,3,500,6,3,shrink,50.0
bidisperse_a0.005_sr0.667_x1.5_N4000_L24_T400000_seed3_cont2_dense500.npz,1.5,3,500,6,3,shrink,900.0
bidisperse_a0.005_sr0.667_x1.5_N4000_L24_T400000_seed3_cont2_dense500.npz,1.5,3,500,6,3,shrink,150.0
bidisperse_a0.005_sr0.667_x1.5_N4000_L24_T400000_seed3_cont2_dense500.npz,1.5,3,500,6,3,shrink,100.0
bidisperse_a0.005_sr0.667_x1.5_N4000_L24_T400000_seed3_cont2_dense500.npz,1.5,3,500,6,3,shrink,950.0
bidisperse_a0.005_sr0.667_x1.5_N4000_L24_T400000_seed3_cont2_dense500.npz,1.5,3,500,6,3,shrink,100.0
bidisperse_a0.005_sr0.667_x1.5_N4000_L24_T400000_seed3_cont2_dense500.npz,1.5,3,500,6,3,shrink,550.0
bidisperse_a0.005_sr0.667_x1.5_N4000_L24_T400000_seed3_cont2_dense500.npz,1.5,3,500,6,3,shrink,850.0
bidisperse_a0.005_sr0.667_x1.5_N4000_L24_T400000_seed3_cont2_dense500.npz,1.5,3,500,6,3,shrink,50.0
bidisperse_a0.005_sr0.667_x1.5_N4000_L24_T400000_seed3_cont2_dense500.npz,1.5,3,500,6,3,shrink,150.0
bidisperse_a0.005_sr0.667_x1.5_N4000_L24_T400000_seed3_cont2_dense500.npz,1.5,3,500,6,3,shrink,200.0
bidisperse_a0.005_sr0.667_x1.5_N4000_L24_T400000_seed3_cont2_dense500.npz,1.5,3,500,7,65,grow,50.0
bidisperse_a0.005_sr0.667_x1.5_N4000_L24_T400000_seed3_cont2_dense500.npz,1.5,3,500,7,39,grow,50.0
bidisperse_a0.005_sr0.667_x1.5_N4000_L24_T400000_seed3_cont2_dense500.npz,1.5,3,500,7,32,grow,50.0
bidisperse_a0.005_sr0.667_x1.5_N4000_L24_T400000_seed3_cont2_dense500.npz,1.5,3,500,7,26,grow,50.0
bidisperse_a0.005_sr0.667_x1.5_N4000_L24_T400000_seed3_cont2_dense500.npz,1.5,3,500,7,25,grow,50.0
bidisperse_a0.005_sr0.667_x1.5_N4000_L24_T400000_seed3_cont2_dense500.npz,1.5,3,500,7,23,grow,50.0
bidisperse_a0.005_sr0.667_x1.5_N4000_L24_T400000_seed3_cont2_dense500.npz,1.5,3,500,7,19,grow,50.0
bidisperse_a0.005_sr0.667_x1.5_N4000_L24_T400000_seed3_cont2_dense500.npz,1.5,3,500,7,13,shrink,500.0
bidisperse_a0.005_sr0.667_x1.5_N4000_L24_T400000_seed3_cont2_dense500.npz,1.5,3,500,7,12,grow,1100.0
bidisperse_a0.005_sr0.667_x1.5_N4000_L24_T400000_seed3_cont2_dense500.npz,1.5,3,500,7,12,absorbed,2200.0
bidisperse_a0.005_sr0.667_x1.5_N4000_L24_T400000_seed3_cont2_dense500.npz,1.5,3,500,7,11,shrink,1450.0
bidisperse_a0.005_sr0.667_x1.5_N4000_L24_T400000_seed3_cont2_dense500.npz,1.5,3,500,7,11,shrink,600.0
bidisperse_a0.005_sr0.667_x1.5_N4000_L24_T400000_seed3_cont2_dense500.npz,1.5,3,500,7,10,grow,1100.0
bidisperse_a0.005_sr0.667_x1.5_N4000_L24_T400000_seed3_cont2_dense500.npz,1.5,3,500,7,10,shrink,2500.0
bidisperse_a0.005_sr0.667_x1.5_N4000_L24_T400000_seed3_cont2_dense500.npz,1.5,3,500,7,10,shrink,2700.0
bidisperse_a0.005_sr0.667_x1.5_N4000_L24_T400000_seed3_cont2_dense500.npz,1.5,3,500,7,10,shrink,800.0
bidisperse_a0.005_sr0.667_x1.5_N4000_L24_T400000_seed3_cont2_dense500.npz,1.5,3,500,7,9,grow,1000.0
bidisperse_a0.005_sr0.667_x1.5_N4000_L24_T400000_seed3_cont2_dense500.npz,1.5,3,500,7,9,shrink,2150.0
bidisperse_a0.005_sr0.667_x1.5_N4000_L24_T400000_seed3_cont2_dense500.npz,1.5,3,500,7,9,shrink,1950.0
bidisperse_a0.005_sr0.667_x1.5_N4000_L24_T400000_seed3_cont2_dense500.npz,1.5,3,500,7,8,grow,1000.0
bidisperse_a0.005_sr0.667_x1.5_N4000_L24_T400000_seed3_cont2_dense500.npz,1.5,3,500,7,8,shrink,200.0
bidisperse_a0.005_sr0.667_x1.5_N4000_L24_T400000_seed3_cont2_dense500.npz,1.5,3,500,7,7,open,0.0
bidisperse_a0.005_sr0.667_x1.5_N4000_L24_T400000_seed3_cont2_dense500.npz,1.5,3,500,7,7,shrink,100.0
bidisperse_a0.005_sr0.667_x1.5_N4000_L24_T400000_seed3_cont2_dense500.npz,1.5,3,500,7,7,absorbed,50.0
bidisperse_a0.005_sr0.667_x1.5_N4000_L24_T400000_seed3_cont2_dense500.npz,1.5,3,500,7,6,absorbed,100.0
bidisperse_a0.005_sr0.667_x1.5_N4000_L24_T400000_seed3_cont2_dense500.npz,1.5,3,500,7,6,shrink,250.0
bidisperse_a0.005_sr0.667_x1.5_N4000_L24_T400000_seed3_cont2_dense500.npz,1.5,3,500,7,6,shrink,1250.0
bidisperse_a0.005_sr0.667_x1.5_N4000_L24_T400000_seed3_cont2_dense500.npz,1.5,3,500,7,6,shrink,350.0
bidisperse_a0.005_sr0.667_x1.5_N4000_L24_T400000_seed3_cont2_dense500.npz,1.5,3,500,7,6,shrink,500.0
bidisperse_a0.005_sr0.667_x1.5_N4000_L24_T400000_seed3_cont2_dense500.npz,1.5,3,500,7,5,shrink,1700.0
bidisperse_a0.005_sr0.667_x1.5_N4000_L24_T400000_seed3_cont2_dense500.npz,1.5,3,500,7,5,shrink,1250.0
bidisperse_a0.005_sr0.667_x1.5_N4000_L24_T400000_seed3_cont2_dense500.npz,1.5,3,500,7,5,shrink,450.0
bidisperse_a0.005_sr0.667_x1.5_N4000_L24_T400000_seed3_cont2_dense500.npz,1.5,3,500,7,5,shrink,350.0
bidisperse_a0.005_sr0.667_x1.5_N4000_L24_T400000_seed3_cont2_dense500.npz,1.5,3,500,7,5,shrink,650.0
bidisperse_a0.005_sr0.667_x1.5_N4000_L24_T400000_seed3_cont2_dense500.npz,1.5,3,500,7,5,absorbed,500.0
bidisperse_a0.005_sr0.667_x1.5_N4000_L24_T400000_seed3_cont2_dense500.npz,1.5,3,500,7,4,grow,50.0
bidisperse_a0.005_sr0.667_x1.5_N4000_L24_T400000_seed3_cont2_dense500.npz,1.5,3,500,7,4,shrink,550.0
bidisperse_a0.005_sr0.667_x1.5_N4000_L24_T400000_seed3_cont2_dense500.npz,1.5,3,500,7,4,shrink,50.0
bidisperse_a0.005_sr0.667_x1.5_N4000_L24_T400000_seed3_cont2_dense500.npz,1.5,3,500,7,4,shrink,600.0
bidisperse_a0.005_sr0.667_x1.5_N4000_L24_T400000_seed3_cont2_dense500.npz,1.5,3,500,7,4,shrink,100.0
bidisperse_a0.005_sr0.667_x1.5_N4000_L24_T400000_seed3_cont2_dense500.npz,1.5,3,500,7,4,shrink,1250.0
bidisperse_a0.005_sr0.667_x1.5_N4000_L24_T400000_seed3_cont2_dense500.npz,1.5,3,500,7,4,shrink,250.0
bidisperse_a0.005_sr0.667_x1.5_N4000_L24_T400000_seed3_cont2_dense500.npz,1.5,3,500,7,4,shrink,50.0
bidisperse_a0.005_sr0.667_x1.5_N4000_L24_T400000_seed3_cont2_dense500.npz,1.5,3,500,7,4,shrink,50.0
bidisperse_a0.005_sr0.667_x1.5_N4000_L24_T400000_seed3_cont2_dense500.npz,1.5,3,500,7,4,shrink,50.0
bidisperse_a0.005_sr0.667_x1.5_N4000_L24_T400000_seed3_cont2_dense500.npz,1.5,3,500,7,4,shrink,100.0
bidisperse_a0.005_sr0.667_x1.5_N4000_L24_T400000_seed3_cont2_dense500.npz,1.5,3,500,7,4,shrink,1100.0
bidisperse_a0.005_sr0.667_x1.5_N4000_L24_T400000_seed3_cont2_dense500.npz,1.5,3,500,7,4,shrink,600.0
bidisperse_a0.005_sr0.667_x1.5_N4000_L24_T400000_seed3_cont2_dense500.npz,1.5,3,500,7,4,shrink,150.0
bidisperse_a0.005_sr0.667_x1.5_N4000_L24_T400000_seed3_cont2_dense500.npz,1.5,3,500,7,3,shrink,150.0
bidisperse_a0.005_sr0.667_x1.5_N4000_L24_T400000_seed3_cont2_dense500.npz,1.5,3,500,7,3,shrink,50.0
bidisperse_a0.005_sr0.667_x1.5_N4000_L24_T400000_seed3_cont2_dense500.npz,1.5,3,500,7,3,shrink,350.0
bidisperse_a0.005_sr0.667_x1.5_N4000_L24_T400000_seed3_cont2_dense500.npz,1.5,3,500,7,3,shrink,50.0
bidisperse_a0.005_sr0.667_x1.5_N4000_L24_T400000_seed3_cont2_dense500.npz,1.5,3,500,7,3,shrink,150.0
bidisperse_a0.005_sr0.667_x1.5_N4000_L24_T400000_seed3_cont2_dense500.npz,1.5,3,500,7,3,shrink,200.0
bidisperse_a0.005_sr0.667_x1.5_N4000_L24_T400000_seed3_cont2_dense500.npz,1.5,3,500,7,3,shrink,150.0
bidisperse_a0.005_sr0.667_x1.5_N4000_L24_T400000_seed3_cont2_dense500.npz,1.5,3,500,7,3,shrink,50.0
bidisperse_a0.005_sr0.667_x1.5_N4000_L24_T400000_seed3_cont2_dense500.npz,1.5,3,500,7,3,shrink,50.0
bidisperse_a0.005_sr0.667_x1.5_N4000_L24_T400000_seed3_cont2_dense500.npz,1.5,3,500,7,3,shrink,200.0
bidisperse_a0.005_sr0.667_x1.5_N4000_L24_T400000_seed3_cont2_dense500.npz,1.5,3,500,7,3,shrink,100.0
bidisperse_a0.005_sr0.667_x1.5_N4000_L24_T400000_seed3_cont2_dense500.npz,1.5,3,500,7,3,shrink,100.0
bidisperse_a0.005_sr0.667_x1.5_N4000_L24_T400000_seed3_cont2_dense500.npz,1.5,3,500,7,3,shrink,50.0
bidisperse_a0.005_sr0.667_x1.5_N4000_L24_T400000_seed3_cont2_dense500.npz,1.5,3,500,7,3,shrink,50.0
bidisperse_a0.005_sr0.667_x1.5_N4000_L24_T400000_seed3_cont2_dense500.npz,1.5,3,500,7,3,shrink,50.0
bidisperse_a0.005_sr0.667_x1.5_N4000_L24_T400000_seed3_cont2_dense500.npz,1.5,3,500,7,3,shrink,100.0
bidisperse_a0.005_sr0.667_x1.5_N4000_L24_T400000_seed3_cont2_dense500.npz,1.5,3,500,7,3,shrink,150.0
bidisperse_a0.005_sr0.667_x1.5_N4000_L24_T400000_seed3_cont2_dense500.npz,1.5,3,500,7,3,shrink,450.0
bidisperse_a0.005_sr0.667_x1.5_N4000_L24_T400000_seed3_cont2_dense500.npz,1.5,3,500,7,3,shrink,50.0
bidisperse_a0.005_sr0.667_x1.5_N4000_L24_T400000_seed3_cont2_dense500.npz,1.5,3,500,7,3,shrink,50.0
bidisperse_a0.005_sr0.667_x1.5_N4000_L24_T400000_seed3_cont2_dense500.npz,1.5,3,500,7,3,shrink,550.0
bidisperse_a0.005_sr0.667_x1.5_N4000_L24_T400000_seed3_cont2_dense500.npz,1.5,3,500,7,3,shrink,100.0
bidisperse_a0.005_sr0.667_x1.5_N4000_L24_T400000_seed3_cont2_dense500.npz,1.5,3,500,7,3,shrink,50.0
bidisperse_a0.005_sr0.667_x1.5_N4000_L24_T400000_seed3_cont2_dense500.npz,1.5,3,500,7,3,shrink,50.0
bidisperse_a0.005_sr0.667_x1.5_N4000_L24_T400000_seed3_cont2_dense500.npz,1.5,3,500,7,3,shrink,100.0
bidisperse_a0.005_sr0.667_x1.5_N4000_L24_T400000_seed3_cont2_dense500.npz,1.5,3,500,7,3,shrink,850.0
bidisperse_a0.005_sr0.667_x1.5_N4000_L24_T400000_seed3_cont2_dense500.npz,1.5,3,500,7,3,shrink,1400.0
bidisperse_a0.005_sr0.667_x1.5_N4000_L24_T400000_seed3_cont2_dense500.npz,1.5,3,500,7,3,shrink,50.0
bidisperse_a0.005_sr0.667_x1.5_N4000_L24_T400000_seed3_cont2_dense500.npz,1.5,3,500,7,3,shrink,100.0
bidisperse_a0.005_sr0.667_x1.5_N4000_L24_T400000_seed3_cont2_dense500.npz,1.5,3,500,7,3,shrink,150.0
bidisperse_a0.005_sr0.667_x1.5_N4000_L24_T400000_seed3_cont2_dense500.npz,1.5,3,500,8,65,grow,50.0
bidisperse_a0.005_sr0.667_x1.5_N4000_L24_T400000_seed3_cont2_dense500.npz,1.5,3,500,8,39,grow,50.0
bidisperse_a0.005_sr0.667_x1.5_N4000_L24_T400000_seed3_cont2_dense500.npz,1.5,3,500,8,32,grow,50.0
bidisperse_a0.005_sr0.667_x1.5_N4000_L24_T400000_seed3_cont2_dense500.npz,1.5,3,500,8,26,grow,50.0
bidisperse_a0.005_sr0.667_x1.5_N4000_L24_T400000_seed3_cont2_dense500.npz,1.5,3,500,8,25,grow,50.0
bidisperse_a0.005_sr0.667_x1.5_N4000_L24_T400000_seed3_cont2_dense500.npz,1.5,3,500,8,23,grow,50.0
bidisperse_a0.005_sr0.667_x1.5_N4000_L24_T400000_seed3_cont2_dense500.npz,1.5,3,500,8,19,grow,50.0
bidisperse_a0.005_sr0.667_x1.5_N4000_L24_T400000_seed3_cont2_dense500.npz,1.5,3,500,8,13,grow,1100.0
bidisperse_a0.005_sr0.667_x1.5_N4000_L24_T400000_seed3_cont2_dense500.npz,1.5,3,500,8,12,absorbed,2000.0
bidisperse_a0.005_sr0.667_x1.5_N4000_L24_T400000_seed3_cont2_dense500.npz,1.5,3,500,8,12,shrink,1600.0
bidisperse_a0.005_sr0.667_x1.5_N4000_L24_T400000_seed3_cont2_dense500.npz,1.5,3,500,8,11,shrink,650.0
bidisperse_a0.005_sr0.667_x1.5_N4000_L24_T400000_seed3_cont2_dense500.npz,1.5,3,500,8,11,grow,2150.0
bidisperse_a0.005_sr0.667_x1.5_N4000_L24_T400000_seed3_cont2_dense500.npz,1.5,3,500,8,10,shrink,2550.0
bidisperse_a0.005_sr0.667_x1.5_N4000_L24_T400000_seed3_cont2_dense500.npz,1.5,3,500,8,10,shrink,2100.0
bidisperse_a0.005_sr0.667_x1.5_N4000_L24_T400000_seed3_cont2_dense500.npz,1.5,3,500,8,10,grow,2300.0
bidisperse_a0.005_sr0.667_x1.5_N4000_L24_T400000_seed3_cont2_dense500.npz,1.5,3,500,8,10,shrink,1600.0
bidisperse_a0.005_sr0.667_x1.5_N4000_L24_T400000_seed3_cont2_dense500.npz,1.5,3,500,8,9,grow,900.0
bidisperse_a0.005_sr0.667_x1.5_N4000_L24_T400000_seed3_cont2_dense500.npz,1.5,3,500,8,9,shrink,750.0
bidisperse_a0.005_sr0.667_x1.5_N4000_L24_T400000_seed3_cont2_dense500.npz,1.5,3,500,8,9,grow,1750.0
bidisperse_a0.005_sr0.667_x1.5_N4000_L24_T400000_seed3_cont2_dense500.npz,1.5,3,500,8,8,shrink,2200.0
bidisperse_a0.005_sr0.667_x1.5_N4000_L24_T400000_seed3_cont2_dense500.npz,1.5,3,500,8,8,grow,950.0
bidisperse_a0.005_sr0.667_x1.5_N4000_L24_T400000_seed3_cont2_dense500.npz,1.5,3,500,8,7,shrink,950.0
bidisperse_a0.005_sr0.667_x1.5_N4000_L24_T400000_seed3_cont2_dense500.npz,1.5,3,500,8,7,shrink,100.0
bidisperse_a0.005_sr0.667_x1.5_N4000_L24_T400000_seed3_cont2_dense500.npz,1.5,3,500,8,7,absorbed,50.0
bidisperse_a0.005_sr0.667_x1.5_N4000_L24_T400000_seed3_cont2_dense500.npz,1.5,3,500,8,6,shrink,1400.0
bidisperse_a0.005_sr0.667_x1.5_N4000_L24_T400000_seed3_cont2_dense500.npz,1.5,3,500,8,6,shrink,1250.0
bidisperse_a0.005_sr0.667_x1.5_N4000_L24_T400000_seed3_cont2_dense500.npz,1.5,3,500,8,6,shrink,2700.0
bidisperse_a0.005_sr0.667_x1.5_N4000_L24_T400000_seed3_cont2_dense500.npz,1.5,3,500,8,6,grow,1750.0
bidisperse_a0.005_sr0.667_x1.5_N4000_L24_T400000_seed3_cont2_dense500.npz,1.5,3,500,8,6,shrink,2200.0
bidisperse_a0.005_sr0.667_x1.5_N4000_L24_T400000_seed3_cont2_dense500.npz,1.5,3,500,8,5,shrink,150.0
bidisperse_a0.005_sr0.667_x1.5_N4000_L24_T400000_seed3_cont2_dense500.npz,1.5,3,500,8,5,shrink,250.0
bidisperse_a0.005_sr0.667_x1.5_N4000_L24_T400000_seed3_cont2_dense500.npz,1.5,3,500,8,5,shrink,200.0
bidisperse_a0.005_sr0.667_x1.5_N4000_L24_T400000_seed3_cont2_dense500.npz,1.5,3,500,8,5,shrink,300.0
bidisperse_a0.005_sr0.667_x1.5_N4000_L24_T400000_seed3_cont2_dense500.npz,1.5,3,500,8,5,absorbed,500.0
bidisperse_a0.005_sr0.667_x1.5_N4000_L24_T400000_seed3_cont2_dense500.npz,1.5,3,500,8,5,shrink,350.0
bidisperse_a0.005_sr0.667_x1.5_N4000_L24_T400000_seed3_cont2_dense500.npz,1.5,3,500,8,4,grow,50.0
bidisperse_a0.005_sr0.667_x1.5_N4000_L24_T400000_seed3_cont2_dense500.npz,1.5,3,500,8,4,shrink,150.0
bidisperse_a0.005_sr0.667_x1.5_N4000_L24_T400000_seed3_cont2_dense500.npz,1.5,3,500,8,4,shrink,50.0
bidisperse_a0.005_sr0.667_x1.5_N4000_L24_T400000_seed3_cont2_dense500.npz,1.5,3,500,8,4,shrink,400.0
bidisperse_a0.005_sr0.667_x1.5_N4000_L24_T400000_seed3_cont2_dense500.npz,1.5,3,500,8,4,grow,250.0
bidisperse_a0.005_sr0.667_x1.5_N4000_L24_T400000_seed3_cont2_dense500.npz,1.5,3,500,8,4,shrink,150.0
bidisperse_a0.005_sr0.667_x1.5_N4000_L24_T400000_seed3_cont2_dense500.npz,1.5,3,500,8,4,shrink,150.0
bidisperse_a0.005_sr0.667_x1.5_N4000_L24_T400000_seed3_cont2_dense500.npz,1.5,3,500,8,4,shrink,800.0
bidisperse_a0.005_sr0.667_x1.5_N4000_L24_T400000_seed3_cont2_dense500.npz,1.5,3,500,8,4,shrink,100.0
bidisperse_a0.005_sr0.667_x1.5_N4000_L24_T400000_seed3_cont2_dense500.npz,1.5,3,500,8,4,shrink,450.0
bidisperse_a0.005_sr0.667_x1.5_N4000_L24_T400000_seed3_cont2_dense500.npz,1.5,3,500,8,4,grow,1750.0
bidisperse_a0.005_sr0.667_x1.5_N4000_L24_T400000_seed3_cont2_dense500.npz,1.5,3,500,8,4,grow,1750.0
bidisperse_a0.005_sr0.667_x1.5_N4000_L24_T400000_seed3_cont2_dense500.npz,1.5,3,500,8,4,shrink,350.0
bidisperse_a0.005_sr0.667_x1.5_N4000_L24_T400000_seed3_cont2_dense500.npz,1.5,3,500,8,4,shrink,50.0
bidisperse_a0.005_sr0.667_x1.5_N4000_L24_T400000_seed3_cont2_dense500.npz,1.5,3,500,8,3,shrink,250.0
bidisperse_a0.005_sr0.667_x1.5_N4000_L24_T400000_seed3_cont2_dense500.npz,1.5,3,500,8,3,shrink,100.0
bidisperse_a0.005_sr0.667_x1.5_N4000_L24_T400000_seed3_cont2_dense500.npz,1.5,3,500,8,3,shrink,100.0
bidisperse_a0.005_sr0.667_x1.5_N4000_L24_T400000_seed3_cont2_dense500.npz,1.5,3,500,8,3,shrink,100.0
bidisperse_a0.005_sr0.667_x1.5_N4000_L24_T400000_seed3_cont2_dense500.npz,1.5,3,500,8,3,shrink,600.0
bidisperse_a0.005_sr0.667_x1.5_N4000_L24_T400000_seed3_cont2_dense500.npz,1.5,3,500,8,3,shrink,100.0
bidisperse_a0.005_sr0.667_x1.5_N4000_L24_T400000_seed3_cont2_dense500.npz,1.5,3,500,8,3,shrink,300.0
bidisperse_a0.005_sr0.667_x1.5_N4000_L24_T400000_seed3_cont2_dense500.npz,1.5,3,500,8,3,shrink,650.0
bidisperse_a0.005_sr0.667_x1.5_N4000_L24_T400000_seed3_cont2_dense500.npz,1.5,3,500,8,3,shrink,50.0
bidisperse_a0.005_sr0.667_x1.5_N4000_L24_T400000_seed3_cont2_dense500.npz,1.5,3,500,8,3,shrink,100.0
bidisperse_a0.005_sr0.667_x1.5_N4000_L24_T400000_seed3_cont2_dense500.npz,1.5,3,500,8,3,shrink,250.0
bidisperse_a0.005_sr0.667_x1.5_N4000_L24_T400000_seed3_cont2_dense500.npz,1.5,3,500,8,3,shrink,50.0
bidisperse_a0.005_sr0.667_x1.5_N4000_L24_T400000_seed3_cont2_dense500.npz,1.5,3,500,8,3,absorbed,100.0
bidisperse_a0.005_sr0.667_x1.5_N4000_L24_T400000_seed3_cont2_dense500.npz,1.5,3,500,8,3,shrink,50.0
bidisperse_a0.005_sr0.667_x1.5_N4000_L24_T400000_seed3_cont2_dense500.npz,1.5,3,500,8,3,shrink,150.0
bidisperse_a0.005_sr0.667_x1.5_N4000_L24_T400000_seed3_cont2_dense500.npz,1.5,3,500,8,3,shrink,50.0
bidisperse_a0.005_sr0.667_x1.5_N4000_L24_T400000_seed3_cont2_dense500.npz,1.5,3,500,8,3,shrink,150.0
bidisperse_a0.005_sr0.667_x1.5_N4000_L24_T400000_seed3_cont2_dense500.npz,1.5,3,500,8,3,shrink,50.0
bidisperse_a0.005_sr0.667_x1.5_N4000_L24_T400000_seed3_cont2_dense500.npz,1.5,3,500,8,3,shrink,1650.0
bidisperse_a0.005_sr0.667_x1.5_N4000_L24_T400000_seed3_cont2_dense500.npz,1.5,3,500,8,3,shrink,50.0
bidisperse_a0.005_sr0.667_x1.5_N4000_L24_T400000_seed3_cont2_dense500.npz,1.5,3,500,8,3,shrink,200.0
bidisperse_a0.005_sr0.667_x1.5_N4000_L24_T400000_seed3_cont2_dense500.npz,1.5,3,500,8,3,shrink,500.0
bidisperse_a0.005_sr0.667_x1.5_N4000_L24_T400000_seed3_cont2_dense500.npz,1.5,3,500,8,3,shrink,50.0
bidisperse_a0.005_sr0.667_x1.5_N4000_L24_T400000_seed3_cont2_dense500.npz,1.5,3,500,8,3,shrink,250.0
bidisperse_a0.005_sr0.667_x1.5_N4000_L24_T400000_seed3_cont2_dense500.npz,1.5,3,500,8,3,shrink,50.0
bidisperse_a0.005_sr0.667_x1.5_N4000_L24_T400000_seed3_cont2_dense500.npz,1.5,3,500,8,3,absorbed,1200.0
bidisperse_a0.005_sr0.667_x1.5_N4000_L24_T400000_seed3_cont2_dense500.npz,1.5,3,500,8,3,shrink,1200.0
bidisperse_a0.005_sr0.667_x1.5_N4000_L24_T400000_seed3_cont2_dense500.npz,1.5,3,500,8,3,shrink,100.0
bidisperse_a0.005_sr0.667_x1.5_N4000_L24_T400000_seed3_cont2_dense500.npz,1.5,3,500,8,3,shrink,250.0
bidisperse_a0.005_sr0.667_x1.5_N4000_L24_T400000_seed3_cont2_dense500.npz,1.5,3,500,8,3,shrink,250.0
bidisperse_a0.005_sr0.667_x1.5_N4000_L24_T400000_seed3_cont2_dense500.npz,1.5,3,500,9,65,grow,50.0
bidisperse_a0.005_sr0.667_x1.5_N4000_L24_T400000_seed3_cont2_dense500.npz,1.5,3,500,9,39,grow,50.0
bidisperse_a0.005_sr0.667_x1.5_N4000_L24_T400000_seed3_cont2_dense500.npz,1.5,3,500,9,32,grow,50.0
bidisperse_a0.005_sr0.667_x1.5_N4000_L24_T400000_seed3_cont2_dense500.npz,1.5,3,500,9,26,grow,50.0
bidisperse_a0.005_sr0.667_x1.5_N4000_L24_T400000_seed3_cont2_dense500.npz,1.5,3,500,9,25,grow,50.0
bidisperse_a0.005_sr0.667_x1.5_N4000_L24_T400000_seed3_cont2_dense500.npz,1.5,3,500,9,23,grow,50.0
bidisperse_a0.005_sr0.667_x1.5_N4000_L24_T400000_seed3_cont2_dense500.npz,1.5,3,500,9,19,grow,50.0
bidisperse_a0.005_sr0.667_x1.5_N4000_L24_T400000_seed3_cont2_dense500.npz,1.5,3,500,9,13,shrink,950.0
bidisperse_a0.005_sr0.667_x1.5_N4000_L24_T400000_seed3_cont2_dense500.npz,1.5,3,500,9,12,shrink,1750.0
bidisperse_a0.005_sr0.667_x1.5_N4000_L24_T400000_seed3_cont2_dense500.npz,1.5,3,500,9,12,shrink,850.0
bidisperse_a0.005_sr0.667_x1.5_N4000_L24_T400000_seed3_cont2_dense500.npz,1.5,3,500,9,11,absorbed,2250.0
bidisperse_a0.005_sr0.667_x1.5_N4000_L24_T400000_seed3_cont2_dense500.npz,1.5,3,500,9,11,grow,2850.0
bidisperse_a0.005_sr0.667_x1.5_N4000_L24_T400000_seed3_cont2_dense500.npz,1.5,3,500,9,10,shrink,1350.0
bidisperse_a0.005_sr0.667_x1.5_N4000_L24_T400000_seed3_cont2_dense500.npz,1.5,3,500,9,10,grow,2150.0
bidisperse_a0.005_sr0.667_x1.5_N4000_L24_T400000_seed3_cont2_dense500.npz,1.5,3,500,9,10,shrink,150.0
bidisperse_a0.005_sr0.667_x1.5_N4000_L24_T400000_seed3_cont2_dense500.npz,1.5,3,500,9,10,shrink,600.0
bidisperse_a0.005_sr0.667_x1.5_N4000_L24_T400000_seed3_cont2_dense500.npz,1.5,3,500,9,9,grow,650.0
bidisperse_a0.005_sr0.667_x1.5_N4000_L24_T400000_seed3_cont2_dense500.npz,1.5,3,500,9,9,open,0.0
bidisperse_a0.005_sr0.667_x1.5_N4000_L24_T400000_seed3_cont2_dense500.npz,1.5,3,500,9,9,shrink,2350.0
bidisperse_a0.005_sr0.667_x1.5_N4000_L24_T400000_seed3_cont2_dense500.npz,1.5,3,500,9,8,shrink,200.0
bidisperse_a0.005_sr0.667_x1.5_N4000_L24_T400000_seed3_cont2_dense500.npz,1.5,3,500,9,8,shrink,900.0
bidisperse_a0.005_sr0.667_x1.5_N4000_L24_T400000_seed3_cont2_dense500.npz,1.5,3,500,9,7,open,0.0
bidisperse_a0.005_sr0.667_x1.5_N4000_L24_T400000_seed3_cont2_dense500.npz,1.5,3,500,9,7,shrink,100.0
bidisperse_a0.005_sr0.667_x1.5_N4000_L24_T400000_seed3_cont2_dense500.npz,1.5,3,500,9,7,shrink,200.0
bidisperse_a0.005_sr0.667_x1.5_N4000_L24_T400000_seed3_cont2_dense500.npz,1.5,3,500,9,6,absorbed,400.0
bidisperse_a0.005_sr0.667_x1.5_N4000_L24_T400000_seed3_cont2_dense500.npz,1.5,3,500,9,6,shrink,400.0
bidisperse_a0.005_sr0.667_x1.5_N4000_L24_T400000_seed3_cont2_dense500.npz,1.5,3,500,9,6,shrink,2450.0
bidisperse_a0.005_sr0.667_x1.5_N4000_L24_T400000_seed3_cont2_dense500.npz,1.5,3,500,9,6,shrink,650.0
bidisperse_a0.005_sr0.667_x1.5_N4000_L24_T400000_seed3_cont2_dense500.npz,1.5,3,500,9,6,shrink,1100.0
bidisperse_a0.005_sr0.667_x1.5_N4000_L24_T400000_seed3_cont2_dense500.npz,1.5,3,500,9,5,open,0.0
bidisperse_a0.005_sr0.667_x1.5_N4000_L24_T400000_seed3_cont2_dense500.npz,1.5,3,500,9,5,shrink,850.0
bidisperse_a0.005_sr0.667_x1.5_N4000_L24_T400000_seed3_cont2_dense500.npz,1.5,3,500,9,5,shrink,500.0
bidisperse_a0.005_sr0.667_x1.5_N4000_L24_T400000_seed3_cont2_dense500.npz,1.5,3,500,9,5,shrink,600.0
bidisperse_a0.005_sr0.667_x1.5_N4000_L24_T400000_seed3_cont2_dense500.npz,1.5,3,500,9,5,absorbed,500.0
bidisperse_a0.005_sr0.667_x1.5_N4000_L24_T400000_seed3_cont2_dense500.npz,1.5,3,500,9,5,absorbed,200.0
bidisperse_a0.005_sr0.667_x1.5_N4000_L24_T400000_seed3_cont2_dense500.npz,1.5,3,500,9,4,grow,50.0
bidisperse_a0.005_sr0.667_x1.5_N4000_L24_T400000_seed3_cont2_dense500.npz,1.5,3,500,9,4,shrink,150.0
bidisperse_a0.005_sr0.667_x1.5_N4000_L24_T400000_seed3_cont2_dense500.npz,1.5,3,500,9,4,shrink,100.0
bidisperse_a0.005_sr0.667_x1.5_N4000_L24_T400000_seed3_cont2_dense500.npz,1.5,3,500,9,4,shrink,150.0
bidisperse_a0.005_sr0.667_x1.5_N4000_L24_T400000_seed3_cont2_dense500.npz,1.5,3,500,9,4,grow,400.0
bidisperse_a0.005_sr0.667_x1.5_N4000_L24_T400000_seed3_cont2_dense500.npz,1.5,3,500,9,4,shrink,250.0
bidisperse_a0.005_sr0.667_x1.5_N4000_L24_T400000_seed3_cont2_dense500.npz,1.5,3,500,9,4,shrink,350.0
bidisperse_a0.005_sr0.667_x1.5_N4000_L24_T400000_seed3_cont2_dense500.npz,1.5,3,500,9,4,shrink,250.0
bidisperse_a0.005_sr0.667_x1.5_N4000_L24_T400000_seed3_cont2_dense500.npz,1.5,3,500,9,4,shrink,50.0
bidisperse_a0.005_sr0.667_x1.5_N4000_L24_T400000_seed3_cont2_dense500.npz,1.5,3,500,9,4,shrink,50.0
bidisperse_a0.005_sr0.667_x1.5_N4000_L24_T400000_seed3_cont2_dense500.npz,1.5,3,500,9,4,shrink,2350.0
bidisperse_a0.005_sr0.667_x1.5_N4000_L24_T400000_seed3_cont2_dense500.npz,1.5,3,500,9,4,shrink,50.0
bidisperse_a0.005_sr0.667_x1.5_N4000_L24_T400000_seed3_cont2_dense500.npz,1.5,3,500,9,4,shrink,500.0
bidisperse_a0.005_sr0.667_x1.5_N4000_L24_T400000_seed3_cont2_dense500.npz,1.5,3,500,9,4,grow,2300.0
bidisperse_a0.005_sr0.667_x1.5_N4000_L24_T400000_seed3_cont2_dense500.npz,1.5,3,500,9,3,shrink,50.0
bidisperse_a0.005_sr0.667_x1.5_N4000_L24_T400000_seed3_cont2_dense500.npz,1.5,3,500,9,3,shrink,400.0
bidisperse_a0.005_sr0.667_x1.5_N4000_L24_T400000_seed3_cont2_dense500.npz,1.5,3,500,9,3,shrink,50.0
bidisperse_a0.005_sr0.667_x1.5_N4000_L24_T400000_seed3_cont2_dense500.npz,1.5,3,500,9,3,shrink,250.0
bidisperse_a0.005_sr0.667_x1.5_N4000_L24_T400000_seed3_cont2_dense500.npz,1.5,3,500,9,3,shrink,100.0
bidisperse_a0.005_sr0.667_x1.5_N4000_L24_T400000_seed3_cont2_dense500.npz,1.5,3,500,9,3,shrink,50.0
bidisperse_a0.005_sr0.667_x1.5_N4000_L24_T400000_seed3_cont2_dense500.npz,1.5,3,500,9,3,shrink,250.0
bidisperse_a0.005_sr0.667_x1.5_N4000_L24_T400000_seed3_cont2_dense500.npz,1.5,3,500,9,3,shrink,450.0
bidisperse_a0.005_sr0.667_x1.5_N4000_L24_T400000_seed3_cont2_dense500.npz,1.5,3,500,9,3,shrink,50.0
bidisperse_a0.005_sr0.667_x1.5_N4000_L24_T400000_seed3_cont2_dense500.npz,1.5,3,500,9,3,shrink,550.0
bidisperse_a0.005_sr0.667_x1.5_N4000_L24_T400000_seed3_cont2_dense500.npz,1.5,3,500,9,3,shrink,200.0
bidisperse_a0.005_sr0.667_x1.5_N4000_L24_T400000_seed3_cont2_dense500.npz,1.5,3,500,9,3,shrink,150.0
bidisperse_a0.005_sr0.667_x1.5_N4000_L24_T400000_seed3_cont2_dense500.npz,1.5,3,500,9,3,shrink,50.0
bidisperse_a0.005_sr0.667_x1.5_N4000_L24_T400000_seed3_cont2_dense500.npz,1.5,3,500,9,3,shrink,150.0
bidisperse_a0.005_sr0.667_x1.5_N4000_L24_T400000_seed3_cont2_dense500.npz,1.5,3,500,9,3,shrink,200.0
bidisperse_a0.005_sr0.667_x1.5_N4000_L24_T400000_seed3_cont2_dense500.npz,1.5,3,500,9,3,shrink,150.0
bidisperse_a0.005_sr0.667_x1.5_N4000_L24_T400000_seed3_cont2_dense500.npz,1.5,3,500,9,3,shrink,100.0
bidisperse_a0.005_sr0.667_x1.5_N4000_L24_T400000_seed3_cont2_dense500.npz,1.5,3,500,9,3,shrink,150.0
bidisperse_a0.005_sr0.667_x1.5_N4000_L24_T400000_seed3_cont2_dense500.npz,1.5,3,500,9,3,shrink,450.0
bidisperse_a0.005_sr0.667_x1.5_N4000_L24_T400000_seed3_cont2_dense500.npz,1.5,3,500,9,3,shrink,50.0
bidisperse_a0.005_sr0.667_x1.5_N4000_L24_T400000_seed3_cont2_dense500.npz,1.5,3,500,9,3,shrink,1550.0
bidisperse_a0.005_sr0.667_x1.5_N4000_L24_T400000_seed3_cont2_dense500.npz,1.5,3,500,9,3,shrink,300.0
bidisperse_a0.005_sr0.667_x1.5_N4000_L24_T400000_seed3_cont2_dense500.npz,1.5,3,500,9,3,grow,100.0
bidisperse_a0.005_sr0.667_x1.5_N4000_L24_T400000_seed3_cont2_dense500.npz,1.5,3,500,9,3,shrink,250.0
bidisperse_a0.005_sr0.667_x1.5_N4000_L24_T400000_seed3_cont2_dense500.npz,1.5,3,500,9,3,shrink,100.0
bidisperse_a0.005_sr0.667_x1.5_N4000_L24_T400000_seed3_cont2_dense500.npz,1.5,3,500,9,3,shrink,500.0
bidisperse_a0.005_sr0.667_x1.5_N4000_L24_T400000_seed3_cont2_dense500.npz,1.5,3,500,9,3,shrink,1700.0
bidisperse_a0.005_sr0.667_x1.5_N4000_L24_T400000_seed3_cont2_dense500.npz,1.5,3,500,9,3,shrink,200.0
bidisperse_a0.005_sr0.667_x1.5_N4000_L24_T400000_seed3_cont2_dense500.npz,1.5,3,500,9,3,shrink,350.0
bidisperse_a0.005_sr0.667_x1.5_N4000_L24_T400000_seed3_cont2_dense500.npz,1.5,3,500,9,3,shrink,50.0
bidisperse_a0.005_sr0.667_x1.5_N4000_L24_T400000_seed3_cont2_dense500.npz,1.5,3,500,10,65,grow,50.0
bidisperse_a0.005_sr0.667_x1.5_N4000_L24_T400000_seed3_cont2_dense500.npz,1.5,3,500,10,39,grow,50.0
bidisperse_a0.005_sr0.667_x1.5_N4000_L24_T400000_seed3_cont2_dense500.npz,1.5,3,500,10,32,grow,50.0
bidisperse_a0.005_sr0.667_x1.5_N4000_L24_T400000_seed3_cont2_dense500.npz,1.5,3,500,10,26,grow,50.0
bidisperse_a0.005_sr0.667_x1.5_N4000_L24_T400000_seed3_cont2_dense500.npz,1.5,3,500,10,25,grow,50.0
bidisperse_a0.005_sr0.667_x1.5_N4000_L24_T400000_seed3_cont2_dense500.npz,1.5,3,500,10,23,grow,50.0
bidisperse_a0.005_sr0.667_x1.5_N4000_L24_T400000_seed3_cont2_dense500.npz,1.5,3,500,10,19,grow,100.0
bidisperse_a0.005_sr0.667_x1.5_N4000_L24_T400000_seed3_cont2_dense500.npz,1.5,3,500,10,13,absorbed,2100.0
bidisperse_a0.005_sr0.667_x1.5_N4000_L24_T400000_seed3_cont2_dense500.npz,1.5,3,500,10,12,absorbed,1350.0
bidisperse_a0.005_sr0.667_x1.5_N4000_L24_T400000_seed3_cont2_dense500.npz,1.5,3,500,10,12,shrink,950.0
bidisperse_a0.005_sr0.667_x1.5_N4000_L24_T400000_seed3_cont2_dense500.npz,1.5,3,500,10,11,shrink,2650.0
bidisperse_a0.005_sr0.667_x1.5_N4000_L24_T400000_seed3_cont2_dense500.npz,1.5,3,500,10,11,grow,2200.0
bidisperse_a0.005_sr0.667_x1.5_N4000_L24_T400000_seed3_cont2_dense500.npz,1.5,3,500,10,10,absorbed,1350.0
bidisperse_a0.005_sr0.667_x1.5_N4000_L24_T400000_seed3_cont2_dense500.npz,1.5,3,500,10,10,shrink,2000.0
bidisperse_a0.005_sr0.667_x1.5_N4000_L24_T400000_seed3_cont2_dense500.npz,1.5,3,500,10,10,open,0.0
bidisperse_a0.005_sr0.667_x1.5_N4000_L24_T400000_seed3_cont2_dense500.npz,1.5,3,500,10,10,shrink,700.0
bidisperse_a0.005_sr0.667_x1.5_N4000_L24_T400000_seed3_cont2_dense500.npz,1.5,3,500,10,9,grow,150.0
bidisperse_a0.005_sr0.667_x1.5_N4000_L24_T400000_seed3_cont2_dense500.npz,1.5,3,500,10,9,shrink,800.0
bidisperse_a0.005_sr0.667_x1.5_N4000_L24_T400000_seed3_cont2_dense500.npz,1.5,3,500,10,9,shrink,2500.0
bidisperse_a0.005_sr0.667_x1.5_N4000_L24_T400000_seed3_cont2_dense500.npz,1.5,3,500,10,8,grow,150.0
bidisperse_a0.005_sr0.667_x1.5_N4000_L24_T400000_seed3_cont2_dense500.npz,1.5,3,500,10,8,shrink,1650.0
bidisperse_a0.005_sr0.667_x1.5_N4000_L24_T400000_seed3_cont2_dense500.npz,1.5,3,500,10,7,shrink,1550.0
bidisperse_a0.005_sr0.667_x1.5_N4000_L24_T400000_seed3_cont2_dense500.npz,1.5,3,500,10,7,shrink,100.0
bidisperse_a0.005_sr0.667_x1.5_N4000_L24_T400000_seed3_cont2_dense500.npz,1.5,3,500,10,7,shrink,800.0
bidisperse_a0.005_sr0.667_x1.5_N4000_L24_T400000_seed3_cont2_dense500.npz,1.5,3,500,10,6,absorbed,300.0
bidisperse_a0.005_sr0.667_x1.5_N4000_L24_T400000_seed3_cont2_dense500.npz,1.5,3,500,10,6,shrink,650.0
bidisperse_a0.005_sr0.667_x1.5_N4000_L24_T400000_seed3_cont2_dense500.npz,1.5,3,500,10,6,shrink,200.0
bidisperse_a0.005_sr0.667_x1.5_N4000_L24_T400000_seed3_cont2_dense500.npz,1.5,3,500,10,6,shrink,50.0
bidisperse_a0.005_sr0.667_x1.5_N4000_L24_T400000_seed3_cont2_dense500.npz,1.5,3,500,10,6,grow,150.0
bidisperse_a0.005_sr0.667_x1.5_N4000_L24_T400000_seed3_cont2_dense500.npz,1.5,3,500,10,5,shrink,50.0
bidisperse_a0.005_sr0.667_x1.5_N4000_L24_T400000_seed3_cont2_dense500.npz,1.5,3,500,10,5,grow,2650.0
bidisperse_a0.005_sr0.667_x1.5_N4000_L24_T400000_seed3_cont2_dense500.npz,1.5,3,500,10,5,shrink,250.0
bidisperse_a0.005_sr0.667_x1.5_N4000_L24_T400000_seed3_cont2_dense500.npz,1.5,3,500,10,5,shrink,250.0
bidisperse_a0.005_sr0.667_x1.5_N4000_L24_T400000_seed3_cont2_dense500.npz,1.5,3,500,10,5,shrink,450.0
bidisperse_a0.005_sr0.667_x1.5_N4000_L24_T400000_seed3_cont2_dense500.npz,1.5,3,500,10,5,shrink,150.0
bidisperse_a0.005_sr0.667_x1.5_N4000_L24_T400000_seed3_cont2_dense500.npz,1.5,3,500,10,4,grow,50.0
bidisperse_a0.005_sr0.667_x1.5_N4000_L24_T400000_seed3_cont2_dense500.npz,1.5,3,500,10,4,shrink,200.0
bidisperse_a0.005_sr0.667_x1.5_N4000_L24_T400000_seed3_cont2_dense500.npz,1.5,3,500,10,4,shrink,1500.0
bidisperse_a0.005_sr0.667_x1.5_N4000_L24_T400000_seed3_cont2_dense500.npz,1.5,3,500,10,4,shrink,250.0
bidisperse_a0.005_sr0.667_x1.5_N4000_L24_T400000_seed3_cont2_dense500.npz,1.5,3,500,10,4,shrink,200.0
bidisperse_a0.005_sr0.667_x1.5_N4000_L24_T400000_seed3_cont2_dense500.npz,1.5,3,500,10,4,shrink,50.0
bidisperse_a0.005_sr0.667_x1.5_N4000_L24_T400000_seed3_cont2_dense500.npz,1.5,3,500,10,4,shrink,1050.0
bidisperse_a0.005_sr0.667_x1.5_N4000_L24_T400000_seed3_cont2_dense500.npz,1.5,3,500,10,4,shrink,1000.0
bidisperse_a0.005_sr0.667_x1.5_N4000_L24_T400000_seed3_cont2_dense500.npz,1.5,3,500,10,4,shrink,200.0
bidisperse_a0.005_sr0.667_x1.5_N4000_L24_T400000_seed3_cont2_dense500.npz,1.5,3,500,10,4,shrink,50.0
bidisperse_a0.005_sr0.667_x1.5_N4000_L24_T400000_seed3_cont2_dense500.npz,1.5,3,500,10,4,shrink,1800.0
bidisperse_a0.005_sr0.667_x1.5_N4000_L24_T400000_seed3_cont2_dense500.npz,1.5,3,500,10,4,shrink,1800.0
bidisperse_a0.005_sr0.667_x1.5_N4000_L24_T400000_seed3_cont2_dense500.npz,1.5,3,500,10,4,shrink,1850.0
bidisperse_a0.005_sr0.667_x1.5_N4000_L24_T400000_seed3_cont2_dense500.npz,1.5,3,500,10,4,shrink,1300.0
bidisperse_a0.005_sr0.667_x1.5_N4000_L24_T400000_seed3_cont2_dense500.npz,1.5,3,500,10,3,grow,700.0
bidisperse_a0.005_sr0.667_x1.5_N4000_L24_T400000_seed3_cont2_dense500.npz,1.5,3,500,10,3,shrink,450.0
bidisperse_a0.005_sr0.667_x1.5_N4000_L24_T400000_seed3_cont2_dense500.npz,1.5,3,500,10,3,shrink,300.0
bidisperse_a0.005_sr0.667_x1.5_N4000_L24_T400000_seed3_cont2_dense500.npz,1.5,3,500,10,3,shrink,150.0
bidisperse_a0.005_sr0.667_x1.5_N4000_L24_T400000_seed3_cont2_dense500.npz,1.5,3,500,10,3,shrink,50.0
bidisperse_a0.005_sr0.667_x1.5_N4000_L24_T400000_seed3_cont2_dense500.npz,1.5,3,500,10,3,shrink,50.0
bidisperse_a0.005_sr0.667_x1.5_N4000_L24_T400000_seed3_cont2_dense500.npz,1.5,3,500,10,3,shrink,100.0
bidisperse_a0.005_sr0.667_x1.5_N4000_L24_T400000_seed3_cont2_dense500.npz,1.5,3,500,10,3,shrink,450.0
bidisperse_a0.005_sr0.667_x1.5_N4000_L24_T400000_seed3_cont2_dense500.npz,1.5,3,500,10,3,grow,150.0
bidisperse_a0.005_sr0.667_x1.5_N4000_L24_T400000_seed3_cont2_dense500.npz,1.5,3,500,10,3,shrink,50.0
bidisperse_a0.005_sr0.667_x1.5_N4000_L24_T400000_seed3_cont2_dense500.npz,1.5,3,500,10,3,shrink,200.0
bidisperse_a0.005_sr0.667_x1.5_N4000_L24_T400000_seed3_cont2_dense500.npz,1.5,3,500,10,3,shrink,100.0
bidisperse_a0.005_sr0.667_x1.5_N4000_L24_T400000_seed3_cont2_dense500.npz,1.5,3,500,10,3,absorbed,150.0
bidisperse_a0.005_sr0.667_x1.5_N4000_L24_T400000_seed3_cont2_dense500.npz,1.5,3,500,10,3,shrink,200.0
bidisperse_a0.005_sr0.667_x1.5_N4000_L24_T400000_seed3_cont2_dense500.npz,1.5,3,500,10,3,shrink,150.0
bidisperse_a0.005_sr0.667_x1.5_N4000_L24_T400000_seed3_cont2_dense500.npz,1.5,3,500,10,3,shrink,150.0
bidisperse_a0.005_sr0.667_x1.5_N4000_L24_T400000_seed3_cont2_dense500.npz,1.5,3,500,10,3,shrink,50.0
bidisperse_a0.005_sr0.667_x1.5_N4000_L24_T400000_seed3_cont2_dense500.npz,1.5,3,500,10,3,shrink,50.0
bidisperse_a0.005_sr0.667_x1.5_N4000_L24_T400000_seed3_cont2_dense500.npz,1.5,3,500,10,3,shrink,200.0
bidisperse_a0.005_sr0.667_x1.5_N4000_L24_T400000_seed3_cont2_dense500.npz,1.5,3,500,10,3,shrink,50.0
bidisperse_a0.005_sr0.667_x1.5_N4000_L24_T400000_seed3_cont2_dense500.npz,1.5,3,500,10,3,shrink,250.0
bidisperse_a0.005_sr0.667_x1.5_N4000_L24_T400000_seed3_cont2_dense500.npz,1.5,3,500,10,3,shrink,1000.0
bidisperse_a0.005_sr0.667_x1.5_N4000_L24_T400000_seed3_cont2_dense500.npz,1.5,3,500,10,3,shrink,50.0
bidisperse_a0.005_sr0.667_x1.5_N4000_L24_T400000_seed3_cont2_dense500.npz,1.5,3,500,10,3,shrink,250.0
bidisperse_a0.005_sr0.667_x1.5_N4000_L24_T400000_seed3_cont2_dense500.npz,1.5,3,500,10,3,shrink,200.0
bidisperse_a0.005_sr0.667_x1.5_N4000_L24_T400000_seed3_cont2_dense500.npz,1.5,3,500,10,3,absorbed,450.0
bidisperse_a0.005_sr0.667_x1.5_N4000_L24_T400000_seed3_cont2_dense500.npz,1.5,3,500,10,3,grow,1400.0
bidisperse_a0.005_sr0.667_x1.5_N4000_L24_T400000_seed3_cont2_dense500.npz,1.5,3,500,10,3,shrink,50.0
bidisperse_a0.005_sr0.667_x1.5_N4000_L24_T400000_seed3_cont2_dense500.npz,1.5,3,500,10,3,shrink,50.0
bidisperse_a0.005_sr0.667_x1.5_N4000_L24_T400000_seed3_cont2_dense500.npz,1.5,3,500,10,3,shrink,350.0
bidisperse_a0.005_sr0.667_x1.5_N4000_L24_T400000_seed3_cont2_dense500.npz,1.5,3,500,11,65,grow,50.0
bidisperse_a0.005_sr0.667_x1.5_N4000_L24_T400000_seed3_cont2_dense500.npz,1.5,3,500,11,39,grow,50.0
bidisperse_a0.005_sr0.667_x1.5_N4000_L24_T400000_seed3_cont2_dense500.npz,1.5,3,500,11,32,grow,50.0
bidisperse_a0.005_sr0.667_x1.5_N4000_L24_T400000_seed3_cont2_dense500.npz,1.5,3,500,11,26,grow,50.0
bidisperse_a0.005_sr0.667_x1.5_N4000_L24_T400000_seed3_cont2_dense500.npz,1.5,3,500,11,25,grow,50.0
bidisperse_a0.005_sr0.667_x1.5_N4000_L24_T400000_seed3_cont2_dense500.npz,1.5,3,500,11,23,grow,50.0
bidisperse_a0.005_sr0.667_x1.5_N4000_L24_T400000_seed3_cont2_dense500.npz,1.5,3,500,11,19,grow,200.0
bidisperse_a0.005_sr0.667_x1.5_N4000_L24_T400000_seed3_cont2_dense500.npz,1.5,3,500,11,13,shrink,800.0
bidisperse_a0.005_sr0.667_x1.5_N4000_L24_T400000_seed3_cont2_dense500.npz,1.5,3,500,11,12,grow,1050.0
bidisperse_a0.005_sr0.667_x1.5_N4000_L24_T400000_seed3_cont2_dense500.npz,1.5,3,500,11,12,grow,1350.0
bidisperse_a0.005_sr0.667_x1.5_N4000_L24_T400000_seed3_cont2_dense500.npz,1.5,3,500,11,11,absorbed,1000.0
bidisperse_a0.005_sr0.667_x1.5_N4000_L24_T400000_seed3_cont2_dense500.npz,1.5,3,500,11,11,shrink,1350.0
bidisperse_a0.005_sr0.667_x1.5_N4000_L24_T400000_seed3_cont2_dense500.npz,1.5,3,500,11,10,grow,2250.0
bidisperse_a0.005_sr0.667_x1.5_N4000_L24_T400000_seed3_cont2_dense500.npz,1.5,3,500,11,10,shrink,1650.0
bidisperse_a0.005_sr0.667_x1.5_N4000_L24_T400000_seed3_cont2_dense500.npz,1.5,3,500,11,10,grow,1750.0
bidisperse_a0.005_sr0.667_x1.5_N4000_L24_T400000_seed3_cont2_dense500.npz,1.5,3,500,11,10,shrink,1400.0
bidisperse_a0.005_sr0.667_x1.5_N4000_L24_T400000_seed3_cont2_dense500.npz,1.5,3,500,11,9,grow,250.0
bidisperse_a0.005_sr0.667_x1.5_N4000_L24_T400000_seed3_cont2_dense500.npz,1.5,3,500,11,9,open,0.0
bidisperse_a0.005_sr0.667_x1.5_N4000_L24_T400000_seed3_cont2_dense500.npz,1.5,3,500,11,9,shrink,2200.0
bidisperse_a0.005_sr0.667_x1.5_N4000_L24_T400000_seed3_cont2_dense500.npz,1.5,3,500,11,8,grow,250.0
bidisperse_a0.005_sr0.667_x1.5_N4000_L24_T400000_seed3_cont2_dense500.npz,1.5,3,500,11,8,shrink,1100.0
bidisperse_a0.005_sr0.667_x1.5_N4000_L24_T400000_seed3_cont2_dense500.npz,1.5,3,500,11,7,open,0.0
bidisperse_a0.005_sr0.667_x1.5_N4000_L24_T400000_seed3_cont2_dense500.npz,1.5,3,500,11,7,shrink,150.0
bidisperse_a0.005_sr0.667_x1.5_N4000_L24_T400000_seed3_cont2_dense500.npz,1.5,3,500,11,7,shrink,200.0
bidisperse_a0.005_sr0.667_x1.5_N4000_L24_T400000_seed3_cont2_dense500.npz,1.5,3,500,11,6,absorbed,200.0
bidisperse_a0.005_sr0.667_x1.5_N4000_L24_T400000_seed3_cont2_dense500.npz,1.5,3,500,11,6,shrink,300.0
bidisperse_a0.005_sr0.667_x1.5_N4000_L24_T400000_seed3_cont2_dense500.npz,1.5,3,500,11,6,shrink,100.0
bidisperse_a0.005_sr0.667_x1.5_N4000_L24_T400000_seed3_cont2_dense500.npz,1.5,3,500,11,6,absorbed,700.0
bidisperse_a0.005_sr0.667_x1.5_N4000_L24_T400000_seed3_cont2_dense500.npz,1.5,3,500,11,6,grow,250.0
bidisperse_a0.005_sr0.667_x1.5_N4000_L24_T400000_seed3_cont2_dense500.npz,1.5,3,500,11,5,shrink,350.0
bidisperse_a0.005_sr0.667_x1.5_N4000_L24_T400000_seed3_cont2_dense500.npz,1.5,3,500,11,5,shrink,700.0
bidisperse_a0.005_sr0.667_x1.5_N4000_L24_T400000_seed3_cont2_dense500.npz,1.5,3,500,11,5,shrink,250.0
bidisperse_a0.005_sr0.667_x1.5_N4000_L24_T400000_seed3_cont2_dense500.npz,1.5,3,500,11,5,shrink,350.0
bidisperse_a0.005_sr0.667_x1.5_N4000_L24_T400000_seed3_cont2_dense500.npz,1.5,3,500,11,5,absorbed,600.0
bidisperse_a0.005_sr0.667_x1.5_N4000_L24_T400000_seed3_cont2_dense500.npz,1.5,3,500,11,5,shrink,350.0
bidisperse_a0.005_sr0.667_x1.5_N4000_L24_T400000_seed3_cont2_dense500.npz,1.5,3,500,11,4,grow,50.0
bidisperse_a0.005_sr0.667_x1.5_N4000_L24_T400000_seed3_cont2_dense500.npz,1.5,3,500,11,4,shrink,300.0
bidisperse_a0.005_sr0.667_x1.5_N4000_L24_T400000_seed3_cont2_dense500.npz,1.5,3,500,11,4,shrink,50.0
bidisperse_a0.005_sr0.667_x1.5_N4000_L24_T400000_seed3_cont2_dense500.npz,1.5,3,500,11,4,shrink,400.0
bidisperse_a0.005_sr0.667_x1.5_N4000_L24_T400000_seed3_cont2_dense500.npz,1.5,3,500,11,4,shrink,150.0
bidisperse_a0.005_sr0.667_x1.5_N4000_L24_T400000_seed3_cont2_dense500.npz,1.5,3,500,11,4,shrink,500.0
bidisperse_a0.005_sr0.667_x1.5_N4000_L24_T400000_seed3_cont2_dense500.npz,1.5,3,500,11,4,shrink,450.0
bidisperse_a0.005_sr0.667_x1.5_N4000_L24_T400000_seed3_cont2_dense500.npz,1.5,3,500,11,4,shrink,50.0
bidisperse_a0.005_sr0.667_x1.5_N4000_L24_T400000_seed3_cont2_dense500.npz,1.5,3,500,11,4,shrink,500.0
bidisperse_a0.005_sr0.667_x1.5_N4000_L24_T400000_seed3_cont2_dense500.npz,1.5,3,500,11,4,shrink,150.0
bidisperse_a0.005_sr0.667_x1.5_N4000_L24_T400000_seed3_cont2_dense500.npz,1.5,3,500,11,4,shrink,2100.0
bidisperse_a0.005_sr0.667_x1.5_N4000_L24_T400000_seed3_cont2_dense500.npz,1.5,3,500,11,4,shrink,2100.0
bidisperse_a0.005_sr0.667_x1.5_N4000_L24_T400000_seed3_cont2_dense500.npz,1.5,3,500,11,4,shrink,700.0
bidisperse_a0.005_sr0.667_x1.5_N4000_L24_T400000_seed3_cont2_dense500.npz,1.5,3,500,11,4,shrink,150.0
bidisperse_a0.005_sr0.667_x1.5_N4000_L24_T400000_seed3_cont2_dense500.npz,1.5,3,500,11,3,shrink,200.0
bidisperse_a0.005_sr0.667_x1.5_N4000_L24_T400000_seed3_cont2_dense500.npz,1.5,3,500,11,3,shrink,100.0
bidisperse_a0.005_sr0.667_x1.5_N4000_L24_T400000_seed3_cont2_dense500.npz,1.5,3,500,11,3,shrink,100.0
bidisperse_a0.005_sr0.667_x1.5_N4000_L24_T400000_seed3_cont2_dense500.npz,1.5,3,500,11,3,shrink,150.0
bidisperse_a0.005_sr0.667_x1.5_N4000_L24_T400000_seed3_cont2_dense500.npz,1.5,3,500,11,3,shrink,100.0
bidisperse_a0.005_sr0.667_x1.5_N4000_L24_T400000_seed3_cont2_dense500.npz,1.5,3,500,11,3,shrink,150.0
bidisperse_a0.005_sr0.667_x1.5_N4000_L24_T400000_seed3_cont2_dense500.npz,1.5,3,500,11,3,shrink,50.0
bidisperse_a0.005_sr0.667_x1.5_N4000_L24_T400000_seed3_cont2_dense500.npz,1.5,3,500,11,3,shrink,100.0
bidisperse_a0.005_sr0.667_x1.5_N4000_L24_T400000_seed3_cont2_dense500.npz,1.5,3,500,11,3,grow,250.0
bidisperse_a0.005_sr0.667_x1.5_N4000_L24_T400000_seed3_cont2_dense500.npz,1.5,3,500,11,3,shrink,50.0
bidisperse_a0.005_sr0.667_x1.5_N4000_L24_T400000_seed3_cont2_dense500.npz,1.5,3,500,11,3,shrink,100.0
bidisperse_a0.005_sr0.667_x1.5_N4000_L24_T400000_seed3_cont2_dense500.npz,1.5,3,500,11,3,shrink,50.0
bidisperse_a0.005_sr0.667_x1.5_N4000_L24_T400000_seed3_cont2_dense500.npz,1.5,3,500,11,3,absorbed,100.0
bidisperse_a0.005_sr0.667_x1.5_N4000_L24_T400000_seed3_cont2_dense500.npz,1.5,3,500,11,3,shrink,100.0
bidisperse_a0.005_sr0.667_x1.5_N4000_L24_T400000_seed3_cont2_dense500.npz,1.5,3,500,11,3,shrink,400.0
bidisperse_a0.005_sr0.667_x1.5_N4000_L24_T400000_seed3_cont2_dense500.npz,1.5,3,500,11,3,shrink,500.0
bidisperse_a0.005_sr0.667_x1.5_N4000_L24_T400000_seed3_cont2_dense500.npz,1.5,3,500,11,3,shrink,100.0
bidisperse_a0.005_sr0.667_x1.5_N4000_L24_T400000_seed3_cont2_dense500.npz,1.5,3,500,11,3,shrink,100.0
bidisperse_a0.005_sr0.667_x1.5_N4000_L24_T400000_seed3_cont2_dense500.npz,1.5,3,500,11,3,shrink,100.0
bidisperse_a0.005_sr0.667_x1.5_N4000_L24_T400000_seed3_cont2_dense500.npz,1.5,3,500,11,3,shrink,50.0
bidisperse_a0.005_sr0.667_x1.5_N4000_L24_T400000_seed3_cont2_dense500.npz,1.5,3,500,11,3,shrink,1100.0
bidisperse_a0.005_sr0.667_x1.5_N4000_L24_T400000_seed3_cont2_dense500.npz,1.5,3,500,11,3,shrink,100.0
bidisperse_a0.005_sr0.667_x1.5_N4000_L24_T400000_seed3_cont2_dense500.npz,1.5,3,500,11,3,shrink,50.0
bidisperse_a0.005_sr0.667_x1.5_N4000_L24_T400000_seed3_cont2_dense500.npz,1.5,3,500,11,3,shrink,550.0
bidisperse_a0.005_sr0.667_x1.5_N4000_L24_T400000_seed3_cont2_dense500.npz,1.5,3,500,11,3,shrink,50.0
bidisperse_a0.005_sr0.667_x1.5_N4000_L24_T400000_seed3_cont2_dense500.npz,1.5,3,500,11,3,shrink,1400.0
bidisperse_a0.005_sr0.667_x1.5_N4000_L24_T400000_seed3_cont2_dense500.npz,1.5,3,500,11,3,shrink,950.0
bidisperse_a0.005_sr0.667_x1.5_N4000_L24_T400000_seed3_cont2_dense500.npz,1.5,3,500,11,3,shrink,100.0
bidisperse_a0.005_sr0.667_x1.5_N4000_L24_T400000_seed3_cont2_dense500.npz,1.5,3,500,11,3,shrink,100.0
bidisperse_a0.005_sr0.667_x1.5_N4000_L24_T400000_seed3_cont2_dense500.npz,1.5,3,500,11,3,shrink,150.0
