chi,species,t,Teff,sem,msd,chi_resp,omega,Ct,Rt,Teff_w
0.0,L,1.0,1.0047249691694173,0.014490418946944647,2.5708851814597826e-05,3.7851996363762908,,,,
0.0,L,2.0,1.0308953953461852,0.012226987774814067,4.44744056732764e-05,6.381883286490601,,,,
0.0,L,5.0,1.0445347458651415,0.017469437318445528,8.432790326956382e-05,11.942677783733776,,,,
0.0,L,10.0,1.004400034685888,0.015703803420592483,0.00012518812114785288,18.437825759647808,,,,
0.0,L,20.0,1.0117506022133023,0.013295629030937879,0.00018981511806410317,27.75304449091749,,,,
0.0,L,50.0,1.0218697161761958,0.029472820234517715,0.0003083402089453687,44.636274294595545,,,,
0.0,L,100.0,1.0321561904710725,0.026279860982672626,0.0004354125876009985,62.40348765958154,,,,
0.0,L,200.0,0.9780076032981502,0.04438095992310808,0.000574969914820712,86.96734139948698,,,,
0.0,L,400.0,0.9738175310713822,0.043465835725675805,0.0007873703876555976,119.60650296402473,,,,
0.0,L,800.0,1.0119481966956143,0.05823359356238402,0.0010913894969220904,159.5419122831089,,,,
0.0,S,1.0,1.0442741424964956,0.006396178707292204,3.8865260647491025e-05,5.505545601853335,,,,
0.0,S,2.0,1.0231207871527566,0.006732959483904265,6.327991513914662e-05,9.14939302350801,,,,
0.0,S,5.0,0.994236518041405,0.009285262312483422,0.00011458372714615276,17.048514299579487,,,,
0.0,S,10.0,0.9905804395497311,0.011055736268656276,0.00017514313665777546,26.15511773892384,,,,
0.0,S,20.0,0.9958788155224573,0.010428217299793215,0.0002606801892467998,38.72173759652983,,,,
0.0,S,50.0,0.995055640741868,0.013211507785464895,0.0004231614394126749,62.90889022074549,,,,
0.0,S,100.0,0.996644894765372,0.018966041649770612,0.0005881234781998785,87.29339304656823,,,,
0.0,S,200.0,1.004277700784624,0.027152498793576712,0.0008077307996053384,118.97785302012885,,,,
0.0,S,400.0,0.9777776240880529,0.03774835624009624,0.0011110967462862936,168.09898279288765,,,,
0.0,S,800.0,0.98977720225443,0.029644608524033035,0.0015480683792032754,231.3694411079455,,,,
0.0,all,1.0,1.0369003506267418,0.0050412603804695895,3.557615843926777e-05,5.075459110484075,,,,
0.0,all,2.0,1.0245874306831486,0.00480106119574775,5.857853777267911e-05,8.457515589253658,,,,
0.0,all,5.0,1.003758034443258,0.009048430859534115,0.0001070197711770058,15.77205517061806,,,,
0.0,all,10.0,0.993209902172948,0.007946225030871407,0.0001626543827802949,24.22579474410483,,,,
0.0,all,20.0,0.9989395140780476,0.008513141644094021,0.00024296392145112594,35.97956432012675,,,,
0.0,all,50.0,1.0001844773969955,0.012972376678799314,0.0003944561317958491,58.340736239208006,,,,
0.0,all,100.0,1.0034785066004033,0.016768306141814255,0.0005499457555501593,81.07091669982155,,,,
0.0,all,200.0,0.9991309652534802,0.02704155391956741,0.0007495405784091826,110.97522511496838,,,,
0.0,all,400.0,0.9770184475261733,0.03419867880341924,0.0010301651566286213,155.9758628356719,,,,
0.0,all,800.0,0.9939208230288696,0.027521651322469278,0.0014338986586329818,213.41255890173636,,,,
0.0,all,,,,,,0.0031384541993904028,-3.708367494818042e-05,126.2382641959347,-0.043455530436198854
0.0,all,,,,,,0.0062769083987808056,-3.6358338696643844e-05,71.6030928722212,-0.07511480655613312
0.0,all,,,,,,0.009415362598171209,-3.5523632710760194e-05,56.90486100608139,-0.09234668462698535
0.0,all,,,,,,0.012553816797561611,-3.445710078652814e-05,51.3201503037363,-0.09932169388036761
0.0,all,,,,,,0.015692270996952015,-3.421663106242013e-05,44.53412713933116,-0.11365737107929526
0.0,all,,,,,,0.018830725196342418,-3.452666743940949e-05,41.233220373487946,-0.12386845211412607
0.0,all,,,,,,0.02196917939573282,-3.379561045506542e-05,43.4401685442339,-0.1150858946125554
0.0,all,,,,,,0.025107633595123222,-3.254849101857867e-05,38.86687374917833,-0.12388095750547706
0.0,all,,,,,,0.028246087794513628,-3.206524787273604e-05,32.887056166454975,-0.14423242502529174
0.0,all,,,,,,0.03138454199390403,-3.166989483747781e-05,33.062826173854546,-0.14169677030580508
0.0,all,,,,,,0.03452299619329443,-3.125829450635293e-05,32.741453308463896,-0.14122794182366433
0.0,all,,,,,,0.037661450392684835,-3.159784838752862e-05,26.802939414477102,-0.17439273562005303
0.0,all,,,,,,0.04079990459207524,-3.1237858658868826e-05,23.873309859106485,-0.19356281286424679
0.0,all,,,,,,0.04393835879146564,-3.119283839490631e-05,27.020142025966216,-0.17077353634606157
0.0,all,,,,,,0.04707681299085604,-3.3360730456135566e-05,28.248839819291305,-0.17469812317300026
0.0,all,,,,,,0.050215267190246445,-3.306267413338236e-05,24.585681477551528,-0.1989340068000864
0.0,all,,,,,,0.05335372138963685,-3.0356241397739677e-05,19.156872477707566,-0.23441030154212694
0.0,all,,,,,,0.056492175589027256,-2.8307700928178836e-05,17.808854743673695,-0.23513750790689836
0.0,all,,,,,,0.05963062978841765,-2.5602957928545382e-05,20.405201305474357,-0.18561050955664424
0.0,all,,,,,,0.06276908398780806,-2.5773888193018623e-05,24.250541730956467,-0.15722145081525404
0.0,all,,,,,,0.06590753818719845,-2.7722444271754235e-05,24.418924896625256,-0.16794159906708098
0.0,all,,,,,,0.06904599238658886,-2.865170835140853e-05,20.4655968052177,-0.2070996724658522
0.0,all,,,,,,0.07218444658597926,-3.0411827199308153e-05,18.095010343654973,-0.24862052689526754
0.0,all,,,,,,0.07532290078536967,-2.9418158264749324e-05,18.43210456197276,-0.2360988429314983
0.0,all,,,,,,0.07846135498476008,-2.716624179504049e-05,20.60936766903405,-0.19499263084086194
0.0,all,,,,,,0.08159980918415048,-2.630363307584718e-05,21.81485421405445,-0.1783679113073025
0.0,all,,,,,,0.08473826338354087,-2.5961685825409448e-05,20.275398835875045,-0.189416055384925
0.0,all,,,,,,0.08787671758293128,-2.405012404209162e-05,18.891035108264383,-0.18832798926712757
0.0,all,,,,,,0.09101517178232169,-2.250649159283313e-05,17.080748491136923,-0.1949190144324933
0.0,all,,,,,,0.09415362598171208,-2.8948621983825868e-05,13.32843371489647,-0.3212936059670399
0.0,all,,,,,,0.09729208018110248,-3.241275982213358e-05,11.62199779843316,-0.412561337482213
0.0,all,,,,,,0.10043053438049289,-2.672943899910363e-05,14.621062485574546,-0.2704358200669206
0.0,all,,,,,,0.1035689885798833,-2.152398108166513e-05,17.06847529897151,-0.18654395394418535
0.0,all,,,,,,0.1067074427792737,-2.2736064074596463e-05,16.045526021651,-0.2096112700462274
0.0,all,,,,,,0.1098458969786641,-2.8333700666258125e-05,16.66241060028311,-0.25154678628149096
0.0,all,,,,,,0.11298435117805451,-3.0870256674206135e-05,18.41252355320149,-0.24801630280062165
0.0,all,,,,,,0.11612280537744489,-3.0056700601722105e-05,16.886007056759812,-0.26331017572812887
0.0,all,,,,,,0.1192612595768353,-2.7051406934276893e-05,14.829364784728387,-0.2698488758219892
0.0,all,,,,,,0.1223997137762257,-2.8074695086544728e-05,16.660613998794233,-0.24927421064047134
0.0,all,,,,,,0.12553816797561612,-3.176723474534444e-05,13.830016614959497,-0.33978954700525626
0.0,all,,,,,,0.12867662217500653,-2.5150890489083135e-05,7.3573688579789795,-0.5056897380240565
0.0,all,,,,,,0.1318150763743969,-1.4990774403565391e-05,9.728015499131915,-0.22795709754369778
0.0,all,,,,,,0.1349535305737873,-1.8644903678172294e-05,14.795513728895394,-0.1864160918249773
0.0,all,,,,,,0.13809198477317772,-2.9357104880448897e-05,16.094812871319807,-0.2698240127965607
0.0,all,,,,,,0.14123043897256812,-3.057524172452349e-05,14.632291574594895,-0.3091084352092449
0.0,all,,,,,,0.14436889317195853,-2.6541853294642012e-05,13.487629465293601,-0.29110450202342086
0.0,all,,,,,,0.14750734737134893,-2.1096763648001665e-05,12.787163522668905,-0.24405905338738854
0.0,all,,,,,,0.15064580157073934,-1.609681637172983e-05,11.154904917717902,-0.21346536535905652
0.0,all,,,,,,0.15378425577012975,-2.195635046388929e-05,10.146387343402763,-0.32011204854753555
0.0,all,,,,,,0.15692270996952015,-3.0303311063100182e-05,9.864485477351922,-0.454432046479852
0.0,all,,,,,,0.16006116416891056,-2.7776302208640782e-05,12.35815748443643,-0.3324864932527265
0.0,all,,,,,,0.16319961836830096,-2.405748069999506e-05,13.308532534053533,-0.2674073126403267
0.0,all,,,,,,0.16633807256769134,-2.3363622026328157e-05,11.441553265991242,-0.3020706213691685
0.0,all,,,,,,0.16947652676708175,-1.5945890109506685e-05,11.258878225550255,-0.20951105753162638
0.0,all,,,,,,0.17261498096647215,-1.4028992340593954e-05,12.022122674122915,-0.1726229869045434
0.0,all,,,,,,0.17575343516586256,-2.3651797836782854e-05,14.374222824371895,-0.2434070144170643
0.0,all,,,,,,0.17889188936525297,-3.2214452631073756e-05,17.614294597540137,-0.2705445594914456
0.0,all,,,,,,0.18203034356464337,-3.5322898630808355e-05,13.99765160838881,-0.3732969650004789
0.0,all,,,,,,0.18516879776403378,-3.208433107619517e-05,8.791224279909322,-0.5398796198123292
0.0,all,,,,,,0.18830725196342415,-2.928785017928428e-05,14.596790700908588,-0.2968133410038396
0.0,all,,,,,,0.19144570616281456,-2.4778727820403317e-05,17.401888630723512,-0.21063761289985639
0.0,all,,,,,,0.19458416036220497,-1.7160459822530182e-05,12.206588903148319,-0.20796387751627715
0.0,all,,,,,,0.1977226145615954,-1.4597144952897934e-05,9.984280756335618,-0.21627406340645716
0.0,all,,,,,,0.20086106876098578,-1.518847410777213e-05,8.439718274542207,-0.26621927691512537
0.0,all,,,,,,0.20399952296037616,-1.267158576890166e-05,7.219640336365899,-0.25963827128424627
0.0,all,,,,,,0.2071379771597666,-1.2162373244885657e-05,3.9820043116807895,-0.4518246337650405
0.0,all,,,,,,0.21027643135915697,-1.6593506570007972e-05,5.380520159788061,-0.45621253379059346
0.0,all,,,,,,0.2134148855585474,-2.006367789976862e-05,9.30982230650908,-0.31880304388191927
0.0,all,,,,,,0.21655333975793778,-2.2383108818591113e-05,5.08921968190646,-0.6506126634212354
0.0,all,,,,,,0.2196917939573282,-2.7804121228014315e-05,6.194451439385229,-0.6639870737328281
0.0,all,,,,,,0.2228302481567186,-2.7634410969599965e-05,12.031024773718292,-0.33978241202983733
0.0,all,,,,,,0.22596870235610902,-1.9515148124721638e-05,11.39811062459714,-0.2532749792090856
0.0,all,,,,,,0.2291071565554994,-2.0754423387965368e-05,10.008375649292347,-0.3067611650616022
0.0,all,,,,,,0.23224561075488978,-2.5240397612506433e-05,10.357930211709467,-0.3604761330451923
0.0,all,,,,,,0.23538406495428021,-2.323213671706195e-05,10.366019484613638,-0.33153580504562263
0.0,all,,,,,,0.2385225191536706,-1.2125604703018444e-05,12.687657423430053,-0.14137586210762842
0.0,all,,,,,,0.24166097335306103,-8.360717669319629e-06,12.922935949309519,-0.09570522979332446
0.0,all,,,,,,0.2447994275524514,-1.852019617254903e-05,8.110314492631213,-0.3378012027167665
0.0,all,,,,,,0.24793788175184184,-1.9216803144298822e-05,6.051560801529741,-0.4697502763097894
0.0,all,,,,,,0.25107633595123224,-1.711870244918658e-05,10.756403789862762,-0.2354274237731953
0.0,all,,,,,,0.2542147901506226,-2.383259758247726e-05,14.076345953855071,-0.2504579099088893
0.0,all,,,,,,0.25735324435001306,-1.9702315200200693e-05,10.134898118685749,-0.28757503376330806
0.0,all,,,,,,0.2604916985494034,-7.050877406457226e-06,8.787885520224627,-0.11868943897120568
0.0,all,,,,,,0.2636301527487938,-1.540043489431529e-05,10.46488620467497,-0.21769666652816613
0.0,all,,,,,,0.2667686069481842,-2.5474003977719755e-05,5.913674515607647,-0.6372254295938616
0.0,all,,,,,,0.2699070611475746,-1.775508193472432e-05,2.6096204186139476,-1.0064649217671247
0.0,all,,,,,,0.27304551534696503,-8.830972494603589e-06,7.297303054034336,-0.17901913463463956
0.0,all,,,,,,0.27618396954635543,-9.716148002553274e-06,12.843572352733435,-0.11190811722034716
0.0,all,,,,,,0.27932242374574584,-2.020572680760137e-05,14.70500505795013,-0.20326499920142269
0.0,all,,,,,,0.28246087794513625,-3.0040532191940633e-05,10.236805293769093,-0.43410669455360607
0.0,all,,,,,,0.28559933214452665,-2.5935915234821627e-05,7.4541349490701725,-0.5147041041675212
0.0,all,,,,,,0.28873778634391706,-1.8704050423577317e-05,9.160036288618786,-0.30205899597497365
0.0,all,,,,,,0.29187624054330746,-2.6632486360400174e-05,6.771908282184199,-0.5817735198191804
0.0,all,,,,,,0.29501469474269787,-2.7051017415206866e-05,9.252447227631436,-0.4324942036090202
0.0,all,,,,,,0.2981531489420883,-1.7361498905772664e-05,13.768842701032296,-0.18652759165508734
0.0,all,,,,,,0.3012916031414787,-1.311612175256228e-05,9.278583863915214,-0.20911108048183152
0.0,all,,,,,,0.30443005734086903,-3.6989005256194745e-06,5.079790560816756,-0.10771598305411242
0.0,all,,,,,,0.3075685115402595,8.319912018970072e-07,8.0880242953744,0.015217019272900228
0.0,all,,,,,,0.31070696573964984,-1.1578195496484391e-05,7.824746339781963,-0.21888898869239676
0.0,all,,,,,,0.3138454199390403,-1.2272102320704444e-05,3.6989746216573858,-0.4907845922906274
0.0,all,,,,,,0.31698387413843065,-1.3807483157624796e-06,3.3863827362413463,-0.06031589614676162
0.0,all,,,,,,0.3201223283378211,-9.260604566175568e-07,5.585640509120129,-0.024525601241908473
0.0,all,,,,,,0.32326078253721147,-9.29946355867404e-06,13.821229072128535,-0.09953241369241139
0.0,all,,,,,,0.3263992367366019,-3.0212720649817352e-05,19.113142680489084,-0.23383581909822124
0.0,all,,,,,,0.3295376909359923,-3.563533446390298e-05,12.81416988152072,-0.41138046629557734
0.0,all,,,,,,0.3326761451353827,-2.3825334526404282e-05,6.36915898392413,-0.5533631330406324
0.0,all,,,,,,0.3358145993347731,-2.4097327687661324e-05,7.270355032711034,-0.4903052779241071
0.0,all,,,,,,0.3389530535341635,-2.63446167991951e-05,6.015100202033671,-0.6478915615213239
0.0,all,,,,,,0.3420915077335539,-2.58466962705319e-05,0.49206876350544126,-7.770206246026431
0.0,all,,,,,,0.3452299619329443,-2.979492769829829e-05,2.1187070053329067,-2.080294100168738
0.0,all,,,,,,0.3483684161323347,-3.4228218864743655e-05,12.443171940678281,-0.40691762599181924
0.0,all,,,,,,0.3515068703317251,-2.3349416429185595e-05,13.957079320642077,-0.24747696888720339
0.0,all,,,,,,0.35464532453111547,-5.916349744367317e-06,5.3012361485299495,-0.16509350683598994
0.0,all,,,,,,0.35778377873050593,-4.470331383478287e-06,4.205574791539679,-0.15724167505122238
0.0,all,,,,,,0.3609222329298963,-1.2488145157808311e-05,6.865102512453708,-0.2690941246403613
0.0,all,,,,,,0.36406068712928674,-2.9327243345533576e-05,12.603706207881006,-0.34421221311987693
0.0,all,,,,,,0.3671991413286771,-4.752354289148521e-05,14.159274428462219,-0.49650212874316274
0.0,all,,,,,,0.37033759552806755,-3.1969762099052354e-05,4.584139803776178,-1.0316558723808575
0.0,all,,,,,,0.3734760497274579,-2.4676913893079877e-05,0.7744139418610592,-4.713798205258953
0.0,all,,,,,,0.3766145039268483,-3.876895939116439e-05,4.510854474137764,-1.271389533236864
0.0,all,,,,,,0.3797529581262387,-1.992358724234008e-05,6.5619411214599666,-0.44914700768076044
0.0,all,,,,,,0.3828914123256291,-9.935803051552057e-06,5.220232470763772,-0.28155706839742806
0.0,all,,,,,,0.3860298665250195,-1.1588427785672156e-05,5.992542539892913,-0.286066298891347
0.0,all,,,,,,0.38916832072440993,-1.2822814376297823e-05,9.478914544636888,-0.2001142665717938
0.0,all,,,,,,0.39230677492380034,-2.8522237269674742e-05,5.514964826070124,-0.7650576207394711
0.0,all,,,,,,0.3954452291231908,-1.8222702894300892e-05,0.5348302507099335,-5.040227446084372
0.0,all,,,,,,0.39858368332258115,6.085205924494515e-06,5.732612090925526,0.15702761270422544
0.0,all,,,,,,0.40172213752197156,1.1319880126576025e-05,9.389138564116623,0.178348468161123
0.0,all,,,,,,0.4048605917213619,-1.8660920584803465e-06,8.110275728676529,-0.03403695883000778
0.0,all,,,,,,0.4079990459207523,-1.9141123276523482e-05,8.597642429775494,-0.3293376219166277
0.0,all,,,,,,0.4111375001201428,-2.526730231256182e-05,7.152507420265426,-0.5225812983701296
0.0,all,,,,,,0.4142759543195332,-2.126041491562659e-05,6.060419873922479,-0.5189461881651607
0.0,all,,,,,,0.41741440851892353,-9.344775061555349e-06,10.856251769393115,-0.12733337473653406
0.0,all,,,,,,0.42055286271831394,3.3265339327510566e-06,10.949291732891934,0.04494270775305454
0.0,all,,,,,,0.4236913169177044,5.141736453344844e-06,4.399835570300823,0.17287280154661994
0.0,all,,,,,,0.4268297711170948,-3.966374629697417e-06,6.01110386996155,-0.09760966069125503
0.0,all,,,,,,0.42996822531648515,-1.4078487513545585e-05,9.617998134429854,-0.2165332605577679
0.0,all,,,,,,0.43310667951587556,-2.537043600096076e-05,7.554797364726589,-0.4967734931697966
0.0,all,,,,,,0.43624513371526596,-3.389157764210908e-05,4.438501174482306,-1.1295585584839773
0.0,all,,,,,,0.4393835879146564,-3.8916133601098654e-05,5.176323084740487,-1.1121455139024732
0.0,all,,,,,,0.4425220421140468,-4.4196507688483465e-05,7.461182786768433,-0.8762611922504007
0.0,all,,,,,,0.4456604963134372,-3.692558200067126e-05,9.900036516987843,-0.5517519245418596
0.0,all,,,,,,0.4487989505128276,-1.0736697764481814e-05,11.377451633086379,-0.1395979478789858
0.0,all,,,,,,0.45193740471221805,1.0930492420977934e-05,6.583660271631707,0.24559844857617938
0.0,all,,,,,,0.4550758589116084,5.528356718745879e-06,5.251136461220353,0.15573852524585377
0.0,all,,,,,,0.4582143131109988,-1.204840626093278e-05,5.9811908641681795,-0.29798557828317207
0.0,all,,,,,,0.4613527673103892,-2.858412192885182e-05,4.877404699799305,-0.8669406505985234
0.0,all,,,,,,0.46449122150977956,-3.224627252645108e-05,5.572161989029227,-0.8560696309889737
0.0,all,,,,,,0.46762967570917,-2.05030857884213e-05,6.24505146405564,-0.4856646696560062
0.0,all,,,,,,0.47076812990856043,-1.3835465830407443e-05,5.964794122047325,-0.3431244232545605
0.0,all,,,,,,0.4739065841079508,-5.794946850498974e-06,3.1294345127285594,-0.2739282943519425
0.0,all,,,,,,0.4770450383073412,-8.249261343927523e-07,3.4238667361298836,-0.03564113403295044
0.0,all,,,,,,0.4801834925067316,-2.1669236565618223e-06,5.083334305934365,-0.06305916893864018
0.0,all,,,,,,0.48332194670612205,-2.1104049301774738e-06,2.432054094249347,-0.1283647757534677
0.0,all,,,,,,0.4864604009055124,-2.018673877418681e-05,4.174416442059534,-0.7153584224589767
0.0,all,,,,,,0.4895988551049028,-4.1587589817524784e-05,10.062306770088384,-0.611391648913341
0.0,all,,,,,,0.4927373093042932,-3.6246532792466373e-05,10.473557134809774,-0.5119476664866276
0.0,all,,,,,,0.4958757635036837,-2.3959900225343054e-05,5.624052805906686,-0.6302152666379184
0.0,all,,,,,,0.499014217703074,-3.153038321414476e-05,2.6613489120386915,-1.752591646595452
0.0,all,,,,,,0.5021526719024645,-3.098462864066986e-05,6.806397807734965,-0.6734142018022836
0.0,all,,,,,,0.5052911261018548,-3.6639745939628796e-06,8.92918857595712,-0.06070070885157826
0.0,all,,,,,,0.5084295803012452,9.253685200181338e-06,6.390192468745173,0.21421707560725425
0.0,all,,,,,,0.5115680345006357,-7.912268811911525e-06,7.987929946983034,-0.1465278206027797
0.0,all,,,,,,0.5147064887000261,-1.0456607859653206e-05,7.037073759541364,-0.2198123161775746
0.0,all,,,,,,0.5178449428994164,2.3396369236059926e-06,1.8043331004844387,0.19181609899811863
0.0,all,,,,,,0.5209833970988068,1.4201469162882006e-05,-0.9413404364549935,-2.2317208168333607
0.0,all,,,,,,0.5241218512981973,1.0255088107234798e-05,0.3160448088897855,4.800030961632326
0.0,all,,,,,,0.5272603054975876,-1.8542694474010403e-05,8.019954558716673,-0.3420221549939462
0.0,all,,,,,,0.530398759696978,-2.399627669453176e-05,11.967843061914966,-0.2966069202939225
0.0,all,,,,,,0.5335372138963684,-1.5810268573079913e-05,8.875158039372177,-0.26352174415597207
0.0,all,,,,,,0.5366756680957588,-9.986469519624972e-06,8.324864914906454,-0.17745493837765983
0.0,all,,,,,,0.5398141222951492,3.674729885143952e-06,8.264187337066069,0.06577768306356944
0.0,all,,,,,,0.5429525764945397,-9.737375549369208e-06,7.621347545259576,-0.18900071955398154
0.0,all,,,,,,0.5460910306939301,-3.2408738582180426e-05,4.780034350669854,-1.0029618505322764
0.0,all,,,,,,0.5492294848933205,-3.070375252239272e-05,2.9877171608277893,-1.5202159309978343
0.0,all,,,,,,0.5523679390927109,-1.718216658845125e-05,5.848807847607311,-0.43457413644272497
0.0,all,,,,,,0.5555063932921013,-6.233631653609315e-06,5.948468227669235,-0.15502055734484346
0.0,all,,,,,,0.5586448474914917,-5.169403151612646e-06,5.383358497173841,-0.1420497276241547
0.0,all,,,,,,0.5617833016908821,-4.847807630911285e-06,8.983767231136259,-0.07982523232151031
0.0,all,,,,,,0.5649217558902725,-4.693594830861148e-06,8.088423978067649,-0.08584104441661371
0.0,all,,,,,,0.5680602100896629,-1.0405216019831008e-05,3.2373128521414203,-0.475466292363459
0.0,all,,,,,,0.5711986642890533,-1.6932255920657872e-06,2.25012617946838,-0.11131693896774794
0.0,all,,,,,,0.5743371184884437,4.969291408840085e-06,2.881037954019784,0.25515189009869105
0.0,all,,,,,,0.5774755726878341,-2.0167124546880572e-05,6.613363899970304,-0.4511021157896353
0.0,all,,,,,,0.5806140268872244,-3.211131354981953e-05,7.27716976002691,-0.6527529889705246
0.0,all,,,,,,0.5837524810866149,-1.53909406930339e-05,3.670171023881883,-0.6203434008644797
0.0,all,,,,,,0.5868909352860053,-6.3931441766984015e-06,4.1594901044287225,-0.22736714437152197
0.0,all,,,,,,0.5900293894853957,-1.4192348360334132e-05,9.552950051834124,-0.21977083573407655
0.0,all,,,,,,0.593167843684786,-1.81228225045789e-05,13.442469119765558,-0.19943441038687482
0.0,all,,,,,,0.5963062978841766,-9.038892201064042e-06,7.122995038257292,-0.1877179787076998
0.0,all,,,,,,0.599444752083567,-9.544434378891172e-06,0.7083041446262321,-1.993350720126168
0.0,all,,,,,,0.6025832062829574,-8.750062478022687e-06,-0.7463115555857296,1.7343801403691554
0.0,all,,,,,,0.6057216604823477,8.05806351873585e-06,-2.539679171227096,-0.4693589820663363
0.0,all,,,,,,0.6088601146817381,9.51493670034824e-06,-3.15556105381065,-0.44604905144987683
0.0,all,,,,,,0.6119985688811286,-1.0972241964653374e-05,2.101758749178779,-0.7722640466223348
0.0,all,,,,,,0.615137023080519,-4.2221498613720226e-05,13.162509122113326,-0.4745131616360746
0.0,all,,,,,,0.6182754772799093,-3.812712765514013e-05,15.774062514734222,-0.3575558063133459
0.0,all,,,,,,0.6214139314792997,6.324973587411649e-06,6.890184104902088,0.13579419158345327
0.0,all,,,,,,0.6245523856786902,1.98427976134428e-05,1.360307447868914,2.1578394614721237
0.0,all,,,,,,0.6276908398780806,1.2196054830847116e-06,2.2084125180585414,0.08169443471967103
0.0,all,,,,,,0.6308292940774709,-6.663171589256407e-06,1.4783429159408368,-0.6667440009835357
0.0,all,,,,,,0.6339677482768613,6.9529448171437e-06,2.820318388380313,0.3646900778831034
0.0,all,,,,,,0.6371062024762517,1.2690295699093343e-05,4.271371617252845,0.4394987946724344
0.0,all,,,,,,0.6402446566756422,4.966402504141434e-06,5.135528263121325,0.1430573232210415
0.0,all,,,,,,0.6433831108750325,9.621536638725016e-07,8.747401006067705,0.016271167121645586
0.0,all,,,,,,0.6465215650744229,-3.413314586503291e-06,7.386942088310415,-0.06835415618984604
0.0,all,,,,,,0.6496600192738133,-2.2372184640298346e-05,6.162375393869258,-0.5370485499094083
0.0,all,,,,,,0.6527984734732039,-4.025528338527247e-05,7.7350133728883765,-0.7698659705716017
0.0,all,,,,,,0.6559369276725941,-1.9660230652189566e-05,6.492153433383482,-0.44797433912453166
0.0,all,,,,,,0.6590753818719846,1.0740851069641003e-05,7.912605300170385,0.200804063143574
0.0,all,,,,,,0.662213836071375,1.042112656416858e-05,9.734225978204993,0.15836767846760982
0.0,all,,,,,,0.6653522902707654,1.045651671749545e-06,4.701622820003074,0.03289974672252619
0.0,all,,,,,,0.6684907444701558,-4.683723198851478e-06,0.6838229667971518,-1.0132132072336353
0.0,all,,,,,,0.6716291986695462,-2.1193569127595195e-05,4.489419002114565,-0.6983405560037076
0.0,all,,,,,,0.6747676528689366,-4.440332022568466e-05,7.32647287445482,-0.8965485312620566
0.0,all,,,,,,0.677906107068327,-5.0441550517459724e-05,1.4552049365603854,-5.127640540901197
0.0,all,,,,,,0.6810445612677174,-3.720253118433014e-05,-3.7167043530255577,1.4807023891888258
0.0,all,,,,,,0.6841830154671078,-2.1265205470814517e-05,-1.7267838440886545,1.8217337769468949
0.0,all,,,,,,0.6873214696664982,-1.6583324137424536e-06,2.2828600010348916,-0.10745969779516942
0.0,all,,,,,,0.6904599238658886,1.5192036393025764e-05,6.857170360791384,0.3277361569635608
0.0,all,,,,,,0.693598378065279,2.3214979944539202e-05,8.54900450207637,0.40170392120098997
0.0,all,,,,,,0.6967368322646694,7.6193498250842745e-06,5.285446604284324,0.21325023968198795
0.0,all,,,,,,0.6998752864640598,-1.3887324274956712e-05,3.3423741977571346,-0.6146343254669382
0.0,all,,,,,,0.7030137406634502,-3.5934217830880797e-06,5.182408892698113,-0.10257223632750334
0.0,all,,,,,,0.7061521948628406,1.1155222809682135e-05,4.0294235499625675,0.40953274545227764
0.0,all,,,,,,0.7092906490622309,1.7629821904203093e-05,1.1378197582927974,2.292069373150466
0.0,all,,,,,,0.7124291032616215,5.405101641775889e-06,4.068113798817786,0.19654593954962002
0.0,all,,,,,,0.7155675574610119,-1.8222861323331278e-05,5.3804074184086135,-0.5010195948448839
0.0,all,,,,,,0.7187060116604023,-1.6964546441244357e-05,3.646680143376336,-0.6881734047015706
0.0,all,,,,,,0.7218444658597926,-2.8773826693517912e-05,6.504033195034106,-0.6544375022464445
0.0,all,,,,,,0.7249829200591831,-3.653554339292114e-05,10.95305607611634,-0.49343910455913
0.0,all,,,,,,0.7281213742585735,-1.1187316565340026e-07,8.039599501154818,-0.002058471302904242
0.0,all,,,,,,0.7312598284579639,6.789258347167495e-06,2.4740491198970176,0.40594511636325936
0.0,all,,,,,,0.7343982826573542,-1.8450771348927854e-05,3.45224288198155,-0.790617618460477
0.0,all,,,,,,0.7375367368567446,-1.8836395541302047e-05,6.087899030636239,-0.45770290054894364
0.0,all,,,,,,0.7406751910561351,-2.0910607794569348e-05,9.081336097415253,-0.3406200523281876
0.0,all,,,,,,0.7438136452555254,-3.955175274219896e-05,10.523104372205921,-0.5560004719539066
0.0,all,,,,,,0.7469520994549158,-2.7137890703093737e-05,8.863077089043713,-0.45294437055064174
0.0,all,,,,,,0.7500905536543062,-1.0149763749516e-05,4.751054404673799,-0.3160233947578771
0.0,all,,,,,,0.7532290078536966,-3.412242195381142e-05,4.36024807068044,-1.1576624709129975
0.0,all,,,,,,0.756367462053087,-1.9495139872823843e-05,7.146874121370164,-0.40351857076478276
0.0,all,,,,,,0.7595059162524774,2.728017483949966e-06,2.8250739884000877,0.14284683654238087
0.0,all,,,,,,0.7626443704518678,-3.161646625011144e-05,2.6440564989532165,-1.7688699355269741
0.0,all,,,,,,0.7657828246512582,-2.9071686152178884e-05,8.956050104879735,-0.48018325471858314
0.0,all,,,,,,0.7689212788506486,-7.789315236543642e-06,6.629526705285498,-0.1738081191553809
0.0,all,,,,,,0.772059733050039,-1.947838702694382e-06,1.3637211130892595,-0.21129086963570737
0.0,all,,,,,,0.7751981872494295,2.455028231854886e-05,1.8026226901436535,2.014674833335897
0.0,all,,,,,,0.7783366414488199,3.309782681884624e-05,3.134592664484366,1.5619663387572498
0.0,all,,,,,,0.7814750956482103,2.1694076549030392e-05,5.821447122164985,0.5512689292041034
0.0,all,,,,,,0.7846135498476007,1.1113677469431804e-05,6.599470089714466,0.2491162330103542
0.0,all,,,,,,0.7877520040469911,-6.533793028929943e-07,4.316862824567709,-0.022389811064053664
0.0,all,,,,,,0.7908904582463816,4.210839230981815e-06,4.3964741822713345,0.14168289994640462
0.0,all,,,,,,0.7940289124457719,-2.146821131013124e-06,4.968380354082475,-0.06391964136272427
0.0,all,,,,,,0.7971673666451623,-3.767656515140148e-05,4.397136339320372,-1.2675195748433072
0.0,all,,,,,,0.8003058208445526,-2.4452611572692e-05,2.9773083018933897,-1.2149397596299958
0.0,all,,,,,,0.8034442750439431,-3.6139834434101408e-06,1.1420482449080658,-0.4681176454666653
0.0,all,,,,,,0.8065827292433335,-3.747433077836901e-05,4.533167609565207,-1.2228844228646223
0.0,all,,,,,,0.8097211834427238,-4.559117508395388e-05,7.051148964556431,-0.9564762711899691
0.0,all,,,,,,0.8128596376421143,-1.814219911229697e-05,5.054319005966351,-0.5309829597151777
0.0,all,,,,,,0.8159980918415046,-8.66900732553728e-06,6.815009049167165,-0.18817253566526365
0.0,all,,,,,,0.8191365460408951,-2.516977594940148e-05,0.7368730575189544,-5.052891538770437
0.0,all,,,,,,0.8222750002402855,-3.200318197229279e-05,-3.354551190768551,1.4112762773271978
0.0,all,,,,,,0.8254134544396758,-4.5208059935631787e-07,6.029602922711942,-0.011091249152617298
0.0,all,,,,,,0.8285519086390664,4.439134786735915e-05,8.735255948132885,0.7517544391362094
0.0,all,,,,,,0.8316903628384567,2.0671841736118092e-05,5.366227416367968,0.5698537383146073
0.0,all,,,,,,0.8348288170378471,-2.459119525236037e-05,3.198424595390076,-1.1373570545385112
0.0,all,,,,,,0.8379672712372376,-1.2720534547825658e-05,1.9158742800282755,-0.9821812941860125
0.0,all,,,,,,0.8411057254366279,-7.886699985255427e-06,3.995487256704,-0.29199732610695633
0.0,all,,,,,,0.8442441796360184,-4.849311172611094e-06,7.122644325168494,-0.1007145227263707
0.0,all,,,,,,0.8473826338354088,1.6550977921136456e-05,9.095500092199302,0.2691847056393131
0.0,all,,,,,,0.8505210880347991,9.899952151962409e-06,8.847528432797755,0.16552531867308726
0.0,all,,,,,,0.8536595422341896,-4.655320306426163e-06,8.243740439416895,-0.0835369399514661
0.0,all,,,,,,0.8567979964335799,3.7750520047231464e-06,6.600848010866107,0.08460119741430477
0.0,all,,,,,,0.8599364506329703,-8.355729346927039e-07,1.9481149123463815,-0.06344875393570264
0.0,all,,,,,,0.8630749048323608,-6.343977217408696e-06,1.2592747232469157,-0.745237040759464
0.0,all,,,,,,0.8662133590317511,-3.343208645278776e-06,4.370159070606729,-0.1131669314354003
0.0,all,,,,,,0.8693518132311416,-3.370986412502143e-06,5.741179527919336,-0.08685787069422761
0.0,all,,,,,,0.8724902674305319,1.7064317813039233e-06,3.3391031479090953,0.07559836450016454
0.0,all,,,,,,0.8756287216299223,-1.5803022334339535e-05,0.9127341979302352,-2.5612332732669114
0.0,all,,,,,,0.8787671758293129,-2.6701475935420246e-05,6.2006936636354535,-0.6370130004677657
0.0,all,,,,,,0.8819056300287031,-6.7233668881992374e-06,4.957990670033334,-0.20060160795230017
0.0,all,,,,,,0.8850440842280936,1.0004647048221505e-05,-2.4390466855723183,-0.6067851766642138
0.0,all,,,,,,0.8881825384274838,3.3526594023907456e-06,3.0735011059360526,0.16136500876481488
0.0,all,,,,,,0.8913209926268744,-2.2685784243883393e-05,5.9022744068730555,-0.5685749275347433
0.0,all,,,,,,0.8944594468262649,-2.0388828468541062e-05,3.3911903313606913,-0.8893923935754638
0.0,all,,,,,,0.8975979010256552,-4.167307560989442e-06,8.719169369513192,-0.070702332917912
0.0,all,,,,,,0.9007363552250456,-8.217611601212674e-06,10.476896053590053,-0.11602892800624083
0.0,all,,,,,,0.9038748094244361,1.6621124017460647e-05,8.88227353860173,0.2768149557366764
0.0,all,,,,,,0.9070132636238264,3.380391931880186e-05,6.866935911956044,0.7282112204049151
0.0,all,,,,,,0.9101517178232168,-1.8259362160451081e-06,4.34912294983045,-0.06210652373244832
0.0,all,,,,,,0.9132901720226071,-3.035016353684175e-05,4.455041521005196,-1.007772686536418
0.0,all,,,,,,0.9164286262219976,-2.8716725730955143e-05,2.2671038545566655,-1.8737722765522435
0.0,all,,,,,,0.9195670804213881,-7.30570361039936e-06,3.0708786672495214,-0.35192708773535475
0.0,all,,,,,,0.9227055346207784,2.8842033182294273e-05,4.319567584540621,0.9877314968355645
0.0,all,,,,,,0.9258439888201688,2.296907356701836e-05,4.283433079980142,0.7932403481834093
0.0,all,,,,,,0.9289824430195591,-3.120174780473885e-05,5.698492973839434,-0.8099761090468867
0.0,all,,,,,,0.9321208972189496,-3.921750437713363e-05,4.281576807376404,-1.3549694969745631
0.0,all,,,,,,0.93525935141834,2.727248557275771e-06,4.1452664149463025,0.0973252609861285
0.0,all,,,,,,0.9383978056177303,2.714996495174259e-05,5.430026492883146,0.739640406904011
0.0,all,,,,,,0.9415362598171209,2.8526900658490704e-05,4.756285169874396,0.8872377429007443
0.0,all,,,,,,0.9446747140165112,1.7761191986272537e-05,1.1459841143844802,2.2926978055474185
0.0,all,,,,,,0.9478131682159016,6.649424454305798e-06,0.8588015116074854,1.145366720319501
0.0,all,,,,,,0.9509516224152921,-6.367197504096703e-06,4.359816523336054,-0.21603962388469425
0.0,all,,,,,,0.9540900766146824,-1.1514067382788231e-05,4.247313053859405,-0.4010216304141272
0.0,all,,,,,,0.9572285308140729,-5.112784747283883e-06,3.424658992118849,-0.22084800453660638
0.0,all,,,,,,0.9603669850134632,-1.3027505622987009e-05,2.1984705673725085,-0.8765847634340779
0.0,all,,,,,,0.9635054392128536,-1.368556708081381e-05,1.4363119118582741,-1.4095073326369398
0.0,all,,,,,,0.9666438934122441,-1.3273895966116553e-05,3.5605412726461667,-0.5514875204265122
0.0,all,,,,,,0.9697823476116344,-1.4714519259285907e-05,5.681276912453092,-0.383136408589328
0.0,all,,,,,,0.9729208018110248,-2.4513079425964128e-06,5.162020527727823,-0.07024759320265218
0.0,all,,,,,,0.9760592560104153,1.6838704681364063e-06,4.557629491901351,0.054654127756511246
0.0,all,,,,,,0.9791977102098056,-5.519378500496717e-06,7.050075476427358,-0.11581097426132601
0.0,all,,,,,,0.9823361644091961,-9.408991185228048e-06,11.361499609066518,-0.12250694444018503
0.0,all,,,,,,0.9854746186085864,-4.1366162044473836e-06,9.977589591736905,-0.06132999041546604
0.0,all,,,,,,0.9886130728079768,8.789931535822373e-06,2.6681443526481683,0.48733709960658167
0.0,all,,,,,,0.9917515270073674,-2.4850271595834955e-06,1.4631856033252337,-0.25123782461384236
0.0,all,,,,,,0.9948899812067576,-3.9237012166504414e-05,4.756535268707859,-1.2202772423011872
0.0,all,,,,,,0.998028435406148,-3.288037366668803e-05,6.312258504678283,-0.7705578911218832
0.0,all,,,,,,1.0011668896055383,-1.5773304031917382e-05,3.7371684929020965,-0.6243574522358238
0.0,all,,,,,,1.004305343804929,-3.4498875044033185e-05,2.2429619552754354,-2.2752877596743435
0.0,all,,,,,,1.0074437980043194,-4.633137536705048e-05,6.4358638196642985,-1.064931444257899
0.0,all,,,,,,1.0105822522037096,-4.1733103336432295e-05,6.865908480799472,-0.89915792116629
0.0,all,,,,,,1.0137207064031002,-1.9494512150577658e-05,2.052680779635764,-1.4048962708572608
0.0,all,,,,,,1.0168591606024904,7.250121187070829e-06,1.7892005430505011,0.5994314825958575
0.0,all,,,,,,1.0199976148018808,1.7039473194559637e-05,2.3940097638249447,1.0528913321328635
0.0,all,,,,,,1.0231360690012714,-1.5132093652537518e-06,-0.6180609601882077,0.362177121121768
0.0,all,,,,,,1.0262745232006616,-3.3702213500728446e-05,0.05759212129306279,-86.56625992570281
0.0,all,,,,,,1.0294129774000522,-1.0038177838058662e-05,4.390648042124869,-0.33820464217624635
0.0,all,,,,,,1.0325514315994424,2.413991037134298e-05,9.12522787814336,0.39133188849298656
0.0,all,,,,,,1.0356898857988328,1.4619349910373046e-05,5.8428344460020725,0.37013298021242247
0.0,all,,,,,,1.0388283399982234,3.221360686599375e-05,0.46678619905380514,10.208798951481523
0.0,all,,,,,,1.0419667941976136,4.205494055741345e-05,2.551286794771036,2.4384342307663327
0.0,all,,,,,,1.045105248397004,1.6183195605398135e-05,4.567659185312123,0.5241117495478813
0.0,all,,,,,,1.0482437025963947,1.4546499143215098e-05,4.6882790162850565,0.4589848381907547
0.0,all,,,,,,1.0513821567957848,-1.518275314182076e-05,3.6010364353141355,-0.6237008261433213
0.0,all,,,,,,1.0545206109951752,-6.38744115154484e-05,2.718839364397463,-3.475334941388745
0.0,all,,,,,,1.0576590651945657,-3.792616730058576e-05,2.491497477917595,-2.2518103381273904
0.0,all,,,,,,1.060797519393956,-5.977994165467781e-06,2.077798454248543,-0.42560367764377793
0.0,all,,,,,,1.0639359735933467,-3.452712183535077e-05,2.304025583570445,-2.2167993437660303
0.0,all,,,,,,1.0670744277927369,-5.5197690575948205e-05,5.4031712988097675,-1.5112122846067424
0.0,all,,,,,,1.0702128819921273,-3.562468918495383e-05,9.130968605058602,-0.5771484563778365
0.0,all,,,,,,1.0733513361915177,-6.471160756712949e-07,8.68588639607627,-0.011021008767986331
0.0,all,,,,,,1.076489790390908,1.8658167663032834e-05,5.500872439675723,0.5017538588813618
0.0,all,,,,,,1.0796282445902985,2.342091043789861e-05,3.388965682353153,1.0223271777650291
0.0,all,,,,,,1.082766698789689,2.7302924226382618e-05,3.105464538316217,1.3005764730189702
0.0,all,,,,,,1.0859051529890793,5.056774011526932e-06,3.2761871268786207,0.2283274623394679
0.0,all,,,,,,1.0890436071884697,-2.1037558975022606e-05,3.7023991839512087,-0.8405535930926603
0.0,all,,,,,,1.0921820613878601,-2.1966793741844708e-05,4.7291452784449515,-0.6871274850166657
0.0,all,,,,,,1.0953205155872505,-1.3787302079537447e-06,4.777745074083185,-0.04268837487386452
0.0,all,,,,,,1.098458969786641,1.3491815733902373e-05,4.779423996784412,0.4175881301198651
0.0,all,,,,,,1.1015974239860313,1.7661428624516406e-05,6.4304205852477,0.40629338872240406
0.0,all,,,,,,1.1047358781854217,7.66891067319107e-06,6.250201692491955,0.18150682128531528
0.0,all,,,,,,1.1078743323848121,-7.462758377140609e-07,5.955897383329614,-0.018535550039925932
0.0,all,,,,,,1.1110127865842025,1.6893023532250322e-05,5.709803147141971,0.43766272036793274
0.0,all,,,,,,1.114151240783593,-4.277025175659585e-07,1.0133927994428047,-0.06243344458833552
0.0,all,,,,,,1.1172896949829834,-3.258961718907849e-06,-0.6136875110393767,0.7855707019620102
0.0,all,,,,,,1.1204281491823738,3.879752812498027e-05,4.20523588190296,1.3647936690371545
0.0,all,,,,,,1.1235666033817642,3.940323336934711e-05,5.632057864698225,1.03494687305583
0.0,all,,,,,,1.1267050575811546,1.7990027912219793e-05,5.160684587306248,0.5156770749219531
0.0,all,,,,,,1.129843511780545,7.4082417899160055e-06,2.0887268244938912,0.5246706955900157
0.0,all,,,,,,1.1329819659799354,-1.113105159721904e-05,0.1124555625276506,-14.642274947101324
0.0,all,,,,,,1.1361204201793258,4.5751094742902484e-06,3.827408221559528,0.17682758231492246
0.0,all,,,,,,1.1392588743787162,3.701451138885737e-05,0.03632882445889818,150.7210739069307
0.0,all,,,,,,1.1423973285781066,1.4373252544737644e-05,-3.769687169913754,-0.5640310972250541
0.0,all,,,,,,1.145535782777497,-3.121536918287411e-05,2.8044096272813017,-1.646570500338635
0.0,all,,,,,,1.1486742369768874,-3.214094332007218e-05,9.00463770733888,-0.5280142931610483
0.0,all,,,,,,1.1518126911762778,1.758471001460496e-05,7.518211013043078,0.3459983311436824
0.0,all,,,,,,1.1549511453756682,3.26437427982706e-05,5.067504822763356,0.9529257897408092
0.0,all,,,,,,1.1580895995750586,1.981484552206628e-05,3.101665948588155,0.9450373491447016
0.0,all,,,,,,1.1612280537744488,4.398045049705263e-05,2.477485439932096,2.626043203514232
0.0,all,,,,,,1.1643665079738394,1.0035083385906346e-05,4.799351963744231,0.30930838205423594
0.0,all,,,,,,1.1675049621732299,-5.921997998645801e-05,4.418117301993599,-1.982824689840106
0.0,all,,,,,,1.1706434163726203,-4.664310107075739e-05,3.3089357817427243,-2.085222403037215
0.0,all,,,,,,1.1737818705720107,-8.649944625539148e-07,0.0952396650478784,-1.3435343422144688
0.0,all,,,,,,1.176920324771401,2.294966321732124e-05,-1.0384460307489933,-3.269231615079368
0.0,all,,,,,,1.1800587789707915,2.470054983784722e-05,0.9060557806824896,4.032784259765407
0.0,all,,,,,,1.1831972331701819,5.865307865326386e-06,-1.3226297590124143,-0.6560030020432646
0.0,all,,,,,,1.186335687369572,-1.586928518853734e-05,0.9957827275819436,-2.357469485792888
0.0,all,,,,,,1.1894741415689627,-1.3200539340586182e-05,7.260849192120224,-0.2689413392751733
0.0,all,,,,,,1.192612595768353,-8.590088870427067e-07,5.093249100759735,-0.024949166642859268
0.0,all,,,,,,1.1957510499677435,9.171532981246395e-06,2.864183502341155,0.473690197225279
0.0,all,,,,,,1.198889504167134,2.2011735473045364e-06,6.165229748680281,0.05281512643129291
0.0,all,,,,,,1.202027958366524,-1.887531467356988e-07,6.824814432733875,-0.004091256019014964
0.0,all,,,,,,1.2051664125659147,1.3735988216298214e-05,5.822443334631264,0.3489859501912054
0.0,all,,,,,,1.2083048667653051,-1.4288602723307073e-05,6.41681688380689,-0.32939986694059403
0.0,all,,,,,,1.2114433209646953,-5.67856233420442e-05,6.4613329299759785,-1.3000785179145506
0.0,all,,,,,,1.214581775164086,-7.971879155685954e-05,4.1996148291451165,-2.808048148288495
0.0,all,,,,,,1.2177202293634761,-7.378956476864076e-05,3.507059929948539,-3.1124692215327463
0.0,all,,,,,,1.2208586835628668,-1.4221758427564827e-05,7.3627305181078615,-0.2857377997340416
0.0,all,,,,,,1.2239971377622572,3.272060006621735e-05,6.376229512746211,0.7591203302683098
0.0,all,,,,,,1.2271355919616473,1.854097726213091e-05,0.8976507872583659,3.055473414195769
0.0,all,,,,,,1.230274046161038,1.1629775134743121e-05,4.887399521194436,0.3520033362592245
0.0,all,,,,,,1.2334125003604282,1.4142996997259095e-05,10.497094800958457,0.19930841426049992
0.0,all,,,,,,1.2365509545598186,-2.665391569903747e-06,6.9836286251261885,-0.05645900074842814
0.0,all,,,,,,1.2396894087592092,-8.201732746275053e-06,3.106693847497592,-0.39053544843822907
0.0,all,,,,,,1.2428278629585994,-1.2983323659008178e-05,1.5199976347386053,-1.2635611824878326
0.0,all,,,,,,1.24596631715799,-3.5062864297797197e-06,1.9380053662827113,-0.2676367328737124
0.0,all,,,,,,1.2491047713573804,1.822937801987312e-05,3.913779799086056,0.6890151443536475
0.0,all,,,,,,1.2522432255567706,-1.3505178379809313e-06,0.3078573871345429,-0.6489392608797176
0.0,all,,,,,,1.2553816797561612,-1.2430294411630832e-05,-1.1927519601397503,1.5416457150493
0.0,all,,,,,,1.2585201339555514,-2.6039197260659584e-06,4.056972412970618,-0.09494647400556329
0.0,all,,,,,,1.2616585881549418,-2.9906190310068036e-05,5.445371290567641,-0.8124317724819787
0.0,all,,,,,,1.2647970423543324,-3.4658259578170095e-05,1.9838444525835937,-2.584356585711011
0.0,all,,,,,,1.2679354965537226,-5.131550774769007e-06,0.9678164710598836,-0.7843482384271482
0.0,all,,,,,,1.271073950753113,-1.7112782207585076e-05,4.1265402050504685,-0.6134622546094461
0.0,all,,,,,,1.2742124049525034,-3.192834952840449e-05,4.285427736091863,-1.102137037263287
0.0,all,,,,,,1.2773508591518938,-1.1110072518730762e-05,3.145283918668238,-0.5225289335975536
0.0,all,,,,,,1.2804893133512845,-1.2183058770936619e-05,6.1385515318239126,-0.29359167541292797
0.0,all,,,,,,1.2836277675506746,-1.478635632862978e-05,7.008913949345076,-0.31207842379760276
0.0,all,,,,,,1.286766221750065,2.2869529356140303e-05,2.3535855969480357,1.4374095750707954
0.0,all,,,,,,1.2899046759494555,3.436862737415964e-05,1.1698547364617635,4.345938275075382
0.0,all,,,,,,1.2930431301488459,2.3320467994675318e-05,3.4799125090879257,0.9913391106771146
0.0,all,,,,,,1.2961815843482363,5.235631922121164e-06,2.015113351155912,0.3843465000036452
0.0,all,,,,,,1.2993200385476267,-1.7334283941901113e-05,2.758150317720495,-0.9296966775875402
0.0,all,,,,,,1.302458492747017,1.8876900965471276e-05,1.6887143277437935,1.653589908812109
0.0,all,,,,,,1.3055969469464077,2.8752793764316937e-06,-1.4088527095164223,-0.3019032316079871
0.0,all,,,,,,1.308735401145798,-5.975532856616173e-05,2.4402343628995777,-3.6224166745109003
0.0,all,,,,,,1.3118738553451883,-1.01932261214836e-05,4.084468971297822,-0.3691725159882608
0.0,all,,,,,,1.3150123095445787,2.5065970566663813e-05,2.913265308223214,1.2727930412551887
0.0,all,,,,,,1.3181507637439691,-2.322326417027625e-05,6.959404631879147,-0.49363333356023326
0.0,all,,,,,,1.3212892179433595,-2.3403437876895356e-05,8.274914240400047,-0.41837859857288395
0.0,all,,,,,,1.32442767214275,3.064222285981116e-05,3.7305387406249446,1.215072009506789
0.0,all,,,,,,1.3275661263421403,2.7939835190940795e-05,1.971690232912449,2.0962277165267773
0.0,all,,,,,,1.3307045805415307,-1.0987434836497754e-05,6.595124997744987,-0.2464487304591822
0.0,all,,,,,,1.3338430347409211,4.595967403734989e-06,8.176797506998067,0.08314707980602076
0.0,all,,,,,,1.3369814889403115,1.8926494577179444e-05,4.056758766181012,0.6901512921243195
0.0,all,,,,,,1.340119943139702,8.695870475917495e-06,5.809795155931383,0.22141423882455677
0.0,all,,,,,,1.3432583973390924,3.0876729689407236e-06,7.183628700835977,0.06358295721757225
0.0,all,,,,,,1.3463968515384828,8.316066703531976e-06,0.33252236329067086,3.6995628504658837
0.0,all,,,,,,1.3495353057378732,2.456523092035028e-06,-1.7934002019193667,-0.20262682560038459
0.0,all,,,,,,1.3526737599372636,-2.7372438719173578e-05,4.158861491900656,-0.9736263958795622
0.0,all,,,,,,1.355812214136654,-1.7158540384941697e-05,3.570846640609661,-0.7108245955476973
0.0,all,,,,,,1.3589506683360444,4.14963334396903e-06,-2.56768251753945,-0.23906814109331176
0.0,all,,,,,,1.3620891225354348,1.8081544592690207e-05,-0.4702527331625601,-5.68797268879678
0.0,all,,,,,,1.3652275767348252,3.930771395107306e-05,3.750539407266242,1.5503771466079914
0.0,all,,,,,,1.3683660309342156,7.910836503132962e-06,3.8453877564383148,0.3043235586067859
0.0,all,,,,,,1.371504485133606,-1.8366799788654077e-05,5.808797870446795,-0.4677357136283929
0.0,all,,,,,,1.3746429393329964,-1.3584597428384101e-05,3.7710577377806382,-0.5328891712445306
0.0,all,,,,,,1.3777813935323868,-2.8875308580455148e-05,-1.5562937047336718,2.7446588899935924
0.0,all,,,,,,1.3809198477317772,-3.586067492867193e-05,0.007815095715899556,-678.7931667346899
0.0,all,,,,,,1.3840583019311676,4.477584213918336e-06,2.2820868148977063,0.29024510564723394
0.0,all,,,,,,1.387196756130558,6.035917708004387e-05,3.4165195510062767,2.613441022601223
0.0,all,,,,,,1.3903352103299484,3.7742200053279164e-05,6.681734511339233,0.8355862806102216
0.0,all,,,,,,1.3934736645293389,-2.7362206812937096e-07,7.24579398641323,-0.005586225246417851
0.0,all,,,,,,1.3966121187287293,1.873784035009483e-05,8.017448236208796,0.34572968762753303
0.0,all,,,,,,1.3997505729281197,1.1821367701225722e-05,7.914650173855619,0.22094760909360683
0.0,all,,,,,,1.4028890271275098,-9.956368792137138e-06,2.191340925047794,-0.6721161473797176
0.0,all,,,,,,1.4060274813269005,4.189036872312861e-06,-1.0466644694948146,-0.5920522084754295
0.0,all,,,,,,1.4091659355262909,6.766111531626129e-06,2.612901426631713,0.3830623162910599
0.0,all,,,,,,1.4123043897256813,-3.6169532061764146e-05,4.961171107365655,-1.0784797336258165
0.0,all,,,,,,1.4154428439250717,-6.052493419401187e-05,3.2806231633225638,-2.7291743630750993
0.0,all,,,,,,1.4185812981244619,-4.4185797506026154e-05,3.210678001174752,-2.0358194049427993
0.0,all,,,,,,1.4217197523238525,-2.4782874527523824e-05,5.617703050677026,-0.6525986984833628
0.0,all,,,,,,1.424858206523243,1.0799902226100668e-05,4.354122855259224,0.3669208990211151
0.0,all,,,,,,1.427996660722633,1.1111970558244229e-05,0.1575948426874081,10.430434136856084
0.0,all,,,,,,1.4311351149220237,-9.256457326400618e-06,2.188082126678423,-0.6257984580970999
0.0,all,,,,,,1.434273569121414,2.3844923526702877e-05,4.535952090166099,0.7776439171248484
0.0,all,,,,,,1.4374120233208045,8.069489173395973e-06,0.9739354615725339,1.2256576162197115
0.0,all,,,,,,1.440550477520195,-9.147149332804452e-06,1.8453069266287485,-0.7332810493479048
0.0,all,,,,,,1.4436889317195851,3.455286416971105e-05,4.71844386116361,1.0832746112286815
0.0,all,,,,,,1.4468273859189758,1.5693304217287446e-05,2.6395833866108527,0.8794928466647373
0.0,all,,,,,,1.4499658401183662,-1.2075632233936749e-05,2.3045770634821423,-0.7751253614324737
0.0,all,,,,,,1.4531042943177563,8.032499024848198e-07,3.217335005166462,0.03693241452348263
0.0,all,,,,,,1.456242748517147,-8.809233523025437e-06,2.5948558627890885,-0.5022017108500596
0.0,all,,,,,,1.4593812027165372,-3.7894331936923836e-05,0.970831909116602,-5.774089574343729
0.0,all,,,,,,1.4625196569159278,-2.3738050396029596e-05,1.527282494050762,-2.299211789731751
0.0,all,,,,,,1.4656581111153182,1.1064961451650263e-05,7.441841210209468,0.21994941451619
0.0,all,,,,,,1.4687965653147084,-1.5098900716851056e-05,4.796354872872369,-0.46567972012105274
0.0,all,,,,,,1.471935019514099,-3.353602119632783e-05,-0.9213219049564492,5.384599947559141
0.0,all,,,,,,1.4750734737134892,-8.328323382121673e-06,2.259876344498648,-0.5451627932267132
0.0,all,,,,,,1.4782119279128796,6.877024085567578e-06,2.5239916417795456,0.40305650716981717
0.0,all,,,,,,1.4813503821122702,-1.0107467739355145e-06,1.5469492569429395,-0.09665394832422206
0.0,all,,,,,,1.4844888363116604,-1.0825844793318478e-05,3.0629698856687364,-0.5228442949653457
0.0,all,,,,,,1.4876272905110508,1.4865492388074487e-05,3.8885344562578026,0.5655182846522231
0.0,all,,,,,,1.4907657447104412,3.2236697683088356e-06,4.968732226164594,0.09597503032464519
0.0,all,,,,,,1.4939041989098316,-4.5046085187127015e-05,3.098042028128929,-2.150914031700901
0.0,all,,,,,,1.4970426531092222,-6.787768169016748e-06,1.6187212034960474,-0.6203092386394515
0.0,all,,,,,,1.5001811073086124,3.711211768781598e-05,4.405929103086482,1.2460387149663223
0.0,all,,,,,,1.5033195615080028,1.308406864562825e-05,3.998888549191147,0.4840127674101125
0.0,all,,,,,,1.5064580157073932,-3.121894006194669e-06,2.6368823272024446,-0.1751381300581525
0.0,all,,,,,,1.5095964699067836,-8.118771442399465e-07,4.0342875817338655,-0.029769858204964
0.0,all,,,,,,1.512734924106174,1.2877011533884195e-05,3.5245025720831196,0.5404687112697324
0.0,all,,,,,,1.5158733783055645,6.497330193360212e-06,2.8816633331779746,0.3335377553171236
0.0,all,,,,,,1.5190118325049549,-3.0993834010097914e-05,4.189997165504335,-1.0942457731549422
0.0,all,,,,,,1.5221502867043455,-4.6618226799897825e-05,3.133390855112106,-2.200870467590568
0.0,all,,,,,,1.5252887409037357,-3.125695568376496e-05,2.903115021462816,-1.5927064474563706
0.0,all,,,,,,1.528427195103126,-1.3641825696630705e-05,4.593346341976469,-0.4393358136995365
0.0,all,,,,,,1.5315656493025165,-1.0846391965621164e-05,2.3293081791061816,-0.6888293559842423
0.0,all,,,,,,1.534704103501907,-8.806499138986523e-06,1.8191708011709236,-0.7161155830904709
0.0,all,,,,,,1.5378425577012973,-1.0567727891103239e-05,2.568817747738833,-0.6085575195235734
0.0,all,,,,,,1.5409810119006877,-2.145866302575484e-05,1.340141012911318,-2.368674941800777
0.0,all,,,,,,1.544119466100078,-2.305108492164588e-05,4.478693300127914,-0.76136577712964
0.0,all,,,,,,1.5472579202994685,6.806305708520234e-06,7.294883897025997,0.13802138198418312
0.0,all,,,,,,1.550396374498859,1.3293449328958118e-05,4.430746930133027,0.4438273316289227
0.0,all,,,,,,1.5535348286982493,-7.2048972594716175e-06,3.0030162867885166,-0.3549142269899741
0.0,all,,,,,,1.5566732828976397,1.6967499440700076e-06,3.9992506406593833,0.06276138581677088
0.0,all,,,,,,1.5598117370970301,-3.903551627641462e-06,3.382900196107335,-0.17069627602135545
0.0,all,,,,,,1.5629501912964205,-5.932411518812057e-06,4.8131563868190925,-0.1823285174914693
0.0,all,,,,,,1.566088645495811,9.317511143067517e-06,3.8415268382128724,0.3587974544493485
0.0,all,,,,,,1.5692270996952014,3.8362797932778035e-05,-0.7225406999411688,-7.854187464956908
0.0,all,,,,,,1.572365553894592,6.180669717458088e-05,2.407358318046793,3.7979400374584196
0.0,all,,,,,,1.5755040080939822,4.267602506124572e-05,6.701915051832144,0.9419727659840048
0.0,all,,,,,,1.5786424622933726,3.2422422714406504e-05,5.755025055846743,0.8333962634963911
0.0,all,,,,,,1.5817809164927632,2.3710776897468715e-05,4.101679084561204,0.8551403713097723
0.0,all,,,,,,1.5849193706921534,-3.596627872448187e-06,1.9676667061539896,-0.27039413819299957
0.0,all,,,,,,1.5880578248915438,-2.9884498177522225e-05,1.6431253647777573,-2.690472588906369
0.0,all,,,,,,1.591196279090934,-4.952582120141841e-05,1.688718103231446,-4.3383824081906734
0.0,all,,,,,,1.5943347332903246,-5.311705181594307e-05,2.0901381889038384,-3.7593457147919063
0.0,all,,,,,,1.597473187489715,-3.391232089854085e-05,5.336189987914822,-0.9401118642509072
0.0,all,,,,,,1.6006116416891052,-3.3953510847079795e-06,3.2685908924365368,-0.153665872251305
0.0,all,,,,,,1.6037500958884958,1.625990460568942e-05,1.1617054013642494,2.070500257102961
0.0,all,,,,,,1.6068885500878862,3.364307044867e-05,4.6828692820853846,1.062764145129759
0.0,all,,,,,,1.6100270042872764,2.6364617152305524e-05,4.037785432969482,0.9658985994834138
0.0,all,,,,,,1.613165458486667,-3.1077873255165078e-06,5.3699208673764485,-0.08561240737829828
0.0,all,,,,,,1.6163039126860574,5.2211218153744935e-06,6.578996991471025,0.11739711982443504
0.0,all,,,,,,1.6194423668854476,-7.214636426929592e-07,2.897437739262161,-0.03683440354376311
0.0,all,,,,,,1.6225808210848385,-4.142872463991545e-05,3.7014048916944366,-1.6557252560695
0.0,all,,,,,,1.6257192752842287,-3.6046317110682216e-05,6.034263767247906,-0.8836695968638829
0.0,all,,,,,,1.628857729483619,2.9056500405743383e-07,6.06274302005598,0.007089693332490233
0.0,all,,,,,,1.6319961836830092,1.295621343694297e-05,6.506109669769698,0.29458458558651923
0.0,all,,,,,,1.6351346378823999,8.007843494906874e-07,3.3253041713805613,0.03562357522567881
0.0,all,,,,,,1.6382730920817903,-1.1885316334400957e-05,-1.378505274441027,1.2754270312220697
0.0,all,,,,,,1.6414115462811805,-2.155374083330131e-05,-0.6970220844094359,4.5743503276427
0.0,all,,,,,,1.644550000480571,-2.42751860673806e-05,1.7816360473142736,-2.0155653347577065
0.0,all,,,,,,1.6476884546799615,-1.9753902880580906e-05,4.790121952706679,-0.6100418760076174
0.0,all,,,,,,1.6508269088793517,-1.2334620542844458e-05,6.801096070130161,-0.2682873452281049
0.0,all,,,,,,1.6539653630787423,-2.0596272657690287e-06,4.0343214611914835,-0.07552164410835528
0.0,all,,,,,,1.6571038172781327,1.5668761341709945e-05,1.1187027492041777,2.07192134412124
0.0,all,,,,,,1.660242271477523,3.088087673596492e-05,3.29898587409619,1.3847216103036506
0.0,all,,,,,,1.6633807256769133,2.64766109364326e-05,7.862522830373232,0.4981427090321439
0.0,all,,,,,,1.666519179876304,1.6215197815105347e-05,9.710985854157942,0.24700869074129642
0.0,all,,,,,,1.6696576340756941,4.6236494324941436e-07,6.243599946279685,0.01095476672793723
0.0,all,,,,,,1.6727960882750845,-3.6588236173765375e-05,-0.19005159758080703,28.478902789276496
0.0,all,,,,,,1.6759345424744752,-6.843090483385256e-05,-0.29113241963014724,34.77082672246006
0.0,all,,,,,,1.6790729966738653,-5.473808262357672e-05,5.380991258560588,-1.5048062915261335
0.0,all,,,,,,1.6822114508732557,-1.0314303670485801e-05,6.142493158177516,-0.24839825252530087
0.0,all,,,,,,1.6853499050726464,2.3268052522996865e-05,3.0080346427343048,1.144275253713442
0.0,all,,,,,,1.6884883592720368,1.6380539666441976e-05,1.0423872593004893,2.324622383639765
0.0,all,,,,,,1.691626813471427,3.7354484567889564e-06,0.48979402858090637,1.128190832097518
0.0,all,,,,,,1.6947652676708176,1.6969067825125266e-05,0.4844160078003028,5.181945050274
0.0,all,,,,,,1.697903721870208,4.603771244620362e-05,2.0016104890346464,3.4024164688138154
0.0,all,,,,,,1.7010421760695982,3.863271384705119e-05,2.559511922181786,2.2328079226968347
0.0,all,,,,,,1.7041806302689886,-2.157723133658782e-05,0.8725886367584784,-3.657964351417118
0.0,all,,,,,,1.7073190844683792,-3.5781008789930665e-05,2.3034221402171005,-2.2979064693130162
0.0,all,,,,,,1.7104575386677694,1.829721471048249e-05,4.882898492450749,0.554320056176495
0.0,all,,,,,,1.7135959928671598,3.1397381607085115e-05,3.3642348208817463,1.380576364391191
0.0,all,,,,,,1.7167344470665504,-1.1733386530671957e-05,0.9431893382040808,-1.8402541211634105
0.0,all,,,,,,1.7198729012659406,-2.8932345038656534e-05,1.9410930087907985,-2.2049086152199853
0.0,all,,,,,,1.723011355465331,-1.934350133117588e-05,1.7242008996342126,-1.6595889113432116
0.0,all,,,,,,1.7261498096647216,-2.7899575604059156e-05,-0.2161163943723743,19.0969138016222
0.0,all,,,,,,1.7292882638641118,-3.0410714433948943e-05,1.3972471480993465,-3.219635410724573
0.0,all,,,,,,1.7324267180635022,-1.2087320295806279e-05,3.4700537988077746,-0.5152845564325421
0.0,all,,,,,,1.7355651722628924,-3.057903881660033e-05,2.3387078435512416,-1.9341990341516981
0.0,all,,,,,,1.7387036264622833,-3.2083615257249876e-05,0.9934020707158993,-4.777619326005175
0.0,all,,,,,,1.7418420806616735,1.6998760941211245e-05,2.5291722024189065,0.9942421493811593
0.0,all,,,,,,1.7449805348610639,4.94546512774304e-05,5.52723775044099,1.3235864181171222
0.0,all,,,,,,1.7481189890604545,4.911271182688297e-05,5.732879403707716,1.2672853457430964
0.0,all,,,,,,1.7512574432598447,3.860806562015124e-06,5.581560128580698,0.10232358299659744
0.0,all,,,,,,1.754395897459235,-1.2272295650191151e-05,5.930935747305471,-0.30609475940533903
0.0,all,,,,,,1.7575343516586257,3.763729099192619e-05,5.507482585357738,1.0109240492636329
0.0,all,,,,,,1.7606728058580159,6.619844696383569e-05,4.5520505466934065,2.1512655821275586
0.0,all,,,,,,1.7638112600574063,5.845564859781713e-05,1.707003391393452,5.065769253379264
0.0,all,,,,,,1.766949714256797,1.4826065476289141e-05,0.6264151443499388,3.5012003970462318
0.0,all,,,,,,1.770088168456187,-6.600185838969235e-06,2.518663592971717,-0.3876495672717217
0.0,all,,,,,,1.7732266226555775,2.01857222858334e-05,1.9955006527804025,1.496393192564648
0.0,all,,,,,,1.7763650768549677,9.392284982237411e-06,0.16773086361538025,8.283456244211132
0.0,all,,,,,,1.7795035310543583,-1.8182123963595929e-06,2.2944189641067227,-0.11722633705093204
0.0,all,,,,,,1.7826419852537487,1.924004626212645e-05,4.286014946784506,0.6640575744606186
0.0,all,,,,,,1.785780439453139,3.600367553953321e-05,4.517052106555878,1.1790848058002632
0.0,all,,,,,,1.7889188936525298,1.7374599186273904e-05,3.936716047640952,0.6528809670583711
0.0,all,,,,,,1.79205734785192,-1.6260531418618874e-05,3.209843137649787,-0.7493836779107905
0.0,all,,,,,,1.7951958020513104,-1.9509159246509492e-05,5.009426960533398,-0.5761078713144459
0.0,all,,,,,,1.798334256250701,-1.5308072991769695e-05,5.966413150513042,-0.37954257975320804
0.0,all,,,,,,1.8014727104500912,5.154541142058337e-06,3.291367978286335,0.23166844033656375
0.0,all,,,,,,1.8046111646494816,1.290627872738009e-05,3.064736414232678,0.6229615116744416
0.0,all,,,,,,1.8077496188488722,-6.092980506660004e-06,5.019088971967441,-0.17958009558122168
0.0,all,,,,,,1.8108880730482624,-2.5559583486355932e-05,2.915985472510675,-1.2966468831744724
0.0,all,,,,,,1.8140265272476528,-4.4478407320104745e-05,0.8991173979235377,-7.317894268829926
0.0,all,,,,,,1.817164981447043,-3.314654467656006e-05,1.5462320263843055,-3.1711508542423386
0.0,all,,,,,,1.8203034356464336,-4.926058014365389e-06,3.489268508249402,-0.20884228460376764
0.0,all,,,,,,1.823441889845824,1.5065609471251979e-05,5.004797697526474,0.44530080714924386
0.0,all,,,,,,1.8265803440452142,-2.5153919343346596e-07,5.168165327605256,-0.007199835434495157
0.0,all,,,,,,1.8297187982446048,-2.229367656855415e-05,4.865218331968585,-0.6778485412513848
0.0,all,,,,,,1.8328572524439952,9.633629490509825e-06,2.337695439163593,0.6096145357616769
0.0,all,,,,,,1.8359957066433854,1.1306657864914745e-05,0.9959683517966822,1.6793530852445349
0.0,all,,,,,,1.8391341608427763,-1.6503020008602943e-05,2.346868189916963,-1.0402267838007537
0.0,all,,,,,,1.8422726150421664,-4.0584482877336935e-06,2.069720098330297,-0.29006925778321435
0.0,all,,,,,,1.8454110692415568,-1.852841544535394e-05,2.213464195698207,-1.238280639057544
0.0,all,,,,,,1.848549523440947,-2.350928682011702e-05,3.0184403419747325,-1.1521530184127113
0.0,all,,,,,,1.8516879776403377,2.5671570383928716e-05,2.820332168494804,1.3464972763999463
0.0,all,,,,,,1.854826431839728,3.3390402978536313e-05,4.212433427628578,1.1725784655109026
0.0,all,,,,,,1.8579648860391182,9.084985288656419e-06,3.849877209076559,0.349084571279276
0.0,all,,,,,,1.8611033402385089,1.926200738898495e-05,0.16446742063077524,17.325068795634756
0.0,all,,,,,,1.8642417944378993,7.533154924142876e-06,0.5460349175050419,2.0408438993067888
0.0,all,,,,,,1.8673802486372895,-9.603065756494951e-06,2.978223024147171,-0.47698639287648886
0.0,all,,,,,,1.87051870283668,-1.3528605260739521e-05,2.9174357577247965,-0.6859698494700494
0.0,all,,,,,,1.8736571570360705,-3.266430531003934e-05,4.002973606378661,-1.2071020951097957
0.0,all,,,,,,1.8767956112354607,-2.975455188954589e-05,2.4650685651926847,-1.7855734288924918
0.0,all,,,,,,1.8799340654348513,-2.5309915301344206e-05,-0.4321997370707744,8.662824129012899
0.0,all,,,,,,1.8830725196342417,-2.350493840120564e-06,1.9393067065177,-0.17929406844124365
0.0,all,,,,,,1.886210973833632,2.8717007606256556e-05,4.593370647752002,0.924828056351563
0.0,all,,,,,,1.8893494280330223,1.3445488002820578e-05,3.6494183159725515,0.5450122027680163
0.0,all,,,,,,1.892487882232413,4.798685170804202e-07,2.5641274315007268,0.02768445364752562
0.0,all,,,,,,1.8956263364318031,1.1788412892343653e-05,1.8584034148781394,0.9383581880212649
0.0,all,,,,,,1.8987647906311935,8.446105516149241e-06,3.031764049703534,0.4121111908572378
0.0,all,,,,,,1.9019032448305841,-6.538640433466884e-07,4.901372657164531,-0.019734359528412276
0.0,all,,,,,,1.9050416990299746,-4.712888362769307e-06,4.902379317444373,-0.14221111619176505
0.0,all,,,,,,1.9081801532293647,-3.3809425735122477e-07,5.905193131791754,-0.008469484787193803
0.0,all,,,,,,1.9113186074287554,1.0900811600377396e-05,5.2468867338011576,0.30733388703479014
0.0,all,,,,,,1.9144570616281458,-6.622631305091975e-08,3.368754255033,-0.0029081349156891427
0.0,all,,,,,,1.917595515827536,-2.495112021116764e-05,2.4247333927002996,-1.5222267838558468
0.0,all,,,,,,1.9207339700269264,-4.19615708697902e-05,3.376835615377482,-1.8382099918150696
0.0,all,,,,,,1.923872424226317,-2.4346607756124066e-05,5.017653521280423,-0.7177795715503783
0.0,all,,,,,,1.9270108784257072,2.2460289306238093e-05,2.971467485021284,1.1181438197219837
0.0,all,,,,,,1.9301493326250976,1.906594551587618e-05,0.4676546345664665,6.030959457969288
0.0,all,,,,,,1.9332877868244882,-1.5017847848212282e-05,0.6173262623082336,-3.598705030251812
0.0,all,,,,,,1.9364262410238784,-8.624677140123728e-06,1.6972951150350974,-0.7516900286379414
0.0,all,,,,,,1.9395646952232688,-2.0657437195088524e-05,2.7393778122441588,-1.1155211562787273
0.0,all,,,,,,1.9427031494226594,-3.73785258263639e-05,1.2124086494453827,-4.56064688116741
0.0,all,,,,,,1.9458416036220496,-1.1566343033944729e-05,-1.0254105702399348,1.6685974768410625
0.0,all,,,,,,1.94898005782144,1.9385365725346813e-06,0.7138439864193975,0.40172050283179345
0.0,all,,,,,,1.9521185120208306,-6.860497879832715e-06,2.850101064635784,-0.356080899327969
0.0,all,,,,,,1.955256966220221,-2.593750166639058e-05,2.8427508624702633,-1.3497167765158975
0.0,all,,,,,,1.9583954204196112,-2.8825019970127056e-05,3.125346069763474,-1.3643468958051677
0.0,all,,,,,,1.9615338746190016,-1.3951954696619649e-05,5.181885341672917,-0.3982910635174331
0.0,all,,,,,,1.9646723288183923,-1.4860749095379307e-05,4.809932779773115,-0.4570408289782034
0.0,all,,,,,,1.9678107830177824,-1.74810312151645e-06,2.0071186976049415,-0.12883898527156287
0.0,all,,,,,,1.9709492372171729,7.721116050152021e-06,3.5836724002237275,0.3187168923210044
0.0,all,,,,,,1.9740876914165635,2.864962966597343e-07,6.3742473877728365,0.0066488020302803855
0.0,all,,,,,,1.9772261456159537,1.559959985108304e-05,3.468871535834955,0.6652402921891695
0.0,all,,,,,,1.980364599815344,2.591942909348008e-05,0.23159081726286934,16.556075574654272
0.0,all,,,,,,1.9835030540147347,1.4646184548246842e-05,2.3740251650539483,0.9126252658423522
0.0,all,,,,,,1.9866415082141249,1.4412536848140046e-05,5.649584284186647,0.3773785770565184
0.0,all,,,,,,1.9897799624135153,1.058294254969438e-05,5.285500633547138,0.29619219717359935
0.0,all,,,,,,1.9929184166129055,-1.3400906210784004e-05,1.8145799046380455,-1.0924746661708402
0.0,all,,,,,,1.996056870812296,-1.735680250385843e-05,0.9306278690902859,-2.758969960141183
0.0,all,,,,,,1.9991953250116865,-6.865676320687241e-06,2.909093032949045,-0.34912344855058086
0.0,all,,,,,,2.0023337792110767,-3.6565281964494016e-06,4.942858869917226,-0.10943192030594233
0.0,all,,,,,,2.0054722334104675,-4.435431387217952e-06,3.760854895223689,-0.17446270109168435
0.0,all,,,,,,2.008610687609858,5.76851314584925e-06,-0.5339259584483507,-1.5982185048634732
0.0,all,,,,,,2.011749141809248,1.6851891014040017e-05,1.788305231511399,1.3939920558157268
0.0,all,,,,,,2.0148875960086388,-6.872220620327282e-08,5.061216798443384,-0.0020086092415425288
0.0,all,,,,,,2.018026050208029,-1.8649194516180805e-05,2.3422019754095222,-1.1778474333971527
0.0,all,,,,,,2.021164504407419,-6.718365895846722e-06,0.6605326973123926,-1.5046054690356045
0.0,all,,,,,,2.02430295860681,2.645727272567123e-05,0.5546746419157373,7.056024279326023
0.0,all,,,,,,2.0274414128062004,4.0659819430892205e-05,1.1987024892259275,5.017730622955404
0.0,all,,,,,,2.0305798670055903,1.4569301552761678e-05,2.1761121476406386,0.990400299693336
0.0,all,,,,,,2.0337183212049808,-8.709495969462105e-06,2.564153723857874,-0.5024608960622882
0.0,all,,,,,,2.0368567754043716,2.6665374909117103e-06,2.771153930301417,0.1423443874414602
0.0,all,,,,,,2.0399952296037616,2.5851131295794326e-05,3.9525566807862544,0.9675084147634734
0.0,all,,,,,,2.043133683803152,3.389736545000673e-05,6.370053060187746,0.7871838940271132
0.0,all,,,,,,2.046272138002543,7.532396721444571e-06,5.095851281273221,0.2186602019040431
0.0,all,,,,,,2.049410592201933,-2.6723313515097697e-05,2.2210672690529374,-1.7798438354072885
0.0,all,,,,,,2.052549046401323,-3.0010286783304287e-05,2.7164573985380382,-1.6342577425955513
0.0,all,,,,,,2.055687500600714,-1.992306157002308e-05,1.9998547739241814,-1.473706238838991
0.0,all,,,,,,2.0588259548001044,-9.595361941261854e-06,1.2853533816433629,-1.104312837312373
0.0,all,,,,,,2.0619644089994944,9.539446562220028e-06,3.36795712179373,0.4189960510259262
0.0,all,,,,,,2.065102863198885,1.795962704894905e-05,2.96764512804479,0.895238294615226
0.0,all,,,,,,2.0682413173982757,1.5289273138323244e-05,0.06719078738840079,33.66126344875059
0.0,all,,,,,,2.0713797715976656,1.9095884699726312e-05,1.6214659321751546,1.7421488535148995
0.0,all,,,,,,2.074518225797056,1.552380061320026e-05,5.729669147632825,0.40079455722186746
0.0,all,,,,,,2.077656679996447,-1.1360546730771214e-05,7.2459366657725734,-0.23193057400742567
0.0,all,,,,,,2.080795134195837,-2.5273299104939144e-05,5.910136519976639,-0.6325833085431285
0.0,all,,,,,,2.0839335883952272,-1.6663684713858975e-05,2.55231893929904,-0.9658048919668912
0.0,all,,,,,,2.087072042594618,-1.7975346681667135e-05,1.0430580887285843,-2.5493066796985087
0.0,all,,,,,,2.090210496794008,-9.272688614541333e-07,1.4794156628551791,-0.09271900613416592
0.0,all,,,,,,2.0933489509933985,2.2520012161663527e-05,2.155993973175913,1.5451632923170515
0.0,all,,,,,,2.0964874051927893,1.0869031486298288e-05,2.128095376761334,0.7555323468959086
0.0,all,,,,,,2.0996258593921793,-2.8644329838274097e-06,2.112928282038987,-0.20054286438269123
0.0,all,,,,,,2.1027643135915697,-6.779375757872084e-06,2.4896287615057027,-0.4028175814313322
0.0,all,,,,,,2.10590276779096,-2.0966965109209986e-05,2.022583316892405,-1.5334953233674076
0.0,all,,,,,,2.1090412219903505,-3.024046729294852e-05,2.100067226288621,-2.13014224080182
0.0,all,,,,,,2.112179676189741,-1.5946799754884838e-05,2.342494253394066,-1.0070436856622487
0.0,all,,,,,,2.1153181303891313,7.867875700139226e-06,3.569769053126981,0.32603984195305236
0.0,all,,,,,,2.118456584588522,1.3901480789061505e-05,4.572536032266166,0.4497355635639728
0.0,all,,,,,,2.121595038787912,1.999953544109827e-05,2.9859204286755996,0.9908204959225999
0.0,all,,,,,,2.1247334929873025,2.6310435506004114e-05,2.942927213796508,1.3225186950049233
0.0,all,,,,,,2.1278719471866934,5.292709683730986e-06,4.043970119409481,0.1936080624653976
0.0,all,,,,,,2.1310104013860833,-7.412303550940812e-06,2.028352182786317,-0.5405839367703398
0.0,all,,,,,,2.1341488555854737,-1.5455380999047965e-06,0.9629095630949718,-0.2374365207265794
0.0,all,,,,,,2.137287309784864,6.517045579181158e-06,3.0141999657955867,0.3198394293212825
0.0,all,,,,,,2.1404257639842545,2.7986246368774688e-05,5.817254556720862,0.7116720152299905
0.0,all,,,,,,2.143564218183645,2.1824298397373352e-05,6.550387343511051,0.49286345053859265
0.0,all,,,,,,2.1467026723830354,-2.169221403479141e-05,4.05536475297836,-0.791274668755668
0.0,all,,,,,,2.1498411265824258,-3.701625010685781e-05,1.8382559311057467,-2.9787890523668907
0.0,all,,,,,,2.152979580781816,-1.567294503470302e-05,0.22970712891771372,-10.093213058832827
0.0,all,,,,,,2.1561180349812066,-2.6920690571439506e-07,0.3450316378830349,-0.11541986991924656
0.0,all,,,,,,2.159256489180597,-5.9717498379972544e-06,1.6018181128636453,-0.5514951662458177
0.0,all,,,,,,2.1623949433799874,1.4980997592151025e-06,2.637949261466945,0.08400934530984808
0.0,all,,,,,,2.165533397579378,1.1109731749557715e-05,3.5205147235642245,0.46682135178756173
0.0,all,,,,,,2.1686718517787686,1.0357634100352111e-07,3.897401388620005,0.003931323055451911
0.0,all,,,,,,2.1718103059781586,-3.855847897253403e-06,3.4797493909572674,-0.16391746551041647
0.0,all,,,,,,2.174948760177549,-5.844048259477234e-06,1.7751465857993871,-0.48700439012293484
0.0,all,,,,,,2.1780872143769394,-3.559300277778508e-06,1.6268229972073232,-0.32365150396472303
0.0,all,,,,,,2.18122566857633,-1.1958097251143206e-05,3.6882385712983634,-0.479619000590754
0.0,all,,,,,,2.1843641227757202,-3.5333247550040574e-05,3.7164160196007647,-1.4064119141104583
0.0,all,,,,,,2.1875025769751106,-3.258978076435566e-05,0.6074389095248349,-7.936556928206333
0.0,all,,,,,,2.190641031174501,-1.005667027327536e-05,1.8650697728723795,-0.7976501142138357
0.0,all,,,,,,2.1937794853738914,4.034404836105974e-06,5.134159309068446,0.11624209791736839
0.0,all,,,,,,2.196917939573282,8.91934176460975e-06,3.9128059580322985,0.33720794470045995
0.0,all,,,,,,2.2000563937726723,-1.1472273704448166e-07,3.048819461409783,-0.005566357504675927
0.0,all,,,,,,2.2031948479720627,3.3931586900489956e-06,4.0328812428321115,0.12446350922793385
0.0,all,,,,,,2.206333302171453,2.2873226315879583e-05,2.4330430198481166,1.3906919576573864
0.0,all,,,,,,2.2094717563708435,2.774651467970933e-06,1.0476647000448285,0.3917774461331506
0.0,all,,,,,,2.212610210570234,-1.5988290854959976e-05,2.7523102707901597,-0.8593260027326419
0.0,all,,,,,,2.2157486647696243,-9.507756402975517e-06,2.319799451836865,-0.6062907030877939
0.0,all,,,,,,2.2188871189690147,1.6647640056906329e-06,2.856815192235158,0.08620328868891834
0.0,all,,,,,,2.222025573168405,1.3505413733524054e-05,4.902409513425287,0.4075225178153075
0.0,all,,,,,,2.2251640273677955,1.1093482196099805e-05,3.1019201603943283,0.5290425211770523
0.0,all,,,,,,2.228302481567186,2.53501325714991e-06,0.7590970231742946,0.4940105805562449
0.0,all,,,,,,2.2314409357665763,-8.329483683881434e-06,3.029232330574551,-0.40676052812109864
0.0,all,,,,,,2.2345793899659667,-1.1266101160327541e-06,5.289683650136193,-0.03150628888439979
0.0,all,,,,,,2.237717844165357,6.660574581598205e-06,1.6593650077745838,0.5937765911979529
0.0,all,,,,,,2.2408562983647475,-1.6570075443900797e-05,1.3173915484601846,-1.8606424150496967
0.0,all,,,,,,2.243994752564138,-4.20987822279861e-05,4.36001763705984,-1.4283498429373587
0.0,all,,,,,,2.2471332067635283,-4.0266975279905863e-05,3.038053288447991,-1.9606809303065462
0.0,all,,,,,,2.2502716609629188,-2.7530180575906383e-05,2.2926606456709573,-1.7763256534291583
0.0,all,,,,,,2.253410115162309,-1.45097861500026e-05,2.058296426801642,-1.0428129017657097
0.0,all,,,,,,2.2565485693616996,1.0192011729820855e-06,0.7973376917724002,0.18909102861065777
0.0,all,,,,,,2.25968702356109,1.8647842831005355e-05,0.8284768747655362,3.329672457769221
0.0,all,,,,,,2.2628254777604804,3.439914263609273e-05,2.0438246908365607,2.48975882828116
0.0,all,,,,,,2.265963931959871,2.3900613333946644e-05,2.973165689499759,1.189168064511237
0.0,all,,,,,,2.269102386159261,-2.8921969706876127e-06,2.3678968744978137,-0.18068345508247402
0.0,all,,,,,,2.2722408403586516,-1.824405367263962e-05,3.132166877388045,-0.8616477389089533
0.0,all,,,,,,2.275379294558042,-1.1894915136520794e-05,3.824593029952357,-0.46007583475311375
0.0,all,,,,,,2.2785177487574324,-1.4362812209482654e-07,2.2118869191054067,-0.009605718737234661
0.0,all,,,,,,2.281656202956823,6.713101812271847e-06,1.8058765967566681,0.5499060124310786
0.0,all,,,,,,2.284794657156213,8.460314795188028e-06,2.1550324523776396,0.5807457126204906
0.0,all,,,,,,2.2879331113556036,-2.65370810720629e-06,3.1686248096099647,-0.12388982428526334
0.0,all,,,,,,2.291071565554994,-2.013014532400559e-05,3.960252778046462,-0.7519298174674751
0.0,all,,,,,,2.2942100197543844,-3.2364218841698984e-05,3.0353490426436336,-1.5772836238166783
0.0,all,,,,,,2.297348473953775,-2.037306170123416e-05,2.5785933404356363,-1.168763789385282
0.0,all,,,,,,2.3004869281531652,-1.712919357681687e-07,1.8573236398483486,-0.01364277243289523
0.0,all,,,,,,2.3036253823525557,2.724860229394417e-06,1.9517801677042768,0.2065221480474264
0.0,all,,,,,,2.306763836551946,2.688630209156606e-06,3.0187733450758074,0.1317509851973618
0.0,all,,,,,,2.3099022907513365,8.05599044306094e-06,3.1268280841661102,0.38112570646837984
0.0,all,,,,,,2.313040744950727,1.9112574989161687e-05,4.258687660609006,0.6638909020332396
0.0,all,,,,,,2.3161791991501173,1.9793604383500886e-05,4.769782921502627,0.6138744747743277
0.0,all,,,,,,2.3193176533495077,5.4431582092127e-06,2.7849358865078626,0.2891272730634603
0.0,all,,,,,,2.3224561075488976,-5.072216812945938e-06,2.477242447269729,-0.30288837159888404
0.0,all,,,,,,2.3255945617482885,-1.8062003716802278e-05,2.2899646146718604,-1.1667839860180331
0.0,all,,,,,,2.328733015947679,-2.6980044017558037e-05,1.3448408438502506,-2.9677346505937385
0.0,all,,,,,,2.331871470147069,-1.4612842309748095e-05,2.823344079003357,-0.7656392572368553
0.0,all,,,,,,2.3350099243464597,1.5825271385938392e-06,3.237641069942872,0.07230623860510667
0.0,all,,,,,,2.33814837854585,-2.9925770793155714e-07,1.88887173375777,-0.023436684934546603
0.0,all,,,,,,2.3412868327452405,-5.076782299757055e-06,2.649389887147732,-0.28346273322162524
0.0,all,,,,,,2.344425286944631,-8.691933675855499e-06,2.8380581622029597,-0.4530523801196561
0.0,all,,,,,,2.3475637411440213,-8.758004455228753e-06,1.7240877148844291,-0.751448303963971
0.0,all,,,,,,2.3507021953434117,3.7442116701582866e-06,2.4591234861108466,0.22523369368315654
0.0,all,,,,,,2.353840649542802,6.424324173899365e-06,3.0698030188015792,0.30957810872112945
0.0,all,,,,,,2.3569791037421925,-6.555021940917091e-06,3.235430874680481,-0.299705924641822
0.0,all,,,,,,2.360117557941583,-1.619746280882076e-05,2.568434698045443,-0.9328928556472404
0.0,all,,,,,,2.363256012140973,-1.1027679447634578e-05,2.3401041869497563,-0.6971114948018424
0.0,all,,,,,,2.3663944663403638,-1.5171754228249098e-06,3.817397079245514,-0.05879247809087097
0.0,all,,,,,,2.369532920539754,4.9383407048228096e-06,3.5880707912623153,0.20359792640707006
0.0,all,,,,,,2.372671374739144,6.603296966077133e-06,2.7742810548860803,0.3520980962262931
0.0,all,,,,,,2.375809828938535,9.325317161698695e-06,2.1132551722158706,0.6527771967012697
0.0,all,,,,,,2.3789482831379254,1.1609150001251288e-05,0.9351327215735021,1.8364557695641743
0.0,all,,,,,,2.3820867373373154,-6.571495608873988e-06,2.193277568230841,-0.44322467394068393
0.0,all,,,,,,2.385225191536706,-1.550854541531213e-05,3.7906485191918904,-0.6052166301781651
0.0,all,,,,,,2.3883636457360966,-8.001513973149961e-06,3.619012360278649,-0.32706600457610147
0.0,all,,,,,,2.391502099935487,-5.062216676276953e-06,3.444261994895739,-0.2174191806142485
0.0,all,,,,,,2.394640554134877,1.938025686730843e-06,2.3131112777745306,0.12394137415672757
0.0,all,,,,,,2.397779008334268,1.3619280864375383e-06,2.69351595740759,0.0747976455405071
0.0,all,,,,,,2.4009174625336582,-7.570394479034921e-07,4.4993937449764845,-0.02488959410018863
0.0,all,,,,,,2.404055916733048,-1.957202497110119e-07,4.721299122519403,-0.006132358681383952
0.0,all,,,,,,2.407194370932439,1.4794529307157235e-07,3.033842022288429,0.007213756755488713
0.0,all,,,,,,2.4103328251318294,2.829814687142404e-07,0.9718330224633631,0.04307444081790339
0.0,all,,,,,,2.4134712793312194,-2.090709497745883e-06,1.3848583570227224,-0.2233272098569674
0.0,all,,,,,,2.4166097335306103,1.0720125748307125e-06,2.0332551974295514,0.0779940176911105
0.0,all,,,,,,2.4197481877300007,-6.222337247025242e-06,2.2989770917944097,-0.40037984418461
0.0,all,,,,,,2.4228866419293906,-1.6165478043315696e-05,2.7182947671770052,-0.879721704463781
0.0,all,,,,,,2.4260250961287815,-4.842259159897885e-06,2.8475007759311195,-0.2515576229747938
0.0,all,,,,,,2.429163550328172,1.0052760001734202e-05,3.3587065467424186,0.44275814338560554
0.0,all,,,,,,2.432302004527562,1.39619847900363e-05,3.32705047925232,0.6207847997106836
0.0,all,,,,,,2.4354404587269523,1.4253942626279135e-05,3.755019645986322,0.5615340512728895
0.0,all,,,,,,2.438578912926343,2.8984415561324137e-06,2.983830654169401,0.14369566959419938
0.0,all,,,,,,2.4417173671257335,-1.28200420598752e-05,1.482335698741883,-1.2793700695642956
0.0,all,,,,,,2.4448558213251235,-1.3570350325562309e-05,2.340801898891503,-0.8575899882697515
0.0,all,,,,,,2.4479942755245143,-6.4423085183219995e-06,3.0788868504285554,-0.30952882161097806
0.0,all,,,,,,2.4511327297239047,-6.865122140968107e-06,3.397492133304146,-0.2989118363554821
0.0,all,,,,,,2.4542711839232947,-1.3508439064716911e-05,3.289987242854841,-0.6073852738525902
0.0,all,,,,,,2.4574096381226855,-2.1309457692086764e-06,2.0005253698791217,-0.15757294000384053
0.0,all,,,,,,2.460548092322076,6.011638747632769e-06,1.8172469720025304,0.48936423415622715
0.0,all,,,,,,2.463686546521466,-9.871113682784358e-06,2.4281872281630092,-0.6013638077967943
0.0,all,,,,,,2.4668250007208563,-1.1279695137249268e-05,2.9309270535329244,-0.5693058628678849
0.0,all,,,,,,2.469963454920247,-3.2596835104426543e-06,3.569271919717346,-0.13509805741177303
0.0,all,,,,,,2.473101909119637,-7.189029862652733e-06,2.3352129397483044,-0.45540427509293485
0.0,all,,,,,,2.4762403633190275,-9.343121021678607e-06,-0.32157875128379887,4.297916105506023
0.0,all,,,,,,2.4793788175184184,-8.062874495809346e-06,1.034043475563081,-1.1534649574881464
0.0,all,,,,,,2.4825172717178083,-6.11564953084766e-06,4.058914424006187,-0.22288764648764353
0.0,all,,,,,,2.4856557259171987,-4.43511061689697e-06,3.0358208697313334,-0.21611336121480593
0.0,all,,,,,,2.4887941801165896,2.578657178224289e-06,2.069587958641597,0.18431599433424892
0.0,all,,,,,,2.49193263431598,8.296138194446173e-06,3.588864470766044,0.3419575712243874
0.0,all,,,,,,2.49507108851537,-2.6391707582182297e-06,4.405196686507936,-0.08862484544034131
0.0,all,,,,,,2.498209542714761,-1.3081846608493895e-05,2.2088056315485423,-0.876122544193173
0.0,all,,,,,,2.501347996914151,-7.662047525612376e-06,0.4925655350761624,-2.30109275287297
0.0,all,,,,,,2.504486451113541,4.925889628352024e-06,1.8290760380497812,0.39838797432508843
0.0,all,,,,,,2.5076249053129316,6.902924622858644e-06,2.948914154909069,0.3462775252339063
0.0,all,,,,,,2.5107633595123224,6.166385026824424e-06,2.2590478621829844,0.4037927435783285
0.0,all,,,,,,2.5139018137117124,8.227715065831079e-06,1.0803499966105115,1.1265956561366264
0.0,all,,,,,,2.517040267911103,-3.1950699610922418e-06,3.0141689538520113,-0.15680723031953855
0.0,all,,,,,,2.5201787221104937,-1.2161280162067525e-05,4.797238432331886,-0.37500865685756046
0.0,all,,,,,,2.5233171763098836,-5.807959974229168e-06,3.0381649874100454,-0.2827909873958278
0.0,all,,,,,,2.526455630509274,1.3747864310376256e-06,1.283230217463844,0.15848346699945454
0.0,all,,,,,,2.529594084708665,4.726500054637139e-06,1.3911590593022058,0.5025927078142076
0.0,all,,,,,,2.532732538908055,3.075843187871297e-06,2.8937449730282157,0.15723790208858912
0.0,all,,,,,,2.5358709931074452,-8.175245773322757e-06,2.902864074553091,-0.4166078233662431
0.0,all,,,,,,2.5390094473068356,-1.4147057357048919e-05,1.3765599844887448,-1.5202824342142585
0.0,all,,,,,,2.542147901506226,-8.883489746981335e-06,2.1887632584657704,-0.6003964554564571
0.0,all,,,,,,2.5452863557056165,-3.989138591311896e-06,3.728374584136864,-0.1582752069978559
0.0,all,,,,,,2.548424809905007,-9.183354386322036e-07,2.708212847923189,-0.050161654676316156
0.0,all,,,,,,2.5515632641043977,6.760883487588081e-06,2.3379860961831462,0.42777444017436295
0.0,all,,,,,,2.5547017183037877,1.0625043791780954e-05,3.366228038530845,0.4669178743131906
0.0,all,,,,,,2.557840172503178,-1.432007631257373e-06,3.111330265878097,-0.068085169464023
0.0,all,,,,,,2.560978626702569,-4.686385167375347e-06,2.43503225560689,-0.28469940884696693
0.0,all,,,,,,2.564117080901959,1.7580880428873057e-06,3.1173485782561126,0.08342737078151086
0.0,all,,,,,,2.5672555351013493,1.5851476861729189e-06,3.186657882846955,0.07358471204282815
0.0,all,,,,,,2.57039398930074,3.3530440990029374e-06,2.1285100806785784,0.2330326951154382
0.0,all,,,,,,2.57353244350013,-3.4432759840874416e-06,1.985597806984925,-0.2565274553002789
0.0,all,,,,,,2.5766708976995205,-1.596340203785637e-05,2.9115221432085954,-0.8110705979373586
0.0,all,,,,,,2.579809351898911,-1.761552319012861e-05,3.116405817806812,-0.836170504774808
0.0,all,,,,,,2.5829478060983013,-9.107623072701287e-06,1.954282256275301,-0.6893996582654207
0.0,all,,,,,,2.5860862602976917,1.0959853141381401e-06,1.5373979060832927,0.10545611153007321
0.0,all,,,,,,2.589224714497082,1.294598689297871e-06,2.2971328102079305,0.08336857189875001
0.0,all,,,,,,2.5923631686964725,-5.814558104849897e-07,2.4770500643553266,-0.03472443871297088
0.0,all,,,,,,2.595501622895863,5.141623474008048e-06,1.6144913482983843,0.47110514978254237
0.0,all,,,,,,2.5986400770952534,5.073001905485854e-06,2.0948818939206824,0.3582273879194012
0.0,all,,,,,,2.601778531294644,-1.4518075814283527e-06,2.9756619542845324,-0.07217366704349833
0.0,all,,,,,,2.604916985494034,-4.3816503054751215e-06,2.408341825735908,-0.26913667951335957
0.0,all,,,,,,2.6080554396934246,-2.7982148508758567e-06,2.602242226339214,-0.15906939943098586
0.0,all,,,,,,2.6111938938928154,2.4174800601830144e-06,3.142167890241608,0.11381167589065382
0.0,all,,,,,,2.6143323480922054,5.279158214558357e-06,1.9988665094941727,0.3906917048109447
0.0,all,,,,,,2.617470802291596,2.2413341529874094e-06,1.855441287253211,0.17869512171187052
0.0,all,,,,,,2.620609256490986,-4.658781416598969e-06,3.3804682703571824,-0.20386786489094808
0.0,all,,,,,,2.6237477106903766,-4.840630083450372e-06,3.894093571406555,-0.18388606381466654
0.0,all,,,,,,2.626886164889767,-1.8041990428502467e-06,3.156005624287248,-0.08456681682699325
0.0,all,,,,,,2.6300246190891574,-6.225914203117958e-06,2.8343244106108307,-0.32494277008848904
0.0,all,,,,,,2.633163073288548,-5.304938521573481e-06,3.1084377667299226,-0.2524593632103616
0.0,all,,,,,,2.6363015274879382,9.81781382324152e-07,2.7171892511279903,0.05345006139567976
0.0,all,,,,,,2.6394399816873286,-2.8311224068756314e-07,3.787923349088989,-0.011056324301684352
0.0,all,,,,,,2.642578435886719,-2.1925057115987454e-06,3.6322922615592863,-0.08929214421155973
0.0,all,,,,,,2.6457168900861094,4.253022464717896e-07,1.3819685616696558,0.045525300102147365
0.0,all,,,,,,2.6488553442855,-6.472926406598591e-07,2.6721735479067266,-0.03583350687871589
0.0,all,,,,,,2.6519937984848903,-3.133774973441616e-06,4.913427860268624,-0.09434883195331036
0.0,all,,,,,,2.6551322526842807,-1.0048769513187227e-06,4.085379680585711,-0.036385953866666855
0.0,all,,,,,,2.658270706883671,-6.624777411576139e-06,1.7835456017082871,-0.5494654342331005
0.0,all,,,,,,2.6614091610830615,-1.2650664632345507e-05,0.2781367690389138,-6.728344835559692
0.0,all,,,,,,2.664547615282452,-5.5292639064934135e-06,1.099074818670081,-0.7442063395609959
0.0,all,,,,,,2.6676860694818423,-4.179131813420347e-06,3.100122872605479,-0.19941621371261753
0.0,all,,,,,,2.6708245236812327,-7.790487941710201e-06,3.004286843197302,-0.3835982064233278
0.0,all,,,,,,2.673962977880623,-4.625401873556001e-06,2.3265985495587547,-0.2940907216304205
0.0,all,,,,,,2.6771014320800135,-1.5872221558661554e-06,2.5589596043053193,-0.0917545460695217
0.0,all,,,,,,2.680239886279404,-1.2616959804163823e-06,2.2802099855792792,-0.08185273216139466
0.0,all,,,,,,2.6833783404787943,8.900686618357656e-07,2.96350445094678,0.04442948002590635
0.0,all,,,,,,2.6865167946781847,3.733942619371688e-06,4.41926211851794,0.1249888241143615
0.0,all,,,,,,2.689655248877575,6.944469737985764e-07,2.939200523342956,0.03495128742051778
0.0,all,,,,,,2.6927937030769655,-5.866338185991673e-06,0.7367499602694458,-1.1778779146267313
0.0,all,,,,,,2.695932157276356,-6.105638008701673e-06,2.404830309157872,-0.3755778049792955
0.0,all,,,,,,2.6990706114757463,-1.5687106018835754e-06,3.39338604057594,-0.06838531737000318
0.0,all,,,,,,2.7022090656751367,6.540286167561824e-07,1.82902841128013,0.05289682477398953
0.0,all,,,,,,2.705347519874527,1.9157768379341876e-08,1.1709707433315457,0.002420205134387102
0.0,all,,,,,,2.7084859740739176,-1.5913733779911556e-06,1.4924034581175554,-0.15773902273945284
0.0,all,,,,,,2.711624428273308,1.5292342593292353e-06,2.1524284993238543,0.10509900132369242
0.0,all,,,,,,2.7147628824726984,4.124302066893872e-06,2.5517815184294155,0.23908937800635044
0.0,all,,,,,,2.7179013366720888,-3.154975065556996e-07,2.6747986012669434,-0.017448502013692798
0.0,all,,,,,,2.721039790871479,-1.71712973704871e-06,3.155996632618569,-0.08048591436569111
0.0,all,,,,,,2.7241782450708696,-5.634011303609682e-07,3.587976221493487,-0.023228515835799404
0.0,all,,,,,,2.72731669927026,-3.7059315289100145e-06,3.626114398841537,-0.1511851703814648
0.0,all,,,,,,2.7304551534696504,-6.723311214413088e-06,2.7991021116568713,-0.3553184647005572
0.0,all,,,,,,2.733593607669041,-7.4976027075974985e-06,2.0942485994704927,-0.5295994118597497
0.0,all,,,,,,2.736732061868431,-7.24525934103008e-06,2.4708572469303314,-0.4337700721154215
0.0,all,,,,,,2.7398705160678216,-5.645840101752394e-06,1.8702295723762261,-0.44656734089796635
0.0,all,,,,,,2.743008970267212,-2.4806521105681126e-06,1.1768077415887501,-0.3118269522007056
0.0,all,,,,,,2.7461474244666024,-7.99242429002727e-07,2.0645014537420647,-0.05726860997670717
0.0,all,,,,,,2.749285878665993,-1.6299394544920732e-06,3.6555108033809445,-0.06595940126779018
0.0,all,,,,,,2.7524243328653832,-8.249462886153014e-07,3.9101734814245863,-0.03120922261555866
0.0,all,,,,,,2.7555627870647736,5.153907453164032e-07,2.6358601358796583,0.028924613061389562
0.0,all,,,,,,2.758701241264164,-1.4524111682289332e-06,2.301631327642218,-0.09334845269545591
0.0,all,,,,,,2.7618396954635545,-6.62681372339485e-06,2.523821559047288,-0.3884180656758523
0.0,all,,,,,,2.7649781496629444,-7.756577167233747e-06,2.3109482940794077,-0.4965159371217795
0.0,all,,,,,,2.7681166038623353,-1.6395288314126145e-06,2.849460700084996,-0.08511570304986067
0.0,all,,,,,,2.7712550580617257,2.698847053495161e-06,3.6135256937159417,0.1104842648555858
0.0,all,,,,,,2.774393512261116,2.8134011822249646e-06,2.844761212725248,0.1462982569420347
0.0,all,,,,,,2.7775319664605065,1.1620193955623234e-06,1.8553073688708306,0.0926511494399461
0.0,all,,,,,,2.780670420659897,-3.2752443192683586e-06,2.1870360791069086,-0.22153434145574571
0.0,all,,,,,,2.7838088748592873,-6.736502451033507e-06,2.9188532360850705,-0.3414094339853032
0.0,all,,,,,,2.7869473290586777,-5.8641662259157505e-06,3.084583481272273,-0.2812309072525021
0.0,all,,,,,,2.790085783258068,-4.0805154433377226e-06,2.654031349677264,-0.22743760918492786
0.0,all,,,,,,2.7932242374574585,-3.5130965996270046e-06,2.3244626808704556,-0.22357375335622007
0.0,all,,,,,,2.7963626916568485,-4.376940153039346e-06,2.3629084647176355,-0.2740166890372014
0.0,all,,,,,,2.7995011458562393,-5.54048928903964e-06,2.8861152098959666,-0.28398000344689217
0.0,all,,,,,,2.8026396000556297,-3.954940728021455e-06,2.9299719384618816,-0.19967781802736234
0.0,all,,,,,,2.8057780542550197,-1.8707560899704086e-06,2.2004034075571615,-0.1257674231975942
0.0,all,,,,,,2.8089165084544105,-1.3040104871347233e-06,1.9230286028084347,-0.100311019479168
0.0,all,,,,,,2.812054962653801,-1.1502318015429169e-06,2.1928134452805272,-0.07759558102425314
0.0,all,,,,,,2.815193416853191,-3.5850587512528086e-06,2.6557636680643792,-0.19969176518904594
0.0,all,,,,,,2.8183318710525818,-5.274611150552985e-06,2.8978284447256426,-0.26925952883774285
0.0,all,,,,,,2.821470325251972,-2.040797963132221e-06,3.1535116281605564,-0.09573238516597862
0.0,all,,,,,,2.8246087794513626,-1.5103903828518104e-06,3.3971278145129045,-0.06577042201743026
0.0,all,,,,,,2.827747233650753,-4.395326737912078e-06,2.8820854741019497,-0.22559922974086838
0.0,all,,,,,,2.8308856878501434,-3.736260917918988e-06,2.2672978853772454,-0.24377093225525756
0.0,all,,,,,,2.834024142049534,-2.9845370510912193e-06,2.418476486514534,-0.18255276254811634
0.0,all,,,,,,2.8371625962489238,-3.7241739773968466e-06,2.1095123597389573,-0.26115671127614476
0.0,all,,,,,,2.8403010504483146,-2.9850522798756413e-06,1.4758550404629016,-0.2991999681135299
0.0,all,,,,,,2.843439504647705,-2.9098967016240495e-06,2.1098204682332717,-0.20402593416712786
0.0,all,,,,,,2.846577958847095,-3.4464455333294666e-06,2.9308333933921666,-0.1739536686241472
0.0,all,,,,,,2.849716413046486,-2.5142876684321693e-06,2.937667489045868,-0.1266093072183818
0.0,all,,,,,,2.8528548672458762,-1.852536252381093e-06,2.8272938846191664,-0.0969279585003747
0.0,all,,,,,,2.855993321445266,-2.8266315543599645e-06,2.802576085636468,-0.14919871921490563
0.0,all,,,,,,2.859131775644657,-3.420694263163587e-06,2.80274710582256,-0.1805442454524356
0.0,all,,,,,,2.8622702298440474,-2.7697754842644265e-06,2.713900835044017,-0.15097460302594398
0.0,all,,,,,,2.8654086840434374,-1.8579429137310391e-06,2.3572171485084263,-0.11659665146483697
0.0,all,,,,,,2.868547138242828,-1.4505269709152298e-06,2.1602610984357904,-0.09932826909343942
0.0,all,,,,,,2.8716855924422187,-2.0300794343528307e-06,2.880061186148917,-0.1042712599566792
0.0,all,,,,,,2.874824046641609,-3.1088458727460143e-06,3.1905254921837445,-0.1441419113686938
0.0,all,,,,,,2.877962500840999,-3.819289060021623e-06,2.2090301606841436,-0.2557609211571914
0.0,all,,,,,,2.88110095504039,-4.300195142529868e-06,1.839517034232541,-0.3458100849062016
0.0,all,,,,,,2.8842394092397803,-4.235922957878592e-06,2.4491239106391256,-0.25585304992096836
0.0,all,,,,,,2.8873778634391702,-3.1808147121701843e-06,2.83185593790616,-0.1661577181370116
0.0,all,,,,,,2.890516317638561,-2.3716971350667114e-06,2.4120386518023116,-0.1454548712133687
0.0,all,,,,,,2.8936547718379515,-1.7551980165842098e-06,2.4546240954831,-0.10577777570394023
0.0,all,,,,,,2.8967932260373415,-1.0065855008480377e-06,3.0069142597479535,-0.04952026154922806
0.0,all,,,,,,2.8999316802367323,-2.204900399469247e-06,2.7194886892089327,-0.11993750863557259
0.0,all,,,,,,2.9030701344361227,-3.780709837622681e-06,2.359079506835493,-0.23707407977480335
0.0,all,,,,,,2.9062085886355127,-2.5813778574625037e-06,2.5476830039248304,-0.14988545639856707
0.0,all,,,,,,2.909347042834903,-1.3846855874996037e-06,2.9106463303268506,-0.07037445392990124
0.0,all,,,,,,2.912485497034294,-2.698054835245445e-06,2.5947937819471294,-0.15381589879512603
0.0,all,,,,,,2.915623951233684,-4.257445217441099e-06,2.184177647436881,-0.28834632069324895
0.0,all,,,,,,2.9187624054330743,-4.014257350152271e-06,2.6317505899731177,-0.22563880257503385
0.0,all,,,,,,2.921900859632465,-3.5958468449303992e-06,2.719494945687784,-0.19559882157162056
0.0,all,,,,,,2.9250393138318556,-4.157637147231882e-06,2.5240247925753567,-0.243672361206848
0.0,all,,,,,,2.9281777680312455,-4.0245145738299496e-06,2.6949378855933515,-0.22091135968698472
0.0,all,,,,,,2.9313162222306364,-3.5217460635395325e-06,2.5554038487005712,-0.2038692838548862
0.0,all,,,,,,2.9344546764300268,-3.845337213650906e-06,2.408857741663276,-0.23614381874286938
0.0,all,,,,,,2.9375931306294167,-3.975653960603886e-06,2.5251789072598156,-0.23290012819399872
0.0,all,,,,,,2.940731584828807,-3.017935375539979e-06,2.626392390483693,-0.16998227147179198
0.0,all,,,,,,2.943870039028198,-2.4777167418496237e-06,2.3806484668833976,-0.15396063313953331
0.0,all,,,,,,2.947008493227588,-2.6277419857497034e-06,2.230856577566641,-0.17424662462398338
0.0,all,,,,,,2.9501469474269784,-2.487463571854975e-06,2.635332818489073,-0.1396286576862743
0.0,all,,,,,,2.953285401626369,-3.331065493080859e-06,2.700116405864798,-0.18249626814059125
0.0,all,,,,,,2.956423855825759,-4.218172929220657e-06,2.3471780494004038,-0.26584692986817954
0.0,all,,,,,,2.9595623100251496,-3.525601731949696e-06,2.1886096505366153,-0.23829681899472763
0.0,all,,,,,,2.9627007642245404,-2.5921710264546492e-06,2.5398439506261434,-0.15097669773750733
0.0,all,,,,,,2.9658392184239304,-2.57360035158783e-06,3.064659689511074,-0.1242259009979568
0.0,all,,,,,,2.968977672623321,-3.1275621808794184e-06,2.8951725693484516,-0.15980295345681098
0.0,all,,,,,,2.9721161268227116,-3.852371788027486e-06,2.456209760148904,-0.23201499020241276
0.0,all,,,,,,2.9752545810221016,-4.014474709284127e-06,2.3618598732344633,-0.2514362567590185
0.0,all,,,,,,2.978393035221492,-3.236659136002307e-06,2.379591866790715,-0.20120918080947792
0.0,all,,,,,,2.9815314894208824,-3.0525792241178124e-06,2.6159695413010624,-0.1726185901068777
0.0,all,,,,,,2.9846699436202733,-3.5347339181484923e-06,2.6669991402002893,-0.19605916814166446
0.0,all,,,,,,2.9878083978196632,-3.1104387490505295e-06,2.3473992280451914,-0.19601441024861518
0.0,all,,,,,,2.9909468520190536,-2.512801150582221e-06,2.236464415948925,-0.1662070471074826
0.0,all,,,,,,2.9940853062184445,-2.707721237536853e-06,2.423228692176555,-0.16529619355315314
0.0,all,,,,,,2.9972237604178344,-2.8421423234501537e-06,2.4226155999638204,-0.17354600331745837
0.0,all,,,,,,3.000362214617225,-3.0038277310254447e-06,2.2779030365299233,-0.19507117182900216
0.0,all,,,,,,3.0035006688166157,-3.111044626318599e-06,2.433239220139363,-0.18913623383556072
0.0,all,,,,,,3.0066391230160057,-2.9320329263227893e-06,2.6114927386409077,-0.16608611427134315
0.0,all,,,,,,3.009777577215396,-2.8745480813525347e-06,2.558995124309362,-0.16617030727325144
0.0,all,,,,,,3.0129160314147865,-2.4747729920160113e-06,2.618193292875143,-0.13982568830519407
0.0,all,,,,,,3.016054485614177,-2.645391794759058e-06,2.799655898706038,-0.1397779446161845
0.0,all,,,,,,3.0191929398135673,-3.3546373177417143e-06,2.6405623786342307,-0.18793274036683122
0.0,all,,,,,,3.0223313940129577,-3.0428927675612574e-06,2.3393299869344846,-0.19241922632606046
0.0,all,,,,,,3.025469848212348,-2.8401742244629103e-06,2.3714107235140602,-0.17717053898711452
0.0,all,,,,,,3.0286083024117385,-3.110681269916036e-06,2.6757739040418542,-0.17197265825633581
0.0,all,,,,,,3.031746756611129,-3.1575975333767894e-06,2.7945789910991303,-0.1671451149953617
0.0,all,,,,,,3.0348852108105198,-3.363559293311752e-06,2.5408234714830886,-0.1958294027042989
0.0,all,,,,,,3.0380236650099097,-3.5038198764572037e-06,2.4185310528332407,-0.21431047956344515
0.0,all,,,,,,3.0411621192093,-3.401982713993397e-06,2.677531446267876,-0.18795367705941246
0.0,all,,,,,,3.044300573408691,-3.0620014423851234e-06,2.6814116139783204,-0.16892549837963797
0.0,all,,,,,,3.047439027608081,-2.839486277183108e-06,2.426519906286754,-0.17310484352815672
0.0,all,,,,,,3.0505774818074713,-3.0971484336482743e-06,2.5071534219386384,-0.1827403334418067
0.0,all,,,,,,3.0537159360068618,-3.2352428961172807e-06,2.6508294116630307,-0.18054206925976318
0.0,all,,,,,,3.056854390206252,-3.1198194328555443e-06,2.623134905676382,-0.17593900695832335
0.0,all,,,,,,3.0599928444056426,-3.0411703713959193e-06,2.613796252279119,-0.17211642777544814
0.0,all,,,,,,3.063131298605033,-2.9077434020954867e-06,2.6093131709267894,-0.16484780796558116
0.0,all,,,,,,3.0662697528044234,-2.947276638026035e-06,2.508959810705515,-0.17377228064264916
0.0,all,,,,,,3.069408207003814,-3.1519722183646005e-06,2.496755640176409,-0.18674958499614705
0.0,all,,,,,,3.072546661203204,-3.2191051472252866e-06,2.522123953461355,-0.1888087164084049
0.0,all,,,,,,3.0756851154025946,-3.1236357395427272e-06,2.4203039311835095,-0.1909166393849605
0.0,all,,,,,,3.078823569601985,-3.025358450768661e-06,2.5337808908473605,-0.17662862403724258
0.0,all,,,,,,3.0819620238013754,-3.087473066842216e-06,2.678377465528289,-0.17052368118910566
0.0,all,,,,,,3.0851004780007663,-3.108091421422063e-06,2.5968328739899427,-0.1770529178422021
0.0,all,,,,,,3.088238932200156,-3.0408504836546676e-06,2.4926692633322656,-0.1804611465389551
0.0,all,,,,,,3.0913773863995466,-3.1190398013029955e-06,2.440328932028752,-0.18907140519270696
0.0,all,,,,,,3.094515840598937,-3.209607168730003e-06,2.5680312115288952,-0.1848863665440539
0.0,all,,,,,,3.0976542947983274,-3.1479804522334618e-06,2.642034075826082,-0.1762572201290544
0.0,all,,,,,,3.100792748997718,-3.103127967893239e-06,2.5625725211858335,-0.1791335054932816
0.0,all,,,,,,3.1039312031971082,-3.1406225898641173e-06,2.487600432439528,-0.1867619632373324
0.0,all,,,,,,3.1070696573964987,-3.1720678037916335e-06,2.3998721051356373,-0.1955274193042632
0.0,all,,,,,,3.110208111595889,-3.175474692924697e-06,2.4656425329335896,-0.19051617206690954
0.0,all,,,,,,3.1133465657952795,-3.1651445359132276e-06,2.62352638321439,-0.17846843482121752
0.0,all,,,,,,3.11648501999467,-3.1565126210497023e-06,2.6189508804402237,-0.1782926668571895
0.0,all,,,,,,3.1196234741940603,-3.1456300778932595e-06,2.5484088798384725,-0.1825962453909557
0.0,all,,,,,,3.1227619283934507,-3.134131807121347e-06,2.559782081316051,-0.1811204824561204
0.0,all,,,,,,3.125900382592841,-3.139110756878903e-06,2.5639576922981,-0.18111277653864255
0.0,all,,,,,,3.1290388367922315,-3.1445508562359977e-06,2.5323931501629495,-0.1836880047536826
0.0,all,,,,,,3.132177290991622,-3.142488324468967e-06,2.529549792388451,-0.18377386290420852
0.0,all,,,,,,3.1353157451910123,-3.143379820952444e-06,2.5378775452288878,-0.18322279410524359
0.5,L,1.0,1.017491301553739,0.012791178073313359,2.6939611390773225e-05,3.9166424400230917,,,,
0.5,L,2.0,1.020269400598118,0.013839201002401212,4.608076521945027e-05,6.681256187321338,,,,
0.5,L,5.0,1.0568738759372767,0.014363597891970179,9.268190833709886e-05,12.97254268663437,,,,
0.5,L,10.0,1.0119701197504531,0.01472687293328872,0.00014466011412071203,21.146301405680628,,,,
0.5,L,20.0,1.04820304176257,0.023008131125842084,0.00023547223635079855,33.231320335836756,,,,
0.5,L,50.0,1.0107142352086869,0.016796585364606993,0.00039983476492223597,58.52015585996261,,,,
0.5,L,100.0,1.0465624244835399,0.027337733674796815,0.0006316231898660611,89.27836594399992,,,,
0.5,L,200.0,1.0665028010718112,0.03026013337334901,0.0010185659863405684,141.27993064334277,,,,
0.5,L,400.0,1.2861379507103565,0.049310583097050484,0.00199256506155489,229.18081613067045,,,,
0.5,L,800.0,1.719517507527201,0.10394501181017562,0.0042925972545010994,369.2894030339289,,,,
0.5,S,1.0,1.0424398310817156,0.007635321720145303,3.976821592049273e-05,5.643368568796112,,,,
0.5,S,2.0,1.0221786463784692,0.013865799633015695,6.535714340379857e-05,9.458441060284223,,,,
0.5,S,5.0,1.0169357487143476,0.013173174553612457,0.0001226202097682969,17.837001313193294,,,,
0.5,S,10.0,1.0250945766761175,0.01266885077431898,0.00019076284407086464,27.528538608882645,,,,
0.5,S,20.0,1.022929033516712,0.012125746049489494,0.00028782875309893966,41.623823861627365,,,,
0.5,S,50.0,1.0323043791257782,0.010478648671837681,0.0004706059350208499,67.43772862419158,,,,
0.5,S,100.0,1.0668050858304983,0.013313012290913655,0.0006971291020405442,96.66771201268602,,,,
0.5,S,200.0,1.0931173642180525,0.0335413418816963,0.0010600367186100945,143.45226835458624,,,,
0.5,S,400.0,1.2772236075335368,0.034880687305460116,0.0017817047200579105,206.35837408282055,,,,
0.5,S,800.0,1.751680640250223,0.07123010069222294,0.003648326629660951,308.1002758209907,,,,
0.5,all,1.0,1.0377525547315078,0.0062518049595407695,3.65610647880629e-05,5.211687036602857,,,,
0.5,all,2.0,1.0218147728798859,0.011379103023584382,6.053804885771154e-05,8.764144842043502,,,,
0.5,all,5.0,1.0247286401365918,0.011051716066172354,0.0001151356344104976,16.620886656553562,,,,
0.5,all,10.0,1.0224190865344065,0.011316367887383128,0.00017923716158332667,25.932979308082142,,,,
0.5,all,20.0,1.0282413284735916,0.01331844782321837,0.000274739623911905,39.525697980179714,,,,
0.5,all,50.0,1.0274604485965204,0.009958360248533351,0.0004529131424961975,65.20833543313434,,,,
0.5,all,100.0,1.0620402034991185,0.013722485498423692,0.0006807526239969247,94.8203754955145,,,,
0.5,all,200.0,1.0865395790609258,0.029106677792434206,0.0010496690355427149,142.90918392677534,,,,
0.5,all,400.0,1.279632074544613,0.024938552660061755,0.0018344198054321607,212.06398459478302,,,,
0.5,all,800.0,1.7424988268730297,0.06868265511787143,0.003809394285870993,323.39755762422527,,,,
0.5,all,,,,,,0.0031384541993904028,-3.592593057843055e-05,163.1609983368437,-0.0325720412729119
0.5,all,,,,,,0.0062769083987808056,-3.635670177681327e-05,77.76445739424969,-0.06916026295595926
0.5,all,,,,,,0.009415362598171209,-3.53039974702966e-05,61.51287556101448,-0.08490067787034182
0.5,all,,,,,,0.012553816797561611,-3.4846165259821464e-05,47.63713452341086,-0.10820882125050031
0.5,all,,,,,,0.015692270996952015,-3.4770498720656536e-05,39.88471740633619,-0.128960795863337
0.5,all,,,,,,0.018830725196342418,-3.393745626722074e-05,40.70487861785878,-0.12333494013019201
0.5,all,,,,,,0.02196917939573282,-3.3413175724196696e-05,39.03194191642684,-0.12663416758963242
0.5,all,,,,,,0.025107633595123222,-3.370041533490005e-05,34.39585184096761,-0.14493807461770497
0.5,all,,,,,,0.028246087794513628,-3.345105916612842e-05,33.70999478836195,-0.14679271131656568
0.5,all,,,,,,0.03138454199390403,-3.172798775085586e-05,33.29830019213354,-0.14095281996903808
0.5,all,,,,,,0.03452299619329443,-3.0043336845711822e-05,33.07729145150792,-0.13436047522190564
0.5,all,,,,,,0.037661450392684835,-3.0254163595998922e-05,33.92557297267556,-0.13192018867827082
0.5,all,,,,,,0.04079990459207524,-3.077989126893157e-05,26.814179509077764,-0.1698071108926072
0.5,all,,,,,,0.04393835879146564,-3.1570378387841565e-05,23.992412792483293,-0.19465213266050446
0.5,all,,,,,,0.04707681299085604,-3.2817017469392734e-05,27.337492703582313,-0.17757986936417602
0.5,all,,,,,,0.050215267190246445,-3.0223656477801744e-05,24.653036297042906,-0.18135515018905862
0.5,all,,,,,,0.05335372138963685,-2.7772973682663303e-05,23.27641274566235,-0.1765060666545879
0.5,all,,,,,,0.056492175589027256,-3.030237425045827e-05,28.414360004766287,-0.15775825112513991
0.5,all,,,,,,0.05963062978841765,-3.2058296061408744e-05,28.260822878527947,-0.16780656064962732
0.5,all,,,,,,0.06276908398780806,-3.025512443950954e-05,18.943647699500133,-0.23625915109822804
0.5,all,,,,,,0.06590753818719845,-2.803237109477955e-05,15.859375029970916,-0.26147313182083387
0.5,all,,,,,,0.06904599238658886,-2.7525556957050915e-05,22.167542697780462,-0.18368422732909234
0.5,all,,,,,,0.07218444658597926,-2.8018506904557678e-05,23.652142019187572,-0.17523780885181323
0.5,all,,,,,,0.07532290078536967,-2.6773811779854904e-05,15.563627568637537,-0.2544794281982393
0.5,all,,,,,,0.07846135498476008,-2.6528524575548392e-05,17.11627324309704,-0.2292752574831357
0.5,all,,,,,,0.08159980918415048,-2.7086739486573434e-05,22.441097721004834,-0.17855250108742635
0.5,all,,,,,,0.08473826338354087,-2.4812290683194785e-05,17.10605242874564,-0.21457067414852898
0.5,all,,,,,,0.08787671758293128,-2.6842427880303676e-05,16.31179583003342,-0.2434295644973367
0.5,all,,,,,,0.09101517178232169,-3.060820975115181e-05,19.808468558922506,-0.22858110740342683
0.5,all,,,,,,0.09415362598171208,-3.250632899020044e-05,20.82448620200732,-0.23091223006417821
0.5,all,,,,,,0.09729208018110248,-2.7014660562028693e-05,20.594786393411177,-0.19404190391160298
0.5,all,,,,,,0.10043053438049289,-1.671525449944667e-05,19.816772557010104,-0.12477666465759167
0.5,all,,,,,,0.1035689885798833,-1.7952294610930653e-05,19.358795333687887,-0.1371813089346741
0.5,all,,,,,,0.1067074427792737,-2.613742543718683e-05,15.623409632910931,-0.24748010477133545
0.5,all,,,,,,0.1098458969786641,-3.061766255940789e-05,12.075276970264134,-0.37508373801565703
0.5,all,,,,,,0.11298435117805451,-2.905185440646629e-05,14.565673179771828,-0.295050667795981
0.5,all,,,,,,0.11612280537744489,-2.525415754116517e-05,16.487864391380775,-0.22658010963670244
0.5,all,,,,,,0.1192612595768353,-2.166032093780221e-05,17.080843858661495,-0.187589648049839
0.5,all,,,,,,0.1223997137762257,-2.4458295710133614e-05,14.94179154178418,-0.24214573408167628
0.5,all,,,,,,0.12553816797561612,-2.8121153440948685e-05,10.502005729182336,-0.3961085194811281
0.5,all,,,,,,0.12867662217500653,-2.5733735865897936e-05,12.48283794512201,-0.3049599520054156
0.5,all,,,,,,0.1318150763743969,-2.8036015696568364e-05,16.101035582869045,-0.2575821647457699
0.5,all,,,,,,0.1349535305737873,-2.5358092290610165e-05,15.856921125583217,-0.23656528620538364
0.5,all,,,,,,0.13809198477317772,-2.1079539927446295e-05,9.943478072728704,-0.3136000415939446
0.5,all,,,,,,0.14123043897256812,-2.4663303025122048e-05,10.230934875329165,-0.35660647357499603
0.5,all,,,,,,0.14436889317195853,-2.2968486376021683e-05,13.63856659281684,-0.24912479343685662
0.5,all,,,,,,0.14750734737134893,-1.5253149990046924e-05,10.04836554776829,-0.22455225418460834
0.5,all,,,,,,0.15064580157073934,-1.1056216050679253e-05,10.650669852524633,-0.1535616953098821
0.5,all,,,,,,0.15378425577012975,-1.7133389311960626e-05,12.824360098959708,-0.19763364616949725
0.5,all,,,,,,0.15692270996952015,-2.134528916280664e-05,14.299471449461317,-0.22081845230582203
0.5,all,,,,,,0.16006116416891056,-1.9080551729374237e-05,15.093255743785926,-0.18700848059465322
0.5,all,,,,,,0.16319961836830096,-2.0892159194627464e-05,9.8090157326431,-0.3150730081505367
0.5,all,,,,,,0.16633807256769134,-2.5141175337682004e-05,10.750843573949975,-0.3459364609094735
0.5,all,,,,,,0.16947652676708175,-2.474965466448967e-05,15.852247609104367,-0.23095725027111688
0.5,all,,,,,,0.17261498096647215,-2.205009578758407e-05,13.416795466148864,-0.24311680814672657
0.5,all,,,,,,0.17575343516586256,-2.1559002337454565e-05,11.80839407056573,-0.27007919198418684
0.5,all,,,,,,0.17889188936525297,-2.5269647764869635e-05,8.546578326834378,-0.4373813041586482
0.5,all,,,,,,0.18203034356464337,-2.824640411896874e-05,9.378571710325872,-0.4455328888913784
0.5,all,,,,,,0.18516879776403378,-2.139296905476864e-05,12.873060101942187,-0.2458343523339721
0.5,all,,,,,,0.18830725196342415,-1.296754054489538e-05,9.709897038664112,-0.19755876101429148
0.5,all,,,,,,0.19144570616281456,-1.1990272006865842e-05,11.299396277040804,-0.15697377393155895
0.5,all,,,,,,0.19458416036220497,-2.0514559161867687e-05,11.908041606393372,-0.25484443212212876
0.5,all,,,,,,0.1977226145615954,-2.5564734801686495e-05,8.21570424738454,-0.46030935259286904
0.5,all,,,,,,0.20086106876098578,-2.2523232921928823e-05,9.407230469598026,-0.3541785438766668
0.5,all,,,,,,0.20399952296037616,-2.6919593788928547e-05,13.34655349887161,-0.29836829640337853
0.5,all,,,,,,0.2071379771597666,-2.612011445342284e-05,15.138719144278141,-0.2552344237051199
0.5,all,,,,,,0.21027643135915697,-1.0611658858692434e-05,13.665745733285632,-0.11486910785213436
0.5,all,,,,,,0.2134148855585474,-4.50102485091955e-06,12.781495245965242,-0.05209344178636528
0.5,all,,,,,,0.21655333975793778,-1.7457904452935597e-05,7.3297372303128165,-0.3523359928698131
0.5,all,,,,,,0.2196917939573282,-2.485769845429393e-05,5.767941528010596,-0.6375193489221375
0.5,all,,,,,,0.2228302481567186,-2.167821531882665e-05,12.514392870765846,-0.2562518708451731
0.5,all,,,,,,0.22596870235610902,-1.7365470018766028e-05,10.184071848901484,-0.2522425754418526
0.5,all,,,,,,0.2291071565554994,-1.8779895308587912e-05,8.869503298647558,-0.31321833122313286
0.5,all,,,,,,0.23224561075488978,-2.629118524286892e-05,10.453966237860797,-0.37203378102922485
0.5,all,,,,,,0.23538406495428021,-1.979961037794055e-05,5.530016428745375,-0.5296433535379955
0.5,all,,,,,,0.2385225191536706,-1.770750886858541e-05,3.330187370536021,-0.7865785564555756
0.5,all,,,,,,0.24166097335306103,-1.908807919052016e-05,11.582383537036785,-0.2437909558596475
0.5,all,,,,,,0.2447994275524514,-1.5349535728679492e-05,18.583131183487374,-0.12218830925542963
0.5,all,,,,,,0.24793788175184184,-2.005166203206216e-05,13.371855289010336,-0.22182577734967165
0.5,all,,,,,,0.25107633595123224,-1.9458481435210358e-05,8.010541750365167,-0.3593356947373843
0.5,all,,,,,,0.2542147901506226,-1.8437510771241864e-05,3.7285309571930654,-0.73150590757992
0.5,all,,,,,,0.25735324435001306,-1.999131984636718e-05,4.031585188694588,-0.733531773941996
0.5,all,,,,,,0.2604916985494034,-2.1411536212204815e-05,3.6472845544861086,-0.8684233342155672
0.5,all,,,,,,0.2636301527487938,-2.7071164468067893e-05,1.3156174790744668,-3.0439015839388532
0.5,all,,,,,,0.2667686069481842,-2.1046057971926353e-05,10.640768623321303,-0.2925843325239455
0.5,all,,,,,,0.2699070611475746,-3.242740551401911e-06,15.236047248223235,-0.03148423866278437
0.5,all,,,,,,0.27304551534696503,-1.050565351274796e-05,10.188627460617106,-0.152531905041264
0.5,all,,,,,,0.27618396954635543,-3.454967117428957e-05,8.15049281233612,-0.6270661443894527
0.5,all,,,,,,0.27932242374574584,-3.508404619561177e-05,10.593743645389221,-0.4899068578397778
0.5,all,,,,,,0.28246087794513625,-2.0218697612160437e-05,8.113418945837589,-0.3686401034383229
0.5,all,,,,,,0.28559933214452665,-8.513663955722938e-06,4.755182237448443,-0.26485162545635954
0.5,all,,,,,,0.28873778634391706,-1.0450143665980662e-05,8.135622914725886,-0.19001362977769837
0.5,all,,,,,,0.29187624054330746,-3.335522359199354e-05,8.428614310817657,-0.5854111353795188
0.5,all,,,,,,0.29501469474269787,-4.071185739132649e-05,10.942718266921295,-0.5503627128323552
0.5,all,,,,,,0.2981531489420883,-3.0311185499615832e-05,15.740089621456233,-0.2848715152361187
0.5,all,,,,,,0.3012916031414787,-1.9909832138348945e-05,11.419451342644276,-0.2579144437163622
0.5,all,,,,,,0.30443005734086903,-3.5888118076507843e-06,7.5363020586444,-0.07044427313651151
0.5,all,,,,,,0.3075685115402595,-9.486683072580083e-06,9.199864064605238,-0.15254089345826624
0.5,all,,,,,,0.31070696573964984,-1.4867599568030662e-05,7.19865072471878,-0.3055224003260924
0.5,all,,,,,,0.3138454199390403,-3.867403884304229e-06,6.948675109769327,-0.08233240974424916
0.5,all,,,,,,0.31698387413843065,-3.895171593324553e-06,6.50977199617441,-0.0885144388957363
0.5,all,,,,,,0.3201223283378211,-6.243299540086956e-06,4.863331597307293,-0.1899037732146987
0.5,all,,,,,,0.32326078253721147,-7.493164635391153e-06,9.036082295801682,-0.12267001015755837
0.5,all,,,,,,0.3263992367366019,-1.6000607287991558e-05,11.759615027133805,-0.20127816560029485
0.5,all,,,,,,0.3295376909359923,-3.060608851893014e-05,5.256310131017177,-0.8613509809284322
0.5,all,,,,,,0.3326761451353827,-2.7926749024921023e-05,-2.5358630728573868,1.6291005360181126
0.5,all,,,,,,0.3358145993347731,-1.646931809642503e-05,1.0829308455773896,-2.249718593928782
0.5,all,,,,,,0.3389530535341635,-2.0516948328779435e-05,7.546927131834252,-0.4021572588296999
0.5,all,,,,,,0.3420915077335539,-1.3861490115571664e-05,12.010959674994858,-0.17072043739807388
0.5,all,,,,,,0.3452299619329443,-7.039385720000706e-07,9.661732368349751,-0.0107778730440934
0.5,all,,,,,,0.3483684161323347,-6.66566322486803e-06,11.3633388599362,-0.0867742190832849
0.5,all,,,,,,0.3515068703317251,-2.3968055622688904e-05,11.3068404054379,-0.3135774656092899
0.5,all,,,,,,0.35464532453111547,-3.4488449441140784e-05,2.627150898830714,-1.94196748864923
0.5,all,,,,,,0.35778377873050593,-1.9365834490040107e-05,5.719061822919753,-0.5009157977984326
0.5,all,,,,,,0.3609222329298963,-4.531578532447135e-06,12.209662562436826,-0.05490338905635637
0.5,all,,,,,,0.36406068712928674,-1.2654920725089403e-05,14.55299366509162,-0.12863536782476687
0.5,all,,,,,,0.3671991413286771,-2.6252062075815536e-05,9.613292995752412,-0.4039657521300507
0.5,all,,,,,,0.37033759552806755,-3.69219303599886e-05,4.056323900288455,-1.3464960274403603
0.5,all,,,,,,0.3734760497274579,-3.553227022093155e-05,2.2664834805777527,-2.3191225686419674
0.5,all,,,,,,0.3766145039268483,-2.5843854159932776e-05,3.70757873567608,-1.0311460987504408
0.5,all,,,,,,0.3797529581262387,-1.5443259839297764e-05,6.926222057657184,-0.3298343417767903
0.5,all,,,,,,0.3828914123256291,-9.467613443943183e-06,6.921760836887342,-0.20233789726798745
0.5,all,,,,,,0.3860298665250195,-1.6599104686992048e-05,13.595486554767733,-0.1806105908112122
0.5,all,,,,,,0.38916832072440993,-2.5073846914202917e-05,15.053102408503818,-0.2464042860500164
0.5,all,,,,,,0.39230677492380034,-1.7876262197311683e-05,8.515512425088268,-0.31054120442810695
0.5,all,,,,,,0.3954452291231908,-1.4712747317562322e-05,7.499754519008015,-0.29020175331950415
0.5,all,,,,,,0.39858368332258115,-6.350590853731097e-06,8.926030296934776,-0.10524684384577229
0.5,all,,,,,,0.40172213752197156,-8.047537864209827e-06,9.406054748219582,-0.1265636032281722
0.5,all,,,,,,0.4048605917213619,-2.691590911760876e-05,3.9668326408805035,-1.003733638661706
0.5,all,,,,,,0.4079990459207523,-8.512965872608167e-06,3.1470718223622303,-0.4001543495919384
0.5,all,,,,,,0.4111375001201428,1.2242149453340403e-06,8.286631942476344,0.02185410027398002
0.5,all,,,,,,0.4142759543195332,-8.854038696311882e-06,11.45215251336426,-0.1143688085176568
0.5,all,,,,,,0.41741440851892353,-1.884237178379162e-07,11.115204445988672,-0.0025076759655258503
0.5,all,,,,,,0.42055286271831394,1.449821308081594e-06,3.028515389962148,0.07081707704548214
0.5,all,,,,,,0.4236913169177044,-6.091122488768322e-06,2.229171240936761,-0.4042101414426179
0.5,all,,,,,,0.4268297711170948,-1.725628422567687e-05,10.729263421120198,-0.23791985217615674
0.5,all,,,,,,0.42996822531648515,-3.582878701355464e-05,5.478219130438486,-0.9674889404614301
0.5,all,,,,,,0.43310667951587556,-1.970376169856148e-05,-0.7582956988384093,3.843827219620459
0.5,all,,,,,,0.43624513371526596,-6.809735148355211e-06,8.667805055252007,-0.11621826564458416
0.5,all,,,,,,0.4393835879146564,-2.675370155112514e-05,10.369244027900757,-0.3816718121206842
0.5,all,,,,,,0.4425220421140468,-1.564626120835669e-05,3.9136295013344395,-0.5914038824882062
0.5,all,,,,,,0.4456604963134372,-1.205256533684125e-05,5.3731722363290935,-0.3318196007829285
0.5,all,,,,,,0.4487989505128276,-3.230964832973015e-05,5.808821511139407,-0.8228061005871378
0.5,all,,,,,,0.45193740471221805,-3.245954734285818e-05,7.7761014344849215,-0.6174955698904665
0.5,all,,,,,,0.4550758589116084,-1.8145550130228627e-05,12.956053850376367,-0.2071813693307932
0.5,all,,,,,,0.4582143131109988,-1.016599631844863e-05,7.2606473122728135,-0.20712280111664197
0.5,all,,,,,,0.4613527673103892,-8.29154228563685e-06,1.348972819200385,-0.9092544284447828
0.5,all,,,,,,0.46449122150977956,-1.4360688076310836e-05,0.371901945734056,-5.712156566626876
0.5,all,,,,,,0.46762967570917,-2.9271395556123593e-05,2.558470732003185,-1.6924516844591728
0.5,all,,,,,,0.47076812990856043,-2.018524729084424e-05,7.9583663202896595,-0.3752005382606319
0.5,all,,,,,,0.4739065841079508,-1.8105594568947123e-05,7.071478045446476,-0.378752839879174
0.5,all,,,,,,0.4770450383073412,-1.7539088119359028e-05,9.88833804340943,-0.2623837950560695
0.5,all,,,,,,0.4801834925067316,1.3532375373351307e-05,8.683713622489686,0.23052702605792738
0.5,all,,,,,,0.48332194670612205,-3.118713060057791e-07,2.235207433714936,-0.020640056884590825
0.5,all,,,,,,0.4864604009055124,-2.671250764058724e-05,7.210524910791619,-0.548025897364028
0.5,all,,,,,,0.4895988551049028,-9.631737321878695e-07,6.595196291806507,-0.021603802984086633
0.5,all,,,,,,0.4927373093042932,1.0085987852169227e-05,-1.3915039154210112,-1.0722284147161167
0.5,all,,,,,,0.4958757635036837,-1.89317767976217e-06,-0.6197425237790535,0.4518906788573813
0.5,all,,,,,,0.499014217703074,-2.204632150444952e-05,7.274851830931114,-0.4482964380819137
0.5,all,,,,,,0.5021526719024645,-4.784726535931718e-05,6.848894576123126,-1.0334511293098452
0.5,all,,,,,,0.5052911261018548,-2.8008714821831806e-05,4.20182943341025,-0.9860707281932597
0.5,all,,,,,,0.5084295803012452,1.1463419936646956e-05,12.756953956649802,0.13292923888726643
0.5,all,,,,,,0.5115680345006357,-2.030871016241554e-06,12.799090637112819,-0.023472347767698715
0.5,all,,,,,,0.5147064887000261,-1.67250148600156e-05,5.793241406107372,-0.4270691398522411
0.5,all,,,,,,0.5178449428994164,4.889198615006734e-06,7.487808905357048,0.09659090424592964
0.5,all,,,,,,0.5209833970988068,-5.71480688580587e-06,9.965473561402908,-0.08483145620587453
0.5,all,,,,,,0.5241218512981973,-1.7265140178079717e-05,6.434639159594197,-0.39691655676363236
0.5,all,,,,,,0.5272603054975876,-2.310726939229962e-05,3.1021426669455936,-1.1018948785388136
0.5,all,,,,,,0.530398759696978,-3.2790884951991986e-05,3.5045805421974214,-1.3841093299550327
0.5,all,,,,,,0.5335372138963684,-1.015690997204147e-05,5.544910415266159,-0.27096947698512863
0.5,all,,,,,,0.5366756680957588,-2.052204241013456e-06,9.60765574851715,-0.03159777129530416
0.5,all,,,,,,0.5398141222951492,-1.0798456406556365e-05,8.805449666133214,-0.18141092782723975
0.5,all,,,,,,0.5429525764945397,-1.2452286281758877e-05,5.046085405334467,-0.3650461765361353
0.5,all,,,,,,0.5460910306939301,-1.4014208573429773e-05,5.332868040589101,-0.3887416229608362
0.5,all,,,,,,0.5492294848933205,-1.1147475252875487e-05,4.024660973445008,-0.40973259899446735
0.5,all,,,,,,0.5523679390927109,-5.993770023192344e-06,1.5766733168101774,-0.5623564252920463
0.5,all,,,,,,0.5555063932921013,-6.011277726358465e-07,5.09487161919389,-0.017453673687532215
0.5,all,,,,,,0.5586448474914917,-1.7532551368123844e-05,2.588657798509574,-1.0018986244862262
0.5,all,,,,,,0.5617833016908821,-3.7098623337374714e-05,0.9257663211304981,-5.928020826523919
0.5,all,,,,,,0.5649217558902725,-1.3281661568514233e-05,10.121183042997227,-0.19412185583763553
0.5,all,,,,,,0.5680602100896629,-1.0503998929027106e-05,7.435541201981675,-0.20897550739199583
0.5,all,,,,,,0.5711986642890533,-3.0092202494038863e-05,5.1943770358863475,-0.856986162907737
0.5,all,,,,,,0.5743371184884437,-1.6697822928550285e-05,7.703935023349123,-0.3206273341749979
0.5,all,,,,,,0.5774755726878341,-2.0584121189582363e-06,9.06677544408602,-0.03358402731414672
0.5,all,,,,,,0.5806140268872244,4.4842975697022e-07,8.758325653907766,0.007574023333537461
0.5,all,,,,,,0.5837524810866149,-2.1715629461872427e-06,-0.032627194611987154,9.845686276043667
0.5,all,,,,,,0.5868909352860053,1.8637681952240595e-06,-2.21885272904509,-0.12425581504985185
0.5,all,,,,,,0.5900293894853957,1.0766969964677979e-05,1.2649610427025804,1.2591273426034328
0.5,all,,,,,,0.593167843684786,1.6130173227698268e-05,6.369419805941419,0.3746212956052266
0.5,all,,,,,,0.5963062978841766,1.4905985229178511e-05,7.215627977536926,0.30559050544603383
0.5,all,,,,,,0.599444752083567,1.9233380680465263e-05,6.388291784282055,0.4453733099470993
0.5,all,,,,,,0.6025832062829574,2.4104241548685898e-05,10.288173686488683,0.3465839821609655
0.5,all,,,,,,0.6057216604823477,2.1023129244215328e-06,8.19790154691448,0.03793568809985073
0.5,all,,,,,,0.6088601146817381,-9.426426909967856e-06,5.641333198519007,-0.24718303307328793
0.5,all,,,,,,0.6119985688811286,-1.6960626212332304e-05,6.0375267844580485,-0.415562276438097
0.5,all,,,,,,0.615137023080519,-5.289801049768457e-05,1.0604338265563285,-7.379196406170417
0.5,all,,,,,,0.6182754772799093,-5.4677118066144635e-05,-0.36492274139598857,22.164502666871552
0.5,all,,,,,,0.6214139314792997,-2.4161122143245836e-05,9.237328254254042,-0.38692253822602973
0.5,all,,,,,,0.6245523856786902,-2.160764345611375e-05,10.332764938151481,-0.30934575402577624
0.5,all,,,,,,0.6276908398780806,-3.728949525417811e-05,0.9036632393396085,-6.104262387433859
0.5,all,,,,,,0.6308292940774709,-3.0001905164427495e-05,2.32919069990146,-1.9054479531153428
0.5,all,,,,,,0.6339677482768613,-5.362956348823031e-06,8.921200810430047,-0.08892712481755355
0.5,all,,,,,,0.6371062024762517,-2.647839392873081e-06,5.907706153777103,-0.06630191273650335
0.5,all,,,,,,0.6402446566756422,-4.584017752776609e-06,2.2933160099944567,-0.29568935640394567
0.5,all,,,,,,0.6433831108750325,1.0425405993969403e-05,6.172008989420141,0.24987322997045702
0.5,all,,,,,,0.6465215650744229,2.588654517398416e-05,8.280605819225736,0.4624505345945254
0.5,all,,,,,,0.6496600192738133,1.3416867666301703e-05,5.998343512569866,0.3308819732413546
0.5,all,,,,,,0.6527984734732039,-7.596014832534682e-06,-0.3045580035802995,3.6895133931980992
0.5,all,,,,,,0.6559369276725941,-4.467580380924136e-05,1.7590970372279497,-3.7569540380545816
0.5,all,,,,,,0.6590753818719846,-5.337924332044335e-05,8.858580040645231,-0.8913773689537279
0.5,all,,,,,,0.662213836071375,3.538346943825583e-06,5.038531995702119,0.10388424734876997
0.5,all,,,,,,0.6653522902707654,-3.3979097282606056e-06,4.410710099598614,-0.11396109849333123
0.5,all,,,,,,0.6684907444701558,-1.608100069699434e-05,9.33938424162998,-0.2547112524130018
0.5,all,,,,,,0.6716291986695462,-8.309091003546031e-07,12.152079822477402,-0.01011477452298991
0.5,all,,,,,,0.6747676528689366,-3.181585566717184e-05,6.4169000722149345,-0.7334518960500214
0.5,all,,,,,,0.677906107068327,-2.8655050522583475e-05,1.523510293929585,-2.782332890095101
0.5,all,,,,,,0.6810445612677174,-2.9371001026212187e-05,-0.5801588806529304,7.489022028110346
0.5,all,,,,,,0.6841830154671078,-1.614899003652796e-05,-3.60180170625885,0.6632524626234123
0.5,all,,,,,,0.6873214696664982,3.01777237974851e-05,4.21662247087299,1.0587052447565983
0.5,all,,,,,,0.6904599238658886,-2.865139597036993e-05,6.26788111615462,-0.6762049417373492
0.5,all,,,,,,0.693598378065279,-5.6551541050212765e-05,-1.060097013979724,7.8913651025078995
0.5,all,,,,,,0.6967368322646694,2.6356022334610564e-05,2.913269965322979,1.3382967999505564
0.5,all,,,,,,0.6998752864640598,1.4453149054217377e-05,10.458666573461917,0.20442757075216894
0.5,all,,,,,,0.7030137406634502,-3.9713699039060866e-05,10.556119162251123,-0.5565309996845577
0.5,all,,,,,,0.7061521948628406,-9.582016864365123e-06,11.710945922477928,-0.12103703026325842
0.5,all,,,,,,0.7092906490622309,8.743653861635992e-06,12.770920688651241,0.1012800840200783
0.5,all,,,,,,0.7124291032616215,8.023495238344299e-06,2.8158022220662504,0.421516671283032
0.5,all,,,,,,0.7155675574610119,5.454066104322397e-06,-3.529285255102044,-0.22860563943007192
0.5,all,,,,,,0.7187060116604023,-3.2367408648410185e-05,8.555050209364605,-0.5596785623988944
0.5,all,,,,,,0.7218444658597926,-3.95912766693673e-05,10.034880856666131,-0.5836340077983433
0.5,all,,,,,,0.7249829200591831,-1.3555710740809468e-05,0.05253196790542525,-38.17261629292212
0.5,all,,,,,,0.7281213742585735,-2.0604913679428612e-05,3.026535433723691,-1.0071133216542092
0.5,all,,,,,,0.7312598284579639,-4.020034142277263e-06,3.823255563726906,-0.15554272973215943
0.5,all,,,,,,0.7343982826573542,3.300684451916307e-05,2.5401558395727575,1.9221928164807969
0.5,all,,,,,,0.7375367368567446,6.534353797131649e-06,9.707850451435117,0.09957100070986119
0.5,all,,,,,,0.7406751910561351,-1.6548756178834425e-05,6.841012728514138,-0.3578477269386511
0.5,all,,,,,,0.7438136452555254,6.823093053368168e-06,-0.4380801372220424,-2.303992366142782
0.5,all,,,,,,0.7469520994549158,1.7490507323189836e-05,-0.29254066364691167,-8.844422249075382
0.5,all,,,,,,0.7500905536543062,1.244692926507118e-05,2.1507352472627637,0.8561080346572716
0.5,all,,,,,,0.7532290078536966,1.5497566233739352e-06,9.590377356312679,0.023904579543788586
0.5,all,,,,,,0.756367462053087,-1.976803902158661e-05,8.591943324338573,-0.34034979248175584
0.5,all,,,,,,0.7595059162524774,-1.8863886065642413e-05,3.210907165138365,-0.8690739241797854
0.5,all,,,,,,0.7626443704518678,-2.665791231150959e-05,5.948118640198055,-0.6629790680266039
0.5,all,,,,,,0.7657828246512582,-3.272688227275466e-05,3.7897305774056793,-1.2774667420791406
0.5,all,,,,,,0.7689212788506486,-1.2130259510983917e-05,3.640386128868748,-0.4929194387358224
0.5,all,,,,,,0.772059733050039,-1.0758586000718447e-05,11.351935081286701,-0.1401969614381917
0.5,all,,,,,,0.7751981872494295,3.6475319848877577e-06,9.913679684948436,0.054427392709555565
0.5,all,,,,,,0.7783366414488199,2.58903849338076e-05,1.1075019399447312,3.458177779685704
0.5,all,,,,,,0.7814750956482103,-7.886232544302962e-06,3.6754248045767315,-0.31740615286957097
0.5,all,,,,,,0.7846135498476007,-2.010776747263808e-05,7.198885428565844,-0.41319199270429113
0.5,all,,,,,,0.7877520040469911,2.085530681602375e-05,4.000188652805877,0.7712397655094068
0.5,all,,,,,,0.7908904582463816,-5.414384214769637e-06,10.538354362357731,-0.07600279729914938
0.5,all,,,,,,0.7940289124457719,-4.1897119909100616e-05,10.463346015600745,-0.5923343062420507
0.5,all,,,,,,0.7971673666451623,-3.4564787471055306e-05,1.148016588471039,-4.453885329383776
0.5,all,,,,,,0.8003058208445526,-5.117353752968396e-05,-0.48270276007221913,15.682632370475849
0.5,all,,,,,,0.8034442750439431,-3.809833863204924e-05,0.007997222136277404,-704.7258177937603
0.5,all,,,,,,0.8065827292433335,9.852391154856863e-06,0.4366889754400004,3.3375111230599357
0.5,all,,,,,,0.8097211834427238,2.652300592854723e-05,2.6588657984708064,1.4756373147225914
0.5,all,,,,,,0.8128596376421143,2.6424350072955456e-05,7.044798899964757,0.5548671553427426
0.5,all,,,,,,0.8159980918415046,1.4370930322846766e-05,5.9850694997973,0.3551967553201023
0.5,all,,,,,,0.8191365460408951,9.773691098269632e-07,5.618012847543732,0.025735297014772125
0.5,all,,,,,,0.8222750002402855,-1.7359077465268274e-05,5.611054528910921,-0.45765209630597825
0.5,all,,,,,,0.8254134544396758,-3.141408284547825e-05,1.9763006359922506,-2.351390062187293
0.5,all,,,,,,0.8285519086390664,-1.0573759884748259e-06,7.977116082276489,-0.01960815973205596
0.5,all,,,,,,0.8316903628384567,2.864375324637439e-05,9.797120402010528,0.4324986762052759
0.5,all,,,,,,0.8348288170378471,3.29012041087569e-05,6.521970297633105,0.7462533261902345
0.5,all,,,,,,0.8379672712372376,4.666448943877159e-06,4.970139343063175,0.13889008950425838
0.5,all,,,,,,0.8411057254366279,-3.5897117166318706e-05,-3.3420385523982583,1.5889177666956438
0.5,all,,,,,,0.8442441796360184,-2.5479282773040475e-05,-3.434601097190283,1.0973980860984107
0.5,all,,,,,,0.8473826338354088,-1.9413263249846318e-05,4.58834397628817,-0.6258869254912143
0.5,all,,,,,,0.8505210880347991,-2.527760527658809e-05,7.973270977751054,-0.46897825645497854
0.5,all,,,,,,0.8536595422341896,2.4994799369793826e-05,9.763727848566193,0.3786930141256428
0.5,all,,,,,,0.8567979964335799,3.866190778775935e-05,9.564354451893758,0.5979721012152946
0.5,all,,,,,,0.8599364506329703,1.0226561757732172e-05,8.42740346211865,0.17951021338274023
0.5,all,,,,,,0.8630749048323608,4.1431278107071625e-06,6.477090130000265,0.0946240853675639
0.5,all,,,,,,0.8662133590317511,-3.9426848380058335e-05,-1.6481973300951307,3.5386381922982824
0.5,all,,,,,,0.8693518132311416,-8.012278061895453e-05,-2.7338223246392985,4.3354984094095625
0.5,all,,,,,,0.8724902674305319,-5.6920161599667056e-05,6.364638380765956,-1.3229568978996937
0.5,all,,,,,,0.8756287216299223,6.73197072318155e-06,5.493525749912894,0.18127768988634807
0.5,all,,,,,,0.8787671758293129,3.28068260857529e-05,2.908593238902892,1.6685319614325549
0.5,all,,,,,,0.8819056300287031,2.9031308821348402e-06,6.6525728738061325,0.06455505850615814
0.5,all,,,,,,0.8850440842280936,7.648064270643019e-06,8.121690758146123,0.13930233099584088
0.5,all,,,,,,0.8881825384274838,2.6569360301538946e-05,8.571978793250604,0.45851475343428316
0.5,all,,,,,,0.8913209926268744,2.191358796902133e-06,6.418228883667878,0.050507002535419405
0.5,all,,,,,,0.8944594468262649,-5.729666685725169e-06,5.152670935110564,-0.16449407305904318
0.5,all,,,,,,0.8975979010256552,1.4391174339662313e-05,2.001061766873145,1.0638711802802567
0.5,all,,,,,,0.9007363552250456,2.5471154014745226e-05,-4.4603573224886,-0.8447579238849173
0.5,all,,,,,,0.9038748094244361,1.2996892976571147e-05,-0.1733927497095702,-11.08822201301295
0.5,all,,,,,,0.9070132636238264,-1.293232822514701e-05,8.369454820952646,-0.22857717096528482
0.5,all,,,,,,0.9101517178232168,-1.0798847115147976e-05,9.349095343587441,-0.1708681463061475
0.5,all,,,,,,0.9132901720226071,9.02118436400749e-06,2.815117299665693,0.4740458696204069
0.5,all,,,,,,0.9164286262219976,3.0579077674030355e-06,-1.5793317481285452,-0.28642064630566577
0.5,all,,,,,,0.9195670804213881,1.663056178051271e-06,2.4516969910854645,0.10034446688024733
0.5,all,,,,,,0.9227055346207784,1.9379931091394454e-05,5.931386429343007,0.48333618891566477
0.5,all,,,,,,0.9258439888201688,-4.130225837403758e-07,4.217611479864443,-0.014486401992668414
0.5,all,,,,,,0.9289824430195591,-3.2004058811041642e-06,2.3232768732253786,-0.20377804647591732
0.5,all,,,,,,0.9321208972189496,-1.3722219384643493e-06,5.555448820354703,-0.03653915598532609
0.5,all,,,,,,0.93525935141834,-2.3089629785543013e-05,9.559832774602336,-0.3572892736152119
0.5,all,,,,,,0.9383978056177303,-7.06512172877365e-06,7.32355974173861,-0.14270879016031465
0.5,all,,,,,,0.9415362598171209,1.4121490423617287e-05,-0.6808949299194895,-3.0679885860850393
0.5,all,,,,,,0.9446747140165112,8.358038082718552e-06,-0.43606778724522194,-2.83533019921818
0.5,all,,,,,,0.9478131682159016,1.0955457466276829e-05,6.253616591770505,0.25915080960293496
0.5,all,,,,,,0.9509516224152921,1.1731471240711278e-05,1.8214996689278358,0.9527450206848999
0.5,all,,,,,,0.9540900766146824,-2.116221554706914e-05,-0.7211320701237249,4.3410983759258945
0.5,all,,,,,,0.9572285308140729,-1.116698564353073e-05,3.8133168177205565,-0.43319793034465714
0.5,all,,,,,,0.9603669850134632,1.6058870981585914e-05,3.3803376823153966,0.702761929034541
0.5,all,,,,,,0.9635054392128536,-1.5140273819347835e-05,3.7053230894717575,-0.6044507920506829
0.5,all,,,,,,0.9666438934122441,-3.7279142608732854e-05,6.956642625459657,-0.7927194716310758
0.5,all,,,,,,0.9697823476116344,-7.749847799220672e-06,6.083158049100245,-0.18845921476648045
0.5,all,,,,,,0.9729208018110248,3.423263421295885e-05,0.663066718769863,7.637239210744395
0.5,all,,,,,,0.9760592560104153,4.1451321612438124e-05,-2.4022566107517127,-2.5525384266144204
0.5,all,,,,,,0.9791977102098056,-1.1587216679787288e-05,-1.9565955876628773,0.8760549796129764
0.5,all,,,,,,0.9823361644091961,-6.379099101024157e-05,4.373990831253164,-2.1574204189607182
0.5,all,,,,,,0.9854746186085864,-4.014213832532919e-05,9.698245329232527,-0.6122948988412624
0.5,all,,,,,,0.9886130728079768,-1.9320647437360622e-05,8.764410597567291,-0.32610110042439944
0.5,all,,,,,,0.9917515270073674,-4.1228937815240476e-05,9.871410809236195,-0.6178402880777694
0.5,all,,,,,,0.9948899812067576,-4.502996859515209e-06,8.0381686575616,-0.08287009444118133
0.5,all,,,,,,0.998028435406148,4.9344953015127765e-05,4.264804471062752,1.7115788806078325
0.5,all,,,,,,1.0011668896055383,3.440214542806251e-06,1.4648433202113231,0.34741427272445097
0.5,all,,,,,,1.004305343804929,-5.593465002452387e-05,1.925673512694742,-4.296863646903775
0.5,all,,,,,,1.0074437980043194,-4.4055995011225754e-05,7.522855699113991,-0.8663145068829136
0.5,all,,,,,,1.0105822522037096,-3.640429640384996e-05,6.1739942192500985,-0.8722474877809625
0.5,all,,,,,,1.0137207064031002,-4.329675863144794e-05,-0.14949812928587303,42.84231503091361
0.5,all,,,,,,1.0168591606024904,-2.0341506810820898e-05,1.712526380594147,-1.75711082454099
0.5,all,,,,,,1.0199976148018808,-2.3226624641470717e-05,8.77103435783767,-0.3917315881999949
0.5,all,,,,,,1.0231360690012714,-3.0886682821628384e-05,7.497900441742733,-0.609375378595618
0.5,all,,,,,,1.0262745232006616,6.8155035090668116e-06,4.001492526136077,0.2519586308556398
0.5,all,,,,,,1.0294129774000522,3.416423408522522e-06,3.256233189331164,0.15520635310753425
0.5,all,,,,,,1.0325514315994424,-4.144485144271078e-05,0.2993471630573222,-20.48088620989853
0.5,all,,,,,,1.0356898857988328,-3.3174487957406284e-05,1.768392281355946,-2.775101816769705
0.5,all,,,,,,1.0388283399982234,1.42007740210154e-05,6.205372862527006,0.3385302160990646
0.5,all,,,,,,1.0419667941976136,3.567875321107164e-05,6.542684146670354,0.8066906416886606
0.5,all,,,,,,1.045105248397004,3.1015038099264546e-06,6.848558466901312,0.06699254170989154
0.5,all,,,,,,1.0482437025963947,-2.084031205553964e-05,7.031168042427715,-0.4384600652616477
0.5,all,,,,,,1.0513821567957848,-5.521419763780437e-06,5.811878555692137,-0.1405359839746141
0.5,all,,,,,,1.0545206109951752,-1.787405540289859e-05,7.916471682864218,-0.3339986728753256
0.5,all,,,,,,1.0576590651945657,-3.161951349644195e-05,8.027289912762928,-0.5826926491692526
0.5,all,,,,,,1.060797519393956,-2.5676667342204757e-05,6.966931892850003,-0.5451931538515821
0.5,all,,,,,,1.0639359735933467,-1.3280513099367212e-05,5.546290084721042,-0.3542138823761479
0.5,all,,,,,,1.0670744277927369,5.315868949056104e-06,0.7584468803447584,1.03681769506735
0.5,all,,,,,,1.0702128819921273,-5.9331403564592836e-06,-2.7693439018777615,0.3169283107411146
0.5,all,,,,,,1.0733513361915177,6.650495972937248e-06,2.2091103392709766,0.44533818068736625
0.5,all,,,,,,1.076489790390908,5.772572295873668e-05,7.884654055220834,1.0830288900673226
0.5,all,,,,,,1.0796282445902985,6.789463224552786e-05,2.66038935342762,3.7752311099746536
0.5,all,,,,,,1.082766698789689,1.6204846847681494e-05,2.610685970151623,0.9182133434856532
0.5,all,,,,,,1.0859051529890793,-2.965136964787621e-05,8.058019116462317,-0.5443393992734146
0.5,all,,,,,,1.0890436071884697,9.388341683372797e-06,3.8560813937139033,0.36016043219195015
0.5,all,,,,,,1.0921820613878601,1.3336544389612229e-08,1.2508186650623667,0.0015772562811877415
0.5,all,,,,,,1.0953205155872505,-6.12409882172438e-05,4.260970052321803,-2.126116276897915
0.5,all,,,,,,1.098458969786641,-3.204603250373839e-05,1.8845773654587075,-2.515437911709277
0.5,all,,,,,,1.1015974239860313,-2.7075334621505478e-06,2.14166964117354,-0.18701423123413735
0.5,all,,,,,,1.1047358781854217,4.883961659067787e-06,5.53111021919667,0.13062107004441312
0.5,all,,,,,,1.1078743323848121,2.3544023080936353e-05,1.0616931041737325,3.2804617806542375
0.5,all,,,,,,1.1110127865842025,1.287211842428185e-06,-2.170647852896437,-0.08772309740054633
0.5,all,,,,,,1.114151240783593,-1.808045629354787e-05,-0.2552479851312399,10.478530166214997
0.5,all,,,,,,1.1172896949829834,3.701562149932958e-05,7.02064490862851,0.7799402654615472
0.5,all,,,,,,1.1204281491823738,9.412249695671938e-05,16.048434266796253,0.8675890784049818
0.5,all,,,,,,1.1235666033817642,5.2757259588459814e-05,14.74577108830079,0.5292587477965155
0.5,all,,,,,,1.1267050575811546,-3.5500053405176966e-06,9.735417350487436,-0.05394208590196703
0.5,all,,,,,,1.129843511780545,-2.8291337615334734e-05,5.671628451569569,-0.7379025531082344
0.5,all,,,,,,1.1329819659799354,-5.633313168973422e-05,-2.177539832724226,3.8269350480597724
0.5,all,,,,,,1.1361204201793258,-3.124535792088738e-05,-4.083071930715399,1.132013945731623
0.5,all,,,,,,1.1392588743787162,-2.0713379016833905e-06,2.0015778002279814,-0.15308469756548287
0.5,all,,,,,,1.1423973285781066,-1.5772538582027125e-05,1.7716488950245464,-1.3169741324732027
0.5,all,,,,,,1.145535782777497,-1.1662125734367624e-05,0.2949578875387502,-5.848857079727908
0.5,all,,,,,,1.1486742369768874,1.4291053545786422e-05,2.603353422666653,0.8120530839207873
0.5,all,,,,,,1.1518126911762778,3.5756169718546855e-05,5.633551764463923,0.9389057631608139
0.5,all,,,,,,1.1549511453756682,2.338991750329887e-05,5.42328143263169,0.6379987855921769
0.5,all,,,,,,1.1580895995750586,5.332284714966874e-07,-0.5593549326220315,-0.14101949728963298
0.5,all,,,,,,1.1612280537744488,5.354012750848903e-06,1.2582977091375072,0.6294326968795483
0.5,all,,,,,,1.1643665079738394,7.679073460303902e-06,2.695795490130192,0.4213812274076218
0.5,all,,,,,,1.1675049621732299,2.7297652056192488e-05,0.10456902603289764,38.61673348880127
0.5,all,,,,,,1.1706434163726203,1.8518185552484735e-05,1.5446325770423295,1.7734810217869577
0.5,all,,,,,,1.1737818705720107,-2.1863033186382347e-05,1.028989312363243,-3.143061320465493
0.5,all,,,,,,1.176920324771401,1.8327386564226947e-05,8.27686597608852,0.3275577817069704
0.5,all,,,,,,1.1800587789707915,4.088315701365612e-05,11.950801877914582,0.5060584514531596
0.5,all,,,,,,1.1831972331701819,-1.0119645021351448e-05,3.709211112121566,-0.40358687150263217
0.5,all,,,,,,1.186335687369572,-2.448331534808396e-05,3.9067383552780157,-0.9270629056491513
0.5,all,,,,,,1.1894741415689627,-1.7033979588848495e-05,4.625357766357098,-0.5447836887632984
0.5,all,,,,,,1.192612595768353,-1.020766431756784e-05,1.792413873763671,-0.8424446700261407
0.5,all,,,,,,1.1957510499677435,3.223700602590761e-05,4.299220057213942,1.1092216286191516
0.5,all,,,,,,1.198889504167134,4.22158248088749e-05,6.717056664666995,0.9297144285240112
0.5,all,,,,,,1.202027958366524,1.3120922534647811e-05,7.848471477582613,0.24730482585472205
0.5,all,,,,,,1.2051664125659147,9.295912035558971e-06,4.102595088802124,0.3351866042681581
0.5,all,,,,,,1.2083048667653051,7.145385901145884e-06,-0.5755516077115355,-1.8365160213747318
0.5,all,,,,,,1.2114433209646953,-3.513485641007278e-05,2.779057890512054,-1.8702251521034134
0.5,all,,,,,,1.214581775164086,-7.240558307550344e-05,4.243408162776579,-2.524123218760158
0.5,all,,,,,,1.2177202293634761,-5.213726081700071e-05,3.7130107849792537,-2.077185603148387
0.5,all,,,,,,1.2208586835628668,-3.061012333126897e-05,6.002676143153495,-0.7543510003135794
0.5,all,,,,,,1.2239971377622572,-3.370548805226623e-05,5.9316857967648735,-0.840573677277764
0.5,all,,,,,,1.2271355919616473,-2.2732108519234524e-06,6.311179069735582,-0.05328224582880064
0.5,all,,,,,,1.230274046161038,2.996528003593846e-05,1.8980357539028416,2.335432156118329
0.5,all,,,,,,1.2334125003604282,5.554520692009511e-06,-2.407762397105567,-0.34126069065994424
0.5,all,,,,,,1.2365509545598186,2.413051878807225e-05,7.741023317738181,0.46112809954170164
0.5,all,,,,,,1.2396894087592092,4.487929896948701e-05,11.313545176148917,0.5868142521493103
0.5,all,,,,,,1.2428278629585994,-2.590444174951682e-05,-0.33348434576783537,11.490848247945413
0.5,all,,,,,,1.24596631715799,-5.5224699051698145e-05,-2.168554486824917,3.7671795792442344
0.5,all,,,,,,1.2491047713573804,-3.463756596536056e-05,5.686250337915102,-0.901103536819049
0.5,all,,,,,,1.2522432255567706,-2.5468880916782192e-05,8.151305129627787,-0.4622064656543258
0.5,all,,,,,,1.2553816797561612,-2.832193154817823e-06,6.8857736829682565,-0.060844794460323225
0.5,all,,,,,,1.2585201339555514,-6.32422592667846e-06,1.72171265098629,-0.5433754460421936
0.5,all,,,,,,1.2616585881549418,-4.001528328359834e-05,-2.273534058112502,2.603620817977508
0.5,all,,,,,,1.2647970423543324,-4.219223667393489e-05,1.0903081585431464,-5.724487229023444
0.5,all,,,,,,1.2679354965537226,-3.2875336020515115e-06,3.6036984816887587,-0.13495067393571655
0.5,all,,,,,,1.271073950753113,1.8834447917035645e-05,4.636112229176882,0.6009692597470613
0.5,all,,,,,,1.2742124049525034,2.9555333300583497e-05,3.0476965855620284,1.4345557709551742
0.5,all,,,,,,1.2773508591518938,4.77039090655309e-05,0.8834397812117007,7.987857726085616
0.5,all,,,,,,1.2804893133512845,4.124716830338494e-05,4.340973637626567,1.405595293875462
0.5,all,,,,,,1.2836277675506746,2.2749382706815188e-05,4.581126740204336,0.7345994753410001
0.5,all,,,,,,1.286766221750065,3.5980168534895276e-06,3.101794317832691,0.1715945544067249
0.5,all,,,,,,1.2899046759494555,-1.4978711274118945e-05,2.9404321210102298,-0.7535578446464689
0.5,all,,,,,,1.2930431301488459,-2.009920954134061e-05,0.39929503158472057,-7.446263073974387
0.5,all,,,,,,1.2961815843482363,-2.993508017752689e-05,4.491692231795009,-0.9858792788839543
0.5,all,,,,,,1.2993200385476267,-4.726354636321659e-05,9.43005089084005,-0.7414221780170563
0.5,all,,,,,,1.302458492747017,-1.943929613175999e-05,7.285126163744199,-0.3947269351024893
0.5,all,,,,,,1.3055969469464077,3.97570366828645e-05,2.9549910389021923,1.9902660843247952
0.5,all,,,,,,1.308735401145798,4.538167378786089e-05,-1.2251477750329904,-5.47955560140742
0.5,all,,,,,,1.3118738553451883,-1.0811886360174204e-05,2.1877585355201994,-0.7310639850929672
0.5,all,,,,,,1.3150123095445787,-5.944903755621925e-05,7.50793042312292,-1.171326294900126
0.5,all,,,,,,1.3181507637439691,-5.5512964162095384e-05,6.839214397456625,-1.2007193326340828
0.5,all,,,,,,1.3212892179433595,-2.0250267492114902e-05,4.7628532640555425,-0.6289510790988047
0.5,all,,,,,,1.32442767214275,-1.4513553604367018e-05,3.5750940505019946,-0.6005367564973366
0.5,all,,,,,,1.3275661263421403,-3.843983707596012e-05,0.7968953443443836,-7.135650210170693
0.5,all,,,,,,1.3307045805415307,-1.8600975612576113e-05,-0.48277121960782954,5.699643018411617
0.5,all,,,,,,1.3338430347409211,2.6852911418018334e-05,3.2205791143356204,1.2334192184819301
0.5,all,,,,,,1.3369814889403115,3.7793637812760576e-05,5.065122826871639,1.103778726690007
0.5,all,,,,,,1.340119943139702,2.7085949790160867e-05,7.566188366677582,0.5295661582895874
0.5,all,,,,,,1.3432583973390924,-7.839160309087345e-06,9.091694658326887,-0.12754927904615995
0.5,all,,,,,,1.3463968515384828,-3.815654581447168e-05,4.8623259370277365,-1.1608558358926004
0.5,all,,,,,,1.3495353057378732,-4.3798811480460684e-05,-1.3714935663798395,4.724130162294974
0.5,all,,,,,,1.3526737599372636,-6.001529824039668e-05,-2.322532819259059,3.8225520968594187
0.5,all,,,,,,1.355812214136654,-3.587866347973949e-05,3.818144933370391,-1.3900715374126762
0.5,all,,,,,,1.3589506683360444,-1.9003475344091943e-05,9.539788487389405,-0.2946779161242035
0.5,all,,,,,,1.3620891225354348,-2.2037043289314542e-05,6.883431573973235,-0.47358902479314174
0.5,all,,,,,,1.3652275767348252,2.85405514297848e-05,-6.054078860051604,-0.6973769521630655
0.5,all,,,,,,1.3683660309342156,1.3974938197757695e-05,-6.286431505424304,-0.32885088275922025
0.5,all,,,,,,1.371504485133606,-5.428449641927928e-05,4.925077337028091,-1.630482203644577
0.5,all,,,,,,1.3746429393329964,-3.7177028278125474e-05,9.029714221742198,-0.609051434089718
0.5,all,,,,,,1.3777813935323868,3.4489047039490455e-05,11.158595898501256,0.4572197149027359
0.5,all,,,,,,1.3809198477317772,5.309355889624016e-05,5.431425013351918,1.4460434859160143
0.5,all,,,,,,1.3840583019311676,7.805201199672568e-06,-0.9593125357630792,-1.2035864424134821
0.5,all,,,,,,1.387196756130558,-5.595450927824654e-05,1.2196788128434641,-6.786454093297663
0.5,all,,,,,,1.3903352103299484,-6.020849809221186e-05,1.8092537630546792,-4.922793441082556
0.5,all,,,,,,1.3934736645293389,8.213705954206907e-06,0.7836567929705416,1.550481371943825
0.5,all,,,,,,1.3966121187287293,6.842034256336313e-06,0.7574502721517078,1.3362398592120996
0.5,all,,,,,,1.3997505729281197,-4.393707585651467e-05,0.8149136424579115,-7.975774481811242
0.5,all,,,,,,1.4028890271275098,-2.9049951135403618e-05,2.9320846718681057,-1.4656227669162027
0.5,all,,,,,,1.4060274813269005,3.951629465991811e-05,5.4896595110733735,1.0648393961649958
0.5,all,,,,,,1.4091659355262909,5.440985558730139e-05,6.478925097126696,1.2423040989919172
0.5,all,,,,,,1.4123043897256813,-1.9409926922553642e-05,5.395365258252901,-0.5321773091233801
0.5,all,,,,,,1.4154428439250717,-3.9677948236762486e-05,2.654772465179561,-2.2109310861555445
0.5,all,,,,,,1.4185812981244619,-4.758966732949639e-06,0.35386284731323747,-1.989440731130989
0.5,all,,,,,,1.4217197523238525,-1.876284023924647e-05,-0.9472013511537445,2.930283069537401
0.5,all,,,,,,1.424858206523243,-3.0067737798808415e-05,2.802385222245818,-1.5871801533979701
0.5,all,,,,,,1.427996660722633,-8.831776930006867e-07,5.8620481386167675,-0.02228702061679473
0.5,all,,,,,,1.4311351149220237,4.5966227493655926e-05,7.265830168878249,0.9358514632016658
0.5,all,,,,,,1.434273569121414,5.41039055542482e-05,9.489627552882112,0.8433983609991269
0.5,all,,,,,,1.4374120233208045,-5.1468630124755386e-06,4.777904027415136,-0.15935235696427064
0.5,all,,,,,,1.440550477520195,-3.0059071009110275e-05,1.4418211154094132,-3.0840220675917274
0.5,all,,,,,,1.4436889317195851,2.273075860934126e-06,4.44485610256295,0.07565010381057868
0.5,all,,,,,,1.4468273859189758,1.0438472621045006e-05,6.542157855972503,0.23603110603373167
0.5,all,,,,,,1.4499658401183662,-4.137623629377264e-05,4.541374982897431,-1.347773534870404
0.5,all,,,,,,1.4531042943177563,-4.294588206659468e-05,-0.47656094998094867,13.330805082467645
0.5,all,,,,,,1.456242748517147,-1.6427526999289989e-07,1.6078852413537847,-0.015113687729527259
0.5,all,,,,,,1.4593812027165372,-2.6098707104467454e-05,3.8991032402588077,-0.9901649817741898
0.5,all,,,,,,1.4625196569159278,-7.2612578079519805e-06,6.254487579600074,-0.17174077806309906
0.5,all,,,,,,1.4656581111153182,-4.1189775459528155e-06,13.184084279803034,-0.04621604292654817
0.5,all,,,,,,1.4687965653147084,-4.0631778022218744e-05,7.765730397059015,-0.7739926244285246
0.5,all,,,,,,1.471935019514099,3.146353832988374e-05,-1.3347464384396002,-3.487081472094303
0.5,all,,,,,,1.4750734737134892,5.2847753486828206e-05,-4.075636290683137,-1.9181581611478986
0.5,all,,,,,,1.4782119279128796,1.0782731221206221e-05,0.31013385754346334,5.1431939603534955
0.5,all,,,,,,1.4813503821122702,1.089036720349312e-05,5.976576563490921,0.2695524851880262
0.5,all,,,,,,1.4844888363116604,2.602123396368595e-05,4.215687176301904,0.9130883777811496
0.5,all,,,,,,1.4876272905110508,2.5485438009458277e-05,1.9198189989714374,1.9637451293687478
0.5,all,,,,,,1.4907657447104412,-3.595832759885194e-05,2.191372954225714,-2.4273728578889395
0.5,all,,,,,,1.4939041989098316,-4.7522557479816863e-05,7.269369130500316,-0.9670666048223397
0.5,all,,,,,,1.4970426531092222,8.282707329911034e-08,5.674179009826825,0.0021593477425973936
0.5,all,,,,,,1.5001811073086124,3.4127466032932023e-06,2.046082577864736,0.24673694871672375
0.5,all,,,,,,1.5033195615080028,-9.277620443848184e-06,7.363160244561823,-0.1863913067428465
0.5,all,,,,,,1.5064580157073932,2.361077169381477e-06,5.6582636109835205,0.061727730383677064
0.5,all,,,,,,1.5095964699067836,7.206346471137309e-06,-1.7466619737673867,-0.6103227759567271
0.5,all,,,,,,1.512734924106174,6.00509477913272e-06,-2.758651000646748,-0.32201522767503254
0.5,all,,,,,,1.5158733783055645,2.599578777935573e-05,3.5831661435958093,1.0732214422890212
0.5,all,,,,,,1.5190118325049549,9.381335976089645e-06,8.526669964599716,0.16275657435525598
0.5,all,,,,,,1.5221502867043455,-1.9798299818060606e-05,6.745023575904812,-0.43420790804920323
0.5,all,,,,,,1.5252887409037357,-3.328406314294446e-05,1.148282484360723,-4.287863001295055
0.5,all,,,,,,1.528427195103126,-2.599228509538385e-05,-2.9011147024610535,1.325356968758512
0.5,all,,,,,,1.5315656493025165,1.0861674259763518e-06,1.8404951510577956,0.08730023256941685
0.5,all,,,,,,1.534704103501907,-2.048653072752204e-05,6.680006898894543,-0.45367496301104876
0.5,all,,,,,,1.5378425577012973,-4.2696775108744434e-05,5.4639694326979145,-1.155952841650352
0.5,all,,,,,,1.5409810119006877,-2.364652440173942e-05,5.28596243874957,-0.6617539584961798
0.5,all,,,,,,1.544119466100078,4.296772848753657e-06,1.0835557695517166,0.5866032032495686
0.5,all,,,,,,1.5472579202994685,-5.765577101683874e-06,-2.39640003138609,0.3559071982092379
0.5,all,,,,,,1.550396374498859,-4.402720085851182e-05,4.393145112318026,-1.4825140915607744
0.5,all,,,,,,1.5535348286982493,-6.743341982324479e-06,7.786195349497801,-0.12811594770303134
0.5,all,,,,,,1.5566732828976397,5.1680003486436413e-05,2.483576355854346,3.078210545822481
0.5,all,,,,,,1.5598117370970301,2.2433678201653183e-05,2.4656132357877985,1.345949722276032
0.5,all,,,,,,1.5629501912964205,-3.0530868443855736e-05,6.640461399687241,-0.6801335608377795
0.5,all,,,,,,1.566088645495811,-5.3114481190873666e-05,4.999621079115697,-1.5715534536444526
0.5,all,,,,,,1.5692270996952014,-3.669745648774708e-05,-0.2857793449123839,18.995836894004942
0.5,all,,,,,,1.572365553894592,1.8262299265169905e-05,-0.7295444320146779,-3.7030281383629617
0.5,all,,,,,,1.5755040080939822,4.8902466168153436e-05,6.139017393882834,1.1783795621158215
0.5,all,,,,,,1.5786424622933726,4.338367418498395e-05,7.524382228051537,0.8529209558063938
0.5,all,,,,,,1.5817809164927632,3.345677095661515e-05,2.935458603048459,1.686014739820319
0.5,all,,,,,,1.5849193706921534,3.752826705325866e-05,1.651613439949631,3.3612700530155855
0.5,all,,,,,,1.5880578248915438,3.117062933321674e-05,3.730187087140285,1.2361417093765232
0.5,all,,,,,,1.591196279090934,-2.497483578887242e-05,6.245025444540104,-0.5915912382490036
0.5,all,,,,,,1.5943347332903246,-4.054357967411942e-05,4.99090330331803,-1.2017004925185981
0.5,all,,,,,,1.597473187489715,-3.025817808816171e-06,2.5603751857898938,-0.17482054474685527
0.5,all,,,,,,1.6006116416891052,-5.793592191789089e-06,0.45172090277279997,-1.8972782968350246
0.5,all,,,,,,1.6037500958884958,-1.3489832706381978e-05,0.6614866062293574,-3.0167464674393893
0.5,all,,,,,,1.6068885500878862,1.7462246245493546e-05,2.9804584939917333,0.866703068246076
0.5,all,,,,,,1.6100270042872764,2.282395531177038e-05,5.187041431865423,0.650915323236132
0.5,all,,,,,,1.613165458486667,-5.9855248791210315e-06,8.567728205633411,-0.1033450937255459
0.5,all,,,,,,1.6163039126860574,2.757719677421128e-05,7.238313289638916,0.563593590826341
0.5,all,,,,,,1.6194423668854476,4.253236048094135e-05,3.8615098109877746,1.6293547368470793
0.5,all,,,,,,1.6225808210848385,-5.912975767620167e-06,3.0563812847662453,-0.2861882978082557
0.5,all,,,,,,1.6257192752842287,-2.126213526529949e-05,1.5157976598473863,-2.075004049132594
0.5,all,,,,,,1.628857729483619,2.941942609509585e-06,-0.20820216416195692,-2.0902693909351746
0.5,all,,,,,,1.6319961836830092,1.68958285527065e-05,2.4614421197616516,1.0154140541968242
0.5,all,,,,,,1.6351346378823999,-3.4769792249631694e-05,4.620527998630226,-1.113175895369999
0.5,all,,,,,,1.6382730920817903,-3.891291922246187e-05,-1.2678430201356603,4.540269501810775
0.5,all,,,,,,1.6414115462811805,1.5753529713920043e-05,-1.6242173943731175,-1.4347856462488926
0.5,all,,,,,,1.644550000480571,5.8483215068871775e-06,5.4527419828595685,0.15866078393336325
0.5,all,,,,,,1.6476884546799615,-1.8196785959772308e-05,6.456848307626174,-0.4168956918796666
0.5,all,,,,,,1.6508269088793517,-1.8273507171708587e-05,4.429340657875662,-0.6102898248455968
0.5,all,,,,,,1.6539653630787423,5.5304026138549185e-06,6.471437269123791,0.12641811417132645
0.5,all,,,,,,1.6571038172781327,4.413609005875113e-05,6.490670134950534,1.0059065195724137
0.5,all,,,,,,1.660242271477523,3.4117671501798026e-05,1.4891841312539023,3.389099252259805
0.5,all,,,,,,1.6633807256769133,6.586810116790224e-06,2.6373648420109146,0.3694521816892488
0.5,all,,,,,,1.666519179876304,2.2810735766596013e-05,6.144811307242341,0.549141222980264
0.5,all,,,,,,1.6696576340756941,1.5536567041873337e-05,1.0161167432450733,2.2618549977486313
0.5,all,,,,,,1.6727960882750845,-4.530564715985501e-05,-0.8143855231879193,8.229540702534013
0.5,all,,,,,,1.6759345424744752,-6.453259240491742e-05,3.2244446049733346,-2.9605847361413473
0.5,all,,,,,,1.6790729966738653,-1.0876897393017505e-05,2.732138998957584,-0.588918971803867
0.5,all,,,,,,1.6822114508732557,2.904940356932068e-05,3.4749788460920596,1.2366259591907265
0.5,all,,,,,,1.6853499050726464,2.7935220106003955e-05,5.010987692203246,0.8246735501253926
0.5,all,,,,,,1.6884883592720368,-7.850454062545793e-06,2.145187886012073,-0.5413557386457337
0.5,all,,,,,,1.691626813471427,-3.150250525022112e-05,-0.8660415640013783,5.38095872815082
0.5,all,,,,,,1.6947652676708176,1.1739252839469875e-05,0.31775380742585924,5.465161465396746
0.5,all,,,,,,1.697903721870208,1.5196642603854932e-05,5.998623245121575,0.3747566669823641
0.5,all,,,,,,1.7010421760695982,-2.6290804514135958e-05,3.7014903492722477,-1.0507044186051655
0.5,all,,,,,,1.7041806302689886,-2.9430697614014754e-05,-1.198903316269239,3.6313632918667675
0.5,all,,,,,,1.7073190844683792,-4.846051163901584e-06,3.9543068901251788,-0.18128878052943556
0.5,all,,,,,,1.7104575386677694,6.8949282396635685e-06,4.656407902345906,0.21904434064999817
0.5,all,,,,,,1.7135959928671598,2.6256828235241094e-06,2.578191935634507,0.1506538801460188
0.5,all,,,,,,1.7167344470665504,1.1138342509265962e-05,3.1429503489965875,0.5242474809288314
0.5,all,,,,,,1.7198729012659406,-3.499670678126027e-06,1.5914212393795384,-0.32530844142700766
0.5,all,,,,,,1.723011355465331,-3.138424695793461e-05,1.8076596184981837,-2.5683154256617424
0.5,all,,,,,,1.7261498096647216,-2.8235287220706772e-05,3.1704930903861177,-1.3174031663606478
0.5,all,,,,,,1.7292882638641118,-7.139570319251956e-06,3.3281038938441165,-0.317342693977844
0.5,all,,,,,,1.7324267180635022,2.7220618302870777e-05,3.47323330350884,1.1593573860381405
0.5,all,,,,,,1.7355651722628924,5.2646632976037196e-05,3.6455468107086357,2.1362950093294275
0.5,all,,,,,,1.7387036264622833,4.589189025706907e-05,4.206574821092492,1.613840583138663
0.5,all,,,,,,1.7418420806616735,2.6618231226918297e-06,4.899495383348815,0.08036762689979529
0.5,all,,,,,,1.7449805348610639,-3.654505877298635e-05,3.455496990206485,-1.5644851661882375
0.5,all,,,,,,1.7481189890604545,-3.3527586739052248e-06,3.309881711630445,-0.14984529999683968
0.5,all,,,,,,1.7512574432598447,5.3818676324834236e-05,1.8596000234455576,4.281212385043712
0.5,all,,,,,,1.754395897459235,5.5691066339895334e-05,0.23011489913951388,35.800912734758285
0.5,all,,,,,,1.7575343516586257,7.677257941380868e-06,4.342701749660107,0.26151670320713516
0.5,all,,,,,,1.7606728058580159,-2.1923502641363458e-05,6.178274271295537,-0.5249235547177042
0.5,all,,,,,,1.7638112600574063,1.328890761607555e-05,4.222227159329615,0.4655871562386457
0.5,all,,,,,,1.766949714256797,3.5029306298951324e-05,1.7671938791361068,2.93224761889551
0.5,all,,,,,,1.770088168456187,2.011603201064338e-05,-0.037946130255647414,-78.42023311006311
0.5,all,,,,,,1.7732266226555775,-1.7696475707622978e-06,3.455737645814887,-0.075752910624174
0.5,all,,,,,,1.7763650768549677,-2.628696378715485e-05,5.299262206759142,-0.7338010384853197
0.5,all,,,,,,1.7795035310543583,7.197033284129012e-06,-0.9915454050473005,-1.0737278279769116
0.5,all,,,,,,1.7826419852537487,4.225657535537023e-05,-1.8365257939865196,-3.40369446820388
0.5,all,,,,,,1.785780439453139,-1.6020844176301086e-07,3.891169250636855,-0.006090578976923884
0.5,all,,,,,,1.7889188936525298,-2.32938390554351e-05,3.940822080260349,-0.8743947606917701
0.5,all,,,,,,1.79205734785192,-1.1524849249242117e-05,2.9999039470110005,-0.5683046479189526
0.5,all,,,,,,1.7951958020513104,-1.8263010606787124e-05,5.003539620136787,-0.5399435186070144
0.5,all,,,,,,1.798334256250701,1.951992429543024e-05,7.916394765723035,0.3647572981199678
0.5,all,,,,,,1.8014727104500912,6.73086569525018e-05,6.6860791529837735,1.489198929331719
0.5,all,,,,,,1.8046111646494816,3.4184075506622185e-05,2.8438970990418815,1.778128999481077
0.5,all,,,,,,1.8077496188488722,-3.952061272533701e-05,2.7029968157054785,-2.162875091834223
0.5,all,,,,,,1.8108880730482624,-7.899741336991581e-05,1.1700390475049531,-9.987707606748476
0.5,all,,,,,,1.8140265272476528,-5.308913776736951e-05,1.3010950192715487,-6.0360101532394115
0.5,all,,,,,,1.817164981447043,9.204140405098933e-06,5.493571632629602,0.2478459047364373
0.5,all,,,,,,1.8203034356464336,2.2068585540696956e-05,5.518089673330995,0.5916148256241998
0.5,all,,,,,,1.823441889845824,-3.758073798891366e-05,2.4765571569109186,-2.2447617459897553
0.5,all,,,,,,1.8265803440452142,-6.096701769941232e-05,0.6009338715939259,-15.007956826569302
0.5,all,,,,,,1.8297187982446048,-9.439550097835521e-06,2.26752066806635,-0.615819370571896
0.5,all,,,,,,1.8328572524439952,2.6021679849978018e-05,2.4298817681729257,1.5841762241161919
0.5,all,,,,,,1.8359957066433854,3.0099318146670424e-05,1.317894578944542,3.378541749205952
0.5,all,,,,,,1.8391341608427763,4.134440198023501e-07,5.084513055332561,0.012028754237297802
0.5,all,,,,,,1.8422726150421664,-4.002320170202698e-05,3.432460503921867,-1.724882765873259
0.5,all,,,,,,1.8454110692415568,-6.930730986670577e-07,1.0712539865040682,-0.09570616082025248
0.5,all,,,,,,1.848549523440947,1.7628065722372126e-05,3.436662966497904,0.758788992507478
0.5,all,,,,,,1.8516879776403377,-3.102608758722765e-05,5.3524005351716175,-0.8574952298403656
0.5,all,,,,,,1.854826431839728,-2.228235859439501e-05,7.813200032556486,-0.4218766803521172
0.5,all,,,,,,1.8579648860391182,-8.650011747146235e-07,3.5426332841516204,-0.03611967239975068
0.5,all,,,,,,1.8611033402385089,4.245960933375546e-06,0.4361195254332497,1.4402031855035942
0.5,all,,,,,,1.8642417944378993,4.019654545494929e-06,5.454316036206821,0.10901888514129984
0.5,all,,,,,,1.8673802486372895,-1.4862531535464295e-05,3.378576571369446,-0.6507472283437286
0.5,all,,,,,,1.87051870283668,-1.7481626513588192e-05,0.9748452335663746,-2.6527692150950384
0.5,all,,,,,,1.8736571570360705,-7.485650809838822e-06,3.1290374491334383,-0.3538931100557859
0.5,all,,,,,,1.8767956112354607,-8.567668710279991e-06,0.18549778039390358,-6.832462422220972
0.5,all,,,,,,1.8799340654348513,-2.0658816602186164e-05,1.489280145143607,-2.052023569150983
0.5,all,,,,,,1.8830725196342417,6.652039919154343e-06,5.3191677368016785,0.18499690600678056
0.5,all,,,,,,1.886210973833632,4.4493163878954524e-05,3.497339518009936,1.8819531081505958
0.5,all,,,,,,1.8893494280330223,4.298902804638789e-05,3.0731354224400205,2.069327511265991
0.5,all,,,,,,1.892487882232413,1.4498303634283673e-05,3.4984173363261535,0.6130542089010563
0.5,all,,,,,,1.8956263364318031,-1.5902154520676956e-05,0.3043907975767022,-7.728189356318709
0.5,all,,,,,,1.8987647906311935,-6.510372928663408e-06,2.0498475314997,-0.4698266108293106
0.5,all,,,,,,1.9019032448305841,1.813243794867099e-05,5.537894593349715,0.48435615030259427
0.5,all,,,,,,1.9050416990299746,5.096536660888488e-06,2.829581846104262,0.26644415413872835
0.5,all,,,,,,1.9081801532293647,-7.430700776219016e-06,2.5164838257657918,-0.4368063406178089
0.5,all,,,,,,1.9113186074287554,1.1292725967267912e-05,4.679854817347404,0.35696013188246345
0.5,all,,,,,,1.9144570616281458,-7.095960160319879e-06,4.06325122693586,-0.2583394897193246
0.5,all,,,,,,1.917595515827536,-3.5873273794479256e-05,1.4124335786910835,-3.7571305206389956
0.5,all,,,,,,1.9207339700269264,-3.1885753032678494e-05,1.2095484286646712,-3.899659790311439
0.5,all,,,,,,1.923872424226317,-2.3620841496345256e-05,3.9033183943041294,-0.8951889056868753
0.5,all,,,,,,1.9270108784257072,7.903451534801366e-06,4.118229960280602,0.2838961511624727
0.5,all,,,,,,1.9301493326250976,9.104039598126073e-06,2.774338709247985,0.4854315067413621
0.5,all,,,,,,1.9332877868244882,-2.800987793663187e-05,3.7268494328214636,-1.111789768338513
0.5,all,,,,,,1.9364262410238784,-1.4360880156876067e-05,5.418146107104896,-0.392088089497098
0.5,all,,,,,,1.9395646952232688,7.590570418987295e-07,4.018241813307132,0.02794419795436856
0.5,all,,,,,,1.9427031494226594,-2.2837466975163885e-05,1.1161716257213246,-3.0267061437373846
0.5,all,,,,,,1.9458416036220496,-1.4418241480440448e-05,1.5950789902295148,-1.3371600853059564
0.5,all,,,,,,1.94898005782144,1.8185461015479806e-05,2.8611377959656803,0.9402402634175341
0.5,all,,,,,,1.9521185120208306,1.6276232546253265e-05,2.799447505325953,0.8600721047438566
0.5,all,,,,,,1.955256966220221,-2.9768747941167886e-05,3.344602805909548,-1.3166469065509958
0.5,all,,,,,,1.9583954204196112,-5.2612315404582786e-05,2.6250028938343366,-2.9649060244655976
0.5,all,,,,,,1.9615338746190016,-3.652469951795545e-05,4.529536405770153,-1.1928510061175834
0.5,all,,,,,,1.9646723288183923,-1.334832656248702e-05,7.580445264615682,-0.260486614196016
0.5,all,,,,,,1.9678107830177824,1.536163122686679e-05,4.723378844780725,0.481102771879702
0.5,all,,,,,,1.9709492372171729,3.768786433668837e-06,0.48732656319244316,1.144022977925639
0.5,all,,,,,,1.9740876914165635,1.357148794945707e-06,1.2528540704514706,0.16024344797372295
0.5,all,,,,,,1.9772261456159537,1.6495800809347823e-05,2.1449048099434114,1.1376762311340545
0.5,all,,,,,,1.980364599815344,6.942950749531196e-06,2.438762965843354,0.4211412649485106
0.5,all,,,,,,1.9835030540147347,-2.0545702029117695e-06,4.593454970457184,-0.06616599168687724
0.5,all,,,,,,1.9866415082141249,4.684910168515945e-06,2.622932862052666,0.26422103997533347
0.5,all,,,,,,1.9897799624135153,2.562698283648564e-05,0.80454305192288,4.711958898058968
0.5,all,,,,,,1.9929184166129055,8.382636391748501e-06,2.708961265015354,0.4577529347532169
0.5,all,,,,,,1.996056870812296,-1.120420006517454e-05,3.215605057830148,-0.5154320929767955
0.5,all,,,,,,1.9991953250116865,-9.762538652124548e-06,0.09975556838840094,-14.477011617845196
0.5,all,,,,,,2.0023337792110767,-2.5511874698756927e-05,-0.39814750402117527,9.478763330772656
0.5,all,,,,,,2.0054722334104675,-1.553578669491811e-05,5.0134023168116775,-0.4584099086478996
0.5,all,,,,,,2.008610687609858,6.80274105559428e-06,5.818274919082418,0.17295893634376505
0.5,all,,,,,,2.011749141809248,-3.6988345883924504e-06,4.938753271011077,-0.11079008201349048
0.5,all,,,,,,2.0148875960086388,1.3258138094531547e-06,5.918745917972648,0.03313646267159292
0.5,all,,,,,,2.018026050208029,1.5429431998095696e-05,3.2140594965433085,0.710148756487753
0.5,all,,,,,,2.021164504407419,2.532626853067516e-06,3.5178656359911855,0.10649893473145876
0.5,all,,,,,,2.02430295860681,7.043714713441252e-06,5.166351546661415,0.20168384260246563
0.5,all,,,,,,2.0274414128062004,3.035382026622411e-05,3.3410516075307837,1.3439511345568138
0.5,all,,,,,,2.0305798670055903,2.8252204156071304e-05,0.731716651818356,5.71166466014519
0.5,all,,,,,,2.0337183212049808,7.34328102507748e-06,-3.7678763405537437,-0.2883014401549268
0.5,all,,,,,,2.0368567754043716,-1.2093409391499272e-05,-0.20574820540437777,8.694928263410244
0.5,all,,,,,,2.0399952296037616,-5.953058549103028e-06,6.913674838633421,-0.1273750911691895
0.5,all,,,,,,2.043133683803152,1.404226820661573e-05,5.9601778776436465,0.34852292214932307
0.5,all,,,,,,2.046272138002543,1.0239909077556113e-05,3.380926769448908,0.44803675223924766
0.5,all,,,,,,2.049410592201933,5.41135912010749e-06,1.0125873302113915,0.7905460471161433
0.5,all,,,,,,2.052549046401323,3.1131399652521858e-06,1.9549149517690405,0.23557222429656455
0.5,all,,,,,,2.055687500600714,3.2416733628516022e-06,4.2567546682600845,0.11265330447333079
0.5,all,,,,,,2.0588259548001044,6.793842609902892e-06,5.113720256493009,0.1965313417299261
0.5,all,,,,,,2.0619644089994944,1.4998994824063094e-05,4.7254636621857635,0.4695383088717015
0.5,all,,,,,,2.065102863198885,1.728340741724899e-05,2.4190662684066977,1.0569024532103901
0.5,all,,,,,,2.0682413173982757,-7.300594598745387e-06,3.5750298887197376,-0.30208687726126177
0.5,all,,,,,,2.0713797715976656,3.7559440343302964e-06,4.201301730824644,0.13224782660893725
0.5,all,,,,,,2.074518225797056,8.305227889938507e-06,0.09724595993775176,12.633779420489898
0.5,all,,,,,,2.077656679996447,-1.2744904757849324e-05,-0.6876951879746902,2.741535746473251
0.5,all,,,,,,2.080795134195837,-8.709248958773204e-06,1.1451199148203703,-1.1250790602925123
0.5,all,,,,,,2.0839335883952272,-1.800059280902881e-05,1.577650627498803,-1.6878322365681435
0.5,all,,,,,,2.087072042594618,6.219639117514742e-06,2.2471538979789805,0.40943566839802004
0.5,all,,,,,,2.090210496794008,1.511614361966076e-05,4.385970696723532,0.5098337573797778
0.5,all,,,,,,2.0933489509933985,-1.0147735401658819e-05,4.975962534325132,-0.30167917861741084
0.5,all,,,,,,2.0964874051927893,1.6522090846532884e-05,2.437505027443712,1.00270409765518
0.5,all,,,,,,2.0996258593921793,3.1172704469329726e-05,3.508747544269358,1.314242976107261
0.5,all,,,,,,2.1027643135915697,4.851154914320093e-06,4.87313980529473,0.14726162090315734
0.5,all,,,,,,2.10590276779096,-2.2799510602263934e-05,0.5047930706795777,-6.681368792232916
0.5,all,,,,,,2.1090412219903505,-2.555543524369291e-05,-0.4032809763516985,9.374084200916544
0.5,all,,,,,,2.112179676189741,-1.0675400656595983e-05,4.053680333300553,-0.3895722283744392
0.5,all,,,,,,2.1153181303891313,1.4134061465216652e-05,5.098928808277791,0.41005426305623066
0.5,all,,,,,,2.118456584588522,3.259286519297179e-05,3.6426608586754523,1.3236010568458758
0.5,all,,,,,,2.121595038787912,1.3721147693186548e-05,2.013217018271244,1.0082149899855941
0.5,all,,,,,,2.1247334929873025,-1.426437827975297e-05,1.1590873325690534,-1.8204971022019694
0.5,all,,,,,,2.1278719471866934,-2.1458207706623213e-05,1.4868216180092275,-2.13495085248466
0.5,all,,,,,,2.1310104013860833,-2.093838144899519e-05,2.1196908415340863,-1.4612478597260823
0.5,all,,,,,,2.1341488555854737,-2.6195508886411613e-05,3.704826227583633,-1.0459533162996364
0.5,all,,,,,,2.137287309784864,-3.5399172500267547e-06,3.521395768498737,-0.1487070560535717
0.5,all,,,,,,2.1404257639842545,2.0933670369843815e-05,2.178973729395285,1.4211721593964135
0.5,all,,,,,,2.143564218183645,5.976102924635691e-06,2.48826532111992,0.3552832114297958
0.5,all,,,,,,2.1467026723830354,4.758961541045876e-07,2.4330648256769147,0.028934222640367983
0.5,all,,,,,,2.1498411265824258,2.5826721846260045e-06,3.3452089214376888,0.11420874070647273
0.5,all,,,,,,2.152979580781816,-1.1274432161196363e-06,2.0916633533467603,-0.07973632113372435
0.5,all,,,,,,2.1561180349812066,-5.462223597212563e-06,-1.0821963521583955,0.7466493862963435
0.5,all,,,,,,2.159256489180597,-4.818772006143942e-06,1.835894913756988,-0.3882771776542867
0.5,all,,,,,,2.1623949433799874,1.1819925682490187e-05,4.738747697787536,0.3689813908347685
0.5,all,,,,,,2.165533397579378,1.7416551093484632e-05,3.4680263484532556,0.7429046451162796
0.5,all,,,,,,2.1686718517787686,2.2324418248871604e-06,2.377633381403854,0.13889562456808568
0.5,all,,,,,,2.1718103059781586,-2.3099100338299003e-05,2.4957574434492926,-1.3691341224813185
0.5,all,,,,,,2.174948760177549,-3.0827754951100774e-05,4.429536779535927,-1.0295249834738724
0.5,all,,,,,,2.1780872143769394,-1.6092416545355044e-05,4.567437932288946,-0.5211970096161624
0.5,all,,,,,,2.18122566857633,6.2613665378250964e-06,2.374284242764577,0.3901123702214891
0.5,all,,,,,,2.1843641227757202,1.3565571485908485e-05,1.8744687892103429,1.0705653546329155
0.5,all,,,,,,2.1875025769751106,2.7150423518537476e-06,3.52358894500292,0.11398420481810793
0.5,all,,,,,,2.190641031174501,1.1501396660628731e-05,4.861322410368243,0.34998502360711903
0.5,all,,,,,,2.1937794853738914,1.5171083905684578e-05,1.7174646253223829,1.3067187226013597
0.5,all,,,,,,2.196917939573282,1.0594332418723248e-05,0.07357071645592456,21.302075243753436
0.5,all,,,,,,2.2000563937726723,1.5596432669858875e-05,2.8530029177498912,0.8086793678965412
0.5,all,,,,,,2.2031948479720627,-6.2026139730998265e-06,3.5565426135601417,-0.25798831770677183
0.5,all,,,,,,2.206333302171453,-1.8700665769983815e-05,4.148239796685852,-0.6668781969266199
0.5,all,,,,,,2.2094717563708435,-1.9365720479984912e-05,4.432887303168757,-0.6462495782930955
0.5,all,,,,,,2.212610210570234,-1.4443115990463525e-05,2.752845004833605,-0.7761263769444214
0.5,all,,,,,,2.2157486647696243,1.4508082679918546e-05,1.7960593576645025,1.194930483646033
0.5,all,,,,,,2.2188871189690147,1.1013220314102703e-05,2.1249823371744565,0.7666767738145972
0.5,all,,,,,,2.222025573168405,-4.835281343405823e-06,4.864121421388258,-0.14705190172522495
0.5,all,,,,,,2.2251640273677955,-4.457987740305271e-06,6.058617784638024,-0.10884754006583913
0.5,all,,,,,,2.228302481567186,1.1565764589155381e-05,2.601799242067263,0.6575879851949232
0.5,all,,,,,,2.2314409357665763,2.3518202846262032e-05,1.6176934602423891,2.1506077481221
0.5,all,,,,,,2.2345793899659667,-2.54554956756417e-06,2.426002436016421,-0.15521855268047546
0.5,all,,,,,,2.237717844165357,-1.2520212755057035e-05,0.8949787221302015,-2.0694374433287246
0.5,all,,,,,,2.2408562983647475,-1.5499748292240415e-05,0.5374709400077355,-4.2660207329076165
0.5,all,,,,,,2.243994752564138,-4.4012129545168454e-05,0.6500973571670188,-10.014915426563938
0.5,all,,,,,,2.2471332067635283,-3.707585225234471e-05,1.834274553249008,-2.990061394429
0.5,all,,,,,,2.2502716609629188,-1.3089912269614605e-05,3.138120303714837,-0.6170501342426152
0.5,all,,,,,,2.253410115162309,4.30831764225588e-06,3.284184628132471,0.19405885087851377
0.5,all,,,,,,2.2565485693616996,1.8296356794063985e-05,4.264789796952391,0.6346295561532078
0.5,all,,,,,,2.25968702356109,5.625662227117129e-06,4.256812582978718,0.19549804885347669
0.5,all,,,,,,2.2628254777604804,-5.588408674801431e-06,4.523120591796072,-0.18276931976711394
0.5,all,,,,,,2.265963931959871,-5.954069292261547e-06,5.2179538604993585,-0.16879786687486895
0.5,all,,,,,,2.269102386159261,2.725184629369334e-07,2.4235259961288973,0.016634185957012625
0.5,all,,,,,,2.2722408403586516,3.093861632747558e-06,-2.05719521297757,-0.22247370413691026
0.5,all,,,,,,2.275379294558042,-3.1210451168146077e-07,0.5997876059909208,-0.07697609287120454
0.5,all,,,,,,2.2785177487574324,8.410140983854998e-06,6.302450208980856,0.1974000039006603
0.5,all,,,,,,2.281656202956823,1.2672875085571524e-05,5.49067184031919,0.34143101574198287
0.5,all,,,,,,2.284794657156213,9.449022257344233e-07,1.6396388259139134,0.08524952785356214
0.5,all,,,,,,2.2879331113556036,-2.3621883969281267e-05,1.4659716791163842,-2.3836487318933592
0.5,all,,,,,,2.291071565554994,-4.031491624627888e-05,2.4523535624620107,-2.4318455128708107
0.5,all,,,,,,2.2942100197543844,-2.1003843928485216e-05,2.3507324984194864,-1.3217486491137682
0.5,all,,,,,,2.297348473953775,6.445352824116184e-06,4.5740338311612945,0.20844938952679973
0.5,all,,,,,,2.3004869281531652,4.617863218172354e-06,3.6372207283495372,0.18781259420193655
0.5,all,,,,,,2.3036253823525557,-1.0376514509367382e-05,0.6732874983399704,-2.2798393810093227
0.5,all,,,,,,2.306763836551946,-3.061128389176545e-06,1.5726430636788744,-0.287941780196461
0.5,all,,,,,,2.3099022907513365,8.468208819240517e-06,3.5408181490192705,0.35378648651037187
0.5,all,,,,,,2.313040744950727,4.351890808493628e-06,2.6311386528640766,0.24467385212028114
0.5,all,,,,,,2.3161791991501173,-5.312284632478788e-06,0.5926134678556805,-1.3260598426961403
0.5,all,,,,,,2.3193176533495077,-1.932661143585464e-05,2.613617814030502,-1.0938730878662921
0.5,all,,,,,,2.3224561075488976,-2.497323642480179e-05,5.545494142153017,-0.6661743117232092
0.5,all,,,,,,2.3255945617482885,-1.1531169887157629e-05,4.219852225780635,-0.4042308286494582
0.5,all,,,,,,2.328733015947679,5.141397569657048e-06,2.185178698081677,0.3480547249188398
0.5,all,,,,,,2.331871470147069,9.190961386634874e-06,2.20537276965083,0.6164988029639935
0.5,all,,,,,,2.3350099243464597,3.932806348032132e-06,2.2553891540997646,0.2579493148353003
0.5,all,,,,,,2.33814837854585,-3.2532894521842374e-06,2.4668566969487036,-0.19508868785008956
0.5,all,,,,,,2.3412868327452405,-4.368461107990281e-06,3.4322615324299153,-0.18827879265293357
0.5,all,,,,,,2.344425286944631,-6.242882520608592e-06,3.240953470545013,-0.28494803762044596
0.5,all,,,,,,2.3475637411440213,-3.4618221366228855e-06,1.9043728570376688,-0.2689094546122292
0.5,all,,,,,,2.3507021953434117,-2.518729978046723e-06,3.15928312398187,-0.11793599288092302
0.5,all,,,,,,2.353840649542802,-1.725513306220755e-05,3.488949931573633,-0.7316053617045296
0.5,all,,,,,,2.3569791037421925,-1.235594421639471e-05,1.6384320079416428,-1.1155802560102692
0.5,all,,,,,,2.360117557941583,7.023464469011877e-06,1.1120775923832604,0.9342639767166805
0.5,all,,,,,,2.363256012140973,4.879570415546633e-06,3.419726376690158,0.21107827458021244
0.5,all,,,,,,2.3663944663403638,-3.559674985154997e-06,3.3706697667059,-0.1562238890968085
0.5,all,,,,,,2.369532920539754,-1.0602624999285468e-05,2.2620092052106235,-0.6933816392828654
0.5,all,,,,,,2.372671374739144,-1.2053816588308905e-05,5.403759543350921,-0.32997563057031726
0.5,all,,,,,,2.375809828938535,5.374156216330214e-06,3.6832097711090857,0.21584258636628872
0.5,all,,,,,,2.3789482831379254,1.5101561681234387e-05,1.8161947318345826,1.2300216432895346
0.5,all,,,,,,2.3820867373373154,1.496794385625194e-05,3.6075583159572515,0.613764957963334
0.5,all,,,,,,2.385225191536706,1.3737167259466962e-05,2.579954603248313,0.787659337758157
0.5,all,,,,,,2.3883636457360966,-1.031030334264393e-05,2.9389301657355844,-0.5189619065972333
0.5,all,,,,,,2.391502099935487,-1.9598122456254193e-05,4.249188655766391,-0.682278612631548
0.5,all,,,,,,2.394640554134877,-2.126738035821232e-06,2.761063294174308,-0.11394386321405675
0.5,all,,,,,,2.397779008334268,-5.537970251121738e-06,1.7625145405575773,-0.4648054524701781
0.5,all,,,,,,2.4009174625336582,-2.1084526744759935e-05,2.799671555761086,-1.1140638356834616
0.5,all,,,,,,2.404055916733048,-1.627036852815599e-05,3.101827230222665,-0.775948842758222
0.5,all,,,,,,2.407194370932439,7.115604394106047e-06,2.2083992799255148,0.4766367250160704
0.5,all,,,,,,2.4103328251318294,1.5952326208587404e-05,3.0597333671734277,0.7712474539889893
0.5,all,,,,,,2.4134712793312194,9.784404337283793e-06,3.4687737800485237,0.41726476936582574
0.5,all,,,,,,2.4166097335306103,4.2269332826011625e-06,2.654092011511209,0.2355931843502431
0.5,all,,,,,,2.4197481877300007,-7.305780323228158e-06,1.6791296437183165,-0.6436291195551358
0.5,all,,,,,,2.4228866419293906,-4.375481929474605e-06,0.5180247964796729,-1.2494781038540914
0.5,all,,,,,,2.4260250961287815,-3.565911208843622e-07,2.3925753224871844,-0.022047442066091417
0.5,all,,,,,,2.429163550328172,-7.129869358088473e-06,4.270298990174482,-0.2469884203684292
0.5,all,,,,,,2.432302004527562,5.519034704929736e-06,4.0529529723229025,0.20143960657421994
0.5,all,,,,,,2.4354404587269523,1.1163078859772128e-05,2.185789627018229,0.755490375734928
0.5,all,,,,,,2.438578912926343,5.382355972868245e-07,1.7432868448095586,0.04567271916453578
0.5,all,,,,,,2.4417173671257335,-3.4575703027561436e-06,5.199690092709053,-0.098366419486154
0.5,all,,,,,,2.4448558213251235,-5.637037626361257e-06,5.74095258309438,-0.14525138356486464
0.5,all,,,,,,2.4479942755245143,-7.246205283048272e-06,2.590642233880755,-0.4137676150030808
0.5,all,,,,,,2.4511327297239047,-1.332943795055845e-05,1.2178084053415388,-1.6191466071896146
0.5,all,,,,,,2.4542711839232947,-1.4383666627549786e-05,3.016654273133849,-0.7053381470943092
0.5,all,,,,,,2.4574096381226855,-7.136311476095781e-07,3.1325167866506454,-0.033700294364564926
0.5,all,,,,,,2.460548092322076,5.5345993511100035e-06,0.8074127695226202,1.014013829810139
0.5,all,,,,,,2.463686546521466,-3.831129605979199e-07,1.8473091660411236,-0.03067895505699422
0.5,all,,,,,,2.4668250007208563,-8.954628621517038e-06,3.202474738342937,-0.41363299091996636
0.5,all,,,,,,2.469963454920247,-1.1203477913130685e-05,3.1252627427710635,-0.5302975635415703
0.5,all,,,,,,2.473101909119637,1.0573684247880583e-06,4.730672706219053,0.033064102542589215
0.5,all,,,,,,2.4762403633190275,1.0016973297183219e-05,4.8560563648603825,0.3051448896536004
0.5,all,,,,,,2.4793788175184184,1.159471368825161e-06,4.755537729325688,0.03606730574346227
0.5,all,,,,,,2.4825172717178083,-6.165939476798212e-06,4.29602326150788,-0.21231757112466945
0.5,all,,,,,,2.4856557259171987,1.774457252739592e-08,2.801075165955283,0.0009371175741056803
0.5,all,,,,,,2.4887941801165896,2.1405583628121325e-06,2.8087470002461012,0.1127373328244464
0.5,all,,,,,,2.49193263431598,-4.037115799383231e-06,1.4636786181168469,-0.4080174922327295
0.5,all,,,,,,2.49507108851537,-9.274577743638847e-06,0.041494096167367545,-33.0644376642325
0.5,all,,,,,,2.498209542714761,-1.1431207014828263e-05,1.7803033988732304,-0.949842007787271
0.5,all,,,,,,2.501347996914151,-1.1657098926212859e-05,2.801498227025201,-0.6155359662354387
0.5,all,,,,,,2.504486451113541,-3.9928539844274555e-06,0.3698018063580406,-1.597230903907864
0.5,all,,,,,,2.5076249053129316,1.0183739634901212e-05,-0.2472773303225102,-6.0922299598903
0.5,all,,,,,,2.5107633595123224,1.2587884209121001e-05,3.268284092257071,0.5697525050218529
0.5,all,,,,,,2.5139018137117124,-7.672502932190506e-07,5.020020644207505,-0.022609182736453876
0.5,all,,,,,,2.517040267911103,-1.164776174079295e-05,2.920167804887693,-0.5900488577225307
0.5,all,,,,,,2.5201787221104937,-1.982087866950907e-06,2.1679340691459488,-0.13524777737238047
0.5,all,,,,,,2.5233171763098836,9.45463358275284e-06,2.5326077318716638,0.5522428198088358
0.5,all,,,,,,2.526455630509274,-2.227102430977133e-06,2.1082213968330814,-0.15627059986621503
0.5,all,,,,,,2.529594084708665,-1.2394012442466789e-05,2.225926190373503,-0.8236723217478626
0.5,all,,,,,,2.532732538908055,-5.067686758815481e-06,1.4951134987950452,-0.5014052813800918
0.5,all,,,,,,2.5358709931074452,-1.4321414778902795e-06,2.7173556523617064,-0.07796375421984006
0.5,all,,,,,,2.5390094473068356,-3.5095405767747783e-06,5.139854987374493,-0.10100728687686172
0.5,all,,,,,,2.542147901506226,-2.501731825457915e-06,2.7736296462475014,-0.1334275731100956
0.5,all,,,,,,2.5452863557056165,-1.511336661385628e-06,0.6682233195673084,-0.334574543408724
0.5,all,,,,,,2.548424809905007,4.011784533612656e-06,2.4810629043321946,0.23919556795524005
0.5,all,,,,,,2.5515632641043977,5.373511494404128e-06,4.095270737883771,0.19410148948309713
0.5,all,,,,,,2.5547017183037877,-7.037623662683418e-06,4.970155015394739,-0.20946400784879105
0.5,all,,,,,,2.557840172503178,-7.072139124686931e-06,4.369613005340334,-0.2394203847000298
0.5,all,,,,,,2.560978626702569,-1.0918185183743118e-06,1.1022944383436761,-0.1465231153545678
0.5,all,,,,,,2.564117080901959,1.5160341601807003e-07,1.490740834985092,0.015043889792755106
0.5,all,,,,,,2.5672555351013493,7.992444646717992e-06,4.712039331196262,0.2509135034218009
0.5,all,,,,,,2.57039398930074,4.037878343920876e-06,2.89851689614856,0.2060775572634389
0.5,all,,,,,,2.57353244350013,-5.187104906543965e-06,0.8388762088206492,-0.9147037464633434
0.5,all,,,,,,2.5766708976995205,-6.968549106567141e-06,2.486061433839096,-0.41465204581025306
0.5,all,,,,,,2.579809351898911,-3.0746127320916254e-06,3.3743727463276394,-0.13478782661091512
0.5,all,,,,,,2.5829478060983013,1.801096285333512e-06,3.475056964669973,0.0766705019355071
0.5,all,,,,,,2.5860862602976917,1.6634160769499043e-07,3.4345849647348583,0.007164401799080825
0.5,all,,,,,,2.589224714497082,-4.213459325599841e-06,2.147123366349391,-0.2902920295188672
0.5,all,,,,,,2.5923631686964725,-9.08556078329582e-06,1.6831591058275868,-0.7985091027331116
0.5,all,,,,,,2.595501622895863,-3.710910937169053e-06,1.9741744789675546,-0.2780662641092981
0.5,all,,,,,,2.5986400770952534,5.9367991835623915e-06,1.9792277659146376,0.4437209028796986
0.5,all,,,,,,2.601778531294644,2.8011813132553362e-06,2.2595358670238515,0.18338984565857178
0.5,all,,,,,,2.604916985494034,-4.42835140509318e-06,2.4350840740343114,-0.26901804984312666
0.5,all,,,,,,2.6080554396934246,-5.754225195627937e-06,2.5703869141580604,-0.3311628845551427
0.5,all,,,,,,2.6111938938928154,-7.251881407754092e-06,2.1931654881160303,-0.48913934113500845
0.5,all,,,,,,2.6143323480922054,-2.4536869384204093e-06,2.0478305364640503,-0.17724681516932106
0.5,all,,,,,,2.617470802291596,7.515511794948905e-06,3.033835528459618,0.36645430822315944
0.5,all,,,,,,2.620609256490986,3.9194752146842565e-06,2.7040696185910735,0.21441904522523614
0.5,all,,,,,,2.6237477106903766,-5.2719935275008705e-06,1.262285328855179,-0.6178323406814494
0.5,all,,,,,,2.626886164889767,-4.741868380164347e-06,1.598595894919161,-0.4387974608094504
0.5,all,,,,,,2.6300246190891574,2.7176601513741563e-06,3.8626158688699865,0.10407991529569571
0.5,all,,,,,,2.633163073288548,1.093334431790437e-06,4.504875586005141,0.035902403874003126
0.5,all,,,,,,2.6363015274879382,-1.1899893235452686e-05,2.963302596779914,-0.5940463987466523
0.5,all,,,,,,2.6394399816873286,-1.0712512417904581e-05,2.1488727205434377,-0.7374523260176155
0.5,all,,,,,,2.642578435886719,1.837188645216994e-06,2.3599552213835167,0.1151604343018168
0.5,all,,,,,,2.6457168900861094,2.9789199533465905e-06,4.010909815770365,0.10986749949330997
0.5,all,,,,,,2.6488553442855,-2.042402726318104e-06,5.158678747424384,-0.058567434726796055
0.5,all,,,,,,2.6519937984848903,-3.8040005530780737e-06,3.0576483977388618,-0.1840375027172979
0.5,all,,,,,,2.6551322526842807,-1.5253995833513786e-06,0.5741216071872839,-0.3930366373860297
0.5,all,,,,,,2.658270706883671,-3.2625578558106957e-06,0.9759709091111183,-0.49450951584889435
0.5,all,,,,,,2.6614091610830615,-7.940256097133638e-06,2.186519554304592,-0.5371980757714695
0.5,all,,,,,,2.664547615282452,-1.0056587936959588e-05,2.2633716806016606,-0.6572764650941467
0.5,all,,,,,,2.6676860694818423,-1.1001364920440195e-05,2.102335286593112,-0.7741014749632257
0.5,all,,,,,,2.6708245236812327,-4.639645579292548e-06,3.0153461424394816,-0.22761503025665258
0.5,all,,,,,,2.673962977880623,-1.7707002458933426e-07,3.207911466940777,-0.008165372046474743
0.5,all,,,,,,2.6771014320800135,-4.790108978627302e-06,1.7253320013867952,-0.4107012460129178
0.5,all,,,,,,2.680239886279404,-4.741243727952406e-06,2.235060672033594,-0.3138024055246018
0.5,all,,,,,,2.6833783404787943,-6.656033966923529e-07,3.806996509177467,-0.02586344397570645
0.5,all,,,,,,2.6865167946781847,-2.8288820685760043e-06,4.306567345629524,-0.09717105183740278
0.5,all,,,,,,2.689655248877575,-5.7906958488185486e-06,3.7193736285967613,-0.2303107720529243
0.5,all,,,,,,2.6927937030769655,-3.522915741038513e-06,1.600361104744609,-0.32563986981775367
0.5,all,,,,,,2.695932157276356,-9.927449742841437e-07,1.2634052977173211,-0.11623804783150951
0.5,all,,,,,,2.6990706114757463,-6.391407535253936e-07,2.6320747142986023,-0.03592126326533823
0.5,all,,,,,,2.7022090656751367,-2.2468045190496584e-07,2.555719999075816,-0.013004849221510352
0.5,all,,,,,,2.705347519874527,-2.125141674296348e-06,2.9798391236587025,-0.10549900753574648
0.5,all,,,,,,2.7084859740739176,-5.388172195651725e-06,2.3809108804370913,-0.3347739301781684
0.5,all,,,,,,2.711624428273308,-6.301994741677675e-06,0.7833120761266916,-1.1901357980608318
0.5,all,,,,,,2.7147628824726984,-5.999743267154276e-06,2.0224008049085915,-0.43885266664811295
0.5,all,,,,,,2.7179013366720888,-2.1976183038742565e-06,3.0432753742405763,-0.10682288820191967
0.5,all,,,,,,2.721039790871479,1.6712620142957761e-06,2.6809212223627594,0.09221759541511165
0.5,all,,,,,,2.7241782450708696,-4.953262444186586e-07,2.8129542072124885,-0.026048455709591373
0.5,all,,,,,,2.72731669927026,-2.9441879036778665e-06,2.7079023821605652,-0.16083694813046923
0.5,all,,,,,,2.7304551534696504,7.485279828124477e-07,2.314973716738387,0.04783164091223948
0.5,all,,,,,,2.733593607669041,-3.786390562236729e-07,1.8433634030865713,-0.030385595490209156
0.5,all,,,,,,2.736732061868431,-8.318604957599291e-06,2.4720807122597552,-0.4977842581949197
0.5,all,,,,,,2.7398705160678216,-9.131151765382243e-06,2.9464800498521795,-0.45843245927917003
0.5,all,,,,,,2.743008970267212,-3.928039835843892e-06,3.0627818064456704,-0.18972000565330488
0.5,all,,,,,,2.7461474244666024,-1.9112074316394675e-07,3.3178222862403253,-0.008521342267745445
0.5,all,,,,,,2.749285878665993,-1.0768396267920647e-06,2.2062914830586484,-0.07220070602777048
0.5,all,,,,,,2.7524243328653832,-5.137809621328701e-07,1.3447598488355448,-0.05651797305893833
0.5,all,,,,,,2.7555627870647736,1.24367640826331e-06,1.832720001797588,0.10038401930382278
0.5,all,,,,,,2.758701241264164,-9.515421225966104e-07,3.1443590659667597,-0.04476609257088429
0.5,all,,,,,,2.7618396954635545,-2.1820422646251108e-06,3.1589083427474067,-0.10218318552778792
0.5,all,,,,,,2.7649781496629444,-2.071630469617188e-06,3.2814513260906626,-0.09338983913771012
0.5,all,,,,,,2.7681166038623353,-2.922438461777831e-06,4.160161803484576,-0.10391744416231341
0.5,all,,,,,,2.7712550580617257,-7.940953385745217e-07,3.452998972753029,-0.03401962339639633
0.5,all,,,,,,2.774393512261116,-5.273972016499027e-07,1.8311503494879235,-0.04260564270104435
0.5,all,,,,,,2.7775319664605065,-3.7342851330523366e-06,1.5372354985435814,-0.35935225531436443
0.5,all,,,,,,2.780670420659897,-2.8810459027278972e-06,2.9324796188138533,-0.1453344192275799
0.5,all,,,,,,2.7838088748592873,-2.6999893710407356e-06,3.2808094721481256,-0.12174029460811789
0.5,all,,,,,,2.7869473290586777,-2.859356993865114e-06,2.7475056671338516,-0.1539512034082344
0.5,all,,,,,,2.790085783258068,-3.3275021442051065e-06,2.7090450615928416,-0.18170020572169285
0.5,all,,,,,,2.7932242374574585,-6.224356782515673e-06,3.3253208603680404,-0.2768944340451824
0.5,all,,,,,,2.7963626916568485,-4.625794126376719e-06,3.4361993974766567,-0.1991412583483137
0.5,all,,,,,,2.7995011458562393,-8.87088412710544e-07,2.7683068540423372,-0.047403016888534315
0.5,all,,,,,,2.8026396000556297,7.678534134651297e-07,2.5077399524287287,0.04529488113269595
0.5,all,,,,,,2.8057780542550197,-4.2147908501136417e-07,2.3871848577773864,-0.026118202312466778
0.5,all,,,,,,2.8089165084544105,-5.019061013207286e-06,2.4636983573167317,-0.3013618305662993
0.5,all,,,,,,2.812054962653801,-4.183218569044493e-06,2.100123619820695,-0.2946585187210284
0.5,all,,,,,,2.815193416853191,-3.7218043692342857e-06,1.3314611982844236,-0.41350268203335033
0.5,all,,,,,,2.8183318710525818,-7.63998790301677e-06,1.7036750733007575,-0.6633751605631574
0.5,all,,,,,,2.821470325251972,-3.726420911277183e-06,2.3939525557888564,-0.23026592385948425
0.5,all,,,,,,2.8246087794513626,7.582513688573267e-07,3.0369395824841687,0.03693434103988656
0.5,all,,,,,,2.827747233650753,-4.1943198691651077e-07,3.505601880687723,-0.017699143833912575
0.5,all,,,,,,2.8308856878501434,-3.0304037260304745e-06,2.702507807112758,-0.16587725433271064
0.5,all,,,,,,2.834024142049534,-5.926306796019657e-06,1.9512673798934017,-0.44928368710257466
0.5,all,,,,,,2.8371625962489238,-6.3251342612611575e-06,2.3011863717230474,-0.40660363723894055
0.5,all,,,,,,2.8403010504483146,-4.279494270296396e-06,3.2180040692555227,-0.19672482351294274
0.5,all,,,,,,2.843439504647705,-2.3837375435771073e-06,3.5956010870427573,-0.09807091733551608
0.5,all,,,,,,2.846577958847095,-2.3320420762880755e-06,2.941768677664026,-0.11726844504241891
0.5,all,,,,,,2.849716413046486,-4.63943045656256e-06,2.2503546442895503,-0.3049769432112166
0.5,all,,,,,,2.8528548672458762,-4.378061808196406e-06,1.8665192340752794,-0.3469786260412437
0.5,all,,,,,,2.855993321445266,-1.937937739058085e-06,1.430429868245306,-0.2004133070051874
0.5,all,,,,,,2.859131775644657,-4.726001160401665e-06,2.1383556515961994,-0.3269393457401221
0.5,all,,,,,,2.8622702298440474,-6.295757206255942e-06,3.502532416846513,-0.2659004741916844
0.5,all,,,,,,2.8654086840434374,-2.23549938241876e-06,3.2189238926383266,-0.10273469828544783
0.5,all,,,,,,2.868547138242828,-1.688114069437159e-07,2.568418616809706,-0.0097227537035654
0.5,all,,,,,,2.8716855924422187,-8.524630775719174e-07,2.72642549729108,-0.04625250375749136
0.5,all,,,,,,2.874824046641609,-2.741331643377072e-06,2.894782977417338,-0.14008733491103637
0.5,all,,,,,,2.877962500840999,-4.486437422893309e-06,3.072040594440171,-0.21603691571828368
0.5,all,,,,,,2.88110095504039,-3.4316394729252873e-06,2.6321836317945877,-0.19285849556731127
0.5,all,,,,,,2.8842394092397803,-1.3890979249253332e-06,2.1063920613659146,-0.09755442136613174
0.5,all,,,,,,2.8873778634391702,-2.217810787229282e-06,2.222796963628305,-0.1475971598797635
0.5,all,,,,,,2.890516317638561,-3.831431558178214e-06,2.5553179757071764,-0.22180402661696058
0.5,all,,,,,,2.8936547718379515,-3.248471122396749e-06,3.1410775570232037,-0.15298669221613118
0.5,all,,,,,,2.8967932260373415,-2.7357505338665072e-06,3.0835391520227295,-0.13124426335595382
0.5,all,,,,,,2.8999316802367323,-2.3055450341495546e-06,2.475184009391908,-0.1377905466503965
0.5,all,,,,,,2.9030701344361227,-2.6616571374741548e-06,2.1537734640254422,-0.18281229178302874
0.5,all,,,,,,2.9062085886355127,-4.559508941809149e-06,1.9966836765869356,-0.3378019158380072
0.5,all,,,,,,2.909347042834903,-5.241096797308709e-06,2.7446295837707164,-0.2824826277837868
0.5,all,,,,,,2.912485497034294,-3.931315731942421e-06,3.625616489780528,-0.16040184704794602
0.5,all,,,,,,2.915623951233684,-2.861915349213134e-06,2.7753204472228385,-0.15254464009119395
0.5,all,,,,,,2.9187624054330743,-3.0649547480737927e-06,1.7940816196572866,-0.2527174169916477
0.5,all,,,,,,2.921900859632465,-2.778717997600534e-06,2.5253314957722597,-0.16277188120177027
0.5,all,,,,,,2.9250393138318556,-2.6596725387787996e-06,3.3341294570570836,-0.1180046210918815
0.5,all,,,,,,2.9281777680312455,-3.522213500487727e-06,2.6574026553024472,-0.19607021127660013
0.5,all,,,,,,2.9313162222306364,-2.8668791503384883e-06,2.291815889046412,-0.18504739010387927
0.5,all,,,,,,2.9344546764300268,-1.8803702364795128e-06,2.8518823298425353,-0.09753602898513883
0.5,all,,,,,,2.9375931306294167,-2.229622774404744e-06,2.585807796565941,-0.12755234733219828
0.5,all,,,,,,2.940731584828807,-2.1357091216495134e-06,2.240089833751651,-0.14103599652967533
0.5,all,,,,,,2.943870039028198,-2.860595574025901e-06,2.867366770467285,-0.1475796644161133
0.5,all,,,,,,2.947008493227588,-3.6578184752454652e-06,2.907561722918339,-0.18610005879345085
0.5,all,,,,,,2.9501469474269784,-3.6564759004188966e-06,2.494902555775676,-0.21680157430795816
0.5,all,,,,,,2.953285401626369,-4.507046580693193e-06,2.676515087740994,-0.24910110539640923
0.5,all,,,,,,2.956423855825759,-4.457438192914052e-06,2.447629600306043,-0.2693971130197812
0.5,all,,,,,,2.9595623100251496,-2.9878718398800687e-06,2.479957022217177,-0.1782260223714462
0.5,all,,,,,,2.9627007642245404,-2.187422443313713e-06,2.818372941359765,-0.11481205944217898
0.5,all,,,,,,2.9658392184239304,-2.5914568975522506e-06,2.708128136631858,-0.14155593558461488
0.5,all,,,,,,2.968977672623321,-2.688158162492428e-06,2.916348507635517,-0.1363542566575791
0.5,all,,,,,,2.9721161268227116,-2.674249449841871e-06,2.933005957339172,-0.13487835919726024
0.5,all,,,,,,2.9752545810221016,-3.371156497545304e-06,2.521460053036532,-0.19777897689758975
0.5,all,,,,,,2.978393035221492,-3.6675863530638546e-06,2.576314531863478,-0.21058855710768412
0.5,all,,,,,,2.9815314894208824,-2.9462982949659056e-06,2.8664559348923344,-0.1520494132621872
0.5,all,,,,,,2.9846699436202733,-2.6642884593880544e-06,2.666557252824548,-0.1478031312946002
0.5,all,,,,,,2.9878083978196632,-3.306389794150556e-06,2.306853126012478,-0.2120251657026453
0.5,all,,,,,,2.9909468520190536,-3.4435743282925952e-06,2.4333102893230283,-0.2093462920322987
0.5,all,,,,,,2.9940853062184445,-3.2579510581011494e-06,2.683798206303301,-0.17957587931317162
0.5,all,,,,,,2.9972237604178344,-3.3472476260892913e-06,2.49564374448411,-0.19840771559160195
0.5,all,,,,,,3.000362214617225,-3.1182647454910714e-06,2.2144337008316723,-0.20830687634099634
0.5,all,,,,,,3.0035006688166157,-2.9332451662610995e-06,2.3306142118966657,-0.18617925035745755
0.5,all,,,,,,3.0066391230160057,-3.355613125458032e-06,2.959021298600611,-0.16775562731330718
0.5,all,,,,,,3.009777577215396,-3.3046675394604937e-06,2.976770694570787,-0.16422364872854023
0.5,all,,,,,,3.0129160314147865,-2.8085873600544917e-06,2.363544879039658,-0.17578320879417902
0.5,all,,,,,,3.016054485614177,-2.762654636138224e-06,2.5128684352580275,-0.16263355279093972
0.5,all,,,,,,3.0191929398135673,-2.9152672648025117e-06,2.801458128078978,-0.15393860420130145
0.5,all,,,,,,3.0223313940129577,-2.9893216277664506e-06,2.593241451537236,-0.1705230113159866
0.5,all,,,,,,3.025469848212348,-2.9217956433804865e-06,2.608460519412051,-0.1656986131184852
0.5,all,,,,,,3.0286083024117385,-3.0042798790721635e-06,2.862496158480945,-0.15525613864589594
0.5,all,,,,,,3.031746756611129,-2.964987071739163e-06,2.653507247036866,-0.1652935206718532
0.5,all,,,,,,3.0348852108105198,-2.5783652200961003e-06,2.434940153203531,-0.15664244268393546
0.5,all,,,,,,3.0380236650099097,-2.8434188946457295e-06,2.8024321872486073,-0.15009251562088563
0.5,all,,,,,,3.0411621192093,-3.3774231713410505e-06,2.881067144249597,-0.17341449793204614
0.5,all,,,,,,3.044300573408691,-3.207158462471272e-06,2.3481565965594378,-0.2020443295446266
0.5,all,,,,,,3.047439027608081,-2.94572460196566e-06,2.3282397641672414,-0.1871620285506617
0.5,all,,,,,,3.0505774818074713,-3.073067999898741e-06,2.6422298885890516,-0.1720500778287465
0.5,all,,,,,,3.0537159360068618,-3.1815696492339205e-06,2.668735830832664,-0.17635555845511464
0.5,all,,,,,,3.056854390206252,-3.224440489598576e-06,2.703498846312563,-0.17643367547831076
0.5,all,,,,,,3.0599928444056426,-3.183379550802859e-06,2.565750576928128,-0.18353854773286565
0.5,all,,,,,,3.063131298605033,-3.035677260704975e-06,2.512205772972681,-0.17875314529066735
0.5,all,,,,,,3.0662697528044234,-3.1041159027668655e-06,2.6632930848939527,-0.17241389827403616
0.5,all,,,,,,3.069408207003814,-3.1563240106235207e-06,2.606548020863471,-0.17913034103103903
0.5,all,,,,,,3.072546661203204,-3.141787181840334e-06,2.6083635617951852,-0.1781812260527569
0.5,all,,,,,,3.0756851154025946,-3.148029078016297e-06,2.7145434793991257,-0.17155178334353402
0.5,all,,,,,,3.078823569601985,-3.0742085812463195e-06,2.608743359031104,-0.17432323553417864
0.5,all,,,,,,3.0819620238013754,-3.084604684575506e-06,2.542576257415364,-0.1794646146016962
0.5,all,,,,,,3.0851004780007663,-3.1569708255610907e-06,2.508056178266404,-0.18620297368973873
0.5,all,,,,,,3.088238932200156,-3.2309445120211186e-06,2.604871199385956,-0.1834833030183696
0.5,all,,,,,,3.0913773863995466,-3.235316931487087e-06,2.687054173828056,-0.17811221815905653
0.5,all,,,,,,3.094515840598937,-3.1133599238760956e-06,2.5220833455040736,-0.1826094298500553
0.5,all,,,,,,3.0976542947983274,-3.0665129009018012e-06,2.5580631543387344,-0.17733188799622085
0.5,all,,,,,,3.100792748997718,-3.1218456576555157e-06,2.6534938852800387,-0.17403902469144966
0.5,all,,,,,,3.1039312031971082,-3.1443999998277575e-06,2.6767557522857377,-0.1737730192870245
0.5,all,,,,,,3.1070696573964987,-3.136611764210623e-06,2.662631522867141,-0.17426212343811143
0.5,all,,,,,,3.110208111595889,-3.1268744778233433e-06,2.6427467257726818,-0.17502827327975304
0.5,all,,,,,,3.1133465657952795,-3.1315468943792747e-06,2.6618304780540445,-0.17403308957053837
0.5,all,,,,,,3.11648501999467,-3.1552826840114997e-06,2.6075505998817015,-0.17900239156011052
0.5,all,,,,,,3.1196234741940603,-3.163857142887195e-06,2.5791492833606355,-0.18146534114507434
0.5,all,,,,,,3.1227619283934507,-3.151931803406716e-06,2.589012850794262,-0.18009261752124073
0.5,all,,,,,,3.125900382592841,-3.143827297911902e-06,2.5658471527793836,-0.18125133028540472
0.5,all,,,,,,3.1290388367922315,-3.1460943066761463e-06,2.595991355720706,-0.17927585353886816
0.5,all,,,,,,3.132177290991622,-3.1474758079621345e-06,2.6244371795385746,-0.1774105830392843
0.5,all,,,,,,3.1353157451910123,-3.1459297630667906e-06,2.6098659719355553,-0.17831345759131176
1.0,L,1.0,1.0141920460039866,0.010822365152943407,2.6820822932753067e-05,3.912057260307619,,,,
1.0,L,2.0,0.9943879254254,0.011302370219836112,4.6652516870865566e-05,6.940208861835799,,,,
1.0,L,5.0,1.0944022517365406,0.013797056932089114,0.00010492591250021665,14.18270536701868,,,,
1.0,L,10.0,1.0657268016263617,0.03428899097773733,0.00017432744919468264,24.197650055382592,,,,
1.0,L,20.0,1.0947424333563625,0.019782008544129887,0.00030766279801887006,41.57347595279361,,,,
1.0,L,50.0,1.2478879161876697,0.03237249561450647,0.0007260952449292995,86.07386753040032,,,,
1.0,L,100.0,1.3783007845425235,0.05301125298227335,0.0014310279896379767,153.5880508707669,,,,
1.0,L,200.0,1.853035276790002,0.09257823288359891,0.003604347901963152,287.7374036751428,,,,
1.0,L,400.0,2.6118317811536893,0.1749518335731192,0.009936018926080068,562.7564897283855,,,,
1.0,L,800.0,3.8358085815623304,0.24479050053055892,0.02867834956598151,1105.988297654776,,,,
1.0,S,1.0,1.0464222232689129,0.007018510361061039,3.895526854076324e-05,5.5069679918113925,,,,
1.0,S,2.0,1.011081709807919,0.010040491677469694,6.34620606867239e-05,9.28498528728672,,,,
1.0,S,5.0,1.0121362778056053,0.013114277548506557,0.00012063516750182647,17.631458698674955,,,,
1.0,S,10.0,1.0148797542926689,0.009173477679875256,0.0001937074830225491,28.23482583886592,,,,
1.0,S,20.0,1.0651336567129068,0.017606806445942983,0.00031436435736882526,43.6598757986701,,,,
1.0,S,50.0,1.1228419542597075,0.03191543606843896,0.0005903301552174424,77.77314136401154,,,,
1.0,S,100.0,1.3181994516046103,0.04330393852720851,0.0010939918083276118,122.76830152203122,,,,
1.0,S,200.0,1.7052647744058675,0.14263008655463733,0.0023520107643728166,204.03317518061422,,,,
1.0,S,400.0,2.6474209658376835,0.1290951957862491,0.006022664242850707,336.5262550384363,,,,
1.0,S,800.0,4.503384625982821,0.2925364824315266,0.017343392893137733,569.7027630868704,,,,
1.0,all,1.0,1.0402514926775148,0.00718328312305516,3.592165713876072e-05,5.108240308935449,,,,
1.0,all,2.0,1.0077519842202078,0.009163324313105242,5.925967473275935e-05,8.69879118092399,,,,
1.0,all,5.0,1.0295305061253968,0.010025020527143396,0.00011670785375142427,16.76927036576089,,,,
1.0,all,10.0,1.0261777801913547,0.008343998539349843,0.00018886247456558256,27.225531892995086,,,,
1.0,all,20.0,1.0722673433281544,0.013083878980873181,0.0003126889675313372,43.13827583720098,,,,
1.0,all,50.0,1.1565408134546677,0.017898786894534766,0.0006242714276454075,79.84832290560874,,,,
1.0,all,100.0,1.3358866927993964,0.045885495282590956,0.0011782508536552073,130.47323885921514,,,,
1.0,all,200.0,1.7525167812031264,0.125923040967449,0.0026650950487704063,224.95923230424637,,,,
1.0,all,400.0,2.634683195961093,0.14237609822109712,0.007001002913658065,393.08381371092366,,,,
1.0,all,800.0,4.241108973930422,0.2555730614574581,0.020177132061348704,703.7741467288469,,,,
1.0,all,,,,,,0.0031384541993904028,-1.932962054942908e-05,271.91713972855723,-0.010515745078572334
1.0,all,,,,,,0.0062769083987808056,-2.97477048578116e-05,60.20476743764245,-0.07309301643673305
1.0,all,,,,,,0.009415362598171209,-3.1170446138935814e-05,44.47084200694417,-0.10368620278712314
1.0,all,,,,,,0.012553816797561611,-3.133910663014986e-05,43.71661868635754,-0.10604577066020118
1.0,all,,,,,,0.015692270996952015,-3.133389872748889e-05,38.548330678012974,-0.12024365356227526
1.0,all,,,,,,0.018830725196342418,-3.1142943311353706e-05,34.19670821061129,-0.13471893985977076
1.0,all,,,,,,0.02196917939573282,-3.0047533019784413e-05,38.01834327721701,-0.11691465095879917
1.0,all,,,,,,0.025107633595123222,-3.041624441900406e-05,25.256276077100473,-0.17815153853028476
1.0,all,,,,,,0.028246087794513628,-3.00022100412009e-05,4.282665766261645,-1.0363163958814037
1.0,all,,,,,,0.03138454199390403,-2.7344419557214987e-05,23.59721023324526,-0.17141994493819682
1.0,all,,,,,,0.03452299619329443,-3.201213294219835e-05,38.669514012302,-0.12246139486208787
1.0,all,,,,,,0.037661450392684835,-3.644396477888142e-05,19.986846694533703,-0.2697333467617396
1.0,all,,,,,,0.04079990459207524,-2.7830822515744306e-05,28.38771038735465,-0.14502703892195667
1.0,all,,,,,,0.04393835879146564,-2.2732150061463535e-05,39.0793929792119,-0.0860490359643322
1.0,all,,,,,,0.04707681299085604,-2.4581389190231597e-05,18.59538285192961,-0.195548551219661
1.0,all,,,,,,0.050215267190246445,-2.5164806156400635e-05,4.867161581037794,-0.7648409445679969
1.0,all,,,,,,0.05335372138963685,-2.92149438873984e-05,23.95564668813482,-0.18040578564677257
1.0,all,,,,,,0.056492175589027256,-3.273943252089334e-05,35.27018067163657,-0.13731461612708698
1.0,all,,,,,,0.05963062978841765,-2.848478068573764e-05,16.436891294624346,-0.25635777945976784
1.0,all,,,,,,0.06276908398780806,-2.524311172785157e-05,16.328895313031303,-0.22868590029123126
1.0,all,,,,,,0.06590753818719845,-2.6861592054763575e-05,21.49620533513343,-0.1848516159096377
1.0,all,,,,,,0.06904599238658886,-2.3194983656472602e-05,12.876115411707394,-0.2664787080853703
1.0,all,,,,,,0.07218444658597926,-1.86823305450665e-05,13.24690220707982,-0.2086267658243727
1.0,all,,,,,,0.07532290078536967,-1.9612962634830173e-05,19.259390034785394,-0.15064474151645108
1.0,all,,,,,,0.07846135498476008,-2.7510292880812822e-05,18.985403416835666,-0.21435256672893208
1.0,all,,,,,,0.08159980918415048,-3.3629396546134226e-05,9.3101794934082,-0.5343358639008854
1.0,all,,,,,,0.08473826338354087,-2.973712904247075e-05,9.32437158789632,-0.4717726599264338
1.0,all,,,,,,0.08787671758293128,-2.3011199804885507e-05,21.351876227330376,-0.1594250361670239
1.0,all,,,,,,0.09101517178232169,-1.444935777109763e-05,21.960286964746366,-0.09733383555747309
1.0,all,,,,,,0.09415362598171208,-1.4973172011711665e-05,13.019269569776618,-0.17012984192782543
1.0,all,,,,,,0.09729208018110248,-2.5019642299049117e-05,12.785207962038807,-0.28948535906494643
1.0,all,,,,,,0.10043053438049289,-2.5437076004063483e-05,16.80773598605775,-0.22387792554638095
1.0,all,,,,,,0.1035689885798833,-2.6425054109742703e-05,16.508104580503904,-0.23679470008055523
1.0,all,,,,,,0.1067074427792737,-2.9012834678408604e-05,11.409368284203065,-0.3761680175940179
1.0,all,,,,,,0.1098458969786641,-2.5358077835189256e-05,17.850539899398985,-0.21014462123693042
1.0,all,,,,,,0.11298435117805451,-2.01010692988566e-05,29.587126659991384,-0.10050083590544191
1.0,all,,,,,,0.11612280537744489,-1.2607360082733675e-05,20.264871640899813,-0.0920308861623826
1.0,all,,,,,,0.1192612595768353,-1.067798582616834e-05,17.149066963212015,-0.09210901709605622
1.0,all,,,,,,0.1223997137762257,-2.393888878887291e-05,18.165124312950155,-0.1949480596438497
1.0,all,,,,,,0.12553816797561612,-4.0998127863399464e-05,12.994998490162455,-0.4667035412665545
1.0,all,,,,,,0.12867662217500653,-2.977012375609252e-05,8.99782407570639,-0.48943660421752566
1.0,all,,,,,,0.1318150763743969,-1.1939722526023974e-05,1.346666635080204,-1.3115578101463565
1.0,all,,,,,,0.1349535305737873,-2.047443188181325e-05,4.789003861502215,-0.6324409418505264
1.0,all,,,,,,0.13809198477317772,-3.090950953697014e-05,10.091583590416999,-0.4530916889733667
1.0,all,,,,,,0.14123043897256812,-3.611619891454053e-05,14.70755067118193,-0.3632578323182076
1.0,all,,,,,,0.14436889317195853,-3.1341397889480156e-05,12.206883380566495,-0.3798104166639209
1.0,all,,,,,,0.14750734737134893,-1.896723454102169e-05,-0.22882430126305175,12.261826697161617
1.0,all,,,,,,0.15064580157073934,-2.0016709054021504e-05,2.719376880637174,-1.0888713720756797
1.0,all,,,,,,0.15378425577012975,-1.7067584681558202e-05,13.208465506148972,-0.19114942853817696
1.0,all,,,,,,0.15692270996952015,-1.3942075068916523e-05,14.491669900400733,-0.1423188048407889
1.0,all,,,,,,0.16006116416891056,-1.2872805530584564e-05,13.539538059709084,-0.14064447138193673
1.0,all,,,,,,0.16319961836830096,-1.004301247375479e-05,19.262929286455964,-0.07712496426223951
1.0,all,,,,,,0.16633807256769134,-3.767462948978166e-05,18.74565570780635,-0.29730461978698597
1.0,all,,,,,,0.16947652676708175,-4.957525994305212e-05,8.674791420610958,-0.8453941978762325
1.0,all,,,,,,0.17261498096647215,-2.2973159196650943e-05,-1.3893277972833817,2.446072365003111
1.0,all,,,,,,0.17575343516586256,-1.4893009304866473e-05,4.164042824076043,-0.5290790653249642
1.0,all,,,,,,0.17889188936525297,-2.7491269696401308e-05,20.080455096395387,-0.20252309286450046
1.0,all,,,,,,0.18203034356464337,-3.7535610893297495e-05,21.274429190052867,-0.2609990196271208
1.0,all,,,,,,0.18516879776403378,-2.145699592407247e-05,18.93315658560565,-0.16764831626126367
1.0,all,,,,,,0.18830725196342415,2.0649865992531704e-06,14.540127151400117,0.02100885275908002
1.0,all,,,,,,0.19144570616281456,1.4241942339726995e-05,3.205942759189373,0.6571534061432628
1.0,all,,,,,,0.19458416036220497,2.8458252730654765e-06,0.7626757999899317,0.5519777472756544
1.0,all,,,,,,0.1977226145615954,-3.2031873767007416e-05,14.553697898033617,-0.32558342890861763
1.0,all,,,,,,0.20086106876098578,-3.937155267345576e-05,25.295104618594245,-0.2302498554673914
1.0,all,,,,,,0.20399952296037616,-2.456332387868704e-05,11.757124353698874,-0.30905752830300026
1.0,all,,,,,,0.2071379771597666,-8.382149250017183e-06,-3.3192401979132335,0.37356829662005947
1.0,all,,,,,,0.21027643135915697,-3.530541799392627e-06,1.394411376693438,-0.37454477615495907
1.0,all,,,,,,0.2134148855585474,-2.9876899283879137e-05,8.172325251810673,-0.540808095761894
1.0,all,,,,,,0.21655333975793778,-3.433653252903454e-05,1.4885119461475425,-3.412380216671322
1.0,all,,,,,,0.2196917939573282,-2.2222026103441157e-05,4.4037961769822,-0.7464655119931894
1.0,all,,,,,,0.2228302481567186,-1.6382848086526712e-05,14.728944474520215,-0.16453984478278946
1.0,all,,,,,,0.22596870235610902,5.458325144067191e-06,4.773088025155466,0.1691660710390176
1.0,all,,,,,,0.2291071565554994,-2.260764056787444e-05,4.348701628607173,-0.7690400062841785
1.0,all,,,,,,0.23224561075488978,-5.331458782492121e-05,13.80233202031729,-0.5714087543519717
1.0,all,,,,,,0.23538406495428021,-4.685601174962909e-05,12.038301105358922,-0.5757758195440748
1.0,all,,,,,,0.2385225191536706,-3.0342903333220514e-05,15.545279269465585,-0.28874329562240664
1.0,all,,,,,,0.24166097335306103,5.0576832428753085e-06,19.194867973330453,0.03897802243535657
1.0,all,,,,,,0.2447994275524514,-1.3246311550789695e-05,8.62342013602479,-0.22723159861251066
1.0,all,,,,,,0.24793788175184184,-3.421353650990813e-05,-0.3637571070740555,13.913608673209671
1.0,all,,,,,,0.25107633595123224,-9.85991286241276e-06,6.981691501446227,-0.20891312530481213
1.0,all,,,,,,0.2542147901506226,2.263389053509543e-06,9.149423501004053,0.036594750026276025
1.0,all,,,,,,0.25735324435001306,2.4724715072123122e-05,9.168234222254219,0.398932023434359
1.0,all,,,,,,0.2604916985494034,1.7669445955111953e-05,15.772513007762642,0.16572015916895394
1.0,all,,,,,,0.2636301527487938,-2.9320194916850486e-05,9.310939649449951,-0.46582913257511305
1.0,all,,,,,,0.2667686069481842,-2.979663286726551e-05,4.126729620825133,-1.0681063050185862
1.0,all,,,,,,0.2699070611475746,2.3068415095955097e-07,8.383535509616735,0.004070463393774127
1.0,all,,,,,,0.27304551534696503,-4.93236469323478e-06,10.656907018874447,-0.06846637079855093
1.0,all,,,,,,0.27618396954635543,-4.757875550429942e-05,14.469427573068874,-0.486424041719823
1.0,all,,,,,,0.27932242374574584,-5.8213062627417744e-05,11.06849517419841,-0.7780099879366783
1.0,all,,,,,,0.28246087794513625,4.488135491887445e-06,2.4493719861802625,0.2710594276281322
1.0,all,,,,,,0.28559933214452665,3.067645211504229e-05,6.942751534342714,0.6536222246988765
1.0,all,,,,,,0.28873778634391706,-2.366066682525885e-05,13.174500596026856,-0.2656722064929979
1.0,all,,,,,,0.29187624054330746,-5.7400670661249916e-05,1.1956474622705464,-7.1017785246448675
1.0,all,,,,,,0.29501469474269787,-2.3957160753544968e-05,-1.718101993302223,2.062717292202923
1.0,all,,,,,,0.2981531489420883,-1.618904548760229e-05,11.804979164754709,-0.202866026336787
1.0,all,,,,,,0.3012916031414787,-4.8032045641769664e-05,18.482371301543054,-0.38443834287296497
1.0,all,,,,,,0.30443005734086903,-6.750610874092036e-06,16.299579840637072,-0.061266062426924915
1.0,all,,,,,,0.3075685115402595,3.4856188370611094e-06,2.8040106915736214,0.18388806072393366
1.0,all,,,,,,0.31070696573964984,-2.773416325599961e-05,-4.821785950641827,0.8508645788482551
1.0,all,,,,,,0.3138454199390403,2.573072866481345e-06,1.3734216956996066,0.2771414504607383
1.0,all,,,,,,0.31698387413843065,9.045364294337794e-06,8.081588615776607,0.16557037295391297
1.0,all,,,,,,0.3201223283378211,-4.2440260403244764e-05,8.262599608476776,-0.759826849606135
1.0,all,,,,,,0.32326078253721147,-5.4472007924100506e-05,4.610230136610453,-1.7478496949415
1.0,all,,,,,,0.3263992367366019,-3.182109100356881e-05,4.373370738913781,-1.07634643020125
1.0,all,,,,,,0.3295376909359923,-1.768744166824808e-05,3.336413329463177,-0.7842210168557981
1.0,all,,,,,,0.3326761451353827,2.0472815458118792e-05,-0.46052913253424066,-6.576181142108229
1.0,all,,,,,,0.3358145993347731,3.29768395458877e-05,12.060624852117215,0.4044757847847354
1.0,all,,,,,,0.3389530535341635,1.4214083604328133e-05,26.58225024467965,0.07910071833811347
1.0,all,,,,,,0.3420915077335539,-2.1028586867937648e-05,16.099673942853105,-0.1932174349244225
1.0,all,,,,,,0.3452299619329443,-3.7190892043913496e-05,-0.22660993923242212,24.277890315556334
1.0,all,,,,,,0.3483684161323347,-2.5256068217025416e-05,-1.3434493818175302,2.780979184178602
1.0,all,,,,,,0.3515068703317251,-4.178559735472788e-05,4.634008569907413,-1.3338994286665695
1.0,all,,,,,,0.35464532453111547,-4.871580484547599e-05,3.323127070315752,-2.1685839434489282
1.0,all,,,,,,0.35778377873050593,-1.3994987435778682e-05,4.742061172970173,-0.4365748011386419
1.0,all,,,,,,0.3609222329298963,1.3898430406503418e-06,11.086275917585164,0.018545279268245465
1.0,all,,,,,,0.36406068712928674,-2.0141906463479692e-05,3.9373964847516953,-0.7567365830675572
1.0,all,,,,,,0.3671991413286771,-6.526555804194614e-05,-1.8527379540795534,5.2110274570354935
1.0,all,,,,,,0.37033759552806755,-8.230909844347627e-05,14.877742981603607,-0.8183971286279426
1.0,all,,,,,,0.3734760497274579,1.9845560752897286e-05,18.5639627600393,0.1581415496860097
1.0,all,,,,,,0.3766145039268483,2.316606345897299e-05,7.160838061148414,0.47856583755722093
1.0,all,,,,,,0.3797529581262387,-6.701706046419485e-05,6.699683625034187,-1.479736491408822
1.0,all,,,,,,0.3828914123256291,-4.332698026846293e-05,4.111090763424581,-1.5590306749690346
1.0,all,,,,,,0.3860298665250195,-3.9327048525689785e-05,8.464004423002294,-0.6873355019572109
1.0,all,,,,,,0.38916832072440993,-3.11673723610059e-05,16.300479408080825,-0.28284800257367126
1.0,all,,,,,,0.39230677492380034,2.010797464917804e-05,0.2920965682415324,10.183455700296093
1.0,all,,,,,,0.3954452291231908,5.5262229490230124e-05,-11.802350809993172,-0.692648960437869
1.0,all,,,,,,0.39858368332258115,4.2269617144023166e-05,7.784927959256918,0.8032061410339593
1.0,all,,,,,,0.40172213752197156,-4.630421349928053e-05,21.05080248611179,-0.32539071749234905
1.0,all,,,,,,0.4048605917213619,-2.788139888924701e-05,7.866351059180419,-0.5243177249882934
1.0,all,,,,,,0.4079990459207523,5.28457617321096e-05,-2.5957594724661663,-3.011611999298722
1.0,all,,,,,,0.4111375001201428,-6.210038852154404e-06,6.104740678864002,-0.15048056075422067
1.0,all,,,,,,0.4142759543195332,-5.361676418771545e-05,18.144856486527623,-0.4371196872322822
1.0,all,,,,,,0.41741440851892353,-1.4077447769615073e-05,14.274460263240144,-0.14588731548580353
1.0,all,,,,,,0.42055286271831394,4.5970481248160404e-05,5.733544163183666,1.1860669169012552
1.0,all,,,,,,0.4236913169177044,4.396874826134146e-05,1.1238904545182045,5.787265720812757
1.0,all,,,,,,0.4268297711170948,-4.709235825008994e-05,6.76407445678602,-1.0299007246934755
1.0,all,,,,,,0.42996822531648515,-4.835493126436792e-05,12.442861517206154,-0.5748755084183355
1.0,all,,,,,,0.43310667951587556,5.219947478249244e-06,6.631926838658948,0.11643397136431821
1.0,all,,,,,,0.43624513371526596,-1.1259815706074035e-05,3.3650523173120654,-0.49498582901325794
1.0,all,,,,,,0.4393835879146564,4.198474838361687e-06,-2.9568451239115663,-0.2100469025240481
1.0,all,,,,,,0.4425220421140468,1.3101923694470459e-05,-6.0769855892322715,-0.31893351797761943
1.0,all,,,,,,0.4456604963134372,-5.073559296412181e-05,4.335077134945209,-1.7312875867602817
1.0,all,,,,,,0.4487989505128276,-6.290389582773293e-05,9.309554259543518,-0.9995440999926649
1.0,all,,,,,,0.45193740471221805,-1.6876736428320173e-05,1.1698563615221373,-2.134072801890206
1.0,all,,,,,,0.4550758589116084,2.4662562752956365e-05,-1.9300189476525211,-1.8902965196207993
1.0,all,,,,,,0.4582143131109988,-3.664724001242877e-05,10.154753162248753,-0.5338573241843811
1.0,all,,,,,,0.4613527673103892,-3.279753225985695e-05,17.861169977330377,-0.27163427489677255
1.0,all,,,,,,0.46449122150977956,6.221063507160484e-05,8.674956377221289,1.0608418379557247
1.0,all,,,,,,0.46762967570917,-3.265419886904199e-05,9.578060566149764,-0.5043299484187946
1.0,all,,,,,,0.47076812990856043,-0.00011033789218605126,11.832505119228156,-1.3794351437701426
1.0,all,,,,,,0.4739065841079508,-6.799937119173671e-05,-3.852364535751458,2.6111440091681546
1.0,all,,,,,,0.4770450383073412,4.09667363276337e-06,-11.944400995388081,-0.05073647559340755
1.0,all,,,,,,0.4801834925067316,4.773083167350317e-05,-4.0179369944711425,-1.7573132495394101
1.0,all,,,,,,0.48332194670612205,1.1105240225277065e-06,3.5674390758445527,0.0460494764072353
1.0,all,,,,,,0.4864604009055124,9.812784843886899e-06,7.67292654386072,0.18918405940807337
1.0,all,,,,,,0.4895988551049028,-3.0298763774859998e-05,10.630584654482552,-0.42161986314447025
1.0,all,,,,,,0.4927373093042932,-6.104550334872195e-05,12.159407965368207,-0.7426677293316426
1.0,all,,,,,,0.4958757635036837,2.228932578878236e-05,10.09526387031508,0.3266123189127077
1.0,all,,,,,,0.499014217703074,-5.438730630100919e-06,6.866075859041251,-0.11717696799678298
1.0,all,,,,,,0.5021526719024645,-0.00011050048183378191,6.421242396813271,-2.545648351704152
1.0,all,,,,,,0.5052911261018548,-9.857239570524394e-05,4.974556365083228,-2.931259447246901
1.0,all,,,,,,0.5084295803012452,2.297945390499951e-06,5.967005927685584,0.056968730078973906
1.0,all,,,,,,0.5115680345006357,1.471509532473066e-05,5.721840851836678,0.3804351266641356
1.0,all,,,,,,0.5147064887000261,1.4986129846362597e-05,5.662772875485795,0.39148367100579984
1.0,all,,,,,,0.5178449428994164,4.675438482611836e-05,8.967780665447636,0.7712420022646108
1.0,all,,,,,,0.5209833970988068,1.3178891414619252e-05,9.079047435778207,0.21472959183019197
1.0,all,,,,,,0.5241218512981973,-3.381285622618254e-05,3.9409592875805175,-1.2692092060858904
1.0,all,,,,,,0.5272603054975876,-5.6989704411576276e-05,3.5675208716116815,-2.3631059074573284
1.0,all,,,,,,0.530398759696978,-5.378214503485531e-05,4.934172255075936,-1.61241606562054
1.0,all,,,,,,0.5335372138963684,3.305449977305986e-05,3.8686317080931776,1.2639401396392747
1.0,all,,,,,,0.5366756680957588,7.584367342861195e-05,9.990029115080553,1.1230676295933437
1.0,all,,,,,,0.5398141222951492,2.0077351303182804e-05,10.182925842118468,0.29166689693870407
1.0,all,,,,,,0.5429525764945397,-3.913761196196683e-06,4.307271608973968,-0.1344142671726574
1.0,all,,,,,,0.5460910306939301,2.10170839579059e-06,-0.004594866768790951,-67.66324781307425
1.0,all,,,,,,0.5492294848933205,-2.937099929148956e-05,0.7347148922836622,-5.913616868297253
1.0,all,,,,,,0.5523679390927109,-2.110120030011347e-05,8.3705943280416,-0.37291011987993683
1.0,all,,,,,,0.5555063932921013,4.2503742249172725e-05,3.0211276535465266,2.081188402712957
1.0,all,,,,,,0.5586448474914917,-5.9002261499774175e-05,1.207053992181065,-7.230948448712818
1.0,all,,,,,,0.5617833016908821,-0.0001450019106391342,9.255664772014523,-2.3174982358688387
1.0,all,,,,,,0.5649217558902725,-3.2959892055397914e-05,5.128398039817842,-0.9507303526321437
1.0,all,,,,,,0.5680602100896629,1.8212643650508002e-05,3.781485911743914,0.7124654481567002
1.0,all,,,,,,0.5711986642890533,-4.169512113724745e-05,11.483140259467106,-0.5371281016018363
1.0,all,,,,,,0.5743371184884437,-2.0213560425516908e-05,16.667129760144935,-0.17940531474889185
1.0,all,,,,,,0.5774755726878341,5.7157012584955574e-05,6.633633458835091,1.274592488255675
1.0,all,,,,,,0.5806140268872244,2.7960741811029612e-05,-7.7730976749855385,-0.5321178998208482
1.0,all,,,,,,0.5837524810866149,-5.174600114332612e-05,1.383543671559166,-5.532701319297955
1.0,all,,,,,,0.5868909352860053,-1.9939546538764126e-05,3.1853994474632428,-0.9259865554055894
1.0,all,,,,,,0.5900293894853957,2.3095820092681445e-05,-1.5887584405228201,-2.1504473850060677
1.0,all,,,,,,0.593167843684786,-3.198734501806828e-05,20.144001023588274,-0.23490148587476098
1.0,all,,,,,,0.5963062978841766,-4.2952064845344106e-05,13.236678608123748,-0.4800188880051168
1.0,all,,,,,,0.599444752083567,-2.3732648190515797e-05,-8.236767510841174,0.42622870793962814
1.0,all,,,,,,0.6025832062829574,-1.590305443352535e-05,6.500088300027157,-0.361921675000358
1.0,all,,,,,,0.6057216604823477,8.941625658875738e-06,14.253629408381714,0.0927992198537858
1.0,all,,,,,,0.6088601146817381,1.888403979262686e-05,4.145670235950279,0.673834832910507
1.0,all,,,,,,0.6119985688811286,2.519728648407426e-05,3.1230293289724744,1.1935236113945262
1.0,all,,,,,,0.615137023080519,2.0867437246975967e-05,4.711723613697999,0.6551528175501774
1.0,all,,,,,,0.6182754772799093,-1.2396819649989594e-05,-2.0672486017830054,0.8870965296905512
1.0,all,,,,,,0.6214139314792997,-3.0314214613507587e-05,1.4557103703098881,-3.0805243719139646
1.0,all,,,,,,0.6245523856786902,-5.689230746419396e-06,12.955764364729419,-0.06495967028500094
1.0,all,,,,,,0.6276908398780806,-3.0445183035600305e-06,10.198358874314597,-0.04416127493284539
1.0,all,,,,,,0.6308292940774709,1.2999697588096978e-05,4.105553316105084,0.46839781133634883
1.0,all,,,,,,0.6339677482768613,4.021023625841861e-05,6.174016042504322,0.9634344583154767
1.0,all,,,,,,0.6371062024762517,2.852481210851466e-05,3.9901530215119028,1.0575150223225611
1.0,all,,,,,,0.6402446566756422,1.6186018062373754e-05,3.4962132530770598,0.6848499210013315
1.0,all,,,,,,0.6433831108750325,-1.1446841964675001e-05,3.7151617251943625,-0.4557863001700223
1.0,all,,,,,,0.6465215650744229,-5.265187442099878e-05,-5.066466580524713,1.5373117923276085
1.0,all,,,,,,0.6496600192738133,-9.557226300379694e-05,1.1927577845609427,-11.85312635253647
1.0,all,,,,,,0.6527984734732039,-9.61409805336034e-05,14.885097299935534,-0.9554548589034397
1.0,all,,,,,,0.6559369276725941,-8.532701297700974e-05,16.728989669595563,-0.754518918779849
1.0,all,,,,,,0.6590753818719846,-7.947264475724671e-05,2.904907954293274,-4.047050227070816
1.0,all,,,,,,0.662213836071375,-3.545630585015911e-05,-12.429475247003904,0.4219820671489619
1.0,all,,,,,,0.6653522902707654,-4.4957975854008023e-05,-0.9994472268276853,6.654266444055736
1.0,all,,,,,,0.6684907444701558,-1.5674188557153628e-05,0.6955880732277588,-3.3333908897619815
1.0,all,,,,,,0.6716291986695462,5.202050659271696e-05,-3.291948823006896,-2.337624800895715
1.0,all,,,,,,0.6747676528689366,1.0033241731400347e-05,8.32682512225822,0.17824408882427847
1.0,all,,,,,,0.677906107068327,-5.630007873373818e-05,12.426043392886255,-0.6702386069756123
1.0,all,,,,,,0.6810445612677174,-3.268497030298938e-05,10.036972735812142,-0.4817244109169632
1.0,all,,,,,,0.6841830154671078,1.8781639820877874e-05,0.4937615181348918,5.626904859705281
1.0,all,,,,,,0.6873214696664982,-7.57199068098338e-05,9.719706187709626,-1.1524185433288894
1.0,all,,,,,,0.6904599238658886,-8.231925951831161e-05,21.51190956026176,-0.5660773730976921
1.0,all,,,,,,0.693598378065279,0.00012531716137187973,6.996164222349652,2.649743635782346
1.0,all,,,,,,0.6967368322646694,0.00017867259063856117,-4.795206561843818,-5.511932856793233
1.0,all,,,,,,0.6998752864640598,7.527197854188833e-05,6.19173701819647,1.7983496449547292
1.0,all,,,,,,0.7030137406634502,1.302439679986885e-05,15.613952251777745,0.12339514596126662
1.0,all,,,,,,0.7061521948628406,-6.109334894902668e-05,6.0844516713601,-1.485339705748908
1.0,all,,,,,,0.7092906490622309,-3.585301724911245e-05,1.2870622176028466,-4.120780412911248
1.0,all,,,,,,0.7124291032616215,9.222751191108932e-05,2.9943750922433123,4.556250517549396
1.0,all,,,,,,0.7155675574610119,3.705235006318342e-05,7.865213155953232,0.6968809064129803
1.0,all,,,,,,0.7187060116604023,-7.54890901879761e-05,3.8951029033177664,-2.86693970683657
1.0,all,,,,,,0.7218444658597926,-6.613572798698655e-05,1.0431334010111404,-9.378850015317246
1.0,all,,,,,,0.7249829200591831,-3.0119241697342574e-05,11.9529084847205,-0.37275522794484195
1.0,all,,,,,,0.7281213742585735,5.220743081640685e-06,11.729029834140551,0.06584511109214385
1.0,all,,,,,,0.7312598284579639,5.370170071217062e-05,0.43516063938138927,18.255416156622395
1.0,all,,,,,,0.7343982826573542,3.550126982027643e-05,-6.178140984232053,-0.8500400276685774
1.0,all,,,,,,0.7375367368567446,-5.856311453376993e-05,2.381006880598625,-3.638453418144125
1.0,all,,,,,,0.7406751910561351,-7.784293182907007e-05,11.964713593312148,-0.962432281569201
1.0,all,,,,,,0.7438136452555254,-1.5633341687935986e-05,14.103662964187007,-0.16397332493849842
1.0,all,,,,,,0.7469520994549158,8.831039121944574e-06,9.68353322764873,0.1349060000419568
1.0,all,,,,,,0.7500905536543062,2.0193725700381594e-05,-1.4609834131390347,-2.0446758688546227
1.0,all,,,,,,0.7532290078536966,-2.849861871865034e-06,-5.843903416190233,0.07213965905255669
1.0,all,,,,,,0.756367462053087,-3.3941185380270704e-05,1.9875928743099218,-2.5261136101757584
1.0,all,,,,,,0.7595059162524774,-1.015901430671589e-05,10.988157459180872,-0.13676658464791364
1.0,all,,,,,,0.7626443704518678,-7.233609695687754e-05,6.921849152495786,-1.545917257507904
1.0,all,,,,,,0.7657828246512582,-9.28115098121949e-05,6.247809997166239,-2.1974921279704116
1.0,all,,,,,,0.7689212788506486,-1.3219664157607593e-05,7.027793767076182,-0.2782625224589449
1.0,all,,,,,,0.772059733050039,4.057891472044648e-05,-1.9369760234027966,-3.099056448320691
1.0,all,,,,,,0.7751981872494295,2.646746621869303e-05,-3.5907999349491058,-1.0903714282562247
1.0,all,,,,,,0.7783366414488199,2.3504486503260904e-06,3.7011909662452243,0.09394260054591062
1.0,all,,,,,,0.7814750956482103,9.078010251363412e-05,17.04309986723239,0.7879440566676521
1.0,all,,,,,,0.7846135498476007,0.0001044858476858897,13.469318239020346,1.14753293891961
1.0,all,,,,,,0.7877520040469911,-8.717362803235639e-05,2.259652815940424,-5.706853289323255
1.0,all,,,,,,0.7908904582463816,-0.00011329871590235434,6.585380152789339,-2.545056577669817
1.0,all,,,,,,0.7940289124457719,1.1504223956648105e-05,3.9458263358450356,0.43129325336772795
1.0,all,,,,,,0.7971673666451623,5.9857197865460215e-05,4.779031361442906,1.852805390710313
1.0,all,,,,,,0.8003058208445526,0.00018675615182361753,8.825876600128302,3.1301876209835435
1.0,all,,,,,,0.8034442750439431,0.00010903242444340014,-2.1366946298345897,-7.548601772623953
1.0,all,,,,,,0.8065827292433335,-4.6843713139870885e-05,-6.762622023590245,1.0246829321103124
1.0,all,,,,,,0.8097211834427238,-2.9174499620716878e-05,11.147944477793246,-0.3871345421893564
1.0,all,,,,,,0.8128596376421143,-3.55630972511165e-05,16.538309463230334,-0.3180986070265685
1.0,all,,,,,,0.8159980918415046,2.4358822054465423e-05,0.21957190133787208,16.410916067148243
1.0,all,,,,,,0.8191365460408951,4.2156126515087266e-05,1.8660293242515789,3.3419160721426335
1.0,all,,,,,,0.8222750002402855,-4.002098585076624e-05,7.567927423753783,-0.7822834241942176
1.0,all,,,,,,0.8254134544396758,-8.831463354184097e-05,1.3462757951851714,-9.704025690250406
1.0,all,,,,,,0.8285519086390664,-6.110634162077372e-05,3.0516558004513565,-2.9621294926860604
1.0,all,,,,,,0.8316903628384567,-1.256674767774764e-05,15.041075816069347,-0.1235939746328519
1.0,all,,,,,,0.8348288170378471,-2.230618167026693e-05,12.512291638860166,-0.2637191580528307
1.0,all,,,,,,0.8379672712372376,8.24016497020541e-06,-5.627914880240513,-0.21659164025363697
1.0,all,,,,,,0.8411057254366279,3.800490922116294e-05,-2.6135743455062297,-2.1510878391360047
1.0,all,,,,,,0.8442441796360184,-5.003492424943728e-05,5.568291949310425,-1.3292435239763212
1.0,all,,,,,,0.8473826338354088,-0.00010563482921997666,0.897590328838539,-17.409338675522537
1.0,all,,,,,,0.8505210880347991,-2.6665265806351616e-05,4.487614964649705,-0.8789893916384728
1.0,all,,,,,,0.8536595422341896,6.373390817996089e-05,7.8824342937193075,1.1960889967128536
1.0,all,,,,,,0.8567979964335799,4.287378475490523e-05,1.488240889393488,4.261592257354284
1.0,all,,,,,,0.8599364506329703,-2.7963116252715875e-06,-1.938011478769921,0.21344330020745295
1.0,all,,,,,,0.8630749048323608,9.383773051540067e-06,-8.179832843064737,-0.16970176956524397
1.0,all,,,,,,0.8662133590317511,-4.863827971491497e-05,-8.67691880277075,0.8292127603925076
1.0,all,,,,,,0.8693518132311416,-8.615653555015956e-05,10.21965507081543,-1.2471115266888004
1.0,all,,,,,,0.8724902674305319,-7.643048679465714e-05,15.488182782828876,-0.7299942922503638
1.0,all,,,,,,0.8756287216299223,-5.883328974245882e-05,3.470421627876984,-2.5078074952841773
1.0,all,,,,,,0.8787671758293129,7.886653883662224e-05,-2.830584527458861,-4.121639062081089
1.0,all,,,,,,0.8819056300287031,8.212881226862313e-05,1.8826463763719314,6.45327382592623
1.0,all,,,,,,0.8850440842280936,-1.693420296752386e-05,11.779106906717049,-0.21266974061946406
1.0,all,,,,,,0.8881825384274838,3.213189379848301e-05,15.38206638496628,0.30901171589220544
1.0,all,,,,,,0.8913209926268744,-5.204950083426606e-06,11.381255813788332,-0.06765185166648191
1.0,all,,,,,,0.8944594468262649,-5.580667378032391e-05,-1.3269601156872746,6.221306140129755
1.0,all,,,,,,0.8975979010256552,7.287201559775408e-05,1.0407669173637155,10.357635109569468
1.0,all,,,,,,0.9007363552250456,5.516559118482196e-05,9.831671606091895,0.830030816621199
1.0,all,,,,,,0.9038748094244361,-3.6364071417728285e-05,-1.538081167885092,3.497410031343019
1.0,all,,,,,,0.9070132636238264,-2.9853443390517576e-05,1.524450323207063,-2.89690636909553
1.0,all,,,,,,0.9101517178232168,-1.936207990687439e-05,3.91262010278374,-0.732044749741402
1.0,all,,,,,,0.9132901720226071,3.39128857885654e-05,-1.9607733119566408,-2.558530887052212
1.0,all,,,,,,0.9164286262219976,2.6286548585556134e-05,6.442203779319346,0.6036044222404079
1.0,all,,,,,,0.9195670804213881,6.352549055157989e-05,8.840924776233827,1.0629274825610897
1.0,all,,,,,,0.9227055346207784,6.233337165985704e-05,8.866173386595698,1.0400104493078253
1.0,all,,,,,,0.9258439888201688,-0.00010407747038637891,3.2073843739775976,-4.800196579448436
1.0,all,,,,,,0.9289824430195591,-0.00014516545587778373,5.944200311024889,-3.6126272231688867
1.0,all,,,,,,0.9321208972189496,2.7752587310374123e-05,13.47340282758513,0.3047049343477296
1.0,all,,,,,,0.93525935141834,6.206178450157504e-05,-1.4078013889365977,-6.521329943592965
1.0,all,,,,,,0.9383978056177303,-5.480098938267738e-05,-4.830971445531758,1.6780590250894252
1.0,all,,,,,,0.9415362598171209,-3.556438742522412e-05,6.649459801567975,-0.7911927004574487
1.0,all,,,,,,0.9446747140165112,-7.919980921188839e-05,6.726622068934591,-1.741728312993087
1.0,all,,,,,,0.9478131682159016,-6.462374825062702e-05,6.807249573923014,-1.404344878025193
1.0,all,,,,,,0.9509516224152921,7.558929342093432e-05,9.292545988897212,1.203313726136153
1.0,all,,,,,,0.9540900766146824,8.59147948001908e-05,3.8958513377765405,3.2622623580086008
1.0,all,,,,,,0.9572285308140729,2.626446851284011e-05,7.007200837313876,0.5544691093389926
1.0,all,,,,,,0.9603669850134632,-4.1975681611232317e-07,11.827647598544369,-0.005249919990392144
1.0,all,,,,,,0.9635054392128536,-3.983750300880301e-05,6.599750346075167,-0.8929310106963297
1.0,all,,,,,,0.9666438934122441,-9.690499882801564e-05,0.6695390973918507,-21.41033892429662
1.0,all,,,,,,0.9697823476116344,-7.240964138217345e-05,-6.274491470812338,1.7071479754800496
1.0,all,,,,,,0.9729208018110248,-1.582934771695251e-05,-1.1679737933049839,2.0048561861394782
1.0,all,,,,,,0.9760592560104153,-2.2764316300159324e-05,2.3667700708214237,-1.4228261768146448
1.0,all,,,,,,0.9791977102098056,1.772598817619304e-05,1.7832018555313365,1.4704939835581483
1.0,all,,,,,,0.9823361644091961,0.00011379669327936704,12.209093063055029,1.3787945001180961
1.0,all,,,,,,0.9854746186085864,2.2580586064438587e-05,2.5415323880731133,1.314295028459542
1.0,all,,,,,,0.9886130728079768,-7.679082674775922e-05,-8.036004802236526,1.413586730613222
1.0,all,,,,,,0.9917515270073674,1.3081337231740365e-05,7.176142606209028,0.2696586681924966
1.0,all,,,,,,0.9948899812067576,-8.42408158966872e-08,12.523202767391112,-0.0009950856332665403
1.0,all,,,,,,0.998028435406148,-8.022506582053434e-05,9.879208696523836,-1.2012716454949586
1.0,all,,,,,,1.0011668896055383,-2.065653578703413e-05,15.695324021041872,-0.19468859362925783
1.0,all,,,,,,1.004305343804929,-2.2183518530949773e-06,5.829413380998682,-0.056293581652623374
1.0,all,,,,,,1.0074437980043194,2.3208759559309636e-05,-10.684399424437316,-0.321332844190256
1.0,all,,,,,,1.0105822522037096,3.9282234392176744e-05,-3.6274723174194077,-1.6019368062593522
1.0,all,,,,,,1.0137207064031002,-0.00010749248383594827,5.528255562106938,-2.8763603322378755
1.0,all,,,,,,1.0168591606024904,-0.0001088474425691382,6.22055985901159,-2.5884635873113844
1.0,all,,,,,,1.0199976148018808,3.669003461747442e-05,13.400688107575533,0.4050180013337785
1.0,all,,,,,,1.0231360690012714,9.314568534292706e-06,11.594692209351336,0.11883840715342989
1.0,all,,,,,,1.0262745232006616,-3.687706980661293e-05,0.013262794015510337,-411.3151297407842
1.0,all,,,,,,1.0294129774000522,6.652780940910224e-06,-4.7785121157690895,-0.20595096728847492
1.0,all,,,,,,1.0325514315994424,3.079005673158301e-05,-5.0089262749367895,-0.9093250469361595
1.0,all,,,,,,1.0356898857988328,1.1151612881428468e-05,3.3008653254734033,0.4997619452148863
1.0,all,,,,,,1.0388283399982234,4.888195829467664e-06,5.824148847614158,0.12415649236528428
1.0,all,,,,,,1.0419667941976136,2.0563087179118253e-05,4.558815662795745,0.6672515465956014
1.0,all,,,,,,1.045105248397004,-7.262584443791752e-05,11.046576717539617,-0.9725608563474357
1.0,all,,,,,,1.0482437025963947,-7.021311246791236e-05,4.9198505977402,-2.1111525426350113
1.0,all,,,,,,1.0513821567957848,6.520647223957669e-05,2.677627048897505,3.6024164941353107
1.0,all,,,,,,1.0545206109951752,9.520055785555386e-05,8.278535759315611,1.7011369122673885
1.0,all,,,,,,1.0576590651945657,7.69708827386746e-06,-2.0241707833810945,-0.5625130720532032
1.0,all,,,,,,1.060797519393956,-3.679520145637581e-05,-9.34122251338162,0.5826943026696707
1.0,all,,,,,,1.0639359735933467,7.211373597483471e-06,1.3792996850939692,0.7734151278071274
1.0,all,,,,,,1.0670744277927369,-6.018520949037222e-05,9.195207891090945,-0.9682366732786811
1.0,all,,,,,,1.0702128819921273,-0.00013791887016957995,5.224807275576005,-3.9048712523044364
1.0,all,,,,,,1.0733513361915177,3.713442865126325e-05,5.210246993057873,1.0543182853982902
1.0,all,,,,,,1.076489790390908,0.00019157440124451436,9.977153181536288,2.8404303264149857
1.0,all,,,,,,1.0796282445902985,9.575102580621961e-05,5.13609243629752,2.7578072446306807
1.0,all,,,,,,1.082766698789689,-2.0471391094210546e-05,3.469265107885137,-0.8728973421950561
1.0,all,,,,,,1.0859051529890793,-0.00016262845642611045,4.5705807663061195,-5.263546406554904
1.0,all,,,,,,1.0890436071884697,-0.00017673630261925505,-1.625767707413134,16.08127861389679
1.0,all,,,,,,1.0921820613878601,7.484721188759803e-05,2.089971564676665,5.297714548642922
1.0,all,,,,,,1.0953205155872505,0.0002025404509655479,4.785383749351081,6.261066351571335
1.0,all,,,,,,1.098458969786641,5.798127456185994e-05,5.9829210623945475,1.433599329178529
1.0,all,,,,,,1.1015974239860313,-2.6680268226499993e-06,7.239623060198161,-0.054516446613153885
1.0,all,,,,,,1.1047358781854217,7.17788415391049e-05,2.177988336494895,4.875219783040497
1.0,all,,,,,,1.1078743323848121,4.9775275799677316e-05,4.62415243595352,1.5923364511066085
1.0,all,,,,,,1.1110127865842025,-4.588761003081165e-05,7.363831109024978,-0.9218174469542404
1.0,all,,,,,,1.114151240783593,-9.087926014485258e-05,7.885640475407932,-1.7048301375324042
1.0,all,,,,,,1.1172896949829834,4.869975920633956e-05,5.071611062311688,1.4204769062449851
1.0,all,,,,,,1.1204281491823738,0.0001716430921773213,1.3043096473005313,19.466995448212707
1.0,all,,,,,,1.1235666033817642,7.25789304570573e-05,-0.1849012935014196,-58.066268606381996
1.0,all,,,,,,1.1267050575811546,-2.5485967860898083e-05,6.365336483310408,-0.5922881844149633
1.0,all,,,,,,1.129843511780545,-8.274983895971727e-06,10.447922104697843,-0.11716301399609273
1.0,all,,,,,,1.1329819659799354,-6.896002980467066e-05,-1.6630003967094256,6.134206498755307
1.0,all,,,,,,1.1361204201793258,-0.0001437807447651108,-5.870753242511845,3.6229321967693866
1.0,all,,,,,,1.1392588743787162,-5.787468111707035e-05,0.1870896739665766,-45.7606407611937
1.0,all,,,,,,1.1423973285781066,5.189728234284012e-05,11.003957757238789,0.6976683246134067
1.0,all,,,,,,1.145535782777497,3.793768534531344e-05,13.520212651930834,0.41508841432032206
1.0,all,,,,,,1.1486742369768874,-4.046129686542036e-05,3.9023235263469505,-1.5338038745833749
1.0,all,,,,,,1.1518126911762778,-3.3173224670603155e-05,-0.14205428358773986,34.54511636022155
1.0,all,,,,,,1.1549511453756682,3.3166924249383726e-05,3.3096706598096843,1.4824283880001599
1.0,all,,,,,,1.1580895995750586,3.717889071258579e-05,12.210949485252511,0.45040198641972645
1.0,all,,,,,,1.1612280537744488,3.350333264939676e-05,8.344872050393423,0.5939113586546102
1.0,all,,,,,,1.1643665079738394,4.7022612257391146e-05,-6.991117525746738,-0.9949779423340932
1.0,all,,,,,,1.1675049621732299,-2.4528709707493474e-05,-1.831614037234031,1.981043647524679
1.0,all,,,,,,1.1706434163726203,-0.0001371737094475499,9.973771984375901,-2.034533061812081
1.0,all,,,,,,1.1737818705720107,-0.00011692640734360378,2.808415357078278,-6.158920110041835
1.0,all,,,,,,1.176920324771401,-5.1027055964940166e-06,-7.036833563783011,0.1072695693522183
1.0,all,,,,,,1.1800587789707915,2.481839845706335e-05,-2.942287105228333,-1.2477914585482248
1.0,all,,,,,,1.1831972331701819,9.895137630151275e-05,9.269574930066263,1.579120689980845
1.0,all,,,,,,1.186335687369572,0.0001771582053875003,8.076563159765389,3.244800368434857
1.0,all,,,,,,1.1894741415689627,4.227039740643572e-05,-2.233406394971932,-2.799766930861017
1.0,all,,,,,,1.192612595768353,-7.260837090876936e-05,-0.9345783181912858,11.49275888543523
1.0,all,,,,,,1.1957510499677435,-7.397677313748582e-05,5.49595046664984,-1.991158708967305
1.0,all,,,,,,1.198889504167134,2.201931256420862e-05,9.598639988918137,0.3393496122137774
1.0,all,,,,,,1.202027958366524,3.8509515440106904e-05,2.4531140405849436,2.322221383688404
1.0,all,,,,,,1.2051664125659147,-3.811637846168692e-05,-4.997042632464796,1.1283709062808176
1.0,all,,,,,,1.2083048667653051,0.00010971144590234759,11.720932639419082,1.3846597647977437
1.0,all,,,,,,1.2114433209646953,0.00010703899625312257,18.88640231030924,0.8383900111414107
1.0,all,,,,,,1.214581775164086,-4.433671355653766e-05,2.040667672696786,-3.2139899725515817
1.0,all,,,,,,1.2177202293634761,-2.3696401024652354e-05,-3.4467705159062536,1.0170055565880174
1.0,all,,,,,,1.2208586835628668,-1.1879746238602725e-05,0.16108204569706208,-10.909713142958662
1.0,all,,,,,,1.2239971377622572,-0.00012134000586915277,5.111480824944577,-3.5116447904163515
1.0,all,,,,,,1.2271355919616473,-0.00018002620444734958,0.7351469826534316,-36.22553851248382
1.0,all,,,,,,1.230274046161038,-1.910340417931061e-06,-8.868804742829779,0.03186390326259079
1.0,all,,,,,,1.2334125003604282,0.00018295713429688365,4.757384749999556,5.688979609399815
1.0,all,,,,,,1.2365509545598186,8.254491116634372e-05,15.814252223391152,0.7721380374491205
1.0,all,,,,,,1.2396894087592092,-0.00016077348096514224,8.91385523789604,-2.66810024166196
1.0,all,,,,,,1.2428278629585994,-0.0001095863547615713,-2.7123579749077384,5.976718182132996
1.0,all,,,,,,1.24596631715799,0.00013010205919180868,-5.9661364736373415,-3.225850905253744
1.0,all,,,,,,1.2491047713573804,6.297291836688103e-05,-1.1947510146067923,-7.797039177689571
1.0,all,,,,,,1.2522432255567706,-4.064039939950911e-05,-1.8026395382541618,3.335050227577226
1.0,all,,,,,,1.2553816797561612,-3.0459571012426972e-06,7.1582418224129185,-0.06294637442891413
1.0,all,,,,,,1.2585201339555514,-8.597910498621084e-06,12.63095606079839,-0.1006954853736475
1.0,all,,,,,,1.2616585881549418,-8.273103092136204e-06,2.661514929334947,-0.45982526901291965
1.0,all,,,,,,1.2647970423543324,-7.376914387139015e-05,3.6245805869166148,-3.0107194434129747
1.0,all,,,,,,1.2679354965537226,-6.8058366582407e-05,4.819121280556443,-2.0891372350550537
1.0,all,,,,,,1.271073950753113,2.747498221921755e-05,1.3996690107829204,2.903791146922183
1.0,all,,,,,,1.2742124049525034,-3.4498831112848e-05,1.6078845722802324,-3.1739699923359592
1.0,all,,,,,,1.2773508591518938,-6.495276741649291e-05,3.5956186946694135,-2.6722515268549323
1.0,all,,,,,,1.2804893133512845,5.044558802254903e-05,12.205942736316803,0.6113714649741879
1.0,all,,,,,,1.2836277675506746,3.084011852323859e-05,9.321895445574462,0.48940129581737774
1.0,all,,,,,,1.286766221750065,-1.2029431336932537e-05,2.1627669362429387,-0.822789384857296
1.0,all,,,,,,1.2899046759494555,5.1270384560346283e-05,-3.7794135095092507,-2.0067601481472255
1.0,all,,,,,,1.2930431301488459,5.5852607220235634e-05,-2.1788643232308367,-3.7919846201080363
1.0,all,,,,,,1.2961815843482363,-2.7804880676478988e-05,12.280971889850608,-0.33492040092235514
1.0,all,,,,,,1.2993200385476267,-2.285867009953407e-05,11.150650876103409,-0.30325225957367813
1.0,all,,,,,,1.302458492747017,2.4894738970523078e-05,-1.063999940403698,-3.461140883586051
1.0,all,,,,,,1.3055969469464077,-9.279881697521437e-05,-2.6936268608340854,5.096339009245801
1.0,all,,,,,,1.308735401145798,-9.373108773849025e-05,3.3305434058713055,-4.163148121415319
1.0,all,,,,,,1.3118738553451883,3.6846708942169617e-06,-0.015153944129649766,-35.968831232614036
1.0,all,,,,,,1.3150123095445787,-5.7478430580399936e-05,-4.791795668598277,1.7744342633262138
1.0,all,,,,,,1.3181507637439691,-7.406952805683636e-05,1.4810309902915149,-7.398245444872032
1.0,all,,,,,,1.3212892179433595,1.7999239863235937e-05,10.064534789279218,0.26455365329557734
1.0,all,,,,,,1.32442767214275,4.97623285110443e-05,9.616166663881511,0.7655120233624654
1.0,all,,,,,,1.3275661263421403,-8.746795060386451e-05,-1.460374179889244,8.86008950685402
1.0,all,,,,,,1.3307045805415307,-0.00015529928298408524,-0.6378307973795434,36.0178072429321
1.0,all,,,,,,1.3338430347409211,-7.818079411145727e-05,6.589575057726002,-1.7550761814217128
1.0,all,,,,,,1.3369814889403115,2.197282930795518e-06,8.270390654782744,0.039301874268781394
1.0,all,,,,,,1.340119943139702,9.705523987022264e-05,11.705209812191834,1.2265721191530152
1.0,all,,,,,,1.3432583973390924,5.10075166974059e-05,-1.3531245734765827,-5.576345876510324
1.0,all,,,,,,1.3463968515384828,-3.0549999970543634e-05,-5.892497787590165,0.7669465357103737
1.0,all,,,,,,1.3495353057378732,-8.523787985985126e-05,7.660099147959875,-1.6460823263338569
1.0,all,,,,,,1.3526737599372636,-4.9751047414055014e-05,1.4482019210048678,-5.081903491346156
1.0,all,,,,,,1.355812214136654,6.682392973577563e-05,-4.701842218062121,-2.102409278750723
1.0,all,,,,,,1.3589506683360444,7.496303744831785e-06,6.52118137682824,0.17004904605977225
1.0,all,,,,,,1.3620891225354348,-1.9401614793778335e-05,11.48252972850224,-0.2499502660029905
1.0,all,,,,,,1.3652275767348252,0.00012465392518021747,8.61766000238237,2.139783857252368
1.0,all,,,,,,1.3683660309342156,0.0001244442954555711,7.056009199172205,2.6089704429878138
1.0,all,,,,,,1.371504485133606,-8.711453161798575e-05,2.878251880049569,-4.477288843818798
1.0,all,,,,,,1.3746429393329964,-9.084570769423148e-05,0.0720759073476187,-186.45223696091838
1.0,all,,,,,,1.3777813935323868,5.846743663849117e-05,-0.8644185701835769,-10.005603057205724
1.0,all,,,,,,1.3809198477317772,7.69041776329181e-06,6.476346295860601,0.17566011942994633
1.0,all,,,,,,1.3840583019311676,-2.087473135098933e-05,13.432281629915837,-0.22989229198589461
1.0,all,,,,,,1.387196756130558,-3.309232445464652e-05,0.5651455615511818,-8.662041430534169
1.0,all,,,,,,1.3903352103299484,-1.3096578794308869e-05,-8.491179388279825,0.2281619123066538
1.0,all,,,,,,1.3934736645293389,0.00012240672831511116,5.832567044675718,3.1045514007687953
1.0,all,,,,,,1.3966121187287293,7.042987138576338e-05,15.662430518003847,0.6651981641995899
1.0,all,,,,,,1.3997505729281197,-4.195727728627047e-05,10.764353882806493,-0.5765973407216314
1.0,all,,,,,,1.4028890271275098,-3.0678760617124243e-06,4.937337981295199,-0.09191751131869912
1.0,all,,,,,,1.4060274813269005,0.00010031277204461315,0.4690996341424303,31.63329574824469
1.0,all,,,,,,1.4091659355262909,7.528124206034891e-05,4.232194675171929,2.631324706451935
1.0,all,,,,,,1.4123043897256813,-9.743865258499595e-05,2.1430610399923027,-6.725894219857389
1.0,all,,,,,,1.4154428439250717,-0.00017318469989909208,-0.40595462924386894,63.10813229135796
1.0,all,,,,,,1.4185812981244619,-3.7691855172561836e-05,7.056093119528516,-0.7901990699870097
1.0,all,,,,,,1.4217197523238525,6.0079523048823754e-05,7.5034585208094775,1.1844542599844377
1.0,all,,,,,,1.424858206523243,8.193573813464525e-06,4.7067814250427364,0.25751506660590323
1.0,all,,,,,,1.427996660722633,-2.6907932115150553e-05,4.52558333890139,-0.8795470180447174
1.0,all,,,,,,1.4311351149220237,-8.829094524073186e-06,0.9270185935698263,-1.4089027778600658
1.0,all,,,,,,1.434273569121414,1.504230377932888e-05,-5.082404151177135,-0.43782288865186975
1.0,all,,,,,,1.4374120233208045,2.711018051943503e-05,-2.6196541483440496,-1.5308821342616163
1.0,all,,,,,,1.440550477520195,4.517163250553246e-05,1.392637797690179,4.798228346743277
1.0,all,,,,,,1.4436889317195851,2.3050353700360336e-05,-0.8491753616180389,-4.015443441094234
1.0,all,,,,,,1.4468273859189758,-5.498103716051397e-05,0.8493942218461075,-9.575400104687402
1.0,all,,,,,,1.4499658401183662,-0.00010006288556804932,8.009104967530202,-1.8481718078508962
1.0,all,,,,,,1.4531042943177563,-1.8130519732667816e-05,6.836936320401177,-0.39228528986726907
1.0,all,,,,,,1.456242748517147,1.939196599901547e-05,-1.7578226449169403,-1.6319246038945787
1.0,all,,,,,,1.4593812027165372,-8.549234191479587e-05,-0.3750958179733417,33.716174735226744
1.0,all,,,,,,1.4625196569159278,-0.00012005830640084324,6.991789780891245,-2.540137082740247
1.0,all,,,,,,1.4656581111153182,2.828922335447134e-06,10.45125971381271,0.04004107130436132
1.0,all,,,,,,1.4687965653147084,6.158674824135348e-05,9.443586655717533,0.9647251672817236
1.0,all,,,,,,1.471935019514099,3.519270294782643e-05,4.606710989449696,1.1300950196465585
1.0,all,,,,,,1.4750734737134892,2.225165159819188e-05,-1.3517963937974908,-2.435029752043757
1.0,all,,,,,,1.4782119279128796,-3.102880466971796e-05,-1.3667498635882436,3.3583759433007314
1.0,all,,,,,,1.4813503821122702,3.0826133813985255e-05,5.266254536100467,0.8659055378554668
1.0,all,,,,,,1.4844888363116604,5.318042799479913e-05,6.002198182611027,1.310674352765764
1.0,all,,,,,,1.4876272905110508,-3.2550829995945635e-05,1.934668375912964,-2.4889079688344506
1.0,all,,,,,,1.4907657447104412,-9.004465072811226e-06,0.9730606863109008,-1.368898650633021
1.0,all,,,,,,1.4939041989098316,-6.660486177666563e-05,4.4330305876345575,-2.222585657570696
1.0,all,,,,,,1.4970426531092222,-9.100060190843869e-05,8.977624762422233,-1.4994642633756368
1.0,all,,,,,,1.5001811073086124,4.6947683053426696e-05,-0.288767522684118,-24.050223737281044
1.0,all,,,,,,1.5033195615080028,0.00012583879955849414,-8.081664171459867,-2.3033878469015323
1.0,all,,,,,,1.5064580157073932,9.425397687764379e-05,6.6797180236630025,2.0873479896043827
1.0,all,,,,,,1.5095964699067836,-4.8812998093706526e-05,17.42460132310052,-0.4144059064695278
1.0,all,,,,,,1.512734924106174,-7.582830286929875e-05,6.842048726390014,-1.6394511373763203
1.0,all,,,,,,1.5158733783055645,-1.9878711863592347e-05,-4.086218029524915,0.7196478084126442
1.0,all,,,,,,1.5190118325049549,-7.011945989983578e-05,-1.5755643580011616,6.583483001464998
1.0,all,,,,,,1.5221502867043455,-8.32843845247324e-05,4.175380603065079,-2.9506711834863846
1.0,all,,,,,,1.5252887409037357,-8.7325085631348e-05,5.481542741367532,-2.3566197848200017
1.0,all,,,,,,1.528427195103126,-6.40284320170007e-05,-0.5216633967096586,18.15665350629932
1.0,all,,,,,,1.5315656493025165,9.80267472811937e-06,-3.6947432852549307,-0.39247647262505914
1.0,all,,,,,,1.534704103501907,6.020976066183328e-05,1.938068819045989,4.595693012107746
1.0,all,,,,,,1.5378425577012973,7.371143284958467e-05,5.241777793039826,2.0802213570217702
1.0,all,,,,,,1.5409810119006877,2.9299883950447336e-05,1.8757011995312405,2.3107637616358203
1.0,all,,,,,,1.544119466100078,3.226817972269805e-06,2.812305819455526,0.16973258506385255
1.0,all,,,,,,1.5472579202994685,-5.818144060755192e-05,6.264454431269881,-1.3738980908543352
1.0,all,,,,,,1.550396374498859,-9.484105142252048e-05,1.7455971773236956,-8.037215869128762
1.0,all,,,,,,1.5535348286982493,1.2792146762034016e-05,6.220492803454512,0.3042089208136147
1.0,all,,,,,,1.5566732828976397,0.00010318205148216913,10.716246392003816,1.4243436110754628
1.0,all,,,,,,1.5598117370970301,-3.753942015011541e-06,-1.6392106029374867,0.3387709090771086
1.0,all,,,,,,1.5629501912964205,-9.820727085678019e-05,-5.997607426936032,2.422249699808415
1.0,all,,,,,,1.566088645495811,-1.9953961935891893e-05,5.067412414660733,-0.582500352369957
1.0,all,,,,,,1.5692270996952014,2.0677273221236324e-06,9.795095012413668,0.031227550361860246
1.0,all,,,,,,1.572365553894592,4.813343723555761e-05,3.4815888381017803,2.0451383788005497
1.0,all,,,,,,1.5755040080939822,0.00010740744299164106,1.3045390812944182,12.179531626601838
1.0,all,,,,,,1.5786424622933726,5.098780162239117e-06,2.294153651617646,0.328773715708943
1.0,all,,,,,,1.5817809164927632,-4.202553322433942e-05,2.593740946672958,-2.3968449369031686
1.0,all,,,,,,1.5849193706921534,-1.6048688896853333e-06,6.803503548582066,-0.03489476249857686
1.0,all,,,,,,1.5880578248915438,-4.075567743166649e-05,5.918644661517892,-1.0186363112538943
1.0,all,,,,,,1.591196279090934,-2.4250391258964016e-05,2.5996841996457696,-1.3799122160848059
1.0,all,,,,,,1.5943347332903246,1.0841778756176766e-05,7.277596930126933,0.22037678657781382
1.0,all,,,,,,1.597473187489715,1.9513142811521605e-05,10.797754888613065,0.26732960854179616
1.0,all,,,,,,1.6006116416891052,4.2397656678619774e-05,3.3059472232500804,1.8971393916482373
1.0,all,,,,,,1.6037500958884958,2.6056104382287728e-05,-2.724627914541035,-1.414671445748068
1.0,all,,,,,,1.6068885500878862,7.079829394877199e-05,0.29510543749225415,35.48941861465352
1.0,all,,,,,,1.6100270042872764,7.241120937271817e-05,1.6568813500759114,6.464987587878496
1.0,all,,,,,,1.613165458486667,3.254745226616946e-05,0.052551340350361686,91.61920212869641
1.0,all,,,,,,1.6163039126860574,8.6643612955623e-05,6.8089988566343465,1.882376951163667
1.0,all,,,,,,1.6194423668854476,-1.1322722229661199e-05,14.467786927329666,-0.11577160474690126
1.0,all,,,,,,1.6225808210848385,-0.00012901754242083344,2.924842923504831,-6.52528555156871
1.0,all,,,,,,1.6257192752842287,-8.020073595982902e-05,-7.847005551755782,1.5119161209955287
1.0,all,,,,,,1.628857729483619,-8.172736417012015e-05,1.0147483773229897,-11.91413264697411
1.0,all,,,,,,1.6319961836830092,-3.083329214471464e-05,8.051372147445694,-0.5665044178434855
1.0,all,,,,,,1.6351346378823999,5.3025680642811225e-05,5.105232881091271,1.53646969310679
1.0,all,,,,,,1.6382730920817903,-9.442281226638618e-06,-0.5949749236661321,2.347640393139895
1.0,all,,,,,,1.6414115462811805,-6.438461927593062e-05,-1.1096377732478744,8.583298255986355
1.0,all,,,,,,1.644550000480571,-1.8835356179479694e-05,2.432533763396485,-1.145429237098032
1.0,all,,,,,,1.6476884546799615,-4.2476383736117465e-05,2.4346881025561826,-2.5808187552908843
1.0,all,,,,,,1.6508269088793517,-9.35761019439622e-05,0.5079037476916808,-27.254413249903205
1.0,all,,,,,,1.6539653630787423,-4.395883313749491e-05,1.6067633032823132,-4.047133733886681
1.0,all,,,,,,1.6571038172781327,6.665192796406393e-05,8.5657652524864,1.151065008995419
1.0,all,,,,,,1.660242271477523,9.541571314781032e-05,9.81306265503484,1.4383634306472592
1.0,all,,,,,,1.6633807256769133,-3.836033440298343e-05,4.964492818930346,-1.14303835011637
1.0,all,,,,,,1.666519179876304,-0.00014625771752736387,1.8757227681229218,-11.534624091771578
1.0,all,,,,,,1.6696576340756941,-9.042910202403928e-05,-1.8991944767450715,7.043557814656738
1.0,all,,,,,,1.6727960882750845,-1.068689662535341e-05,3.208755415225785,-0.4926838175805897
1.0,all,,,,,,1.6759345424744752,4.428095692397881e-05,9.698465560604099,0.6754096690715835
1.0,all,,,,,,1.6790729966738653,3.112047604393808e-05,5.555309945213263,0.8286883651785444
1.0,all,,,,,,1.6822114508732557,-3.326789883456492e-05,3.0856181982375146,-1.5949111308255473
1.0,all,,,,,,1.6853499050726464,-9.403342979928507e-06,5.020481367087359,-0.2770704572585175
1.0,all,,,,,,1.6884883592720368,2.9603191196572505e-05,5.161641614610193,0.8484064997762687
1.0,all,,,,,,1.691626813471427,7.299166003715669e-06,1.8724335820061295,0.5766603926300384
1.0,all,,,,,,1.6947652676708176,-8.010169103371916e-06,-0.37412014032564517,3.1672613424763782
1.0,all,,,,,,1.697903721870208,6.32137062548695e-05,3.456796819893689,2.7051459677108176
1.0,all,,,,,,1.7010421760695982,2.9592099693223556e-05,7.697280286972807,0.5687112041153544
1.0,all,,,,,,1.7041806302689886,-8.554092235678302e-05,6.150477878537161,-2.0573982781589804
1.0,all,,,,,,1.7073190844683792,-1.896856471631054e-05,4.336371087613772,-0.6470850028711834
1.0,all,,,,,,1.7104575386677694,8.790357412601442e-05,4.304824781461608,3.0206774855845926
1.0,all,,,,,,1.7135959928671598,4.0060497494542496e-05,2.7874557200938153,2.1259921921293743
1.0,all,,,,,,1.7167344470665504,1.3612563261287483e-05,-0.42788152144464675,-4.706192460315882
1.0,all,,,,,,1.7198729012659406,1.0965083395871949e-06,-0.6695609998351699,-0.24225630781737625
1.0,all,,,,,,1.723011355465331,-6.995732109580211e-05,0.038578362831734214,-268.25182249360523
1.0,all,,,,,,1.7261498096647216,6.341116704419158e-06,-2.163821880690511,-0.4335084249851835
1.0,all,,,,,,1.7292882638641118,1.9438851646284682e-05,2.3983116967306874,1.1989975173286918
1.0,all,,,,,,1.7324267180635022,-3.046114880446711e-05,6.930019334692005,-0.6502272048066079
1.0,all,,,,,,1.7355651722628924,4.6361115741555865e-05,2.777194105953587,2.46945404410314
1.0,all,,,,,,1.7387036264622833,-3.0467521694667e-05,-0.8477619382709825,5.316386161050502
1.0,all,,,,,,1.7418420806616735,-0.00012660230544601827,-0.12393812380232205,151.1088849712528
1.0,all,,,,,,1.7449805348610639,-3.9441739680100025e-05,8.596218137138157,-0.6787376474949346
1.0,all,,,,,,1.7481189890604545,-1.6725794527490756e-05,12.445343743130033,-0.19880768348032044
1.0,all,,,,,,1.7512574432598447,-2.7791415758172622e-05,2.7497899600376554,-1.4950800741116144
1.0,all,,,,,,1.754395897459235,4.044818749372535e-05,-3.9424097372396743,-1.517716342850325
1.0,all,,,,,,1.7575343516586257,7.552178053925408e-05,-2.1586978474819176,-5.175277790520175
1.0,all,,,,,,1.7606728058580159,5.9481077270611325e-05,5.63846390083317,1.5605271368865272
1.0,all,,,,,,1.7638112600574063,0.00010775560250863053,7.5917163817849715,2.099680373220716
1.0,all,,,,,,1.766949714256797,9.658998999840944e-05,6.554003926313246,2.180111611097835
1.0,all,,,,,,1.770088168456187,-4.840079072088242e-05,5.93778018904652,-1.2058176719579659
1.0,all,,,,,,1.7732266226555775,-2.0381124638455434e-05,-2.6134390355377715,1.1536367311599869
1.0,all,,,,,,1.7763650768549677,4.849693268121871e-05,-4.709840582770129,-1.5232155614524856
1.0,all,,,,,,1.7795035310543583,-1.212636791823972e-05,2.835097291662323,-0.6327265781315855
1.0,all,,,,,,1.7826419852537487,7.71943720345737e-06,7.415583932765879,0.15399037901081156
1.0,all,,,,,,1.785780439453139,4.389266757064986e-05,2.4045510788282565,2.7002953767581395
1.0,all,,,,,,1.7889188936525298,-5.039732459061319e-05,-1.8252210992499742,4.084560239972748
1.0,all,,,,,,1.79205734785192,-9.910546872667433e-05,1.7635542818368029,-8.313082533289432
1.0,all,,,,,,1.7951958020513104,1.4137171883837613e-05,7.400725458127758,0.2825800832343493
1.0,all,,,,,,1.798334256250701,1.3884800396637102e-05,3.2503217263409345,0.6319265379393099
1.0,all,,,,,,1.8014727104500912,1.9956693654012054e-05,-5.296921827842281,-0.5573375846212898
1.0,all,,,,,,1.8046111646494816,0.00010389356750625925,-1.695733241937167,-9.063259805723654
1.0,all,,,,,,1.8077496188488722,-3.9304353291654525e-05,2.3827117396841584,-2.4401833208249255
1.0,all,,,,,,1.8108880730482624,-0.00010863635468195628,4.391096711662225,-3.659784268983923
1.0,all,,,,,,1.8140265272476528,-5.7064034264119355e-05,3.418953705127792,-2.469008332677727
1.0,all,,,,,,1.817164981447043,-2.9292517350528557e-06,6.71278630157828,-0.06455162478208235
1.0,all,,,,,,1.8203034356464336,4.60755912441183e-05,10.39523955310127,0.6556766517690409
1.0,all,,,,,,1.823441889845824,-6.993681967700966e-05,2.222703859312197,-4.654548711394436
1.0,all,,,,,,1.8265803440452142,-7.722776331587464e-05,0.9192797821905341,-12.427364947983998
1.0,all,,,,,,1.8297187982446048,5.8283326006611285e-05,2.46999199242582,3.4906160887965645
1.0,all,,,,,,1.8328572524439952,0.00010053238873595547,1.0193082551490753,14.589948686602124
1.0,all,,,,,,1.8359957066433854,1.29253219562533e-05,2.483242695456609,0.7699730190221391
1.0,all,,,,,,1.8391341608427763,-6.782310621409322e-05,8.029329145298693,-1.2495444757920944
1.0,all,,,,,,1.8422726150421664,-6.662647101200526e-05,7.355862173175365,-1.339881934171809
1.0,all,,,,,,1.8454110692415568,-5.783049357183163e-05,0.12172430504262888,-70.2801855258015
1.0,all,,,,,,1.848549523440947,-3.548251047848077e-05,0.5454807721778614,-9.62250614565022
1.0,all,,,,,,1.8516879776403377,4.539306369773584e-05,5.269285896157879,1.2743567882776277
1.0,all,,,,,,1.854826431839728,5.831652954591728e-05,9.919194875885552,0.8696981622069011
1.0,all,,,,,,1.8579648860391182,-1.5869635725088684e-05,5.189720920454498,-0.4523517324449657
1.0,all,,,,,,1.8611033402385089,-1.34362725256598e-05,-2.313648623588647,0.8590821694699755
1.0,all,,,,,,1.8642417944378993,1.621331772968624e-05,1.443238978394355,1.6618313518432515
1.0,all,,,,,,1.8673802486372895,6.705400233119626e-05,3.2166630504019853,3.0837022587251357
1.0,all,,,,,,1.87051870283668,2.6173399295638764e-05,1.261207356802611,3.069919160119782
1.0,all,,,,,,1.8736571570360705,-9.553711178263518e-05,4.449135846581541,-3.1765064792174966
1.0,all,,,,,,1.8767956112354607,-0.00011012623061484571,5.053702895223669,-3.223549712901752
1.0,all,,,,,,1.8799340654348513,-6.493857350115361e-05,0.8025413524232621,-11.969847816806151
1.0,all,,,,,,1.8830725196342417,2.146217652169288e-06,2.7825783261587835,0.11409843000053646
1.0,all,,,,,,1.886210973833632,7.578252058524509e-05,2.5310859268788755,4.429099747340941
1.0,all,,,,,,1.8893494280330223,7.147374330725018e-05,-0.9279583793187002,-11.393871952036575
1.0,all,,,,,,1.892487882232413,2.5451490712950333e-05,5.70450340135517,0.6600072178379404
1.0,all,,,,,,1.8956263364318031,2.2902414688988245e-06,5.688374173748331,0.05955886626877135
1.0,all,,,,,,1.8987647906311935,-2.7548847693738054e-05,-1.1060025202524915,3.6846871981319644
1.0,all,,,,,,1.9019032448305841,-2.870010983393682e-05,-0.5611388827031769,7.566002835784718
1.0,all,,,,,,1.9050416990299746,1.650506953320253e-05,2.805563610285043,0.8702630460287163
1.0,all,,,,,,1.9081801532293647,9.440385064131699e-05,5.375439169192402,2.597939670297637
1.0,all,,,,,,1.9113186074287554,8.634801041103923e-05,1.7308756264435132,7.379718176172784
1.0,all,,,,,,1.9144570616281458,-3.447850015657377e-05,-2.220966288744136,2.2964643234324167
1.0,all,,,,,,1.917595515827536,-4.245801649119864e-05,3.8401310655971344,-1.6355617980239447
1.0,all,,,,,,1.9207339700269264,3.49569680010147e-05,4.5178090825933115,1.1446143513456744
1.0,all,,,,,,1.923872424226317,4.27880834176843e-05,-0.8659651617277291,-7.309298824541863
1.0,all,,,,,,1.9270108784257072,1.149216270898346e-05,0.06947942781369809,24.468020576316356
1.0,all,,,,,,1.9301493326250976,-5.379066831719076e-05,2.83435613234996,-2.8074098961616487
1.0,all,,,,,,1.9332877868244882,-6.504612176160771e-05,3.4369262578622513,-2.799654877428046
1.0,all,,,,,,1.9364262410238784,-2.6493655796361753e-05,2.363404333466009,-1.6582773400373687
1.0,all,,,,,,1.9395646952232688,-4.958403630420081e-06,8.05727505557617,-0.09103470543643918
1.0,all,,,,,,1.9427031494226594,4.54254153306439e-06,10.321615453757204,0.06510352982789443
1.0,all,,,,,,1.9458416036220496,2.1307065247124565e-05,4.082486492277353,0.7720620104504798
1.0,all,,,,,,1.94898005782144,2.4288267620780973e-05,2.2747097909804013,1.5795153348367967
1.0,all,,,,,,1.9521185120208306,-3.334735697555581e-05,0.4557041229259924,-10.825096207252214
1.0,all,,,,,,1.955256966220221,-8.735331543404596e-05,-0.8014257475411712,16.123874384626784
1.0,all,,,,,,1.9583954204196112,-0.00011577148584745377,2.3154265151820237,-7.396459931937542
1.0,all,,,,,,1.9615338746190016,-8.673295821491874e-05,5.0274360481327856,-2.552060163416139
1.0,all,,,,,,1.9646723288183923,2.885948215566303e-05,1.5752816055049572,2.7100895167695627
1.0,all,,,,,,1.9678107830177824,0.00011373602096243556,0.26533765594457304,63.40922517033355
1.0,all,,,,,,1.9709492372171729,5.843354871984677e-05,3.4069905911818323,2.537141166515254
1.0,all,,,,,,1.9740876914165635,-2.28041047747201e-05,5.141625048120973,-0.6560937930541738
1.0,all,,,,,,1.9772261456159537,-7.96171921586177e-06,4.668240794871059,-0.252293993931601
1.0,all,,,,,,1.980364599815344,1.7265989042375077e-05,-0.3913984071565464,-6.525679063027755
1.0,all,,,,,,1.9835030540147347,-6.609168824091848e-05,-2.308976968712681,4.23428951054745
1.0,all,,,,,,1.9866415082141249,-0.0001045335189538659,2.8895240467561165,-5.351586647685048
1.0,all,,,,,,1.9897799624135153,-1.612291285286852e-05,9.91193831067402,-0.24062360007242123
1.0,all,,,,,,1.9929184166129055,7.74110661453019e-05,4.897483422292059,2.3382092716498475
1.0,all,,,,,,1.996056870812296,5.3557358043685136e-05,-3.282293231609576,-2.4137654810480527
1.0,all,,,,,,1.9991953250116865,-9.273301723027174e-05,-3.5867278781992535,3.8246285815326413
1.0,all,,,,,,2.0023337792110767,-7.764799373945502e-05,-6.671875374916972,1.7216133337279549
1.0,all,,,,,,2.0054722334104675,3.394235016882476e-05,-5.416920929889087,-0.9269209911440551
1.0,all,,,,,,2.008610687609858,4.143297207077096e-05,8.046675017122045,0.7616982004678619
1.0,all,,,,,,2.011749141809248,4.5259825371024776e-05,7.769208491936192,0.8617660919319932
1.0,all,,,,,,2.0148875960086388,5.804850672176589e-05,2.142223558140648,4.008478561786983
1.0,all,,,,,,2.018026050208029,2.2226056751515624e-05,10.103515407846146,0.3254192313228463
1.0,all,,,,,,2.021164504407419,-7.051508107782856e-06,7.076540262819263,-0.14740571838924785
1.0,all,,,,,,2.02430295860681,2.1293811696538163e-05,1.2501430425823397,2.519689377266472
1.0,all,,,,,,2.0274414128062004,2.867742441830061e-05,3.5550770343502625,1.1932856886352146
1.0,all,,,,,,2.0305798670055903,-5.979243343346163e-06,4.904420979990955,-0.1803481913086808
1.0,all,,,,,,2.0337183212049808,-5.45255005783463e-07,2.1354776632601045,-0.037770952097454236
1.0,all,,,,,,2.0368567754043716,4.0457965381930736e-05,2.1606384838101125,2.7699710832852915
1.0,all,,,,,,2.0399952296037616,1.945863064265284e-05,7.609954824356949,0.3782539743841912
1.0,all,,,,,,2.043133683803152,-1.7605712381989453e-05,10.471037922940384,-0.24872370264973329
1.0,all,,,,,,2.046272138002543,-8.354184599709062e-06,5.988295371833273,-0.20637360842789854
1.0,all,,,,,,2.049410592201933,-4.25032056685968e-06,1.068882152808058,-0.5882272843020003
1.0,all,,,,,,2.052549046401323,1.3501667194237052e-05,2.5385671551888933,0.7867777074174561
1.0,all,,,,,,2.055687500600714,8.566895985536414e-06,2.5023304084631155,0.5064448328912213
1.0,all,,,,,,2.0588259548001044,-2.1166600467776908e-05,2.226946298271898,-1.4060302746327458
1.0,all,,,,,,2.0619644089994944,3.214868152020595e-05,-2.169916764538142,-2.1916610793990055
1.0,all,,,,,,2.065102863198885,3.522570132244577e-05,-2.916833312651383,-1.786493091631383
1.0,all,,,,,,2.0682413173982757,3.0795948497433094e-05,3.293455837449776,1.383232054078425
1.0,all,,,,,,2.0713797715976656,4.620426133819472e-05,2.092331901840458,3.266666199606118
1.0,all,,,,,,2.074518225797056,-2.8285856018872795e-05,3.768635083488259,-1.110295408005093
1.0,all,,,,,,2.077656679996447,-3.965873178746273e-05,2.334327730657964,-2.5132187836653577
1.0,all,,,,,,2.080795134195837,-1.8914419408658606e-05,-0.5571744485662036,5.021750448147767
1.0,all,,,,,,2.0839335883952272,7.65996418510968e-06,5.107647343028651,0.22184984994323284
1.0,all,,,,,,2.087072042594618,-9.18979181999901e-06,3.982634855617414,-0.34134102398207894
1.0,all,,,,,,2.090210496794008,-9.078758632639733e-05,-0.13668611543189702,98.255161309083
1.0,all,,,,,,2.0933489509933985,-6.046368860394504e-05,0.9779898669051257,-9.145629148514855
1.0,all,,,,,,2.0964874051927893,6.239211438516982e-05,5.834750552920434,1.5818332996395257
1.0,all,,,,,,2.0996258593921793,7.456265719163132e-05,6.243512929369972,1.7666302607648643
1.0,all,,,,,,2.1027643135915697,8.640287138543847e-06,-0.4056427006745884,-3.150923171712734
1.0,all,,,,,,2.10590276779096,-1.2052252225839667e-05,-3.459091298935831,0.5154178927713258
1.0,all,,,,,,2.1090412219903505,-3.133785978093429e-05,-0.5841856046180078,7.9354541389871915
1.0,all,,,,,,2.112179676189741,1.1951529835818195e-06,7.011616582941226,0.02521498095981182
1.0,all,,,,,,2.1153181303891313,4.335224994382646e-05,8.376983438466356,0.7655565720674514
1.0,all,,,,,,2.118456584588522,-2.817331738699493e-06,3.5616730860972696,-0.1170138415370819
1.0,all,,,,,,2.121595038787912,-7.72024669936796e-05,0.44912260561245265,-25.4284312131539
1.0,all,,,,,,2.1247334929873025,-5.289414234059809e-05,1.5614697757387903,-5.011033444830619
1.0,all,,,,,,2.1278719471866934,2.468814237769078e-06,7.115125179062567,0.051328570837412976
1.0,all,,,,,,2.1310104013860833,3.259438447091248e-05,3.268750250493451,1.4750758357276006
1.0,all,,,,,,2.1341488555854737,7.785975886745388e-05,-2.024282540263852,-5.689776787430916
1.0,all,,,,,,2.137287309784864,5.3329124307878644e-05,1.6811783300050052,4.692496669380544
1.0,all,,,,,,2.1404257639842545,7.672855353284407e-06,6.01655952786829,0.18865229686452553
1.0,all,,,,,,2.143564218183645,-2.2461685912338606e-06,3.9014975232658156,-0.08516562121601969
1.0,all,,,,,,2.1467026723830354,-1.0414867217357972e-05,0.11528549166776614,-13.363874401559963
1.0,all,,,,,,2.1498411265824258,-2.825843494125634e-05,1.974779825549959,-2.1168141385337855
1.0,all,,,,,,2.152979580781816,-3.951468344623944e-05,1.236734957434697,-4.726451159615345
1.0,all,,,,,,2.1561180349812066,-3.082895058780842e-05,0.9099899521233925,-5.0115890163869565
1.0,all,,,,,,2.159256489180597,-2.9733414151936996e-05,4.372661934996927,-1.0058939180596904
1.0,all,,,,,,2.1623949433799874,-1.4330413081539301e-05,7.249431638248872,-0.2924206610569197
1.0,all,,,,,,2.165533397579378,1.0885509139960384e-05,8.06393736657077,0.19968935074190486
1.0,all,,,,,,2.1686718517787686,2.5813902813275807e-05,2.588777806151957,1.4750685313531084
1.0,all,,,,,,2.1718103059781586,1.846632865565067e-05,1.271987500809372,2.1475882590790665
1.0,all,,,,,,2.174948760177549,-2.226416918696239e-05,1.5426184639768887,-2.13501668029228
1.0,all,,,,,,2.1780872143769394,2.0914202692947973e-05,-1.0617760829419458,-2.9138130120996344
1.0,all,,,,,,2.18122566857633,4.0582265452699805e-05,1.1426515326339928,5.253827203278798
1.0,all,,,,,,2.1843641227757202,-2.7010254581864545e-05,2.9705531538799304,-1.3450692794363481
1.0,all,,,,,,2.1875025769751106,-3.497089521653667e-05,5.122164222784611,-1.0099655392825961
1.0,all,,,,,,2.190641031174501,-4.75996546870031e-05,5.668366998514042,-1.2422217965747118
1.0,all,,,,,,2.1937794853738914,-1.823349595927198e-05,2.6651494247018936,-1.0120493398490535
1.0,all,,,,,,2.196917939573282,4.2390524879207296e-05,1.612310996461729,3.889316464246788
1.0,all,,,,,,2.2000563937726723,5.442503082671021e-05,2.6196813846737075,3.0732897940279877
1.0,all,,,,,,2.2031948479720627,3.0977025025584156e-05,2.805984772713413,1.6330809048840313
1.0,all,,,,,,2.206333302171453,3.6624670210607566e-06,4.529880394143973,0.11960250937033341
1.0,all,,,,,,2.2094717563708435,4.883219602078879e-05,6.187350053906422,1.1674945773676784
1.0,all,,,,,,2.212610210570234,2.5307818239609823e-05,3.7913374090232876,0.9874510471441511
1.0,all,,,,,,2.2157486647696243,-5.5756372422980516e-05,0.4111063300896143,-20.062897315256127
1.0,all,,,,,,2.2188871189690147,-3.17202288786046e-05,0.026968758787352165,-173.99175049502304
1.0,all,,,,,,2.222025573168405,7.94201531308579e-06,4.046286885152286,0.29035369206429307
1.0,all,,,,,,2.2251640273677955,3.063630110074447e-05,2.0430563590007256,2.218243850340367
1.0,all,,,,,,2.228302481567186,4.033109579829487e-05,1.0691812476148665,5.5801001420570255
1.0,all,,,,,,2.2314409357665763,-1.3241112783547557e-05,7.458401379146252,-0.2626225641441465
1.0,all,,,,,,2.2345793899659667,-1.8050578396607703e-05,4.462787996282477,-0.5983264065082001
1.0,all,,,,,,2.237717844165357,-2.983098721877422e-06,-0.16678549112291885,2.6458344200450297
1.0,all,,,,,,2.2408562983647475,-5.372020335152059e-05,1.3941816166494254,-5.69995727157427
1.0,all,,,,,,2.243994752564138,-6.649207756398697e-05,0.3031625678451137,-32.44498889963245
1.0,all,,,,,,2.2471332067635283,-2.3636152278261417e-05,-0.9868714665863206,3.5429864464585887
1.0,all,,,,,,2.2502716609629188,1.1046562612376433e-05,2.934835062176947,0.5567968423103956
1.0,all,,,,,,2.253410115162309,1.643651209678926e-05,3.909760223370621,0.6218889552803109
1.0,all,,,,,,2.2565485693616996,5.04665458382007e-05,1.7025894846214484,4.384771213561465
1.0,all,,,,,,2.25968702356109,3.816348588394384e-05,3.569042124861542,1.5817930637973339
1.0,all,,,,,,2.2628254777604804,-3.9449584588544416e-05,3.2411217101012357,-1.8005301519476153
1.0,all,,,,,,2.265963931959871,-4.13399902007104e-05,2.0824289942717567,-2.936658672448116
1.0,all,,,,,,2.269102386159261,-2.6945885920577645e-05,3.2337949066925056,-1.2326316027811859
1.0,all,,,,,,2.2722408403586516,-2.950983536381174e-05,6.1835330751432895,-0.7059653773773563
1.0,all,,,,,,2.275379294558042,4.230174375626006e-05,5.549167672309374,1.1276744137755341
1.0,all,,,,,,2.2785177487574324,7.135846908844725e-05,-1.2943923324609772,-8.155167708291172
1.0,all,,,,,,2.281656202956823,-2.2116444441502857e-05,-1.0004646485906346,3.270143911161048
1.0,all,,,,,,2.284794657156213,-2.7440374283702577e-05,4.407120546501391,-0.9210610243614037
1.0,all,,,,,,2.2879331113556036,4.239973777583431e-05,6.61110364213475,0.9487297277539082
1.0,all,,,,,,2.291071565554994,9.445755717516797e-06,4.330135401555177,0.3226922514115039
1.0,all,,,,,,2.2942100197543844,-4.1766034895683714e-05,1.4139730281015364,-4.369537046433412
1.0,all,,,,,,2.297348473953775,-3.760443932805831e-05,3.859891217268541,-1.4411771134797366
1.0,all,,,,,,2.3004869281531652,2.4307572096363646e-06,3.0890215793913907,0.11640561894422395
1.0,all,,,,,,2.3036253823525557,2.3062924204957546e-05,3.6118082385897408,0.9445892342225438
1.0,all,,,,,,2.306763836551946,-1.8144551283845005e-05,5.847374003825309,-0.45902745706838266
1.0,all,,,,,,2.3099022907513365,-2.054227301179226e-05,2.2595946549185353,-1.3448419946448595
1.0,all,,,,,,2.313040744950727,1.793761563345457e-05,0.31893837528126,8.319768464868943
1.0,all,,,,,,2.3161791991501173,3.168563389537595e-05,0.685659820495592,6.83607790468487
1.0,all,,,,,,2.3193176533495077,1.0573847700403411e-05,0.9894073157004128,1.5809248921901593
1.0,all,,,,,,2.3224561075488976,-1.1019101333439616e-05,2.5194453471438636,-0.6469854874210647
1.0,all,,,,,,2.3255945617482885,-3.097062225376491e-05,4.795391953361365,-0.9553865545667579
1.0,all,,,,,,2.328733015947679,-1.4782851866587426e-05,2.110780741377133,-1.0360206360766666
1.0,all,,,,,,2.331871470147069,3.031758267663253e-05,0.1747730545049695,25.660989453326007
1.0,all,,,,,,2.3350099243464597,8.413170917296252e-06,1.3932766012402453,0.89325544528257
1.0,all,,,,,,2.33814837854585,-3.3439913299356406e-05,2.1170813304416547,-2.336581342181702
1.0,all,,,,,,2.3412868327452405,-4.285535985352004e-05,3.6589187951118394,-1.7326293993347777
1.0,all,,,,,,2.344425286944631,-9.413412544727573e-06,3.560421473045374,-0.3911100579441408
1.0,all,,,,,,2.3475637411440213,4.9318896722683044e-06,5.942077972366905,0.12278019264287607
1.0,all,,,,,,2.3507021953434117,-6.002753520335424e-06,3.0550471725109727,-0.29066041859530667
1.0,all,,,,,,2.353840649542802,7.553995541851905e-06,-1.7472719694554528,-0.6395426592693942
1.0,all,,,,,,2.3569791037421925,-4.025393882549409e-06,4.418918878541427,-0.13475523860019428
1.0,all,,,,,,2.360117557941583,-1.5128371144336653e-05,6.635940600908945,-0.33724303155863883
1.0,all,,,,,,2.363256012140973,-5.888874714127214e-07,4.142994984385492,-0.021026704498169287
1.0,all,,,,,,2.3663944663403638,2.4414254111475586e-05,4.9606087806496735,0.7280509735178985
1.0,all,,,,,,2.369532920539754,2.378813251762608e-05,3.7424231210391277,0.9402877228549852
1.0,all,,,,,,2.372671374739144,-3.773648140472845e-05,1.9299105967823555,-2.892527635080304
1.0,all,,,,,,2.375809828938535,-4.990349549020708e-05,3.35679440182009,-2.19917367744691
1.0,all,,,,,,2.3789482831379254,-3.506662992348118e-06,3.2204618145652235,-0.16107538574110106
1.0,all,,,,,,2.3820867373373154,-8.691865103749508e-06,-0.6851876041397276,1.8765354973339574
1.0,all,,,,,,2.385225191536706,-2.1419192207698487e-05,-0.6329735683776228,5.005769143683351
1.0,all,,,,,,2.3883636457360966,1.3784029294441685e-05,2.215193471947793,0.9204873586695078
1.0,all,,,,,,2.391502099935487,-1.7934232575184786e-07,3.1442583191025504,-0.008437579598269207
1.0,all,,,,,,2.394640554134877,-1.7684170203297666e-05,0.981624603935928,-2.6649714146063825
1.0,all,,,,,,2.397779008334268,2.90831555876808e-06,1.8610467201263035,0.231173237313912
1.0,all,,,,,,2.4009174625336582,-1.0795799280003796e-05,6.740400550145051,-0.23693127966658384
1.0,all,,,,,,2.404055916733048,1.214920423260907e-05,5.0824190665548965,0.3536149887488686
1.0,all,,,,,,2.407194370932439,2.0246325426304738e-05,-0.0147591775012903,-202.92584420271768
1.0,all,,,,,,2.4103328251318294,-1.3210375849818754e-05,0.5449128318436166,-3.5862572813861817
1.0,all,,,,,,2.4134712793312194,8.278361615574061e-06,4.973404170753329,0.24623168847754706
1.0,all,,,,,,2.4166097335306103,3.007585445673111e-05,3.511241528345204,1.2670990759393677
1.0,all,,,,,,2.4197481877300007,7.515915838328472e-06,2.1958321267118484,0.5063328184564441
1.0,all,,,,,,2.4228866419293906,-2.4560911936998316e-05,2.930330682083207,-1.2398842966127115
1.0,all,,,,,,2.4260250961287815,-1.6114627814731336e-05,-0.17610841751517992,13.536097344393479
1.0,all,,,,,,2.429163550328172,2.5455538879653004e-05,0.4902099138449225,7.681632202760688
1.0,all,,,,,,2.432302004527562,2.53131704195843e-05,1.5409694630853212,2.429997431434683
1.0,all,,,,,,2.4354404587269523,1.202384523372928e-05,4.269006035394302,0.41664858650616554
1.0,all,,,,,,2.438578912926343,2.678516675666182e-05,8.641483236734702,0.45852114343177547
1.0,all,,,,,,2.4417173671257335,1.6241585252529168e-05,3.8436161834365845,0.6250887846374822
1.0,all,,,,,,2.4448558213251235,-3.710755700671206e-05,-0.732131177222973,7.497677672593889
1.0,all,,,,,,2.4479942755245143,-3.508482461879235e-05,1.0963957011954801,-4.73374969253502
1.0,all,,,,,,2.4511327297239047,6.854050531339515e-06,2.221004598205969,0.4565108966064302
1.0,all,,,,,,2.4542711839232947,5.857572434629437e-08,2.421464404366717,0.0035784329369430573
1.0,all,,,,,,2.4574096381226855,-2.786279863110994e-05,4.2029583201111675,-0.9806701518095979
1.0,all,,,,,,2.460548092322076,-3.9653354879106266e-05,5.514163197669525,-1.063784420046762
1.0,all,,,,,,2.463686546521466,-1.0775529423960574e-05,1.1627936216940817,-1.3708479292088018
1.0,all,,,,,,2.4668250007208563,2.3461272434637676e-06,0.24731044303451633,1.403338406811652
1.0,all,,,,,,2.469963454920247,-4.127541505086254e-06,4.99753377445832,-0.12217687572281845
1.0,all,,,,,,2.473101909119637,3.3483595602417325e-05,4.198827390050045,1.1796614043910891
1.0,all,,,,,,2.4762403633190275,5.147820385747031e-05,0.8171111528810433,9.319563056968327
1.0,all,,,,,,2.4793788175184184,2.6805609408022524e-07,0.5042840069437222,0.0786328097045683
1.0,all,,,,,,2.4825172717178083,-3.4177358065037034e-05,1.884785620952703,-2.682438863479024
1.0,all,,,,,,2.4856557259171987,4.326515038703464e-06,3.274398935192182,0.19546091671390065
1.0,all,,,,,,2.4887941801165896,3.108458962686575e-05,3.207507979687467,1.4336089275850192
1.0,all,,,,,,2.49193263431598,-3.0777450122461474e-06,1.1650009969374562,-0.3908045786243167
1.0,all,,,,,,2.49507108851537,-2.168685155978266e-05,4.090134084863953,-0.7843542704222207
1.0,all,,,,,,2.498209542714761,-4.946573400299129e-06,6.086805922019246,-0.12021767025889267
1.0,all,,,,,,2.501347996914151,-9.606056966192093e-06,2.1173126757031406,-0.671140526582523
1.0,all,,,,,,2.504486451113541,-1.7906677537810478e-05,2.779220402573663,-0.953115050926187
1.0,all,,,,,,2.5076249053129316,7.159154017046157e-06,3.5605518801756886,0.29743884877012555
1.0,all,,,,,,2.5107633595123224,1.5996653870684035e-05,1.8203484566498855,1.2999538122149734
1.0,all,,,,,,2.5139018137117124,-1.536679213337923e-05,1.7653009302929865,-1.2877091172175448
1.0,all,,,,,,2.517040267911103,-2.427247188846085e-05,2.255873477844455,-1.5916683207761033
1.0,all,,,,,,2.5201787221104937,1.42157992132211e-07,2.1563822251505123,0.009752115618318305
1.0,all,,,,,,2.5233171763098836,2.148641544474372e-05,2.921031645651898,1.0881305678143691
1.0,all,,,,,,2.526455630509274,1.6237631627196198e-05,3.806233789081504,0.6310743496075383
1.0,all,,,,,,2.529594084708665,7.711524380977049e-06,1.539029658058578,0.7412190132594657
1.0,all,,,,,,2.532732538908055,-2.8456068155040856e-06,0.7019738568561376,-0.5996630069074819
1.0,all,,,,,,2.5358709931074452,-2.4099014469029078e-05,1.0462377585347173,-3.4073927648951203
1.0,all,,,,,,2.5390094473068356,-9.458806013533531e-06,3.1357810241385646,-0.4462147222767638
1.0,all,,,,,,2.542147901506226,9.94433504447214e-06,4.793698351795273,0.3068727675366932
1.0,all,,,,,,2.5452863557056165,-2.320693386225432e-06,0.48739822064285576,-0.7043477461740307
1.0,all,,,,,,2.548424809905007,-1.4375029535930825e-05,-1.1776579446398951,1.8056887136371353
1.0,all,,,,,,2.5515632641043977,-2.1679334701526237e-05,3.672019345960855,-0.8733620040182042
1.0,all,,,,,,2.5547017183037877,-2.2578603700280185e-05,5.7792592457720255,-0.577933951590947
1.0,all,,,,,,2.557840172503178,2.3480046832416165e-06,3.705019694548497,0.09374794185434357
1.0,all,,,,,,2.560978626702569,1.2981660452724476e-05,3.5618659607112457,0.5391454910091719
1.0,all,,,,,,2.564117080901959,3.6872404757270935e-06,3.2144747794753643,0.1696855044558369
1.0,all,,,,,,2.5672555351013493,1.917811905913142e-06,0.9443544249289282,0.30041685472398455
1.0,all,,,,,,2.57039398930074,-1.2025840616524422e-06,1.76821103477746,-0.10060849471097862
1.0,all,,,,,,2.57353244350013,-9.753501103749776e-06,2.204317490357697,-0.6545452791509845
1.0,all,,,,,,2.5766708976995205,-1.8149042390930703e-06,0.6904582380219653,-0.38883880828890843
1.0,all,,,,,,2.579809351898911,1.6336256916960783e-05,3.049473541996047,0.7924666403969025
1.0,all,,,,,,2.5829478060983013,1.40521828018513e-05,2.6565517783660524,0.7824900246531608
1.0,all,,,,,,2.5860862602976917,8.166849141802116e-07,1.879292704795494,0.06428555675708655
1.0,all,,,,,,2.589224714497082,-1.8079049304913275e-05,3.6130976577325646,-0.7402001913583064
1.0,all,,,,,,2.5923631686964725,-9.216344702887476e-06,1.4665972507494007,-0.9296107710022001
1.0,all,,,,,,2.595501622895863,6.8829740916508365e-06,0.9608162706716055,1.059715020192621
1.0,all,,,,,,2.5986400770952534,-1.3923786182166238e-05,3.7127431350267432,-0.5547735485173999
1.0,all,,,,,,2.601778531294644,-1.9514023495510784e-05,4.985438440017941,-0.5790242725751985
1.0,all,,,,,,2.604916985494034,-8.007864200430164e-06,3.4032550094239697,-0.34807714750771057
1.0,all,,,,,,2.6080554396934246,-1.871182116926109e-05,1.2327545442853332,-2.245394994371323
1.0,all,,,,,,2.6111938938928154,-2.6357100860825516e-05,2.122338305404062,-1.8371149440944443
1.0,all,,,,,,2.6143323480922054,-1.5319815559321916e-05,3.0549738353359333,-0.7418213796177842
1.0,all,,,,,,2.617470802291596,9.6829030863279e-06,1.886146435227824,0.7594225382554143
1.0,all,,,,,,2.620609256490986,2.3526236798961066e-05,1.881637117945964,1.8495662691986463
1.0,all,,,,,,2.6237477106903766,1.321757549842255e-05,5.223196825557192,0.3743421343282546
1.0,all,,,,,,2.626886164889767,1.5910648089106436e-06,6.713879074820562,0.03505642774911736
1.0,all,,,,,,2.6300246190891574,-1.1193265028396689e-05,1.2521606476588985,-1.3223610239222403
1.0,all,,,,,,2.633163073288548,-2.0636478710387462e-05,-1.1386432834964437,2.6810271322775514
1.0,all,,,,,,2.6363015274879382,-1.8492831057337766e-05,1.8902281855468182,-1.4472463784918654
1.0,all,,,,,,2.6394399816873286,-8.177750522235078e-06,2.7200476686257327,-0.4447445618575701
1.0,all,,,,,,2.642578435886719,8.637792448486936e-06,1.4437978177482087,0.8850130761340884
1.0,all,,,,,,2.6457168900861094,9.684129833295207e-06,2.1580035372769504,0.6638374590500652
1.0,all,,,,,,2.6488553442855,-1.3825823865332296e-06,5.339564459241618,-0.038303502699087555
1.0,all,,,,,,2.6519937984848903,-2.052349321974704e-06,5.08380586474035,-0.05971942650524938
1.0,all,,,,,,2.6551322526842807,-7.608039131585209e-06,2.0269678940827696,-0.555237988210744
1.0,all,,,,,,2.658270706883671,-7.566773333943928e-06,0.7111681294106984,-1.5739529394697673
1.0,all,,,,,,2.6614091610830615,-8.21829738308852e-06,2.1576427294247305,-0.563450310088204
1.0,all,,,,,,2.664547615282452,-1.313863903417926e-05,4.960479440822086,-0.3918140734439921
1.0,all,,,,,,2.6676860694818423,-7.016073769385666e-06,2.818568601405837,-0.3682297229162887
1.0,all,,,,,,2.6708245236812327,-6.54605053475884e-06,0.26745666681512503,-3.6205890186004224
1.0,all,,,,,,2.673962977880623,-6.120274119398527e-06,2.985090904536731,-0.30329595410910026
1.0,all,,,,,,2.6771014320800135,3.3137970551224754e-06,4.290033192463289,0.11426640377052069
1.0,all,,,,,,2.680239886279404,-2.58859176051464e-06,3.082312909900719,-0.12423390694502631
1.0,all,,,,,,2.6833783404787943,-4.948052331520879e-06,2.266648185986372,-0.3229263405748212
1.0,all,,,,,,2.6865167946781847,6.295955248698576e-06,2.5304607167142907,0.368057216055062
1.0,all,,,,,,2.689655248877575,6.503864483114461e-06,2.7056713585708616,0.3555901671466935
1.0,all,,,,,,2.6927937030769655,9.232366556041168e-06,2.2370130142063944,0.6105170997960134
1.0,all,,,,,,2.695932157276356,-9.615231550666613e-06,3.3784493303051804,-0.42101313120336636
1.0,all,,,,,,2.6990706114757463,-1.930530090054469e-05,5.756810043354469,-0.49607572964489466
1.0,all,,,,,,2.7022090656751367,7.654224583012858e-06,3.966500814487716,0.2854611144698521
1.0,all,,,,,,2.705347519874527,1.4944831703987071e-05,1.939601351298863,1.1398084040453424
1.0,all,,,,,,2.7084859740739176,-2.097283259173661e-06,2.880663954079263,-0.10770051897133008
1.0,all,,,,,,2.711624428273308,-2.3303869493498208e-05,1.916411198551864,-1.798840444585141
1.0,all,,,,,,2.7147628824726984,-2.381580450653653e-05,1.5474502524043383,-2.276679330047357
1.0,all,,,,,,2.7179013366720888,1.1298329918163748e-05,3.019187214565563,0.5535763305921776
1.0,all,,,,,,2.721039790871479,1.960060038338961e-05,3.7886127898905357,0.7653189330594887
1.0,all,,,,,,2.7241782450708696,-6.977764140734513e-06,2.915292596055207,-0.35406862133938055
1.0,all,,,,,,2.72731669927026,-7.741857446455461e-06,1.8988429434125873,-0.6031279144807394
1.0,all,,,,,,2.7304551534696504,-3.626709237876425e-06,3.1716216450624026,-0.1691549337939545
1.0,all,,,,,,2.733593607669041,-3.6848312809508646e-06,3.4952533938526895,-0.15595246562516277
1.0,all,,,,,,2.736732061868431,-7.041713002910418e-07,2.3435805000276186,-0.04444795137731854
1.0,all,,,,,,2.7398705160678216,-2.7262372668528602e-06,2.177720141736474,-0.18518887197099607
1.0,all,,,,,,2.743008970267212,3.6977132669399218e-06,1.468056926812749,0.3726006764415924
1.0,all,,,,,,2.7461474244666024,1.1447002523471965e-05,2.3884005171981055,0.7089864352179285
1.0,all,,,,,,2.749285878665993,6.358220277610191e-06,3.0872834342655597,0.3046578488339364
1.0,all,,,,,,2.7524243328653832,-9.505220557591015e-06,1.642592055028972,-0.8560236921364945
1.0,all,,,,,,2.7555627870647736,-1.0092361523249584e-05,1.5677553920715699,-0.9522868781729676
1.0,all,,,,,,2.758701241264164,4.48125171543059e-06,3.4411504919556894,0.19264111233882805
1.0,all,,,,,,2.7618396954635545,3.7048837026101833e-06,3.336201681723723,0.1642765550786084
1.0,all,,,,,,2.7649781496629444,-7.25674904497056e-07,1.2693499591826547,-0.08456955300375413
1.0,all,,,,,,2.7681166038623353,3.4231741206299535e-06,2.369059569121969,0.21375009342752804
1.0,all,,,,,,2.7712550580617257,-1.5077375796511888e-06,3.402584115448545,-0.06554962226680901
1.0,all,,,,,,2.774393512261116,-1.3193444153266463e-05,2.2498658500872697,-0.8674707969833553
1.0,all,,,,,,2.7775319664605065,-1.4148309961937269e-05,2.1915455148062355,-0.9550088038334238
1.0,all,,,,,,2.780670420659897,-7.952795859868658e-06,2.2495434697912398,-0.5229723752818713
1.0,all,,,,,,2.7838088748592873,-3.6138453151857647e-06,2.5416893270455447,-0.21032960108772392
1.0,all,,,,,,2.7869473290586777,-3.573868698187648e-06,2.7144277768688374,-0.19476620671664846
1.0,all,,,,,,2.790085783258068,-8.11192279069977e-06,2.177249481508163,-0.551148864058822
1.0,all,,,,,,2.7932242374574585,-1.0518058049506306e-05,2.766077349306915,-0.5625026166958963
1.0,all,,,,,,2.7963626916568485,-3.941374595834256e-06,2.1155015494736746,-0.27560536621231996
1.0,all,,,,,,2.7995011458562393,1.2522980691009675e-06,0.45905104377806527,0.4035524941395223
1.0,all,,,,,,2.8026396000556297,-2.3858423063207646e-06,1.1354978366134336,-0.31081983693331056
1.0,all,,,,,,2.8057780542550197,-3.6359877617133156e-06,2.2556397338774774,-0.23845475144346998
1.0,all,,,,,,2.8089165084544105,-2.6621215251625977e-06,3.1756077250763584,-0.12400932150211041
1.0,all,,,,,,2.812054962653801,-1.535042775068528e-06,3.6407633316130674,-0.062370803292344366
1.0,all,,,,,,2.815193416853191,-4.4209877609527835e-06,2.335999721622569,-0.2799624787095587
1.0,all,,,,,,2.8183318710525818,-6.415526857659373e-06,2.3617702564629006,-0.4018352047443967
1.0,all,,,,,,2.821470325251972,6.723596397385348e-06,3.5981181798811184,0.27642639901202054
1.0,all,,,,,,2.8246087794513626,9.122905730546267e-06,3.598719123138462,0.3750062790828046
1.0,all,,,,,,2.827747233650753,-5.014386374088751e-06,2.53898444417188,-0.29215347654624474
1.0,all,,,,,,2.8308856878501434,-8.698080837787289e-06,2.3714336494045827,-0.5425824792138565
1.0,all,,,,,,2.834024142049534,-2.690905713844913e-06,3.871503030249361,-0.10281871725545472
1.0,all,,,,,,2.8371625962489238,-4.825339436379982e-06,2.945185345950078,-0.24236424030613432
1.0,all,,,,,,2.8403010504483146,-1.1646437223069381e-05,0.2162167509138868,-7.968141856612039
1.0,all,,,,,,2.843439504647705,-7.860022634031965e-06,1.2688134344961783,-0.9163878708317752
1.0,all,,,,,,2.846577958847095,-1.4714552354948321e-06,3.2238505272419453,-0.06751891596255245
1.0,all,,,,,,2.849716413046486,-2.397913367721812e-07,1.3778687849266165,-0.025744172178468753
1.0,all,,,,,,2.8528548672458762,1.3789072203173324e-07,0.4807355886581801,0.0424308835974583
1.0,all,,,,,,2.855993321445266,-1.2693284670004293e-06,2.625553704907035,-0.07151652732646568
1.0,all,,,,,,2.859131775644657,-4.7034578510639176e-06,3.903602058175889,-0.1782399379469669
1.0,all,,,,,,2.8622702298440474,-2.969783795463701e-06,4.16765689272209,-0.10541105969487001
1.0,all,,,,,,2.8654086840434374,-1.7176908802113276e-06,3.310553006990376,-0.07675342564169636
1.0,all,,,,,,2.868547138242828,-2.0801938866149142e-06,1.259637869041974,-0.24429321847735283
1.0,all,,,,,,2.8716855924422187,-1.771324891459863e-06,1.106491819925627,-0.2368117908048937
1.0,all,,,,,,2.874824046641609,-5.28404218253616e-06,2.719363313558564,-0.2874434029673601
1.0,all,,,,,,2.877962500840999,-5.96609352513044e-06,3.0112593944854016,-0.2930860806587916
1.0,all,,,,,,2.88110095504039,-9.95444357590923e-07,2.251702816088857,-0.06539721024981539
1.0,all,,,,,,2.8842394092397803,-3.3549831629007947e-06,2.4397379229414256,-0.20342319549405788
1.0,all,,,,,,2.8873778634391702,-4.4029618513437715e-06,2.6609759987165424,-0.2447694823134652
1.0,all,,,,,,2.890516317638561,1.3713226915680526e-06,3.4396211526764437,0.05897695627577663
1.0,all,,,,,,2.8936547718379515,-2.7814719784326883e-06,4.8626196015144085,-0.08461701419354506
1.0,all,,,,,,2.8967932260373415,-6.837433669419606e-06,3.0053954976402633,-0.3365462833825186
1.0,all,,,,,,2.8999316802367323,-2.2301157039977624e-06,0.9099255892037164,-0.36255577015855917
1.0,all,,,,,,2.9030701344361227,4.1572504516167085e-07,1.7049223700255602,0.036070726050058996
1.0,all,,,,,,2.9062085886355127,-3.425626711684554e-06,2.845061446183445,-0.17811548999849947
1.0,all,,,,,,2.909347042834903,-5.580092217810859e-06,3.9615111483450427,-0.2083693312374213
1.0,all,,,,,,2.912485497034294,-3.014717869592274e-06,3.599341204840029,-0.12390161324318485
1.0,all,,,,,,2.915623951233684,-3.110980540700445e-06,2.014161431951213,-0.2284842787160738
1.0,all,,,,,,2.9187624054330743,-7.659570292144755e-06,1.519949141505207,-0.7454673959035876
1.0,all,,,,,,2.921900859632465,-7.221693732167785e-06,2.604266270040605,-0.41021069990561143
1.0,all,,,,,,2.9250393138318556,-9.749469163379713e-07,2.806784525143743,-0.05138367955433168
1.0,all,,,,,,2.9281777680312455,1.458492221410551e-07,1.316564978276927,0.016387591250777465
1.0,all,,,,,,2.9313162222306364,-8.326716019976874e-07,2.1722431663229846,-0.05670464264521952
1.0,all,,,,,,2.9344546764300268,-1.8700221542930124e-06,3.2992045947625255,-0.0838476330435345
1.0,all,,,,,,2.9375931306294167,-4.325066983631542e-06,1.923224294337884,-0.3326719666100025
1.0,all,,,,,,2.940731584828807,-5.163728383651267e-06,2.3515551216127815,-0.32483403790537396
1.0,all,,,,,,2.943870039028198,-5.394836889405572e-06,3.4739542720949377,-0.22972461114449452
1.0,all,,,,,,2.947008493227588,-3.458899851860838e-06,2.754620545017195,-0.18575029386338396
1.0,all,,,,,,2.9501469474269784,-1.0837020681266786e-06,2.1398279192873053,-0.07491768631417176
1.0,all,,,,,,2.953285401626369,-1.1817734631758835e-06,2.706578242391143,-0.06459024790170424
1.0,all,,,,,,2.956423855825759,-3.150471625669381e-06,3.5444113126880517,-0.13148758915295203
1.0,all,,,,,,2.9595623100251496,-6.421038046157684e-06,2.734155207991112,-0.3474044547140573
1.0,all,,,,,,2.9627007642245404,-7.2101425760943265e-06,1.460838671841767,-0.730121100320256
1.0,all,,,,,,2.9658392184239304,-3.4078902075644667e-06,1.4463928540475925,-0.348540003456893
1.0,all,,,,,,2.968977672623321,-6.420098818432701e-07,2.3637258429811423,-0.04017888804419851
1.0,all,,,,,,2.9721161268227116,-2.31921020390572e-06,2.79419882880317,-0.12278239794316342
1.0,all,,,,,,2.9752545810221016,-4.16182391020989e-06,2.554649686143515,-0.24099367828261822
1.0,all,,,,,,2.978393035221492,-3.5047840673392615e-06,2.654374454467188,-0.19532254791200232
1.0,all,,,,,,2.9815314894208824,-1.67852041955751e-06,2.844855720744465,-0.08728099474502411
1.0,all,,,,,,2.9846699436202733,-7.186016254244699e-07,2.7695084335809215,-0.0383829903915076
1.0,all,,,,,,2.9878083978196632,-1.1685109343261212e-06,2.60612450024409,-0.06632708724140889
1.0,all,,,,,,2.9909468520190536,-3.1056146692465706e-06,2.694752682725159,-0.17048334601376613
1.0,all,,,,,,2.9940853062184445,-5.003678928620859e-06,2.700958639049843,-0.27404684393270645
1.0,all,,,,,,2.9972237604178344,-4.2350808927613726e-06,2.279856748867849,-0.27479413197200014
1.0,all,,,,,,3.000362214617225,-2.3384650955174345e-06,2.432834894750285,-0.1421908202748112
1.0,all,,,,,,3.0035006688166157,-2.1119217918117794e-06,3.1583701335692784,-0.09891635654852335
1.0,all,,,,,,3.0066391230160057,-2.3028331274133925e-06,3.124974164483569,-0.1090107534169649
1.0,all,,,,,,3.009777577215396,-2.3553983835785194e-06,2.777783110233701,-0.1254351760810454
1.0,all,,,,,,3.0129160314147865,-3.154529910803589e-06,2.5305945975129553,-0.18440189391379497
1.0,all,,,,,,3.016054485614177,-4.027129058099044e-06,2.0599964475944423,-0.2891894067594288
1.0,all,,,,,,3.0191929398135673,-3.9521010476678464e-06,1.9641266111017242,-0.29765409683406857
1.0,all,,,,,,3.0223313940129577,-2.6976549143894397e-06,2.546054886543496,-0.1567371465467592
1.0,all,,,,,,3.025469848212348,-1.6279950810362248e-06,3.015068028571088,-0.07987470678186809
1.0,all,,,,,,3.0286083024117385,-2.291767695345757e-06,2.7278779221366687,-0.12427934809432496
1.0,all,,,,,,3.031746756611129,-2.9951512109617318e-06,2.296825683908782,-0.19290523824583208
1.0,all,,,,,,3.0348852108105198,-2.405116417375477e-06,2.32990975866715,-0.15270396243930506
1.0,all,,,,,,3.0380236650099097,-2.591819862129744e-06,2.734663825166785,-0.14020198809094755
1.0,all,,,,,,3.0411621192093,-3.731271165359842e-06,3.143107076290657,-0.17561068609644337
1.0,all,,,,,,3.044300573408691,-4.02833630324054e-06,2.6860645722773233,-0.22185160525032815
1.0,all,,,,,,3.047439027608081,-3.5075623652626825e-06,2.2367149580711647,-0.2319786750224021
1.0,all,,,,,,3.0505774818074713,-3.2656987370741966e-06,2.6322328948156866,-0.18352917407287953
1.0,all,,,,,,3.0537159360068618,-2.8740184097641424e-06,2.8622117672657623,-0.14853920216326805
1.0,all,,,,,,3.056854390206252,-2.542649071344468e-06,2.82376375428208,-0.13320219117455295
1.0,all,,,,,,3.0599928444056426,-2.9575800943516528e-06,2.5957591367980615,-0.1685487078036656
1.0,all,,,,,,3.063131298605033,-3.164938443237884e-06,2.5405153153947158,-0.18428787160039192
1.0,all,,,,,,3.0662697528044234,-2.8850968130507727e-06,2.7187714387037403,-0.15697879686042834
1.0,all,,,,,,3.069408207003814,-2.922585387857805e-06,2.5103022254391965,-0.1722243290731148
1.0,all,,,,,,3.072546661203204,-3.018166540600162e-06,1.981950582218337,-0.22527016784936316
1.0,all,,,,,,3.0756851154025946,-2.8147812852858638e-06,2.1957272601070024,-0.1896354668727165
1.0,all,,,,,,3.078823569601985,-3.0144670911708057e-06,2.785882015804839,-0.16006675155763722
1.0,all,,,,,,3.0819620238013754,-3.22302030734121e-06,2.5152974243619575,-0.18955140149856975
1.0,all,,,,,,3.0851004780007663,-3.097071002316615e-06,2.562645807926888,-0.17877874365574498
1.0,all,,,,,,3.088238932200156,-3.1918252508075472e-06,2.901032455555926,-0.162757054901576
1.0,all,,,,,,3.0913773863995466,-3.2842351651759654e-06,2.740280840257804,-0.17729336248260755
1.0,all,,,,,,3.094515840598937,-3.1961334479643263e-06,2.4766699288357152,-0.1909018236169027
1.0,all,,,,,,3.0976542947983274,-3.13991832904451e-06,2.4144854753909897,-0.1923743027870609
1.0,all,,,,,,3.100792748997718,-3.179562767108052e-06,2.5970572299389953,-0.1811086472563389
1.0,all,,,,,,3.1039312031971082,-3.1814513380797425e-06,2.4215231727133055,-0.19435242308183442
1.0,all,,,,,,3.1070696573964987,-3.168310041453825e-06,2.3100317067712126,-0.20289111876733437
1.0,all,,,,,,3.110208111595889,-3.2169237614424305e-06,2.616675647122083,-0.18186292848131633
1.0,all,,,,,,3.1133465657952795,-3.1422537303063083e-06,2.731924565877547,-0.17014760922871677
1.0,all,,,,,,3.11648501999467,-3.098169502865909e-06,2.6447733553621777,-0.17328860982657845
1.0,all,,,,,,3.1196234741940603,-3.1437009310379125e-06,2.5096791822748727,-0.18530038409299465
1.0,all,,,,,,3.1227619283934507,-3.1332264986428448e-06,2.487253655015632,-0.18634812064434284
1.0,all,,,,,,3.125900382592841,-3.1506159766923252e-06,2.5604959448446714,-0.18202233559940054
1.0,all,,,,,,3.1290388367922315,-3.163045090507603e-06,2.555992140928751,-0.18306240891156914
1.0,all,,,,,,3.132177290991622,-3.1461093070894672e-06,2.542615207875663,-0.18304019563433882
1.0,all,,,,,,3.1353157451910123,-3.143366332722788e-06,2.5588281314198795,-0.1817218647567101
1.5,L,1.0,1.0113747927461594,0.011998784621157254,2.6660932148950193e-05,3.8995680952223686,,,,
1.5,L,2.0,1.0499646460614338,0.02161277865279847,4.869642852442707e-05,6.8608154703753135,,,,
1.5,L,5.0,1.1182556190990298,0.011463193192338775,0.00010957689881025598,14.495433905155153,,,,
1.5,L,10.0,1.1523128723309055,0.02032320966959383,0.00019953242835140284,25.615119054621854,,,,
1.5,L,20.0,1.2267035889178315,0.02268896976942213,0.000384238919312798,46.33562446129531,,,,
1.5,L,50.0,1.5389029073172003,0.01727634901568569,0.0010689008080181932,102.7494460843684,,,,
1.5,L,100.0,1.9899895230781153,0.045549524325771716,0.0025868204373371718,192.2953566993224,,,,
1.5,L,200.0,2.824575838174567,0.08546153262301825,0.007172058923207686,375.6158527145913,,,,
1.5,L,400.0,4.433547089322116,0.19196472242681306,0.022067817971579085,736.3111405766194,,,,
1.5,L,800.0,6.665095320949621,0.5882468192936303,0.06665740548806436,1479.4331464439513,,,,
1.5,S,1.0,1.0599733963294649,0.0031325786014419804,3.826550463748493e-05,5.340301585584288,,,,
1.5,S,2.0,1.0477742537516994,0.011794521289281644,6.324974845120336e-05,8.929854528183972,,,,
1.5,S,5.0,1.0519879597428632,0.01100307109530486,0.00012111717683880247,17.031318628681746,,,,
1.5,S,10.0,1.0535026663557439,0.013177744622088938,0.00019354938750851998,27.17749761234774,,,,
1.5,S,20.0,1.123615117279066,0.005772730337359403,0.0003235113040317234,42.59172117204155,,,,
1.5,S,50.0,1.3392314801372056,0.017657063550409312,0.0007164335167736364,79.13590072770526,,,,
1.5,S,100.0,1.722437171650849,0.0418256476245243,0.001505215234814689,129.27320614597082,,,,
1.5,S,200.0,2.5991534504414986,0.09369683859551318,0.003946712661374491,224.6243806159142,,,,
1.5,S,400.0,4.34564320778293,0.1813586268926829,0.01167899913448357,397.5619974424773,,,,
1.5,S,800.0,7.5219318957552534,0.5891282501718278,0.03579942196589786,704.0441941718317,,,,
1.5,all,1.0,1.0504598890239898,0.003456000221639531,3.5364361515351294e-05,4.9801182129938075,,,,
1.5,all,2.0,1.048220842404396,0.007539977398193511,5.9611418469509366e-05,8.412594763731807,,,,
1.5,all,5.0,1.066633293070476,0.009181186058245664,0.00011823210733166621,16.397347447800097,,,,
1.5,all,10.0,1.0771246131745378,0.01227472756115151,0.00019504514771924103,26.786902972916266,,,,
1.5,all,20.0,1.1510497683057601,0.009353661253543498,0.00033869320785199293,43.52769699435499,,,,
1.5,all,50.0,1.3995451576421916,0.01405666584431025,0.0008045503395847771,85.03928706687104,,,,
1.5,all,100.0,1.8111248922898144,0.037227456380614685,0.0017756165354453146,145.02874378430872,,,,
1.5,all,200.0,2.679832926670433,0.08227007059512831,0.004753049226832797,262.37224864058345,,,,
1.5,all,400.0,4.379196708808508,0.14371501022133842,0.014276203843757452,482.2492832260128,,,,
1.5,all,800.0,7.168984873337764,0.397698851058432,0.04351391784643951,897.8914322398615,,,,
1.5,all,,,,,,0.0031384541993904028,5.20384071690262e-06,322.7168549743674,0.0023853694368702063
1.5,all,,,,,,0.0062769083987808056,-2.1340285545298217e-05,48.41314446737219,-0.06520640228779362
1.5,all,,,,,,0.009415362598171209,-2.8331026467690958e-05,37.57156619161448,-0.11154659418044763
1.5,all,,,,,,0.012553816797561611,-2.942970055956983e-05,25.30731164091918,-0.1720256209631219
1.5,all,,,,,,0.015692270996952015,-2.8389069498299977e-05,16.66605620690977,-0.25198321916676436
1.5,all,,,,,,0.018830725196342418,-2.6922851881968223e-05,27.144221299300057,-0.14672258794337045
1.5,all,,,,,,0.02196917939573282,-2.664012422385711e-05,33.94564149144548,-0.11609286510818205
1.5,all,,,,,,0.025107633595123222,-2.624561331455338e-05,33.94155268667811,-0.11438743573545877
1.5,all,,,,,,0.028246087794513628,-2.913874844139158e-05,22.81867689443875,-0.18890077482180878
1.5,all,,,,,,0.03138454199390403,-2.995316114665875e-05,15.070961886503547,-0.29400518901149036
1.5,all,,,,,,0.03452299619329443,-2.8126211542296268e-05,23.023707509998793,-0.1807129533332608
1.5,all,,,,,,0.037661450392684835,-2.5165993537393504e-05,29.993620154083352,-0.12411906565320217
1.5,all,,,,,,0.04079990459207524,-2.299525954999734e-05,27.98823278798763,-0.12153913538138446
1.5,all,,,,,,0.04393835879146564,-2.6790237110750826e-05,25.709205795377116,-0.15414917359083724
1.5,all,,,,,,0.04707681299085604,-2.6934950141071035e-05,20.307558366410703,-0.19620576773180712
1.5,all,,,,,,0.050215267190246445,-2.2100019706261445e-05,14.825107693793345,-0.22052006311744324
1.5,all,,,,,,0.05335372138963685,-2.3182757199191155e-05,16.00070613569507,-0.21432816298604548
1.5,all,,,,,,0.056492175589027256,-2.8644344485550036e-05,16.810305869206346,-0.25206733886215854
1.5,all,,,,,,0.05963062978841765,-3.097841953205755e-05,18.732021966034797,-0.24464024481514812
1.5,all,,,,,,0.06276908398780806,-3.0449229649370724e-05,18.231998355366887,-0.24705596308387578
1.5,all,,,,,,0.06590753818719845,-2.102415830639039e-05,9.503555988965125,-0.32725461851478904
1.5,all,,,,,,0.06904599238658886,-1.612574616419409e-05,9.129104259475941,-0.2613033372281138
1.5,all,,,,,,0.07218444658597926,-2.253684027445131e-05,18.372567268822348,-0.18145815240870897
1.5,all,,,,,,0.07532290078536967,-2.4683742790653767e-05,17.76912347509699,-0.2054936050356328
1.5,all,,,,,,0.07846135498476008,-2.4065778789267613e-05,15.842867107363624,-0.22470847126287152
1.5,all,,,,,,0.08159980918415048,-1.6659422768838574e-05,17.458424808273318,-0.1411588776913713
1.5,all,,,,,,0.08473826338354087,-1.739593758250523e-05,15.35440853840574,-0.16759769946664899
1.5,all,,,,,,0.08787671758293128,-2.906157520142496e-05,10.48187311019884,-0.41014134981529626
1.5,all,,,,,,0.09101517178232169,-3.0627339067833255e-05,11.748583717473654,-0.3856355428612374
1.5,all,,,,,,0.09415362598171208,-2.7826510380517662e-05,23.165994025931898,-0.17768923210538132
1.5,all,,,,,,0.09729208018110248,-2.018629920785129e-05,22.386407108706287,-0.1333907188220185
1.5,all,,,,,,0.10043053438049289,-2.0447452851669903e-05,7.979228258217415,-0.37908066219170616
1.5,all,,,,,,0.1035689885798833,-3.122744850768051e-05,7.632447422678593,-0.605237715989884
1.5,all,,,,,,0.1067074427792737,-2.1252144830086088e-05,13.100062312599473,-0.23998423303634167
1.5,all,,,,,,0.1098458969786641,-9.544257693226936e-06,12.515086200116748,-0.1128136408531728
1.5,all,,,,,,0.11298435117805451,-2.3310413902981718e-05,13.456928446332544,-0.25624614815147595
1.5,all,,,,,,0.11612280537744489,-3.6940967374654315e-05,8.76955281926453,-0.6231378334565904
1.5,all,,,,,,0.1192612595768353,-3.3760603045814004e-05,5.775813226233979,-0.8646699352246373
1.5,all,,,,,,0.1223997137762257,-2.514075642192105e-05,7.819349286551385,-0.47562101035349974
1.5,all,,,,,,0.12553816797561612,-1.8282848605835838e-05,13.55208786546024,-0.19956802450515282
1.5,all,,,,,,0.12867662217500653,-2.0587508336744776e-05,17.450466198902745,-0.17452195054354694
1.5,all,,,,,,0.1318150763743969,-3.0357025720458655e-05,16.208735626540346,-0.2770533360308047
1.5,all,,,,,,0.1349535305737873,-1.58877382698688e-05,15.282012438635189,-0.15379238499841413
1.5,all,,,,,,0.13809198477317772,-7.054028081237935e-08,9.69524059472878,-0.001076296424100063
1.5,all,,,,,,0.14123043897256812,-2.523798302498003e-05,9.75329201181114,-0.3827865952381972
1.5,all,,,,,,0.14436889317195853,-4.180701774634784e-05,12.080290587049262,-0.5119471287760893
1.5,all,,,,,,0.14750734737134893,-3.110753923208915e-05,11.02271588287001,-0.41747487968430513
1.5,all,,,,,,0.15064580157073934,-2.6689775368171925e-05,9.427569747489201,-0.41879208833879406
1.5,all,,,,,,0.15378425577012975,-1.642671262412675e-05,6.926369757802103,-0.3508312665285796
1.5,all,,,,,,0.15692270996952015,-6.704938136294179e-06,8.481883983734017,-0.11693802412197378
1.5,all,,,,,,0.16006116416891056,-1.982399227968409e-05,9.320674737917798,-0.3146277838351837
1.5,all,,,,,,0.16319961836830096,-2.9239132677303405e-05,8.359141885488839,-0.5174353473191768
1.5,all,,,,,,0.16633807256769134,-2.832318722675057e-05,10.603592298261965,-0.3951321851897224
1.5,all,,,,,,0.16947652676708175,-1.6261397258317363e-05,12.598042606144457,-0.19094491215890086
1.5,all,,,,,,0.17261498096647215,-8.918296809132326e-06,12.996630099006271,-0.10150898085558512
1.5,all,,,,,,0.17575343516586256,-2.485868193661516e-05,10.724015992874685,-0.34290510341947067
1.5,all,,,,,,0.17889188936525297,-3.570419945637534e-05,9.75630555762517,-0.5413613051496449
1.5,all,,,,,,0.18203034356464337,-7.47654388465856e-06,16.375235335568178,-0.06754086847664693
1.5,all,,,,,,0.18516879776403378,1.1176182060735907e-05,9.339019595065857,0.1770294358098184
1.5,all,,,,,,0.18830725196342415,-2.419473413996247e-05,-1.5533429057477395,2.304129159236423
1.5,all,,,,,,0.19144570616281456,-3.585219359229048e-05,7.640315427880356,-0.6941570650888882
1.5,all,,,,,,0.19458416036220497,-1.417019917606314e-05,15.157528944692155,-0.13829320845879373
1.5,all,,,,,,0.1977226145615954,5.390943379128208e-06,9.903049744643575,0.08052840809603404
1.5,all,,,,,,0.20086106876098578,3.467973216845885e-06,4.43383874436917,0.11570420555455566
1.5,all,,,,,,0.20399952296037616,-2.107813348355995e-05,9.314842357579316,-0.3347417984835506
1.5,all,,,,,,0.2071379771597666,-3.7557638508853246e-05,13.598888939607953,-0.4085527655542259
1.5,all,,,,,,0.21027643135915697,-1.4412187732919898e-05,7.689860473120159,-0.27724565891880737
1.5,all,,,,,,0.2134148855585474,2.059258771009597e-06,8.249510749540619,0.036926320578305666
1.5,all,,,,,,0.21655333975793778,-9.774077636687442e-06,9.047250255850834,-0.1598131401248371
1.5,all,,,,,,0.2196917939573282,-7.760859550797692e-06,10.034903998666097,-0.11440629095408515
1.5,all,,,,,,0.2228302481567186,-2.424478815531693e-05,11.563807965700569,-0.3101493153644144
1.5,all,,,,,,0.22596870235610902,-3.785006819778504e-05,9.851243154066143,-0.5683671011768885
1.5,all,,,,,,0.2291071565554994,-2.1965444052567243e-05,9.523662693239718,-0.3411844946572584
1.5,all,,,,,,0.23224561075488978,-1.2013347564413012e-05,1.5487955819502224,-1.1474221914640454
1.5,all,,,,,,0.23538406495428021,-2.30584474906067e-05,8.640851210623284,-0.3947542735377568
1.5,all,,,,,,0.2385225191536706,-3.5490785182334624e-05,14.250488881861596,-0.3684165641443657
1.5,all,,,,,,0.24166097335306103,-5.261982056448899e-05,2.596618118898657,-2.997744284487221
1.5,all,,,,,,0.2447994275524514,-4.244482233424173e-05,2.990608736271826,-2.099512315260805
1.5,all,,,,,,0.24793788175184184,2.5005431658445103e-06,5.3089191846107,0.06967573291685433
1.5,all,,,,,,0.25107633595123224,1.6224408073900997e-05,12.530234857217366,0.19154153081011574
1.5,all,,,,,,0.2542147901506226,-8.627768899414018e-06,12.452676636028176,-0.10249179447709554
1.5,all,,,,,,0.25735324435001306,-1.6615650943525274e-05,0.46378909551073955,-5.29968590011917
1.5,all,,,,,,0.2604916985494034,8.802708379542089e-06,9.334776291777382,0.13949726861020575
1.5,all,,,,,,0.2636301527487938,-9.141823044862962e-06,14.201887568842762,-0.09522260196431767
1.5,all,,,,,,0.2667686069481842,-2.4470582239877637e-05,6.582189090893809,-0.5499551236494422
1.5,all,,,,,,0.2699070611475746,1.4674975992598466e-06,8.062419090850778,0.026925596552508712
1.5,all,,,,,,0.27304551534696503,1.937958389198073e-06,14.463225046652916,0.019821321604534946
1.5,all,,,,,,0.27618396954635543,-3.21667170870358e-05,14.078674270693238,-0.3379856661317735
1.5,all,,,,,,0.27932242374574584,-6.296190667242295e-05,10.909377793334261,-0.8537509375905998
1.5,all,,,,,,0.28246087794513625,-3.948322320969168e-05,6.5126509608807,-0.896825812966354
1.5,all,,,,,,0.28559933214452665,-7.395290644890318e-06,2.0730723056439597,-0.5277085141075388
1.5,all,,,,,,0.28873778634391706,-1.3150009616552618e-05,11.48663241638235,-0.1693505654435276
1.5,all,,,,,,0.29187624054330746,-4.9310715319105815e-05,12.838268072592408,-0.5681829101413726
1.5,all,,,,,,0.29501469474269787,-2.116599567543621e-05,7.7821081583255145,-0.40234142025889547
1.5,all,,,,,,0.2981531489420883,2.432945834763026e-05,3.8201645369206707,0.9421144731232927
1.5,all,,,,,,0.3012916031414787,3.23449585327763e-06,-0.17516816762210585,-2.7315220820982957
1.5,all,,,,,,0.30443005734086903,2.95377289666907e-07,5.719803944105025,0.007639224309493039
1.5,all,,,,,,0.3075685115402595,-3.403683731001111e-05,8.706127045191474,-0.5783323720060065
1.5,all,,,,,,0.31070696573964984,-3.549267199127625e-05,8.862284735251453,-0.5924426287159597
1.5,all,,,,,,0.3138454199390403,2.0126577942808462e-05,4.587231898902684,0.6490416214017303
1.5,all,,,,,,0.31698387413843065,1.4353429259852606e-05,2.602056235397005,0.8160040214216372
1.5,all,,,,,,0.3201223283378211,-1.7223538550366223e-05,12.099511781997021,-0.21057549909523474
1.5,all,,,,,,0.32326078253721147,-2.084761090045768e-05,11.926023828013804,-0.25859130872194247
1.5,all,,,,,,0.3263992367366019,-2.438490176247388e-05,6.212660492177362,-0.5806262861255124
1.5,all,,,,,,0.3295376909359923,-2.4214381502819026e-05,5.80374609891733,-0.6171891459411645
1.5,all,,,,,,0.3326761451353827,1.5307769618027898e-05,3.87965050286963,0.5836770501806267
1.5,all,,,,,,0.3358145993347731,-1.3952430667614273e-05,3.9301875778342072,-0.5251578945776766
1.5,all,,,,,,0.3389530535341635,-6.713686184148266e-05,6.1585477869135925,-1.6126347934155432
1.5,all,,,,,,0.3420915077335539,-5.28826777962268e-06,9.74833247804209,-0.08024840503156468
1.5,all,,,,,,0.3452299619329443,2.743486951359311e-05,11.448999376536786,0.3544774976804515
1.5,all,,,,,,0.3483684161323347,-1.2950380937448252e-05,11.05550467470023,-0.17328352539620762
1.5,all,,,,,,0.3515068703317251,-2.802633024175469e-05,1.1384651841509226,-3.641663265783846
1.5,all,,,,,,0.35464532453111547,-4.231259012368722e-05,-9.479022878332472,0.660327438215624
1.5,all,,,,,,0.35778377873050593,-4.1784932509357904e-05,2.0718261333856454,-2.9834564466216857
1.5,all,,,,,,0.3609222329298963,-3.0852426902504655e-05,11.834295553598817,-0.38565611751296563
1.5,all,,,,,,0.36406068712928674,8.790800804338576e-06,4.551627287551724,0.2857031646077306
1.5,all,,,,,,0.3671991413286771,2.5585271530971935e-05,5.4504520925732844,0.6944017517501223
1.5,all,,,,,,0.37033759552806755,-1.2960695926422417e-05,10.512820656453922,-0.18237376757989374
1.5,all,,,,,,0.3734760497274579,-3.002988997400065e-05,9.092422487399634,-0.4885707216562424
1.5,all,,,,,,0.3766145039268483,-8.723445031009608e-05,0.4253654318421862,-30.33745461603399
1.5,all,,,,,,0.3797529581262387,-8.449319345124438e-05,-1.7857374505920718,6.999345346061534
1.5,all,,,,,,0.3828914123256291,-1.4449598461447769e-05,13.28712458751514,-0.1608711163370424
1.5,all,,,,,,0.3860298665250195,-4.922373524205171e-06,11.534071982042057,-0.06313136982926634
1.5,all,,,,,,0.38916832072440993,-7.280350762627836e-06,3.7344962772508214,-0.28838560408971625
1.5,all,,,,,,0.39230677492380034,-1.4791808025774137e-05,9.91232098412514,-0.22074923576663977
1.5,all,,,,,,0.3954452291231908,-3.686898338749413e-05,9.975287320807666,-0.5467503290849934
1.5,all,,,,,,0.39858368332258115,-1.7007713670122542e-05,2.8627274114770507,-0.8788590785079601
1.5,all,,,,,,0.40172213752197156,-2.3373907524235327e-05,3.9280160980608727,-0.8802608088985177
1.5,all,,,,,,0.4048605917213619,-7.12023815485955e-05,13.06420907318526,-0.8062406701991206
1.5,all,,,,,,0.4079990459207523,-2.9929624788544907e-05,11.295603236885313,-0.391963066991288
1.5,all,,,,,,0.4111375001201428,3.327860244557138e-05,7.219781743638363,0.681858587843581
1.5,all,,,,,,0.4142759543195332,1.677621377894207e-05,6.745972515442596,0.36787704414102007
1.5,all,,,,,,0.41741440851892353,-1.5380252834812184e-05,3.6812475476985758,-0.6180473606062997
1.5,all,,,,,,0.42055286271831394,1.7092200756390116e-06,1.8586540989038656,0.13603564353614178
1.5,all,,,,,,0.4236913169177044,2.7412355027011066e-05,3.876876769371074,1.045966210900552
1.5,all,,,,,,0.4268297711170948,3.662358628875882e-05,4.621782303532003,1.1722080192444266
1.5,all,,,,,,0.42996822531648515,1.3524083871961327e-05,3.4479538814517126,0.5802293742481486
1.5,all,,,,,,0.43310667951587556,-6.178102525600235e-06,9.459879229498581,-0.09661016486371567
1.5,all,,,,,,0.43624513371526596,-4.943879570689523e-06,10.343448030688885,-0.07070593187000303
1.5,all,,,,,,0.4393835879146564,-4.852883951313683e-05,4.9561123854804325,-1.4484785361641928
1.5,all,,,,,,0.4425220421140468,-7.093776302700213e-05,0.2987152897396055,-35.12961099587128
1.5,all,,,,,,0.4456604963134372,-3.416856463282227e-05,-0.7502718384966527,6.736920054890826
1.5,all,,,,,,0.4487989505128276,-1.1348609516551985e-05,7.309118864779851,-0.22968410024250546
1.5,all,,,,,,0.45193740471221805,3.3385983842448854e-08,14.39143693315005,0.00034317316812911214
1.5,all,,,,,,0.4550758589116084,2.3729464490511608e-05,11.166612407939681,0.3143545852554159
1.5,all,,,,,,0.4582143131109988,1.2194419415686413e-05,4.388909880127265,0.4110150918693367
1.5,all,,,,,,0.4613527673103892,-4.863868025433816e-05,7.34630488084774,-0.9794136181713793
1.5,all,,,,,,0.46449122150977956,-3.514422659154579e-05,9.156434666818171,-0.5677810497951552
1.5,all,,,,,,0.46762967570917,6.47886725515295e-06,0.2017045787966052,4.751564498778541
1.5,all,,,,,,0.47076812990856043,-2.3249997654460184e-05,-1.8856043545847727,1.824003406170573
1.5,all,,,,,,0.4739065841079508,-4.633069347230145e-05,5.892595735211508,-1.16309572020419
1.5,all,,,,,,0.4770450383073412,-4.759092859373707e-05,4.809902847787319,-1.4636632832570464
1.5,all,,,,,,0.4801834925067316,-2.3773856689431625e-05,4.674802258212551,-0.7522976398325598
1.5,all,,,,,,0.48332194670612205,3.56323075608589e-05,10.796448094389635,0.4882208822980715
1.5,all,,,,,,0.4864604009055124,8.363248270381986e-05,8.289082524583204,1.4925257412187105
1.5,all,,,,,,0.4895988551049028,3.928485122238556e-05,9.799793340246021,0.5930092933853276
1.5,all,,,,,,0.4927373093042932,-5.2059772649049915e-05,11.422472983032035,-0.6742103755986371
1.5,all,,,,,,0.4958757635036837,-8.803696281096271e-05,0.44233089561255645,-29.44225574091786
1.5,all,,,,,,0.499014217703074,-4.6487149739975686e-05,-2.827346021980551,2.432244672336139
1.5,all,,,,,,0.5021526719024645,2.2537482152825987e-05,8.127431511849956,0.41020918591150873
1.5,all,,,,,,0.5052911261018548,3.666594159824818e-06,10.343777292153652,0.052436897126965434
1.5,all,,,,,,0.5084295803012452,-4.2762636539976e-05,4.129595712233281,-1.5318288395518873
1.5,all,,,,,,0.5115680345006357,-4.9779820668012156e-05,3.4706151463723303,-2.1217791332295466
1.5,all,,,,,,0.5147064887000261,-6.279030538403136e-05,6.673175051370677,-1.3919171372113546
1.5,all,,,,,,0.5178449428994164,-1.7039464585004094e-05,9.924068482681589,-0.2539916829643577
1.5,all,,,,,,0.5209833970988068,5.373881614222125e-05,5.407938820171042,1.4699739178761753
1.5,all,,,,,,0.5241218512981973,6.572044879892026e-05,1.2630234788941725,7.6973706696324
1.5,all,,,,,,0.5272603054975876,2.014326476234973e-06,3.453118577728894,0.08629222619393817
1.5,all,,,,,,0.530398759696978,-7.062679514180915e-05,7.550706149358968,-1.3836786326944586
1.5,all,,,,,,0.5335372138963684,-3.549620251514496e-05,12.079432265830103,-0.43469903355307504
1.5,all,,,,,,0.5366756680957588,3.1851817043709535e-05,10.946090105903483,0.4304557343672358
1.5,all,,,,,,0.5398141222951492,6.781996763334953e-05,4.626362595084521,2.168558859046562
1.5,all,,,,,,0.5429525764945397,5.7204533779467414e-05,-3.8344742745494536,-2.2068759712747767
1.5,all,,,,,,0.5460910306939301,-3.6126513578357406e-05,-1.2810887646363092,4.171575741579191
1.5,all,,,,,,0.5492294848933205,-0.00010396028171149304,4.239823404241272,-3.6272123699222627
1.5,all,,,,,,0.5523679390927109,-6.604360688321614e-05,7.859431446443454,-1.2430624782989508
1.5,all,,,,,,0.5555063932921013,-2.4873387759278432e-05,11.796508374792706,-0.3119139251852689
1.5,all,,,,,,0.5586448474914917,-1.4952045796767544e-05,3.0375498338894644,-0.7281661915532117
1.5,all,,,,,,0.5617833016908821,3.95075396041588e-05,1.860279289332003,3.141630735689039
1.5,all,,,,,,0.5649217558902725,6.375344919641788e-05,10.076518486868904,0.9359367147718163
1.5,all,,,,,,0.5680602100896629,1.584730193227392e-05,8.661246921704262,0.27066257952925926
1.5,all,,,,,,0.5711986642890533,-2.467024712992257e-05,6.316292240875069,-0.5777827723181667
1.5,all,,,,,,0.5743371184884437,-2.322085215791974e-05,3.1003543679302235,-1.1079498966308892
1.5,all,,,,,,0.5774755726878341,-1.6107686115632022e-05,1.3936784596815306,-1.7097156001335267
1.5,all,,,,,,0.5806140268872244,-1.8145369594697573e-05,7.15248175930903,-0.3752860002629742
1.5,all,,,,,,0.5837524810866149,-1.5760631381865818e-05,4.537012966028835,-0.5138742965662129
1.5,all,,,,,,0.5868909352860053,-6.713006606254529e-05,-1.8732773673870877,5.301128022060246
1.5,all,,,,,,0.5900293894853957,-5.821011223734381e-05,5.96353232209662,-1.4439367280384106
1.5,all,,,,,,0.593167843684786,1.106611786393252e-05,11.996127656053602,0.1364606755570501
1.5,all,,,,,,0.5963062978841766,-1.2417973620356209e-05,3.63983211398911,-0.5046876582978672
1.5,all,,,,,,0.599444752083567,-4.582668517885321e-06,0.8836605511381581,-0.7671605835439026
1.5,all,,,,,,0.6025832062829574,2.5856833149513143e-05,2.751330875448088,1.3902273085756625
1.5,all,,,,,,0.6057216604823477,2.3671909071998035e-05,0.6992917663694922,5.007583194095362
1.5,all,,,,,,0.6088601146817381,1.673199250248876e-06,5.539691229343065,0.04468023067394511
1.5,all,,,,,,0.6119985688811286,-2.307283414157784e-05,8.620858445763423,-0.3959166209115931
1.5,all,,,,,,0.615137023080519,-2.0643981052939507e-05,10.47925701796466,-0.29141792646094383
1.5,all,,,,,,0.6182754772799093,-1.4076828110322022e-05,13.769290991358183,-0.15123298821587208
1.5,all,,,,,,0.6214139314792997,-3.3903521833103356e-06,6.754077884652665,-0.0742560859718974
1.5,all,,,,,,0.6245523856786902,-5.73844348109859e-05,0.5163486978556167,-16.44009513891549
1.5,all,,,,,,0.6276908398780806,-6.714940158567753e-05,0.44059321029838244,-22.54538471690657
1.5,all,,,,,,0.6308292940774709,5.315363732881902e-06,2.399961527260885,0.32762875623553994
1.5,all,,,,,,0.6339677482768613,3.0037968609022888e-05,1.6296932520253655,2.7265784374466606
1.5,all,,,,,,0.6371062024762517,4.6085763738882524e-05,0.69436370613324,9.81822726506985
1.5,all,,,,,,0.6402446566756422,1.3475733567989641e-05,7.815481104839458,0.2550644911682657
1.5,all,,,,,,0.6433831108750325,-4.7318108646126855e-05,11.917565117692394,-0.5873448262961496
1.5,all,,,,,,0.6465215650744229,-2.4173625666522573e-05,8.327557794780635,-0.42941522788651043
1.5,all,,,,,,0.6496600192738133,5.564388324696694e-06,2.6659298676833987,0.308760698297723
1.5,all,,,,,,0.6527984734732039,-2.862439441575036e-05,2.4444715209516596,-1.7322263057104181
1.5,all,,,,,,0.6559369276725941,-0.00011208490174429399,2.37090948691145,-6.993352913065744
1.5,all,,,,,,0.6590753818719846,-7.278546780245106e-05,1.3237291288325395,-8.133900509813174
1.5,all,,,,,,0.662213836071375,5.733390329754383e-05,5.13977579274985,1.6501394192354175
1.5,all,,,,,,0.6653522902707654,3.353850552863328e-05,3.50332645079231,1.416173301454807
1.5,all,,,,,,0.6684907444701558,-4.4884269166633114e-05,2.2888965374472883,-2.900823466388937
1.5,all,,,,,,0.6716291986695462,-3.46572658379501e-05,2.873063631979652,-1.7844416726464805
1.5,all,,,,,,0.6747676528689366,5.519964680607368e-06,2.578540241462874,0.31667639288491256
1.5,all,,,,,,0.677906107068327,3.6182686436291665e-05,0.8590341276392179,6.230798329799784
1.5,all,,,,,,0.6810445612677174,6.616976908304125e-05,1.7687177678028143,5.534194068343513
1.5,all,,,,,,0.6841830154671078,5.776101186733968e-05,9.34757323400732,0.9140905525785865
1.5,all,,,,,,0.6873214696664982,-2.260611970217555e-05,6.2747239481037855,-0.5329478356844191
1.5,all,,,,,,0.6904599238658886,-3.0497733734928802e-05,0.28899859857913146,-15.61079913672666
1.5,all,,,,,,0.693598378065279,4.263428946913724e-05,8.71385203491402,0.7237726242465776
1.5,all,,,,,,0.6967368322646694,3.8127936774896206e-07,11.337596278960792,0.004974799944174334
1.5,all,,,,,,0.6998752864640598,-6.844914843749195e-05,1.7982612185628366,-5.630780205713133
1.5,all,,,,,,0.7030137406634502,-2.312012490861376e-05,1.0551854170299417,-3.241266194170501
1.5,all,,,,,,0.7061521948628406,5.594057133934171e-05,6.1532142294844165,1.3448633735187816
1.5,all,,,,,,0.7092906490622309,1.1436686804497746e-05,6.913053107643751,0.24472798751671734
1.5,all,,,,,,0.7124291032616215,-8.580739928203609e-05,3.9890119328369593,-3.1820918248366237
1.5,all,,,,,,0.7155675574610119,-3.0391913627505164e-05,-0.6084543175613051,7.388960980980174
1.5,all,,,,,,0.7187060116604023,-1.2960702523693071e-05,1.6975069252165815,-1.1294585361955005
1.5,all,,,,,,0.7218444658597926,-8.124243985593553e-05,9.026018364716457,-1.3314965601780857
1.5,all,,,,,,0.7249829200591831,-6.267640931312737e-05,9.00990779906423,-1.0290513942194002
1.5,all,,,,,,0.7281213742585735,2.2365610821883294e-05,5.210495788541576,0.6349726485155727
1.5,all,,,,,,0.7312598284579639,7.065137134090033e-05,7.232980016856281,1.4449626943080025
1.5,all,,,,,,0.7343982826573542,-3.931083316661655e-06,13.449641431650871,-0.043236929671679386
1.5,all,,,,,,0.7375367368567446,-5.237844654941611e-05,8.001432129864721,-0.9683630110111224
1.5,all,,,,,,0.7406751910561351,1.707372807663085e-05,-4.284832026322857,-0.5894512093132025
1.5,all,,,,,,0.7438136452555254,0.00013011309081932903,-3.498639721741233,-5.50142345961056
1.5,all,,,,,,0.7469520994549158,7.471753159537301e-05,4.469776744028815,2.4728056729056864
1.5,all,,,,,,0.7500905536543062,-5.1121954642181915e-05,7.649037621470353,-0.9886759223852337
1.5,all,,,,,,0.7532290078536966,-9.664517263069844e-05,5.341431693945138,-2.676552652808014
1.5,all,,,,,,0.756367462053087,-0.00010125208060536358,7.420409962214457,-2.0185028197924804
1.5,all,,,,,,0.7595059162524774,-1.3667325848832e-05,12.707532687463353,-0.15910199205033124
1.5,all,,,,,,0.7626443704518678,4.4181218411896014e-05,6.228405576325694,1.0493348766285087
1.5,all,,,,,,0.7657828246512582,6.092623826305065e-05,1.0899838595140665,8.268706972892769
1.5,all,,,,,,0.7689212788506486,2.1937683498305666e-05,4.725438237293604,0.6867552361176796
1.5,all,,,,,,0.772059733050039,-3.816297798771825e-06,1.6354319372447998,-0.34519387914360516
1.5,all,,,,,,0.7751981872494295,-4.258044165668986e-06,0.6767138004628659,-0.9308044106044273
1.5,all,,,,,,0.7783366414488199,-4.661872895140419e-05,5.163924411063677,-1.335469137469674
1.5,all,,,,,,0.7814750956482103,-2.4085319906350783e-05,3.498635888713276,-1.018373234380856
1.5,all,,,,,,0.7846135498476007,6.190198991545484e-05,0.03495596524791611,261.96098534184387
1.5,all,,,,,,0.7877520040469911,9.746509961888149e-05,1.6525167156765248,8.724821968837027
1.5,all,,,,,,0.7908904582463816,1.0836045485714e-06,6.601937186833675,0.02428022659370931
1.5,all,,,,,,0.7940289124457719,-0.00017506977546780596,0.5138467335531762,-50.40003971647541
1.5,all,,,,,,0.7971673666451623,-0.00014785515429375414,-8.15552629692052,2.6818703598438463
1.5,all,,,,,,0.8003058208445526,1.2466561712831566e-05,7.989782563515213,0.23081553461443108
1.5,all,,,,,,0.8034442750439431,1.0607018663916267e-05,18.943310531823556,0.08283059070034678
1.5,all,,,,,,0.8065827292433335,7.32660213877823e-05,3.144966569842794,3.4461952468029757
1.5,all,,,,,,0.8097211834427238,0.00011807359529401519,-0.08581942999883707,-203.5262664856284
1.5,all,,,,,,0.8128596376421143,1.0066131847645464e-05,5.925742614825263,0.25128880130601905
1.5,all,,,,,,0.8159980918415046,-1.74266216391875e-05,4.999861546813522,-0.5155947990180239
1.5,all,,,,,,0.8191365460408951,-3.659666389533604e-05,9.148217389475496,-0.5917773317294603
1.5,all,,,,,,0.8222750002402855,-6.52107251735252e-05,7.228880197987151,-1.3344469287259968
1.5,all,,,,,,0.8254134544396758,2.6039035287566484e-05,3.760549334063307,1.0242993655438228
1.5,all,,,,,,0.8285519086390664,5.65608557419819e-05,5.395656712454481,1.5506899234458307
1.5,all,,,,,,0.8316903628384567,4.0317024684317186e-05,4.7727456804920285,1.2496071035884817
1.5,all,,,,,,0.8348288170378471,9.615330541650852e-05,3.8129333138803863,3.7304249975273573
1.5,all,,,,,,0.8379672712372376,-5.593929780792616e-06,0.6999948752426244,-1.1821578053066095
1.5,all,,,,,,0.8411057254366279,-9.39399740832912e-05,2.7002133484305837,-5.146425143919177
1.5,all,,,,,,0.8442441796360184,-6.209774883970219e-05,10.535441924260311,-0.8719195252277899
1.5,all,,,,,,0.8473826338354088,-0.00010470551310939468,9.709840350418203,-1.5951839237535235
1.5,all,,,,,,0.8505210880347991,-5.971868258450982e-05,0.2610014253805837,-33.84703600678555
1.5,all,,,,,,0.8536595422341896,1.0718576624439957e-05,-3.52952799527203,-0.4492352122372223
1.5,all,,,,,,0.8567979964335799,3.612201476400503e-05,2.595947868894318,2.058397771508679
1.5,all,,,,,,0.8599364506329703,6.649717964487547e-05,8.553361607780955,1.1500578772752692
1.5,all,,,,,,0.8630749048323608,-1.7846970792385907e-06,4.602792146024941,-0.05735832409950349
1.5,all,,,,,,0.8662133590317511,-5.7328789579819994e-05,2.055624070202743,-4.125555006608361
1.5,all,,,,,,0.8693518132311416,-1.1381110153813356e-05,7.057795455388135,-0.23854420084026387
1.5,all,,,,,,0.8724902674305319,-1.66368670986691e-05,6.867991230992953,-0.35833985976714855
1.5,all,,,,,,0.8756287216299223,-1.838723654619494e-05,5.340091653753671,-0.5093555658974321
1.5,all,,,,,,0.8787671758293129,6.998938265822986e-05,3.705576718639577,2.794020947139364
1.5,all,,,,,,0.8819056300287031,9.315011630858221e-06,1.4783173514973191,0.9321140004391762
1.5,all,,,,,,0.8850440842280936,-3.930658386501818e-05,4.750003416109074,-1.2241219432107076
1.5,all,,,,,,0.8881825384274838,9.584962157928751e-05,5.194807878228552,2.7294441749941996
1.5,all,,,,,,0.8913209926268744,4.951810558392468e-05,1.6529969243372236,4.431444148545473
1.5,all,,,,,,0.8944594468262649,-0.0001246934886542534,2.8024941723817247,-6.5819163968599605
1.5,all,,,,,,0.8975979010256552,-5.981746639115503e-05,8.61275753815757,-1.0273989012955052
1.5,all,,,,,,0.9007363552250456,3.572633360116249e-05,6.34756080145814,0.8325970805468927
1.5,all,,,,,,0.9038748094244361,-4.122956602754782e-06,-3.8497514885609068,0.1584270633325245
1.5,all,,,,,,0.9070132636238264,6.023845374012297e-06,-0.9888282206877406,-0.9011690484201988
1.5,all,,,,,,0.9101517178232168,-5.9919938128740825e-06,7.100026192944366,-0.12484314750414767
1.5,all,,,,,,0.9132901720226071,-3.6406331224056277e-05,4.418687188704915,-1.2188126758526685
1.5,all,,,,,,0.9164286262219976,-2.255893811023056e-05,-0.4112031444658175,8.115504628639492
1.5,all,,,,,,0.9195670804213881,2.3171481265235795e-05,3.979266477189601,0.8613984347679532
1.5,all,,,,,,0.9227055346207784,7.539133457473807e-05,11.031701121299612,1.0109559861688862
1.5,all,,,,,,0.9258439888201688,2.332202252965163e-05,7.352630376862246,0.4692202866127212
1.5,all,,,,,,0.9289824430195591,-6.851069771943115e-05,5.113406244436769,-1.9819897174364454
1.5,all,,,,,,0.9321208972189496,-4.5222450174139145e-05,4.85457561642882,-1.3780219102123972
1.5,all,,,,,,0.93525935141834,7.323489664295426e-05,3.8639894157333594,2.8037252245156212
1.5,all,,,,,,0.9383978056177303,7.120343804787872e-05,6.71574580526278,1.568411502026823
1.5,all,,,,,,0.9415362598171209,1.363567712526617e-06,3.725327685970033,0.054145894557831
1.5,all,,,,,,0.9446747140165112,-1.713469889825183e-05,1.2745674225228127,-1.988689438581172
1.5,all,,,,,,0.9478131682159016,-4.4630537878270804e-05,-0.3997138910067253,16.517190726297816
1.5,all,,,,,,0.9509516224152921,-1.4195928611776005e-05,-0.9087595954303103,2.3108305542759755
1.5,all,,,,,,0.9540900766146824,-3.5240023590181378e-06,2.781044951745125,-0.18744829125756793
1.5,all,,,,,,0.9572285308140729,3.4003751673305216e-05,3.240248396232216,1.552393571407618
1.5,all,,,,,,0.9603669850134632,6.301105606287782e-05,2.307786531258187,4.03900534699678
1.5,all,,,,,,0.9635054392128536,-2.558421922319328e-05,1.8786021263267996,-2.014608501206111
1.5,all,,,,,,0.9666438934122441,-3.361679764561073e-05,1.6204381180001666,-3.068860825206209
1.5,all,,,,,,0.9697823476116344,1.9676938683437057e-06,6.956673911825742,0.04184168732017869
1.5,all,,,,,,0.9729208018110248,1.1960440809237705e-05,13.43849480013801,0.1316587909592163
1.5,all,,,,,,0.9760592560104153,-3.9140262665419764e-05,4.766916466849603,-1.21461739984301
1.5,all,,,,,,0.9791977102098056,-4.144472674134056e-05,-1.8566846505482184,3.302056025009121
1.5,all,,,,,,0.9823361644091961,2.9965344026050078e-06,6.080315020539166,0.07290318320919441
1.5,all,,,,,,0.9854746186085864,-6.364221980299961e-05,8.87880402995561,-1.0603375775491484
1.5,all,,,,,,0.9886130728079768,-1.7928533199084896e-05,3.7453910223179276,-0.7081102789315936
1.5,all,,,,,,0.9917515270073674,2.1896688612021763e-05,-2.4281136420930585,-1.3340212187636236
1.5,all,,,,,,0.9948899812067576,-2.6197915743492673e-05,3.6513487513913807,-1.061369807944285
1.5,all,,,,,,0.998028435406148,2.2856369895857724e-05,11.700433641792221,0.28897388854056527
1.5,all,,,,,,1.0011668896055383,-1.4294025918210116e-05,1.569030214898413,-1.3476482832497736
1.5,all,,,,,,1.004305343804929,-0.00010333755178055606,1.3484988811437042,-11.336027266790175
1.5,all,,,,,,1.0074437980043194,-8.166661263398842e-05,10.582623365864244,-1.1415751500773814
1.5,all,,,,,,1.0105822522037096,-2.7406985735879222e-05,9.00059581371325,-0.4504466053874208
1.5,all,,,,,,1.0137207064031002,3.733667021021489e-05,7.948601570809337,0.6948613561010908
1.5,all,,,,,,1.0168591606024904,4.514208291631812e-05,4.0550263171524765,1.6468013754604711
1.5,all,,,,,,1.0199976148018808,-5.880992384901462e-05,-0.888919450151425,9.786818002003669
1.5,all,,,,,,1.0231360690012714,-0.00011390208781341285,2.5512993913696054,-6.604250889241298
1.5,all,,,,,,1.0262745232006616,-1.464879306243794e-05,6.125609404560705,-0.3537576556286382
1.5,all,,,,,,1.0294129774000522,0.00010826150139218836,5.164062024792061,3.1012437344784414
1.5,all,,,,,,1.0325514315994424,7.16160703154392e-05,0.47124330770049067,22.481153724228996
1.5,all,,,,,,1.0356898857988328,-1.9606990710065734e-05,-0.7307856724447617,3.968937161874715
1.5,all,,,,,,1.0388283399982234,-1.6304175645780904e-05,5.323927091698283,-0.4530227895853755
1.5,all,,,,,,1.0419667941976136,-4.15245793409167e-05,2.857795200882813,-2.149450474868645
1.5,all,,,,,,1.045105248397004,-6.396372570515971e-05,-2.636038625193493,3.5895109847491105
1.5,all,,,,,,1.0482437025963947,2.551273700608059e-06,2.3305772096557043,0.16193728772311722
1.5,all,,,,,,1.0513821567957848,7.187204141730298e-05,6.745260052510751,1.5762118445803117
1.5,all,,,,,,1.0545206109951752,6.566952205667927e-05,4.552778114969378,2.133735950760428
1.5,all,,,,,,1.0576590651945657,-5.078016137698391e-05,6.609883656486886,-1.1364584586128759
1.5,all,,,,,,1.060797519393956,-0.00012174209171815208,6.12308033363006,-2.941196944043749
1.5,all,,,,,,1.0639359735933467,-6.398490963093689e-06,-2.3884077824712096,0.39629846241719097
1.5,all,,,,,,1.0670744277927369,6.07366927119551e-06,2.3027183393047816,0.3901787597483888
1.5,all,,,,,,1.0702128819921273,-9.194483730069389e-05,3.306982597703973,-4.112905614455122
1.5,all,,,,,,1.0733513361915177,4.1155529231711875e-05,-5.045334220090137,-1.2066784428178672
1.5,all,,,,,,1.076489790390908,0.0001387339727008069,2.2410679794240673,9.157587906825004
1.5,all,,,,,,1.0796282445902985,9.93856951571335e-06,10.479416180858168,0.1402943222893797
1.5,all,,,,,,1.082766698789689,-2.801443729667453e-05,7.873504736035663,-0.526340894941845
1.5,all,,,,,,1.0859051529890793,3.002415522215005e-05,0.12499983233259304,35.531592301517264
1.5,all,,,,,,1.0890436071884697,-1.2498933355814902e-05,-1.0556919620126366,1.7514149060197404
1.5,all,,,,,,1.0921820613878601,-7.393097022305586e-05,3.1839817239517547,-3.434860814179342
1.5,all,,,,,,1.0953205155872505,-2.4824481515859457e-05,4.396963179291522,-0.835181107852911
1.5,all,,,,,,1.098458969786641,8.212366247874267e-05,6.131365563910462,1.9813646167805794
1.5,all,,,,,,1.1015974239860313,9.565293078879599e-05,7.414960859092642,1.9082827410087806
1.5,all,,,,,,1.1047358781854217,-4.5461584996973725e-06,10.02800789179749,-0.06706303595467568
1.5,all,,,,,,1.1078743323848121,-5.5868190051575925e-05,6.2383673892497935,-1.3247897470418835
1.5,all,,,,,,1.1110127865842025,1.7011480386261488e-05,1.7809540944112145,1.4130017103172912
1.5,all,,,,,,1.114151240783593,7.045277696352062e-05,7.1255338694996455,1.462628431417187
1.5,all,,,,,,1.1172896949829834,1.4705026747328247e-05,7.419716097220836,0.29317830846766746
1.5,all,,,,,,1.1204281491823738,-4.304614793693533e-05,4.189512176840592,-1.5199319382940804
1.5,all,,,,,,1.1235666033817642,-7.163223802532119e-06,4.675453200684878,-0.2266408080704589
1.5,all,,,,,,1.1267050575811546,6.933186520989294e-05,3.7608039557330244,2.72712781604897
1.5,all,,,,,,1.129843511780545,1.6357670607599205e-05,1.0534400633965144,2.2970208202626434
1.5,all,,,,,,1.1329819659799354,-0.00010296479137378477,2.9109333029552182,-5.23250670099871
1.5,all,,,,,,1.1361204201793258,-8.807820669366458e-05,5.507825303344338,-2.3656016302664713
1.5,all,,,,,,1.1392588743787162,-1.1397138497668388e-05,2.7329312082277917,-0.6169080393634157
1.5,all,,,,,,1.1423973285781066,4.8877227375285565e-05,7.096468046166659,1.018867277657922
1.5,all,,,,,,1.145535782777497,6.454907930570502e-05,8.221273948980961,1.1614599428170127
1.5,all,,,,,,1.1486742369768874,2.4134798917807902e-05,1.3142033937772075,2.7166544716047163
1.5,all,,,,,,1.1518126911762778,-2.7280018885142717e-05,1.4733310071283736,-2.739035378143255
1.5,all,,,,,,1.1549511453756682,-0.00011780130241822583,1.6096774548104134,-10.825913052518372
1.5,all,,,,,,1.1580895995750586,-4.393433540792115e-05,3.4146978811273985,-1.9032905014853378
1.5,all,,,,,,1.1612280537744488,0.0001416577522869012,5.050728263047874,4.148963814416724
1.5,all,,,,,,1.1643665079738394,2.538698483511174e-05,2.6861118176259082,1.3981067745622122
1.5,all,,,,,,1.1675049621732299,-2.9555840280244122e-05,2.338305948661204,-1.8698005384765348
1.5,all,,,,,,1.1706434163726203,9.52650942256201e-05,3.2545266665957144,4.330113409316112
1.5,all,,,,,,1.1737818705720107,-8.023457753404444e-05,6.838987391094575,-1.7354938189721123
1.5,all,,,,,,1.176920324771401,-0.00011513926243116943,6.463699562498808,-2.6350908030599225
1.5,all,,,,,,1.1800587789707915,0.00014473159651722054,-0.783391350112959,-27.329890075641995
1.5,all,,,,,,1.1831972331701819,9.462260900126022e-05,-4.368478305534524,-3.2041883667630144
1.5,all,,,,,,1.186335687369572,-0.00010727943224025151,2.387887770322759,-6.645931477312937
1.5,all,,,,,,1.1894741415689627,-7.030267174011886e-05,7.098417104905992,-1.4650876890094546
1.5,all,,,,,,1.192612595768353,7.021180870478892e-05,4.116815503002607,2.522911757124146
1.5,all,,,,,,1.1957510499677435,2.8244306464457486e-05,5.987903317575717,0.6977654150812573
1.5,all,,,,,,1.198889504167134,-8.54794568040157e-05,9.83636745764362,-1.2855243680368587
1.5,all,,,,,,1.202027958366524,-4.648844172495496e-05,5.601324592925151,-1.2277432430067388
1.5,all,,,,,,1.2051664125659147,-1.0624452725697848e-05,-3.369486171336332,0.4664404376438956
1.5,all,,,,,,1.2083048667653051,-5.720629133981891e-06,-5.590097777358251,0.15138320419698406
1.5,all,,,,,,1.2114433209646953,-1.7750996306426375e-05,0.788930853527088,-3.32841213629593
1.5,all,,,,,,1.214581775164086,-3.75577087394751e-05,4.9215637199027675,-1.1288839056210804
1.5,all,,,,,,1.2177202293634761,-1.9700533598705414e-05,6.089729914005261,-0.4785565467278572
1.5,all,,,,,,1.2208586835628668,9.4830721123939e-06,10.09518568206637,0.1389594369614728
1.5,all,,,,,,1.2239971377622572,1.0853059154292588e-05,5.723232732617822,0.28052015328087343
1.5,all,,,,,,1.2271355919616473,-2.0345353407047803e-05,-0.032010243649584144,94.02201672412349
1.5,all,,,,,,1.230274046161038,-8.522058163783137e-06,3.5866415424821856,-0.3514874505165741
1.5,all,,,,,,1.2334125003604282,9.49991452294374e-06,6.243330815652278,0.22509023480364962
1.5,all,,,,,,1.2365509545598186,4.0758164135704734e-05,7.051684800013486,0.8550175443528851
1.5,all,,,,,,1.2396894087592092,-1.7428326688572675e-05,0.7017516762612699,-3.6738848267856485
1.5,all,,,,,,1.2428278629585994,-0.00011315776143071639,-4.654369014291724,3.596473285575786
1.5,all,,,,,,1.24596631715799,1.1551896876648224e-05,1.7404290567637608,0.9818616151403579
1.5,all,,,,,,1.2491047713573804,0.00010752900521018076,9.15223895923114,1.7380072402312816
1.5,all,,,,,,1.2522432255567706,-5.73414736585175e-05,6.843143646450432,-1.2395569866390377
1.5,all,,,,,,1.2553816797561612,-0.0001146529026674077,0.5986784718033227,-28.329878823234615
1.5,all,,,,,,1.2585201339555514,-1.7641481150351958e-05,3.3044744767395358,-0.7897432947576833
1.5,all,,,,,,1.2616585881549418,2.951936616497253e-05,6.4343875251350005,0.6786613528776846
1.5,all,,,,,,1.2647970423543324,9.089469113813931e-05,7.6893626988771775,1.7486442965551383
1.5,all,,,,,,1.2679354965537226,2.7081010154367554e-05,4.425393930791981,0.9052451947855945
1.5,all,,,,,,1.271073950753113,-3.42520785115513e-05,-1.885900645149895,2.6867139223325984
1.5,all,,,,,,1.2742124049525034,3.687785390886074e-05,-0.9441284169178581,-5.77813752336864
1.5,all,,,,,,1.2773508591518938,2.3099019339883485e-05,0.08906412454915535,38.36578097574128
1.5,all,,,,,,1.2804893133512845,-1.647865829397548e-05,2.339798035150885,-1.0418298112236206
1.5,all,,,,,,1.2836277675506746,0.00011340655337115375,5.867102544591777,2.8593530171141683
1.5,all,,,,,,1.286766221750065,0.0001531831271811752,4.582685342323693,4.944748378225976
1.5,all,,,,,,1.2899046759494555,-5.825962808018556e-05,2.8083848085850027,-3.068770401832698
1.5,all,,,,,,1.2930431301488459,-0.00010901272453882194,8.25824544210527,-1.9527323081289596
1.5,all,,,,,,1.2961815843482363,-1.0468518412099006e-05,11.346626901396379,-0.1364808600562092
1.5,all,,,,,,1.2993200385476267,-5.2383381210160165e-06,4.648569557845283,-0.1666968901433153
1.5,all,,,,,,1.302458492747017,3.060618246441564e-05,0.4419990147177797,10.243330039022249
1.5,all,,,,,,1.3055969469464077,5.00290183173181e-05,-0.3726971042278296,-19.857257463714515
1.5,all,,,,,,1.308735401145798,-2.5382366300364432e-05,0.9566794033733805,-3.9248131620846074
1.5,all,,,,,,1.3118738553451883,-7.817396022661332e-05,4.174631716732745,-2.77011149353446
1.5,all,,,,,,1.3150123095445787,-8.604232799786269e-05,5.138859220255867,-2.476844467561788
1.5,all,,,,,,1.3181507637439691,-6.901112384543297e-05,3.590942529843323,-2.8429154869896034
1.5,all,,,,,,1.3212892179433595,-3.227867343757154e-05,8.629615068075907,-0.5533215159981748
1.5,all,,,,,,1.32442767214275,1.1086395891949994e-05,12.95802719477907,0.1265624286512586
1.5,all,,,,,,1.3275661263421403,1.1938561957861524e-05,1.2579666878480837,1.4039000223791256
1.5,all,,,,,,1.3307045805415307,5.5031378419808695e-06,-5.728488263065314,-0.14210968197529858
1.5,all,,,,,,1.3338430347409211,1.8269857406768818e-06,3.9022399421547593,0.06925872494472703
1.5,all,,,,,,1.3369814889403115,-4.015384394554528e-05,7.761079040416614,-0.7653468947411988
1.5,all,,,,,,1.340119943139702,-5.511327879438008e-05,0.439850947389106,-18.535487853451194
1.5,all,,,,,,1.3432583973390924,3.3292281945651266e-05,0.9045715758036407,5.444448964215037
1.5,all,,,,,,1.3463968515384828,7.566586470044473e-05,4.213584506746013,2.656449688768466
1.5,all,,,,,,1.3495353057378732,-5.211835632672136e-06,3.3131887252357215,-0.2327007805483341
1.5,all,,,,,,1.3526737599372636,1.4870801956739892e-05,2.0451820932715297,1.0756121823591598
1.5,all,,,,,,1.355812214136654,6.662581059769355e-05,2.8474219089384594,3.4613378195664
1.5,all,,,,,,1.3589506683360444,-4.118573877109928e-05,6.553553449237274,-0.9296582310893373
1.5,all,,,,,,1.3620891225354348,-0.00012434073922710354,4.382534315637983,-4.197023720213483
1.5,all,,,,,,1.3652275767348252,-4.0036946870785617e-05,0.5814912183183552,-10.18523597634266
1.5,all,,,,,,1.3683660309342156,-4.834675795213109e-06,-0.9864829463052023,0.7249884347025122
1.5,all,,,,,,1.371504485133606,3.422215385160811e-05,0.22620956981431095,22.37946342752964
1.5,all,,,,,,1.3746429393329964,5.6380164489584956e-05,6.979689165471341,1.1949330151303597
1.5,all,,,,,,1.3777813935323868,-6.184239927284337e-05,7.256066687023117,-1.260777265520733
1.5,all,,,,,,1.3809198477317772,-6.987611559912955e-05,2.6756433338091212,-3.863259112446752
1.5,all,,,,,,1.3840583019311676,3.012025927884869e-05,4.323270685130346,1.0306224109351794
1.5,all,,,,,,1.387196756130558,3.713609673798034e-05,1.759822903408815,3.1216240134001203
1.5,all,,,,,,1.3903352103299484,-4.162990322841526e-05,-0.6505894672766495,9.465676925456249
1.5,all,,,,,,1.3934736645293389,-6.599064580945222e-05,4.290570134912778,-2.2752057527356353
1.5,all,,,,,,1.3966121187287293,-9.056820965822588e-05,2.201745515796473,-6.0850193878008545
1.5,all,,,,,,1.3997505729281197,-5.513401795130037e-05,0.048015008982082774,-169.86188252770242
1.5,all,,,,,,1.4028890271275098,-2.5645098197101854e-06,4.622440075452507,-0.08207036797727581
1.5,all,,,,,,1.4060274813269005,3.938804967514287e-05,2.9001350267314736,2.009090788402219
1.5,all,,,,,,1.4091659355262909,0.00013284798039090294,-3.405221004407328,-5.771157901272127
1.5,all,,,,,,1.4123043897256813,3.690013608483128e-05,-0.6608059824082837,-8.260518454532349
1.5,all,,,,,,1.4154428439250717,-4.483420809443765e-05,3.9541889169478424,-1.6772793215530573
1.5,all,,,,,,1.4185812981244619,-3.60494509884026e-05,1.6608884659251528,-3.210786956114226
1.5,all,,,,,,1.4217197523238525,-2.2413624412326762e-05,2.0565252938267875,-1.6122461138789914
1.5,all,,,,,,1.424858206523243,8.211639798244283e-05,8.53651273943263,1.4229927983515553
1.5,all,,,,,,1.427996660722633,9.831242188336448e-05,10.193230118856373,1.4267565340402217
1.5,all,,,,,,1.4311351149220237,-3.689196126503233e-05,2.024383118354139,-2.695829001042203
1.5,all,,,,,,1.434273569121414,-0.00011834296242782305,0.5290463633556959,-33.090399256673656
1.5,all,,,,,,1.4374120233208045,-2.9006295048500636e-05,3.5861879028191934,-1.1964995044519573
1.5,all,,,,,,1.440550477520195,-4.474753668690554e-05,2.7476267267752705,-2.4091547899404073
1.5,all,,,,,,1.4436889317195851,-8.633550887842156e-05,4.559598193351253,-2.8010198356158433
1.5,all,,,,,,1.4468273859189758,1.890261971001622e-05,5.058717672245237,0.5527577738870129
1.5,all,,,,,,1.4499658401183662,3.0252241833312068e-05,4.685047943226063,0.9552055298864497
1.5,all,,,,,,1.4531042943177563,-2.6998378850627005e-05,5.3824143193946625,-0.7420170184315822
1.5,all,,,,,,1.456242748517147,-4.047996199788226e-05,6.470608045115468,-0.9254400849358608
1.5,all,,,,,,1.4593812027165372,-3.58705358704489e-05,2.4081665319575674,-2.2034573681308194
1.5,all,,,,,,1.4625196569159278,-3.346030413253387e-05,-3.2285895849961714,1.533099516592013
1.5,all,,,,,,1.4656581111153182,3.969992697206324e-05,6.473320795745682,0.9072268233638543
1.5,all,,,,,,1.4687965653147084,0.0001189401338063733,9.828028422084335,1.7902567630470616
1.5,all,,,,,,1.471935019514099,2.558434483853831e-05,0.3385880733678819,11.177790046140732
1.5,all,,,,,,1.4750734737134892,-3.224989500921952e-05,3.765585877699932,-1.2669195931085908
1.5,all,,,,,,1.4782119279128796,8.415550451473859e-05,5.767046015955856,2.1586509098342685
1.5,all,,,,,,1.4813503821122702,3.3911829440592565e-05,0.3366593695752882,14.900945198656768
1.5,all,,,,,,1.4844888363116604,-0.00010597300754111965,2.107839264795155,-7.437227623243157
1.5,all,,,,,,1.4876272905110508,-1.611559185913032e-05,2.3140268669731343,-1.030222823596298
1.5,all,,,,,,1.4907657447104412,0.00013269783740976082,1.7868213351796876,10.985909569419919
1.5,all,,,,,,1.4939041989098316,8.343917386844738e-05,6.794154624893217,1.8167194800422466
1.5,all,,,,,,1.4970426531092222,-5.1084478239696373e-05,9.030439007836227,-0.8368226032740483
1.5,all,,,,,,1.5001811073086124,-2.7578858953424703e-06,7.223641139790194,-0.05647723611933387
1.5,all,,,,,,1.5033195615080028,2.1096456069347062e-05,2.583522766799765,1.2079543347384851
1.5,all,,,,,,1.5064580157073932,-7.20467002163505e-05,-0.3656478759423605,29.14770354545349
1.5,all,,,,,,1.5095964699067836,-6.0542924462542526e-05,1.1608073886563524,-7.715366047888471
1.5,all,,,,,,1.512734924106174,1.7469515782886302e-05,3.1771332368693375,0.8133898405290428
1.5,all,,,,,,1.5158733783055645,3.2583624719411655e-05,3.0646244143866688,1.5728070316505605
1.5,all,,,,,,1.5190118325049549,-8.348823724979179e-06,1.5111673669063026,-0.8172708876975752
1.5,all,,,,,,1.5221502867043455,2.3171013276101713e-05,3.880123070605142,0.8833907129856287
1.5,all,,,,,,1.5252887409037357,1.2301082859537546e-05,7.402395757030518,0.24582403768574343
1.5,all,,,,,,1.528427195103126,-5.757622306355839e-05,2.3667361971654435,-3.5987081158779586
1.5,all,,,,,,1.5315656493025165,-9.674920313660422e-05,-1.2465477981428323,11.48131850189537
1.5,all,,,,,,1.534704103501907,-7.977992805882789e-05,4.1089473187254555,-2.8722111991945742
1.5,all,,,,,,1.5378425577012973,-4.248424337400076e-05,4.6533628852230455,-1.3505612052401252
1.5,all,,,,,,1.5409810119006877,-4.547956985400497e-05,-2.048914443233121,3.2835665940287146
1.5,all,,,,,,1.544119466100078,5.707623150950313e-06,-3.7516136511221636,-0.22505594387936542
1.5,all,,,,,,1.5472579202994685,6.175403550177142e-05,2.713391896967162,3.3667132132825146
1.5,all,,,,,,1.550396374498859,9.089662359330477e-05,5.401056397381043,2.489558542696237
1.5,all,,,,,,1.5535348286982493,7.201795628596026e-05,4.42348885658571,2.4084029992350993
1.5,all,,,,,,1.5566732828976397,-3.778521652058538e-05,5.579237518877726,-1.001844616254455
1.5,all,,,,,,1.5598117370970301,-0.00012905826446181075,4.440774327084748,-4.299128447818666
1.5,all,,,,,,1.5629501912964205,-4.943875358912888e-05,2.417290432687671,-3.025463960910064
1.5,all,,,,,,1.566088645495811,-1.8739616200613272e-06,3.297244088632258,-0.08407422985797623
1.5,all,,,,,,1.5692270996952014,-4.182771959318906e-05,4.257287737169807,-1.4533977654780181
1.5,all,,,,,,1.572365553894592,1.0994892816263039e-05,6.357956234776144,0.25581544985512217
1.5,all,,,,,,1.5755040080939822,4.383953621006943e-05,4.472792469896074,1.4499082030435684
1.5,all,,,,,,1.5786424622933726,2.4847655046217753e-05,0.3799235489929558,9.674811224646023
1.5,all,,,,,,1.5817809164927632,-3.6654842150656256e-05,0.28087527776395405,-19.305059422740488
1.5,all,,,,,,1.5849193706921534,2.7692481234022628e-05,-0.0960726501746918,-42.639823978604426
1.5,all,,,,,,1.5880578248915438,0.00012824150690135018,2.523936258834546,7.51629010010904
1.5,all,,,,,,1.591196279090934,-2.8451224288509764e-06,2.5331914865058183,-0.1661446050108875
1.5,all,,,,,,1.5943347332903246,-3.9524218460316755e-05,2.2930166418824913,-2.5498192084402276
1.5,all,,,,,,1.597473187489715,7.014042495174014e-05,6.6991291771715,1.5488285467029506
1.5,all,,,,,,1.6006116416891052,-9.035074793113317e-07,6.00463958917309,-0.02225861362301243
1.5,all,,,,,,1.6037500958884958,-9.003827468947248e-05,0.2951489600554149,-45.12728556206803
1.5,all,,,,,,1.6068885500878862,-4.843231449148812e-05,1.6706749576584152,-4.288412614905826
1.5,all,,,,,,1.6100270042872764,-3.415982468877212e-05,6.408801871962864,-0.7884825596439522
1.5,all,,,,,,1.613165458486667,4.921917951276307e-06,5.360713560094818,0.13582042079444734
1.5,all,,,,,,1.6163039126860574,9.714475027426217e-05,4.994514743249492,2.877261541358607
1.5,all,,,,,,1.6194423668854476,4.9284888637982065e-05,6.209623322904864,1.1740911840512276
1.5,all,,,,,,1.6225808210848385,-7.882749187914729e-05,5.791356449384777,-2.0134957469237222
1.5,all,,,,,,1.6257192752842287,-0.00010790456520047797,2.68106520826974,-5.953683535117886
1.5,all,,,,,,1.628857729483619,-4.455732079132988e-05,-0.22430743140611797,29.38520405841567
1.5,all,,,,,,1.6319961836830092,2.0864341384795204e-05,1.912377051702148,1.6139291310291464
1.5,all,,,,,,1.6351346378823999,6.344411930698359e-05,4.718502234376984,1.9890262382789738
1.5,all,,,,,,1.6382730920817903,1.8488732837289658e-05,1.008389617188962,2.712264787206869
1.5,all,,,,,,1.6414115462811805,-6.228881555976954e-05,0.6355689387596399,-14.497753534574407
1.5,all,,,,,,1.644550000480571,6.826350734486747e-05,5.1095224549822635,1.9763396800900987
1.5,all,,,,,,1.6476884546799615,0.00014255288111844042,4.026183194927375,5.237641529583202
1.5,all,,,,,,1.6508269088793517,-1.689983765933209e-05,0.9269474127967656,-2.696998719232005
1.5,all,,,,,,1.6539653630787423,-6.39772387491756e-05,-1.213409441067245,7.79958376130582
1.5,all,,,,,,1.6571038172781327,5.281486726383305e-05,1.920379753855251,4.068388125459506
1.5,all,,,,,,1.660242271477523,7.859327189020456e-05,7.230612308521939,1.6079168895135694
1.5,all,,,,,,1.6633807256769133,-3.683954496091281e-08,7.473179155372222,-0.0007292260382410121
1.5,all,,,,,,1.666519179876304,1.2190761682195001e-05,6.623436485755223,0.27227061309173484
1.5,all,,,,,,1.6696576340756941,5.211564721292484e-06,2.9417540484261826,0.2620686550022301
1.5,all,,,,,,1.6727960882750845,-0.00011075748496547148,0.0873995432389929,-187.46371812590598
1.5,all,,,,,,1.6759345424744752,-0.00011500211900944513,1.7425166587996297,-9.762975691825801
1.5,all,,,,,,1.6790729966738653,1.0967679203572296e-05,3.921020799715271,0.4137794301232861
1.5,all,,,,,,1.6822114508732557,5.713369633052143e-05,6.390524380426523,1.322540956465986
1.5,all,,,,,,1.6853499050726464,-6.87907993888972e-05,2.805789283336879,-3.626841764700053
1.5,all,,,,,,1.6884883592720368,-3.901776641556965e-05,-0.8527283471036173,6.768695982512109
1.5,all,,,,,,1.691626813471427,7.820403997042476e-05,3.6174154645962364,3.198041551837734
1.5,all,,,,,,1.6947652676708176,3.906239789600142e-06,5.155246579941904,0.1120889396387372
1.5,all,,,,,,1.697903721870208,8.629789328498723e-06,4.32162362723151,0.2953973239287962
1.5,all,,,,,,1.7010421760695982,2.1257053697510597e-05,4.862701962134321,0.6466640553182235
1.5,all,,,,,,1.7041806302689886,-6.690483380793815e-05,1.817595929625738,-5.445195273146227
1.5,all,,,,,,1.7073190844683792,-4.002494890260769e-05,-2.621663937630359,2.2584322667731054
1.5,all,,,,,,1.7104575386677694,2.4180584323674735e-05,-1.7724643819394637,-2.018099518266465
1.5,all,,,,,,1.7135959928671598,1.1409509445446466e-05,5.494393403399233,0.30718536721439815
1.5,all,,,,,,1.7167344470665504,3.682381416290761e-05,5.7539754175790705,0.9467036947655698
1.5,all,,,,,,1.7198729012659406,2.420699409056832e-05,-2.2262905845907115,-1.6084676054295748
1.5,all,,,,,,1.723011355465331,-1.3124321637366724e-05,2.333145541175594,-0.8321245561290932
1.5,all,,,,,,1.7261498096647216,2.3531300033990317e-05,9.758246609955473,0.3567199808148296
1.5,all,,,,,,1.7292882638641118,2.9149331625740535e-05,2.817760209515799,1.530304562830027
1.5,all,,,,,,1.7324267180635022,3.378283799729096e-05,1.2841032263175327,3.8917908932712497
1.5,all,,,,,,1.7355651722628924,2.300478470013681e-05,4.197202482249726,0.8107959228022479
1.5,all,,,,,,1.7387036264622833,-3.5998541027321064e-05,-0.21980402363961105,24.227163244985277
1.5,all,,,,,,1.7418420806616735,-2.7629946497314684e-05,-2.9096132308559515,1.4047469088213012
1.5,all,,,,,,1.7449805348610639,2.47195651965981e-05,-0.6860000084757403,-5.330525318539061
1.5,all,,,,,,1.7481189890604545,2.0274459129225808e-05,6.647357730744525,0.45118383364394526
1.5,all,,,,,,1.7512574432598447,-4.0738324160025545e-05,9.63954241527285,-0.6251727575849532
1.5,all,,,,,,1.754395897459235,-7.699221671966199e-05,1.9605359942202911,-5.809320106911483
1.5,all,,,,,,1.7575343516586257,-3.3832652287287583e-06,-0.26419940777037576,1.8943381676172475
1.5,all,,,,,,1.7606728058580159,7.616839623082492e-05,3.6750325812607003,3.065963086363678
1.5,all,,,,,,1.7638112600574063,6.8290742394966965e-06,1.8736800005047032,0.5391625477635811
1.5,all,,,,,,1.766949714256797,-2.5474379687004565e-05,0.893074728704927,-4.219578990268358
1.5,all,,,,,,1.770088168456187,4.223026193591309e-05,2.883732557522295,2.166317452614946
1.5,all,,,,,,1.7732266226555775,4.084326850428565e-05,5.970347656212871,1.0119852264561164
1.5,all,,,,,,1.7763650768549677,-1.9646451946665985e-05,5.834552158297422,-0.49811533000593455
1.5,all,,,,,,1.7795035310543583,-5.0520433931950184e-05,-0.12395283026814008,60.292588366196405
1.5,all,,,,,,1.7826419852537487,1.2605664631968958e-05,0.05658109396319544,32.95700309304328
1.5,all,,,,,,1.785780439453139,7.841537051203289e-05,6.56045264750005,1.7681564830589156
1.5,all,,,,,,1.7889188936525298,-7.470126821210078e-07,6.889443054852997,-0.016039734090761433
1.5,all,,,,,,1.79205734785192,-8.395671793938623e-05,2.9147515110822795,-4.260957678227125
1.5,all,,,,,,1.7951958020513104,-8.455861643473717e-05,3.9296126401691573,-3.183181706604276
1.5,all,,,,,,1.798334256250701,-4.953468425747015e-05,2.0507971010464883,-3.5730575251347383
1.5,all,,,,,,1.8014727104500912,6.86518063663642e-05,0.753010582291553,13.486653304181733
1.5,all,,,,,,1.8046111646494816,5.72383553597623e-05,5.247724918208436,1.6135015579697105
1.5,all,,,,,,1.8077496188488722,-3.3959166365820295e-05,2.080759777203058,-2.4142841357401816
1.5,all,,,,,,1.8108880730482624,1.329558441194594e-05,-1.3464488025190247,-1.4607331701903787
1.5,all,,,,,,1.8140265272476528,1.487851917664834e-05,0.9407245746603208,2.33964800594113
1.5,all,,,,,,1.817164981447043,1.752436664698443e-05,1.8023606952623341,1.4383147262595868
1.5,all,,,,,,1.8203034356464336,4.584298518995513e-05,2.050835003451407,3.3067051583827176
1.5,all,,,,,,1.823441889845824,-2.3695739639640123e-05,3.1528479843926718,-1.111784312562112
1.5,all,,,,,,1.8265803440452142,-2.805108654823743e-07,4.800805865141395,-0.008643484307793894
1.5,all,,,,,,1.8297187982446048,4.268610901304831e-06,6.932573781540316,0.09108468754309752
1.5,all,,,,,,1.8328572524439952,-4.432613137275286e-05,3.8732463321592476,-1.6929261563128393
1.5,all,,,,,,1.8359957066433854,2.2239445522684396e-05,0.542215070999718,6.067442572308248
1.5,all,,,,,,1.8391341608427763,3.302411151740694e-05,3.614331285314572,1.3516258504301342
1.5,all,,,,,,1.8422726150421664,1.9857983706941808e-05,4.672740384325486,0.6286614090813378
1.5,all,,,,,,1.8454110692415568,2.3104682236854088e-05,5.604279536230239,0.6098647256629417
1.5,all,,,,,,1.848549523440947,-4.564139890093761e-05,3.2426154233800277,-2.0821729827311892
1.5,all,,,,,,1.8516879776403377,-4.284514181013178e-05,-0.4209820708860128,15.055364984950996
1.5,all,,,,,,1.854826431839728,3.9364357976480115e-05,2.0495083754238905,2.8412325355699806
1.5,all,,,,,,1.8579648860391182,2.6006834999315752e-05,3.286369243330349,1.1706429362844613
1.5,all,,,,,,1.8611033402385089,-8.782050677838778e-06,2.88094434953657,-0.45093544516616324
1.5,all,,,,,,1.8642417944378993,-3.387434046749427e-05,1.3547129328012755,-3.6989364973539716
1.5,all,,,,,,1.8673802486372895,-2.2693519434639806e-05,2.1288637178541565,-1.576911417114787
1.5,all,,,,,,1.87051870283668,-3.188792194015306e-07,4.006212649025639,-0.011774582702558845
1.5,all,,,,,,1.8736571570360705,-5.3082547887244414e-05,2.3995661432892526,-3.2724448685337615
1.5,all,,,,,,1.8767956112354607,-2.0436297282341334e-05,2.53810534523892,-1.1910935475651268
1.5,all,,,,,,1.8799340654348513,0.00010768407960993027,1.4929127788346728,10.670146174157399
1.5,all,,,,,,1.8830725196342417,9.774682661724061e-05,1.3753334489534872,10.513515647627655
1.5,all,,,,,,1.886210973833632,-6.596583197401255e-05,3.5066114462588556,-2.7828173486869376
1.5,all,,,,,,1.8893494280330223,-8.312271725033536e-05,2.664560986890345,-4.614741418482118
1.5,all,,,,,,1.892487882232413,-1.1896391535990908e-06,4.855970220096216,-0.03624036296293186
1.5,all,,,,,,1.8956263364318031,2.0584926680123883e-05,5.201652810073433,0.585411523653144
1.5,all,,,,,,1.8987647906311935,7.652257732513853e-06,2.675706824890078,0.4230623393801427
1.5,all,,,,,,1.9019032448305841,1.1478609392306347e-05,5.415744702229283,0.31353382299848154
1.5,all,,,,,,1.9050416990299746,-1.3948743072221876e-05,4.519228289981847,-0.45658758509012115
1.5,all,,,,,,1.9081801532293647,-5.733594642049141e-05,0.3300580346803499,-25.697447077708954
1.5,all,,,,,,1.9113186074287554,1.0289674495025792e-06,-1.1154498628267424,-0.13645984891079319
1.5,all,,,,,,1.9144570616281458,3.061497575140346e-06,-0.23116087123734674,-1.9591735151948038
1.5,all,,,,,,1.917595515827536,-5.946975816529634e-05,3.9272750256154176,-2.240052312700839
1.5,all,,,,,,1.9207339700269264,-3.20909402040028e-05,6.776325149724178,-0.7005538250690256
1.5,all,,,,,,1.923872424226317,5.219868835750621e-05,4.1781872364380455,1.8480979966212332
1.5,all,,,,,,1.9270108784257072,5.073960206407225e-05,1.6213443322330456,4.629404219869904
1.5,all,,,,,,1.9301493326250976,-1.284108515773676e-05,2.530579179071501,-0.7506458703311795
1.5,all,,,,,,1.9332877868244882,-1.4004403398399362e-05,3.3890123008090325,-0.6112864526815015
1.5,all,,,,,,1.9364262410238784,1.639581546774548e-05,2.54822747254216,0.9518053295657394
1.5,all,,,,,,1.9395646952232688,2.354243609043199e-05,1.8902824427906022,1.8423748802193936
1.5,all,,,,,,1.9427031494226594,1.0941016567132393e-06,4.172612624351636,0.03878849346267976
1.5,all,,,,,,1.9458416036220496,3.478136174490372e-05,3.330753686853126,1.544747027095874
1.5,all,,,,,,1.94898005782144,3.361461906109784e-05,3.3404231002431373,1.4886068725318466
1.5,all,,,,,,1.9521185120208306,-5.604867940522704e-05,6.321311905298233,-1.3116303843728256
1.5,all,,,,,,1.955256966220221,-7.167530660123251e-05,1.9634260083553277,-5.400181092121222
1.5,all,,,,,,1.9583954204196112,-1.92222341546507e-05,0.6804223557508555,-4.179059871400643
1.5,all,,,,,,1.9615338746190016,2.059864776242605e-05,6.591621001267774,0.462274339252268
1.5,all,,,,,,1.9646723288183923,-1.0810026315949548e-05,4.294459430521443,-0.3723673129992241
1.5,all,,,,,,1.9678107830177824,4.28023841475256e-06,-0.7943310967713719,-0.7971126469839305
1.5,all,,,,,,1.9709492372171729,-3.7482699260114457e-06,2.241731598816887,-0.2473435267622897
1.5,all,,,,,,1.9740876914165635,-2.080585276099707e-05,4.616906363473439,-0.6666344577225661
1.5,all,,,,,,1.9772261456159537,6.116278029889476e-05,1.7242591372238736,5.247325282841476
1.5,all,,,,,,1.980364599815344,1.9117737329859224e-05,0.6811572527531693,4.151857211995136
1.5,all,,,,,,1.9835030540147347,-5.235840456222525e-05,2.3478154854160036,-3.298950095007146
1.5,all,,,,,,1.9866415082141249,-5.485153136189282e-06,1.3444711065291606,-0.6035185002387539
1.5,all,,,,,,1.9897799624135153,5.0708649232047764e-05,0.6583013519917473,11.394902121195178
1.5,all,,,,,,1.9929184166129055,-2.3558065120455605e-06,2.977827919236848,-0.11702895433595609
1.5,all,,,,,,1.996056870812296,-6.069108303570628e-05,5.0423298037071485,-1.7805203572105708
1.5,all,,,,,,1.9991953250116865,-1.822219926751685e-05,5.021296160090057,-0.5368318302046718
1.5,all,,,,,,2.0023337792110767,2.7323462632184066e-05,3.558039709741982,1.135999784086775
1.5,all,,,,,,2.0054722334104675,3.993714664810182e-05,3.2422558344258112,1.8221455159286752
1.5,all,,,,,,2.008610687609858,2.5131247580638323e-05,4.794823345017793,0.7753445553971382
1.5,all,,,,,,2.011749141809248,-3.7829175723824604e-05,2.471117831392203,-2.264575100676452
1.5,all,,,,,,2.0148875960086388,-1.1946839204079604e-05,-1.0804595556081018,1.6356779823510164
1.5,all,,,,,,2.018026050208029,4.162746012619485e-05,2.7780509546657193,2.216628997516902
1.5,all,,,,,,2.021164504407419,-3.817231787509601e-05,5.085353363619805,-1.1104031876073863
1.5,all,,,,,,2.02430295860681,-8.24113944594412e-06,4.510356956953035,-0.27028979745285897
1.5,all,,,,,,2.0274414128062004,9.348123480946292e-05,4.030644809063253,3.4308617320709756
1.5,all,,,,,,2.0305798670055903,4.529512868561407e-05,-0.3301421989224693,-20.29568726804667
1.5,all,,,,,,2.0337183212049808,-5.006634107442456e-05,-0.642320978413776,11.53047109069662
1.5,all,,,,,,2.0368567754043716,-4.150800064376523e-05,1.0736095019657634,-5.7192459366086
1.5,all,,,,,,2.0399952296037616,-1.1383082472165364e-05,1.5933491087416707,-1.056822971457438
1.5,all,,,,,,2.043133683803152,-1.9540210322192624e-05,3.2948385044391166,-0.8773005575947491
1.5,all,,,,,,2.046272138002543,1.2039611339256363e-05,3.327904259367285,0.5351739280213438
1.5,all,,,,,,2.049410592201933,1.2887117736572987e-05,4.018426703321553,0.47440914172270354
1.5,all,,,,,,2.052549046401323,-4.311705431984199e-05,4.2722197122769,-1.4929621842763514
1.5,all,,,,,,2.055687500600714,-4.440449578463779e-05,1.2678572455451391,-5.180955834939325
1.5,all,,,,,,2.0588259548001044,1.8685610959499665e-05,-0.3468744565115376,-7.968714851075062
1.5,all,,,,,,2.0619644089994944,2.7306663704433615e-05,2.213564246641754,1.8248611033917814
1.5,all,,,,,,2.065102863198885,-3.5140004286735374e-05,3.509671581669778,-1.4811145046598138
1.5,all,,,,,,2.0682413173982757,-5.986288503770259e-05,3.789755795043321,-2.336682584694834
1.5,all,,,,,,2.0713797715976656,-5.29608789415104e-05,2.720443165785941,-2.8798431248598884
1.5,all,,,,,,2.074518225797056,1.592050013466357e-06,2.244574589759457,0.10492427299860384
1.5,all,,,,,,2.077656679996447,6.118867434689245e-05,5.560972746132978,1.627697070030173
1.5,all,,,,,,2.080795134195837,4.155966658026032e-05,5.591425814197493,1.0995191344622204
1.5,all,,,,,,2.0839335883952272,4.270968153652099e-05,2.497877094176919,2.5293479178877947
1.5,all,,,,,,2.087072042594618,7.33889265808713e-05,-0.0217742345860521,-498.58699018894333
1.5,all,,,,,,2.090210496794008,3.389481740850046e-05,0.6719157543529999,7.462284090494521
1.5,all,,,,,,2.0933489509933985,-4.530284551335506e-05,4.285312823561881,-1.5638541786339564
1.5,all,,,,,,2.0964874051927893,-3.117762365879876e-05,3.3371553209583573,-1.3820377124115926
1.5,all,,,,,,2.0996258593921793,-9.849139473767567e-06,1.6860711627986378,-0.8641232511904555
1.5,all,,,,,,2.1027643135915697,-3.436725123676088e-05,4.428928573299914,-1.1478877612736826
1.5,all,,,,,,2.10590276779096,1.4443492466193618e-05,4.333454388905503,0.49305037501658017
1.5,all,,,,,,2.1090412219903505,7.2280343088564e-05,0.7855516291575033,13.611273973833265
1.5,all,,,,,,2.112179676189741,4.074781061634379e-05,-2.1417785760496755,-2.8143817960265234
1.5,all,,,,,,2.1153181303891313,-1.1231884277762901e-05,2.559734109455797,-0.6490991922663313
1.5,all,,,,,,2.118456584588522,-4.8848092868406084e-06,9.191313581939829,-0.07861824293632048
1.5,all,,,,,,2.121595038787912,3.1892349061341354e-06,7.482295761703721,0.06305288197413886
1.5,all,,,,,,2.1247334929873025,-3.652362658158812e-05,5.052190001987503,-1.0694180817321088
1.5,all,,,,,,2.1278719471866934,-7.891651768258727e-05,1.2611717365062836,-9.25650388395589
1.5,all,,,,,,2.1310104013860833,-2.374223057752937e-05,-1.7066176710460512,2.0579678425947807
1.5,all,,,,,,2.1341488555854737,5.720578509128224e-05,3.2465239655133535,2.6066015018418054
1.5,all,,,,,,2.137287309784864,1.7650477738642993e-05,4.596355543636038,0.5680625426320971
1.5,all,,,,,,2.1404257639842545,-3.4697094086235314e-05,1.5729102495015126,-3.2631907811657497
1.5,all,,,,,,2.143564218183645,-2.8084667000247505e-05,3.951735541281646,-1.0513194759866782
1.5,all,,,,,,2.1467026723830354,-2.629382389319849e-07,5.0007250807551324,-0.007778109886666381
1.5,all,,,,,,2.1498411265824258,1.1405085603593717e-05,2.3020077592052006,0.7329005882025396
1.5,all,,,,,,2.152979580781816,2.050729221320046e-05,0.13497674547588878,22.475153759011842
1.5,all,,,,,,2.1561180349812066,5.279290655870676e-05,0.8752549073038471,8.922659555255422
1.5,all,,,,,,2.159256489180597,1.852890757070418e-05,2.095067267205163,1.308293390524238
1.5,all,,,,,,2.1623949433799874,-7.320756013105628e-06,0.6563530438588763,-1.6499536081643698
1.5,all,,,,,,2.165533397579378,1.3171524111791717e-05,3.229030659739298,0.6034164793444656
1.5,all,,,,,,2.1686718517787686,1.102449643435702e-05,5.8067022135048205,0.2808552269154415
1.5,all,,,,,,2.1718103059781586,1.2232979502510338e-05,3.113528946374231,0.5812094197966873
1.5,all,,,,,,2.174948760177549,-1.5330542222084395e-05,2.5549947399618973,-0.8876071853248807
1.5,all,,,,,,2.1780872143769394,-4.416081120720864e-05,2.3362146101611616,-2.796260391212065
1.5,all,,,,,,2.18122566857633,-2.346741720149343e-05,-0.11697843875512892,29.676506690315666
1.5,all,,,,,,2.1843641227757202,1.2896062555746161e-05,1.2068804090610452,1.58068815035709
1.5,all,,,,,,2.1875025769751106,5.140482162623967e-05,6.303328629423374,1.2063885609075566
1.5,all,,,,,,2.190641031174501,6.0922473539714836e-05,6.697664081777672,1.3455736384701573
1.5,all,,,,,,2.1937794853738914,-5.216065448258838e-06,2.0665226879435235,-0.3733843907608124
1.5,all,,,,,,2.196917939573282,-5.024754058332158e-05,1.1522989764292928,-6.450641965040017
1.5,all,,,,,,2.2000563937726723,-1.9360146126178318e-05,3.046701592741007,-0.940009007959911
1.5,all,,,,,,2.2031948479720627,6.941343163780859e-06,5.706320585069965,0.17994535997302585
1.5,all,,,,,,2.206333302171453,-3.863584953706885e-06,3.591728729597753,-0.15912566866358646
1.5,all,,,,,,2.2094717563708435,-3.060533202075531e-05,-0.3965038635692073,11.418340135824279
1.5,all,,,,,,2.212610210570234,9.110769226985019e-06,2.6398294445031283,0.5105431829602401
1.5,all,,,,,,2.2157486647696243,1.5817352679714745e-05,3.4153725392943297,0.6850921953735591
1.5,all,,,,,,2.2188871189690147,-7.579667836891748e-05,1.3828777117251825,-8.108111289136742
1.5,all,,,,,,2.222025573168405,-4.001762925749055e-05,3.538673147138445,-1.6728777695751995
1.5,all,,,,,,2.2251640273677955,4.942215415755152e-05,3.2451872393076266,2.2528652465345824
1.5,all,,,,,,2.228302481567186,3.187639184592322e-05,0.35749517820856136,13.190227080508766
1.5,all,,,,,,2.2314409357665763,-1.6183361196127408e-05,2.6502434418281626,-0.9033088450814173
1.5,all,,,,,,2.2345793899659667,-2.446749552902429e-05,2.2679529843705284,-1.5959113907026319
1.5,all,,,,,,2.237717844165357,3.244555838658966e-05,-0.1516685230884136,-31.645582859578376
1.5,all,,,,,,2.2408562983647475,2.1507100059371666e-05,5.271142574717473,0.6035738233835137
1.5,all,,,,,,2.243994752564138,-2.5622733694610803e-05,6.485318498615056,-0.5844501271457528
1.5,all,,,,,,2.2471332067635283,-9.754819868100658e-06,1.664180421365265,-0.8671059171358388
1.5,all,,,,,,2.2502716609629188,-2.409507827818929e-05,3.585404889863532,-0.9941305937627322
1.5,all,,,,,,2.253410115162309,-1.7055264654448915e-05,4.669727362088965,-0.5402816799609942
1.5,all,,,,,,2.2565485693616996,1.7976552364556274e-05,1.8769018448138555,1.4168313147084408
1.5,all,,,,,,2.25968702356109,1.873500213793602e-05,0.9973582871459092,2.7787907877475586
1.5,all,,,,,,2.2628254777604804,9.73281774933862e-06,0.39015758272197476,3.690216474088749
1.5,all,,,,,,2.265963931959871,-1.421142798314919e-05,3.5506508672107344,-0.5920836276644302
1.5,all,,,,,,2.269102386159261,7.693322346076818e-06,4.362108961302045,0.26089798441680356
1.5,all,,,,,,2.2722408403586516,3.0547204684199824e-05,1.415003547320548,3.1935024258653923
1.5,all,,,,,,2.275379294558042,-1.4157418368559048e-05,2.032969996937906,-1.0301640758227246
1.5,all,,,,,,2.2785177487574324,5.593098593534511e-06,3.3923105811092222,0.24389908558348172
1.5,all,,,,,,2.281656202956823,4.407357867935665e-05,4.579970974918358,1.4235374406023096
1.5,all,,,,,,2.284794657156213,-1.9152132139038656e-05,3.5727901901482317,-0.7929812530503166
1.5,all,,,,,,2.2879331113556036,-8.623418937535732e-05,0.6557284093887874,-19.453994530656804
1.5,all,,,,,,2.291071565554994,-6.887126906011032e-05,0.9763777609133975,-10.434544866875983
1.5,all,,,,,,2.2942100197543844,-3.506053928292167e-06,4.8038892513395,-0.10796398577836343
1.5,all,,,,,,2.297348473953775,6.317658813500323e-05,3.405410143558558,2.744353466519891
1.5,all,,,,,,2.3004869281531652,5.0400898242097393e-05,0.6806544224081357,10.95380259404885
1.5,all,,,,,,2.3036253823525557,-3.924486724320759e-05,4.053146084402529,-1.432332714713411
1.5,all,,,,,,2.306763836551946,-3.833757915822847e-05,4.94178642517533,-1.1476091907890957
1.5,all,,,,,,2.3099022907513365,3.5485813666833526e-05,2.140138011778567,2.4528234586064275
1.5,all,,,,,,2.313040744950727,3.987553805881325e-05,0.15182383508539665,38.85258352375551
1.5,all,,,,,,2.3161791991501173,1.1473164331585957e-05,1.1963436942162027,1.4186672832597496
1.5,all,,,,,,2.3193176533495077,-6.17749950494785e-06,3.352419362719041,-0.2725885961274843
1.5,all,,,,,,2.3224561075488976,-3.282871896046047e-05,4.571656623438834,-1.062266870164939
1.5,all,,,,,,2.3255945617482885,-3.8987201252014265e-05,3.3122898098075964,-1.7411934928636972
1.5,all,,,,,,2.328733015947679,-9.589634629024017e-06,0.18975703631650198,-7.475796586153408
1.5,all,,,,,,2.331871470147069,9.09619404263852e-06,-0.8369856779728242,-1.6076629148169603
1.5,all,,,,,,2.3350099243464597,-1.6488639291076723e-05,1.6234879416470869,-1.5024120361800608
1.5,all,,,,,,2.33814837854585,-2.1793718504476354e-05,5.838740862345802,-0.5521606338933338
1.5,all,,,,,,2.3412868327452405,7.3724431496859955e-06,5.263713741941878,0.20719175710030815
1.5,all,,,,,,2.344425286944631,-1.6867955600019795e-05,3.3314254425736527,-0.7490066180851573
1.5,all,,,,,,2.3475637411440213,-2.0691653286078888e-05,2.56416122789558,-1.193721917023384
1.5,all,,,,,,2.3507021953434117,2.8586942870007446e-05,0.7995745171255555,5.288860027538594
1.5,all,,,,,,2.353840649542802,2.1017474233824728e-05,0.8422330082889775,3.691488924054314
1.5,all,,,,,,2.3569791037421925,-1.3451482075813622e-05,2.142205277628431,-0.928885869705905
1.5,all,,,,,,2.360117557941583,-2.129486107618107e-05,3.1794381936715577,-0.9907811337246297
1.5,all,,,,,,2.363256012140973,-1.4379042277734325e-05,3.1578890054214894,-0.6735756881790611
1.5,all,,,,,,2.3663944663403638,-1.871647865469848e-05,3.6132151216332806,-0.7662731852265021
1.5,all,,,,,,2.369532920539754,-1.0959422831041037e-05,2.490341582288762,-0.6510016162660007
1.5,all,,,,,,2.372671374739144,-1.1410158510440385e-05,0.3063420792635694,-5.509831606656238
1.5,all,,,,,,2.375809828938535,-2.1521075500070384e-05,1.5858929903768393,-2.0074437995654337
1.5,all,,,,,,2.3789482831379254,1.649345987861611e-05,4.980839424014406,0.48984934487667364
1.5,all,,,,,,2.3820867373373154,8.769522251151125e-06,6.289845056413598,0.20624778409717426
1.5,all,,,,,,2.385225191536706,-1.324659176138855e-05,3.7059002936728125,-0.528766248145923
1.5,all,,,,,,2.3883636457360966,4.453821951243633e-06,0.7665715590396585,0.859475404875356
1.5,all,,,,,,2.391502099935487,3.528802619793355e-06,0.21940833402226723,2.3791813751703006
1.5,all,,,,,,2.394640554134877,1.1552404929037296e-05,1.474179119786235,1.1592455879024652
1.5,all,,,,,,2.397779008334268,1.707658889157097e-05,1.6316965258821783,1.5481571340176425
1.5,all,,,,,,2.4009174625336582,2.6330748437602974e-06,1.6707405355499754,0.23313501090944325
1.5,all,,,,,,2.404055916733048,-2.3405918669543395e-05,3.4030878062183936,-1.0174330494921482
1.5,all,,,,,,2.407194370932439,-1.2424797148621799e-05,3.184111247615939,-0.577237288821216
1.5,all,,,,,,2.4103328251318294,2.3101267619180883e-05,2.034609597836464,1.6796083556166308
1.5,all,,,,,,2.4134712793312194,2.1773201494541216e-05,2.228985560736259,1.4450016419068143
1.5,all,,,,,,2.4166097335306103,1.995574848268428e-05,2.5943084131561687,1.1378885348570733
1.5,all,,,,,,2.4197481877300007,8.381390998534222e-07,4.125448928055967,0.030053716845123903
1.5,all,,,,,,2.4228866419293906,-1.5373909321880994e-05,5.544368401120862,-0.4101904448930358
1.5,all,,,,,,2.4260250961287815,5.786485639771244e-07,2.5453245480432214,0.03362985677501214
1.5,all,,,,,,2.429163550328172,-1.7347087007489133e-05,0.49017048731243307,-5.23519305569641
1.5,all,,,,,,2.432302004527562,-1.7930978305863368e-05,3.423781713646445,-0.7747315119814058
1.5,all,,,,,,2.4354404587269523,4.639454748338067e-06,5.091570864821526,0.1347933461471255
1.5,all,,,,,,2.438578912926343,-1.3418076760850344e-05,4.356360677175067,-0.45563780064374126
1.5,all,,,,,,2.4417173671257335,-1.6824459752821717e-05,1.2875197364451403,-1.9330386453677428
1.5,all,,,,,,2.4448558213251235,1.3219781124319706e-05,-0.6184268796035628,-3.162199102615893
1.5,all,,,,,,2.4479942755245143,7.261904921143028e-06,1.3099209022443592,0.8200848526574013
1.5,all,,,,,,2.4511327297239047,-1.263055269826524e-05,3.7235079418831214,-0.5017915859257563
1.5,all,,,,,,2.4542711839232947,-1.8588783335076243e-05,3.9272280316025228,-0.7001936220290261
1.5,all,,,,,,2.4574096381226855,-8.723433963953732e-06,1.0052988175876747,-1.2836469999361317
1.5,all,,,,,,2.460548092322076,1.974775412647279e-05,0.017286914238927142,168.98709410764548
1.5,all,,,,,,2.463686546521466,5.754532390761901e-06,2.9834335681559585,0.2853296943054407
1.5,all,,,,,,2.4668250007208563,-1.845333740039106e-05,3.9882746280346906,-0.6844522741545168
1.5,all,,,,,,2.469963454920247,-1.5542873901676648e-05,2.8944315441679835,-0.7943672760422406
1.5,all,,,,,,2.473101909119637,4.403417352161265e-07,3.6129048372289643,0.018029622389161712
1.5,all,,,,,,2.4762403633190275,9.394159793957448e-06,4.085792643730547,0.3401221573752567
1.5,all,,,,,,2.4793788175184184,-4.684683398545291e-06,3.2279926629529174,-0.2146846585795645
1.5,all,,,,,,2.4825172717178083,-1.1585579989307705e-05,3.4301613591720486,-0.49963923391004816
1.5,all,,,,,,2.4856557259171987,-4.281403743747834e-06,3.929160745403226,-0.1611905926261938
1.5,all,,,,,,2.4887941801165896,3.0524330228825867e-07,2.191006313251039,0.020608947762923574
1.5,all,,,,,,2.49193263431598,-1.412829809403739e-05,2.1048823963189327,-0.9929224211331115
1.5,all,,,,,,2.49507108851537,-1.1365925986037653e-05,2.6054915835090755,-0.6453100860414687
1.5,all,,,,,,2.498209542714761,-1.6524082527087865e-06,1.6148332254363913,-0.1513711055649957
1.5,all,,,,,,2.501347996914151,-1.810585064573166e-05,1.7527777566268217,-1.5280775117729164
1.5,all,,,,,,2.504486451113541,5.940126462695033e-06,2.399564886999756,0.36619844585658234
1.5,all,,,,,,2.5076249053129316,2.0302855182121945e-05,3.627772333141957,0.8278857293946278
1.5,all,,,,,,2.5107633595123224,-9.79874548067928e-07,2.3643292094062254,-0.061307814345984965
1.5,all,,,,,,2.5139018137117124,-2.891816553355595e-07,-0.3817524567544885,0.11205782863765934
1.5,all,,,,,,2.517040267911103,-6.762880542016828e-06,1.835026066010279,-0.5451835994123468
1.5,all,,,,,,2.5201787221104937,-6.1258234505657155e-06,5.17590628182605,-0.17507791904059722
1.5,all,,,,,,2.5233171763098836,-6.597713656104577e-07,4.710707196216056,-0.020718611956568836
1.5,all,,,,,,2.526455630509274,8.3872912432085e-06,4.044538009449168,0.306765211203102
1.5,all,,,,,,2.529594084708665,1.620989539646949e-05,2.4837182822727417,0.9654531020295785
1.5,all,,,,,,2.532732538908055,-4.031858865191453e-07,1.1778760068529759,-0.05063596021497027
1.5,all,,,,,,2.5358709931074452,-8.234188226964474e-06,1.4465416104951776,-0.8420602440096079
1.5,all,,,,,,2.5390094473068356,-3.170015897106333e-05,2.3806222584637795,-1.9698096210700746
1.5,all,,,,,,2.542147901506226,-4.407201645380617e-05,4.61544473641245,-1.4125462297879252
1.5,all,,,,,,2.5452863557056165,-8.01488885665573e-06,3.563209761455192,-0.33274337623240074
1.5,all,,,,,,2.548424809905007,1.3766829980538751e-05,1.8416627052993597,1.105801461293941
1.5,all,,,,,,2.5515632641043977,1.0917497590732155e-05,2.9351395647413105,0.5502342906958768
1.5,all,,,,,,2.5547017183037877,-1.0690109068067604e-05,2.8679819395893187,-0.5513901811046743
1.5,all,,,,,,2.557840172503178,-1.061528894131174e-06,1.974237469064103,-0.07954002695184165
1.5,all,,,,,,2.560978626702569,2.1496769991402e-05,2.7933238464378687,1.138427098209007
1.5,all,,,,,,2.564117080901959,1.0385566360862959e-05,3.0278372183026265,0.5074005879365898
1.5,all,,,,,,2.5672555351013493,1.9371688998655053e-05,0.7536878082953589,3.802150486867987
1.5,all,,,,,,2.57039398930074,-3.1583734016952528e-06,1.0173624057695596,-0.4592414636133162
1.5,all,,,,,,2.57353244350013,-3.55916726430966e-05,2.647882461934724,-1.9883965423344454
1.5,all,,,,,,2.5766708976995205,-2.0661799119585775e-05,1.6757039685726287,-1.8239970884031258
1.5,all,,,,,,2.579809351898911,1.7262642917660541e-06,2.091479528441274,0.12209755664804219
1.5,all,,,,,,2.5829478060983013,1.9096578148908076e-05,3.9113684064464547,0.7222376678546686
1.5,all,,,,,,2.5860862602976917,-2.5566919137995748e-06,3.9170296244531406,-0.09655501725772749
1.5,all,,,,,,2.589224714497082,-1.3672326817107675e-05,2.7721709516973925,-0.7295847146757627
1.5,all,,,,,,2.5923631686964725,1.7375009097662282e-05,2.08596865332537,1.2321698189951025
1.5,all,,,,,,2.595501622895863,9.030431867299922e-06,2.2096149795749622,0.6045680874775144
1.5,all,,,,,,2.5986400770952534,-1.1068586149298596e-06,2.765956308133439,-0.05919705998862826
1.5,all,,,,,,2.601778531294644,-7.802887339078453e-07,3.11075111057624,-0.037105934675621996
1.5,all,,,,,,2.604916985494034,-2.7632368207164844e-05,3.031703542926686,-1.3482942428686535
1.5,all,,,,,,2.6080554396934246,-1.545893552204541e-05,2.6232258454912953,-0.871760540671012
1.5,all,,,,,,2.6111938938928154,9.395351377477117e-06,2.8620481818156738,0.48561197786799815
1.5,all,,,,,,2.6143323480922054,2.2123879267228416e-06,2.622312170029577,0.12480448524076335
1.5,all,,,,,,2.617470802291596,-6.927414935762941e-06,1.617740601465049,-0.6334547838595463
1.5,all,,,,,,2.620609256490986,-1.2371950976485361e-05,2.537693437089132,-0.7211943870150818
1.5,all,,,,,,2.6237477106903766,-5.005574388774033e-06,3.2354493910789976,-0.22886143302993517
1.5,all,,,,,,2.626886164889767,1.0663360966147814e-05,2.1267913938690928,0.7416901656700808
1.5,all,,,,,,2.6300246190891574,1.4206566259840771e-05,2.0776992296905727,1.0114856982944758
1.5,all,,,,,,2.633163073288548,3.7933655498161648e-06,2.1494991607487184,0.26106023217861823
1.5,all,,,,,,2.6363015274879382,-5.049839915199875e-06,2.4120673103140917,-0.3097002043602251
1.5,all,,,,,,2.6394399816873286,-1.1715230133915006e-05,2.8426913280981263,-0.6096413606462456
1.5,all,,,,,,2.642578435886719,-5.514200203477919e-06,1.9029687105161701,-0.42865134080456035
1.5,all,,,,,,2.6457168900861094,7.914946520600395e-06,2.3541709786557456,0.4973513341331136
1.5,all,,,,,,2.6488553442855,1.6301236779327257e-06,4.137610793943349,0.05828062810068878
1.5,all,,,,,,2.6519937984848903,-3.616003596477463e-06,3.5261944436459274,-0.1516966188834921
1.5,all,,,,,,2.6551322526842807,-1.9304114049890995e-06,2.0214199290483603,-0.14126892349404951
1.5,all,,,,,,2.658270706883671,-2.483056066522945e-06,2.5719206224699027,-0.1428177770973691
1.5,all,,,,,,2.6614091610830615,-4.416190177011415e-06,2.022603139503536,-0.3229909801900991
1.5,all,,,,,,2.664547615282452,-4.50802832784225e-06,1.912582732571757,-0.3486741171912325
1.5,all,,,,,,2.6676860694818423,1.3386369151533896e-06,3.85533575814063,0.051363415464571856
1.5,all,,,,,,2.6708245236812327,-1.1330012744036978e-06,4.2172855236035405,-0.03974208952157995
1.5,all,,,,,,2.673962977880623,-9.198261336952288e-06,3.0253353165605823,-0.4497648705047883
1.5,all,,,,,,2.6771014320800135,-7.354470937225864e-06,1.2096111179298505,-0.8994126059433251
1.5,all,,,,,,2.680239886279404,-1.1749478631972285e-05,0.046562763406191365,-37.327865184100645
1.5,all,,,,,,2.6833783404787943,-1.821290383175483e-05,0.7398963105164091,-3.6413433948313316
1.5,all,,,,,,2.6865167946781847,1.1617110893424349e-05,2.7477276301004716,0.6254286304753691
1.5,all,,,,,,2.689655248877575,3.0411581173443034e-05,3.930480333729186,1.1445813817843769
1.5,all,,,,,,2.6927937030769655,5.0683317438206545e-06,3.3876698889053323,0.22131826332812696
1.5,all,,,,,,2.695932157276356,-1.1753551909482552e-05,2.6667315870197235,-0.6519932937132681
1.5,all,,,,,,2.6990706114757463,-7.285423747235437e-06,2.2146176717186696,-0.4866417441523432
1.5,all,,,,,,2.7022090656751367,6.417545759525872e-07,1.9920000242191305,0.04765768459563165
1.5,all,,,,,,2.705347519874527,1.2618437232009046e-06,2.7044216272898254,0.06902151305819725
1.5,all,,,,,,2.7084859740739176,-2.995548403883618e-06,3.022725112185913,-0.14659899450549396
1.5,all,,,,,,2.711624428273308,-6.341517455065129e-06,2.928669297599174,-0.3203141777924794
1.5,all,,,,,,2.7147628824726984,-5.125735652669142e-06,3.2508363673982053,-0.23324610449118213
1.5,all,,,,,,2.7179013366720888,-3.99993427467911e-06,2.1886094496078212,-0.2703571684554247
1.5,all,,,,,,2.721039790871479,-6.093354486651531e-06,1.271829359341584,-0.7087301399199981
1.5,all,,,,,,2.7241782450708696,-5.1950120891211295e-06,1.4130082572067129,-0.5438700790829548
1.5,all,,,,,,2.72731669927026,-7.971438892191635e-06,2.504894315701562,-0.4707611532043702
1.5,all,,,,,,2.7304551534696504,-7.304635577667993e-06,3.7072623736185815,-0.29147313684502824
1.5,all,,,,,,2.733593607669041,8.529450359270017e-06,3.4805475942056585,0.3625156609916421
1.5,all,,,,,,2.736732061868431,1.4967087498993817e-05,2.0907697515664108,1.0589717956351834
1.5,all,,,,,,2.7398705160678216,-4.704578863874267e-06,1.6281215215676292,-0.42745188838620934
1.5,all,,,,,,2.743008970267212,-1.5395603723593674e-05,3.271054818014646,-0.6962451865944378
1.5,all,,,,,,2.7461474244666024,-4.3690814181666406e-07,3.486136743788667,-0.018539542959896023
1.5,all,,,,,,2.749285878665993,2.149755225150121e-06,2.6216836312988705,0.1213003446274842
1.5,all,,,,,,2.7524243328653832,-7.669711548115546e-06,2.4410235089497814,-0.4647938498168791
1.5,all,,,,,,2.7555627870647736,-1.0337049029643628e-06,2.201556203591294,-0.06945765282965537
1.5,all,,,,,,2.758701241264164,2.115161385410309e-06,2.106595162248432,0.14853053005811187
1.5,all,,,,,,2.7618396954635545,-5.2854548957710024e-06,2.4569846742388965,-0.31822421775741405
1.5,all,,,,,,2.7649781496629444,-5.173890322023692e-06,2.520784542976953,-0.3036230894719925
1.5,all,,,,,,2.7681166038623353,-2.5762969489721107e-06,2.77065887153784,-0.13755176432405844
1.5,all,,,,,,2.7712550580617257,3.949033344819381e-06,3.126060302140157,0.18687308427760888
1.5,all,,,,,,2.774393512261116,5.435902642693849e-06,2.589471756925814,0.3105373162364989
1.5,all,,,,,,2.7775319664605065,-7.1133552894497155e-06,2.5864054098813876,-0.40684708147529136
1.5,all,,,,,,2.780670420659897,-1.0031335934950653e-05,2.5562880553582774,-0.5805000852911774
1.5,all,,,,,,2.7838088748592873,-2.477462018080122e-07,2.4439980724841277,-0.014995448169094901
1.5,all,,,,,,2.7869473290586777,2.325179507633254e-06,2.261636212232662,0.15208523093405288
1.5,all,,,,,,2.790085783258068,-1.23770923913127e-06,1.5980116644791909,-0.11457556085574527
1.5,all,,,,,,2.7932242374574585,-2.4346639334599407e-06,2.2811971624933305,-0.1578808673481125
1.5,all,,,,,,2.7963626916568485,7.228760123355209e-07,2.530912902787038,0.04225128459918652
1.5,all,,,,,,2.7995011458562393,3.7716717671927114e-06,1.945702498959161,0.2867548409019014
1.5,all,,,,,,2.8026396000556297,-2.1766181268365682e-06,2.2813618305731698,-0.14113716013409144
1.5,all,,,,,,2.8057780542550197,-8.4062816900869e-06,1.8193997450953274,-0.6834851976558886
1.5,all,,,,,,2.8089165084544105,-7.11786179210971e-06,1.5262749558105917,-0.6898744757089101
1.5,all,,,,,,2.812054962653801,-5.984554049478269e-06,3.1481888281368526,-0.2812058325922071
1.5,all,,,,,,2.815193416853191,-4.844743494835437e-06,3.8854113337369593,-0.18445358038606804
1.5,all,,,,,,2.8183318710525818,-3.198559606496991e-06,2.010347359818245,-0.23536216405202903
1.5,all,,,,,,2.821470325251972,-4.736229871160489e-06,0.8182251842638077,-0.8562749400291977
1.5,all,,,,,,2.8246087794513626,-8.980355435962557e-06,2.0840271536302906,-0.6374460830964668
1.5,all,,,,,,2.827747233650753,-4.3168722576923365e-06,2.7598786177929684,-0.2313835712003949
1.5,all,,,,,,2.8308856878501434,4.4657715708149555e-06,3.25086782487518,0.2032125364247212
1.5,all,,,,,,2.834024142049534,-2.1743619220337073e-07,3.744044639295032,-0.008591007930905474
1.5,all,,,,,,2.8371625962489238,-5.3318842924133105e-06,2.479667683957561,-0.3180830580829946
1.5,all,,,,,,2.8403010504483146,-4.135845018260934e-06,1.6760506025949082,-0.3650315761866871
1.5,all,,,,,,2.843439504647705,-2.5713999412828312e-06,2.779199431679894,-0.136868409788325
1.5,all,,,,,,2.846577958847095,-6.346596858006661e-06,3.8541941325029176,-0.24359065910480032
1.5,all,,,,,,2.849716413046486,-1.2824966696242787e-05,2.2157140455765454,-0.8562406445491755
1.5,all,,,,,,2.8528548672458762,-8.903869902313675e-06,0.7445675846561572,-1.7690006189323928
1.5,all,,,,,,2.855993321445266,-1.2695952769009338e-06,2.379374406323815,-0.07893249238334483
1.5,all,,,,,,2.859131775644657,1.3203391868085035e-06,3.8561889930959734,0.05065012324406999
1.5,all,,,,,,2.8622702298440474,-5.1095644887636427e-08,3.0061691043493797,-0.0025143387107885123
1.5,all,,,,,,2.8654086840434374,1.2440851211930771e-06,2.099678279110699,0.08764974251649034
1.5,all,,,,,,2.868547138242828,3.7499852619951963e-06,2.460194250510604,0.2254828241783319
1.5,all,,,,,,2.8716855924422187,-2.8339087953045493e-06,2.5564700980354282,-0.1639828596994237
1.5,all,,,,,,2.874824046641609,-9.160122813079565e-06,2.3086106473948207,-0.5869537831956447
1.5,all,,,,,,2.877962500840999,-4.360811465849224e-06,2.4126663238120063,-0.26737657303093226
1.5,all,,,,,,2.88110095504039,4.7325514057073047e-07,2.879250135254031,0.02431471862481466
1.5,all,,,,,,2.8842394092397803,-1.1491226808774624e-07,2.69102651177313,-0.006316866872782066
1.5,all,,,,,,2.8873778634391702,-1.0368361956018814e-06,2.7286664615696816,-0.05620992437303371
1.5,all,,,,,,2.890516317638561,-1.4306892515639077e-06,3.142064603986146,-0.06735711976147313
1.5,all,,,,,,2.8936547718379515,-1.1001178189867298e-06,1.9992935632663813,-0.08139841258201062
1.5,all,,,,,,2.8967932260373415,-2.899000295717163e-06,1.5603514948567327,-0.2748394826453329
1.5,all,,,,,,2.8999316802367323,-5.982087059843599e-06,2.5729005199487394,-0.3439402784590636
1.5,all,,,,,,2.9030701344361227,-5.782079152435957e-06,2.84341703863453,-0.30081312065920657
1.5,all,,,,,,2.9062085886355127,-1.442137027015039e-06,2.8489970270195535,-0.07488034480651226
1.5,all,,,,,,2.909347042834903,-1.5503805532381337e-06,2.9175952863827064,-0.07860796758088492
1.5,all,,,,,,2.912485497034294,-5.960001097628504e-06,2.2182698942526566,-0.397452523423369
1.5,all,,,,,,2.915623951233684,-1.6219229524536064e-06,2.403977686816822,-0.09980518211632404
1.5,all,,,,,,2.9187624054330743,5.161486855178365e-07,3.159877575941935,0.024163390514606715
1.5,all,,,,,,2.921900859632465,-3.3232786205464734e-06,2.2780520051479223,-0.21580247609954226
1.5,all,,,,,,2.9250393138318556,-4.801421232099708e-06,2.0468176516624945,-0.3470115730414951
1.5,all,,,,,,2.9281777680312455,-3.3115156166777414e-06,2.7184248279201726,-0.18020331812505794
1.5,all,,,,,,2.9313162222306364,-4.239798968889361e-08,2.8225518186145426,-0.002222064418605161
1.5,all,,,,,,2.9344546764300268,-3.3672844758682025e-06,2.463205392697592,-0.20222390174309807
1.5,all,,,,,,2.9375931306294167,-3.944864124608062e-06,2.160669363225467,-0.27008286953984084
1.5,all,,,,,,2.940731584828807,-1.4675677989488239e-06,2.3519853502842203,-0.09230322298590551
1.5,all,,,,,,2.943870039028198,-5.062517030377561e-06,2.3569252764372246,-0.31774153356403473
1.5,all,,,,,,2.947008493227588,-4.784828323643813e-06,2.5799346542498096,-0.2743537862905794
1.5,all,,,,,,2.9501469474269784,-1.2666463506833647e-06,2.4183187101730437,-0.07748098698780817
1.5,all,,,,,,2.953285401626369,-2.416885645174189e-06,2.103083432665425,-0.17000155902076966
1.5,all,,,,,,2.956423855825759,-5.237004861299642e-06,2.2295997725724304,-0.34746364377548095
1.5,all,,,,,,2.9595623100251496,-4.314697376194186e-06,1.9839960394032516,-0.3217087282211789
1.5,all,,,,,,2.9627007642245404,-1.6645397056924192e-06,2.6287491336911644,-0.09366952559991029
1.5,all,,,,,,2.9658392184239304,-1.5711046173642583e-06,3.047432963273011,-0.07626481975045148
1.5,all,,,,,,2.968977672623321,-2.490542398825608e-06,2.1885969239810477,-0.1683377271264622
1.5,all,,,,,,2.9721161268227116,-2.9099864828860786e-06,2.523093659542048,-0.17061252228192442
1.5,all,,,,,,2.9752545810221016,-2.5443585104224833e-06,3.082003933576272,-0.12212326886817619
1.5,all,,,,,,2.978393035221492,-2.5407411868504806e-06,2.592300968307502,-0.1449867482945173
1.5,all,,,,,,2.9815314894208824,-2.4949308395951196e-06,2.1436875313218415,-0.1721671670964025
1.5,all,,,,,,2.9846699436202733,-8.941275033066238e-07,2.5658382526900088,-0.05154938430249139
1.5,all,,,,,,2.9878083978196632,-1.464828832674856e-06,3.0017593796287394,-0.07218788327661795
1.5,all,,,,,,2.9909468520190536,-3.0077631272310985e-06,2.465176766942047,-0.18048822292069497
1.5,all,,,,,,2.9940853062184445,-2.495685618328642e-06,2.3787272787891736,-0.1552024338217916
1.5,all,,,,,,2.9972237604178344,-1.7224711746867793e-06,2.4850681258936325,-0.10253377988037086
1.5,all,,,,,,3.000362214617225,-2.6849353559703694e-06,2.3122747403688093,-0.17177015319676023
1.5,all,,,,,,3.0035006688166157,-3.449401832269726e-06,2.3986930268709834,-0.21272690482649736
1.5,all,,,,,,3.0066391230160057,-2.5749623901838003e-06,2.424089048200866,-0.15713597504338558
1.5,all,,,,,,3.009777577215396,-2.8741060489967647e-06,2.6281153906360624,-0.1617750948951289
1.5,all,,,,,,3.0129160314147865,-3.3488614975669037e-06,2.7075080110885477,-0.18297035895330707
1.5,all,,,,,,3.016054485614177,-2.60835457932765e-06,2.3376348483003655,-0.16506053946442995
1.5,all,,,,,,3.0191929398135673,-2.2893849607264003e-06,2.466467936709738,-0.13730825739434477
1.5,all,,,,,,3.0223313940129577,-2.8825952408674573e-06,2.7305772965764215,-0.15616456449123312
1.5,all,,,,,,3.025469848212348,-2.966456026540455e-06,2.5263683053919026,-0.17369789474501665
1.5,all,,,,,,3.0286083024117385,-2.525180821087106e-06,2.622214941878757,-0.14245493486245564
1.5,all,,,,,,3.031746756611129,-2.539318613833432e-06,2.522074629852214,-0.1489404174460227
1.5,all,,,,,,3.0348852108105198,-1.928652794624296e-06,2.249725447577096,-0.12681710479431899
1.5,all,,,,,,3.0380236650099097,-2.6108301461191796e-06,2.295911979384686,-0.16821963590262415
1.5,all,,,,,,3.0411621192093,-4.302669698527894e-06,2.3517723318996717,-0.27064252425310953
1.5,all,,,,,,3.044300573408691,-3.097303161653336e-06,2.4973607438004155,-0.18346606200581636
1.5,all,,,,,,3.047439027608081,-1.6888570716902927e-06,2.5415333618131974,-0.09829929109669455
1.5,all,,,,,,3.0505774818074713,-2.285338663235653e-06,2.5075223201467622,-0.13482147172723324
1.5,all,,,,,,3.0537159360068618,-2.9667357375687338e-06,2.586928648932075,-0.16964759872651564
1.5,all,,,,,,3.056854390206252,-3.0152764957998944e-06,2.58238389069764,-0.17272676634642758
1.5,all,,,,,,3.0599928444056426,-2.6561136331401497e-06,2.3695018350900687,-0.16582228893070475
1.5,all,,,,,,3.063131298605033,-2.6051440121045906e-06,2.2573934676605143,-0.17071739538209862
1.5,all,,,,,,3.0662697528044234,-2.75341090687065e-06,2.298420317353922,-0.17721271547887066
1.5,all,,,,,,3.069408207003814,-2.6775092643202233e-06,2.406152080124012,-0.16461189439778154
1.5,all,,,,,,3.072546661203204,-2.881191253813032e-06,2.5752150887619614,-0.1655052914984826
1.5,all,,,,,,3.0756851154025946,-2.776264696897683e-06,2.5963169190513207,-0.15818178470671423
1.5,all,,,,,,3.078823569601985,-2.534566053559863e-06,2.5097830200782916,-0.14938972960615887
1.5,all,,,,,,3.0819620238013754,-2.9236506528287656e-06,2.571029386580598,-0.16821771947842357
1.5,all,,,,,,3.0851004780007663,-2.8151210126112333e-06,2.7072034376534075,-0.1538259052958403
1.5,all,,,,,,3.088238932200156,-2.469199086762949e-06,2.6375398006647544,-0.13848744083522482
1.5,all,,,,,,3.0913773863995466,-2.6208689389666047e-06,2.547196478424758,-0.15220753838512463
1.5,all,,,,,,3.094515840598937,-2.7911863169869403e-06,2.5579101972642917,-0.16141981239656625
1.5,all,,,,,,3.0976542947983274,-2.7854903034204086e-06,2.4809554407851113,-0.1660871339479155
1.5,all,,,,,,3.100792748997718,-2.7920255170169913e-06,2.3593753785814116,-0.17505545320824578
1.5,all,,,,,,3.1039312031971082,-2.8882753768300783e-06,2.4106972107744813,-0.17723489670087797
1.5,all,,,,,,3.1070696573964987,-2.8150726250456573e-06,2.499097560049707,-0.16663249500546182
1.5,all,,,,,,3.110208111595889,-2.72036863119206e-06,2.4993178527766906,-0.1610124917483675
1.5,all,,,,,,3.1133465657952795,-2.7829161793223676e-06,2.551617087936023,-0.16133846766052887
1.5,all,,,,,,3.11648501999467,-2.79554486348182e-06,2.484597074934289,-0.16644233535502076
1.5,all,,,,,,3.1196234741940603,-2.7646748449609044e-06,2.398074885269855,-0.17054328507142386
1.5,all,,,,,,3.1227619283934507,-2.791585668161428e-06,2.4843984059196895,-0.16621990209107496
1.5,all,,,,,,3.125900382592841,-2.7946532461160923e-06,2.5320214409394923,-0.16327280520772533
1.5,all,,,,,,3.1290388367922315,-2.7818462269888347e-06,2.505541532043827,-0.16424222420129678
1.5,all,,,,,,3.132177290991622,-2.7817616956088835e-06,2.495958263158631,-0.16486782470827122
1.5,all,,,,,,3.1353157451910123,-2.780270651817773e-06,2.484870289318817,-0.16551473232600467
