t,Q,n_cl,lcf,nullQ,ARI,edge_jac,sigv2,file,case,seed,alpha,s_ratio,chi,ari_floor
0.0,0.9968316317670646,776,0.007,0.8773346289697828,,,,bidisperse_a0.005_sr0.667_x0.25_N4000_L24_T400000_seed1.npz,bidisperse,1,0.005,0.6666666666666666,0.25,0.7403247910709947
2000.0,0.9764932394203585,59,0.141,,0.1249739541989141,0.797610681658468,8.829565523307734e-09,bidisperse_a0.005_sr0.667_x0.25_N4000_L24_T400000_seed1.npz,bidisperse,1,0.005,0.6666666666666666,0.25,0.7403247910709947
4000.0,0.9702247237754069,39,0.11275,,0.764818902481974,0.53086038124678,4.551613077247613e-09,bidisperse_a0.005_sr0.667_x0.25_N4000_L24_T400000_seed1.npz,bidisperse,1,0.005,0.6666666666666666,0.25,0.7403247910709947
6000.0,0.9657415558532806,27,0.114,,0.7481522824410388,0.4681975208290998,3.1905594610168915e-09,bidisperse_a0.005_sr0.667_x0.25_N4000_L24_T400000_seed1.npz,bidisperse,1,0.005,0.6666666666666666,0.25,0.7403247910709947
8000.0,0.9637170697843759,23,0.1645,,0.770361294158658,0.4365087382563896,2.518614337509437e-09,bidisperse_a0.005_sr0.667_x0.25_N4000_L24_T400000_seed1.npz,bidisperse,1,0.005,0.6666666666666666,0.25,0.7403247910709947
10000.0,0.9581692343707294,17,0.43225,,0.7711916340187697,0.40796370967741935,2.164391788015557e-09,bidisperse_a0.005_sr0.667_x0.25_N4000_L24_T400000_seed1.npz,bidisperse,1,0.005,0.6666666666666666,0.25,0.7403247910709947
12000.0,0.9565322286609967,15,0.42075,,0.7447040221103719,0.40549417736637805,1.8498851437879104e-09,bidisperse_a0.005_sr0.667_x0.25_N4000_L24_T400000_seed1.npz,bidisperse,1,0.005,0.6666666666666666,0.25,0.7403247910709947
14000.0,0.9526193453731201,13,0.4895,,0.7901683542135208,0.39041368337311055,1.4968326299569866e-09,bidisperse_a0.005_sr0.667_x0.25_N4000_L24_T400000_seed1.npz,bidisperse,1,0.005,0.6666666666666666,0.25,0.7403247910709947
16000.0,0.9519388736473099,13,0.489,,0.7359589285410174,0.36749648664926726,1.292766937503917e-09,bidisperse_a0.005_sr0.667_x0.25_N4000_L24_T400000_seed1.npz,bidisperse,1,0.005,0.6666666666666666,0.25,0.7403247910709947
18000.0,0.9497740535931043,11,0.49,,0.7701222108373312,0.37523620089507703,1.361043411390582e-09,bidisperse_a0.005_sr0.667_x0.25_N4000_L24_T400000_seed1.npz,bidisperse,1,0.005,0.6666666666666666,0.25,0.7403247910709947
20000.0,0.9500131344455663,12,0.49025,,0.7625098338636385,0.35965086292402304,1.282871648364666e-09,bidisperse_a0.005_sr0.667_x0.25_N4000_L24_T400000_seed1.npz,bidisperse,1,0.005,0.6666666666666666,0.25,0.7403247910709947
22000.0,0.9462550009848077,11,0.489,,0.7505996777814317,0.35797819623389493,1.1623685131975324e-09,bidisperse_a0.005_sr0.667_x0.25_N4000_L24_T400000_seed1.npz,bidisperse,1,0.005,0.6666666666666666,0.25,0.7403247910709947
24000.0,0.9469562745611905,11,0.49075,,0.7578862204545351,0.36159477641472104,1.088408933698735e-09,bidisperse_a0.005_sr0.667_x0.25_N4000_L24_T400000_seed1.npz,bidisperse,1,0.005,0.6666666666666666,0.25,0.7403247910709947
26000.0,0.9441829757509324,11,0.491,,0.7467244252644881,0.3502988047808765,9.221383752047549e-10,bidisperse_a0.005_sr0.667_x0.25_N4000_L24_T400000_seed1.npz,bidisperse,1,0.005,0.6666666666666666,0.25,0.7403247910709947
28000.0,0.9445914313950715,11,0.48925,,0.779742777452695,0.3358037055583375,8.113642031449208e-10,bidisperse_a0.005_sr0.667_x0.25_N4000_L24_T400000_seed1.npz,bidisperse,1,0.005,0.6666666666666666,0.25,0.7403247910709947
30000.0,0.9439486107105769,11,0.491,,0.7622784170676667,0.3308735540486637,9.3437992089677e-10,bidisperse_a0.005_sr0.667_x0.25_N4000_L24_T400000_seed1.npz,bidisperse,1,0.005,0.6666666666666666,0.25,0.7403247910709947
32000.0,0.9440811479170735,12,0.48975,,0.7609018653132531,0.33048404731140046,8.571503567548031e-10,bidisperse_a0.005_sr0.667_x0.25_N4000_L24_T400000_seed1.npz,bidisperse,1,0.005,0.6666666666666666,0.25,0.7403247910709947
34000.0,0.9414632034817413,11,0.49025,,0.7222442662981817,0.33330021855752034,8.970386707125987e-10,bidisperse_a0.005_sr0.667_x0.25_N4000_L24_T400000_seed1.npz,bidisperse,1,0.005,0.6666666666666666,0.25,0.7403247910709947
36000.0,0.9432510430516393,11,0.4895,,0.7685185665041991,0.3299370692238538,8.551515101120127e-10,bidisperse_a0.005_sr0.667_x0.25_N4000_L24_T400000_seed1.npz,bidisperse,1,0.005,0.6666666666666666,0.25,0.7403247910709947
38000.0,0.941839589309127,10,0.49025,,0.7841049177775787,0.3277478555755037,8.90251852658278e-10,bidisperse_a0.005_sr0.667_x0.25_N4000_L24_T400000_seed1.npz,bidisperse,1,0.005,0.6666666666666666,0.25,0.7403247910709947
40000.0,0.9418306565231561,9,0.49,,0.7913507666324329,0.3309173947577443,8.539695449195763e-10,bidisperse_a0.005_sr0.667_x0.25_N4000_L24_T400000_seed1.npz,bidisperse,1,0.005,0.6666666666666666,0.25,0.7403247910709947
42000.0,0.9384299325082117,9,0.48975,,0.7339500339174075,0.3368535333596526,9.390270229296787e-10,bidisperse_a0.005_sr0.667_x0.25_N4000_L24_T400000_seed1.npz,bidisperse,1,0.005,0.6666666666666666,0.25,0.7403247910709947
44000.0,0.9393842385816192,9,0.49,,0.7364578443230859,0.32961280126432235,6.874215251736289e-10,bidisperse_a0.005_sr0.667_x0.25_N4000_L24_T400000_seed1.npz,bidisperse,1,0.005,0.6666666666666666,0.25,0.7403247910709947
46000.0,0.9381891020144869,10,0.48925,,0.7453824434527455,0.3351756810106593,8.219183940079477e-10,bidisperse_a0.005_sr0.667_x0.25_N4000_L24_T400000_seed1.npz,bidisperse,1,0.005,0.6666666666666666,0.25,0.7403247910709947
48000.0,0.937790368194978,10,0.49075,,0.6522697484528073,0.33165581211762385,7.722896879815901e-10,bidisperse_a0.005_sr0.667_x0.25_N4000_L24_T400000_seed1.npz,bidisperse,1,0.005,0.6666666666666666,0.25,0.7403247910709947
50000.0,0.9369315418199926,9,0.49025,,0.6846627717003697,0.32305563790888425,9.301206971121408e-10,bidisperse_a0.005_sr0.667_x0.25_N4000_L24_T400000_seed1.npz,bidisperse,1,0.005,0.6666666666666666,0.25,0.7403247910709947
52000.0,0.9352157136591532,9,0.49075,,0.6817774071909903,0.3148974130240857,7.824456562599107e-10,bidisperse_a0.005_sr0.667_x0.25_N4000_L24_T400000_seed1.npz,bidisperse,1,0.005,0.6666666666666666,0.25,0.7403247910709947
54000.0,0.9377283953332078,6,0.60325,,0.6867557096684832,0.32284393745697704,9.471810154709012e-10,bidisperse_a0.005_sr0.667_x0.25_N4000_L24_T400000_seed1.npz,bidisperse,1,0.005,0.6666666666666666,0.25,0.7403247910709947
56000.0,0.9366311563721901,7,0.6025,,0.7415023807281952,0.3137798001780592,9.082368619165358e-10,bidisperse_a0.005_sr0.667_x0.25_N4000_L24_T400000_seed1.npz,bidisperse,1,0.005,0.6666666666666666,0.25,0.7403247910709947
58000.0,0.9356339297250632,9,0.54325,,0.7980418912604553,0.3256271519921299,8.595503084273115e-10,bidisperse_a0.005_sr0.667_x0.25_N4000_L24_T400000_seed1.npz,bidisperse,1,0.005,0.6666666666666666,0.25,0.7403247910709947
60000.0,0.9364194116861595,8,0.603,,0.7101808256483102,0.31473590328015066,7.38201397296086e-10,bidisperse_a0.005_sr0.667_x0.25_N4000_L24_T400000_seed1.npz,bidisperse,1,0.005,0.6666666666666666,0.25,0.7403247910709947
62000.0,0.9332223748352275,7,0.60325,,0.6833937214750998,0.31135531135531136,7.825936421288598e-10,bidisperse_a0.005_sr0.667_x0.25_N4000_L24_T400000_seed1.npz,bidisperse,1,0.005,0.6666666666666666,0.25,0.7403247910709947
64000.0,0.9350144605505939,8,0.602,,0.6609592278413454,0.29985126425384234,6.567277959162223e-10,bidisperse_a0.005_sr0.667_x0.25_N4000_L24_T400000_seed1.npz,bidisperse,1,0.005,0.6666666666666666,0.25,0.7403247910709947
66000.0,0.9328153745463199,7,0.60325,,0.6715643618223154,0.30526211866916775,6.923963453646829e-10,bidisperse_a0.005_sr0.667_x0.25_N4000_L24_T400000_seed1.npz,bidisperse,1,0.005,0.6666666666666666,0.25,0.7403247910709947
68000.0,0.931852528784347,8,0.60325,,0.7142161890134848,0.3033330036593809,5.969438002311354e-10,bidisperse_a0.005_sr0.667_x0.25_N4000_L24_T400000_seed1.npz,bidisperse,1,0.005,0.6666666666666666,0.25,0.7403247910709947
70000.0,0.934368118315458,7,0.6585,,0.6701927730236326,0.3178522437781697,6.951966007613368e-10,bidisperse_a0.005_sr0.667_x0.25_N4000_L24_T400000_seed1.npz,bidisperse,1,0.005,0.6666666666666666,0.25,0.7403247910709947
72000.0,0.9318844921707365,5,0.78825,,0.692252336059133,0.32542472173403636,8.358037485006603e-10,bidisperse_a0.005_sr0.667_x0.25_N4000_L24_T400000_seed1.npz,bidisperse,1,0.005,0.6666666666666666,0.25,0.7403247910709947
74000.0,0.932530580914432,6,0.731,,0.6482141749558006,0.32396710397493633,7.754756927197357e-10,bidisperse_a0.005_sr0.667_x0.25_N4000_L24_T400000_seed1.npz,bidisperse,1,0.005,0.6666666666666666,0.25,0.7403247910709947
76000.0,0.9320742133017944,7,0.789,,0.7146412689940239,0.31291781360597715,7.037029501001305e-10,bidisperse_a0.005_sr0.667_x0.25_N4000_L24_T400000_seed1.npz,bidisperse,1,0.005,0.6666666666666666,0.25,0.7403247910709947
78000.0,0.9304757656671533,4,0.79,,0.6780072061904995,0.3124078986147951,7.121290378482687e-10,bidisperse_a0.005_sr0.667_x0.25_N4000_L24_T400000_seed1.npz,bidisperse,1,0.005,0.6666666666666666,0.25,0.7403247910709947
80000.0,0.9302983652124603,5,0.79125,,0.7039285728712448,0.3122118685630211,6.970404534291239e-10,bidisperse_a0.005_sr0.667_x0.25_N4000_L24_T400000_seed1.npz,bidisperse,1,0.005,0.6666666666666666,0.25,0.7403247910709947
82000.0,0.9306611722041258,6,0.79075,,0.6953599563154969,0.3086504511573166,6.822395980482551e-10,bidisperse_a0.005_sr0.667_x0.25_N4000_L24_T400000_seed1.npz,bidisperse,1,0.005,0.6666666666666666,0.25,0.7403247910709947
84000.0,0.9279458194880766,5,0.7905,,0.7076772270612619,0.31255495847581827,6.232222009554686e-10,bidisperse_a0.005_sr0.667_x0.25_N4000_L24_T400000_seed1.npz,bidisperse,1,0.005,0.6666666666666666,0.25,0.7403247910709947
86000.0,0.9307366651963042,6,0.73075,,0.7417564475225341,0.31272620561479014,7.047382956587313e-10,bidisperse_a0.005_sr0.667_x0.25_N4000_L24_T400000_seed1.npz,bidisperse,1,0.005,0.6666666666666666,0.25,0.7403247910709947
88000.0,0.9292300991510543,6,0.7305,,0.7066223608805183,0.32300798753165794,6.849530425504825e-10,bidisperse_a0.005_sr0.667_x0.25_N4000_L24_T400000_seed1.npz,bidisperse,1,0.005,0.6666666666666666,0.25,0.7403247910709947
90000.0,0.9285321873784511,6,0.7895,,0.7281620071885639,0.3064009424700569,6.470212837101379e-10,bidisperse_a0.005_sr0.667_x0.25_N4000_L24_T400000_seed1.npz,bidisperse,1,0.005,0.6666666666666666,0.25,0.7403247910709947
92000.0,0.9275187495773645,4,0.855,,0.7223598079558227,0.32333463186599143,6.684723342915291e-10,bidisperse_a0.005_sr0.667_x0.25_N4000_L24_T400000_seed1.npz,bidisperse,1,0.005,0.6666666666666666,0.25,0.7403247910709947
94000.0,0.9262613910870471,4,0.85475,,0.6683352651062989,0.31976118234315354,7.388475528876351e-10,bidisperse_a0.005_sr0.667_x0.25_N4000_L24_T400000_seed1.npz,bidisperse,1,0.005,0.6666666666666666,0.25,0.7403247910709947
96000.0,0.9264136306535128,4,0.85475,,0.6678463456021777,0.3107062395925164,5.363280267667366e-10,bidisperse_a0.005_sr0.667_x0.25_N4000_L24_T400000_seed1.npz,bidisperse,1,0.005,0.6666666666666666,0.25,0.7403247910709947
98000.0,0.9294839251151035,6,0.85225,,0.6560300271474934,0.32017159013356733,8.160393147487416e-10,bidisperse_a0.005_sr0.667_x0.25_N4000_L24_T400000_seed1.npz,bidisperse,1,0.005,0.6666666666666666,0.25,0.7403247910709947
100000.0,0.9255189205424884,3,0.85475,0.49851621503209603,0.6642544852650659,0.32386252685022454,6.927319266337878e-10,bidisperse_a0.005_sr0.667_x0.25_N4000_L24_T400000_seed1.npz,bidisperse,1,0.005,0.6666666666666666,0.25,0.7403247910709947
102000.0,0.9255749285568774,2,0.8545,,0.705023577278482,0.3189125986553639,7.43787187374916e-10,bidisperse_a0.005_sr0.667_x0.25_N4000_L24_T400000_seed1.npz,bidisperse,1,0.005,0.6666666666666666,0.25,0.7403247910709947
104000.0,0.9265604336803487,3,0.8555,,0.6985979089676833,0.3045690245572841,5.565651510785433e-10,bidisperse_a0.005_sr0.667_x0.25_N4000_L24_T400000_seed1.npz,bidisperse,1,0.005,0.6666666666666666,0.25,0.7403247910709947
106000.0,0.9227833032845427,3,0.855,,0.7017623435290282,0.3093777388255916,5.383527697574517e-10,bidisperse_a0.005_sr0.667_x0.25_N4000_L24_T400000_seed1.npz,bidisperse,1,0.005,0.6666666666666666,0.25,0.7403247910709947
108000.0,0.9237786265783963,3,0.8545,,0.6314916363752873,0.3055148853099072,6.126073281523143e-10,bidisperse_a0.005_sr0.667_x0.25_N4000_L24_T400000_seed1.npz,bidisperse,1,0.005,0.6666666666666666,0.25,0.7403247910709947
110000.0,0.9239664575704868,3,0.85375,,0.6351741425268963,0.3086719813338519,5.89703563156762e-10,bidisperse_a0.005_sr0.667_x0.25_N4000_L24_T400000_seed1.npz,bidisperse,1,0.005,0.6666666666666666,0.25,0.7403247910709947
112000.0,0.9240459600070035,3,0.85575,,0.6127828187385641,0.30979366463237434,5.138052302140528e-10,bidisperse_a0.005_sr0.667_x0.25_N4000_L24_T400000_seed1.npz,bidisperse,1,0.005,0.6666666666666666,0.25,0.7403247910709947
114000.0,0.9253673217455507,4,0.7295,,0.6177084458923419,0.304424088871565,5.838888725957802e-10,bidisperse_a0.005_sr0.667_x0.25_N4000_L24_T400000_seed1.npz,bidisperse,1,0.005,0.6666666666666666,0.25,0.7403247910709947
116000.0,0.9239203026018897,4,0.85475,,0.6353159391587814,0.302956385988877,5.400512879602238e-10,bidisperse_a0.005_sr0.667_x0.25_N4000_L24_T400000_seed1.npz,bidisperse,1,0.005,0.6666666666666666,0.25,0.7403247910709947
118000.0,0.9238464202695096,3,0.61925,,0.6511126761351028,0.31076084841408835,6.029783616386724e-10,bidisperse_a0.005_sr0.667_x0.25_N4000_L24_T400000_seed1.npz,bidisperse,1,0.005,0.6666666666666666,0.25,0.7403247910709947
120000.0,0.920705723223832,4,0.61975,,0.6433266758380403,0.32285438765670205,5.681440866575023e-10,bidisperse_a0.005_sr0.667_x0.25_N4000_L24_T400000_seed1.npz,bidisperse,1,0.005,0.6666666666666666,0.25,0.7403247910709947
122000.0,0.9226113427226732,3,0.62,,0.6554195403884807,0.3016011644832606,6.733378113251308e-10,bidisperse_a0.005_sr0.667_x0.25_N4000_L24_T400000_seed1.npz,bidisperse,1,0.005,0.6666666666666666,0.25,0.7403247910709947
124000.0,0.9237422563301746,4,0.62,,0.6615635235875543,0.30439421864390337,5.811931498817052e-10,bidisperse_a0.005_sr0.667_x0.25_N4000_L24_T400000_seed1.npz,bidisperse,1,0.005,0.6666666666666666,0.25,0.7403247910709947
126000.0,0.9213816602936569,4,0.62075,,0.6632973508685287,0.2936933424310362,4.886346054950552e-10,bidisperse_a0.005_sr0.667_x0.25_N4000_L24_T400000_seed1.npz,bidisperse,1,0.005,0.6666666666666666,0.25,0.7403247910709947
128000.0,0.920363810227826,3,0.61975,,0.6207188637364586,0.29447197124259206,5.751908097198608e-10,bidisperse_a0.005_sr0.667_x0.25_N4000_L24_T400000_seed1.npz,bidisperse,1,0.005,0.6666666666666666,0.25,0.7403247910709947
130000.0,0.9197659291811232,5,0.62075,,0.6484945908775034,0.3078636451675383,6.36277381222362e-10,bidisperse_a0.005_sr0.667_x0.25_N4000_L24_T400000_seed1.npz,bidisperse,1,0.005,0.6666666666666666,0.25,0.7403247910709947
132000.0,0.9198356268749278,4,0.6205,,0.5940616535228438,0.29692666796343126,5.511987498073592e-10,bidisperse_a0.005_sr0.667_x0.25_N4000_L24_T400000_seed1.npz,bidisperse,1,0.005,0.6666666666666666,0.25,0.7403247910709947
134000.0,0.9217816325181716,4,0.61975,,0.6056028602947409,0.3086253369272237,6.077390133514828e-10,bidisperse_a0.005_sr0.667_x0.25_N4000_L24_T400000_seed1.npz,bidisperse,1,0.005,0.6666666666666666,0.25,0.7403247910709947
136000.0,0.9192628496681708,5,0.61975,,0.6060763501654298,0.3058538945331398,6.433491559624385e-10,bidisperse_a0.005_sr0.667_x0.25_N4000_L24_T400000_seed1.npz,bidisperse,1,0.005,0.6666666666666666,0.25,0.7403247910709947
138000.0,0.9206534115163469,4,0.62075,,0.6267671080619363,0.3059744779582366,5.950723175843398e-10,bidisperse_a0.005_sr0.667_x0.25_N4000_L24_T400000_seed1.npz,bidisperse,1,0.005,0.6666666666666666,0.25,0.7403247910709947
140000.0,0.919246653866062,4,0.619,,0.6166025884724133,0.2952798053527981,4.80927525083979e-10,bidisperse_a0.005_sr0.667_x0.25_N4000_L24_T400000_seed1.npz,bidisperse,1,0.005,0.6666666666666666,0.25,0.7403247910709947
142000.0,0.9212849782299547,5,0.6185,,0.62199630581498,0.29893307468477204,4.991105454549352e-10,bidisperse_a0.005_sr0.667_x0.25_N4000_L24_T400000_seed1.npz,bidisperse,1,0.005,0.6666666666666666,0.25,0.7403247910709947
144000.0,0.9189504775644215,5,0.61925,,0.609578404629797,0.3053191489361702,5.402371676225152e-10,bidisperse_a0.005_sr0.667_x0.25_N4000_L24_T400000_seed1.npz,bidisperse,1,0.005,0.6666666666666666,0.25,0.7403247910709947
146000.0,0.9203073514979284,4,0.6195,,0.6151427070348559,0.30260987678276896,4.607481131105304e-10,bidisperse_a0.005_sr0.667_x0.25_N4000_L24_T400000_seed1.npz,bidisperse,1,0.005,0.6666666666666666,0.25,0.7403247910709947
148000.0,0.9191586430667373,4,0.62025,,0.5927114505793627,0.2993803253292022,5.448209969305223e-10,bidisperse_a0.005_sr0.667_x0.25_N4000_L24_T400000_seed1.npz,bidisperse,1,0.005,0.6666666666666666,0.25,0.7403247910709947
150000.0,0.919192644308414,4,0.61975,,0.6316951022745467,0.2896632275647265,5.274130129432152e-10,bidisperse_a0.005_sr0.667_x0.25_N4000_L24_T400000_seed1.npz,bidisperse,1,0.005,0.6666666666666666,0.25,0.7403247910709947
152000.0,0.9178031128463181,4,0.62025,,0.5537552605760225,0.3062784173357841,5.757912884624685e-10,bidisperse_a0.005_sr0.667_x0.25_N4000_L24_T400000_seed1.npz,bidisperse,1,0.005,0.6666666666666666,0.25,0.7403247910709947
154000.0,0.9195226818031694,4,0.62,,0.6134572528716827,0.2949941566030385,4.683452612117439e-10,bidisperse_a0.005_sr0.667_x0.25_N4000_L24_T400000_seed1.npz,bidisperse,1,0.005,0.6666666666666666,0.25,0.7403247910709947
156000.0,0.9180240749195923,4,0.62,,0.6033240412742413,0.2964683115626512,4.722381723926965e-10,bidisperse_a0.005_sr0.667_x0.25_N4000_L24_T400000_seed1.npz,bidisperse,1,0.005,0.6666666666666666,0.25,0.7403247910709947
158000.0,0.9181345442375247,4,0.62025,,0.6190857867724154,0.29175147814287095,4.576359963300694e-10,bidisperse_a0.005_sr0.667_x0.25_N4000_L24_T400000_seed1.npz,bidisperse,1,0.005,0.6666666666666666,0.25,0.7403247910709947
160000.0,0.9191280525320411,4,0.62,,0.6107756194596523,0.2959619491360901,4.691799978452299e-10,bidisperse_a0.005_sr0.667_x0.25_N4000_L24_T400000_seed1.npz,bidisperse,1,0.005,0.6666666666666666,0.25,0.7403247910709947
162000.0,0.9175008271102626,4,0.61975,,0.6360866927586304,0.29298126395495583,4.4682652144002436e-10,bidisperse_a0.005_sr0.667_x0.25_N4000_L24_T400000_seed1.npz,bidisperse,1,0.005,0.6666666666666666,0.25,0.7403247910709947
164000.0,0.9171662863338508,4,0.62025,,0.5587287174733696,0.28878975950349106,4.202000037558628e-10,bidisperse_a0.005_sr0.667_x0.25_N4000_L24_T400000_seed1.npz,bidisperse,1,0.005,0.6666666666666666,0.25,0.7403247910709947
166000.0,0.9189220794633662,5,0.6195,,0.6402714605148019,0.28953229398663693,5.105550738218752e-10,bidisperse_a0.005_sr0.667_x0.25_N4000_L24_T400000_seed1.npz,bidisperse,1,0.005,0.6666666666666666,0.25,0.7403247910709947
168000.0,0.9178322959710744,5,0.61975,,0.5984691467028941,0.29904467818199365,4.849502959646683e-10,bidisperse_a0.005_sr0.667_x0.25_N4000_L24_T400000_seed1.npz,bidisperse,1,0.005,0.6666666666666666,0.25,0.7403247910709947
170000.0,0.9172772345465968,4,0.62,,0.5372282454377345,0.289578284052351,4.6262569801423885e-10,bidisperse_a0.005_sr0.667_x0.25_N4000_L24_T400000_seed1.npz,bidisperse,1,0.005,0.6666666666666666,0.25,0.7403247910709947
172000.0,0.91638205962776,4,0.62025,,0.6174578565540971,0.28809132243397506,4.173946185209544e-10,bidisperse_a0.005_sr0.667_x0.25_N4000_L24_T400000_seed1.npz,bidisperse,1,0.005,0.6666666666666666,0.25,0.7403247910709947
174000.0,0.9175056784707444,4,0.62,,0.6000199265629391,0.28854176773066853,4.717573998355046e-10,bidisperse_a0.005_sr0.667_x0.25_N4000_L24_T400000_seed1.npz,bidisperse,1,0.005,0.6666666666666666,0.25,0.7403247910709947
176000.0,0.9159245916827017,4,0.62,,0.5886297072127702,0.29565469853866255,5.047595076269193e-10,bidisperse_a0.005_sr0.667_x0.25_N4000_L24_T400000_seed1.npz,bidisperse,1,0.005,0.6666666666666666,0.25,0.7403247910709947
178000.0,0.914691377061503,4,0.61975,,0.6618259422472736,0.28852300242130746,5.270701874840244e-10,bidisperse_a0.005_sr0.667_x0.25_N4000_L24_T400000_seed1.npz,bidisperse,1,0.005,0.6666666666666666,0.25,0.7403247910709947
180000.0,0.9166644878979799,4,0.6205,,0.6284074345090761,0.28316524437548485,4.337007501672202e-10,bidisperse_a0.005_sr0.667_x0.25_N4000_L24_T400000_seed1.npz,bidisperse,1,0.005,0.6666666666666666,0.25,0.7403247910709947
182000.0,0.9158974052530213,5,0.619,,0.570286558667705,0.29328962591592744,4.981595082059368e-10,bidisperse_a0.005_sr0.667_x0.25_N4000_L24_T400000_seed1.npz,bidisperse,1,0.005,0.6666666666666666,0.25,0.7403247910709947
184000.0,0.9177661621316551,4,0.61975,,0.5993428017863947,0.28269715171478393,4.6190559176683397e-10,bidisperse_a0.005_sr0.667_x0.25_N4000_L24_T400000_seed1.npz,bidisperse,1,0.005,0.6666666666666666,0.25,0.7403247910709947
186000.0,0.9190552518676236,4,0.62,,0.6590546814278438,0.28933372014311964,4.331142738005228e-10,bidisperse_a0.005_sr0.667_x0.25_N4000_L24_T400000_seed1.npz,bidisperse,1,0.005,0.6666666666666666,0.25,0.7403247910709947
188000.0,0.9151849829292834,4,0.6195,,0.6424903893192055,0.28796977915536615,4.992514440597714e-10,bidisperse_a0.005_sr0.667_x0.25_N4000_L24_T400000_seed1.npz,bidisperse,1,0.005,0.6666666666666666,0.25,0.7403247910709947
190000.0,0.9175083272499018,4,0.61975,,0.6039095329804306,0.28838334946757016,5.334745905540055e-10,bidisperse_a0.005_sr0.667_x0.25_N4000_L24_T400000_seed1.npz,bidisperse,1,0.005,0.6666666666666666,0.25,0.7403247910709947
192000.0,0.9166749483039207,4,0.62,,0.5914905717248617,0.29977779924644965,5.163931062762818e-10,bidisperse_a0.005_sr0.667_x0.25_N4000_L24_T400000_seed1.npz,bidisperse,1,0.005,0.6666666666666666,0.25,0.7403247910709947
194000.0,0.9139554199860641,5,0.61925,,0.537463296334022,0.28626880155264434,4.154525130698891e-10,bidisperse_a0.005_sr0.667_x0.25_N4000_L24_T400000_seed1.npz,bidisperse,1,0.005,0.6666666666666666,0.25,0.7403247910709947
196000.0,0.9169938254462443,4,0.62025,,0.5816545030814547,0.2870388255746571,4.618544082223584e-10,bidisperse_a0.005_sr0.667_x0.25_N4000_L24_T400000_seed1.npz,bidisperse,1,0.005,0.6666666666666666,0.25,0.7403247910709947
198000.0,0.9154824933194738,5,0.61975,,0.5848737101773145,0.300366653801621,4.852458719648543e-10,bidisperse_a0.005_sr0.667_x0.25_N4000_L24_T400000_seed1.npz,bidisperse,1,0.005,0.6666666666666666,0.25,0.7403247910709947
200000.0,0.9154587679079971,4,0.62,0.4916488301337645,0.592873503865502,0.2999515738498789,5.445792851567731e-10,bidisperse_a0.005_sr0.667_x0.25_N4000_L24_T400000_seed1.npz,bidisperse,1,0.005,0.6666666666666666,0.25,0.7403247910709947
202000.0,0.9159022159970176,4,0.62025,,0.595478273640157,0.2911821705426356,4.733297477800948e-10,bidisperse_a0.005_sr0.667_x0.25_N4000_L24_T400000_seed1.npz,bidisperse,1,0.005,0.6666666666666666,0.25,0.7403247910709947
204000.0,0.9138181128763899,4,0.62025,,0.6502089721681328,0.2850643693737296,4.974628878561368e-10,bidisperse_a0.005_sr0.667_x0.25_N4000_L24_T400000_seed1.npz,bidisperse,1,0.005,0.6666666666666666,0.25,0.7403247910709947
206000.0,0.9126022521549602,4,0.62025,,0.5680019232762693,0.284718187100523,4.307059144318707e-10,bidisperse_a0.005_sr0.667_x0.25_N4000_L24_T400000_seed1.npz,bidisperse,1,0.005,0.6666666666666666,0.25,0.7403247910709947
208000.0,0.9147134026070075,5,0.6195,,0.604756708229477,0.29493756654728487,4.3510073738831217e-10,bidisperse_a0.005_sr0.667_x0.25_N4000_L24_T400000_seed1.npz,bidisperse,1,0.005,0.6666666666666666,0.25,0.7403247910709947
210000.0,0.9153693729153115,5,0.62,,0.6259797520577919,0.29269706336939727,4.103382828611086e-10,bidisperse_a0.005_sr0.667_x0.25_N4000_L24_T400000_seed1.npz,bidisperse,1,0.005,0.6666666666666666,0.25,0.7403247910709947
212000.0,0.9143328141770493,4,0.62075,,0.6108940086129899,0.2993275696445725,4.502051371635829e-10,bidisperse_a0.005_sr0.667_x0.25_N4000_L24_T400000_seed1.npz,bidisperse,1,0.005,0.6666666666666666,0.25,0.7403247910709947
214000.0,0.9148700887682574,4,0.6205,,0.5596882721047864,0.2985621924153238,5.011330657130333e-10,bidisperse_a0.005_sr0.667_x0.25_N4000_L24_T400000_seed1.npz,bidisperse,1,0.005,0.6666666666666666,0.25,0.7403247910709947
216000.0,0.915024063222469,4,0.6195,,0.5701173268696258,0.28824726286212576,4.147234933965076e-10,bidisperse_a0.005_sr0.667_x0.25_N4000_L24_T400000_seed1.npz,bidisperse,1,0.005,0.6666666666666666,0.25,0.7403247910709947
218000.0,0.9131164910996145,4,0.6205,,0.5950487069722178,0.29236104421539355,4.0107312573453763e-10,bidisperse_a0.005_sr0.667_x0.25_N4000_L24_T400000_seed1.npz,bidisperse,1,0.005,0.6666666666666666,0.25,0.7403247910709947
220000.0,0.9124287402243233,4,0.6205,,0.6360455312632268,0.2825645488830868,4.0112751156710826e-10,bidisperse_a0.005_sr0.667_x0.25_N4000_L24_T400000_seed1.npz,bidisperse,1,0.005,0.6666666666666666,0.25,0.7403247910709947
222000.0,0.9139332440337017,4,0.62075,,0.5812578564035759,0.285935085007728,3.870449754748235e-10,bidisperse_a0.005_sr0.667_x0.25_N4000_L24_T400000_seed1.npz,bidisperse,1,0.005,0.6666666666666666,0.25,0.7403247910709947
224000.0,0.913647690714166,5,0.6195,,0.5892494551946638,0.28856536829926727,4.3671159466659835e-10,bidisperse_a0.005_sr0.667_x0.25_N4000_L24_T400000_seed1.npz,bidisperse,1,0.005,0.6666666666666666,0.25,0.7403247910709947
226000.0,0.9134304421277426,4,0.6195,,0.6022094378848315,0.295648832965133,5.1816800036319e-10,bidisperse_a0.005_sr0.667_x0.25_N4000_L24_T400000_seed1.npz,bidisperse,1,0.005,0.6666666666666666,0.25,0.7403247910709947
228000.0,0.9120589550314183,4,0.6205,,0.5784091791797787,0.2968225016799463,5.103508443392426e-10,bidisperse_a0.005_sr0.667_x0.25_N4000_L24_T400000_seed1.npz,bidisperse,1,0.005,0.6666666666666666,0.25,0.7403247910709947
230000.0,0.912590677366333,4,0.6205,,0.5714143006960177,0.28073572120038726,3.565991383485666e-10,bidisperse_a0.005_sr0.667_x0.25_N4000_L24_T400000_seed1.npz,bidisperse,1,0.005,0.6666666666666666,0.25,0.7403247910709947
232000.0,0.9129292645723561,4,0.61975,,0.5604329306063667,0.284789956542733,4.5574232836204534e-10,bidisperse_a0.005_sr0.667_x0.25_N4000_L24_T400000_seed1.npz,bidisperse,1,0.005,0.6666666666666666,0.25,0.7403247910709947
234000.0,0.9115418693746076,4,0.6195,,0.5271222231868212,0.2855767379164259,3.943862727812503e-10,bidisperse_a0.005_sr0.667_x0.25_N4000_L24_T400000_seed1.npz,bidisperse,1,0.005,0.6666666666666666,0.25,0.7403247910709947
236000.0,0.9089327138637581,4,0.62075,,0.5319370753335421,0.28036661842739985,4.734790948992489e-10,bidisperse_a0.005_sr0.667_x0.25_N4000_L24_T400000_seed1.npz,bidisperse,1,0.005,0.6666666666666666,0.25,0.7403247910709947
238000.0,0.9135174468346107,4,0.62025,,0.6206337313298056,0.28318072289156626,4.0394416205490925e-10,bidisperse_a0.005_sr0.667_x0.25_N4000_L24_T400000_seed1.npz,bidisperse,1,0.005,0.6666666666666666,0.25,0.7403247910709947
240000.0,0.9131382934634271,5,0.62075,,0.5942421946262126,0.2825730542964606,4.937286394024919e-10,bidisperse_a0.005_sr0.667_x0.25_N4000_L24_T400000_seed1.npz,bidisperse,1,0.005,0.6666666666666666,0.25,0.7403247910709947
242000.0,0.9132200947516601,4,0.6205,,0.5452059803946748,0.2824929836446337,4.253006970223786e-10,bidisperse_a0.005_sr0.667_x0.25_N4000_L24_T400000_seed1.npz,bidisperse,1,0.005,0.6666666666666666,0.25,0.7403247910709947
244000.0,0.9153371498783822,4,0.6195,,0.5190406762979649,0.28860294117647056,4.0399300177911944e-10,bidisperse_a0.005_sr0.667_x0.25_N4000_L24_T400000_seed1.npz,bidisperse,1,0.005,0.6666666666666666,0.25,0.7403247910709947
246000.0,0.9145196197982234,5,0.61925,,0.5906469869290357,0.28831798351914684,4.4641453810052497e-10,bidisperse_a0.005_sr0.667_x0.25_N4000_L24_T400000_seed1.npz,bidisperse,1,0.005,0.6666666666666666,0.25,0.7403247910709947
248000.0,0.9132237817704179,4,0.62,,0.575359301320399,0.29714616274585426,4.827976519027763e-10,bidisperse_a0.005_sr0.667_x0.25_N4000_L24_T400000_seed1.npz,bidisperse,1,0.005,0.6666666666666666,0.25,0.7403247910709947
250000.0,0.9131106586991915,5,0.6205,,0.5747425437357792,0.2954326459818848,4.799072599412866e-10,bidisperse_a0.005_sr0.667_x0.25_N4000_L24_T400000_seed1.npz,bidisperse,1,0.005,0.6666666666666666,0.25,0.7403247910709947
252000.0,0.912779067903724,4,0.6195,,0.5894991687819049,0.29387401271431324,3.992941302482149e-10,bidisperse_a0.005_sr0.667_x0.25_N4000_L24_T400000_seed1.npz,bidisperse,1,0.005,0.6666666666666666,0.25,0.7403247910709947
254000.0,0.9125353372769874,4,0.62075,,0.5779795942193824,0.28840970350404316,4.225564008123542e-10,bidisperse_a0.005_sr0.667_x0.25_N4000_L24_T400000_seed1.npz,bidisperse,1,0.005,0.6666666666666666,0.25,0.7403247910709947
256000.0,0.9099201303936313,6,0.6205,,0.5356860143307075,0.28784668721109397,4.3988220109910995e-10,bidisperse_a0.005_sr0.667_x0.25_N4000_L24_T400000_seed1.npz,bidisperse,1,0.005,0.6666666666666666,0.25,0.7403247910709947
258000.0,0.9114303539423987,4,0.62,,0.600696818130289,0.28695568214734,5.121963499719166e-10,bidisperse_a0.005_sr0.667_x0.25_N4000_L24_T400000_seed1.npz,bidisperse,1,0.005,0.6666666666666666,0.25,0.7403247910709947
260000.0,0.9136224937162143,4,0.6205,,0.56192684904616,0.27474767080745344,3.3624156611830183e-10,bidisperse_a0.005_sr0.667_x0.25_N4000_L24_T400000_seed1.npz,bidisperse,1,0.005,0.6666666666666666,0.25,0.7403247910709947
262000.0,0.9102723640922665,4,0.6205,,0.5955719543440446,0.28312264788188746,4.4687143973256737e-10,bidisperse_a0.005_sr0.667_x0.25_N4000_L24_T400000_seed1.npz,bidisperse,1,0.005,0.6666666666666666,0.25,0.7403247910709947
264000.0,0.9145223016976646,4,0.62025,,0.5768948728135035,0.28747591522158,3.8827100455677127e-10,bidisperse_a0.005_sr0.667_x0.25_N4000_L24_T400000_seed1.npz,bidisperse,1,0.005,0.6666666666666666,0.25,0.7403247910709947
266000.0,0.9124290767144563,5,0.62,,0.5813801690406061,0.28778228141285467,4.89620635576012e-10,bidisperse_a0.005_sr0.667_x0.25_N4000_L24_T400000_seed1.npz,bidisperse,1,0.005,0.6666666666666666,0.25,0.7403247910709947
268000.0,0.9128499247402168,4,0.62,,0.5812274944112663,0.29254909510974203,4.574734557932828e-10,bidisperse_a0.005_sr0.667_x0.25_N4000_L24_T400000_seed1.npz,bidisperse,1,0.005,0.6666666666666666,0.25,0.7403247910709947
270000.0,0.9112479827607762,4,0.6205,,0.5937224756908716,0.2810381561107883,3.6011362890436293e-10,bidisperse_a0.005_sr0.667_x0.25_N4000_L24_T400000_seed1.npz,bidisperse,1,0.005,0.6666666666666666,0.25,0.7403247910709947
272000.0,0.9111576443363989,4,0.6205,,0.5838561396594281,0.2813348855258052,4.0099024905250044e-10,bidisperse_a0.005_sr0.667_x0.25_N4000_L24_T400000_seed1.npz,bidisperse,1,0.005,0.6666666666666666,0.25,0.7403247910709947
274000.0,0.9132861962336143,4,0.62,,0.5755091266827301,0.29847578622419446,3.8509433845700035e-10,bidisperse_a0.005_sr0.667_x0.25_N4000_L24_T400000_seed1.npz,bidisperse,1,0.005,0.6666666666666666,0.25,0.7403247910709947
276000.0,0.9105610020153335,4,0.6195,,0.5493311551986311,0.2893790690894956,4.539529393315405e-10,bidisperse_a0.005_sr0.667_x0.25_N4000_L24_T400000_seed1.npz,bidisperse,1,0.005,0.6666666666666666,0.25,0.7403247910709947
278000.0,0.9122307865137628,4,0.62025,,0.6075535811416264,0.2909863781277171,4.1265109530700983e-10,bidisperse_a0.005_sr0.667_x0.25_N4000_L24_T400000_seed1.npz,bidisperse,1,0.005,0.6666666666666666,0.25,0.7403247910709947
280000.0,0.9141785391787344,4,0.62,,0.6030769349361239,0.2929691257093392,4.0652712575132345e-10,bidisperse_a0.005_sr0.667_x0.25_N4000_L24_T400000_seed1.npz,bidisperse,1,0.005,0.6666666666666666,0.25,0.7403247910709947
282000.0,0.91288379435387,4,0.61975,,0.5505989589066078,0.2921077959576516,5.066823585497515e-10,bidisperse_a0.005_sr0.667_x0.25_N4000_L24_T400000_seed1.npz,bidisperse,1,0.005,0.6666666666666666,0.25,0.7403247910709947
284000.0,0.9125578906099158,4,0.61975,,0.5851510939803817,0.2881683072765875,4.72799629603084e-10,bidisperse_a0.005_sr0.667_x0.25_N4000_L24_T400000_seed1.npz,bidisperse,1,0.005,0.6666666666666666,0.25,0.7403247910709947
286000.0,0.9137211619247986,4,0.6195,,0.6490147213936213,0.2952509392158752,5.389672293320489e-10,bidisperse_a0.005_sr0.667_x0.25_N4000_L24_T400000_seed1.npz,bidisperse,1,0.005,0.6666666666666666,0.25,0.7403247910709947
288000.0,0.9114469960446258,4,0.6195,,0.6115856876535689,0.28714588552707654,3.7600069083476215e-10,bidisperse_a0.005_sr0.667_x0.25_N4000_L24_T400000_seed1.npz,bidisperse,1,0.005,0.6666666666666666,0.25,0.7403247910709947
290000.0,0.9109014217963299,4,0.6205,,0.5465095861904455,0.28506830863959975,4.054443476574164e-10,bidisperse_a0.005_sr0.667_x0.25_N4000_L24_T400000_seed1.npz,bidisperse,1,0.005,0.6666666666666666,0.25,0.7403247910709947
292000.0,0.9109168068209926,4,0.62025,,0.5685823461201532,0.2835777692010807,4.070881560700996e-10,bidisperse_a0.005_sr0.667_x0.25_N4000_L24_T400000_seed1.npz,bidisperse,1,0.005,0.6666666666666666,0.25,0.7403247910709947
294000.0,0.9107426285484738,4,0.6205,,0.5694172682852762,0.2970325554595218,4.809281560942729e-10,bidisperse_a0.005_sr0.667_x0.25_N4000_L24_T400000_seed1.npz,bidisperse,1,0.005,0.6666666666666666,0.25,0.7403247910709947
296000.0,0.9129285363828683,4,0.62025,,0.5579240325645821,0.2934154793993069,5.255202139724861e-10,bidisperse_a0.005_sr0.667_x0.25_N4000_L24_T400000_seed1.npz,bidisperse,1,0.005,0.6666666666666666,0.25,0.7403247910709947
298000.0,0.9117785564782752,4,0.62025,,0.5835139240975908,0.2893493975903615,4.005482879870778e-10,bidisperse_a0.005_sr0.667_x0.25_N4000_L24_T400000_seed1.npz,bidisperse,1,0.005,0.6666666666666666,0.25,0.7403247910709947
300000.0,0.9121842053883513,4,0.61975,0.4909163999116655,0.5694113824611695,0.2840920120353295,3.985962587597501e-10,bidisperse_a0.005_sr0.667_x0.25_N4000_L24_T400000_seed1.npz,bidisperse,1,0.005,0.6666666666666666,0.25,0.7403247910709947
302000.0,0.9120039979704377,5,0.61975,,0.5739544696383506,0.290853130710782,4.4150789764224234e-10,bidisperse_a0.005_sr0.667_x0.25_N4000_L24_T400000_seed1.npz,bidisperse,1,0.005,0.6666666666666666,0.25,0.7403247910709947
304000.0,0.9105985399691577,4,0.61975,,0.5376152177099139,0.29109917513907535,3.951192501211036e-10,bidisperse_a0.005_sr0.667_x0.25_N4000_L24_T400000_seed1.npz,bidisperse,1,0.005,0.6666666666666666,0.25,0.7403247910709947
306000.0,0.9120718228814655,4,0.62025,,0.5116603246566683,0.29359823399558493,4.79429689606492e-10,bidisperse_a0.005_sr0.667_x0.25_N4000_L24_T400000_seed1.npz,bidisperse,1,0.005,0.6666666666666666,0.25,0.7403247910709947
308000.0,0.9116851373484647,4,0.62,,0.5367225481879193,0.2956922191307685,4.629375849065202e-10,bidisperse_a0.005_sr0.667_x0.25_N4000_L24_T400000_seed1.npz,bidisperse,1,0.005,0.6666666666666666,0.25,0.7403247910709947
310000.0,0.911670330869625,4,0.62025,,0.5099800376250115,0.298501728774491,4.2311952055201036e-10,bidisperse_a0.005_sr0.667_x0.25_N4000_L24_T400000_seed1.npz,bidisperse,1,0.005,0.6666666666666666,0.25,0.7403247910709947
312000.0,0.9127003217816552,4,0.62,,0.5257055174110788,0.28926499032882014,4.321459423685217e-10,bidisperse_a0.005_sr0.667_x0.25_N4000_L24_T400000_seed1.npz,bidisperse,1,0.005,0.6666666666666666,0.25,0.7403247910709947
314000.0,0.9134623693996182,4,0.62,,0.5588035496259712,0.2933410426905657,4.550795008537714e-10,bidisperse_a0.005_sr0.667_x0.25_N4000_L24_T400000_seed1.npz,bidisperse,1,0.005,0.6666666666666666,0.25,0.7403247910709947
316000.0,0.912757127776023,4,0.61975,,0.5606051486340504,0.2821997105643994,4.5438975890026946e-10,bidisperse_a0.005_sr0.667_x0.25_N4000_L24_T400000_seed1.npz,bidisperse,1,0.005,0.6666666666666666,0.25,0.7403247910709947
318000.0,0.9129011964337002,5,0.61925,,0.5861481765120526,0.2786347859622059,4.495138283650647e-10,bidisperse_a0.005_sr0.667_x0.25_N4000_L24_T400000_seed1.npz,bidisperse,1,0.005,0.6666666666666666,0.25,0.7403247910709947
320000.0,0.9120123370784229,4,0.62025,,0.5617769861132396,0.2780733146339104,4.216001002896164e-10,bidisperse_a0.005_sr0.667_x0.25_N4000_L24_T400000_seed1.npz,bidisperse,1,0.005,0.6666666666666666,0.25,0.7403247910709947
322000.0,0.9127147899959244,4,0.62075,,0.5230377623476261,0.29118072289156627,4.955655650937692e-10,bidisperse_a0.005_sr0.667_x0.25_N4000_L24_T400000_seed1.npz,bidisperse,1,0.005,0.6666666666666666,0.25,0.7403247910709947
324000.0,0.9118007101062666,4,0.61975,,0.5348735407421349,0.28068985563414395,3.548759784645672e-10,bidisperse_a0.005_sr0.667_x0.25_N4000_L24_T400000_seed1.npz,bidisperse,1,0.005,0.6666666666666666,0.25,0.7403247910709947
326000.0,0.9118848159851894,4,0.6205,,0.5605504572448514,0.28333816845566195,3.9724078077330125e-10,bidisperse_a0.005_sr0.667_x0.25_N4000_L24_T400000_seed1.npz,bidisperse,1,0.005,0.6666666666666666,0.25,0.7403247910709947
328000.0,0.9118217300724648,4,0.6205,,0.5267786907267712,0.2838478660601955,2.9716867133069185e-10,bidisperse_a0.005_sr0.667_x0.25_N4000_L24_T400000_seed1.npz,bidisperse,1,0.005,0.6666666666666666,0.25,0.7403247910709947
330000.0,0.9100933314119259,4,0.62075,,0.5638385357307455,0.28189738625363026,3.881597698029581e-10,bidisperse_a0.005_sr0.667_x0.25_N4000_L24_T400000_seed1.npz,bidisperse,1,0.005,0.6666666666666666,0.25,0.7403247910709947
332000.0,0.9109459775860574,4,0.61975,,0.6170083264871965,0.28324146600909006,4.413877454621254e-10,bidisperse_a0.005_sr0.667_x0.25_N4000_L24_T400000_seed1.npz,bidisperse,1,0.005,0.6666666666666666,0.25,0.7403247910709947
334000.0,0.9121377600612796,4,0.62,,0.5923592683771958,0.2917991712440975,4.3034382823761326e-10,bidisperse_a0.005_sr0.667_x0.25_N4000_L24_T400000_seed1.npz,bidisperse,1,0.005,0.6666666666666666,0.25,0.7403247910709947
336000.0,0.9107763546140937,4,0.62,,0.5434246644281922,0.29529491003560093,4.436310745836967e-10,bidisperse_a0.005_sr0.667_x0.25_N4000_L24_T400000_seed1.npz,bidisperse,1,0.005,0.6666666666666666,0.25,0.7403247910709947
338000.0,0.9117975464850715,4,0.6195,,0.5566905310728462,0.289990375360924,3.907917857503811e-10,bidisperse_a0.005_sr0.667_x0.25_N4000_L24_T400000_seed1.npz,bidisperse,1,0.005,0.6666666666666666,0.25,0.7403247910709947
340000.0,0.9124366057381396,5,0.62025,,0.5937594253704778,0.29029779058597505,4.1638923638854663e-10,bidisperse_a0.005_sr0.667_x0.25_N4000_L24_T400000_seed1.npz,bidisperse,1,0.005,0.6666666666666666,0.25,0.7403247910709947
342000.0,0.9112132134111193,4,0.6205,,0.5800085524962632,0.2865136021609107,3.66101016142304e-10,bidisperse_a0.005_sr0.667_x0.25_N4000_L24_T400000_seed1.npz,bidisperse,1,0.005,0.6666666666666666,0.25,0.7403247910709947
344000.0,0.9124201311443053,4,0.62075,,0.5008906653694819,0.27661846064253126,3.8859380608498023e-10,bidisperse_a0.005_sr0.667_x0.25_N4000_L24_T400000_seed1.npz,bidisperse,1,0.005,0.6666666666666666,0.25,0.7403247910709947
346000.0,0.9115873871552488,4,0.61975,,0.5829818644509314,0.28251640293323044,3.267343473457192e-10,bidisperse_a0.005_sr0.667_x0.25_N4000_L24_T400000_seed1.npz,bidisperse,1,0.005,0.6666666666666666,0.25,0.7403247910709947
348000.0,0.9110776059374304,4,0.62025,,0.5739532255472976,0.2864302235929067,4.911232950283616e-10,bidisperse_a0.005_sr0.667_x0.25_N4000_L24_T400000_seed1.npz,bidisperse,1,0.005,0.6666666666666666,0.25,0.7403247910709947
350000.0,0.9138565448351185,3,0.76325,,0.5321265312099192,0.2856867097770486,4.673593228278584e-10,bidisperse_a0.005_sr0.667_x0.25_N4000_L24_T400000_seed1.npz,bidisperse,1,0.005,0.6666666666666666,0.25,0.7403247910709947
352000.0,0.9123452242822853,3,0.7625,,0.5873598644104265,0.29203114486205906,4.2242332271563414e-10,bidisperse_a0.005_sr0.667_x0.25_N4000_L24_T400000_seed1.npz,bidisperse,1,0.005,0.6666666666666666,0.25,0.7403247910709947
354000.0,0.9142329783562271,3,0.7635,,0.5817658231826109,0.2857142857142857,4.459611835354887e-10,bidisperse_a0.005_sr0.667_x0.25_N4000_L24_T400000_seed1.npz,bidisperse,1,0.005,0.6666666666666666,0.25,0.7403247910709947
356000.0,0.9099679374917309,3,0.7635,,0.5228915426894449,0.2968283042514219,5.216353893816944e-10,bidisperse_a0.005_sr0.667_x0.25_N4000_L24_T400000_seed1.npz,bidisperse,1,0.005,0.6666666666666666,0.25,0.7403247910709947
358000.0,0.9144460820305604,3,0.76375,,0.5577746958166644,0.2958029896512073,4.719576742906567e-10,bidisperse_a0.005_sr0.667_x0.25_N4000_L24_T400000_seed1.npz,bidisperse,1,0.005,0.6666666666666666,0.25,0.7403247910709947
360000.0,0.9109718085384284,3,0.76325,,0.5349557433527035,0.27920696324951644,3.754666315274397e-10,bidisperse_a0.005_sr0.667_x0.25_N4000_L24_T400000_seed1.npz,bidisperse,1,0.005,0.6666666666666666,0.25,0.7403247910709947
362000.0,0.9108064942533054,3,0.76375,,0.5437019509333124,0.2857280803398996,3.8624102451915036e-10,bidisperse_a0.005_sr0.667_x0.25_N4000_L24_T400000_seed1.npz,bidisperse,1,0.005,0.6666666666666666,0.25,0.7403247910709947
364000.0,0.911019810112768,3,0.76275,,0.5696201164629439,0.2890489913544668,3.8658356433506635e-10,bidisperse_a0.005_sr0.667_x0.25_N4000_L24_T400000_seed1.npz,bidisperse,1,0.005,0.6666666666666666,0.25,0.7403247910709947
366000.0,0.9126298066903593,3,0.76325,,0.6132343669882474,0.2798687512063308,3.936723367562454e-10,bidisperse_a0.005_sr0.667_x0.25_N4000_L24_T400000_seed1.npz,bidisperse,1,0.005,0.6666666666666666,0.25,0.7403247910709947
368000.0,0.9121067547426895,3,0.76325,,0.5375744638910998,0.28549337972359135,3.704728589447403e-10,bidisperse_a0.005_sr0.667_x0.25_N4000_L24_T400000_seed1.npz,bidisperse,1,0.005,0.6666666666666666,0.25,0.7403247910709947
370000.0,0.9096090557930195,3,0.7635,,0.5602295532344217,0.3026265337423313,4.2713832713467246e-10,bidisperse_a0.005_sr0.667_x0.25_N4000_L24_T400000_seed1.npz,bidisperse,1,0.005,0.6666666666666666,0.25,0.7403247910709947
372000.0,0.9121313405955711,3,0.76275,,0.5559824380846566,0.2919750120134551,3.818525570016969e-10,bidisperse_a0.005_sr0.667_x0.25_N4000_L24_T400000_seed1.npz,bidisperse,1,0.005,0.6666666666666666,0.25,0.7403247910709947
374000.0,0.9115105285376016,3,0.76325,,0.554266229136965,0.2889529298751201,4.0278431521014846e-10,bidisperse_a0.005_sr0.667_x0.25_N4000_L24_T400000_seed1.npz,bidisperse,1,0.005,0.6666666666666666,0.25,0.7403247910709947
376000.0,0.9113340832309974,3,0.763,,0.5696525082564998,0.2875880027003568,4.2203198308428397e-10,bidisperse_a0.005_sr0.667_x0.25_N4000_L24_T400000_seed1.npz,bidisperse,1,0.005,0.6666666666666666,0.25,0.7403247910709947
378000.0,0.9084212696843443,3,0.76325,,0.5611886720030698,0.2884226734674238,4.2457843519148466e-10,bidisperse_a0.005_sr0.667_x0.25_N4000_L24_T400000_seed1.npz,bidisperse,1,0.005,0.6666666666666666,0.25,0.7403247910709947
380000.0,0.9117890747479012,3,0.7635,,0.539087226707966,0.2848058579824646,3.691622265045079e-10,bidisperse_a0.005_sr0.667_x0.25_N4000_L24_T400000_seed1.npz,bidisperse,1,0.005,0.6666666666666666,0.25,0.7403247910709947
382000.0,0.9123469030121124,4,0.7625,,0.5837560646501866,0.28967909800520386,3.566074111915689e-10,bidisperse_a0.005_sr0.667_x0.25_N4000_L24_T400000_seed1.npz,bidisperse,1,0.005,0.6666666666666666,0.25,0.7403247910709947
384000.0,0.9116888226266555,3,0.7635,,0.5578300639530478,0.28740840725028927,3.659222731135032e-10,bidisperse_a0.005_sr0.667_x0.25_N4000_L24_T400000_seed1.npz,bidisperse,1,0.005,0.6666666666666666,0.25,0.7403247910709947
386000.0,0.9127712339298464,3,0.76275,,0.6030961612564111,0.2809454896285577,3.851508359921989e-10,bidisperse_a0.005_sr0.667_x0.25_N4000_L24_T400000_seed1.npz,bidisperse,1,0.005,0.6666666666666666,0.25,0.7403247910709947
388000.0,0.9102526164347992,3,0.76275,,0.5754501187939761,0.28560408832320894,3.8672970965143805e-10,bidisperse_a0.005_sr0.667_x0.25_N4000_L24_T400000_seed1.npz,bidisperse,1,0.005,0.6666666666666666,0.25,0.7403247910709947
390000.0,0.9115823045220819,3,0.76275,,0.5605077196313079,0.28674629165863996,4.1776822713475996e-10,bidisperse_a0.005_sr0.667_x0.25_N4000_L24_T400000_seed1.npz,bidisperse,1,0.005,0.6666666666666666,0.25,0.7403247910709947
392000.0,0.9102213308852953,3,0.763,,0.5392260000327046,0.28222393228164677,3.311417353306903e-10,bidisperse_a0.005_sr0.667_x0.25_N4000_L24_T400000_seed1.npz,bidisperse,1,0.005,0.6666666666666666,0.25,0.7403247910709947
394000.0,0.9115373967717718,3,0.76325,,0.5561433235606088,0.2876514714368148,4.2098826805031783e-10,bidisperse_a0.005_sr0.667_x0.25_N4000_L24_T400000_seed1.npz,bidisperse,1,0.005,0.6666666666666666,0.25,0.7403247910709947
396000.0,0.912227475742773,3,0.76375,,0.558022731899151,0.2842683632157317,3.053804378732051e-10,bidisperse_a0.005_sr0.667_x0.25_N4000_L24_T400000_seed1.npz,bidisperse,1,0.005,0.6666666666666666,0.25,0.7403247910709947
398000.0,0.9127085337205669,3,0.76325,,0.5871843701402841,0.293225868355402,4.2164603735297114e-10,bidisperse_a0.005_sr0.667_x0.25_N4000_L24_T400000_seed1.npz,bidisperse,1,0.005,0.6666666666666666,0.25,0.7403247910709947
400000.0,0.9100102080280356,3,0.76325,0.48469575182979013,0.5993022541231658,0.2912509593246354,4.523802795283628e-10,bidisperse_a0.005_sr0.667_x0.25_N4000_L24_T400000_seed1.npz,bidisperse,1,0.005,0.6666666666666666,0.25,0.7403247910709947
0.0,0.9970263857931179,804,0.0055,0.8846268348087749,,,,bidisperse_a0.005_sr0.667_x0.25_N4000_L24_T400000_seed2.npz,bidisperse,2,0.005,0.6666666666666666,0.25,0.5660716168899403
2000.0,0.9752710808911822,52,0.1145,,0.10422087027134795,0.7991297189227331,9.748368518734563e-09,bidisperse_a0.005_sr0.667_x0.25_N4000_L24_T400000_seed2.npz,bidisperse,2,0.005,0.6666666666666666,0.25,0.5660716168899403
4000.0,0.966217098177547,26,0.35825,,0.7265748230424588,0.5267958950969214,4.3466248332869244e-09,bidisperse_a0.005_sr0.667_x0.25_N4000_L24_T400000_seed2.npz,bidisperse,2,0.005,0.6666666666666666,0.25,0.5660716168899403
6000.0,0.9643122645094704,21,0.30475,,0.7470856595509602,0.47603899435608,3.753511120405478e-09,bidisperse_a0.005_sr0.667_x0.25_N4000_L24_T400000_seed2.npz,bidisperse,2,0.005,0.6666666666666666,0.25,0.5660716168899403
8000.0,0.9584144318658553,18,0.33025,,0.7534528707677507,0.4562216624685138,2.553091995791161e-09,bidisperse_a0.005_sr0.667_x0.25_N4000_L24_T400000_seed2.npz,bidisperse,2,0.005,0.6666666666666666,0.25,0.5660716168899403
10000.0,0.9566916990623554,16,0.561,,0.7401613066539541,0.42650144898570996,2.3313535288161937e-09,bidisperse_a0.005_sr0.667_x0.25_N4000_L24_T400000_seed2.npz,bidisperse,2,0.005,0.6666666666666666,0.25,0.5660716168899403
12000.0,0.9538460606776072,13,0.5885,,0.7770180790647118,0.42005366192984195,1.7989282753018696e-09,bidisperse_a0.005_sr0.667_x0.25_N4000_L24_T400000_seed2.npz,bidisperse,2,0.005,0.6666666666666666,0.25,0.5660716168899403
14000.0,0.9514702068098447,8,0.6605,,0.7427534894899185,0.3953580638762151,1.5562978987138165e-09,bidisperse_a0.005_sr0.667_x0.25_N4000_L24_T400000_seed2.npz,bidisperse,2,0.005,0.6666666666666666,0.25,0.5660716168899403
16000.0,0.9512563330249293,9,0.41075,,0.7520784186375048,0.3759562841530054,1.505085112029915e-09,bidisperse_a0.005_sr0.667_x0.25_N4000_L24_T400000_seed2.npz,bidisperse,2,0.005,0.6666666666666666,0.25,0.5660716168899403
18000.0,0.949698273104753,10,0.3765,,0.8101136739970052,0.3613563402889246,1.2269920778670934e-09,bidisperse_a0.005_sr0.667_x0.25_N4000_L24_T400000_seed2.npz,bidisperse,2,0.005,0.6666666666666666,0.25,0.5660716168899403
20000.0,0.9505877648441687,9,0.6615,,0.7455330827520186,0.3648218196297034,1.1084620728928368e-09,bidisperse_a0.005_sr0.667_x0.25_N4000_L24_T400000_seed2.npz,bidisperse,2,0.005,0.6666666666666666,0.25,0.5660716168899403
22000.0,0.9483546558277903,8,0.6615,,0.8067684107712628,0.3531624270018806,1.172597820779912e-09,bidisperse_a0.005_sr0.667_x0.25_N4000_L24_T400000_seed2.npz,bidisperse,2,0.005,0.6666666666666666,0.25,0.5660716168899403
24000.0,0.9442887439939259,7,0.69675,,0.7715632003203904,0.3398608349900596,1.0552993528154445e-09,bidisperse_a0.005_sr0.667_x0.25_N4000_L24_T400000_seed2.npz,bidisperse,2,0.005,0.6666666666666666,0.25,0.5660716168899403
26000.0,0.9433772222570741,7,0.48875,,0.7380949887671632,0.3446181419894454,1.0730100669856346e-09,bidisperse_a0.005_sr0.667_x0.25_N4000_L24_T400000_seed2.npz,bidisperse,2,0.005,0.6666666666666666,0.25,0.5660716168899403
28000.0,0.9435488509078837,6,0.866,,0.7686370740629516,0.35245820555940255,9.418887091707777e-10,bidisperse_a0.005_sr0.667_x0.25_N4000_L24_T400000_seed2.npz,bidisperse,2,0.005,0.6666666666666666,0.25,0.5660716168899403
30000.0,0.9431846270413596,7,0.48975,,0.8058098995581274,0.3701165181631254,1.072307512833289e-09,bidisperse_a0.005_sr0.667_x0.25_N4000_L24_T400000_seed2.npz,bidisperse,2,0.005,0.6666666666666666,0.25,0.5660716168899403
32000.0,0.9404375686797464,6,0.49075,,0.7719948014632124,0.3575231709721949,9.417900971551548e-10,bidisperse_a0.005_sr0.667_x0.25_N4000_L24_T400000_seed2.npz,bidisperse,2,0.005,0.6666666666666666,0.25,0.5660716168899403
34000.0,0.9408965040383533,6,0.49075,,0.7024750143372243,0.3358498062978047,8.958664450426698e-10,bidisperse_a0.005_sr0.667_x0.25_N4000_L24_T400000_seed2.npz,bidisperse,2,0.005,0.6666666666666666,0.25,0.5660716168899403
36000.0,0.9400498088430276,6,0.48975,,0.7440430801814865,0.3359637009272046,8.33841488260023e-10,bidisperse_a0.005_sr0.667_x0.25_N4000_L24_T400000_seed2.npz,bidisperse,2,0.005,0.6666666666666666,0.25,0.5660716168899403
38000.0,0.9404385703193071,6,0.50825,,0.7121120914073583,0.33905453118870144,8.069270425389729e-10,bidisperse_a0.005_sr0.667_x0.25_N4000_L24_T400000_seed2.npz,bidisperse,2,0.005,0.6666666666666666,0.25,0.5660716168899403
40000.0,0.9365256018347661,5,0.50675,,0.6601808886543667,0.34340362923001466,8.636645985495171e-10,bidisperse_a0.005_sr0.667_x0.25_N4000_L24_T400000_seed2.npz,bidisperse,2,0.005,0.6666666666666666,0.25,0.5660716168899403
42000.0,0.9384559191568627,5,0.50725,,0.6908299452646719,0.3400706436420722,9.518186469098792e-10,bidisperse_a0.005_sr0.667_x0.25_N4000_L24_T400000_seed2.npz,bidisperse,2,0.005,0.6666666666666666,0.25,0.5660716168899403
44000.0,0.938113991287609,6,0.50625,,0.7607670598960635,0.3240576277876456,7.84028958014402e-10,bidisperse_a0.005_sr0.667_x0.25_N4000_L24_T400000_seed2.npz,bidisperse,2,0.005,0.6666666666666666,0.25,0.5660716168899403
46000.0,0.9369264598711643,5,0.50725,,0.7300819257271861,0.3236194803911884,7.236413114432555e-10,bidisperse_a0.005_sr0.667_x0.25_N4000_L24_T400000_seed2.npz,bidisperse,2,0.005,0.6666666666666666,0.25,0.5660716168899403
48000.0,0.9380512847869544,6,0.5055,,0.7365006665527595,0.32328739962327746,6.883880109979189e-10,bidisperse_a0.005_sr0.667_x0.25_N4000_L24_T400000_seed2.npz,bidisperse,2,0.005,0.6666666666666666,0.25,0.5660716168899403
50000.0,0.936761212445997,4,0.542,,0.7389292213462727,0.3340909090909091,7.492993811351616e-10,bidisperse_a0.005_sr0.667_x0.25_N4000_L24_T400000_seed2.npz,bidisperse,2,0.005,0.6666666666666666,0.25,0.5660716168899403
52000.0,0.9335800311042853,4,0.542,,0.7198961690086156,0.3314584566804816,7.301245823550385e-10,bidisperse_a0.005_sr0.667_x0.25_N4000_L24_T400000_seed2.npz,bidisperse,2,0.005,0.6666666666666666,0.25,0.5660716168899403
54000.0,0.9356812638140279,5,0.54175,,0.7649676380426049,0.34472352024922115,7.493124291479115e-10,bidisperse_a0.005_sr0.667_x0.25_N4000_L24_T400000_seed2.npz,bidisperse,2,0.005,0.6666666666666666,0.25,0.5660716168899403
56000.0,0.9346149615402188,4,0.542,,0.7387142919589927,0.31388587759929043,6.419209280793611e-10,bidisperse_a0.005_sr0.667_x0.25_N4000_L24_T400000_seed2.npz,bidisperse,2,0.005,0.6666666666666666,0.25,0.5660716168899403
58000.0,0.9349151612690912,4,0.542,,0.7257311085131368,0.32108657416454955,6.578324681199631e-10,bidisperse_a0.005_sr0.667_x0.25_N4000_L24_T400000_seed2.npz,bidisperse,2,0.005,0.6666666666666666,0.25,0.5660716168899403
60000.0,0.933391071328563,4,0.543,,0.678469302435908,0.32095620652493384,7.371101526196282e-10,bidisperse_a0.005_sr0.667_x0.25_N4000_L24_T400000_seed2.npz,bidisperse,2,0.005,0.6666666666666666,0.25,0.5660716168899403
62000.0,0.9350153931949958,4,0.5425,,0.6452104291351999,0.32182333952851416,7.163284574443451e-10,bidisperse_a0.005_sr0.667_x0.25_N4000_L24_T400000_seed2.npz,bidisperse,2,0.005,0.6666666666666666,0.25,0.5660716168899403
64000.0,0.93278670352218,5,0.542,,0.6639288915787508,0.3207307542008597,7.245372127347044e-10,bidisperse_a0.005_sr0.667_x0.25_N4000_L24_T400000_seed2.npz,bidisperse,2,0.005,0.6666666666666666,0.25,0.5660716168899403
66000.0,0.9308352085227756,3,0.92,,0.6876376104978071,0.3205778992581023,7.213581172491037e-10,bidisperse_a0.005_sr0.667_x0.25_N4000_L24_T400000_seed2.npz,bidisperse,2,0.005,0.6666666666666666,0.25,0.5660716168899403
68000.0,0.9320559796224388,4,0.91925,,0.6733407533737632,0.31331771138449527,7.3729503868223e-10,bidisperse_a0.005_sr0.667_x0.25_N4000_L24_T400000_seed2.npz,bidisperse,2,0.005,0.6666666666666666,0.25,0.5660716168899403
70000.0,0.9300647318652312,3,0.91925,,0.6851861505113321,0.3186599142968446,6.634460098927051e-10,bidisperse_a0.005_sr0.667_x0.25_N4000_L24_T400000_seed2.npz,bidisperse,2,0.005,0.6666666666666666,0.25,0.5660716168899403
72000.0,0.927236493482088,3,0.9195,,0.6547049382947209,0.30626107501476674,6.005209986606648e-10,bidisperse_a0.005_sr0.667_x0.25_N4000_L24_T400000_seed2.npz,bidisperse,2,0.005,0.6666666666666666,0.25,0.5660716168899403
74000.0,0.9283492501906578,4,0.9185,,0.6682440454886355,0.30667060212514763,5.5505819480043e-10,bidisperse_a0.005_sr0.667_x0.25_N4000_L24_T400000_seed2.npz,bidisperse,2,0.005,0.6666666666666666,0.25,0.5660716168899403
76000.0,0.9262900594920942,3,0.91975,,0.6379262794431511,0.3009136457412319,5.295923611656941e-10,bidisperse_a0.005_sr0.667_x0.25_N4000_L24_T400000_seed2.npz,bidisperse,2,0.005,0.6666666666666666,0.25,0.5660716168899403
78000.0,0.9292380617425937,3,0.91925,,0.6406115439279676,0.31219512195121957,6.1191932219093e-10,bidisperse_a0.005_sr0.667_x0.25_N4000_L24_T400000_seed2.npz,bidisperse,2,0.005,0.6666666666666666,0.25,0.5660716168899403
80000.0,0.9274759986274217,4,0.918,,0.6710549448472268,0.314659379269959,6.465958017360873e-10,bidisperse_a0.005_sr0.667_x0.25_N4000_L24_T400000_seed2.npz,bidisperse,2,0.005,0.6666666666666666,0.25,0.5660716168899403
82000.0,0.9271028842127733,3,0.9195,,0.6655535962548957,0.3203789636504254,7.137725633252218e-10,bidisperse_a0.005_sr0.667_x0.25_N4000_L24_T400000_seed2.npz,bidisperse,2,0.005,0.6666666666666666,0.25,0.5660716168899403
84000.0,0.9278481363840082,2,0.954,,0.6726556332921467,0.30488516932658627,6.141915084774695e-10,bidisperse_a0.005_sr0.667_x0.25_N4000_L24_T400000_seed2.npz,bidisperse,2,0.005,0.6666666666666666,0.25,0.5660716168899403
86000.0,0.9265528417254167,2,0.953,,0.6722637339745671,0.30343343441259907,5.805726498462214e-10,bidisperse_a0.005_sr0.667_x0.25_N4000_L24_T400000_seed2.npz,bidisperse,2,0.005,0.6666666666666666,0.25,0.5660716168899403
88000.0,0.9254325328871464,3,0.95475,,0.5924317858754694,0.30718890408282873,7.24332721823624e-10,bidisperse_a0.005_sr0.667_x0.25_N4000_L24_T400000_seed2.npz,bidisperse,2,0.005,0.6666666666666666,0.25,0.5660716168899403
90000.0,0.9256403564783197,2,0.95375,,0.6095175707294013,0.31566194999030817,6.481759836754029e-10,bidisperse_a0.005_sr0.667_x0.25_N4000_L24_T400000_seed2.npz,bidisperse,2,0.005,0.6666666666666666,0.25,0.5660716168899403
92000.0,0.9254265193243509,2,0.95425,,0.6173219669165066,0.3184984520123839,7.721351115345418e-10,bidisperse_a0.005_sr0.667_x0.25_N4000_L24_T400000_seed2.npz,bidisperse,2,0.005,0.6666666666666666,0.25,0.5660716168899403
94000.0,0.9227521898533976,2,0.954,,0.632689827948013,0.30936161930712336,6.333738033761014e-10,bidisperse_a0.005_sr0.667_x0.25_N4000_L24_T400000_seed2.npz,bidisperse,2,0.005,0.6666666666666666,0.25,0.5660716168899403
96000.0,0.9249763111006809,2,0.954,,0.6278207695179404,0.30503849527336513,6.005922229052903e-10,bidisperse_a0.005_sr0.667_x0.25_N4000_L24_T400000_seed2.npz,bidisperse,2,0.005,0.6666666666666666,0.25,0.5660716168899403
98000.0,0.9241175682093054,3,0.53825,,0.6560466173475544,0.31191328752540404,6.864125728868913e-10,bidisperse_a0.005_sr0.667_x0.25_N4000_L24_T400000_seed2.npz,bidisperse,2,0.005,0.6666666666666666,0.25,0.5660716168899403
100000.0,0.927038430953256,3,0.538,0.4961746288438193,0.6550986098303281,0.3175002418496663,6.664692986774225e-10,bidisperse_a0.005_sr0.667_x0.25_N4000_L24_T400000_seed2.npz,bidisperse,2,0.005,0.6666666666666666,0.25,0.5660716168899403
102000.0,0.9237385680448728,2,0.95475,,0.6503263319546349,0.31830059034162395,5.571530541421459e-10,bidisperse_a0.005_sr0.667_x0.25_N4000_L24_T400000_seed2.npz,bidisperse,2,0.005,0.6666666666666666,0.25,0.5660716168899403
104000.0,0.9224458342189785,3,0.95275,,0.6340047002961243,0.30319821133469427,6.341796893948079e-10,bidisperse_a0.005_sr0.667_x0.25_N4000_L24_T400000_seed2.npz,bidisperse,2,0.005,0.6666666666666666,0.25,0.5660716168899403
106000.0,0.9232609453124359,3,0.53925,,0.6466495830133409,0.30074968357511445,6.290311036206019e-10,bidisperse_a0.005_sr0.667_x0.25_N4000_L24_T400000_seed2.npz,bidisperse,2,0.005,0.6666666666666666,0.25,0.5660716168899403
108000.0,0.9220635660369796,3,0.5395,,0.575960641393472,0.2972103004291845,6.112537761697528e-10,bidisperse_a0.005_sr0.667_x0.25_N4000_L24_T400000_seed2.npz,bidisperse,2,0.005,0.6666666666666666,0.25,0.5660716168899403
110000.0,0.9245295446070697,3,0.53925,,0.6421160527128218,0.2998442367601246,5.528790480864898e-10,bidisperse_a0.005_sr0.667_x0.25_N4000_L24_T400000_seed2.npz,bidisperse,2,0.005,0.6666666666666666,0.25,0.5660716168899403
112000.0,0.923296808926172,3,0.53975,,0.6952069743205926,0.3023686519153914,6.168390470806687e-10,bidisperse_a0.005_sr0.667_x0.25_N4000_L24_T400000_seed2.npz,bidisperse,2,0.005,0.6666666666666666,0.25,0.5660716168899403
114000.0,0.9225152356863475,3,0.53975,,0.6389059089285163,0.301255230125523,7.219439167483616e-10,bidisperse_a0.005_sr0.667_x0.25_N4000_L24_T400000_seed2.npz,bidisperse,2,0.005,0.6666666666666666,0.25,0.5660716168899403
116000.0,0.9216675001077123,3,0.5395,,0.6326469096536698,0.28416845388964707,5.341417989157262e-10,bidisperse_a0.005_sr0.667_x0.25_N4000_L24_T400000_seed2.npz,bidisperse,2,0.005,0.6666666666666666,0.25,0.5660716168899403
118000.0,0.92137971471713,4,0.53925,,0.6102974521916662,0.2991692426584235,6.315302765639254e-10,bidisperse_a0.005_sr0.667_x0.25_N4000_L24_T400000_seed2.npz,bidisperse,2,0.005,0.6666666666666666,0.25,0.5660716168899403
120000.0,0.9201558924559337,2,0.53975,,0.6578208670405259,0.299273607748184,6.325408479948119e-10,bidisperse_a0.005_sr0.667_x0.25_N4000_L24_T400000_seed2.npz,bidisperse,2,0.005,0.6666666666666666,0.25,0.5660716168899403
122000.0,0.9199481559439289,2,0.53975,,0.6222089250179378,0.2951439371910439,5.403537881131179e-10,bidisperse_a0.005_sr0.667_x0.25_N4000_L24_T400000_seed2.npz,bidisperse,2,0.005,0.6666666666666666,0.25,0.5660716168899403
124000.0,0.9213037007339594,2,0.53875,,0.6063177342578264,0.29231218941829873,5.482167004658513e-10,bidisperse_a0.005_sr0.667_x0.25_N4000_L24_T400000_seed2.npz,bidisperse,2,0.005,0.6666666666666666,0.25,0.5660716168899403
126000.0,0.9202891726586973,2,0.5395,,0.6044626928928065,0.30891165667890974,5.674797614442961e-10,bidisperse_a0.005_sr0.667_x0.25_N4000_L24_T400000_seed2.npz,bidisperse,2,0.005,0.6666666666666666,0.25,0.5660716168899403
128000.0,0.9209325322509632,2,0.5395,,0.661930137345542,0.3111282248748556,6.10272748149964e-10,bidisperse_a0.005_sr0.667_x0.25_N4000_L24_T400000_seed2.npz,bidisperse,2,0.005,0.6666666666666666,0.25,0.5660716168899403
130000.0,0.9195375615600286,2,0.5385,,0.6388256529171545,0.303768115942029,5.661763160313779e-10,bidisperse_a0.005_sr0.667_x0.25_N4000_L24_T400000_seed2.npz,bidisperse,2,0.005,0.6666666666666666,0.25,0.5660716168899403
132000.0,0.9175903380139899,1,0.999,,0.606545054991033,0.2978559011010238,5.975277232906351e-10,bidisperse_a0.005_sr0.667_x0.25_N4000_L24_T400000_seed2.npz,bidisperse,2,0.005,0.6666666666666666,0.25,0.5660716168899403
134000.0,0.9180277966952877,1,0.998,,0.6371537816720427,0.29050062941803045,5.664136538528683e-10,bidisperse_a0.005_sr0.667_x0.25_N4000_L24_T400000_seed2.npz,bidisperse,2,0.005,0.6666666666666666,0.25,0.5660716168899403
136000.0,0.918958413108329,2,0.99725,,0.5921676321468171,0.29738341218499564,4.938281203024503e-10,bidisperse_a0.005_sr0.667_x0.25_N4000_L24_T400000_seed2.npz,bidisperse,2,0.005,0.6666666666666666,0.25,0.5660716168899403
138000.0,0.9177407769925711,1,0.99925,,0.6015694556078758,0.29849878934624696,4.964320144573839e-10,bidisperse_a0.005_sr0.667_x0.25_N4000_L24_T400000_seed2.npz,bidisperse,2,0.005,0.6666666666666666,0.25,0.5660716168899403
140000.0,0.9170733733089432,1,0.999,,0.6289344624590875,0.30988629793794564,5.769351380145438e-10,bidisperse_a0.005_sr0.667_x0.25_N4000_L24_T400000_seed2.npz,bidisperse,2,0.005,0.6666666666666666,0.25,0.5660716168899403
142000.0,0.9179057439922814,2,0.999,,0.6557251925669998,0.30534718215041357,6.633900173674928e-10,bidisperse_a0.005_sr0.667_x0.25_N4000_L24_T400000_seed2.npz,bidisperse,2,0.005,0.6666666666666666,0.25,0.5660716168899403
144000.0,0.9154573455967073,1,0.999,,0.6248826566321183,0.29369544131910763,5.303571034068375e-10,bidisperse_a0.005_sr0.667_x0.25_N4000_L24_T400000_seed2.npz,bidisperse,2,0.005,0.6666666666666666,0.25,0.5660716168899403
146000.0,0.9136905537524711,1,0.99875,,0.575411384953348,0.28856253647150365,4.634934704819142e-10,bidisperse_a0.005_sr0.667_x0.25_N4000_L24_T400000_seed2.npz,bidisperse,2,0.005,0.6666666666666666,0.25,0.5660716168899403
148000.0,0.9164659778433388,1,0.99875,,0.5696149064471866,0.29966329966329963,4.84256570251817e-10,bidisperse_a0.005_sr0.667_x0.25_N4000_L24_T400000_seed2.npz,bidisperse,2,0.005,0.6666666666666666,0.25,0.5660716168899403
150000.0,0.9162919403895384,1,0.99975,,0.6168627012364581,0.29398125784948315,5.282060728347051e-10,bidisperse_a0.005_sr0.667_x0.25_N4000_L24_T400000_seed2.npz,bidisperse,2,0.005,0.6666666666666666,0.25,0.5660716168899403
152000.0,0.9186743693400997,1,0.999,,0.5996346315860083,0.3019379844961241,4.973046149241758e-10,bidisperse_a0.005_sr0.667_x0.25_N4000_L24_T400000_seed2.npz,bidisperse,2,0.005,0.6666666666666666,0.25,0.5660716168899403
154000.0,0.9155552607815196,1,0.999,,0.6262385934912504,0.3147988091808317,5.950907044279344e-10,bidisperse_a0.005_sr0.667_x0.25_N4000_L24_T400000_seed2.npz,bidisperse,2,0.005,0.6666666666666666,0.25,0.5660716168899403
156000.0,0.9145480169422042,2,0.99725,,0.5662623308773818,0.2985923640570768,4.5124566732398207e-10,bidisperse_a0.005_sr0.667_x0.25_N4000_L24_T400000_seed2.npz,bidisperse,2,0.005,0.6666666666666666,0.25,0.5660716168899403
158000.0,0.9151165685293929,2,0.99825,,0.5257754015447182,0.3020502454519203,4.808998017199819e-10,bidisperse_a0.005_sr0.667_x0.25_N4000_L24_T400000_seed2.npz,bidisperse,2,0.005,0.6666666666666666,0.25,0.5660716168899403
160000.0,0.9159018848194385,1,0.99825,,0.5710359916825991,0.29018202943454685,5.033006271046679e-10,bidisperse_a0.005_sr0.667_x0.25_N4000_L24_T400000_seed2.npz,bidisperse,2,0.005,0.6666666666666666,0.25,0.5660716168899403
162000.0,0.9161789669093774,3,0.998,,0.5584639680734008,0.2880586929240274,4.287947365809101e-10,bidisperse_a0.005_sr0.667_x0.25_N4000_L24_T400000_seed2.npz,bidisperse,2,0.005,0.6666666666666666,0.25,0.5660716168899403
164000.0,0.9159707582646518,1,0.99875,,0.6041656629514214,0.28521671826625383,3.973510712584734e-10,bidisperse_a0.005_sr0.667_x0.25_N4000_L24_T400000_seed2.npz,bidisperse,2,0.005,0.6666666666666666,0.25,0.5660716168899403
166000.0,0.9155499503333278,1,0.999,,0.5359818703460973,0.2834546336729743,4.2201432823650876e-10,bidisperse_a0.005_sr0.667_x0.25_N4000_L24_T400000_seed2.npz,bidisperse,2,0.005,0.6666666666666666,0.25,0.5660716168899403
168000.0,0.9138456460249524,1,0.99875,,0.5312102743287691,0.2859219067919775,5.585201876872341e-10,bidisperse_a0.005_sr0.667_x0.25_N4000_L24_T400000_seed2.npz,bidisperse,2,0.005,0.6666666666666666,0.25,0.5660716168899403
170000.0,0.915054354153703,1,0.99825,,0.6008265662562278,0.30264172772849984,5.178202883520946e-10,bidisperse_a0.005_sr0.667_x0.25_N4000_L24_T400000_seed2.npz,bidisperse,2,0.005,0.6666666666666666,0.25,0.5660716168899403
172000.0,0.9141993464091597,1,0.99925,,0.6058191099689803,0.2901759814349255,4.5368754769335905e-10,bidisperse_a0.005_sr0.667_x0.25_N4000_L24_T400000_seed2.npz,bidisperse,2,0.005,0.6666666666666666,0.25,0.5660716168899403
174000.0,0.9160454448175532,1,0.99925,,0.5538623084491072,0.2907637484349417,5.347816301459198e-10,bidisperse_a0.005_sr0.667_x0.25_N4000_L24_T400000_seed2.npz,bidisperse,2,0.005,0.6666666666666666,0.25,0.5660716168899403
176000.0,0.9149974341807026,1,0.99925,,0.5429512814623458,0.285478707925114,5.57632686514064e-10,bidisperse_a0.005_sr0.667_x0.25_N4000_L24_T400000_seed2.npz,bidisperse,2,0.005,0.6666666666666666,0.25,0.5660716168899403
178000.0,0.914038350957634,1,0.99925,,0.5654676783193417,0.3007337323807685,4.947751278829989e-10,bidisperse_a0.005_sr0.667_x0.25_N4000_L24_T400000_seed2.npz,bidisperse,2,0.005,0.6666666666666666,0.25,0.5660716168899403
180000.0,0.9124100150884241,1,0.9995,,0.6295747604116568,0.2981102969533359,4.391695747173865e-10,bidisperse_a0.005_sr0.667_x0.25_N4000_L24_T400000_seed2.npz,bidisperse,2,0.005,0.6666666666666666,0.25,0.5660716168899403
182000.0,0.9145038654281975,1,0.9995,,0.5635207531892853,0.28781289262588194,4.951796559040545e-10,bidisperse_a0.005_sr0.667_x0.25_N4000_L24_T400000_seed2.npz,bidisperse,2,0.005,0.6666666666666666,0.25,0.5660716168899403
184000.0,0.9151858442972833,1,0.9995,,0.5572630318780277,0.2978354978354978,5.652778022742088e-10,bidisperse_a0.005_sr0.667_x0.25_N4000_L24_T400000_seed2.npz,bidisperse,2,0.005,0.6666666666666666,0.25,0.5660716168899403
186000.0,0.914255555927762,1,0.99925,,0.5765236395466757,0.29583293234529884,6.139635899651376e-10,bidisperse_a0.005_sr0.667_x0.25_N4000_L24_T400000_seed2.npz,bidisperse,2,0.005,0.6666666666666666,0.25,0.5660716168899403
188000.0,0.9143362346508315,1,0.99925,,0.5521138125785372,0.28888460054033194,4.3956457226582944e-10,bidisperse_a0.005_sr0.667_x0.25_N4000_L24_T400000_seed2.npz,bidisperse,2,0.005,0.6666666666666666,0.25,0.5660716168899403
190000.0,0.9136347524008858,1,0.999,,0.5735914555538725,0.2816778327993009,4.786534376197355e-10,bidisperse_a0.005_sr0.667_x0.25_N4000_L24_T400000_seed2.npz,bidisperse,2,0.005,0.6666666666666666,0.25,0.5660716168899403
192000.0,0.9135320021088518,2,0.99825,,0.5761929858717225,0.2895626146567539,4.927413048094514e-10,bidisperse_a0.005_sr0.667_x0.25_N4000_L24_T400000_seed2.npz,bidisperse,2,0.005,0.6666666666666666,0.25,0.5660716168899403
194000.0,0.914482806409126,1,0.9995,,0.5307373699795955,0.28206863218946354,4.5495242889159223e-10,bidisperse_a0.005_sr0.667_x0.25_N4000_L24_T400000_seed2.npz,bidisperse,2,0.005,0.6666666666666666,0.25,0.5660716168899403
196000.0,0.9148516891931631,1,0.998,,0.5953886777366145,0.2894508252099218,5.060909939726542e-10,bidisperse_a0.005_sr0.667_x0.25_N4000_L24_T400000_seed2.npz,bidisperse,2,0.005,0.6666666666666666,0.25,0.5660716168899403
198000.0,0.91295741071375,2,0.9985,,0.5777045777021115,0.29171099719508653,3.9749050015966203e-10,bidisperse_a0.005_sr0.667_x0.25_N4000_L24_T400000_seed2.npz,bidisperse,2,0.005,0.6666666666666666,0.25,0.5660716168899403
200000.0,0.9123469625078814,2,0.9985,0.4888561313932902,0.5591100927176881,0.29678912351750075,4.953059614922943e-10,bidisperse_a0.005_sr0.667_x0.25_N4000_L24_T400000_seed2.npz,bidisperse,2,0.005,0.6666666666666666,0.25,0.5660716168899403
202000.0,0.912987349323376,1,0.99975,,0.5690447200486868,0.293285534347447,4.348755869751806e-10,bidisperse_a0.005_sr0.667_x0.25_N4000_L24_T400000_seed2.npz,bidisperse,2,0.005,0.6666666666666666,0.25,0.5660716168899403
204000.0,0.9121327734067038,1,0.9995,,0.5624232134815985,0.3032668401272044,4.849702045849158e-10,bidisperse_a0.005_sr0.667_x0.25_N4000_L24_T400000_seed2.npz,bidisperse,2,0.005,0.6666666666666666,0.25,0.5660716168899403
206000.0,0.9136959686551542,1,0.99875,,0.5086068927937009,0.2973938223938224,5.213039340334151e-10,bidisperse_a0.005_sr0.667_x0.25_N4000_L24_T400000_seed2.npz,bidisperse,2,0.005,0.6666666666666666,0.25,0.5660716168899403
208000.0,0.91289471576473,1,0.99775,,0.4924405422805679,0.30716134598792066,4.781520919908008e-10,bidisperse_a0.005_sr0.667_x0.25_N4000_L24_T400000_seed2.npz,bidisperse,2,0.005,0.6666666666666666,0.25,0.5660716168899403
210000.0,0.9102827863992542,1,0.99925,,0.5661395275842385,0.29401019132775696,5.028321050541188e-10,bidisperse_a0.005_sr0.667_x0.25_N4000_L24_T400000_seed2.npz,bidisperse,2,0.005,0.6666666666666666,0.25,0.5660716168899403
212000.0,0.910785387599592,1,0.9995,,0.5089882870636816,0.30465984116352507,5.227699003104511e-10,bidisperse_a0.005_sr0.667_x0.25_N4000_L24_T400000_seed2.npz,bidisperse,2,0.005,0.6666666666666666,0.25,0.5660716168899403
214000.0,0.9108277112240062,1,0.99775,,0.4879888387467589,0.2959822718951729,4.903237019407407e-10,bidisperse_a0.005_sr0.667_x0.25_N4000_L24_T400000_seed2.npz,bidisperse,2,0.005,0.6666666666666666,0.25,0.5660716168899403
216000.0,0.910662591833687,1,0.99925,,0.5685629247358125,0.290621381705905,4.835417271707013e-10,bidisperse_a0.005_sr0.667_x0.25_N4000_L24_T400000_seed2.npz,bidisperse,2,0.005,0.6666666666666666,0.25,0.5660716168899403
218000.0,0.9098475826224955,1,0.99875,,0.5421742008891834,0.29640661029976945,4.1949694562621526e-10,bidisperse_a0.005_sr0.667_x0.25_N4000_L24_T400000_seed2.npz,bidisperse,2,0.005,0.6666666666666666,0.25,0.5660716168899403
220000.0,0.9121264363735515,3,0.99825,,0.5292414123983572,0.2964100595123824,4.5554010469042245e-10,bidisperse_a0.005_sr0.667_x0.25_N4000_L24_T400000_seed2.npz,bidisperse,2,0.005,0.6666666666666666,0.25,0.5660716168899403
222000.0,0.9099984367243451,1,0.99975,,0.5060357154912543,0.29337297400978235,4.71319184956331e-10,bidisperse_a0.005_sr0.667_x0.25_N4000_L24_T400000_seed2.npz,bidisperse,2,0.005,0.6666666666666666,0.25,0.5660716168899403
224000.0,0.9104990600244363,1,0.999,,0.5437409381998922,0.2762826718296224,3.7501859624916283e-10,bidisperse_a0.005_sr0.667_x0.25_N4000_L24_T400000_seed2.npz,bidisperse,2,0.005,0.6666666666666666,0.25,0.5660716168899403
226000.0,0.9096463821164616,1,0.99925,,0.522621270484869,0.2897825668654993,3.8648253264468873e-10,bidisperse_a0.005_sr0.667_x0.25_N4000_L24_T400000_seed2.npz,bidisperse,2,0.005,0.6666666666666666,0.25,0.5660716168899403
228000.0,0.9119755306162163,2,0.998,,0.5790255180253161,0.2816519972918077,4.260948445120277e-10,bidisperse_a0.005_sr0.667_x0.25_N4000_L24_T400000_seed2.npz,bidisperse,2,0.005,0.6666666666666666,0.25,0.5660716168899403
230000.0,0.9114814670514186,1,0.99875,,0.4908555987719216,0.2885447725305377,4.373944053530309e-10,bidisperse_a0.005_sr0.667_x0.25_N4000_L24_T400000_seed2.npz,bidisperse,2,0.005,0.6666666666666666,0.25,0.5660716168899403
232000.0,0.9106299827042522,1,0.99925,,0.6028174677096435,0.28387468768018453,3.883567062390651e-10,bidisperse_a0.005_sr0.667_x0.25_N4000_L24_T400000_seed2.npz,bidisperse,2,0.005,0.6666666666666666,0.25,0.5660716168899403
234000.0,0.9109567323880904,1,0.9995,,0.5660701381942821,0.28039367039752994,4.308745935306671e-10,bidisperse_a0.005_sr0.667_x0.25_N4000_L24_T400000_seed2.npz,bidisperse,2,0.005,0.6666666666666666,0.25,0.5660716168899403
236000.0,0.9104880413864432,1,0.99875,,0.5532965054598208,0.29961795606494745,4.360304176981174e-10,bidisperse_a0.005_sr0.667_x0.25_N4000_L24_T400000_seed2.npz,bidisperse,2,0.005,0.6666666666666666,0.25,0.5660716168899403
238000.0,0.9091289777819642,1,0.99975,,0.5835249967855463,0.2865789220866558,4.4397496901353204e-10,bidisperse_a0.005_sr0.667_x0.25_N4000_L24_T400000_seed2.npz,bidisperse,2,0.005,0.6666666666666666,0.25,0.5660716168899403
240000.0,0.9099199646604511,1,0.99875,,0.5195859395363743,0.29757453743648743,4.749727053669483e-10,bidisperse_a0.005_sr0.667_x0.25_N4000_L24_T400000_seed2.npz,bidisperse,2,0.005,0.6666666666666666,0.25,0.5660716168899403
242000.0,0.9095010668768247,1,0.99825,,0.52047786018355,0.29223347805113364,4.245650711563054e-10,bidisperse_a0.005_sr0.667_x0.25_N4000_L24_T400000_seed2.npz,bidisperse,2,0.005,0.6666666666666666,0.25,0.5660716168899403
244000.0,0.9110205647510626,1,0.99975,,0.5508252197687371,0.2812378734963136,3.6321974729678967e-10,bidisperse_a0.005_sr0.667_x0.25_N4000_L24_T400000_seed2.npz,bidisperse,2,0.005,0.6666666666666666,0.25,0.5660716168899403
246000.0,0.9104577635291496,1,0.9995,,0.5999945812816624,0.282652765710976,3.7740307226612414e-10,bidisperse_a0.005_sr0.667_x0.25_N4000_L24_T400000_seed2.npz,bidisperse,2,0.005,0.6666666666666666,0.25,0.5660716168899403
248000.0,0.9095391921898827,1,0.99975,,0.5869308298639505,0.28847996933103315,4.785318940425719e-10,bidisperse_a0.005_sr0.667_x0.25_N4000_L24_T400000_seed2.npz,bidisperse,2,0.005,0.6666666666666666,0.25,0.5660716168899403
250000.0,0.9091222461887735,1,0.99875,,0.5500377316642723,0.29558964525407483,4.6048030767462933e-10,bidisperse_a0.005_sr0.667_x0.25_N4000_L24_T400000_seed2.npz,bidisperse,2,0.005,0.6666666666666666,0.25,0.5660716168899403
252000.0,0.906894621949416,1,0.9995,,0.49746702889839794,0.29318618042226485,4.934939991760829e-10,bidisperse_a0.005_sr0.667_x0.25_N4000_L24_T400000_seed2.npz,bidisperse,2,0.005,0.6666666666666666,0.25,0.5660716168899403
254000.0,0.9085714866139418,1,0.99925,,0.5226478337373798,0.27837135431706617,3.787574174862983e-10,bidisperse_a0.005_sr0.667_x0.25_N4000_L24_T400000_seed2.npz,bidisperse,2,0.005,0.6666666666666666,0.25,0.5660716168899403
256000.0,0.9076913521020074,1,0.99975,,0.5486197619933182,0.28527518970319854,4.497120829574339e-10,bidisperse_a0.005_sr0.667_x0.25_N4000_L24_T400000_seed2.npz,bidisperse,2,0.005,0.6666666666666666,0.25,0.5660716168899403
258000.0,0.9088851044726806,2,0.99775,,0.46432212061635864,0.284789956542733,4.0615390176344866e-10,bidisperse_a0.005_sr0.667_x0.25_N4000_L24_T400000_seed2.npz,bidisperse,2,0.005,0.6666666666666666,0.25,0.5660716168899403
260000.0,0.908084225811195,2,0.99875,,0.5412766634072315,0.2961505231832582,4.1944143677701824e-10,bidisperse_a0.005_sr0.667_x0.25_N4000_L24_T400000_seed2.npz,bidisperse,2,0.005,0.6666666666666666,0.25,0.5660716168899403
262000.0,0.9079770111127151,1,0.99975,,0.5703262926315793,0.2933065211146222,4.805976647686085e-10,bidisperse_a0.005_sr0.667_x0.25_N4000_L24_T400000_seed2.npz,bidisperse,2,0.005,0.6666666666666666,0.25,0.5660716168899403
264000.0,0.9088493861145,1,0.999,,0.49714533349289947,0.2883747720072958,4.490060071618367e-10,bidisperse_a0.005_sr0.667_x0.25_N4000_L24_T400000_seed2.npz,bidisperse,2,0.005,0.6666666666666666,0.25,0.5660716168899403
266000.0,0.9062969120400983,1,0.99875,,0.5470910970427291,0.2817716877352118,3.4009809929834323e-10,bidisperse_a0.005_sr0.667_x0.25_N4000_L24_T400000_seed2.npz,bidisperse,2,0.005,0.6666666666666666,0.25,0.5660716168899403
268000.0,0.9089144834311238,1,1.0,,0.5266738609310088,0.2766204825113846,3.4255296313583345e-10,bidisperse_a0.005_sr0.667_x0.25_N4000_L24_T400000_seed2.npz,bidisperse,2,0.005,0.6666666666666666,0.25,0.5660716168899403
270000.0,0.9106626308456383,1,0.99925,,0.4907581688064705,0.28641476781078745,3.7055377731014706e-10,bidisperse_a0.005_sr0.667_x0.25_N4000_L24_T400000_seed2.npz,bidisperse,2,0.005,0.6666666666666666,0.25,0.5660716168899403
272000.0,0.9095137096615934,1,0.99925,,0.5410327941051501,0.2883916618856378,4.3120660739115284e-10,bidisperse_a0.005_sr0.667_x0.25_N4000_L24_T400000_seed2.npz,bidisperse,2,0.005,0.6666666666666666,0.25,0.5660716168899403
274000.0,0.9077104415761874,1,0.9985,,0.5393665003330445,0.2893250359023456,3.790632775388426e-10,bidisperse_a0.005_sr0.667_x0.25_N4000_L24_T400000_seed2.npz,bidisperse,2,0.005,0.6666666666666666,0.25,0.5660716168899403
276000.0,0.9073318180534156,1,0.99825,,0.5532901367684289,0.290744660380989,4.0248647216421314e-10,bidisperse_a0.005_sr0.667_x0.25_N4000_L24_T400000_seed2.npz,bidisperse,2,0.005,0.6666666666666666,0.25,0.5660716168899403
278000.0,0.9066106713253825,1,0.9995,,0.5198767161902349,0.28316793525387807,4.09234503007338e-10,bidisperse_a0.005_sr0.667_x0.25_N4000_L24_T400000_seed2.npz,bidisperse,2,0.005,0.6666666666666666,0.25,0.5660716168899403
280000.0,0.9095618370748173,1,0.99925,,0.5443514991016055,0.2782859894077997,3.140471219803386e-10,bidisperse_a0.005_sr0.667_x0.25_N4000_L24_T400000_seed2.npz,bidisperse,2,0.005,0.6666666666666666,0.25,0.5660716168899403
282000.0,0.9078833225634573,1,0.9995,,0.5215916274155844,0.29111132419215646,3.977550553104775e-10,bidisperse_a0.005_sr0.667_x0.25_N4000_L24_T400000_seed2.npz,bidisperse,2,0.005,0.6666666666666666,0.25,0.5660716168899403
284000.0,0.9073335794950471,2,0.99825,,0.5832468152581654,0.29694072657743786,3.5004437275176224e-10,bidisperse_a0.005_sr0.667_x0.25_N4000_L24_T400000_seed2.npz,bidisperse,2,0.005,0.6666666666666666,0.25,0.5660716168899403
286000.0,0.9091427826423283,1,0.99925,,0.585854564308883,0.2967265047518479,4.764458949684071e-10,bidisperse_a0.005_sr0.667_x0.25_N4000_L24_T400000_seed2.npz,bidisperse,2,0.005,0.6666666666666666,0.25,0.5660716168899403
288000.0,0.9042501193728257,1,0.99875,,0.5083814731133134,0.29375119800651717,4.2527422575270553e-10,bidisperse_a0.005_sr0.667_x0.25_N4000_L24_T400000_seed2.npz,bidisperse,2,0.005,0.6666666666666666,0.25,0.5660716168899403
290000.0,0.906559288469799,1,0.99925,,0.5014096014739459,0.28639892648327425,4.1298774450788045e-10,bidisperse_a0.005_sr0.667_x0.25_N4000_L24_T400000_seed2.npz,bidisperse,2,0.005,0.6666666666666666,0.25,0.5660716168899403
292000.0,0.9078900348042954,1,0.99975,,0.5138289502405587,0.28839131270420915,4.615119122193058e-10,bidisperse_a0.005_sr0.667_x0.25_N4000_L24_T400000_seed2.npz,bidisperse,2,0.005,0.6666666666666666,0.25,0.5660716168899403
294000.0,0.9069643812142433,1,0.999,,0.5104962672009261,0.28756601056168984,4.44208729181707e-10,bidisperse_a0.005_sr0.667_x0.25_N4000_L24_T400000_seed2.npz,bidisperse,2,0.005,0.6666666666666666,0.25,0.5660716168899403
296000.0,0.9080608696729376,1,0.999,,0.5258433575317284,0.28719923002887393,3.60505401916102e-10,bidisperse_a0.005_sr0.667_x0.25_N4000_L24_T400000_seed2.npz,bidisperse,2,0.005,0.6666666666666666,0.25,0.5660716168899403
298000.0,0.9076271467213859,1,0.9995,,0.5038562473173318,0.28696069031639504,5.519056324394272e-10,bidisperse_a0.005_sr0.667_x0.25_N4000_L24_T400000_seed2.npz,bidisperse,2,0.005,0.6666666666666666,0.25,0.5660716168899403
300000.0,0.9053960374623712,1,0.99925,0.48598266051288674,0.5689260345033466,0.2786680740811822,4.2236835397036463e-10,bidisperse_a0.005_sr0.667_x0.25_N4000_L24_T400000_seed2.npz,bidisperse,2,0.005,0.6666666666666666,0.25,0.5660716168899403
302000.0,0.9052737296260543,1,0.9995,,0.5093277117438754,0.2924329501915709,4.288126939668962e-10,bidisperse_a0.005_sr0.667_x0.25_N4000_L24_T400000_seed2.npz,bidisperse,2,0.005,0.6666666666666666,0.25,0.5660716168899403
304000.0,0.9039280187125283,1,0.99875,,0.49279044782936193,0.2912267229794586,4.4655404249497776e-10,bidisperse_a0.005_sr0.667_x0.25_N4000_L24_T400000_seed2.npz,bidisperse,2,0.005,0.6666666666666666,0.25,0.5660716168899403
306000.0,0.9074507999028156,1,0.99925,,0.4777348099352164,0.3033438727603718,5.399356697463277e-10,bidisperse_a0.005_sr0.667_x0.25_N4000_L24_T400000_seed2.npz,bidisperse,2,0.005,0.6666666666666666,0.25,0.5660716168899403
308000.0,0.9097738295820552,1,0.99875,,0.5479240000011049,0.2979953739398612,3.7543657286771015e-10,bidisperse_a0.005_sr0.667_x0.25_N4000_L24_T400000_seed2.npz,bidisperse,2,0.005,0.6666666666666666,0.25,0.5660716168899403
310000.0,0.9066144730717836,1,0.999,,0.5391909882523143,0.28950403690888116,3.63092778335126e-10,bidisperse_a0.005_sr0.667_x0.25_N4000_L24_T400000_seed2.npz,bidisperse,2,0.005,0.6666666666666666,0.25,0.5660716168899403
312000.0,0.9071685811956932,1,0.99925,,0.5450362220924967,0.28925224708357233,3.8516503876355157e-10,bidisperse_a0.005_sr0.667_x0.25_N4000_L24_T400000_seed2.npz,bidisperse,2,0.005,0.6666666666666666,0.25,0.5660716168899403
314000.0,0.9083024235869553,1,0.99975,,0.516870109921102,0.2892475171886937,3.796952637787657e-10,bidisperse_a0.005_sr0.667_x0.25_N4000_L24_T400000_seed2.npz,bidisperse,2,0.005,0.6666666666666666,0.25,0.5660716168899403
316000.0,0.9094779338148543,1,0.99975,,0.5437129221100546,0.29821564160971903,4.3403587050276093e-10,bidisperse_a0.005_sr0.667_x0.25_N4000_L24_T400000_seed2.npz,bidisperse,2,0.005,0.6666666666666666,0.25,0.5660716168899403
318000.0,0.9076944106621824,1,0.99975,,0.5441326019677024,0.2863431907359556,4.0211572076780307e-10,bidisperse_a0.005_sr0.667_x0.25_N4000_L24_T400000_seed2.npz,bidisperse,2,0.005,0.6666666666666666,0.25,0.5660716168899403
320000.0,0.90865105788289,1,0.9995,,0.5338154471065076,0.29127785183774524,4.573744755475306e-10,bidisperse_a0.005_sr0.667_x0.25_N4000_L24_T400000_seed2.npz,bidisperse,2,0.005,0.6666666666666666,0.25,0.5660716168899403
322000.0,0.9039201137984679,1,0.9995,,0.5321582023896941,0.2890393971191453,3.9559867872984196e-10,bidisperse_a0.005_sr0.667_x0.25_N4000_L24_T400000_seed2.npz,bidisperse,2,0.005,0.6666666666666666,0.25,0.5660716168899403
324000.0,0.9072434596106802,1,0.9995,,0.5405524639281657,0.2889464097401975,3.9801581698849955e-10,bidisperse_a0.005_sr0.667_x0.25_N4000_L24_T400000_seed2.npz,bidisperse,2,0.005,0.6666666666666666,0.25,0.5660716168899403
326000.0,0.9046037163846387,1,0.99875,,0.5373040931714302,0.2890886487520321,4.147564105630719e-10,bidisperse_a0.005_sr0.667_x0.25_N4000_L24_T400000_seed2.npz,bidisperse,2,0.005,0.6666666666666666,0.25,0.5660716168899403
328000.0,0.9079681492072995,1,0.9995,,0.47043574436637625,0.2943306336350643,4.304486166898876e-10,bidisperse_a0.005_sr0.667_x0.25_N4000_L24_T400000_seed2.npz,bidisperse,2,0.005,0.6666666666666666,0.25,0.5660716168899403
330000.0,0.907395694666268,1,0.99925,,0.506749552301871,0.2925776754890679,3.9110849494332393e-10,bidisperse_a0.005_sr0.667_x0.25_N4000_L24_T400000_seed2.npz,bidisperse,2,0.005,0.6666666666666666,0.25,0.5660716168899403
332000.0,0.9050386714037116,1,0.999,,0.5472936890346736,0.3045130641330166,5.25533938772368e-10,bidisperse_a0.005_sr0.667_x0.25_N4000_L24_T400000_seed2.npz,bidisperse,2,0.005,0.6666666666666666,0.25,0.5660716168899403
334000.0,0.9065427819079227,1,0.999,,0.5132372130913506,0.28876135820181736,4.316153142920714e-10,bidisperse_a0.005_sr0.667_x0.25_N4000_L24_T400000_seed2.npz,bidisperse,2,0.005,0.6666666666666666,0.25,0.5660716168899403
336000.0,0.9086580528579492,1,0.9995,,0.4990295537450191,0.2865637287810492,3.3566854252246344e-10,bidisperse_a0.005_sr0.667_x0.25_N4000_L24_T400000_seed2.npz,bidisperse,2,0.005,0.6666666666666666,0.25,0.5660716168899403
338000.0,0.9066521820937495,1,0.9985,,0.5254854553542687,0.282011902476483,4.2041309404388487e-10,bidisperse_a0.005_sr0.667_x0.25_N4000_L24_T400000_seed2.npz,bidisperse,2,0.005,0.6666666666666666,0.25,0.5660716168899403
340000.0,0.9044365595320342,1,0.9995,,0.5372154085135942,0.2990270888973674,4.96435889954101e-10,bidisperse_a0.005_sr0.667_x0.25_N4000_L24_T400000_seed2.npz,bidisperse,2,0.005,0.6666666666666666,0.25,0.5660716168899403
342000.0,0.9067797910268535,1,0.9995,,0.5171836797459327,0.3015751789976133,4.877980926469649e-10,bidisperse_a0.005_sr0.667_x0.25_N4000_L24_T400000_seed2.npz,bidisperse,2,0.005,0.6666666666666666,0.25,0.5660716168899403
344000.0,0.9059324926259567,1,0.99925,,0.5239776954560191,0.29316271963330787,3.7780434996001106e-10,bidisperse_a0.005_sr0.667_x0.25_N4000_L24_T400000_seed2.npz,bidisperse,2,0.005,0.6666666666666666,0.25,0.5660716168899403
346000.0,0.9035606110332279,1,0.99925,,0.5086346271977957,0.28445382180876566,3.728385124723167e-10,bidisperse_a0.005_sr0.667_x0.25_N4000_L24_T400000_seed2.npz,bidisperse,2,0.005,0.6666666666666666,0.25,0.5660716168899403
348000.0,0.9059645661479854,2,0.99825,,0.4894682905141693,0.2825357245612352,3.811585556902132e-10,bidisperse_a0.005_sr0.667_x0.25_N4000_L24_T400000_seed2.npz,bidisperse,2,0.005,0.6666666666666666,0.25,0.5660716168899403
350000.0,0.9068638568612379,1,0.9995,,0.49988376673910606,0.2784967884191353,3.124224904621076e-10,bidisperse_a0.005_sr0.667_x0.25_N4000_L24_T400000_seed2.npz,bidisperse,2,0.005,0.6666666666666666,0.25,0.5660716168899403
352000.0,0.9059031962952364,1,0.99925,,0.5731459878354659,0.28220858895705525,3.6085142697839485e-10,bidisperse_a0.005_sr0.667_x0.25_N4000_L24_T400000_seed2.npz,bidisperse,2,0.005,0.6666666666666666,0.25,0.5660716168899403
354000.0,0.904616326420506,1,0.99925,,0.5139033074253202,0.28901623686723976,3.806686280210974e-10,bidisperse_a0.005_sr0.667_x0.25_N4000_L24_T400000_seed2.npz,bidisperse,2,0.005,0.6666666666666666,0.25,0.5660716168899403
356000.0,0.906238729880489,1,0.99925,,0.4872605754550411,0.28709553896228224,3.6231766863262605e-10,bidisperse_a0.005_sr0.667_x0.25_N4000_L24_T400000_seed2.npz,bidisperse,2,0.005,0.6666666666666666,0.25,0.5660716168899403
358000.0,0.9035516567030053,1,0.99875,,0.5070183548150579,0.2863575397585745,3.7051107200716865e-10,bidisperse_a0.005_sr0.667_x0.25_N4000_L24_T400000_seed2.npz,bidisperse,2,0.005,0.6666666666666666,0.25,0.5660716168899403
360000.0,0.9075356693924311,1,1.0,,0.48623883532686935,0.29879151203730137,4.5448187827497167e-10,bidisperse_a0.005_sr0.667_x0.25_N4000_L24_T400000_seed2.npz,bidisperse,2,0.005,0.6666666666666666,0.25,0.5660716168899403
362000.0,0.9066759105216956,1,0.999,,0.5353628325826026,0.2954849818251387,3.925165907758776e-10,bidisperse_a0.005_sr0.667_x0.25_N4000_L24_T400000_seed2.npz,bidisperse,2,0.005,0.6666666666666666,0.25,0.5660716168899403
364000.0,0.904410983557428,1,0.99925,,0.48093908816966946,0.29453954288993023,3.5545821479890406e-10,bidisperse_a0.005_sr0.667_x0.25_N4000_L24_T400000_seed2.npz,bidisperse,2,0.005,0.6666666666666666,0.25,0.5660716168899403
366000.0,0.9037479359345914,1,0.99975,,0.4851925066206839,0.28360781309842975,3.8012421988146694e-10,bidisperse_a0.005_sr0.667_x0.25_N4000_L24_T400000_seed2.npz,bidisperse,2,0.005,0.6666666666666666,0.25,0.5660716168899403
368000.0,0.9063203041373518,1,0.99975,,0.5002438534306394,0.2856049736967958,3.7576996755220714e-10,bidisperse_a0.005_sr0.667_x0.25_N4000_L24_T400000_seed2.npz,bidisperse,2,0.005,0.6666666666666666,0.25,0.5660716168899403
370000.0,0.9036280204519631,1,0.999,,0.4933218616400503,0.3008292822419216,3.6216383242652514e-10,bidisperse_a0.005_sr0.667_x0.25_N4000_L24_T400000_seed2.npz,bidisperse,2,0.005,0.6666666666666666,0.25,0.5660716168899403
372000.0,0.9044764021097969,2,0.9995,,0.5359749181772543,0.28776978417266186,3.740905356714842e-10,bidisperse_a0.005_sr0.667_x0.25_N4000_L24_T400000_seed2.npz,bidisperse,2,0.005,0.6666666666666666,0.25,0.5660716168899403
374000.0,0.9055928227697753,1,0.99975,,0.5067771497383509,0.28835877862595416,4.334336008934719e-10,bidisperse_a0.005_sr0.667_x0.25_N4000_L24_T400000_seed2.npz,bidisperse,2,0.005,0.6666666666666666,0.25,0.5660716168899403
376000.0,0.9043208873623958,1,0.9995,,0.4851897061155262,0.286233965154126,3.8316921416631697e-10,bidisperse_a0.005_sr0.667_x0.25_N4000_L24_T400000_seed2.npz,bidisperse,2,0.005,0.6666666666666666,0.25,0.5660716168899403
378000.0,0.904934772637111,1,0.99925,,0.4683773163208798,0.29166267828084613,3.8747222690982044e-10,bidisperse_a0.005_sr0.667_x0.25_N4000_L24_T400000_seed2.npz,bidisperse,2,0.005,0.6666666666666666,0.25,0.5660716168899403
380000.0,0.9053683913619218,1,0.99875,,0.4949382079263904,0.27936507936507937,3.6173773284294636e-10,bidisperse_a0.005_sr0.667_x0.25_N4000_L24_T400000_seed2.npz,bidisperse,2,0.005,0.6666666666666666,0.25,0.5660716168899403
382000.0,0.9052305803918825,1,0.9995,,0.5146903197135422,0.28731129371297537,3.319385180046264e-10,bidisperse_a0.005_sr0.667_x0.25_N4000_L24_T400000_seed2.npz,bidisperse,2,0.005,0.6666666666666666,0.25,0.5660716168899403
384000.0,0.9039913172421483,1,0.999,,0.5856355190152357,0.28802743118392227,3.317231341910001e-10,bidisperse_a0.005_sr0.667_x0.25_N4000_L24_T400000_seed2.npz,bidisperse,2,0.005,0.6666666666666666,0.25,0.5660716168899403
386000.0,0.9036729563592975,1,0.99875,,0.5025511247178852,0.2732072573677642,3.3310624200734504e-10,bidisperse_a0.005_sr0.667_x0.25_N4000_L24_T400000_seed2.npz,bidisperse,2,0.005,0.6666666666666666,0.25,0.5660716168899403
388000.0,0.9034189117418654,1,0.99925,,0.4854791783766674,0.28677733257012017,4.5960019957993903e-10,bidisperse_a0.005_sr0.667_x0.25_N4000_L24_T400000_seed2.npz,bidisperse,2,0.005,0.6666666666666666,0.25,0.5660716168899403
390000.0,0.9042771614831757,2,0.998,,0.5240043063515527,0.29680800381133876,4.3353018788286774e-10,bidisperse_a0.005_sr0.667_x0.25_N4000_L24_T400000_seed2.npz,bidisperse,2,0.005,0.6666666666666666,0.25,0.5660716168899403
392000.0,0.9044353251630087,1,0.99875,,0.5131013423978835,0.28553627911434876,4.339289037214596e-10,bidisperse_a0.005_sr0.667_x0.25_N4000_L24_T400000_seed2.npz,bidisperse,2,0.005,0.6666666666666666,0.25,0.5660716168899403
394000.0,0.9035429922634398,2,0.99775,,0.48191045133084554,0.2905140231645449,4.035835100265816e-10,bidisperse_a0.005_sr0.667_x0.25_N4000_L24_T400000_seed2.npz,bidisperse,2,0.005,0.6666666666666666,0.25,0.5660716168899403
396000.0,0.9051307953840723,1,0.9995,,0.5229677969639531,0.299322325093061,3.9003938297195697e-10,bidisperse_a0.005_sr0.667_x0.25_N4000_L24_T400000_seed2.npz,bidisperse,2,0.005,0.6666666666666666,0.25,0.5660716168899403
398000.0,0.9053041061699392,2,0.99825,,0.5221857983014859,0.2858649789029536,3.930013253861829e-10,bidisperse_a0.005_sr0.667_x0.25_N4000_L24_T400000_seed2.npz,bidisperse,2,0.005,0.6666666666666666,0.25,0.5660716168899403
400000.0,0.9044666473385261,1,0.9995,0.4841042707436383,0.5165470162170576,0.2926480404310098,3.7167181797179073e-10,bidisperse_a0.005_sr0.667_x0.25_N4000_L24_T400000_seed2.npz,bidisperse,2,0.005,0.6666666666666666,0.25,0.5660716168899403
0.0,0.99674515939866,785,0.00575,0.8872334445084951,,,,bidisperse_a0.005_sr0.667_x0.25_N4000_L24_T400000_seed3.npz,bidisperse,3,0.005,0.6666666666666666,0.25,0.6279397437993001
2000.0,0.9766607861258794,57,0.19575,,0.11646800858678487,0.8015684410646388,9.531846897405453e-09,bidisperse_a0.005_sr0.667_x0.25_N4000_L24_T400000_seed3.npz,bidisperse,3,0.005,0.6666666666666666,0.25,0.6279397437993001
4000.0,0.9671307047989264,34,0.2045,,0.7104151405975103,0.5365273178807948,4.807423170275773e-09,bidisperse_a0.005_sr0.667_x0.25_N4000_L24_T400000_seed3.npz,bidisperse,3,0.005,0.6666666666666666,0.25,0.6279397437993001
6000.0,0.964042015500591,22,0.204,,0.7450055196187851,0.47544983226593474,2.9282790747005596e-09,bidisperse_a0.005_sr0.667_x0.25_N4000_L24_T400000_seed3.npz,bidisperse,3,0.005,0.6666666666666666,0.25,0.6279397437993001
8000.0,0.9610807788636345,19,0.22825,,0.7619735768496169,0.43099249035924503,2.238046097047076e-09,bidisperse_a0.005_sr0.667_x0.25_N4000_L24_T400000_seed3.npz,bidisperse,3,0.005,0.6666666666666666,0.25,0.6279397437993001
10000.0,0.9590078204886429,15,0.347,,0.8347930906859157,0.4148828756058158,2.1703696328909603e-09,bidisperse_a0.005_sr0.667_x0.25_N4000_L24_T400000_seed3.npz,bidisperse,3,0.005,0.6666666666666666,0.25,0.6279397437993001
12000.0,0.953240409017449,12,0.43,,0.7715219970306606,0.41200641411104433,1.879613476589663e-09,bidisperse_a0.005_sr0.667_x0.25_N4000_L24_T400000_seed3.npz,bidisperse,3,0.005,0.6666666666666666,0.25,0.6279397437993001
14000.0,0.9538922151696418,11,0.429,,0.8110483785049262,0.38800403225806457,1.4558935631781792e-09,bidisperse_a0.005_sr0.667_x0.25_N4000_L24_T400000_seed3.npz,bidisperse,3,0.005,0.6666666666666666,0.25,0.6279397437993001
16000.0,0.9480812475611047,8,0.44625,,0.7133144379805193,0.377641376534514,1.5574554428147956e-09,bidisperse_a0.005_sr0.667_x0.25_N4000_L24_T400000_seed3.npz,bidisperse,3,0.005,0.6666666666666666,0.25,0.6279397437993001
18000.0,0.9476733479389812,8,0.44625,,0.7195425717869239,0.37838377784437116,1.2460501191078147e-09,bidisperse_a0.005_sr0.667_x0.25_N4000_L24_T400000_seed3.npz,bidisperse,3,0.005,0.6666666666666666,0.25,0.6279397437993001
20000.0,0.9465473410753497,8,0.423,,0.7196517300253269,0.37979958329199326,1.4387181756941392e-09,bidisperse_a0.005_sr0.667_x0.25_N4000_L24_T400000_seed3.npz,bidisperse,3,0.005,0.6666666666666666,0.25,0.6279397437993001
22000.0,0.94554154543191,6,0.493,,0.705196418095697,0.3717784141404167,1.2179704045368388e-09,bidisperse_a0.005_sr0.667_x0.25_N4000_L24_T400000_seed3.npz,bidisperse,3,0.005,0.6666666666666666,0.25,0.6279397437993001
24000.0,0.9443524637013359,6,0.4935,,0.7083771647545726,0.3644694058527934,1.229384935130239e-09,bidisperse_a0.005_sr0.667_x0.25_N4000_L24_T400000_seed3.npz,bidisperse,3,0.005,0.6666666666666666,0.25,0.6279397437993001
26000.0,0.942414974949755,7,0.4935,,0.7184022882803075,0.3506300228197242,9.707389108669287e-10,bidisperse_a0.005_sr0.667_x0.25_N4000_L24_T400000_seed3.npz,bidisperse,3,0.005,0.6666666666666666,0.25,0.6279397437993001
28000.0,0.942854480750932,7,0.493,,0.7802899688415471,0.3419853378244502,1.0831981785282016e-09,bidisperse_a0.005_sr0.667_x0.25_N4000_L24_T400000_seed3.npz,bidisperse,3,0.005,0.6666666666666666,0.25,0.6279397437993001
30000.0,0.9400863545005201,5,0.49325,,0.7343188317985845,0.3451686282266838,9.130554448749412e-10,bidisperse_a0.005_sr0.667_x0.25_N4000_L24_T400000_seed3.npz,bidisperse,3,0.005,0.6666666666666666,0.25,0.6279397437993001
32000.0,0.9402412392952858,5,0.4935,,0.6940655351843237,0.3577251743443669,1.0971800551206561e-09,bidisperse_a0.005_sr0.667_x0.25_N4000_L24_T400000_seed3.npz,bidisperse,3,0.005,0.6666666666666666,0.25,0.6279397437993001
34000.0,0.9389506376691954,6,0.493,,0.7840080859469836,0.33840981012658233,1.0126213058281293e-09,bidisperse_a0.005_sr0.667_x0.25_N4000_L24_T400000_seed3.npz,bidisperse,3,0.005,0.6666666666666666,0.25,0.6279397437993001
36000.0,0.9375888131049597,7,0.4925,,0.7274804469366304,0.34298090175231344,8.731874343060353e-10,bidisperse_a0.005_sr0.667_x0.25_N4000_L24_T400000_seed3.npz,bidisperse,3,0.005,0.6666666666666666,0.25,0.6279397437993001
38000.0,0.9371401234518014,5,0.49375,,0.7106604895749589,0.33878435622106196,8.549586683981205e-10,bidisperse_a0.005_sr0.667_x0.25_N4000_L24_T400000_seed3.npz,bidisperse,3,0.005,0.6666666666666666,0.25,0.6279397437993001
40000.0,0.9355975617984507,8,0.49375,,0.7066224090578044,0.34368874950999606,9.259198234958316e-10,bidisperse_a0.005_sr0.667_x0.25_N4000_L24_T400000_seed3.npz,bidisperse,3,0.005,0.6666666666666666,0.25,0.6279397437993001
42000.0,0.9338618975391084,4,0.4945,,0.7450771308684898,0.33617479913776205,9.208531501348943e-10,bidisperse_a0.005_sr0.667_x0.25_N4000_L24_T400000_seed3.npz,bidisperse,3,0.005,0.6666666666666666,0.25,0.6279397437993001
44000.0,0.935914379877912,4,0.49375,,0.6834437466354343,0.3206601827291482,6.317946801909094e-10,bidisperse_a0.005_sr0.667_x0.25_N4000_L24_T400000_seed3.npz,bidisperse,3,0.005,0.6666666666666666,0.25,0.6279397437993001
46000.0,0.9362296550420989,5,0.4935,,0.6836291900860132,0.31388943537281133,7.192834470606304e-10,bidisperse_a0.005_sr0.667_x0.25_N4000_L24_T400000_seed3.npz,bidisperse,3,0.005,0.6666666666666666,0.25,0.6279397437993001
48000.0,0.9323463192229912,4,0.494,,0.7081916814680067,0.3252706524919535,8.224683796713324e-10,bidisperse_a0.005_sr0.667_x0.25_N4000_L24_T400000_seed3.npz,bidisperse,3,0.005,0.6666666666666666,0.25,0.6279397437993001
50000.0,0.9337956985872129,6,0.49375,,0.6594004725693066,0.3205516971534774,9.313751155636818e-10,bidisperse_a0.005_sr0.667_x0.25_N4000_L24_T400000_seed3.npz,bidisperse,3,0.005,0.6666666666666666,0.25,0.6279397437993001
52000.0,0.9311329778908463,4,0.494,,0.6646642119929292,0.31958561376075056,6.913187531166585e-10,bidisperse_a0.005_sr0.667_x0.25_N4000_L24_T400000_seed3.npz,bidisperse,3,0.005,0.6666666666666666,0.25,0.6279397437993001
54000.0,0.93362435641746,4,0.493,,0.6884349627782541,0.3207787125807082,8.710790311803315e-10,bidisperse_a0.005_sr0.667_x0.25_N4000_L24_T400000_seed3.npz,bidisperse,3,0.005,0.6666666666666666,0.25,0.6279397437993001
56000.0,0.9310974574242987,5,0.83075,,0.6264083298983898,0.3297165200391007,7.89600824940513e-10,bidisperse_a0.005_sr0.667_x0.25_N4000_L24_T400000_seed3.npz,bidisperse,3,0.005,0.6666666666666666,0.25,0.6279397437993001
58000.0,0.9317776744473887,3,0.832,,0.6324890451185221,0.3268516709009185,7.387379876294417e-10,bidisperse_a0.005_sr0.667_x0.25_N4000_L24_T400000_seed3.npz,bidisperse,3,0.005,0.6666666666666666,0.25,0.6279397437993001
60000.0,0.9289551686705854,4,0.8305,,0.6175147509655339,0.3260636744231331,7.5528373705399e-10,bidisperse_a0.005_sr0.667_x0.25_N4000_L24_T400000_seed3.npz,bidisperse,3,0.005,0.6666666666666666,0.25,0.6279397437993001
62000.0,0.9293815372822263,4,0.832,,0.6476345018906892,0.3200975609756097,6.350199773221128e-10,bidisperse_a0.005_sr0.667_x0.25_N4000_L24_T400000_seed3.npz,bidisperse,3,0.005,0.6666666666666666,0.25,0.6279397437993001
64000.0,0.9301544209848032,3,0.833,,0.6843438356125325,0.32284849076877986,6.900044005060397e-10,bidisperse_a0.005_sr0.667_x0.25_N4000_L24_T400000_seed3.npz,bidisperse,3,0.005,0.6666666666666666,0.25,0.6279397437993001
66000.0,0.9268719649033527,3,0.8445,,0.6677902777819111,0.3118607395751377,6.458243049802672e-10,bidisperse_a0.005_sr0.667_x0.25_N4000_L24_T400000_seed3.npz,bidisperse,3,0.005,0.6666666666666666,0.25,0.6279397437993001
68000.0,0.9253352108538827,2,0.845,,0.5997208354065215,0.333106993888835,6.033390267340718e-10,bidisperse_a0.005_sr0.667_x0.25_N4000_L24_T400000_seed3.npz,bidisperse,3,0.005,0.6666666666666666,0.25,0.6279397437993001
70000.0,0.926702046841921,3,0.84475,,0.6414301123372343,0.32004289335153047,5.88277510058443e-10,bidisperse_a0.005_sr0.667_x0.25_N4000_L24_T400000_seed3.npz,bidisperse,3,0.005,0.6666666666666666,0.25,0.6279397437993001
72000.0,0.925617718637113,2,0.84325,,0.6359380773154274,0.32346948675657317,5.797856978129379e-10,bidisperse_a0.005_sr0.667_x0.25_N4000_L24_T400000_seed3.npz,bidisperse,3,0.005,0.6666666666666666,0.25,0.6279397437993001
74000.0,0.9247632297097225,3,0.84375,,0.640018862887918,0.306399609184172,5.285482540424275e-10,bidisperse_a0.005_sr0.667_x0.25_N4000_L24_T400000_seed3.npz,bidisperse,3,0.005,0.6666666666666666,0.25,0.6279397437993001
76000.0,0.9245279472464683,2,0.8445,,0.6424435534790461,0.29985315712187954,5.061980715237033e-10,bidisperse_a0.005_sr0.667_x0.25_N4000_L24_T400000_seed3.npz,bidisperse,3,0.005,0.6666666666666666,0.25,0.6279397437993001
78000.0,0.9257681112902859,2,0.84475,,0.6013417459066163,0.3060252672497571,5.612117905384812e-10,bidisperse_a0.005_sr0.667_x0.25_N4000_L24_T400000_seed3.npz,bidisperse,3,0.005,0.6666666666666666,0.25,0.6279397437993001
80000.0,0.9253431863012039,3,0.84325,,0.5776441053592555,0.3027818448023426,5.504460340176498e-10,bidisperse_a0.005_sr0.667_x0.25_N4000_L24_T400000_seed3.npz,bidisperse,3,0.005,0.6666666666666666,0.25,0.6279397437993001
82000.0,0.9228979189320171,2,0.84425,,0.5741189461109739,0.31093093679788997,5.752538462322052e-10,bidisperse_a0.005_sr0.667_x0.25_N4000_L24_T400000_seed3.npz,bidisperse,3,0.005,0.6666666666666666,0.25,0.6279397437993001
84000.0,0.9241615187452775,2,0.84325,,0.6016604356993069,0.31092682926829274,4.911872250247853e-10,bidisperse_a0.005_sr0.667_x0.25_N4000_L24_T400000_seed3.npz,bidisperse,3,0.005,0.6666666666666666,0.25,0.6279397437993001
86000.0,0.9225917369324591,2,0.84525,,0.5615861274888971,0.3091122179900381,6.350526671385339e-10,bidisperse_a0.005_sr0.667_x0.25_N4000_L24_T400000_seed3.npz,bidisperse,3,0.005,0.6666666666666666,0.25,0.6279397437993001
88000.0,0.9230145332335364,2,0.84425,,0.5888731037469086,0.3085998439937597,5.385672352511252e-10,bidisperse_a0.005_sr0.667_x0.25_N4000_L24_T400000_seed3.npz,bidisperse,3,0.005,0.6666666666666666,0.25,0.6279397437993001
90000.0,0.9233764565992866,2,0.8445,,0.6110956554939173,0.30658356057654845,6.40451340973075e-10,bidisperse_a0.005_sr0.667_x0.25_N4000_L24_T400000_seed3.npz,bidisperse,3,0.005,0.6666666666666666,0.25,0.6279397437993001
92000.0,0.9216613038363715,2,0.8445,,0.6312526529118095,0.3063089336055216,5.391643756843699e-10,bidisperse_a0.005_sr0.667_x0.25_N4000_L24_T400000_seed3.npz,bidisperse,3,0.005,0.6666666666666666,0.25,0.6279397437993001
94000.0,0.9235744626340023,2,0.84475,,0.6226977762765306,0.30130451713395634,5.481346731137336e-10,bidisperse_a0.005_sr0.667_x0.25_N4000_L24_T400000_seed3.npz,bidisperse,3,0.005,0.6666666666666666,0.25,0.6279397437993001
96000.0,0.9233571504187429,2,0.845,,0.607909663817379,0.2996587030716723,5.968985529488564e-10,bidisperse_a0.005_sr0.667_x0.25_N4000_L24_T400000_seed3.npz,bidisperse,3,0.005,0.6666666666666666,0.25,0.6279397437993001
98000.0,0.9215792325378142,2,0.845,,0.6097628651150346,0.3079608261417628,6.055317187651216e-10,bidisperse_a0.005_sr0.667_x0.25_N4000_L24_T400000_seed3.npz,bidisperse,3,0.005,0.6666666666666666,0.25,0.6279397437993001
100000.0,0.9218878036440752,2,0.8445,0.4932483690725828,0.657292380854309,0.30048638132295724,6.056037119629052e-10,bidisperse_a0.005_sr0.667_x0.25_N4000_L24_T400000_seed3.npz,bidisperse,3,0.005,0.6666666666666666,0.25,0.6279397437993001
102000.0,0.9215642359708724,2,0.845,,0.603464943692862,0.29863281249999996,6.101677112208775e-10,bidisperse_a0.005_sr0.667_x0.25_N4000_L24_T400000_seed3.npz,bidisperse,3,0.005,0.6666666666666666,0.25,0.6279397437993001
104000.0,0.9217806786800192,3,0.84325,,0.654471862468503,0.30326108181995703,6.381563126750708e-10,bidisperse_a0.005_sr0.667_x0.25_N4000_L24_T400000_seed3.npz,bidisperse,3,0.005,0.6666666666666666,0.25,0.6279397437993001
106000.0,0.9229746765337631,3,0.84325,,0.6082960931313549,0.29758765504443796,5.326425984650918e-10,bidisperse_a0.005_sr0.667_x0.25_N4000_L24_T400000_seed3.npz,bidisperse,3,0.005,0.6666666666666666,0.25,0.6279397437993001
108000.0,0.9224241037551159,2,0.8435,,0.6489074684621164,0.2921722113502936,5.640932266813696e-10,bidisperse_a0.005_sr0.667_x0.25_N4000_L24_T400000_seed3.npz,bidisperse,3,0.005,0.6666666666666666,0.25,0.6279397437993001
110000.0,0.9209171763773003,3,0.84375,,0.6496266811218461,0.28906479038405164,4.614014931608814e-10,bidisperse_a0.005_sr0.667_x0.25_N4000_L24_T400000_seed3.npz,bidisperse,3,0.005,0.6666666666666666,0.25,0.6279397437993001
112000.0,0.9194286186600821,2,0.8455,,0.5955794009109522,0.2886376924576106,4.650187589093097e-10,bidisperse_a0.005_sr0.667_x0.25_N4000_L24_T400000_seed3.npz,bidisperse,3,0.005,0.6666666666666666,0.25,0.6279397437993001
114000.0,0.9222098926491917,2,0.8435,,0.576298614464302,0.29158951369262254,5.75430448849691e-10,bidisperse_a0.005_sr0.667_x0.25_N4000_L24_T400000_seed3.npz,bidisperse,3,0.005,0.6666666666666666,0.25,0.6279397437993001
116000.0,0.9203651727030302,2,0.8445,,0.5631539542713873,0.29481683554169913,4.926853713545656e-10,bidisperse_a0.005_sr0.667_x0.25_N4000_L24_T400000_seed3.npz,bidisperse,3,0.005,0.6666666666666666,0.25,0.6279397437993001
118000.0,0.9201784157720239,2,0.84475,,0.6081828156835694,0.3037827352085354,6.208254438039794e-10,bidisperse_a0.005_sr0.667_x0.25_N4000_L24_T400000_seed3.npz,bidisperse,3,0.005,0.6666666666666666,0.25,0.6279397437993001
120000.0,0.9225064372910728,2,0.844,,0.6192204440194786,0.29551194870798525,5.469653505328872e-10,bidisperse_a0.005_sr0.667_x0.25_N4000_L24_T400000_seed3.npz,bidisperse,3,0.005,0.6666666666666666,0.25,0.6279397437993001
122000.0,0.9199659094645191,4,0.8455,,0.636539254948893,0.29467847066835295,4.908501522362799e-10,bidisperse_a0.005_sr0.667_x0.25_N4000_L24_T400000_seed3.npz,bidisperse,3,0.005,0.6666666666666666,0.25,0.6279397437993001
124000.0,0.9222534389090966,2,0.84575,,0.6426522599457404,0.306517114678012,6.617514235982331e-10,bidisperse_a0.005_sr0.667_x0.25_N4000_L24_T400000_seed3.npz,bidisperse,3,0.005,0.6666666666666666,0.25,0.6279397437993001
126000.0,0.9194328274106685,2,0.844,,0.6484417795643889,0.2988315481986368,5.097175587796713e-10,bidisperse_a0.005_sr0.667_x0.25_N4000_L24_T400000_seed3.npz,bidisperse,3,0.005,0.6666666666666666,0.25,0.6279397437993001
128000.0,0.9207974786358742,2,0.845,,0.5713598831389355,0.29502923976608186,5.247550528659382e-10,bidisperse_a0.005_sr0.667_x0.25_N4000_L24_T400000_seed3.npz,bidisperse,3,0.005,0.6666666666666666,0.25,0.6279397437993001
130000.0,0.9195429187587273,2,0.84525,,0.6034462744811825,0.29214791808211205,4.4663799350942843e-10,bidisperse_a0.005_sr0.667_x0.25_N4000_L24_T400000_seed3.npz,bidisperse,3,0.005,0.6666666666666666,0.25,0.6279397437993001
132000.0,0.9202350193956634,2,0.845,,0.5754109496126154,0.29171517268141245,5.427639172777791e-10,bidisperse_a0.005_sr0.667_x0.25_N4000_L24_T400000_seed3.npz,bidisperse,3,0.005,0.6666666666666666,0.25,0.6279397437993001
134000.0,0.9220159491335331,2,0.8455,,0.6126514351214271,0.28839821809025756,4.676456715418906e-10,bidisperse_a0.005_sr0.667_x0.25_N4000_L24_T400000_seed3.npz,bidisperse,3,0.005,0.6666666666666666,0.25,0.6279397437993001
136000.0,0.9210868782896158,2,0.844,,0.6443810241243717,0.2863950209082953,5.162536256197421e-10,bidisperse_a0.005_sr0.667_x0.25_N4000_L24_T400000_seed3.npz,bidisperse,3,0.005,0.6666666666666666,0.25,0.6279397437993001
138000.0,0.9211841717882018,3,0.8445,,0.6465192606393017,0.29661592165228357,4.722543711848019e-10,bidisperse_a0.005_sr0.667_x0.25_N4000_L24_T400000_seed3.npz,bidisperse,3,0.005,0.6666666666666666,0.25,0.6279397437993001
140000.0,0.9191599672193408,2,0.8455,,0.6283511080528963,0.2860200408600059,4.632840850655096e-10,bidisperse_a0.005_sr0.667_x0.25_N4000_L24_T400000_seed3.npz,bidisperse,3,0.005,0.6666666666666666,0.25,0.6279397437993001
142000.0,0.9192775339861731,2,0.84525,,0.5658080786669263,0.28666405944466167,4.493145502848413e-10,bidisperse_a0.005_sr0.667_x0.25_N4000_L24_T400000_seed3.npz,bidisperse,3,0.005,0.6666666666666666,0.25,0.6279397437993001
144000.0,0.9206083772268191,2,0.84475,,0.5663567780946878,0.3048697841030109,5.68167851920573e-10,bidisperse_a0.005_sr0.667_x0.25_N4000_L24_T400000_seed3.npz,bidisperse,3,0.005,0.6666666666666666,0.25,0.6279397437993001
146000.0,0.918725702654392,2,0.8445,,0.5955883423581352,0.2964112512124152,4.5348401753264306e-10,bidisperse_a0.005_sr0.667_x0.25_N4000_L24_T400000_seed3.npz,bidisperse,3,0.005,0.6666666666666666,0.25,0.6279397437993001
148000.0,0.9192032199111619,2,0.8455,,0.6102999526736266,0.29368790181180593,4.246738712996776e-10,bidisperse_a0.005_sr0.667_x0.25_N4000_L24_T400000_seed3.npz,bidisperse,3,0.005,0.6666666666666666,0.25,0.6279397437993001
150000.0,0.9190582841521551,2,0.84525,,0.5823422697903791,0.30055120394545987,4.138395550008372e-10,bidisperse_a0.005_sr0.667_x0.25_N4000_L24_T400000_seed3.npz,bidisperse,3,0.005,0.6666666666666666,0.25,0.6279397437993001
152000.0,0.9208600466414747,2,0.84475,,0.5551667061831291,0.29026617447056535,4.82097643452057e-10,bidisperse_a0.005_sr0.667_x0.25_N4000_L24_T400000_seed3.npz,bidisperse,3,0.005,0.6666666666666666,0.25,0.6279397437993001
154000.0,0.9200414482883149,3,0.8445,,0.5744271413334667,0.2929175167589624,3.916814068047443e-10,bidisperse_a0.005_sr0.667_x0.25_N4000_L24_T400000_seed3.npz,bidisperse,3,0.005,0.6666666666666666,0.25,0.6279397437993001
156000.0,0.9197019603846412,2,0.845,,0.6053895762148337,0.29214791808211205,7.130727374253417e-10,bidisperse_a0.005_sr0.667_x0.25_N4000_L24_T400000_seed3.npz,bidisperse,3,0.005,0.6666666666666666,0.25,0.6279397437993001
158000.0,0.919489452410628,2,0.84375,,0.5532318701116455,0.2961743341404358,5.32629177506967e-10,bidisperse_a0.005_sr0.667_x0.25_N4000_L24_T400000_seed3.npz,bidisperse,3,0.005,0.6666666666666666,0.25,0.6279397437993001
160000.0,0.918733784513118,3,0.84375,,0.5741276436341018,0.2968416973454757,5.133791571964842e-10,bidisperse_a0.005_sr0.667_x0.25_N4000_L24_T400000_seed3.npz,bidisperse,3,0.005,0.6666666666666666,0.25,0.6279397437993001
162000.0,0.9180642990328087,2,0.84425,,0.5257679160361485,0.2841519382872766,4.6448529382846854e-10,bidisperse_a0.005_sr0.667_x0.25_N4000_L24_T400000_seed3.npz,bidisperse,3,0.005,0.6666666666666666,0.25,0.6279397437993001
164000.0,0.9199518917098588,2,0.84425,,0.6507321104433699,0.2869828259172521,4.5601612301339253e-10,bidisperse_a0.005_sr0.667_x0.25_N4000_L24_T400000_seed3.npz,bidisperse,3,0.005,0.6666666666666666,0.25,0.6279397437993001
166000.0,0.9187533916343137,2,0.8445,,0.6344728897248547,0.281786271450858,4.848471672854347e-10,bidisperse_a0.005_sr0.667_x0.25_N4000_L24_T400000_seed3.npz,bidisperse,3,0.005,0.6666666666666666,0.25,0.6279397437993001
168000.0,0.920629890356476,2,0.845,,0.6591267596374387,0.28211098176173843,5.64912229882174e-10,bidisperse_a0.005_sr0.667_x0.25_N4000_L24_T400000_seed3.npz,bidisperse,3,0.005,0.6666666666666666,0.25,0.6279397437993001
170000.0,0.9175594344175367,2,0.844,,0.67482341386723,0.28893203883495144,4.811428513763226e-10,bidisperse_a0.005_sr0.667_x0.25_N4000_L24_T400000_seed3.npz,bidisperse,3,0.005,0.6666666666666666,0.25,0.6279397437993001
172000.0,0.9187947691671622,2,0.84425,,0.5882364988173561,0.2840421381193914,4.095762191206029e-10,bidisperse_a0.005_sr0.667_x0.25_N4000_L24_T400000_seed3.npz,bidisperse,3,0.005,0.6666666666666666,0.25,0.6279397437993001
174000.0,0.9192593647989974,2,0.84475,,0.5886629123476501,0.2928010851661661,4.849038525607163e-10,bidisperse_a0.005_sr0.667_x0.25_N4000_L24_T400000_seed3.npz,bidisperse,3,0.005,0.6666666666666666,0.25,0.6279397437993001
176000.0,0.9194656661305508,2,0.8445,,0.6041037733323502,0.28611842747049065,5.272516677317338e-10,bidisperse_a0.005_sr0.667_x0.25_N4000_L24_T400000_seed3.npz,bidisperse,3,0.005,0.6666666666666666,0.25,0.6279397437993001
178000.0,0.918690405011457,3,0.84425,,0.6349576121456464,0.2924289606850915,4.878458016650655e-10,bidisperse_a0.005_sr0.667_x0.25_N4000_L24_T400000_seed3.npz,bidisperse,3,0.005,0.6666666666666666,0.25,0.6279397437993001
180000.0,0.9168692951440763,2,0.84525,,0.554122176593484,0.2881405563689605,4.0832190583881377e-10,bidisperse_a0.005_sr0.667_x0.25_N4000_L24_T400000_seed3.npz,bidisperse,3,0.005,0.6666666666666666,0.25,0.6279397437993001
182000.0,0.9188703332416245,2,0.8455,,0.5767517310259958,0.2864082386087632,4.731183384510803e-10,bidisperse_a0.005_sr0.667_x0.25_N4000_L24_T400000_seed3.npz,bidisperse,3,0.005,0.6666666666666666,0.25,0.6279397437993001
184000.0,0.9185332768501924,3,0.84475,,0.616525044220567,0.28985086190199494,4.530753123621471e-10,bidisperse_a0.005_sr0.667_x0.25_N4000_L24_T400000_seed3.npz,bidisperse,3,0.005,0.6666666666666666,0.25,0.6279397437993001
186000.0,0.9203187896146202,3,0.84525,,0.6314388133586859,0.29437984496124026,4.957164360505052e-10,bidisperse_a0.005_sr0.667_x0.25_N4000_L24_T400000_seed3.npz,bidisperse,3,0.005,0.6666666666666666,0.25,0.6279397437993001
188000.0,0.9201320275597461,3,0.8445,,0.6364105596977808,0.2885984589876134,3.930104456196624e-10,bidisperse_a0.005_sr0.667_x0.25_N4000_L24_T400000_seed3.npz,bidisperse,3,0.005,0.6666666666666666,0.25,0.6279397437993001
190000.0,0.9190368348696611,2,0.8445,,0.6213719000290294,0.2910011686793923,4.699832816891774e-10,bidisperse_a0.005_sr0.667_x0.25_N4000_L24_T400000_seed3.npz,bidisperse,3,0.005,0.6666666666666666,0.25,0.6279397437993001
192000.0,0.9184965675680969,1,0.999,,0.619938387585123,0.3020179588683982,5.505590079673226e-10,bidisperse_a0.005_sr0.667_x0.25_N4000_L24_T400000_seed3.npz,bidisperse,3,0.005,0.6666666666666666,0.25,0.6279397437993001
194000.0,0.918637515700309,1,0.99825,,0.5981560930753393,0.2985117897178199,5.518341409465848e-10,bidisperse_a0.005_sr0.667_x0.25_N4000_L24_T400000_seed3.npz,bidisperse,3,0.005,0.6666666666666666,0.25,0.6279397437993001
196000.0,0.9168499625370378,1,0.9985,,0.6271582572645609,0.2986386019117505,5.020178147031061e-10,bidisperse_a0.005_sr0.667_x0.25_N4000_L24_T400000_seed3.npz,bidisperse,3,0.005,0.6666666666666666,0.25,0.6279397437993001
198000.0,0.9174579606381652,1,0.998,,0.6079125757902291,0.28409424186137455,4.5180539783335475e-10,bidisperse_a0.005_sr0.667_x0.25_N4000_L24_T400000_seed3.npz,bidisperse,3,0.005,0.6666666666666666,0.25,0.6279397437993001
200000.0,0.91729255012299,2,0.998,0.4944392589173498,0.5240700007429689,0.3032707567253725,4.3595819682602104e-10,bidisperse_a0.005_sr0.667_x0.25_N4000_L24_T400000_seed3.npz,bidisperse,3,0.005,0.6666666666666666,0.25,0.6279397437993001
202000.0,0.9167980482370508,1,0.99875,,0.5848981789031071,0.2890033028948902,5.086854498804647e-10,bidisperse_a0.005_sr0.667_x0.25_N4000_L24_T400000_seed3.npz,bidisperse,3,0.005,0.6666666666666666,0.25,0.6279397437993001
204000.0,0.9186571017350339,1,0.9995,,0.6019610099610719,0.28915313225058004,4.684016536455488e-10,bidisperse_a0.005_sr0.667_x0.25_N4000_L24_T400000_seed3.npz,bidisperse,3,0.005,0.6666666666666666,0.25,0.6279397437993001
206000.0,0.9175276491629146,1,0.99925,,0.645619178643065,0.2836052836052836,4.0519407615435244e-10,bidisperse_a0.005_sr0.667_x0.25_N4000_L24_T400000_seed3.npz,bidisperse,3,0.005,0.6666666666666666,0.25,0.6279397437993001
208000.0,0.9168408939624899,1,0.998,,0.6685831785760391,0.291868814282942,4.837310476928886e-10,bidisperse_a0.005_sr0.667_x0.25_N4000_L24_T400000_seed3.npz,bidisperse,3,0.005,0.6666666666666666,0.25,0.6279397437993001
210000.0,0.917047195414196,1,0.99825,,0.5884002140781883,0.3033024333719583,5.698306142988463e-10,bidisperse_a0.005_sr0.667_x0.25_N4000_L24_T400000_seed3.npz,bidisperse,3,0.005,0.6666666666666666,0.25,0.6279397437993001
212000.0,0.917165533084396,1,0.99825,,0.5728545479608292,0.2993118154502278,5.285481319545053e-10,bidisperse_a0.005_sr0.667_x0.25_N4000_L24_T400000_seed3.npz,bidisperse,3,0.005,0.6666666666666666,0.25,0.6279397437993001
214000.0,0.9157041331497139,1,0.99925,,0.6221937454551145,0.2938374805598756,4.926379877706301e-10,bidisperse_a0.005_sr0.667_x0.25_N4000_L24_T400000_seed3.npz,bidisperse,3,0.005,0.6666666666666666,0.25,0.6279397437993001
216000.0,0.9170430288066913,1,0.998,,0.5799721534238421,0.2979114291239605,4.369633264766061e-10,bidisperse_a0.005_sr0.667_x0.25_N4000_L24_T400000_seed3.npz,bidisperse,3,0.005,0.6666666666666666,0.25,0.6279397437993001
218000.0,0.916063572623549,2,0.99875,,0.599496459083458,0.3014478764478764,5.054482026118879e-10,bidisperse_a0.005_sr0.667_x0.25_N4000_L24_T400000_seed3.npz,bidisperse,3,0.005,0.6666666666666666,0.25,0.6279397437993001
220000.0,0.9172418553205678,1,0.9995,,0.569777162972161,0.2976995940460081,4.981180479282288e-10,bidisperse_a0.005_sr0.667_x0.25_N4000_L24_T400000_seed3.npz,bidisperse,3,0.005,0.6666666666666666,0.25,0.6279397437993001
222000.0,0.9157907508913161,1,0.99925,,0.5656506917191001,0.2993550871113678,6.223477219265451e-10,bidisperse_a0.005_sr0.667_x0.25_N4000_L24_T400000_seed3.npz,bidisperse,3,0.005,0.6666666666666666,0.25,0.6279397437993001
224000.0,0.9176401482162148,1,0.99825,,0.5569476048646217,0.3056785370548605,6.355093443618643e-10,bidisperse_a0.005_sr0.667_x0.25_N4000_L24_T400000_seed3.npz,bidisperse,3,0.005,0.6666666666666666,0.25,0.6279397437993001
226000.0,0.9160520420707606,2,0.9895,,0.5510060646731401,0.3042807558812186,5.490265956900843e-10,bidisperse_a0.005_sr0.667_x0.25_N4000_L24_T400000_seed3.npz,bidisperse,3,0.005,0.6666666666666666,0.25,0.6279397437993001
228000.0,0.9142713643289158,3,0.988,,0.5931661230018975,0.29661592165228357,4.987575734487654e-10,bidisperse_a0.005_sr0.667_x0.25_N4000_L24_T400000_seed3.npz,bidisperse,3,0.005,0.6666666666666666,0.25,0.6279397437993001
230000.0,0.9149167090113809,2,0.9985,,0.5943844681730034,0.3020459614079317,4.7058121856915e-10,bidisperse_a0.005_sr0.667_x0.25_N4000_L24_T400000_seed3.npz,bidisperse,3,0.005,0.6666666666666666,0.25,0.6279397437993001
232000.0,0.9168433238636363,2,0.9975,,0.5438952009842108,0.3016333236686962,6.634851484414847e-10,bidisperse_a0.005_sr0.667_x0.25_N4000_L24_T400000_seed3.npz,bidisperse,3,0.005,0.6666666666666666,0.25,0.6279397437993001
234000.0,0.9158090049479028,1,0.9985,,0.6040579926560161,0.2970143466459868,6.132559765353643e-10,bidisperse_a0.005_sr0.667_x0.25_N4000_L24_T400000_seed3.npz,bidisperse,3,0.005,0.6666666666666666,0.25,0.6279397437993001
236000.0,0.9147384346235024,1,0.99825,,0.5810078826529824,0.29558225150164696,5.812426324723768e-10,bidisperse_a0.005_sr0.667_x0.25_N4000_L24_T400000_seed3.npz,bidisperse,3,0.005,0.6666666666666666,0.25,0.6279397437993001
238000.0,0.9157407928719008,1,0.99775,,0.5360110828292565,0.2923166359848852,5.707611002237376e-10,bidisperse_a0.005_sr0.667_x0.25_N4000_L24_T400000_seed3.npz,bidisperse,3,0.005,0.6666666666666666,0.25,0.6279397437993001
240000.0,0.9148962911945823,1,0.9995,,0.6084542757144946,0.3039036144578313,5.426974595513955e-10,bidisperse_a0.005_sr0.667_x0.25_N4000_L24_T400000_seed3.npz,bidisperse,3,0.005,0.6666666666666666,0.25,0.6279397437993001
242000.0,0.9139623490904707,1,0.998,,0.5408126832958011,0.30428090428090426,5.460301664135199e-10,bidisperse_a0.005_sr0.667_x0.25_N4000_L24_T400000_seed3.npz,bidisperse,3,0.005,0.6666666666666666,0.25,0.6279397437993001
244000.0,0.9109804956284742,1,0.99825,,0.5048643959016887,0.29171494785631513,4.303133775360434e-10,bidisperse_a0.005_sr0.667_x0.25_N4000_L24_T400000_seed3.npz,bidisperse,3,0.005,0.6666666666666666,0.25,0.6279397437993001
246000.0,0.9142379620574095,1,0.99875,,0.594228428830431,0.2883725414577709,4.382025271442291e-10,bidisperse_a0.005_sr0.667_x0.25_N4000_L24_T400000_seed3.npz,bidisperse,3,0.005,0.6666666666666666,0.25,0.6279397437993001
248000.0,0.9120590270247096,1,0.9995,,0.5874880167163413,0.28936703975299116,4.591122354591689e-10,bidisperse_a0.005_sr0.667_x0.25_N4000_L24_T400000_seed3.npz,bidisperse,3,0.005,0.6666666666666666,0.25,0.6279397437993001
250000.0,0.9129365965868471,1,0.999,,0.5543932342679304,0.28965384244528014,4.4963840218375275e-10,bidisperse_a0.005_sr0.667_x0.25_N4000_L24_T400000_seed3.npz,bidisperse,3,0.005,0.6666666666666666,0.25,0.6279397437993001
252000.0,0.9138389552497312,1,0.99875,,0.6069831815116591,0.2910829871509999,4.224878393755628e-10,bidisperse_a0.005_sr0.667_x0.25_N4000_L24_T400000_seed3.npz,bidisperse,3,0.005,0.6666666666666666,0.25,0.6279397437993001
254000.0,0.9104426327621773,1,0.99925,,0.5370341563102928,0.29236104421539355,5.148318432032184e-10,bidisperse_a0.005_sr0.667_x0.25_N4000_L24_T400000_seed3.npz,bidisperse,3,0.005,0.6666666666666666,0.25,0.6279397437993001
256000.0,0.9106898718797566,1,0.9995,,0.5001826196733441,0.27862521722340217,4.426384626675796e-10,bidisperse_a0.005_sr0.667_x0.25_N4000_L24_T400000_seed3.npz,bidisperse,3,0.005,0.6666666666666666,0.25,0.6279397437993001
258000.0,0.9132790989488715,2,0.99775,,0.5405116339522565,0.2920166039192972,4.945090398978037e-10,bidisperse_a0.005_sr0.667_x0.25_N4000_L24_T400000_seed3.npz,bidisperse,3,0.005,0.6666666666666666,0.25,0.6279397437993001
260000.0,0.9141221292705332,2,0.9985,,0.551370858318531,0.30603034376800464,5.536848165009245e-10,bidisperse_a0.005_sr0.667_x0.25_N4000_L24_T400000_seed3.npz,bidisperse,3,0.005,0.6666666666666666,0.25,0.6279397437993001
262000.0,0.911161534881759,1,0.99925,,0.49637769638035656,0.289793555855682,3.9096229969392283e-10,bidisperse_a0.005_sr0.667_x0.25_N4000_L24_T400000_seed3.npz,bidisperse,3,0.005,0.6666666666666666,0.25,0.6279397437993001
264000.0,0.9117454364283063,2,0.9985,,0.5466633517531555,0.2843089979747324,4.045391053212501e-10,bidisperse_a0.005_sr0.667_x0.25_N4000_L24_T400000_seed3.npz,bidisperse,3,0.005,0.6666666666666666,0.25,0.6279397437993001
266000.0,0.9118395400845071,1,0.999,,0.5738620940570925,0.28941040684812924,4.695279593019413e-10,bidisperse_a0.005_sr0.667_x0.25_N4000_L24_T400000_seed3.npz,bidisperse,3,0.005,0.6666666666666666,0.25,0.6279397437993001
268000.0,0.9097985191622062,1,0.99875,,0.5600489605997819,0.28498507175190213,3.956361072833318e-10,bidisperse_a0.005_sr0.667_x0.25_N4000_L24_T400000_seed3.npz,bidisperse,3,0.005,0.6666666666666666,0.25,0.6279397437993001
270000.0,0.9108384440941895,1,0.9985,,0.5194579785798061,0.2858107456351886,3.993387350803459e-10,bidisperse_a0.005_sr0.667_x0.25_N4000_L24_T400000_seed3.npz,bidisperse,3,0.005,0.6666666666666666,0.25,0.6279397437993001
272000.0,0.9122188660203948,1,0.99875,,0.5682405708086588,0.2987998079692751,4.6538078271985724e-10,bidisperse_a0.005_sr0.667_x0.25_N4000_L24_T400000_seed3.npz,bidisperse,3,0.005,0.6666666666666666,0.25,0.6279397437993001
274000.0,0.9120790653516309,1,0.9985,,0.52608259470335,0.28514985063120357,4.1008201044219013e-10,bidisperse_a0.005_sr0.667_x0.25_N4000_L24_T400000_seed3.npz,bidisperse,3,0.005,0.6666666666666666,0.25,0.6279397437993001
276000.0,0.9127704155252855,1,0.99875,,0.5687746564357151,0.28326593491238206,4.221381920139211e-10,bidisperse_a0.005_sr0.667_x0.25_N4000_L24_T400000_seed3.npz,bidisperse,3,0.005,0.6666666666666666,0.25,0.6279397437993001
278000.0,0.9119907351175764,1,0.99975,,0.5517265810539147,0.28590655643145546,3.644003220232885e-10,bidisperse_a0.005_sr0.667_x0.25_N4000_L24_T400000_seed3.npz,bidisperse,3,0.005,0.6666666666666666,0.25,0.6279397437993001
280000.0,0.9126666452506549,1,0.9995,,0.5581401117916924,0.2829150579150579,4.358746903931313e-10,bidisperse_a0.005_sr0.667_x0.25_N4000_L24_T400000_seed3.npz,bidisperse,3,0.005,0.6666666666666666,0.25,0.6279397437993001
282000.0,0.912433686557649,1,0.9995,,0.5454151551640042,0.2885854409077796,3.962883504098838e-10,bidisperse_a0.005_sr0.667_x0.25_N4000_L24_T400000_seed3.npz,bidisperse,3,0.005,0.6666666666666666,0.25,0.6279397437993001
284000.0,0.9119082871318159,1,0.99875,,0.5325981401552473,0.2859895933705916,3.623779076444445e-10,bidisperse_a0.005_sr0.667_x0.25_N4000_L24_T400000_seed3.npz,bidisperse,3,0.005,0.6666666666666666,0.25,0.6279397437993001
286000.0,0.9143844242201956,1,0.9995,,0.5076551479617439,0.29229287090558764,4.32366367134937e-10,bidisperse_a0.005_sr0.667_x0.25_N4000_L24_T400000_seed3.npz,bidisperse,3,0.005,0.6666666666666666,0.25,0.6279397437993001
288000.0,0.9122889459768445,1,0.99875,,0.5428594850685917,0.28811605341531366,3.8591202704000853e-10,bidisperse_a0.005_sr0.667_x0.25_N4000_L24_T400000_seed3.npz,bidisperse,3,0.005,0.6666666666666666,0.25,0.6279397437993001
290000.0,0.9099023951236778,1,0.9995,,0.5671179724219435,0.2723581166005994,4.82449232760236e-10,bidisperse_a0.005_sr0.667_x0.25_N4000_L24_T400000_seed3.npz,bidisperse,3,0.005,0.6666666666666666,0.25,0.6279397437993001
292000.0,0.9102935579173344,1,0.9985,,0.5114490439473264,0.2806510642396225,3.941170543666057e-10,bidisperse_a0.005_sr0.667_x0.25_N4000_L24_T400000_seed3.npz,bidisperse,3,0.005,0.6666666666666666,0.25,0.6279397437993001
294000.0,0.9120973012788061,1,0.99975,,0.499175326772057,0.275585219578255,3.5214305982384064e-10,bidisperse_a0.005_sr0.667_x0.25_N4000_L24_T400000_seed3.npz,bidisperse,3,0.005,0.6666666666666666,0.25,0.6279397437993001
296000.0,0.9099597449336098,1,0.99825,,0.5718347281289917,0.28820246343341027,3.326265628874231e-10,bidisperse_a0.005_sr0.667_x0.25_N4000_L24_T400000_seed3.npz,bidisperse,3,0.005,0.6666666666666666,0.25,0.6279397437993001
298000.0,0.9113449639204814,2,0.99875,,0.523360702488308,0.29115265998457984,4.721298372267496e-10,bidisperse_a0.005_sr0.667_x0.25_N4000_L24_T400000_seed3.npz,bidisperse,3,0.005,0.6666666666666666,0.25,0.6279397437993001
300000.0,0.9106451859773074,1,0.99875,0.4852362315295437,0.5540721623763395,0.2854112428888246,3.940760320063635e-10,bidisperse_a0.005_sr0.667_x0.25_N4000_L24_T400000_seed3.npz,bidisperse,3,0.005,0.6666666666666666,0.25,0.6279397437993001
302000.0,0.9123688035098647,1,0.999,,0.5322135162406115,0.283679753656659,3.213484201582631e-10,bidisperse_a0.005_sr0.667_x0.25_N4000_L24_T400000_seed3.npz,bidisperse,3,0.005,0.6666666666666666,0.25,0.6279397437993001
304000.0,0.9077439455366006,1,0.999,,0.523825074055509,0.2865935756876322,4.0637066602698085e-10,bidisperse_a0.005_sr0.667_x0.25_N4000_L24_T400000_seed3.npz,bidisperse,3,0.005,0.6666666666666666,0.25,0.6279397437993001
306000.0,0.9100087287408294,1,0.999,,0.5212462472013444,0.292130518234165,4.806123086677698e-10,bidisperse_a0.005_sr0.667_x0.25_N4000_L24_T400000_seed3.npz,bidisperse,3,0.005,0.6666666666666666,0.25,0.6279397437993001
308000.0,0.9111054643052237,1,0.99875,,0.5909180209533388,0.28581081081081083,3.7646718019093127e-10,bidisperse_a0.005_sr0.667_x0.25_N4000_L24_T400000_seed3.npz,bidisperse,3,0.005,0.6666666666666666,0.25,0.6279397437993001
310000.0,0.9084756258611179,1,0.998,,0.5100527873506285,0.2971258290877632,5.51773301406915e-10,bidisperse_a0.005_sr0.667_x0.25_N4000_L24_T400000_seed3.npz,bidisperse,3,0.005,0.6666666666666666,0.25,0.6279397437993001
312000.0,0.9105665686544122,1,0.9985,,0.48686174693963624,0.29138945135473915,5.04446112344191e-10,bidisperse_a0.005_sr0.667_x0.25_N4000_L24_T400000_seed3.npz,bidisperse,3,0.005,0.6666666666666666,0.25,0.6279397437993001
314000.0,0.9106331059070482,1,0.99925,,0.4984245466365216,0.27293021450063093,3.917010460692804e-10,bidisperse_a0.005_sr0.667_x0.25_N4000_L24_T400000_seed3.npz,bidisperse,3,0.005,0.6666666666666666,0.25,0.6279397437993001
316000.0,0.9121949028291477,1,0.9985,,0.5791321588518381,0.27560431026113974,4.788747919803713e-10,bidisperse_a0.005_sr0.667_x0.25_N4000_L24_T400000_seed3.npz,bidisperse,3,0.005,0.6666666666666666,0.25,0.6279397437993001
318000.0,0.9107326196228578,2,0.999,,0.5581295642565762,0.2844543516185307,4.192591635212167e-10,bidisperse_a0.005_sr0.667_x0.25_N4000_L24_T400000_seed3.npz,bidisperse,3,0.005,0.6666666666666666,0.25,0.6279397437993001
320000.0,0.9110936869379215,1,0.9995,,0.5347127878290696,0.2905801982103339,4.2470533459758855e-10,bidisperse_a0.005_sr0.667_x0.25_N4000_L24_T400000_seed3.npz,bidisperse,3,0.005,0.6666666666666666,0.25,0.6279397437993001
322000.0,0.9098441298196209,1,0.999,,0.517821107498032,0.28443718158223585,4.171673396281951e-10,bidisperse_a0.005_sr0.667_x0.25_N4000_L24_T400000_seed3.npz,bidisperse,3,0.005,0.6666666666666666,0.25,0.6279397437993001
324000.0,0.9081204439963265,2,0.99725,,0.4942661656365825,0.2761785162287481,3.985084034322249e-10,bidisperse_a0.005_sr0.667_x0.25_N4000_L24_T400000_seed3.npz,bidisperse,3,0.005,0.6666666666666666,0.25,0.6279397437993001
326000.0,0.9103253986696893,2,0.96625,,0.5235341810287867,0.28298611111111116,5.06517908429827e-10,bidisperse_a0.005_sr0.667_x0.25_N4000_L24_T400000_seed3.npz,bidisperse,3,0.005,0.6666666666666666,0.25,0.6279397437993001
328000.0,0.9106380383258891,2,0.966,,0.5160345802559775,0.287419385888921,4.6304697569587865e-10,bidisperse_a0.005_sr0.667_x0.25_N4000_L24_T400000_seed3.npz,bidisperse,3,0.005,0.6666666666666666,0.25,0.6279397437993001
330000.0,0.9102575974301808,2,0.9665,,0.5001843517688378,0.2692866131061853,3.8329538545348396e-10,bidisperse_a0.005_sr0.667_x0.25_N4000_L24_T400000_seed3.npz,bidisperse,3,0.005,0.6666666666666666,0.25,0.6279397437993001
332000.0,0.9096891527076756,4,0.96525,,0.5656506159928435,0.2869456948568144,4.576176362267486e-10,bidisperse_a0.005_sr0.667_x0.25_N4000_L24_T400000_seed3.npz,bidisperse,3,0.005,0.6666666666666666,0.25,0.6279397437993001
334000.0,0.9108656744753434,2,0.9665,,0.5096240215041316,0.28789625360230553,5.486865938398673e-10,bidisperse_a0.005_sr0.667_x0.25_N4000_L24_T400000_seed3.npz,bidisperse,3,0.005,0.6666666666666666,0.25,0.6279397437993001
336000.0,0.9099933822654236,3,0.9675,,0.5661063786218825,0.2889316650625602,5.047858029200336e-10,bidisperse_a0.005_sr0.667_x0.25_N4000_L24_T400000_seed3.npz,bidisperse,3,0.005,0.6666666666666666,0.25,0.6279397437993001
338000.0,0.909178913944028,2,0.96725,,0.49205494221964385,0.28085229463941386,4.3910807954299845e-10,bidisperse_a0.005_sr0.667_x0.25_N4000_L24_T400000_seed3.npz,bidisperse,3,0.005,0.6666666666666666,0.25,0.6279397437993001
340000.0,0.9114662743404239,2,0.96625,,0.5524100633242427,0.2866506024096386,4.4943961913466037e-10,bidisperse_a0.005_sr0.667_x0.25_N4000_L24_T400000_seed3.npz,bidisperse,3,0.005,0.6666666666666666,0.25,0.6279397437993001
342000.0,0.9119489192048161,2,0.96675,,0.5705168879447335,0.2892426435118186,4.3955304128481306e-10,bidisperse_a0.005_sr0.667_x0.25_N4000_L24_T400000_seed3.npz,bidisperse,3,0.005,0.6666666666666666,0.25,0.6279397437993001
344000.0,0.9124875699356279,2,0.96575,,0.5396257015547263,0.28207109737248837,4.156255580785133e-10,bidisperse_a0.005_sr0.667_x0.25_N4000_L24_T400000_seed3.npz,bidisperse,3,0.005,0.6666666666666666,0.25,0.6279397437993001
346000.0,0.9121234614048397,2,0.96725,,0.5567772649621171,0.2890963333654124,4.717553559152732e-10,bidisperse_a0.005_sr0.667_x0.25_N4000_L24_T400000_seed3.npz,bidisperse,3,0.005,0.6666666666666666,0.25,0.6279397437993001
348000.0,0.91112042867169,3,0.966,,0.567467397645743,0.27439969016266463,3.3822843459847116e-10,bidisperse_a0.005_sr0.667_x0.25_N4000_L24_T400000_seed3.npz,bidisperse,3,0.005,0.6666666666666666,0.25,0.6279397437993001
350000.0,0.9097391878713093,2,0.96625,,0.5478032775592889,0.28725452445128996,4.0678661831219337e-10,bidisperse_a0.005_sr0.667_x0.25_N4000_L24_T400000_seed3.npz,bidisperse,3,0.005,0.6666666666666666,0.25,0.6279397437993001
352000.0,0.9083950219666119,2,0.96675,,0.5272701381775381,0.2835116122193312,4.583180177955353e-10,bidisperse_a0.005_sr0.667_x0.25_N4000_L24_T400000_seed3.npz,bidisperse,3,0.005,0.6666666666666666,0.25,0.6279397437993001
354000.0,0.911959562063684,2,0.96725,,0.4922137394780902,0.27423555512684483,3.735300848345285e-10,bidisperse_a0.005_sr0.667_x0.25_N4000_L24_T400000_seed3.npz,bidisperse,3,0.005,0.6666666666666666,0.25,0.6279397437993001
356000.0,0.9092188467418667,2,0.96725,,0.5875138795408702,0.2790854068594486,3.705967589439732e-10,bidisperse_a0.005_sr0.667_x0.25_N4000_L24_T400000_seed3.npz,bidisperse,3,0.005,0.6666666666666666,0.25,0.6279397437993001
358000.0,0.9085560165958319,3,0.966,,0.5858672394829069,0.2857691569041675,3.725435188281837e-10,bidisperse_a0.005_sr0.667_x0.25_N4000_L24_T400000_seed3.npz,bidisperse,3,0.005,0.6666666666666666,0.25,0.6279397437993001
360000.0,0.9096334377177366,2,0.96625,,0.5375132864508261,0.28655308499374343,3.894220746201155e-10,bidisperse_a0.005_sr0.667_x0.25_N4000_L24_T400000_seed3.npz,bidisperse,3,0.005,0.6666666666666666,0.25,0.6279397437993001
362000.0,0.9100353625147353,2,0.967,,0.5066661276302529,0.28085884844983633,3.32818071944593e-10,bidisperse_a0.005_sr0.667_x0.25_N4000_L24_T400000_seed3.npz,bidisperse,3,0.005,0.6666666666666666,0.25,0.6279397437993001
364000.0,0.9116035173562936,2,0.9675,,0.5270709826632934,0.28527577937649884,4.6243081501709884e-10,bidisperse_a0.005_sr0.667_x0.25_N4000_L24_T400000_seed3.npz,bidisperse,3,0.005,0.6666666666666666,0.25,0.6279397437993001
366000.0,0.9091123942932194,3,0.96625,,0.5240689222681868,0.28633176447987707,4.3337104940779327e-10,bidisperse_a0.005_sr0.667_x0.25_N4000_L24_T400000_seed3.npz,bidisperse,3,0.005,0.6666666666666666,0.25,0.6279397437993001
368000.0,0.9091031503340652,2,0.967,,0.4785405800121858,0.28320971004720163,3.7939983086895253e-10,bidisperse_a0.005_sr0.667_x0.25_N4000_L24_T400000_seed3.npz,bidisperse,3,0.005,0.6666666666666666,0.25,0.6279397437993001
370000.0,0.9123777180293646,2,0.96725,,0.5497285663503932,0.2944104134762634,4.0117787139526693e-10,bidisperse_a0.005_sr0.667_x0.25_N4000_L24_T400000_seed3.npz,bidisperse,3,0.005,0.6666666666666666,0.25,0.6279397437993001
372000.0,0.9090004787161077,2,0.96675,,0.5116687985822521,0.2783395935664066,3.5740148303108073e-10,bidisperse_a0.005_sr0.667_x0.25_N4000_L24_T400000_seed3.npz,bidisperse,3,0.005,0.6666666666666666,0.25,0.6279397437993001
374000.0,0.9092974924088559,3,0.96675,,0.5317990747909457,0.28078438911852355,3.282799742245502e-10,bidisperse_a0.005_sr0.667_x0.25_N4000_L24_T400000_seed3.npz,bidisperse,3,0.005,0.6666666666666666,0.25,0.6279397437993001
376000.0,0.9107335589642128,2,0.96625,,0.50187494868319,0.28622145461523696,3.5238983506591544e-10,bidisperse_a0.005_sr0.667_x0.25_N4000_L24_T400000_seed3.npz,bidisperse,3,0.005,0.6666666666666666,0.25,0.6279397437993001
378000.0,0.9082557608112345,2,0.96675,,0.529715820235283,0.29192131398013754,4.51643240128488e-10,bidisperse_a0.005_sr0.667_x0.25_N4000_L24_T400000_seed3.npz,bidisperse,3,0.005,0.6666666666666666,0.25,0.6279397437993001
380000.0,0.9092325817092324,2,0.96725,,0.5130538200743092,0.2786932639491182,4.1828316861648256e-10,bidisperse_a0.005_sr0.667_x0.25_N4000_L24_T400000_seed3.npz,bidisperse,3,0.005,0.6666666666666666,0.25,0.6279397437993001
382000.0,0.9099250860163529,3,0.966,,0.5042742709879928,0.28997211806557066,3.5183717451492446e-10,bidisperse_a0.005_sr0.667_x0.25_N4000_L24_T400000_seed3.npz,bidisperse,3,0.005,0.6666666666666666,0.25,0.6279397437993001
384000.0,0.9084570767626851,2,0.9665,,0.5195816157495698,0.2791461412151067,4.054261624729915e-10,bidisperse_a0.005_sr0.667_x0.25_N4000_L24_T400000_seed3.npz,bidisperse,3,0.005,0.6666666666666666,0.25,0.6279397437993001
386000.0,0.9073819914061546,2,0.96725,,0.5126207778728685,0.2779491133384734,3.5660152939410233e-10,bidisperse_a0.005_sr0.667_x0.25_N4000_L24_T400000_seed3.npz,bidisperse,3,0.005,0.6666666666666666,0.25,0.6279397437993001
388000.0,0.9105505222265302,2,0.96575,,0.5317813882972632,0.26483132997285774,3.7146549370706397e-10,bidisperse_a0.005_sr0.667_x0.25_N4000_L24_T400000_seed3.npz,bidisperse,3,0.005,0.6666666666666666,0.25,0.6279397437993001
390000.0,0.9097051348760533,2,0.96675,,0.509514418844732,0.28899961671138363,4.230719582520027e-10,bidisperse_a0.005_sr0.667_x0.25_N4000_L24_T400000_seed3.npz,bidisperse,3,0.005,0.6666666666666666,0.25,0.6279397437993001
392000.0,0.9089187681567882,2,0.96725,,0.5617489408024623,0.2922457586504361,3.928572472824775e-10,bidisperse_a0.005_sr0.667_x0.25_N4000_L24_T400000_seed3.npz,bidisperse,3,0.005,0.6666666666666666,0.25,0.6279397437993001
394000.0,0.9078015995231387,2,0.967,,0.5421742938058081,0.283389504092441,3.9728137349595416e-10,bidisperse_a0.005_sr0.667_x0.25_N4000_L24_T400000_seed3.npz,bidisperse,3,0.005,0.6666666666666666,0.25,0.6279397437993001
396000.0,0.9094129425541704,2,0.96725,,0.5283664418473447,0.28227360308285165,3.831682786105884e-10,bidisperse_a0.005_sr0.667_x0.25_N4000_L24_T400000_seed3.npz,bidisperse,3,0.005,0.6666666666666666,0.25,0.6279397437993001
398000.0,0.9092470379248073,2,0.96625,,0.5232024133661619,0.28431089280554755,3.755953168672316e-10,bidisperse_a0.005_sr0.667_x0.25_N4000_L24_T400000_seed3.npz,bidisperse,3,0.005,0.6666666666666666,0.25,0.6279397437993001
400000.0,0.9091473261098746,2,0.966,0.48575505009142567,0.5460371652377277,0.2826821032320309,3.5884515060346074e-10,bidisperse_a0.005_sr0.667_x0.25_N4000_L24_T400000_seed3.npz,bidisperse,3,0.005,0.6666666666666666,0.25,0.6279397437993001
0.0,0.9968316317670646,776,0.007,0.8773346289697828,,,,bidisperse_a0.005_sr0.667_x0.5_N4000_L24_T400000_seed1.npz,bidisperse,1,0.005,0.6666666666666666,0.5,0.6593289492144524
2000.0,0.9758106621783486,60,0.08325,,0.11458012523185894,0.8248319035474148,1.2547484103865604e-08,bidisperse_a0.005_sr0.667_x0.5_N4000_L24_T400000_seed1.npz,bidisperse,1,0.005,0.6666666666666666,0.5,0.6593289492144524
4000.0,0.9698781594037426,33,0.24,,0.7288151971999253,0.5937373737373737,7.763945305546944e-09,bidisperse_a0.005_sr0.667_x0.5_N4000_L24_T400000_seed1.npz,bidisperse,1,0.005,0.6666666666666666,0.5,0.6593289492144524
6000.0,0.9667186654491342,29,0.3515,,0.7979967849871209,0.5476641099711126,6.326151183868092e-09,bidisperse_a0.005_sr0.667_x0.5_N4000_L24_T400000_seed1.npz,bidisperse,1,0.005,0.6666666666666666,0.5,0.6593289492144524
8000.0,0.9611171099873773,17,0.3065,,0.7990471357166038,0.5167029057125914,4.5814656948267655e-09,bidisperse_a0.005_sr0.667_x0.5_N4000_L24_T400000_seed1.npz,bidisperse,1,0.005,0.6666666666666666,0.5,0.6593289492144524
10000.0,0.960714850235416,19,0.2755,,0.7597280162485444,0.4942744323790721,3.8853448691466765e-09,bidisperse_a0.005_sr0.667_x0.5_N4000_L24_T400000_seed1.npz,bidisperse,1,0.005,0.6666666666666666,0.5,0.6593289492144524
12000.0,0.9545083633325295,19,0.28975,,0.7246062286503747,0.4967723004694836,4.548726501076729e-09,bidisperse_a0.005_sr0.667_x0.5_N4000_L24_T400000_seed1.npz,bidisperse,1,0.005,0.6666666666666666,0.5,0.6593289492144524
14000.0,0.9489116234480681,14,0.52775,,0.734064679444076,0.48330730183522064,4.773208116519653e-09,bidisperse_a0.005_sr0.667_x0.5_N4000_L24_T400000_seed1.npz,bidisperse,1,0.005,0.6666666666666666,0.5,0.6593289492144524
16000.0,0.9480405747078828,16,0.40825,,0.7327317767969245,0.46494754387685067,5.314162780689251e-09,bidisperse_a0.005_sr0.667_x0.5_N4000_L24_T400000_seed1.npz,bidisperse,1,0.005,0.6666666666666666,0.5,0.6593289492144524
18000.0,0.9467413543867452,13,0.2525,,0.7033581608993306,0.4723142912848508,5.435895435143259e-09,bidisperse_a0.005_sr0.667_x0.5_N4000_L24_T400000_seed1.npz,bidisperse,1,0.005,0.6666666666666666,0.5,0.6593289492144524
20000.0,0.9449113599813307,19,0.1935,,0.6926075187915555,0.4783157077714175,4.611263838864991e-09,bidisperse_a0.005_sr0.667_x0.5_N4000_L24_T400000_seed1.npz,bidisperse,1,0.005,0.6666666666666666,0.5,0.6593289492144524
22000.0,0.9443348184364881,13,0.24125,,0.6885211585317292,0.47115013508297954,3.81695428806065e-09,bidisperse_a0.005_sr0.667_x0.5_N4000_L24_T400000_seed1.npz,bidisperse,1,0.005,0.6666666666666666,0.5,0.6593289492144524
24000.0,0.9408613512397689,15,0.254,,0.6442864829865353,0.45204022432798296,4.238271868605585e-09,bidisperse_a0.005_sr0.667_x0.5_N4000_L24_T400000_seed1.npz,bidisperse,1,0.005,0.6666666666666666,0.5,0.6593289492144524
26000.0,0.9403087274284336,12,0.3725,,0.714628391421097,0.4524956639044132,4.1451229756318675e-09,bidisperse_a0.005_sr0.667_x0.5_N4000_L24_T400000_seed1.npz,bidisperse,1,0.005,0.6666666666666666,0.5,0.6593289492144524
28000.0,0.9390439638716763,10,0.53,,0.6703091001117232,0.4444444444444444,3.904450262335009e-09,bidisperse_a0.005_sr0.667_x0.5_N4000_L24_T400000_seed1.npz,bidisperse,1,0.005,0.6666666666666666,0.5,0.6593289492144524
30000.0,0.9371443453741808,10,0.53175,,0.6529492842024467,0.4489600306719065,3.4923616165020773e-09,bidisperse_a0.005_sr0.667_x0.5_N4000_L24_T400000_seed1.npz,bidisperse,1,0.005,0.6666666666666666,0.5,0.6593289492144524
32000.0,0.9364636567580142,11,0.33525,,0.6645867549806691,0.44459407464409384,3.5093817056278638e-09,bidisperse_a0.005_sr0.667_x0.5_N4000_L24_T400000_seed1.npz,bidisperse,1,0.005,0.6666666666666666,0.5,0.6593289492144524
34000.0,0.9392994854502376,11,0.33625,,0.708135124425983,0.4437047756874095,3.2690038886616184e-09,bidisperse_a0.005_sr0.667_x0.5_N4000_L24_T400000_seed1.npz,bidisperse,1,0.005,0.6666666666666666,0.5,0.6593289492144524
36000.0,0.9377374924036488,10,0.23975,,0.7160018431814825,0.4323224493750606,4.007124490968674e-09,bidisperse_a0.005_sr0.667_x0.5_N4000_L24_T400000_seed1.npz,bidisperse,1,0.005,0.6666666666666666,0.5,0.6593289492144524
38000.0,0.9364548966786941,13,0.28775,,0.7186143130102577,0.44374039938556065,4.109781564323242e-09,bidisperse_a0.005_sr0.667_x0.5_N4000_L24_T400000_seed1.npz,bidisperse,1,0.005,0.6666666666666666,0.5,0.6593289492144524
40000.0,0.9375094884645776,14,0.2765,,0.6535806183227592,0.4410350134667179,4.4873041459277155e-09,bidisperse_a0.005_sr0.667_x0.5_N4000_L24_T400000_seed1.npz,bidisperse,1,0.005,0.6666666666666666,0.5,0.6593289492144524
42000.0,0.9362088388717656,17,0.2765,,0.7493749419255611,0.4241452991452992,3.724758241559016e-09,bidisperse_a0.005_sr0.667_x0.5_N4000_L24_T400000_seed1.npz,bidisperse,1,0.005,0.6666666666666666,0.5,0.6593289492144524
44000.0,0.9346491809563976,14,0.67775,,0.7378796468790503,0.42445482866043616,3.5591902514016005e-09,bidisperse_a0.005_sr0.667_x0.5_N4000_L24_T400000_seed1.npz,bidisperse,1,0.005,0.6666666666666666,0.5,0.6593289492144524
46000.0,0.9346622870684149,14,0.6785,,0.680119032059283,0.43168548073180224,3.70505798327933e-09,bidisperse_a0.005_sr0.667_x0.5_N4000_L24_T400000_seed1.npz,bidisperse,1,0.005,0.6666666666666666,0.5,0.6593289492144524
48000.0,0.9335956982928291,16,0.681,,0.6801962949968126,0.43621040395233945,3.6286074056367507e-09,bidisperse_a0.005_sr0.667_x0.5_N4000_L24_T400000_seed1.npz,bidisperse,1,0.005,0.6666666666666666,0.5,0.6593289492144524
50000.0,0.9321565572528908,16,0.68,,0.7087120227869786,0.4346525096525097,4.771314262464215e-09,bidisperse_a0.005_sr0.667_x0.5_N4000_L24_T400000_seed1.npz,bidisperse,1,0.005,0.6666666666666666,0.5,0.6593289492144524
52000.0,0.9311851397887518,14,0.68475,,0.634239266284655,0.42436607403089477,4.243002717327423e-09,bidisperse_a0.005_sr0.667_x0.5_N4000_L24_T400000_seed1.npz,bidisperse,1,0.005,0.6666666666666666,0.5,0.6593289492144524
54000.0,0.9299537118987427,15,0.42025,,0.6162457286735296,0.42627241880756184,3.686000229999583e-09,bidisperse_a0.005_sr0.667_x0.5_N4000_L24_T400000_seed1.npz,bidisperse,1,0.005,0.6666666666666666,0.5,0.6593289492144524
56000.0,0.9290694669034455,15,0.4215,,0.577841239343691,0.41734813084112155,4.267506910488918e-09,bidisperse_a0.005_sr0.667_x0.5_N4000_L24_T400000_seed1.npz,bidisperse,1,0.005,0.6666666666666666,0.5,0.6593289492144524
58000.0,0.9322250896672116,13,0.423,,0.6267789254598827,0.42735785307462115,3.7024232903227924e-09,bidisperse_a0.005_sr0.667_x0.5_N4000_L24_T400000_seed1.npz,bidisperse,1,0.005,0.6666666666666666,0.5,0.6593289492144524
60000.0,0.9306369408870735,8,0.711,,0.6332057931448474,0.4196471608984864,2.721363456466912e-09,bidisperse_a0.005_sr0.667_x0.5_N4000_L24_T400000_seed1.npz,bidisperse,1,0.005,0.6666666666666666,0.5,0.6593289492144524
62000.0,0.9290350185399279,6,0.711,,0.6650133182630616,0.41981809478219245,3.228542338841063e-09,bidisperse_a0.005_sr0.667_x0.5_N4000_L24_T400000_seed1.npz,bidisperse,1,0.005,0.6666666666666666,0.5,0.6593289492144524
64000.0,0.9312821501170259,7,0.711,,0.6634698043115964,0.406222823461204,2.759469894290749e-09,bidisperse_a0.005_sr0.667_x0.5_N4000_L24_T400000_seed1.npz,bidisperse,1,0.005,0.6666666666666666,0.5,0.6593289492144524
66000.0,0.9288084134459496,8,0.71125,,0.6744100055352812,0.4164817137894432,2.6492456657625196e-09,bidisperse_a0.005_sr0.667_x0.5_N4000_L24_T400000_seed1.npz,bidisperse,1,0.005,0.6666666666666666,0.5,0.6593289492144524
68000.0,0.9293890798532509,9,0.4755,,0.6071442742654173,0.41540391854068137,2.358194816020931e-09,bidisperse_a0.005_sr0.667_x0.5_N4000_L24_T400000_seed1.npz,bidisperse,1,0.005,0.6666666666666666,0.5,0.6593289492144524
70000.0,0.9288739813331476,8,0.71175,,0.6425270240328806,0.41653816499614493,2.4486065667319274e-09,bidisperse_a0.005_sr0.667_x0.5_N4000_L24_T400000_seed1.npz,bidisperse,1,0.005,0.6666666666666666,0.5,0.6593289492144524
72000.0,0.9293317523784836,11,0.46325,,0.6442653747564027,0.41159953524399695,2.404830946200667e-09,bidisperse_a0.005_sr0.667_x0.5_N4000_L24_T400000_seed1.npz,bidisperse,1,0.005,0.6666666666666666,0.5,0.6593289492144524
74000.0,0.9325267086625034,9,0.48825,,0.6418799217084661,0.4207157404713413,3.1004669513614764e-09,bidisperse_a0.005_sr0.667_x0.5_N4000_L24_T400000_seed1.npz,bidisperse,1,0.005,0.6666666666666666,0.5,0.6593289492144524
76000.0,0.9329166694735408,14,0.45875,,0.6009554540600396,0.42680673086275656,4.182608857774832e-09,bidisperse_a0.005_sr0.667_x0.5_N4000_L24_T400000_seed1.npz,bidisperse,1,0.005,0.6666666666666666,0.5,0.6593289492144524
78000.0,0.9299899971781551,15,0.4665,,0.6193986053835148,0.42174420868211016,4.534480006386567e-09,bidisperse_a0.005_sr0.667_x0.5_N4000_L24_T400000_seed1.npz,bidisperse,1,0.005,0.6666666666666666,0.5,0.6593289492144524
80000.0,0.9287658441884561,21,0.4735,,0.6328355479337138,0.4305622762024581,3.629280269603776e-09,bidisperse_a0.005_sr0.667_x0.5_N4000_L24_T400000_seed1.npz,bidisperse,1,0.005,0.6666666666666666,0.5,0.6593289492144524
82000.0,0.9340154456588781,19,0.67975,,0.6098924379947632,0.43216470816742736,4.672813063407712e-09,bidisperse_a0.005_sr0.667_x0.5_N4000_L24_T400000_seed1.npz,bidisperse,1,0.005,0.6666666666666666,0.5,0.6593289492144524
84000.0,0.9321542071186706,23,0.40075,,0.6819643344601181,0.441253517027263,4.17372469985912e-09,bidisperse_a0.005_sr0.667_x0.5_N4000_L24_T400000_seed1.npz,bidisperse,1,0.005,0.6666666666666666,0.5,0.6593289492144524
86000.0,0.9324423890847834,20,0.39875,,0.6107981515420349,0.4323345084214649,4.312985031803104e-09,bidisperse_a0.005_sr0.667_x0.5_N4000_L24_T400000_seed1.npz,bidisperse,1,0.005,0.6666666666666666,0.5,0.6593289492144524
88000.0,0.9280215721075974,18,0.29275,,0.6038940771517997,0.43506115317414096,4.957784179682458e-09,bidisperse_a0.005_sr0.667_x0.5_N4000_L24_T400000_seed1.npz,bidisperse,1,0.005,0.6666666666666666,0.5,0.6593289492144524
90000.0,0.9284061369708247,16,0.2935,,0.5808473993699135,0.4294834590829948,4.959838126265086e-09,bidisperse_a0.005_sr0.667_x0.5_N4000_L24_T400000_seed1.npz,bidisperse,1,0.005,0.6666666666666666,0.5,0.6593289492144524
92000.0,0.9248338959081626,20,0.27825,,0.6192512594660741,0.4391554702495202,4.2217607844296885e-09,bidisperse_a0.005_sr0.667_x0.5_N4000_L24_T400000_seed1.npz,bidisperse,1,0.005,0.6666666666666666,0.5,0.6593289492144524
94000.0,0.9257161466331281,22,0.27325,,0.5361194685611962,0.42777349768875195,4.051538979815812e-09,bidisperse_a0.005_sr0.667_x0.5_N4000_L24_T400000_seed1.npz,bidisperse,1,0.005,0.6666666666666666,0.5,0.6593289492144524
96000.0,0.9265544388951141,18,0.27075,,0.5613612024489745,0.41087671763112055,3.907867023753279e-09,bidisperse_a0.005_sr0.667_x0.5_N4000_L24_T400000_seed1.npz,bidisperse,1,0.005,0.6666666666666666,0.5,0.6593289492144524
98000.0,0.9237118745954572,17,0.27075,,0.6154923237928328,0.41511247836954435,4.095354864645972e-09,bidisperse_a0.005_sr0.667_x0.5_N4000_L24_T400000_seed1.npz,bidisperse,1,0.005,0.6666666666666666,0.5,0.6593289492144524
100000.0,0.9246712675838398,17,0.44,0.516802904374862,0.5916366468277345,0.4050033806626099,3.970325334727436e-09,bidisperse_a0.005_sr0.667_x0.5_N4000_L24_T400000_seed1.npz,bidisperse,1,0.005,0.6666666666666666,0.5,0.6593289492144524
102000.0,0.9239644093404802,16,0.44625,,0.5920262053391819,0.42038520213577424,4.298745178828911e-09,bidisperse_a0.005_sr0.667_x0.5_N4000_L24_T400000_seed1.npz,bidisperse,1,0.005,0.6666666666666666,0.5,0.6593289492144524
104000.0,0.9215155121053832,15,0.45325,,0.5671195930793705,0.41145484149027867,4.3497365077902865e-09,bidisperse_a0.005_sr0.667_x0.5_N4000_L24_T400000_seed1.npz,bidisperse,1,0.005,0.6666666666666666,0.5,0.6593289492144524
106000.0,0.9215358637917196,18,0.4545,,0.6222311103064314,0.4088255001435819,4.477611822117464e-09,bidisperse_a0.005_sr0.667_x0.5_N4000_L24_T400000_seed1.npz,bidisperse,1,0.005,0.6666666666666666,0.5,0.6593289492144524
108000.0,0.9209094759921683,17,0.64575,,0.5264776384025406,0.40074798619102414,4.090346884193379e-09,bidisperse_a0.005_sr0.667_x0.5_N4000_L24_T400000_seed1.npz,bidisperse,1,0.005,0.6666666666666666,0.5,0.6593289492144524
110000.0,0.920763542054836,12,0.6415,,0.539227006860856,0.3838940448569219,3.59573208614702e-09,bidisperse_a0.005_sr0.667_x0.5_N4000_L24_T400000_seed1.npz,bidisperse,1,0.005,0.6666666666666666,0.5,0.6593289492144524
112000.0,0.9197285686756684,11,0.6695,,0.582472910977632,0.39461279461279464,4.069288676146873e-09,bidisperse_a0.005_sr0.667_x0.5_N4000_L24_T400000_seed1.npz,bidisperse,1,0.005,0.6666666666666666,0.5,0.6593289492144524
114000.0,0.9216964480760917,11,0.94,,0.5480071461121081,0.3889478252483364,2.935075137543286e-09,bidisperse_a0.005_sr0.667_x0.5_N4000_L24_T400000_seed1.npz,bidisperse,1,0.005,0.6666666666666666,0.5,0.6593289492144524
116000.0,0.9224840964018552,10,0.9645,,0.5200032781076107,0.3798374613003096,2.8923679873734715e-09,bidisperse_a0.005_sr0.667_x0.5_N4000_L24_T400000_seed1.npz,bidisperse,1,0.005,0.6666666666666666,0.5,0.6593289492144524
118000.0,0.9235907995889443,7,0.97775,,0.5725046196938139,0.3881795318243374,2.8338260402406364e-09,bidisperse_a0.005_sr0.667_x0.5_N4000_L24_T400000_seed1.npz,bidisperse,1,0.005,0.6666666666666666,0.5,0.6593289492144524
120000.0,0.9218262583996154,14,0.967,,0.5458998162374515,0.39104362123996517,2.840557208686599e-09,bidisperse_a0.005_sr0.667_x0.5_N4000_L24_T400000_seed1.npz,bidisperse,1,0.005,0.6666666666666666,0.5,0.6593289492144524
122000.0,0.9215725908941593,14,0.9585,,0.5821583966585979,0.37981330221703613,3.23694720043085e-09,bidisperse_a0.005_sr0.667_x0.5_N4000_L24_T400000_seed1.npz,bidisperse,1,0.005,0.6666666666666666,0.5,0.6593289492144524
124000.0,0.9213863992602714,12,0.95825,,0.6231541557505613,0.38819545234639574,3.642667681212762e-09,bidisperse_a0.005_sr0.667_x0.5_N4000_L24_T400000_seed1.npz,bidisperse,1,0.005,0.6666666666666666,0.5,0.6593289492144524
126000.0,0.9177965993343004,12,0.97075,,0.5497645247400804,0.3868415975303878,2.7790881991225107e-09,bidisperse_a0.005_sr0.667_x0.5_N4000_L24_T400000_seed1.npz,bidisperse,1,0.005,0.6666666666666666,0.5,0.6593289492144524
128000.0,0.921927674283522,15,0.94875,,0.5813211930165487,0.39372421072833697,2.944830705120183e-09,bidisperse_a0.005_sr0.667_x0.5_N4000_L24_T400000_seed1.npz,bidisperse,1,0.005,0.6666666666666666,0.5,0.6593289492144524
130000.0,0.9221168992089374,15,0.94075,,0.5464495683956273,0.39108144708841164,3.5424466880381363e-09,bidisperse_a0.005_sr0.667_x0.5_N4000_L24_T400000_seed1.npz,bidisperse,1,0.005,0.6666666666666666,0.5,0.6593289492144524
132000.0,0.9206686494181069,14,0.941,,0.5731890639571102,0.38679701868163774,3.052294536320845e-09,bidisperse_a0.005_sr0.667_x0.5_N4000_L24_T400000_seed1.npz,bidisperse,1,0.005,0.6666666666666666,0.5,0.6593289492144524
134000.0,0.9203086704086155,14,0.9475,,0.5506538956269313,0.38842499280161247,3.247949536506785e-09,bidisperse_a0.005_sr0.667_x0.5_N4000_L24_T400000_seed1.npz,bidisperse,1,0.005,0.6666666666666666,0.5,0.6593289492144524
136000.0,0.9186348016013153,10,0.95575,,0.547821453757347,0.38036869028086095,3.397999477825619e-09,bidisperse_a0.005_sr0.667_x0.5_N4000_L24_T400000_seed1.npz,bidisperse,1,0.005,0.6666666666666666,0.5,0.6593289492144524
138000.0,0.9173521300468858,12,0.95625,,0.5700478635174607,0.3875722543352601,2.93149763105521e-09,bidisperse_a0.005_sr0.667_x0.5_N4000_L24_T400000_seed1.npz,bidisperse,1,0.005,0.6666666666666666,0.5,0.6593289492144524
140000.0,0.9169790516922967,12,0.9555,,0.5785033523604561,0.3972916269311463,3.5522140349863577e-09,bidisperse_a0.005_sr0.667_x0.5_N4000_L24_T400000_seed1.npz,bidisperse,1,0.005,0.6666666666666666,0.5,0.6593289492144524
142000.0,0.9145339086560632,14,0.95725,,0.5410930182216078,0.3928400954653938,3.506129085603066e-09,bidisperse_a0.005_sr0.667_x0.5_N4000_L24_T400000_seed1.npz,bidisperse,1,0.005,0.6666666666666666,0.5,0.6593289492144524
144000.0,0.9137818170102677,16,0.95775,,0.5406165377575969,0.3845784520837334,3.6457635777282017e-09,bidisperse_a0.005_sr0.667_x0.5_N4000_L24_T400000_seed1.npz,bidisperse,1,0.005,0.6666666666666666,0.5,0.6593289492144524
146000.0,0.913765501027028,13,0.95675,,0.49895269224284966,0.39460644177625315,3.2248403489182023e-09,bidisperse_a0.005_sr0.667_x0.5_N4000_L24_T400000_seed1.npz,bidisperse,1,0.005,0.6666666666666666,0.5,0.6593289492144524
148000.0,0.9140271799347164,12,0.96075,,0.536012275929226,0.3866362078812108,2.905387893651489e-09,bidisperse_a0.005_sr0.667_x0.5_N4000_L24_T400000_seed1.npz,bidisperse,1,0.005,0.6666666666666666,0.5,0.6593289492144524
150000.0,0.9147091825234713,11,0.96,,0.5305637913339527,0.3715078453884424,2.5076229331230718e-09,bidisperse_a0.005_sr0.667_x0.5_N4000_L24_T400000_seed1.npz,bidisperse,1,0.005,0.6666666666666666,0.5,0.6593289492144524
152000.0,0.9135516945731207,9,0.96225,,0.5085077393414213,0.37131894484412475,3.1313560843982696e-09,bidisperse_a0.005_sr0.667_x0.5_N4000_L24_T400000_seed1.npz,bidisperse,1,0.005,0.6666666666666666,0.5,0.6593289492144524
154000.0,0.9128997135867992,13,0.96275,,0.5061984566671989,0.38325696830851474,3.4013559257962712e-09,bidisperse_a0.005_sr0.667_x0.5_N4000_L24_T400000_seed1.npz,bidisperse,1,0.005,0.6666666666666666,0.5,0.6593289492144524
156000.0,0.9146608520240394,11,0.95975,,0.556308335942452,0.37795879252515574,3.0999220539540946e-09,bidisperse_a0.005_sr0.667_x0.5_N4000_L24_T400000_seed1.npz,bidisperse,1,0.005,0.6666666666666666,0.5,0.6593289492144524
158000.0,0.9156194326366882,9,0.95525,,0.5082116886741297,0.35256970756825023,3.4990422901663953e-09,bidisperse_a0.005_sr0.667_x0.5_N4000_L24_T400000_seed1.npz,bidisperse,1,0.005,0.6666666666666666,0.5,0.6593289492144524
160000.0,0.9155783828173536,12,0.961,,0.5455401207066165,0.36472965172214744,3.7067003257056257e-09,bidisperse_a0.005_sr0.667_x0.5_N4000_L24_T400000_seed1.npz,bidisperse,1,0.005,0.6666666666666666,0.5,0.6593289492144524
162000.0,0.9138581690660734,9,0.95925,,0.5159491462305829,0.36200751372700124,3.1802925001145215e-09,bidisperse_a0.005_sr0.667_x0.5_N4000_L24_T400000_seed1.npz,bidisperse,1,0.005,0.6666666666666666,0.5,0.6593289492144524
164000.0,0.9151795948384891,14,0.945,,0.5130226579896323,0.36134290704444016,3.5336889254005578e-09,bidisperse_a0.005_sr0.667_x0.5_N4000_L24_T400000_seed1.npz,bidisperse,1,0.005,0.6666666666666666,0.5,0.6593289492144524
166000.0,0.9167479273724848,13,0.94575,,0.5529136911721136,0.37115999612365536,3.687734639399211e-09,bidisperse_a0.005_sr0.667_x0.5_N4000_L24_T400000_seed1.npz,bidisperse,1,0.005,0.6666666666666666,0.5,0.6593289492144524
168000.0,0.9219348037721372,17,0.93975,,0.5509314411459458,0.36510563723103884,3.5914311995764366e-09,bidisperse_a0.005_sr0.667_x0.5_N4000_L24_T400000_seed1.npz,bidisperse,1,0.005,0.6666666666666666,0.5,0.6593289492144524
170000.0,0.9182391803988358,14,0.936,,0.5902044188324161,0.3829684636898447,3.707812362854268e-09,bidisperse_a0.005_sr0.667_x0.5_N4000_L24_T400000_seed1.npz,bidisperse,1,0.005,0.6666666666666666,0.5,0.6593289492144524
172000.0,0.9169429192825507,15,0.934,,0.5497243355159596,0.3719240457275722,3.946478326751594e-09,bidisperse_a0.005_sr0.667_x0.5_N4000_L24_T400000_seed1.npz,bidisperse,1,0.005,0.6666666666666666,0.5,0.6593289492144524
174000.0,0.918662622821413,13,0.926,,0.5466123250993803,0.3792937089926669,4.278496012636896e-09,bidisperse_a0.005_sr0.667_x0.5_N4000_L24_T400000_seed1.npz,bidisperse,1,0.005,0.6666666666666666,0.5,0.6593289492144524
176000.0,0.9175125157538742,14,0.92625,,0.5670251824301255,0.38250891910134033,3.85662426698609e-09,bidisperse_a0.005_sr0.667_x0.5_N4000_L24_T400000_seed1.npz,bidisperse,1,0.005,0.6666666666666666,0.5,0.6593289492144524
178000.0,0.9172371304634211,13,0.92775,,0.5363446856900458,0.3684261501210654,3.7311786916523194e-09,bidisperse_a0.005_sr0.667_x0.5_N4000_L24_T400000_seed1.npz,bidisperse,1,0.005,0.6666666666666666,0.5,0.6593289492144524
180000.0,0.9174453951259625,15,0.9295,,0.5949047822258512,0.38113533762366725,4.2638041568034445e-09,bidisperse_a0.005_sr0.667_x0.5_N4000_L24_T400000_seed1.npz,bidisperse,1,0.005,0.6666666666666666,0.5,0.6593289492144524
182000.0,0.9183684566837629,13,0.94675,,0.5522017260487038,0.39265267175572516,4.290810182096397e-09,bidisperse_a0.005_sr0.667_x0.5_N4000_L24_T400000_seed1.npz,bidisperse,1,0.005,0.6666666666666666,0.5,0.6593289492144524
184000.0,0.9197194579485217,15,0.94825,,0.6084411808434472,0.38587008975967574,3.2113689904486012e-09,bidisperse_a0.005_sr0.667_x0.5_N4000_L24_T400000_seed1.npz,bidisperse,1,0.005,0.6666666666666666,0.5,0.6593289492144524
186000.0,0.9180608212465309,18,0.9465,,0.6159968216283245,0.3848241108634558,3.4904996289350886e-09,bidisperse_a0.005_sr0.667_x0.5_N4000_L24_T400000_seed1.npz,bidisperse,1,0.005,0.6666666666666666,0.5,0.6593289492144524
188000.0,0.9167491972655072,16,0.94825,,0.5526791531948485,0.38966547768244486,3.882229078270912e-09,bidisperse_a0.005_sr0.667_x0.5_N4000_L24_T400000_seed1.npz,bidisperse,1,0.005,0.6666666666666666,0.5,0.6593289492144524
190000.0,0.9147207211509396,15,0.94075,,0.519106787489877,0.3916050331380271,4.120816687480517e-09,bidisperse_a0.005_sr0.667_x0.5_N4000_L24_T400000_seed1.npz,bidisperse,1,0.005,0.6666666666666666,0.5,0.6593289492144524
192000.0,0.9163345315373426,20,0.93425,,0.5279348927607592,0.3901319563970166,3.890491268593378e-09,bidisperse_a0.005_sr0.667_x0.5_N4000_L24_T400000_seed1.npz,bidisperse,1,0.005,0.6666666666666666,0.5,0.6593289492144524
194000.0,0.9182354279279163,17,0.934,,0.5515715338387409,0.3705382982828478,4.149337563367228e-09,bidisperse_a0.005_sr0.667_x0.5_N4000_L24_T400000_seed1.npz,bidisperse,1,0.005,0.6666666666666666,0.5,0.6593289492144524
196000.0,0.9178338022579224,17,0.936,,0.6143589177233888,0.37014925373134333,3.592281883783266e-09,bidisperse_a0.005_sr0.667_x0.5_N4000_L24_T400000_seed1.npz,bidisperse,1,0.005,0.6666666666666666,0.5,0.6593289492144524
198000.0,0.9199299909019947,19,0.688,,0.6309943119292002,0.3632835241606831,3.851663566789219e-09,bidisperse_a0.005_sr0.667_x0.5_N4000_L24_T400000_seed1.npz,bidisperse,1,0.005,0.6666666666666666,0.5,0.6593289492144524
200000.0,0.917395027890444,16,0.68675,0.5045557359979362,0.5800458660314123,0.37180353179581205,3.3222809427258975e-09,bidisperse_a0.005_sr0.667_x0.5_N4000_L24_T400000_seed1.npz,bidisperse,1,0.005,0.6666666666666666,0.5,0.6593289492144524
202000.0,0.9161812408219118,17,0.679,,0.5631822062015667,0.3755634410664621,3.0676071113918783e-09,bidisperse_a0.005_sr0.667_x0.5_N4000_L24_T400000_seed1.npz,bidisperse,1,0.005,0.6666666666666666,0.5,0.6593289492144524
204000.0,0.9160423022843747,14,0.9305,,0.5152969305064631,0.35895702559150167,3.517065532381896e-09,bidisperse_a0.005_sr0.667_x0.5_N4000_L24_T400000_seed1.npz,bidisperse,1,0.005,0.6666666666666666,0.5,0.6593289492144524
206000.0,0.9187656224316543,21,0.9245,,0.5368358299124297,0.356268221574344,2.476331231779118e-09,bidisperse_a0.005_sr0.667_x0.5_N4000_L24_T400000_seed1.npz,bidisperse,1,0.005,0.6666666666666666,0.5,0.6593289492144524
208000.0,0.9162688281287041,18,0.9275,,0.529307766774481,0.3658394726638232,3.2245762924765683e-09,bidisperse_a0.005_sr0.667_x0.5_N4000_L24_T400000_seed1.npz,bidisperse,1,0.005,0.6666666666666666,0.5,0.6593289492144524
210000.0,0.916139166932135,15,0.9255,,0.4828389742650963,0.3681875180862352,2.9230622335075236e-09,bidisperse_a0.005_sr0.667_x0.5_N4000_L24_T400000_seed1.npz,bidisperse,1,0.005,0.6666666666666666,0.5,0.6593289492144524
212000.0,0.9190147868223646,15,0.93825,,0.5582656595378929,0.36686619038424406,3.1454810366766185e-09,bidisperse_a0.005_sr0.667_x0.5_N4000_L24_T400000_seed1.npz,bidisperse,1,0.005,0.6666666666666666,0.5,0.6593289492144524
214000.0,0.9165907554880612,16,0.93775,,0.5781183083971563,0.37444508782088404,3.578063887112159e-09,bidisperse_a0.005_sr0.667_x0.5_N4000_L24_T400000_seed1.npz,bidisperse,1,0.005,0.6666666666666666,0.5,0.6593289492144524
216000.0,0.9187230278499251,16,0.9405,,0.5364615049152556,0.37420042643923246,3.39707978251972e-09,bidisperse_a0.005_sr0.667_x0.5_N4000_L24_T400000_seed1.npz,bidisperse,1,0.005,0.6666666666666666,0.5,0.6593289492144524
218000.0,0.9162218035092105,14,0.914,,0.5939631024561586,0.375676720804331,3.7221818814277888e-09,bidisperse_a0.005_sr0.667_x0.5_N4000_L24_T400000_seed1.npz,bidisperse,1,0.005,0.6666666666666666,0.5,0.6593289492144524
220000.0,0.917263879630334,14,0.915,,0.5674726512599428,0.38309317963496636,3.6473883680548928e-09,bidisperse_a0.005_sr0.667_x0.5_N4000_L24_T400000_seed1.npz,bidisperse,1,0.005,0.6666666666666666,0.5,0.6593289492144524
222000.0,0.9160774142405569,15,0.8895,,0.543417539590106,0.37744201713020886,3.2689982589783396e-09,bidisperse_a0.005_sr0.667_x0.5_N4000_L24_T400000_seed1.npz,bidisperse,1,0.005,0.6666666666666666,0.5,0.6593289492144524
224000.0,0.9148609053404669,12,0.94125,,0.5756192522529705,0.36181098561637226,3.1213154317135462e-09,bidisperse_a0.005_sr0.667_x0.5_N4000_L24_T400000_seed1.npz,bidisperse,1,0.005,0.6666666666666666,0.5,0.6593289492144524
226000.0,0.9163868021230984,16,0.93525,,0.5627933460311836,0.35686009462199475,2.790339674213538e-09,bidisperse_a0.005_sr0.667_x0.5_N4000_L24_T400000_seed1.npz,bidisperse,1,0.005,0.6666666666666666,0.5,0.6593289492144524
228000.0,0.9162111279652962,13,0.93425,,0.5422541143261123,0.35783272165346725,3.986199650614809e-09,bidisperse_a0.005_sr0.667_x0.5_N4000_L24_T400000_seed1.npz,bidisperse,1,0.005,0.6666666666666666,0.5,0.6593289492144524
230000.0,0.9162869375545477,14,0.924,,0.5773909928067856,0.352112676056338,3.5720858366561243e-09,bidisperse_a0.005_sr0.667_x0.5_N4000_L24_T400000_seed1.npz,bidisperse,1,0.005,0.6666666666666666,0.5,0.6593289492144524
232000.0,0.9137298715147366,16,0.94425,,0.5317534841927112,0.3500916722956673,3.516710837416057e-09,bidisperse_a0.005_sr0.667_x0.5_N4000_L24_T400000_seed1.npz,bidisperse,1,0.005,0.6666666666666666,0.5,0.6593289492144524
234000.0,0.9131536467694636,17,0.8805,,0.5377260241646893,0.34517224648229017,3.5552042216767907e-09,bidisperse_a0.005_sr0.667_x0.5_N4000_L24_T400000_seed1.npz,bidisperse,1,0.005,0.6666666666666666,0.5,0.6593289492144524
236000.0,0.914521257394375,17,0.9435,,0.5050435091844588,0.35257652072839984,4.135369658170957e-09,bidisperse_a0.005_sr0.667_x0.5_N4000_L24_T400000_seed1.npz,bidisperse,1,0.005,0.6666666666666666,0.5,0.6593289492144524
238000.0,0.9146075206370022,16,0.8815,,0.5705884043738826,0.3475094669385377,4.409743538114773e-09,bidisperse_a0.005_sr0.667_x0.5_N4000_L24_T400000_seed1.npz,bidisperse,1,0.005,0.6666666666666666,0.5,0.6593289492144524
240000.0,0.9125017445869248,21,0.87875,,0.5157598698347461,0.353384912959381,3.861757946752676e-09,bidisperse_a0.005_sr0.667_x0.5_N4000_L24_T400000_seed1.npz,bidisperse,1,0.005,0.6666666666666666,0.5,0.6593289492144524
242000.0,0.9144420335645743,15,0.91,,0.547400421346836,0.3633477633477633,3.965634540069687e-09,bidisperse_a0.005_sr0.667_x0.5_N4000_L24_T400000_seed1.npz,bidisperse,1,0.005,0.6666666666666666,0.5,0.6593289492144524
244000.0,0.9120774927671814,19,0.89225,,0.5428189233940153,0.35894969702798885,4.050385506883394e-09,bidisperse_a0.005_sr0.667_x0.5_N4000_L24_T400000_seed1.npz,bidisperse,1,0.005,0.6666666666666666,0.5,0.6593289492144524
246000.0,0.9136911161451482,15,0.8935,,0.4965213937811795,0.35775654020658365,3.271596097515848e-09,bidisperse_a0.005_sr0.667_x0.5_N4000_L24_T400000_seed1.npz,bidisperse,1,0.005,0.6666666666666666,0.5,0.6593289492144524
248000.0,0.9127123401424068,15,0.89325,,0.5559481440282492,0.3707596751075012,2.56236538045117e-09,bidisperse_a0.005_sr0.667_x0.5_N4000_L24_T400000_seed1.npz,bidisperse,1,0.005,0.6666666666666666,0.5,0.6593289492144524
250000.0,0.9136233415776666,17,0.89275,,0.5015066374412823,0.3541826554105909,3.254468118088431e-09,bidisperse_a0.005_sr0.667_x0.5_N4000_L24_T400000_seed1.npz,bidisperse,1,0.005,0.6666666666666666,0.5,0.6593289492144524
252000.0,0.9126323442006548,15,0.893,,0.5327507249078298,0.3598771946656433,2.516338041402251e-09,bidisperse_a0.005_sr0.667_x0.5_N4000_L24_T400000_seed1.npz,bidisperse,1,0.005,0.6666666666666666,0.5,0.6593289492144524
254000.0,0.9149867161913134,16,0.958,,0.5305064984961319,0.3658348588496002,2.5497068157349775e-09,bidisperse_a0.005_sr0.667_x0.5_N4000_L24_T400000_seed1.npz,bidisperse,1,0.005,0.6666666666666666,0.5,0.6593289492144524
256000.0,0.9128103352205108,14,0.95925,,0.5282863992826681,0.35945945945945945,2.5911667058548597e-09,bidisperse_a0.005_sr0.667_x0.5_N4000_L24_T400000_seed1.npz,bidisperse,1,0.005,0.6666666666666666,0.5,0.6593289492144524
258000.0,0.9134886291455924,17,0.8915,,0.5594575925132387,0.3640818679734794,3.1209232450456607e-09,bidisperse_a0.005_sr0.667_x0.5_N4000_L24_T400000_seed1.npz,bidisperse,1,0.005,0.6666666666666666,0.5,0.6593289492144524
260000.0,0.9143913815317988,18,0.89075,,0.5267721043806991,0.3684362377380266,3.2858476822284086e-09,bidisperse_a0.005_sr0.667_x0.5_N4000_L24_T400000_seed1.npz,bidisperse,1,0.005,0.6666666666666666,0.5,0.6593289492144524
262000.0,0.9134185420317164,14,0.8925,,0.5716051766919202,0.3654459368054884,3.618136123541222e-09,bidisperse_a0.005_sr0.667_x0.5_N4000_L24_T400000_seed1.npz,bidisperse,1,0.005,0.6666666666666666,0.5,0.6593289492144524
264000.0,0.9142940393101784,18,0.88675,,0.5013323554457946,0.3680810028929604,3.558029056766538e-09,bidisperse_a0.005_sr0.667_x0.5_N4000_L24_T400000_seed1.npz,bidisperse,1,0.005,0.6666666666666666,0.5,0.6593289492144524
266000.0,0.9128782181869056,19,0.88,,0.5252713446853514,0.3700393965600077,3.366227148248228e-09,bidisperse_a0.005_sr0.667_x0.5_N4000_L24_T400000_seed1.npz,bidisperse,1,0.005,0.6666666666666666,0.5,0.6593289492144524
268000.0,0.9134947051797863,20,0.8785,,0.5404251466497988,0.3644958996623251,2.970216669868045e-09,bidisperse_a0.005_sr0.667_x0.5_N4000_L24_T400000_seed1.npz,bidisperse,1,0.005,0.6666666666666666,0.5,0.6593289492144524
270000.0,0.910683556231345,23,0.88175,,0.5336940500862731,0.35465453841687633,2.327857840182628e-09,bidisperse_a0.005_sr0.667_x0.5_N4000_L24_T400000_seed1.npz,bidisperse,1,0.005,0.6666666666666666,0.5,0.6593289492144524
272000.0,0.9106155264420336,21,0.87775,,0.5473054356907012,0.3619909502262444,3.0298637952892553e-09,bidisperse_a0.005_sr0.667_x0.5_N4000_L24_T400000_seed1.npz,bidisperse,1,0.005,0.6666666666666666,0.5,0.6593289492144524
274000.0,0.910830972420087,25,0.8795,,0.5246815643387233,0.35717058024451775,3.073683747045889e-09,bidisperse_a0.005_sr0.667_x0.5_N4000_L24_T400000_seed1.npz,bidisperse,1,0.005,0.6666666666666666,0.5,0.6593289492144524
276000.0,0.9104744570761972,26,0.87725,,0.528436202894968,0.34661198984573327,3.5094914471485493e-09,bidisperse_a0.005_sr0.667_x0.5_N4000_L24_T400000_seed1.npz,bidisperse,1,0.005,0.6666666666666666,0.5,0.6593289492144524
278000.0,0.9133353935413518,20,0.88125,,0.5159652299095197,0.3626288908162282,3.979677197904169e-09,bidisperse_a0.005_sr0.667_x0.5_N4000_L24_T400000_seed1.npz,bidisperse,1,0.005,0.6666666666666666,0.5,0.6593289492144524
280000.0,0.9097782849651641,20,0.8845,,0.49962324271357106,0.3617103235747303,3.620106454071964e-09,bidisperse_a0.005_sr0.667_x0.5_N4000_L24_T400000_seed1.npz,bidisperse,1,0.005,0.6666666666666666,0.5,0.6593289492144524
282000.0,0.9129975362524378,19,0.8735,,0.5084076755441751,0.35775820346529863,4.114847152552125e-09,bidisperse_a0.005_sr0.667_x0.5_N4000_L24_T400000_seed1.npz,bidisperse,1,0.005,0.6666666666666666,0.5,0.6593289492144524
284000.0,0.9136121398191877,19,0.86825,,0.5716082248368085,0.3401114478443641,3.5933800882375375e-09,bidisperse_a0.005_sr0.667_x0.5_N4000_L24_T400000_seed1.npz,bidisperse,1,0.005,0.6666666666666666,0.5,0.6593289492144524
286000.0,0.9108753621587757,21,0.87025,,0.5393765534094926,0.346677030703459,3.717657878958864e-09,bidisperse_a0.005_sr0.667_x0.5_N4000_L24_T400000_seed1.npz,bidisperse,1,0.005,0.6666666666666666,0.5,0.6593289492144524
288000.0,0.9116708192370204,21,0.869,,0.5914098970620761,0.35751495273007905,3.939965208087426e-09,bidisperse_a0.005_sr0.667_x0.5_N4000_L24_T400000_seed1.npz,bidisperse,1,0.005,0.6666666666666666,0.5,0.6593289492144524
290000.0,0.9116432150696382,23,0.86925,,0.5568290598250116,0.3521276595744681,3.3286229898334256e-09,bidisperse_a0.005_sr0.667_x0.5_N4000_L24_T400000_seed1.npz,bidisperse,1,0.005,0.6666666666666666,0.5,0.6593289492144524
292000.0,0.9140980581390175,21,0.8655,,0.614030231163032,0.3422209200117199,4.154691104941631e-09,bidisperse_a0.005_sr0.667_x0.5_N4000_L24_T400000_seed1.npz,bidisperse,1,0.005,0.6666666666666666,0.5,0.6593289492144524
294000.0,0.9140278817979551,16,0.864,,0.5516899064858481,0.3454014598540146,4.216928464068976e-09,bidisperse_a0.005_sr0.667_x0.5_N4000_L24_T400000_seed1.npz,bidisperse,1,0.005,0.6666666666666666,0.5,0.6593289492144524
296000.0,0.9118272905726297,21,0.86575,,0.536653101758246,0.35555770908033724,3.7097760905530395e-09,bidisperse_a0.005_sr0.667_x0.5_N4000_L24_T400000_seed1.npz,bidisperse,1,0.005,0.6666666666666666,0.5,0.6593289492144524
298000.0,0.9110443931615786,19,0.8755,,0.577769814156345,0.3623524859740762,3.4552822755123114e-09,bidisperse_a0.005_sr0.667_x0.5_N4000_L24_T400000_seed1.npz,bidisperse,1,0.005,0.6666666666666666,0.5,0.6593289492144524
300000.0,0.9133760146458529,19,0.95475,0.5023309787515964,0.5610111319622514,0.35184108527131785,3.980937514025404e-09,bidisperse_a0.005_sr0.667_x0.5_N4000_L24_T400000_seed1.npz,bidisperse,1,0.005,0.6666666666666666,0.5,0.6593289492144524
302000.0,0.9112288182187761,17,0.95275,,0.5823526061359952,0.36200785515854006,3.6761493374161516e-09,bidisperse_a0.005_sr0.667_x0.5_N4000_L24_T400000_seed1.npz,bidisperse,1,0.005,0.6666666666666666,0.5,0.6593289492144524
304000.0,0.9135424118422775,20,0.95325,,0.5852280749832688,0.35990037359900373,3.940867104730132e-09,bidisperse_a0.005_sr0.667_x0.5_N4000_L24_T400000_seed1.npz,bidisperse,1,0.005,0.6666666666666666,0.5,0.6593289492144524
306000.0,0.9120127964800641,22,0.95075,,0.5416064545881007,0.3575424382716049,3.855658387585205e-09,bidisperse_a0.005_sr0.667_x0.5_N4000_L24_T400000_seed1.npz,bidisperse,1,0.005,0.6666666666666666,0.5,0.6593289492144524
308000.0,0.9107912426765171,23,0.951,,0.5257169631088476,0.36683320522674867,3.886712912173295e-09,bidisperse_a0.005_sr0.667_x0.5_N4000_L24_T400000_seed1.npz,bidisperse,1,0.005,0.6666666666666666,0.5,0.6593289492144524
310000.0,0.9123181110763077,20,0.90975,,0.5697387566692252,0.3629992319508448,5.164168496821257e-09,bidisperse_a0.005_sr0.667_x0.5_N4000_L24_T400000_seed1.npz,bidisperse,1,0.005,0.6666666666666666,0.5,0.6593289492144524
312000.0,0.9127897527522123,19,0.9095,,0.5767615896382534,0.3559664836752384,4.2339031136236355e-09,bidisperse_a0.005_sr0.667_x0.5_N4000_L24_T400000_seed1.npz,bidisperse,1,0.005,0.6666666666666666,0.5,0.6593289492144524
314000.0,0.9150930707026766,17,0.91325,,0.6163395314107427,0.3582003460872909,3.9845637340407575e-09,bidisperse_a0.005_sr0.667_x0.5_N4000_L24_T400000_seed1.npz,bidisperse,1,0.005,0.6666666666666666,0.5,0.6593289492144524
316000.0,0.9138993614980977,18,0.91825,,0.5902784508159891,0.36980662454528046,3.5964341649160048e-09,bidisperse_a0.005_sr0.667_x0.5_N4000_L24_T400000_seed1.npz,bidisperse,1,0.005,0.6666666666666666,0.5,0.6593289492144524
318000.0,0.914561573353773,14,0.922,,0.6095647390237394,0.37120704508471336,3.551143844838779e-09,bidisperse_a0.005_sr0.667_x0.5_N4000_L24_T400000_seed1.npz,bidisperse,1,0.005,0.6666666666666666,0.5,0.6593289492144524
320000.0,0.9159198241832298,13,0.92325,,0.5694069676486901,0.35073109325070206,3.130794631087275e-09,bidisperse_a0.005_sr0.667_x0.5_N4000_L24_T400000_seed1.npz,bidisperse,1,0.005,0.6666666666666666,0.5,0.6593289492144524
322000.0,0.9146760858002053,10,0.92625,,0.5927987135337014,0.36154659998076366,3.6277771367523393e-09,bidisperse_a0.005_sr0.667_x0.5_N4000_L24_T400000_seed1.npz,bidisperse,1,0.005,0.6666666666666666,0.5,0.6593289492144524
324000.0,0.9149104767015109,9,0.92575,,0.5990290017010713,0.3500965250965251,2.958385017353951e-09,bidisperse_a0.005_sr0.667_x0.5_N4000_L24_T400000_seed1.npz,bidisperse,1,0.005,0.6666666666666666,0.5,0.6593289492144524
326000.0,0.9141201246944888,11,0.926,,0.6040228317661027,0.3621153846153846,2.6969714997065987e-09,bidisperse_a0.005_sr0.667_x0.5_N4000_L24_T400000_seed1.npz,bidisperse,1,0.005,0.6666666666666666,0.5,0.6593289492144524
328000.0,0.9159204357615666,11,0.922,,0.5863132263947788,0.3668974802846702,2.647846559122202e-09,bidisperse_a0.005_sr0.667_x0.5_N4000_L24_T400000_seed1.npz,bidisperse,1,0.005,0.6666666666666666,0.5,0.6593289492144524
330000.0,0.9159825639524575,14,0.88625,,0.5471822717869418,0.35668666537642735,2.583179326495537e-09,bidisperse_a0.005_sr0.667_x0.5_N4000_L24_T400000_seed1.npz,bidisperse,1,0.005,0.6666666666666666,0.5,0.6593289492144524
332000.0,0.9134291811774309,11,0.836,,0.5791885407336759,0.365045739046702,3.71616697949819e-09,bidisperse_a0.005_sr0.667_x0.5_N4000_L24_T400000_seed1.npz,bidisperse,1,0.005,0.6666666666666666,0.5,0.6593289492144524
334000.0,0.9163643916237582,12,0.836,,0.5759647353169879,0.3577760647523608,3.6516728612117067e-09,bidisperse_a0.005_sr0.667_x0.5_N4000_L24_T400000_seed1.npz,bidisperse,1,0.005,0.6666666666666666,0.5,0.6593289492144524
336000.0,0.9150002924592805,10,0.83575,,0.5403798985800241,0.35799614643545274,3.471396485351195e-09,bidisperse_a0.005_sr0.667_x0.5_N4000_L24_T400000_seed1.npz,bidisperse,1,0.005,0.6666666666666666,0.5,0.6593289492144524
338000.0,0.9159802837370242,12,0.87575,,0.5498956328587549,0.3549042367962856,3.1820406574696474e-09,bidisperse_a0.005_sr0.667_x0.5_N4000_L24_T400000_seed1.npz,bidisperse,1,0.005,0.6666666666666666,0.5,0.6593289492144524
340000.0,0.9165009651754328,12,0.87575,,0.5532793491547805,0.35687409551374816,3.268153688791578e-09,bidisperse_a0.005_sr0.667_x0.5_N4000_L24_T400000_seed1.npz,bidisperse,1,0.005,0.6666666666666666,0.5,0.6593289492144524
342000.0,0.9150774989039147,14,0.87475,,0.5448026271084199,0.36825487944890933,4.18504579786095e-09,bidisperse_a0.005_sr0.667_x0.5_N4000_L24_T400000_seed1.npz,bidisperse,1,0.005,0.6666666666666666,0.5,0.6593289492144524
344000.0,0.9165519213093515,14,0.87675,,0.5831893303164714,0.3694206112021594,4.225718046768698e-09,bidisperse_a0.005_sr0.667_x0.5_N4000_L24_T400000_seed1.npz,bidisperse,1,0.005,0.6666666666666666,0.5,0.6593289492144524
346000.0,0.9167350289267346,13,0.85225,,0.5085541842527608,0.37480650154798767,4.700653459891653e-09,bidisperse_a0.005_sr0.667_x0.5_N4000_L24_T400000_seed1.npz,bidisperse,1,0.005,0.6666666666666666,0.5,0.6593289492144524
348000.0,0.9157794362896216,18,0.90725,,0.5703773308479523,0.37509622786759045,4.974730528792167e-09,bidisperse_a0.005_sr0.667_x0.5_N4000_L24_T400000_seed1.npz,bidisperse,1,0.005,0.6666666666666666,0.5,0.6593289492144524
350000.0,0.9165872038236011,19,0.90325,,0.5094949816974943,0.36896850621207744,5.2738211626791186e-09,bidisperse_a0.005_sr0.667_x0.5_N4000_L24_T400000_seed1.npz,bidisperse,1,0.005,0.6666666666666666,0.5,0.6593289492144524
352000.0,0.9166022135262099,16,0.897,,0.5203689039653845,0.37904542398924423,4.913246148325588e-09,bidisperse_a0.005_sr0.667_x0.5_N4000_L24_T400000_seed1.npz,bidisperse,1,0.005,0.6666666666666666,0.5,0.6593289492144524
354000.0,0.9160810398212794,11,0.9015,,0.5596062073398623,0.3656007751937984,5.306730119893089e-09,bidisperse_a0.005_sr0.667_x0.5_N4000_L24_T400000_seed1.npz,bidisperse,1,0.005,0.6666666666666666,0.5,0.6593289492144524
356000.0,0.916020894141069,15,0.918,,0.5640520065834255,0.36629191890073987,4.733486272325951e-09,bidisperse_a0.005_sr0.667_x0.5_N4000_L24_T400000_seed1.npz,bidisperse,1,0.005,0.6666666666666666,0.5,0.6593289492144524
358000.0,0.9164640151881424,13,0.929,,0.5293013146124356,0.3579687801117749,3.968344725178377e-09,bidisperse_a0.005_sr0.667_x0.5_N4000_L24_T400000_seed1.npz,bidisperse,1,0.005,0.6666666666666666,0.5,0.6593289492144524
360000.0,0.9172096482787574,12,0.92775,,0.5552258591641135,0.3767935718385307,4.447508608626264e-09,bidisperse_a0.005_sr0.667_x0.5_N4000_L24_T400000_seed1.npz,bidisperse,1,0.005,0.6666666666666666,0.5,0.6593289492144524
362000.0,0.9139353035182941,14,0.92325,,0.533156456687656,0.3704593503747837,4.1947128699087715e-09,bidisperse_a0.005_sr0.667_x0.5_N4000_L24_T400000_seed1.npz,bidisperse,1,0.005,0.6666666666666666,0.5,0.6593289492144524
364000.0,0.9135132062084093,10,0.90175,,0.5331393870462211,0.3558471632574296,4.649905964680353e-09,bidisperse_a0.005_sr0.667_x0.5_N4000_L24_T400000_seed1.npz,bidisperse,1,0.005,0.6666666666666666,0.5,0.6593289492144524
366000.0,0.9128236233271542,10,0.90425,,0.5628392180300279,0.3676877564653116,3.9970632158934835e-09,bidisperse_a0.005_sr0.667_x0.5_N4000_L24_T400000_seed1.npz,bidisperse,1,0.005,0.6666666666666666,0.5,0.6593289492144524
368000.0,0.9157490928995993,15,0.903,,0.5695270108598548,0.3516547319527772,3.6281375403036386e-09,bidisperse_a0.005_sr0.667_x0.5_N4000_L24_T400000_seed1.npz,bidisperse,1,0.005,0.6666666666666666,0.5,0.6593289492144524
370000.0,0.9160541115362612,18,0.84,,0.5595067648251933,0.3571844095404305,3.992631163848278e-09,bidisperse_a0.005_sr0.667_x0.5_N4000_L24_T400000_seed1.npz,bidisperse,1,0.005,0.6666666666666666,0.5,0.6593289492144524
372000.0,0.9146501767977937,17,0.862,,0.5469199225976399,0.3749879564505251,5.615829820221092e-09,bidisperse_a0.005_sr0.667_x0.5_N4000_L24_T400000_seed1.npz,bidisperse,1,0.005,0.6666666666666666,0.5,0.6593289492144524
374000.0,0.9152802140606459,15,0.85975,,0.5237542406678615,0.3699488861028064,5.7957899281793984e-09,bidisperse_a0.005_sr0.667_x0.5_N4000_L24_T400000_seed1.npz,bidisperse,1,0.005,0.6666666666666666,0.5,0.6593289492144524
376000.0,0.9144557653298402,18,0.85775,,0.4863616637195435,0.36619990342829556,6.225850763915052e-09,bidisperse_a0.005_sr0.667_x0.5_N4000_L24_T400000_seed1.npz,bidisperse,1,0.005,0.6666666666666666,0.5,0.6593289492144524
378000.0,0.9144676566636607,18,0.866,,0.5128281734096777,0.3690004828585225,4.107151891088834e-09,bidisperse_a0.005_sr0.667_x0.5_N4000_L24_T400000_seed1.npz,bidisperse,1,0.005,0.6666666666666666,0.5,0.6593289492144524
380000.0,0.9139671771709337,23,0.86225,,0.5163053701486825,0.3578906552927491,4.088609758864447e-09,bidisperse_a0.005_sr0.667_x0.5_N4000_L24_T400000_seed1.npz,bidisperse,1,0.005,0.6666666666666666,0.5,0.6593289492144524
382000.0,0.914807257161968,18,0.871,,0.5643051954095535,0.364198724144597,4.122436103646335e-09,bidisperse_a0.005_sr0.667_x0.5_N4000_L24_T400000_seed1.npz,bidisperse,1,0.005,0.6666666666666666,0.5,0.6593289492144524
384000.0,0.9155391303567558,17,0.87175,,0.5625164314406673,0.38227146814404434,4.018483879350137e-09,bidisperse_a0.005_sr0.667_x0.5_N4000_L24_T400000_seed1.npz,bidisperse,1,0.005,0.6666666666666666,0.5,0.6593289492144524
386000.0,0.9135350219722081,14,0.8735,,0.5716243703411451,0.3637495212562236,3.593888405649075e-09,bidisperse_a0.005_sr0.667_x0.5_N4000_L24_T400000_seed1.npz,bidisperse,1,0.005,0.6666666666666666,0.5,0.6593289492144524
388000.0,0.9117387074267254,11,0.88125,,0.5553290657466305,0.35971568533282106,3.6692796401147875e-09,bidisperse_a0.005_sr0.667_x0.5_N4000_L24_T400000_seed1.npz,bidisperse,1,0.005,0.6666666666666666,0.5,0.6593289492144524
390000.0,0.9120437448054749,17,0.86125,,0.5584232473437009,0.3642301411968111,3.028814253308058e-09,bidisperse_a0.005_sr0.667_x0.5_N4000_L24_T400000_seed1.npz,bidisperse,1,0.005,0.6666666666666666,0.5,0.6593289492144524
392000.0,0.9121459863568736,17,0.863,,0.5451634406729977,0.3568619929030402,3.16158472517107e-09,bidisperse_a0.005_sr0.667_x0.5_N4000_L24_T400000_seed1.npz,bidisperse,1,0.005,0.6666666666666666,0.5,0.6593289492144524
394000.0,0.9121167381744806,18,0.8655,,0.5542972547248095,0.35760890424102865,3.23879451215269e-09,bidisperse_a0.005_sr0.667_x0.5_N4000_L24_T400000_seed1.npz,bidisperse,1,0.005,0.6666666666666666,0.5,0.6593289492144524
396000.0,0.9153464113579303,14,0.8875,,0.5310276764393652,0.37246886586177397,3.202196814579349e-09,bidisperse_a0.005_sr0.667_x0.5_N4000_L24_T400000_seed1.npz,bidisperse,1,0.005,0.6666666666666666,0.5,0.6593289492144524
398000.0,0.9127670738123592,18,0.8865,,0.5690513258015806,0.3552972817212564,3.4249618121867116e-09,bidisperse_a0.005_sr0.667_x0.5_N4000_L24_T400000_seed1.npz,bidisperse,1,0.005,0.6666666666666666,0.5,0.6593289492144524
400000.0,0.9132350571664622,21,0.888,0.5005259138764783,0.5170591566884742,0.34615012106537535,4.095425102483995e-09,bidisperse_a0.005_sr0.667_x0.5_N4000_L24_T400000_seed1.npz,bidisperse,1,0.005,0.6666666666666666,0.5,0.6593289492144524
0.0,0.9970263857931179,804,0.0055,0.8846268348087749,,,,bidisperse_a0.005_sr0.667_x0.5_N4000_L24_T400000_seed2.npz,bidisperse,2,0.005,0.6666666666666666,0.5,0.6257537355636996
2000.0,0.9728732078616134,51,0.10975,,0.10315403040764584,0.8236586493987049,1.3577658841110813e-08,bidisperse_a0.005_sr0.667_x0.5_N4000_L24_T400000_seed2.npz,bidisperse,2,0.005,0.6666666666666666,0.5,0.6257537355636996
4000.0,0.96498616528155,34,0.14225,,0.6391427485934098,0.5865307753796962,7.762876963278588e-09,bidisperse_a0.005_sr0.667_x0.5_N4000_L24_T400000_seed2.npz,bidisperse,2,0.005,0.6666666666666666,0.5,0.6257537355636996
6000.0,0.9591121556751308,24,0.1865,,0.7224325034972906,0.5273105086087473,5.8471822620288244e-09,bidisperse_a0.005_sr0.667_x0.5_N4000_L24_T400000_seed2.npz,bidisperse,2,0.005,0.6666666666666666,0.5,0.6257537355636996
8000.0,0.9559556008775009,19,0.2295,,0.7698165398666689,0.48803780643890915,5.094672286029463e-09,bidisperse_a0.005_sr0.667_x0.5_N4000_L24_T400000_seed2.npz,bidisperse,2,0.005,0.6666666666666666,0.5,0.6257537355636996
10000.0,0.9558672957709387,17,0.4495,,0.7821614577482616,0.47011834319526624,3.820577635083892e-09,bidisperse_a0.005_sr0.667_x0.5_N4000_L24_T400000_seed2.npz,bidisperse,2,0.005,0.6666666666666666,0.5,0.6257537355636996
12000.0,0.9542578223937156,18,0.37975,,0.8047526898895323,0.47237323317188895,4.160944751978448e-09,bidisperse_a0.005_sr0.667_x0.5_N4000_L24_T400000_seed2.npz,bidisperse,2,0.005,0.6666666666666666,0.5,0.6257537355636996
14000.0,0.9503658492894788,14,0.33925,,0.7949441926509568,0.470622739270701,3.5692857159483214e-09,bidisperse_a0.005_sr0.667_x0.5_N4000_L24_T400000_seed2.npz,bidisperse,2,0.005,0.6666666666666666,0.5,0.6257537355636996
16000.0,0.9471363370222798,17,0.41,,0.6891008485836109,0.45529573590096284,3.756194652739332e-09,bidisperse_a0.005_sr0.667_x0.5_N4000_L24_T400000_seed2.npz,bidisperse,2,0.005,0.6666666666666666,0.5,0.6257537355636996
18000.0,0.9473367847949316,11,0.49025,,0.6879701961297542,0.46085426644511773,3.967209695900251e-09,bidisperse_a0.005_sr0.667_x0.5_N4000_L24_T400000_seed2.npz,bidisperse,2,0.005,0.6666666666666666,0.5,0.6257537355636996
20000.0,0.9453794731422716,13,0.488,,0.7218644920255322,0.46233943168548075,3.855042951189928e-09,bidisperse_a0.005_sr0.667_x0.5_N4000_L24_T400000_seed2.npz,bidisperse,2,0.005,0.6666666666666666,0.5,0.6257537355636996
22000.0,0.945202167989384,10,0.5405,,0.6745045241653171,0.4608627757173531,3.4653894719781004e-09,bidisperse_a0.005_sr0.667_x0.5_N4000_L24_T400000_seed2.npz,bidisperse,2,0.005,0.6666666666666666,0.5,0.6257537355636996
24000.0,0.9434220681347482,9,0.49375,,0.734525877260327,0.45447463238874286,3.518870374969609e-09,bidisperse_a0.005_sr0.667_x0.5_N4000_L24_T400000_seed2.npz,bidisperse,2,0.005,0.6666666666666666,0.5,0.6257537355636996
26000.0,0.9421583010916134,14,0.23175,,0.7347904265074376,0.4416593801612747,3.410855440342298e-09,bidisperse_a0.005_sr0.667_x0.5_N4000_L24_T400000_seed2.npz,bidisperse,2,0.005,0.6666666666666666,0.5,0.6257537355636996
28000.0,0.9404241721871741,17,0.222,,0.6930446945910522,0.4436141304347826,3.491324857327716e-09,bidisperse_a0.005_sr0.667_x0.5_N4000_L24_T400000_seed2.npz,bidisperse,2,0.005,0.6666666666666666,0.5,0.6257537355636996
30000.0,0.9431973093156072,14,0.504,,0.6539291594038421,0.4387197501951601,4.000722992179227e-09,bidisperse_a0.005_sr0.667_x0.5_N4000_L24_T400000_seed2.npz,bidisperse,2,0.005,0.6666666666666666,0.5,0.6257537355636996
32000.0,0.9409492380695189,14,0.50825,,0.6774153155827586,0.44556276008903517,3.6491711833573607e-09,bidisperse_a0.005_sr0.667_x0.5_N4000_L24_T400000_seed2.npz,bidisperse,2,0.005,0.6666666666666666,0.5,0.6257537355636996
34000.0,0.9380980282047474,12,0.50725,,0.6831259461059149,0.4374089540642906,3.6020002701766328e-09,bidisperse_a0.005_sr0.667_x0.5_N4000_L24_T400000_seed2.npz,bidisperse,2,0.005,0.6666666666666666,0.5,0.6257537355636996
36000.0,0.9364882884059234,14,0.51875,,0.6677052936508212,0.43737206355395264,3.427345639094522e-09,bidisperse_a0.005_sr0.667_x0.5_N4000_L24_T400000_seed2.npz,bidisperse,2,0.005,0.6666666666666666,0.5,0.6257537355636996
38000.0,0.9349205478144684,10,0.49175,,0.6256502366283684,0.44346392552366176,3.3220316342209984e-09,bidisperse_a0.005_sr0.667_x0.5_N4000_L24_T400000_seed2.npz,bidisperse,2,0.005,0.6666666666666666,0.5,0.6257537355636996
40000.0,0.9360712558337176,10,0.493,,0.6452719184535746,0.4286407296012419,3.011400688923634e-09,bidisperse_a0.005_sr0.667_x0.5_N4000_L24_T400000_seed2.npz,bidisperse,2,0.005,0.6666666666666666,0.5,0.6257537355636996
42000.0,0.9315762753197127,11,0.702,,0.6499564122744569,0.43816220381429394,2.5725539674320276e-09,bidisperse_a0.005_sr0.667_x0.5_N4000_L24_T400000_seed2.npz,bidisperse,2,0.005,0.6666666666666666,0.5,0.6257537355636996
44000.0,0.9317703064705745,16,0.70275,,0.6238020496578234,0.42318190680444534,3.463884763966084e-09,bidisperse_a0.005_sr0.667_x0.5_N4000_L24_T400000_seed2.npz,bidisperse,2,0.005,0.6666666666666666,0.5,0.6257537355636996
46000.0,0.9316755147056673,14,0.52675,,0.6592352810755412,0.4222828204129334,4.210623041622834e-09,bidisperse_a0.005_sr0.667_x0.5_N4000_L24_T400000_seed2.npz,bidisperse,2,0.005,0.6666666666666666,0.5,0.6257537355636996
48000.0,0.933301143118427,9,0.52575,,0.6684480082390609,0.440273366060256,4.634732888411227e-09,bidisperse_a0.005_sr0.667_x0.5_N4000_L24_T400000_seed2.npz,bidisperse,2,0.005,0.6666666666666666,0.5,0.6257537355636996
50000.0,0.9327013444089611,10,0.52875,,0.650400511792335,0.4386116719546197,3.6639310526245917e-09,bidisperse_a0.005_sr0.667_x0.5_N4000_L24_T400000_seed2.npz,bidisperse,2,0.005,0.6666666666666666,0.5,0.6257537355636996
52000.0,0.932685532118997,10,0.53,,0.636123018652965,0.4254867939078465,2.950357072003987e-09,bidisperse_a0.005_sr0.667_x0.5_N4000_L24_T400000_seed2.npz,bidisperse,2,0.005,0.6666666666666666,0.5,0.6257537355636996
54000.0,0.9323474388450796,9,0.5405,,0.6621303546566201,0.4210931485758276,3.1685407397008248e-09,bidisperse_a0.005_sr0.667_x0.5_N4000_L24_T400000_seed2.npz,bidisperse,2,0.005,0.6666666666666666,0.5,0.6257537355636996
56000.0,0.9337211935550476,6,0.7065,,0.6120484056166672,0.40433388397629,2.816296884241929e-09,bidisperse_a0.005_sr0.667_x0.5_N4000_L24_T400000_seed2.npz,bidisperse,2,0.005,0.6666666666666666,0.5,0.6257537355636996
58000.0,0.9317400464996367,13,0.6505,,0.6283376784342151,0.41487394139978584,3.2347378645408492e-09,bidisperse_a0.005_sr0.667_x0.5_N4000_L24_T400000_seed2.npz,bidisperse,2,0.005,0.6666666666666666,0.5,0.6257537355636996
60000.0,0.9305264396166958,12,0.6355,,0.600760063811309,0.4287651331719128,3.817922527416296e-09,bidisperse_a0.005_sr0.667_x0.5_N4000_L24_T400000_seed2.npz,bidisperse,2,0.005,0.6666666666666666,0.5,0.6257537355636996
62000.0,0.9315102705414288,12,0.6525,,0.5980104432394717,0.4327998457385268,4.372446430622413e-09,bidisperse_a0.005_sr0.667_x0.5_N4000_L24_T400000_seed2.npz,bidisperse,2,0.005,0.6666666666666666,0.5,0.6257537355636996
64000.0,0.9301985098224852,16,0.645,,0.6201642606681261,0.4189715621347877,3.675124702221155e-09,bidisperse_a0.005_sr0.667_x0.5_N4000_L24_T400000_seed2.npz,bidisperse,2,0.005,0.6666666666666666,0.5,0.6257537355636996
66000.0,0.9289434657592883,16,0.50575,,0.6133169873813001,0.4239099047069015,3.556802259846824e-09,bidisperse_a0.005_sr0.667_x0.5_N4000_L24_T400000_seed2.npz,bidisperse,2,0.005,0.6666666666666666,0.5,0.6257537355636996
68000.0,0.9283556413995957,15,0.64625,,0.6193538059156591,0.4096153846153846,3.802149818938295e-09,bidisperse_a0.005_sr0.667_x0.5_N4000_L24_T400000_seed2.npz,bidisperse,2,0.005,0.6666666666666666,0.5,0.6257537355636996
70000.0,0.9271064159264012,14,0.6475,,0.6365823785254586,0.4032945736434108,3.4747684318156646e-09,bidisperse_a0.005_sr0.667_x0.5_N4000_L24_T400000_seed2.npz,bidisperse,2,0.005,0.6666666666666666,0.5,0.6257537355636996
72000.0,0.926719676299332,17,0.64875,,0.5600532567512388,0.39586381816408156,3.5861858896414392e-09,bidisperse_a0.005_sr0.667_x0.5_N4000_L24_T400000_seed2.npz,bidisperse,2,0.005,0.6666666666666666,0.5,0.6257537355636996
74000.0,0.9266159720368954,15,0.64425,,0.5889413940818469,0.4043423230454678,3.775275224421993e-09,bidisperse_a0.005_sr0.667_x0.5_N4000_L24_T400000_seed2.npz,bidisperse,2,0.005,0.6666666666666666,0.5,0.6257537355636996
76000.0,0.9273805166997636,24,0.63075,,0.6222355103596396,0.4102863822326125,3.869710513995691e-09,bidisperse_a0.005_sr0.667_x0.5_N4000_L24_T400000_seed2.npz,bidisperse,2,0.005,0.6666666666666666,0.5,0.6257537355636996
78000.0,0.9253609691881913,21,0.727,,0.635788745041418,0.39982485161039216,3.43055866874761e-09,bidisperse_a0.005_sr0.667_x0.5_N4000_L24_T400000_seed2.npz,bidisperse,2,0.005,0.6666666666666666,0.5,0.6257537355636996
80000.0,0.9259118565992915,23,0.727,,0.5796514158197845,0.40130299494360167,3.7410756576334985e-09,bidisperse_a0.005_sr0.667_x0.5_N4000_L24_T400000_seed2.npz,bidisperse,2,0.005,0.6666666666666666,0.5,0.6257537355636996
82000.0,0.9256894107058179,20,0.8025,,0.6092297550303363,0.402756059421423,4.429184459886717e-09,bidisperse_a0.005_sr0.667_x0.5_N4000_L24_T400000_seed2.npz,bidisperse,2,0.005,0.6666666666666666,0.5,0.6257537355636996
84000.0,0.9251588506795526,19,0.94,,0.6210853246748385,0.40392885066458173,4.5286761778580796e-09,bidisperse_a0.005_sr0.667_x0.5_N4000_L24_T400000_seed2.npz,bidisperse,2,0.005,0.6666666666666666,0.5,0.6257537355636996
86000.0,0.9232387878787879,17,0.80875,,0.5936471007578986,0.4011293934378347,3.499788449347375e-09,bidisperse_a0.005_sr0.667_x0.5_N4000_L24_T400000_seed2.npz,bidisperse,2,0.005,0.6666666666666666,0.5,0.6257537355636996
88000.0,0.9243461589047798,16,0.94525,,0.5531577373382265,0.3948011335874133,3.848823964857286e-09,bidisperse_a0.005_sr0.667_x0.5_N4000_L24_T400000_seed2.npz,bidisperse,2,0.005,0.6666666666666666,0.5,0.6257537355636996
90000.0,0.9215538226241595,14,0.9475,,0.5909767942602081,0.40060417072695376,3.6288019015114078e-09,bidisperse_a0.005_sr0.667_x0.5_N4000_L24_T400000_seed2.npz,bidisperse,2,0.005,0.6666666666666666,0.5,0.6257537355636996
92000.0,0.921876998296343,17,0.916,,0.5735783488704208,0.4090733962627625,3.841919058045843e-09,bidisperse_a0.005_sr0.667_x0.5_N4000_L24_T400000_seed2.npz,bidisperse,2,0.005,0.6666666666666666,0.5,0.6257537355636996
94000.0,0.9215998239766314,20,0.90175,,0.5727891783055489,0.4040930591755961,3.828872694806239e-09,bidisperse_a0.005_sr0.667_x0.5_N4000_L24_T400000_seed2.npz,bidisperse,2,0.005,0.6666666666666666,0.5,0.6257537355636996
96000.0,0.9214122553421069,20,0.904,,0.5732273191149242,0.405038946052505,4.543775776818474e-09,bidisperse_a0.005_sr0.667_x0.5_N4000_L24_T400000_seed2.npz,bidisperse,2,0.005,0.6666666666666666,0.5,0.6257537355636996
98000.0,0.9173455771326731,20,0.9045,,0.5921180808926249,0.39669897322713754,4.174989790023498e-09,bidisperse_a0.005_sr0.667_x0.5_N4000_L24_T400000_seed2.npz,bidisperse,2,0.005,0.6666666666666666,0.5,0.6257537355636996
100000.0,0.9196225135293916,19,0.9055,0.5154867581088866,0.5739164848554098,0.38910919818164236,3.966574749527785e-09,bidisperse_a0.005_sr0.667_x0.5_N4000_L24_T400000_seed2.npz,bidisperse,2,0.005,0.6666666666666666,0.5,0.6257537355636996
102000.0,0.9189687465151026,17,0.912,,0.5470435843143372,0.388754709689885,3.375797662797233e-09,bidisperse_a0.005_sr0.667_x0.5_N4000_L24_T400000_seed2.npz,bidisperse,2,0.005,0.6666666666666666,0.5,0.6257537355636996
104000.0,0.9160494696420993,23,0.902,,0.49138990589319664,0.3959980943306336,4.2716769759810024e-09,bidisperse_a0.005_sr0.667_x0.5_N4000_L24_T400000_seed2.npz,bidisperse,2,0.005,0.6666666666666666,0.5,0.6257537355636996
106000.0,0.9136318102403044,20,0.919,,0.5161360262562256,0.38748680548891656,3.649426048861366e-09,bidisperse_a0.005_sr0.667_x0.5_N4000_L24_T400000_seed2.npz,bidisperse,2,0.005,0.6666666666666666,0.5,0.6257537355636996
108000.0,0.9153326393185489,22,0.92975,,0.5256269608094108,0.38244937319189976,4.019734127375813e-09,bidisperse_a0.005_sr0.667_x0.5_N4000_L24_T400000_seed2.npz,bidisperse,2,0.005,0.6666666666666666,0.5,0.6257537355636996
110000.0,0.914322726605974,17,0.936,,0.5191100515224708,0.3768548853343612,3.2540041028869776e-09,bidisperse_a0.005_sr0.667_x0.5_N4000_L24_T400000_seed2.npz,bidisperse,2,0.005,0.6666666666666666,0.5,0.6257537355636996
112000.0,0.9149678168948581,18,0.93725,,0.51297524911359,0.36879637660210085,2.7034044151987317e-09,bidisperse_a0.005_sr0.667_x0.5_N4000_L24_T400000_seed2.npz,bidisperse,2,0.005,0.6666666666666666,0.5,0.6257537355636996
114000.0,0.9141025144965923,22,0.92625,,0.5565649283013457,0.36297010607521696,3.290616030464923e-09,bidisperse_a0.005_sr0.667_x0.5_N4000_L24_T400000_seed2.npz,bidisperse,2,0.005,0.6666666666666666,0.5,0.6257537355636996
116000.0,0.9141983292326228,14,0.93075,,0.5242959836114096,0.3581022320997198,3.6883690113496354e-09,bidisperse_a0.005_sr0.667_x0.5_N4000_L24_T400000_seed2.npz,bidisperse,2,0.005,0.6666666666666666,0.5,0.6257537355636996
118000.0,0.9144867463751724,18,0.93175,,0.5307590798755712,0.3674687199230029,3.862139297936749e-09,bidisperse_a0.005_sr0.667_x0.5_N4000_L24_T400000_seed2.npz,bidisperse,2,0.005,0.6666666666666666,0.5,0.6257537355636996
120000.0,0.9118117563989961,14,0.9555,,0.5445364317243127,0.37080924855491326,3.6349504293427692e-09,bidisperse_a0.005_sr0.667_x0.5_N4000_L24_T400000_seed2.npz,bidisperse,2,0.005,0.6666666666666666,0.5,0.6257537355636996
122000.0,0.9148079232017307,11,0.94825,,0.5459456113799587,0.35608251397725077,3.0996748093600125e-09,bidisperse_a0.005_sr0.667_x0.5_N4000_L24_T400000_seed2.npz,bidisperse,2,0.005,0.6666666666666666,0.5,0.6257537355636996
124000.0,0.9116682408085203,14,0.949,,0.5712872034752081,0.3538048171960464,3.3927946086936062e-09,bidisperse_a0.005_sr0.667_x0.5_N4000_L24_T400000_seed2.npz,bidisperse,2,0.005,0.6666666666666666,0.5,0.6257537355636996
126000.0,0.9137292131396234,18,0.93275,,0.5536356372983958,0.3559126335033196,3.4403285162588472e-09,bidisperse_a0.005_sr0.667_x0.5_N4000_L24_T400000_seed2.npz,bidisperse,2,0.005,0.6666666666666666,0.5,0.6257537355636996
128000.0,0.910473977563173,17,0.933,,0.5657134619421543,0.3654437187860161,3.669366551830885e-09,bidisperse_a0.005_sr0.667_x0.5_N4000_L24_T400000_seed2.npz,bidisperse,2,0.005,0.6666666666666666,0.5,0.6257537355636996
130000.0,0.9130030587144369,17,0.9375,,0.5160809326484541,0.37210637076717046,3.1565913242289545e-09,bidisperse_a0.005_sr0.667_x0.5_N4000_L24_T400000_seed2.npz,bidisperse,2,0.005,0.6666666666666666,0.5,0.6257537355636996
132000.0,0.9129196740507677,14,0.93825,,0.5922743180647041,0.36767386091127097,3.518370905969359e-09,bidisperse_a0.005_sr0.667_x0.5_N4000_L24_T400000_seed2.npz,bidisperse,2,0.005,0.6666666666666666,0.5,0.6257537355636996
134000.0,0.9117470222961452,17,0.93625,,0.5126623121594913,0.3690362138340678,3.788540783305357e-09,bidisperse_a0.005_sr0.667_x0.5_N4000_L24_T400000_seed2.npz,bidisperse,2,0.005,0.6666666666666666,0.5,0.6257537355636996
136000.0,0.914272087735934,11,0.9415,,0.5468966727677078,0.36623227290149485,4.05141764105603e-09,bidisperse_a0.005_sr0.667_x0.5_N4000_L24_T400000_seed2.npz,bidisperse,2,0.005,0.6666666666666666,0.5,0.6257537355636996
138000.0,0.9108922603078943,12,0.9455,,0.5495066515026237,0.37234449760765553,3.513356683104301e-09,bidisperse_a0.005_sr0.667_x0.5_N4000_L24_T400000_seed2.npz,bidisperse,2,0.005,0.6666666666666666,0.5,0.6257537355636996
140000.0,0.9104646659490557,13,0.9475,,0.5273607420098787,0.36907611297271425,3.5182862449800025e-09,bidisperse_a0.005_sr0.667_x0.5_N4000_L24_T400000_seed2.npz,bidisperse,2,0.005,0.6666666666666666,0.5,0.6257537355636996
142000.0,0.9116928246405399,24,0.9415,,0.5617849280460241,0.3541485138929228,3.896820204658904e-09,bidisperse_a0.005_sr0.667_x0.5_N4000_L24_T400000_seed2.npz,bidisperse,2,0.005,0.6666666666666666,0.5,0.6257537355636996
144000.0,0.9124182070381226,20,0.946,,0.5616230336445756,0.3645772876765332,5.145005426646696e-09,bidisperse_a0.005_sr0.667_x0.5_N4000_L24_T400000_seed2.npz,bidisperse,2,0.005,0.6666666666666666,0.5,0.6257537355636996
146000.0,0.9107422738230233,18,0.944,,0.5491228879299194,0.3676866820631255,4.5934806186217426e-09,bidisperse_a0.005_sr0.667_x0.5_N4000_L24_T400000_seed2.npz,bidisperse,2,0.005,0.6666666666666666,0.5,0.6257537355636996
148000.0,0.9098152138007289,21,0.942,,0.5432933508257457,0.3679815721278433,4.118622633586535e-09,bidisperse_a0.005_sr0.667_x0.5_N4000_L24_T400000_seed2.npz,bidisperse,2,0.005,0.6666666666666666,0.5,0.6257537355636996
150000.0,0.9111153893642716,23,0.943,,0.5464507757328019,0.3594550198086771,5.318848218115005e-09,bidisperse_a0.005_sr0.667_x0.5_N4000_L24_T400000_seed2.npz,bidisperse,2,0.005,0.6666666666666666,0.5,0.6257537355636996
152000.0,0.9080675505112853,21,0.9455,,0.5567021362076296,0.36229365768896615,4.659567797683528e-09,bidisperse_a0.005_sr0.667_x0.5_N4000_L24_T400000_seed2.npz,bidisperse,2,0.005,0.6666666666666666,0.5,0.6257537355636996
154000.0,0.9100811382571239,22,0.94375,,0.481910530894916,0.35861936352273815,4.42953644768853e-09,bidisperse_a0.005_sr0.667_x0.5_N4000_L24_T400000_seed2.npz,bidisperse,2,0.005,0.6666666666666666,0.5,0.6257537355636996
156000.0,0.9072922333421386,21,0.94725,,0.5096451534772128,0.3435932072558857,4.388431350092808e-09,bidisperse_a0.005_sr0.667_x0.5_N4000_L24_T400000_seed2.npz,bidisperse,2,0.005,0.6666666666666666,0.5,0.6257537355636996
158000.0,0.91028451038642,21,0.94925,,0.5476533838155636,0.3425029058504455,3.629986239187582e-09,bidisperse_a0.005_sr0.667_x0.5_N4000_L24_T400000_seed2.npz,bidisperse,2,0.005,0.6666666666666666,0.5,0.6257537355636996
160000.0,0.9098160752660696,20,0.951,,0.5513809154323681,0.34925373134328364,3.2872790544599746e-09,bidisperse_a0.005_sr0.667_x0.5_N4000_L24_T400000_seed2.npz,bidisperse,2,0.005,0.6666666666666666,0.5,0.6257537355636996
162000.0,0.9089738331698791,22,0.95,,0.5203094299706066,0.34893780640199945,3.3445527099674214e-09,bidisperse_a0.005_sr0.667_x0.5_N4000_L24_T400000_seed2.npz,bidisperse,2,0.005,0.6666666666666666,0.5,0.6257537355636996
164000.0,0.910435394259827,23,0.95275,,0.5051589570821946,0.35823901784001533,4.253354134979377e-09,bidisperse_a0.005_sr0.667_x0.5_N4000_L24_T400000_seed2.npz,bidisperse,2,0.005,0.6666666666666666,0.5,0.6257537355636996
166000.0,0.9090809043118274,21,0.9615,,0.502642582974042,0.3563185227928448,4.4262771233652674e-09,bidisperse_a0.005_sr0.667_x0.5_N4000_L24_T400000_seed2.npz,bidisperse,2,0.005,0.6666666666666666,0.5,0.6257537355636996
168000.0,0.909902275737968,15,0.96225,,0.4724211615741447,0.36102849467523745,3.748715178432936e-09,bidisperse_a0.005_sr0.667_x0.5_N4000_L24_T400000_seed2.npz,bidisperse,2,0.005,0.6666666666666666,0.5,0.6257537355636996
170000.0,0.911715287415233,13,0.96375,,0.5114873819862155,0.3578967568604874,3.381150092424065e-09,bidisperse_a0.005_sr0.667_x0.5_N4000_L24_T400000_seed2.npz,bidisperse,2,0.005,0.6666666666666666,0.5,0.6257537355636996
172000.0,0.9085922762332074,14,0.954,,0.5204890536642481,0.3448773448773449,3.228995734848881e-09,bidisperse_a0.005_sr0.667_x0.5_N4000_L24_T400000_seed2.npz,bidisperse,2,0.005,0.6666666666666666,0.5,0.6257537355636996
174000.0,0.9092991477536796,16,0.961,,0.5165419109332341,0.3524598055261384,2.8115682731311636e-09,bidisperse_a0.005_sr0.667_x0.5_N4000_L24_T400000_seed2.npz,bidisperse,2,0.005,0.6666666666666666,0.5,0.6257537355636996
176000.0,0.909253101597149,22,0.96175,,0.4940423879293902,0.35730141878197086,2.9945238238579594e-09,bidisperse_a0.005_sr0.667_x0.5_N4000_L24_T400000_seed2.npz,bidisperse,2,0.005,0.6666666666666666,0.5,0.6257537355636996
178000.0,0.9075121351561288,17,0.963,,0.522374294886478,0.3515505359877489,3.1674179394238846e-09,bidisperse_a0.005_sr0.667_x0.5_N4000_L24_T400000_seed2.npz,bidisperse,2,0.005,0.6666666666666666,0.5,0.6257537355636996
180000.0,0.9086437119388806,23,0.918,,0.5222861576253988,0.3402230340319169,3.207060774644253e-09,bidisperse_a0.005_sr0.667_x0.5_N4000_L24_T400000_seed2.npz,bidisperse,2,0.005,0.6666666666666666,0.5,0.6257537355636996
182000.0,0.9088759352012108,19,0.9645,,0.5533618851284725,0.35086872586872586,3.4165634420375506e-09,bidisperse_a0.005_sr0.667_x0.5_N4000_L24_T400000_seed2.npz,bidisperse,2,0.005,0.6666666666666666,0.5,0.6257537355636996
184000.0,0.9085797593095583,19,0.95275,,0.49021203047185297,0.3582290664100096,3.67195236509583e-09,bidisperse_a0.005_sr0.667_x0.5_N4000_L24_T400000_seed2.npz,bidisperse,2,0.005,0.6666666666666666,0.5,0.6257537355636996
186000.0,0.907595540181821,18,0.9605,,0.4891641318063462,0.3534964361394721,3.1278925603634283e-09,bidisperse_a0.005_sr0.667_x0.5_N4000_L24_T400000_seed2.npz,bidisperse,2,0.005,0.6666666666666666,0.5,0.6257537355636996
188000.0,0.9082599991598403,16,0.96275,,0.5475733969393253,0.35498084291187737,3.3377230214238245e-09,bidisperse_a0.005_sr0.667_x0.5_N4000_L24_T400000_seed2.npz,bidisperse,2,0.005,0.6666666666666666,0.5,0.6257537355636996
190000.0,0.9093379074127405,18,0.95975,,0.542984327681221,0.3466756470701433,3.171214822076816e-09,bidisperse_a0.005_sr0.667_x0.5_N4000_L24_T400000_seed2.npz,bidisperse,2,0.005,0.6666666666666666,0.5,0.6257537355636996
192000.0,0.9101093719498536,19,0.95775,,0.5393594125924163,0.3622326651961254,3.137017454382835e-09,bidisperse_a0.005_sr0.667_x0.5_N4000_L24_T400000_seed2.npz,bidisperse,2,0.005,0.6666666666666666,0.5,0.6257537355636996
194000.0,0.9075628661562333,21,0.9475,,0.49743888423854044,0.358097068716963,3.83990566097242e-09,bidisperse_a0.005_sr0.667_x0.5_N4000_L24_T400000_seed2.npz,bidisperse,2,0.005,0.6666666666666666,0.5,0.6257537355636996
196000.0,0.9083377892248197,18,0.948,,0.5278984251326142,0.3473481195756991,3.865762808938183e-09,bidisperse_a0.005_sr0.667_x0.5_N4000_L24_T400000_seed2.npz,bidisperse,2,0.005,0.6666666666666666,0.5,0.6257537355636996
198000.0,0.9079378413698587,18,0.949,,0.45848822022306407,0.34408186908669625,3.861889528755902e-09,bidisperse_a0.005_sr0.667_x0.5_N4000_L24_T400000_seed2.npz,bidisperse,2,0.005,0.6666666666666666,0.5,0.6257537355636996
200000.0,0.9087016001093334,18,0.9445,0.5021701387699213,0.5376963586888808,0.3494649571001639,3.371548877582381e-09,bidisperse_a0.005_sr0.667_x0.5_N4000_L24_T400000_seed2.npz,bidisperse,2,0.005,0.6666666666666666,0.5,0.6257537355636996
202000.0,0.9090896434562699,19,0.9145,,0.46149545796680197,0.3406921816253735,3.7740579711447265e-09,bidisperse_a0.005_sr0.667_x0.5_N4000_L24_T400000_seed2.npz,bidisperse,2,0.005,0.6666666666666666,0.5,0.6257537355636996
204000.0,0.908757293381147,23,0.91475,,0.5359142173056534,0.328404368415966,3.973064543894692e-09,bidisperse_a0.005_sr0.667_x0.5_N4000_L24_T400000_seed2.npz,bidisperse,2,0.005,0.6666666666666666,0.5,0.6257537355636996
206000.0,0.9080633205995368,22,0.925,,0.5327011157953652,0.3273716951788491,4.176628818586941e-09,bidisperse_a0.005_sr0.667_x0.5_N4000_L24_T400000_seed2.npz,bidisperse,2,0.005,0.6666666666666666,0.5,0.6257537355636996
208000.0,0.9088488540841173,21,0.92875,,0.48907101290540006,0.3493743984600578,3.4592456594156727e-09,bidisperse_a0.005_sr0.667_x0.5_N4000_L24_T400000_seed2.npz,bidisperse,2,0.005,0.6666666666666666,0.5,0.6257537355636996
210000.0,0.9095515638768736,21,0.90375,,0.5197951029362201,0.34749034749034746,4.970699614801379e-09,bidisperse_a0.005_sr0.667_x0.5_N4000_L24_T400000_seed2.npz,bidisperse,2,0.005,0.6666666666666666,0.5,0.6257537355636996
212000.0,0.9080456845200588,20,0.879,,0.5149311999415501,0.34947631401941004,4.7267922589700895e-09,bidisperse_a0.005_sr0.667_x0.5_N4000_L24_T400000_seed2.npz,bidisperse,2,0.005,0.6666666666666666,0.5,0.6257537355636996
214000.0,0.9077533079462203,20,0.9045,,0.5431721397475994,0.3341387976029383,3.9431424408778365e-09,bidisperse_a0.005_sr0.667_x0.5_N4000_L24_T400000_seed2.npz,bidisperse,2,0.005,0.6666666666666666,0.5,0.6257537355636996
216000.0,0.908300058744983,20,0.9045,,0.5162786626673739,0.34276911226651263,2.973281800397161e-09,bidisperse_a0.005_sr0.667_x0.5_N4000_L24_T400000_seed2.npz,bidisperse,2,0.005,0.6666666666666666,0.5,0.6257537355636996
218000.0,0.9106089649824347,21,0.90375,,0.5727226792310038,0.35277724389775134,2.6313261658663336e-09,bidisperse_a0.005_sr0.667_x0.5_N4000_L24_T400000_seed2.npz,bidisperse,2,0.005,0.6666666666666666,0.5,0.6257537355636996
220000.0,0.9086175974375275,16,0.91125,,0.49868038877130927,0.3514060092449923,3.3751596225735584e-09,bidisperse_a0.005_sr0.667_x0.5_N4000_L24_T400000_seed2.npz,bidisperse,2,0.005,0.6666666666666666,0.5,0.6257537355636996
222000.0,0.9088324553837086,20,0.91275,,0.5015202651915537,0.3493210054897429,3.1975594414758758e-09,bidisperse_a0.005_sr0.667_x0.5_N4000_L24_T400000_seed2.npz,bidisperse,2,0.005,0.6666666666666666,0.5,0.6257537355636996
224000.0,0.9082361807660174,17,0.913,,0.5395249948987431,0.34682080924855496,3.0343564197571985e-09,bidisperse_a0.005_sr0.667_x0.5_N4000_L24_T400000_seed2.npz,bidisperse,2,0.005,0.6666666666666666,0.5,0.6257537355636996
226000.0,0.9080580383393814,16,0.912,,0.5142174725942467,0.3468107690823121,3.3793160627684036e-09,bidisperse_a0.005_sr0.667_x0.5_N4000_L24_T400000_seed2.npz,bidisperse,2,0.005,0.6666666666666666,0.5,0.6257537355636996
228000.0,0.9095956963149164,18,0.9125,,0.5337756616204001,0.35841431732897144,3.741567715655264e-09,bidisperse_a0.005_sr0.667_x0.5_N4000_L24_T400000_seed2.npz,bidisperse,2,0.005,0.6666666666666666,0.5,0.6257537355636996
230000.0,0.9082921115599175,20,0.914,,0.524603198945443,0.3586684625745622,3.588158454771854e-09,bidisperse_a0.005_sr0.667_x0.5_N4000_L24_T400000_seed2.npz,bidisperse,2,0.005,0.6666666666666666,0.5,0.6257537355636996
232000.0,0.9092462149555858,15,0.91475,,0.5207928931388341,0.3706460540127875,3.796985720653303e-09,bidisperse_a0.005_sr0.667_x0.5_N4000_L24_T400000_seed2.npz,bidisperse,2,0.005,0.6666666666666666,0.5,0.6257537355636996
234000.0,0.9097977868596615,16,0.9175,,0.5056855374723396,0.36299855838539163,3.844110299395969e-09,bidisperse_a0.005_sr0.667_x0.5_N4000_L24_T400000_seed2.npz,bidisperse,2,0.005,0.6666666666666666,0.5,0.6257537355636996
236000.0,0.9069282416118241,21,0.90625,,0.48686629091980343,0.35459897693272846,3.594977786412715e-09,bidisperse_a0.005_sr0.667_x0.5_N4000_L24_T400000_seed2.npz,bidisperse,2,0.005,0.6666666666666666,0.5,0.6257537355636996
238000.0,0.908710363135548,15,0.91075,,0.5373312742772981,0.33983771251931993,3.3444465740409566e-09,bidisperse_a0.005_sr0.667_x0.5_N4000_L24_T400000_seed2.npz,bidisperse,2,0.005,0.6666666666666666,0.5,0.6257537355636996
240000.0,0.9092629784854902,14,0.91025,,0.5554954769204773,0.36002678913126673,3.674756771712421e-09,bidisperse_a0.005_sr0.667_x0.5_N4000_L24_T400000_seed2.npz,bidisperse,2,0.005,0.6666666666666666,0.5,0.6257537355636996
242000.0,0.9100122537365587,15,0.898,,0.4832433439872594,0.3530438154323381,4.289085914547825e-09,bidisperse_a0.005_sr0.667_x0.5_N4000_L24_T400000_seed2.npz,bidisperse,2,0.005,0.6666666666666666,0.5,0.6257537355636996
244000.0,0.9094782312755227,14,0.9015,,0.5944443469124927,0.370253164556962,4.129952777022487e-09,bidisperse_a0.005_sr0.667_x0.5_N4000_L24_T400000_seed2.npz,bidisperse,2,0.005,0.6666666666666666,0.5,0.6257537355636996
246000.0,0.9093978314177712,17,0.89825,,0.5807892917736058,0.3554593554593555,3.2038439503772837e-09,bidisperse_a0.005_sr0.667_x0.5_N4000_L24_T400000_seed2.npz,bidisperse,2,0.005,0.6666666666666666,0.5,0.6257537355636996
248000.0,0.9122142772840026,16,0.89825,,0.5838334940100178,0.34534041525832926,3.4974251189347073e-09,bidisperse_a0.005_sr0.667_x0.5_N4000_L24_T400000_seed2.npz,bidisperse,2,0.005,0.6666666666666666,0.5,0.6257537355636996
250000.0,0.9102896619166174,15,0.89975,,0.5591286120297532,0.3610419459873587,4.467651958964856e-09,bidisperse_a0.005_sr0.667_x0.5_N4000_L24_T400000_seed2.npz,bidisperse,2,0.005,0.6666666666666666,0.5,0.6257537355636996
252000.0,0.9096734977413244,17,0.8815,,0.5677928607499845,0.3538461538461538,4.012249895031606e-09,bidisperse_a0.005_sr0.667_x0.5_N4000_L24_T400000_seed2.npz,bidisperse,2,0.005,0.6666666666666666,0.5,0.6257537355636996
254000.0,0.9094389029607128,18,0.8815,,0.5439481162761877,0.3490684428998938,3.868522879552172e-09,bidisperse_a0.005_sr0.667_x0.5_N4000_L24_T400000_seed2.npz,bidisperse,2,0.005,0.6666666666666666,0.5,0.6257537355636996
256000.0,0.9101539726715692,16,0.9095,,0.5711191204479666,0.33701336432306794,4.068746547869032e-09,bidisperse_a0.005_sr0.667_x0.5_N4000_L24_T400000_seed2.npz,bidisperse,2,0.005,0.6666666666666666,0.5,0.6257537355636996
258000.0,0.9104488918017474,15,0.92375,,0.5520994362129492,0.3357129075824812,3.554835688391088e-09,bidisperse_a0.005_sr0.667_x0.5_N4000_L24_T400000_seed2.npz,bidisperse,2,0.005,0.6666666666666666,0.5,0.6257537355636996
260000.0,0.9093533068499456,13,0.92475,,0.5684954246601439,0.3395533210867253,2.9240657299744174e-09,bidisperse_a0.005_sr0.667_x0.5_N4000_L24_T400000_seed2.npz,bidisperse,2,0.005,0.6666666666666666,0.5,0.6257537355636996
262000.0,0.908761850593337,16,0.9245,,0.5330670285434979,0.35542341996739235,3.401467555639812e-09,bidisperse_a0.005_sr0.667_x0.5_N4000_L24_T400000_seed2.npz,bidisperse,2,0.005,0.6666666666666666,0.5,0.6257537355636996
264000.0,0.9096081680066491,11,0.934,,0.5453218116350876,0.35132285276073616,3.9461235984348146e-09,bidisperse_a0.005_sr0.667_x0.5_N4000_L24_T400000_seed2.npz,bidisperse,2,0.005,0.6666666666666666,0.5,0.6257537355636996
266000.0,0.9099973464867245,16,0.93075,,0.5552759151031399,0.3428488764586749,3.230894568863526e-09,bidisperse_a0.005_sr0.667_x0.5_N4000_L24_T400000_seed2.npz,bidisperse,2,0.005,0.6666666666666666,0.5,0.6257537355636996
268000.0,0.9077605520643618,14,0.9275,,0.5439779003082246,0.34952198852772465,3.6350367517897025e-09,bidisperse_a0.005_sr0.667_x0.5_N4000_L24_T400000_seed2.npz,bidisperse,2,0.005,0.6666666666666666,0.5,0.6257537355636996
270000.0,0.9102096180055564,16,0.9375,,0.5121637384636172,0.34436450839328536,3.4384038338861197e-09,bidisperse_a0.005_sr0.667_x0.5_N4000_L24_T400000_seed2.npz,bidisperse,2,0.005,0.6666666666666666,0.5,0.6257537355636996
272000.0,0.9116762493398062,17,0.93675,,0.5333126991083975,0.3494509728376035,3.499591904487382e-09,bidisperse_a0.005_sr0.667_x0.5_N4000_L24_T400000_seed2.npz,bidisperse,2,0.005,0.6666666666666666,0.5,0.6257537355636996
274000.0,0.9111616856564934,16,0.931,,0.6028894763127404,0.35105973025048165,4.056875454739584e-09,bidisperse_a0.005_sr0.667_x0.5_N4000_L24_T400000_seed2.npz,bidisperse,2,0.005,0.6666666666666666,0.5,0.6257537355636996
276000.0,0.9109377607225834,14,0.923,,0.5332295720112751,0.3631032493751202,3.5207385651532957e-09,bidisperse_a0.005_sr0.667_x0.5_N4000_L24_T400000_seed2.npz,bidisperse,2,0.005,0.6666666666666666,0.5,0.6257537355636996
278000.0,0.90873633048161,19,0.9245,,0.5071884696716382,0.35644521806401697,4.127113795937122e-09,bidisperse_a0.005_sr0.667_x0.5_N4000_L24_T400000_seed2.npz,bidisperse,2,0.005,0.6666666666666666,0.5,0.6257537355636996
280000.0,0.9105632400770036,18,0.92025,,0.4860357724589898,0.35778226970834537,4.036362226500866e-09,bidisperse_a0.005_sr0.667_x0.5_N4000_L24_T400000_seed2.npz,bidisperse,2,0.005,0.6666666666666666,0.5,0.6257537355636996
282000.0,0.9099667017862143,18,0.957,,0.4934457389162132,0.3459417626003676,3.414402370646139e-09,bidisperse_a0.005_sr0.667_x0.5_N4000_L24_T400000_seed2.npz,bidisperse,2,0.005,0.6666666666666666,0.5,0.6257537355636996
284000.0,0.907976041481007,16,0.9575,,0.46021169662634975,0.35444497837578093,3.394250929441104e-09,bidisperse_a0.005_sr0.667_x0.5_N4000_L24_T400000_seed2.npz,bidisperse,2,0.005,0.6666666666666666,0.5,0.6257537355636996
286000.0,0.9066579810061395,16,0.958,,0.5447871934321447,0.35499040307101726,4.1670045476873635e-09,bidisperse_a0.005_sr0.667_x0.5_N4000_L24_T400000_seed2.npz,bidisperse,2,0.005,0.6666666666666666,0.5,0.6257537355636996
288000.0,0.9077561510413518,14,0.9675,,0.4793943273514919,0.36857632280167496,3.515914371593947e-09,bidisperse_a0.005_sr0.667_x0.5_N4000_L24_T400000_seed2.npz,bidisperse,2,0.005,0.6666666666666666,0.5,0.6257537355636996
290000.0,0.9117781649624617,13,0.966,,0.48087494741250736,0.35773998270394924,3.7220611395646685e-09,bidisperse_a0.005_sr0.667_x0.5_N4000_L24_T400000_seed2.npz,bidisperse,2,0.005,0.6666666666666666,0.5,0.6257537355636996
292000.0,0.9068517254922166,11,0.97025,,0.5214957147512598,0.3694740853658537,3.5027964190883697e-09,bidisperse_a0.005_sr0.667_x0.5_N4000_L24_T400000_seed2.npz,bidisperse,2,0.005,0.6666666666666666,0.5,0.6257537355636996
294000.0,0.9089214156028662,13,0.97075,,0.5205371064042057,0.3667839817368972,3.135863975757626e-09,bidisperse_a0.005_sr0.667_x0.5_N4000_L24_T400000_seed2.npz,bidisperse,2,0.005,0.6666666666666666,0.5,0.6257537355636996
296000.0,0.9099219476416642,15,0.9675,,0.523447283935584,0.3573955445071231,3.6239448516691836e-09,bidisperse_a0.005_sr0.667_x0.5_N4000_L24_T400000_seed2.npz,bidisperse,2,0.005,0.6666666666666666,0.5,0.6257537355636996
298000.0,0.9064326497090994,15,0.96525,,0.5189879714916318,0.3460983354180699,3.5709503096822744e-09,bidisperse_a0.005_sr0.667_x0.5_N4000_L24_T400000_seed2.npz,bidisperse,2,0.005,0.6666666666666666,0.5,0.6257537355636996
300000.0,0.9102757295537849,15,0.9645,0.49949156417503976,0.566564452884625,0.3525628719523901,3.0585684637626344e-09,bidisperse_a0.005_sr0.667_x0.5_N4000_L24_T400000_seed2.npz,bidisperse,2,0.005,0.6666666666666666,0.5,0.6257537355636996
302000.0,0.9068000078027456,16,0.96675,,0.5290623079572623,0.33909161490683226,3.1973123669706702e-09,bidisperse_a0.005_sr0.667_x0.5_N4000_L24_T400000_seed2.npz,bidisperse,2,0.005,0.6666666666666666,0.5,0.6257537355636996
304000.0,0.9081698680747908,14,0.959,,0.504946425488606,0.34492781707198916,3.297370294801692e-09,bidisperse_a0.005_sr0.667_x0.5_N4000_L24_T400000_seed2.npz,bidisperse,2,0.005,0.6666666666666666,0.5,0.6257537355636996
306000.0,0.9099439829038801,15,0.95725,,0.5328710670359238,0.3565091610414658,3.6181367224959947e-09,bidisperse_a0.005_sr0.667_x0.5_N4000_L24_T400000_seed2.npz,bidisperse,2,0.005,0.6666666666666666,0.5,0.6257537355636996
308000.0,0.9096442131352952,13,0.9345,,0.5130313269463961,0.34693481006509275,3.8844692797123765e-09,bidisperse_a0.005_sr0.667_x0.5_N4000_L24_T400000_seed2.npz,bidisperse,2,0.005,0.6666666666666666,0.5,0.6257537355636996
310000.0,0.9096033057534729,17,0.92325,,0.5178552649352419,0.35745171519169794,3.621855372009971e-09,bidisperse_a0.005_sr0.667_x0.5_N4000_L24_T400000_seed2.npz,bidisperse,2,0.005,0.6666666666666666,0.5,0.6257537355636996
312000.0,0.9104959727410618,16,0.924,,0.5334122373090469,0.3441797404609723,3.0840361796499152e-09,bidisperse_a0.005_sr0.667_x0.5_N4000_L24_T400000_seed2.npz,bidisperse,2,0.005,0.6666666666666666,0.5,0.6257537355636996
314000.0,0.9085279500610736,17,0.9335,,0.575631416931021,0.34336882865440466,3.231069061017413e-09,bidisperse_a0.005_sr0.667_x0.5_N4000_L24_T400000_seed2.npz,bidisperse,2,0.005,0.6666666666666666,0.5,0.6257537355636996
316000.0,0.9068014040169358,13,0.92925,,0.4852841006200441,0.3393857446397528,3.113618773864837e-09,bidisperse_a0.005_sr0.667_x0.5_N4000_L24_T400000_seed2.npz,bidisperse,2,0.005,0.6666666666666666,0.5,0.6257537355636996
318000.0,0.9077803228764075,15,0.9545,,0.5328613572523692,0.3476043871464306,2.8209447787686864e-09,bidisperse_a0.005_sr0.667_x0.5_N4000_L24_T400000_seed2.npz,bidisperse,2,0.005,0.6666666666666666,0.5,0.6257537355636996
320000.0,0.9105892423608698,13,0.94825,,0.5661302692220619,0.3576691225720027,3.41177443745087e-09,bidisperse_a0.005_sr0.667_x0.5_N4000_L24_T400000_seed2.npz,bidisperse,2,0.005,0.6666666666666666,0.5,0.6257537355636996
322000.0,0.9092959500498988,16,0.94725,,0.5603118699014153,0.34957708573625523,3.3138407991581453e-09,bidisperse_a0.005_sr0.667_x0.5_N4000_L24_T400000_seed2.npz,bidisperse,2,0.005,0.6666666666666666,0.5,0.6257537355636996
324000.0,0.911203594688822,15,0.948,,0.49580355103294854,0.3453036007336615,3.5464440519546386e-09,bidisperse_a0.005_sr0.667_x0.5_N4000_L24_T400000_seed2.npz,bidisperse,2,0.005,0.6666666666666666,0.5,0.6257537355636996
326000.0,0.9090993765369085,17,0.91625,,0.5320212888216458,0.3490192289110059,3.5854562555391908e-09,bidisperse_a0.005_sr0.667_x0.5_N4000_L24_T400000_seed2.npz,bidisperse,2,0.005,0.6666666666666666,0.5,0.6257537355636996
328000.0,0.9083434514357647,18,0.915,,0.5097986747553791,0.3378759855933028,3.1238367519607535e-09,bidisperse_a0.005_sr0.667_x0.5_N4000_L24_T400000_seed2.npz,bidisperse,2,0.005,0.6666666666666666,0.5,0.6257537355636996
330000.0,0.910224526704887,13,0.918,,0.5502150298972499,0.3471417535728081,3.982916350113038e-09,bidisperse_a0.005_sr0.667_x0.5_N4000_L24_T400000_seed2.npz,bidisperse,2,0.005,0.6666666666666666,0.5,0.6257537355636996
332000.0,0.9102162173062334,13,0.922,,0.5258425024118306,0.35325721961047685,3.91813176465568e-09,bidisperse_a0.005_sr0.667_x0.5_N4000_L24_T400000_seed2.npz,bidisperse,2,0.005,0.6666666666666666,0.5,0.6257537355636996
334000.0,0.9082214057996332,16,0.86325,,0.491140054534081,0.36404387219837864,4.381692447463379e-09,bidisperse_a0.005_sr0.667_x0.5_N4000_L24_T400000_seed2.npz,bidisperse,2,0.005,0.6666666666666666,0.5,0.6257537355636996
336000.0,0.9088493278083729,14,0.866,,0.5156090875299277,0.34823665446136054,3.842049894931922e-09,bidisperse_a0.005_sr0.667_x0.5_N4000_L24_T400000_seed2.npz,bidisperse,2,0.005,0.6666666666666666,0.5,0.6257537355636996
338000.0,0.9088827666072129,13,0.868,,0.5127213894480422,0.3416722794188396,3.922604461858466e-09,bidisperse_a0.005_sr0.667_x0.5_N4000_L24_T400000_seed2.npz,bidisperse,2,0.005,0.6666666666666666,0.5,0.6257537355636996
340000.0,0.9107473495679262,15,0.8675,,0.5804645280487526,0.3478553567993845,2.578592899993811e-09,bidisperse_a0.005_sr0.667_x0.5_N4000_L24_T400000_seed2.npz,bidisperse,2,0.005,0.6666666666666666,0.5,0.6257537355636996
342000.0,0.9103879586573967,12,0.86975,,0.49737267255298034,0.3478847451093765,2.1868406899208957e-09,bidisperse_a0.005_sr0.667_x0.5_N4000_L24_T400000_seed2.npz,bidisperse,2,0.005,0.6666666666666666,0.5,0.6257537355636996
344000.0,0.9085612581249309,15,0.8575,,0.5044232713640826,0.3368471953578337,3.1316891497853753e-09,bidisperse_a0.005_sr0.667_x0.5_N4000_L24_T400000_seed2.npz,bidisperse,2,0.005,0.6666666666666666,0.5,0.6257537355636996
346000.0,0.9093911303666559,15,0.85725,,0.4917325989820408,0.34602377041260024,3.3345127641481348e-09,bidisperse_a0.005_sr0.667_x0.5_N4000_L24_T400000_seed2.npz,bidisperse,2,0.005,0.6666666666666666,0.5,0.6257537355636996
348000.0,0.9082509155348018,15,0.85875,,0.4990888542129194,0.3432432432432433,3.0433975706738195e-09,bidisperse_a0.005_sr0.667_x0.5_N4000_L24_T400000_seed2.npz,bidisperse,2,0.005,0.6666666666666666,0.5,0.6257537355636996
350000.0,0.9091730171510872,17,0.858,,0.49743886827777334,0.33317186591745784,2.4253554599015035e-09,bidisperse_a0.005_sr0.667_x0.5_N4000_L24_T400000_seed2.npz,bidisperse,2,0.005,0.6666666666666666,0.5,0.6257537355636996
352000.0,0.9077781704861938,19,0.85775,,0.5461203962447765,0.34567187198766147,3.138359498572271e-09,bidisperse_a0.005_sr0.667_x0.5_N4000_L24_T400000_seed2.npz,bidisperse,2,0.005,0.6666666666666666,0.5,0.6257537355636996
354000.0,0.907461840957829,19,0.8595,,0.4925332801222807,0.33287897965144586,3.4730443686975475e-09,bidisperse_a0.005_sr0.667_x0.5_N4000_L24_T400000_seed2.npz,bidisperse,2,0.005,0.6666666666666666,0.5,0.6257537355636996
356000.0,0.9109802293558843,24,0.8615,,0.5252559289745178,0.3501015768598239,4.288386488467492e-09,bidisperse_a0.005_sr0.667_x0.5_N4000_L24_T400000_seed2.npz,bidisperse,2,0.005,0.6666666666666666,0.5,0.6257537355636996
358000.0,0.9109025499808884,27,0.86275,,0.5172024390432461,0.34888222200716157,3.638958903502333e-09,bidisperse_a0.005_sr0.667_x0.5_N4000_L24_T400000_seed2.npz,bidisperse,2,0.005,0.6666666666666666,0.5,0.6257537355636996
360000.0,0.9119600497822459,22,0.865,,0.5385031525663245,0.3484114684230918,4.313919019410983e-09,bidisperse_a0.005_sr0.667_x0.5_N4000_L24_T400000_seed2.npz,bidisperse,2,0.005,0.6666666666666666,0.5,0.6257537355636996
362000.0,0.9110420699530244,23,0.86275,,0.5506187931054006,0.35758513931888547,4.659341390568642e-09,bidisperse_a0.005_sr0.667_x0.5_N4000_L24_T400000_seed2.npz,bidisperse,2,0.005,0.6666666666666666,0.5,0.6257537355636996
364000.0,0.9105038832669744,23,0.868,,0.5434382138690018,0.35261627906976745,5.011742085509514e-09,bidisperse_a0.005_sr0.667_x0.5_N4000_L24_T400000_seed2.npz,bidisperse,2,0.005,0.6666666666666666,0.5,0.6257537355636996
366000.0,0.9099615577382083,23,0.8725,,0.5089783854800163,0.35290708904771106,4.299339563603146e-09,bidisperse_a0.005_sr0.667_x0.5_N4000_L24_T400000_seed2.npz,bidisperse,2,0.005,0.6666666666666666,0.5,0.6257537355636996
368000.0,0.9099922395897384,18,0.87375,,0.5121536820380155,0.36020881670533644,3.938250807791995e-09,bidisperse_a0.005_sr0.667_x0.5_N4000_L24_T400000_seed2.npz,bidisperse,2,0.005,0.6666666666666666,0.5,0.6257537355636996
370000.0,0.9120853554189255,21,0.875,,0.5754897511483286,0.36427472104655634,3.334290822662542e-09,bidisperse_a0.005_sr0.667_x0.5_N4000_L24_T400000_seed2.npz,bidisperse,2,0.005,0.6666666666666666,0.5,0.6257537355636996
372000.0,0.9087648632566265,22,0.8745,,0.5420910793653407,0.36102573953131,4.300735700123104e-09,bidisperse_a0.005_sr0.667_x0.5_N4000_L24_T400000_seed2.npz,bidisperse,2,0.005,0.6666666666666666,0.5,0.6257537355636996
374000.0,0.9097603839634842,22,0.875,,0.5227942236764433,0.3529753265602322,3.4560498866501915e-09,bidisperse_a0.005_sr0.667_x0.5_N4000_L24_T400000_seed2.npz,bidisperse,2,0.005,0.6666666666666666,0.5,0.6257537355636996
376000.0,0.9103622594885681,21,0.87375,,0.5101557492724907,0.3509638670928994,4.817448273274711e-09,bidisperse_a0.005_sr0.667_x0.5_N4000_L24_T400000_seed2.npz,bidisperse,2,0.005,0.6666666666666666,0.5,0.6257537355636996
378000.0,0.9081759009375214,20,0.86675,,0.5067008290888413,0.3429126213592233,4.280135192307287e-09,bidisperse_a0.005_sr0.667_x0.5_N4000_L24_T400000_seed2.npz,bidisperse,2,0.005,0.6666666666666666,0.5,0.6257537355636996
380000.0,0.9074985660202253,19,0.907,,0.48597334888677346,0.34372887901902094,3.635015139979508e-09,bidisperse_a0.005_sr0.667_x0.5_N4000_L24_T400000_seed2.npz,bidisperse,2,0.005,0.6666666666666666,0.5,0.6257537355636996
382000.0,0.9079148166089965,18,0.9175,,0.49715003773274535,0.3557886632662881,3.9453191507904496e-09,bidisperse_a0.005_sr0.667_x0.5_N4000_L24_T400000_seed2.npz,bidisperse,2,0.005,0.6666666666666666,0.5,0.6257537355636996
384000.0,0.9072688019586072,21,0.91925,,0.5120763655312133,0.3508450024142926,5.067408066181798e-09,bidisperse_a0.005_sr0.667_x0.5_N4000_L24_T400000_seed2.npz,bidisperse,2,0.005,0.6666666666666666,0.5,0.6257537355636996
386000.0,0.9057700023445271,18,0.903,,0.5331833380749654,0.36760778328882104,4.876961412763285e-09,bidisperse_a0.005_sr0.667_x0.5_N4000_L24_T400000_seed2.npz,bidisperse,2,0.005,0.6666666666666666,0.5,0.6257537355636996
388000.0,0.9093740120113365,20,0.90225,,0.4940077002341796,0.35942889996167116,4.392820051896264e-09,bidisperse_a0.005_sr0.667_x0.5_N4000_L24_T400000_seed2.npz,bidisperse,2,0.005,0.6666666666666666,0.5,0.6257537355636996
390000.0,0.9077303826012801,16,0.95575,,0.4908585345235572,0.3519140362659503,4.067486090220226e-09,bidisperse_a0.005_sr0.667_x0.5_N4000_L24_T400000_seed2.npz,bidisperse,2,0.005,0.6666666666666666,0.5,0.6257537355636996
392000.0,0.9089911269871543,14,0.90125,,0.49503874208516185,0.34488751568987164,4.1328545370959564e-09,bidisperse_a0.005_sr0.667_x0.5_N4000_L24_T400000_seed2.npz,bidisperse,2,0.005,0.6666666666666666,0.5,0.6257537355636996
394000.0,0.9052083590707566,16,0.9045,,0.5181401035160714,0.3541386594968312,3.757819322963773e-09,bidisperse_a0.005_sr0.667_x0.5_N4000_L24_T400000_seed2.npz,bidisperse,2,0.005,0.6666666666666666,0.5,0.6257537355636996
396000.0,0.9076850601576208,20,0.886,,0.524227359002701,0.3426842155826688,3.574546117300244e-09,bidisperse_a0.005_sr0.667_x0.5_N4000_L24_T400000_seed2.npz,bidisperse,2,0.005,0.6666666666666666,0.5,0.6257537355636996
398000.0,0.9057032290389357,15,0.90075,,0.5105353391174929,0.3387920238897987,3.5258804067147097e-09,bidisperse_a0.005_sr0.667_x0.5_N4000_L24_T400000_seed2.npz,bidisperse,2,0.005,0.6666666666666666,0.5,0.6257537355636996
400000.0,0.903806194217651,15,0.902,0.4961599160669326,0.46946259193056444,0.33663747473775385,3.746669771246298e-09,bidisperse_a0.005_sr0.667_x0.5_N4000_L24_T400000_seed2.npz,bidisperse,2,0.005,0.6666666666666666,0.5,0.6257537355636996
0.0,0.99674515939866,785,0.00575,0.8872334445084951,,,,bidisperse_a0.005_sr0.667_x0.5_N4000_L24_T400000_seed3.npz,bidisperse,3,0.005,0.6666666666666666,0.5,0.6570196201307916
2000.0,0.9745270853652824,63,0.08175,,0.11300516690580037,0.8302476278639204,1.2536277544382303e-08,bidisperse_a0.005_sr0.667_x0.5_N4000_L24_T400000_seed3.npz,bidisperse,3,0.005,0.6666666666666666,0.5,0.6570196201307916
4000.0,0.9679932120300738,29,0.1935,,0.6528759730763437,0.6002792460357036,6.876280249705758e-09,bidisperse_a0.005_sr0.667_x0.5_N4000_L24_T400000_seed3.npz,bidisperse,3,0.005,0.6666666666666666,0.5,0.6570196201307916
6000.0,0.9643532351271122,25,0.18625,,0.7451276850489228,0.5394029850746269,5.244664085252478e-09,bidisperse_a0.005_sr0.667_x0.5_N4000_L24_T400000_seed3.npz,bidisperse,3,0.005,0.6666666666666666,0.5,0.6570196201307916
8000.0,0.9596919001314592,19,0.28975,,0.7613041879868067,0.5007993605115908,4.229696081642813e-09,bidisperse_a0.005_sr0.667_x0.5_N4000_L24_T400000_seed3.npz,bidisperse,3,0.005,0.6666666666666666,0.5,0.6570196201307916
10000.0,0.9572601569265857,19,0.3015,,0.6995326600089323,0.5117572446092302,5.015913943921288e-09,bidisperse_a0.005_sr0.667_x0.5_N4000_L24_T400000_seed3.npz,bidisperse,3,0.005,0.6666666666666666,0.5,0.6570196201307916
12000.0,0.9554891562322614,17,0.28625,,0.7442290124099907,0.4758349705304519,4.66804942448183e-09,bidisperse_a0.005_sr0.667_x0.5_N4000_L24_T400000_seed3.npz,bidisperse,3,0.005,0.6666666666666666,0.5,0.6570196201307916
14000.0,0.9533666284515543,21,0.30025,,0.8067604542159501,0.4833414753297508,3.91594492497297e-09,bidisperse_a0.005_sr0.667_x0.5_N4000_L24_T400000_seed3.npz,bidisperse,3,0.005,0.6666666666666666,0.5,0.6570196201307916
16000.0,0.9504146942452582,23,0.28575,,0.7678694149466567,0.4784835056622353,4.649375879871872e-09,bidisperse_a0.005_sr0.667_x0.5_N4000_L24_T400000_seed3.npz,bidisperse,3,0.005,0.6666666666666666,0.5,0.6570196201307916
18000.0,0.9461843566005638,13,0.41875,,0.703703658516292,0.47495126705653024,4.254451845491553e-09,bidisperse_a0.005_sr0.667_x0.5_N4000_L24_T400000_seed3.npz,bidisperse,3,0.005,0.6666666666666666,0.5,0.6570196201307916
20000.0,0.9458333019886824,16,0.345,,0.7203541919088233,0.4756250603340091,4.615238073225099e-09,bidisperse_a0.005_sr0.667_x0.5_N4000_L24_T400000_seed3.npz,bidisperse,3,0.005,0.6666666666666666,0.5,0.6570196201307916
22000.0,0.9430505309535865,10,0.40275,,0.7234840986817319,0.46403330428889533,3.124439809838732e-09,bidisperse_a0.005_sr0.667_x0.5_N4000_L24_T400000_seed3.npz,bidisperse,3,0.005,0.6666666666666666,0.5,0.6570196201307916
24000.0,0.9422313508168997,14,0.4025,,0.7078340827833272,0.44239766081871346,3.0602110315851733e-09,bidisperse_a0.005_sr0.667_x0.5_N4000_L24_T400000_seed3.npz,bidisperse,3,0.005,0.6666666666666666,0.5,0.6570196201307916
26000.0,0.9410760708447397,14,0.34175,,0.7118235568181126,0.4281504763775661,3.218071689509634e-09,bidisperse_a0.005_sr0.667_x0.5_N4000_L24_T400000_seed3.npz,bidisperse,3,0.005,0.6666666666666666,0.5,0.6570196201307916
28000.0,0.9423554883122975,15,0.28925,,0.6521444368962562,0.4429112817024584,3.5100391727602304e-09,bidisperse_a0.005_sr0.667_x0.5_N4000_L24_T400000_seed3.npz,bidisperse,3,0.005,0.6666666666666666,0.5,0.6570196201307916
30000.0,0.9405868459010781,14,0.53875,,0.7227240720910199,0.43662655279503104,3.433086071224147e-09,bidisperse_a0.005_sr0.667_x0.5_N4000_L24_T400000_seed3.npz,bidisperse,3,0.005,0.6666666666666666,0.5,0.6570196201307916
32000.0,0.9395476825394276,11,0.643,,0.7477670732937678,0.4267540855269596,3.870483711007775e-09,bidisperse_a0.005_sr0.667_x0.5_N4000_L24_T400000_seed3.npz,bidisperse,3,0.005,0.6666666666666666,0.5,0.6570196201307916
34000.0,0.9399823622900556,14,0.66225,,0.6447933112892789,0.43780369290573373,3.634946454741759e-09,bidisperse_a0.005_sr0.667_x0.5_N4000_L24_T400000_seed3.npz,bidisperse,3,0.005,0.6666666666666666,0.5,0.6570196201307916
36000.0,0.9368356999844186,11,0.33525,,0.658518821935355,0.4277114282940091,4.113913983974787e-09,bidisperse_a0.005_sr0.667_x0.5_N4000_L24_T400000_seed3.npz,bidisperse,3,0.005,0.6666666666666666,0.5,0.6570196201307916
38000.0,0.9346825687725109,11,0.4,,0.6976754063565831,0.430952611687179,2.909149230939907e-09,bidisperse_a0.005_sr0.667_x0.5_N4000_L24_T400000_seed3.npz,bidisperse,3,0.005,0.6666666666666666,0.5,0.6570196201307916
40000.0,0.9366291667981688,12,0.40125,,0.6951175727312907,0.4301481266337497,2.785515760006469e-09,bidisperse_a0.005_sr0.667_x0.5_N4000_L24_T400000_seed3.npz,bidisperse,3,0.005,0.6666666666666666,0.5,0.6570196201307916
42000.0,0.9347084875248266,13,0.465,,0.7439269610896562,0.42931633835457705,2.9822601214625324e-09,bidisperse_a0.005_sr0.667_x0.5_N4000_L24_T400000_seed3.npz,bidisperse,3,0.005,0.6666666666666666,0.5,0.6570196201307916
44000.0,0.9330110753579501,15,0.29025,,0.7222637493257746,0.42135320878908145,3.015924150658872e-09,bidisperse_a0.005_sr0.667_x0.5_N4000_L24_T400000_seed3.npz,bidisperse,3,0.005,0.6666666666666666,0.5,0.6570196201307916
46000.0,0.9309184713706802,15,0.4535,,0.6663759755428792,0.4196119861698041,3.391314060220955e-09,bidisperse_a0.005_sr0.667_x0.5_N4000_L24_T400000_seed3.npz,bidisperse,3,0.005,0.6666666666666666,0.5,0.6570196201307916
48000.0,0.9308355219658776,17,0.4825,,0.6699827076402364,0.40761392039992306,3.4117652692190227e-09,bidisperse_a0.005_sr0.667_x0.5_N4000_L24_T400000_seed3.npz,bidisperse,3,0.005,0.6666666666666666,0.5,0.6570196201307916
50000.0,0.9286297408064288,13,0.48225,,0.6416069592944386,0.4214442430601927,4.195456220636489e-09,bidisperse_a0.005_sr0.667_x0.5_N4000_L24_T400000_seed3.npz,bidisperse,3,0.005,0.6666666666666666,0.5,0.6570196201307916
52000.0,0.9269078678367559,11,0.484,,0.5778396016672549,0.4166746342862606,4.135884703573192e-09,bidisperse_a0.005_sr0.667_x0.5_N4000_L24_T400000_seed3.npz,bidisperse,3,0.005,0.6666666666666666,0.5,0.6570196201307916
54000.0,0.9289303647734699,8,0.60525,,0.6605134388973872,0.4113298127700432,3.223122771155011e-09,bidisperse_a0.005_sr0.667_x0.5_N4000_L24_T400000_seed3.npz,bidisperse,3,0.005,0.6666666666666666,0.5,0.6570196201307916
56000.0,0.927141787194625,11,0.60375,,0.6504760407798494,0.400852052672347,2.495823446925201e-09,bidisperse_a0.005_sr0.667_x0.5_N4000_L24_T400000_seed3.npz,bidisperse,3,0.005,0.6666666666666666,0.5,0.6570196201307916
58000.0,0.9279876200812265,11,0.681,,0.6277797321543045,0.40778014321656664,3.260616145688962e-09,bidisperse_a0.005_sr0.667_x0.5_N4000_L24_T400000_seed3.npz,bidisperse,3,0.005,0.6666666666666666,0.5,0.6570196201307916
60000.0,0.9264784687363853,12,0.6815,,0.5975344096294886,0.4104744419750701,3.1174429734377508e-09,bidisperse_a0.005_sr0.667_x0.5_N4000_L24_T400000_seed3.npz,bidisperse,3,0.005,0.6666666666666666,0.5,0.6570196201307916
62000.0,0.9270641475925879,9,0.56575,,0.5932786457415372,0.4141569154037982,3.1640605283790805e-09,bidisperse_a0.005_sr0.667_x0.5_N4000_L24_T400000_seed3.npz,bidisperse,3,0.005,0.6666666666666666,0.5,0.6570196201307916
64000.0,0.9257900611368983,12,0.565,,0.5958527473732413,0.41668268306746103,3.2452641748077468e-09,bidisperse_a0.005_sr0.667_x0.5_N4000_L24_T400000_seed3.npz,bidisperse,3,0.005,0.6666666666666666,0.5,0.6570196201307916
66000.0,0.9249809197989102,12,0.566,,0.5957563428538651,0.4159792825628237,3.942595762724227e-09,bidisperse_a0.005_sr0.667_x0.5_N4000_L24_T400000_seed3.npz,bidisperse,3,0.005,0.6666666666666666,0.5,0.6570196201307916
68000.0,0.9235250634336241,14,0.56775,,0.6065357054360598,0.405591727307545,3.870532953575498e-09,bidisperse_a0.005_sr0.667_x0.5_N4000_L24_T400000_seed3.npz,bidisperse,3,0.005,0.6666666666666666,0.5,0.6570196201307916
70000.0,0.9219716671563893,11,0.5675,,0.5547924521911152,0.4183031458531935,4.059682851640658e-09,bidisperse_a0.005_sr0.667_x0.5_N4000_L24_T400000_seed3.npz,bidisperse,3,0.005,0.6666666666666666,0.5,0.6570196201307916
72000.0,0.9236389074914472,9,0.95925,,0.6120509965688844,0.39861017276324684,3.545124091971548e-09,bidisperse_a0.005_sr0.667_x0.5_N4000_L24_T400000_seed3.npz,bidisperse,3,0.005,0.6666666666666666,0.5,0.6570196201307916
74000.0,0.9232596239354932,12,0.95775,,0.6085123168372562,0.4023065833733782,3.547294257808461e-09,bidisperse_a0.005_sr0.667_x0.5_N4000_L24_T400000_seed3.npz,bidisperse,3,0.005,0.6666666666666666,0.5,0.6570196201307916
76000.0,0.9219290166516246,11,0.958,,0.5611415542775217,0.3949069161763288,3.556927673833273e-09,bidisperse_a0.005_sr0.667_x0.5_N4000_L24_T400000_seed3.npz,bidisperse,3,0.005,0.6666666666666666,0.5,0.6570196201307916
78000.0,0.9204556789907528,12,0.9165,,0.5449485274561925,0.39833826759621815,3.186271267393311e-09,bidisperse_a0.005_sr0.667_x0.5_N4000_L24_T400000_seed3.npz,bidisperse,3,0.005,0.6666666666666666,0.5,0.6570196201307916
80000.0,0.9224346828598965,10,0.98,,0.5681368351633912,0.37387256328193197,2.823651666415881e-09,bidisperse_a0.005_sr0.667_x0.5_N4000_L24_T400000_seed3.npz,bidisperse,3,0.005,0.6666666666666666,0.5,0.6570196201307916
82000.0,0.9215597262229259,14,0.91625,,0.6134572684911189,0.3799825429153332,3.3222042183549766e-09,bidisperse_a0.005_sr0.667_x0.5_N4000_L24_T400000_seed3.npz,bidisperse,3,0.005,0.6666666666666666,0.5,0.6570196201307916
84000.0,0.9215341290670874,11,0.92,,0.5747478600801951,0.3915221579961464,3.553034979133882e-09,bidisperse_a0.005_sr0.667_x0.5_N4000_L24_T400000_seed3.npz,bidisperse,3,0.005,0.6666666666666666,0.5,0.6570196201307916
86000.0,0.9204067617329971,7,0.9185,,0.5596233410715827,0.39764458062045194,3.5509592721211063e-09,bidisperse_a0.005_sr0.667_x0.5_N4000_L24_T400000_seed3.npz,bidisperse,3,0.005,0.6666666666666666,0.5,0.6570196201307916
88000.0,0.920719091603426,8,0.9195,,0.5527103053200101,0.38451165478713156,2.532739351281866e-09,bidisperse_a0.005_sr0.667_x0.5_N4000_L24_T400000_seed3.npz,bidisperse,3,0.005,0.6666666666666666,0.5,0.6570196201307916
90000.0,0.9216803969527836,9,0.911,,0.6103824974393393,0.38375566046825316,3.07549068981437e-09,bidisperse_a0.005_sr0.667_x0.5_N4000_L24_T400000_seed3.npz,bidisperse,3,0.005,0.6666666666666666,0.5,0.6570196201307916
92000.0,0.9226940065641386,10,0.90975,,0.6125301251542232,0.38445256878968637,2.9372064151260845e-09,bidisperse_a0.005_sr0.667_x0.5_N4000_L24_T400000_seed3.npz,bidisperse,3,0.005,0.6666666666666666,0.5,0.6570196201307916
94000.0,0.9208649092970521,10,0.91025,,0.6183616861452942,0.3734017822549399,3.0882535409038007e-09,bidisperse_a0.005_sr0.667_x0.5_N4000_L24_T400000_seed3.npz,bidisperse,3,0.005,0.6666666666666666,0.5,0.6570196201307916
96000.0,0.9209554603281338,13,0.90875,,0.6046559190701271,0.3688261081344374,2.8879376186660567e-09,bidisperse_a0.005_sr0.667_x0.5_N4000_L24_T400000_seed3.npz,bidisperse,3,0.005,0.6666666666666666,0.5,0.6570196201307916
98000.0,0.9221226033480074,11,0.91275,,0.5999524138098276,0.3884912959381045,2.8604763052454402e-09,bidisperse_a0.005_sr0.667_x0.5_N4000_L24_T400000_seed3.npz,bidisperse,3,0.005,0.6666666666666666,0.5,0.6570196201307916
100000.0,0.923180905465602,9,0.9165,0.5078889720850789,0.5759587057865958,0.39404704752760444,2.8261371490801175e-09,bidisperse_a0.005_sr0.667_x0.5_N4000_L24_T400000_seed3.npz,bidisperse,3,0.005,0.6666666666666666,0.5,0.6570196201307916
102000.0,0.9240359127117398,9,0.97275,,0.5938746291574447,0.38497109826589593,2.8166642539275385e-09,bidisperse_a0.005_sr0.667_x0.5_N4000_L24_T400000_seed3.npz,bidisperse,3,0.005,0.6666666666666666,0.5,0.6570196201307916
104000.0,0.9219458839162121,10,0.9085,,0.6380478473112772,0.3938692886061307,2.8390655462631223e-09,bidisperse_a0.005_sr0.667_x0.5_N4000_L24_T400000_seed3.npz,bidisperse,3,0.005,0.6666666666666666,0.5,0.6570196201307916
106000.0,0.9230850315426814,8,0.9015,,0.6330655897082018,0.39280881500096654,2.9525406196558127e-09,bidisperse_a0.005_sr0.667_x0.5_N4000_L24_T400000_seed3.npz,bidisperse,3,0.005,0.6666666666666666,0.5,0.6570196201307916
108000.0,0.9241844411504547,12,0.89925,,0.5421552466766874,0.40809669992325404,2.8346776058071032e-09,bidisperse_a0.005_sr0.667_x0.5_N4000_L24_T400000_seed3.npz,bidisperse,3,0.005,0.6666666666666666,0.5,0.6570196201307916
110000.0,0.9219223140320576,13,0.9005,,0.5806792104612364,0.3939746197810714,3.316187792572608e-09,bidisperse_a0.005_sr0.667_x0.5_N4000_L24_T400000_seed3.npz,bidisperse,3,0.005,0.6666666666666666,0.5,0.6570196201307916
112000.0,0.9202797745512956,13,0.8975,,0.5308611830929472,0.3809061802658388,3.0302486965366063e-09,bidisperse_a0.005_sr0.667_x0.5_N4000_L24_T400000_seed3.npz,bidisperse,3,0.005,0.6666666666666666,0.5,0.6570196201307916
114000.0,0.9213151844581675,16,0.899,,0.5249484817812315,0.39241724403387224,3.39791387536538e-09,bidisperse_a0.005_sr0.667_x0.5_N4000_L24_T400000_seed3.npz,bidisperse,3,0.005,0.6666666666666666,0.5,0.6570196201307916
116000.0,0.9222678242554069,16,0.91025,,0.5680787049138226,0.39103121677780994,3.7582152525373075e-09,bidisperse_a0.005_sr0.667_x0.5_N4000_L24_T400000_seed3.npz,bidisperse,3,0.005,0.6666666666666666,0.5,0.6570196201307916
118000.0,0.920726839186374,10,0.9765,,0.5388840592976799,0.3799164805283092,3.5871530606320987e-09,bidisperse_a0.005_sr0.667_x0.5_N4000_L24_T400000_seed3.npz,bidisperse,3,0.005,0.6666666666666666,0.5,0.6570196201307916
120000.0,0.9196844879692123,12,0.96875,,0.5892581125151786,0.3755356447214647,3.2420126531152417e-09,bidisperse_a0.005_sr0.667_x0.5_N4000_L24_T400000_seed3.npz,bidisperse,3,0.005,0.6666666666666666,0.5,0.6570196201307916
122000.0,0.9199183510078941,9,0.9705,,0.6010639268505078,0.4050233979562602,3.3165188454031337e-09,bidisperse_a0.005_sr0.667_x0.5_N4000_L24_T400000_seed3.npz,bidisperse,3,0.005,0.6666666666666666,0.5,0.6570196201307916
124000.0,0.920689356287044,13,0.94375,,0.5914187356434728,0.3819672131147541,3.336397660616277e-09,bidisperse_a0.005_sr0.667_x0.5_N4000_L24_T400000_seed3.npz,bidisperse,3,0.005,0.6666666666666666,0.5,0.6570196201307916
126000.0,0.9193379521617459,13,0.881,,0.5458522032735578,0.3911668902088523,3.254969708023175e-09,bidisperse_a0.005_sr0.667_x0.5_N4000_L24_T400000_seed3.npz,bidisperse,3,0.005,0.6666666666666666,0.5,0.6570196201307916
128000.0,0.9184665195346968,12,0.8805,,0.5254420171858695,0.3966571155682903,2.835739801127438e-09,bidisperse_a0.005_sr0.667_x0.5_N4000_L24_T400000_seed3.npz,bidisperse,3,0.005,0.6666666666666666,0.5,0.6570196201307916
130000.0,0.9186123071800888,13,0.8815,,0.5072001357761375,0.37936691758347807,2.9492568336346535e-09,bidisperse_a0.005_sr0.667_x0.5_N4000_L24_T400000_seed3.npz,bidisperse,3,0.005,0.6666666666666666,0.5,0.6570196201307916
132000.0,0.9210967278339427,12,0.8805,,0.6078021473915516,0.3733462095605987,2.9314965893054148e-09,bidisperse_a0.005_sr0.667_x0.5_N4000_L24_T400000_seed3.npz,bidisperse,3,0.005,0.6666666666666666,0.5,0.6570196201307916
134000.0,0.9224292381545933,13,0.88075,,0.6634481918354521,0.38261700095510986,2.7963553680825746e-09,bidisperse_a0.005_sr0.667_x0.5_N4000_L24_T400000_seed3.npz,bidisperse,3,0.005,0.6666666666666666,0.5,0.6570196201307916
136000.0,0.9191017114366061,14,0.88475,,0.5692692926279735,0.37271584646620903,3.084178833937103e-09,bidisperse_a0.005_sr0.667_x0.5_N4000_L24_T400000_seed3.npz,bidisperse,3,0.005,0.6666666666666666,0.5,0.6570196201307916
138000.0,0.9203885866491438,13,0.899,,0.5526381559847751,0.37512091313600304,2.7956642180057726e-09,bidisperse_a0.005_sr0.667_x0.5_N4000_L24_T400000_seed3.npz,bidisperse,3,0.005,0.6666666666666666,0.5,0.6570196201307916
140000.0,0.9183117884394761,9,0.91025,,0.577642838646629,0.36239729337844373,2.9165022111193186e-09,bidisperse_a0.005_sr0.667_x0.5_N4000_L24_T400000_seed3.npz,bidisperse,3,0.005,0.6666666666666666,0.5,0.6570196201307916
142000.0,0.9183166012961903,10,0.921,,0.5921962226163464,0.3596711798839458,2.543006260362317e-09,bidisperse_a0.005_sr0.667_x0.5_N4000_L24_T400000_seed3.npz,bidisperse,3,0.005,0.6666666666666666,0.5,0.6570196201307916
144000.0,0.9184706122784667,10,0.921,,0.5778952904451189,0.37319468515309073,2.2846834316297664e-09,bidisperse_a0.005_sr0.667_x0.5_N4000_L24_T400000_seed3.npz,bidisperse,3,0.005,0.6666666666666666,0.5,0.6570196201307916
146000.0,0.9202656480224419,9,0.92025,,0.5138996803230356,0.3678997960967084,2.3072836902745967e-09,bidisperse_a0.005_sr0.667_x0.5_N4000_L24_T400000_seed3.npz,bidisperse,3,0.005,0.6666666666666666,0.5,0.6570196201307916
148000.0,0.9196074298961614,7,0.9265,,0.55273467079686,0.3738000581789974,1.8612010246801847e-09,bidisperse_a0.005_sr0.667_x0.5_N4000_L24_T400000_seed3.npz,bidisperse,3,0.005,0.6666666666666666,0.5,0.6570196201307916
150000.0,0.9201894937547844,8,0.92975,,0.5588162993548642,0.37568794052331755,2.2361894965907273e-09,bidisperse_a0.005_sr0.667_x0.5_N4000_L24_T400000_seed3.npz,bidisperse,3,0.005,0.6666666666666666,0.5,0.6570196201307916
152000.0,0.9182234288044914,8,0.9265,,0.5906853814194185,0.37548076923076923,2.583342562465905e-09,bidisperse_a0.005_sr0.667_x0.5_N4000_L24_T400000_seed3.npz,bidisperse,3,0.005,0.6666666666666666,0.5,0.6570196201307916
154000.0,0.9203191129790994,8,0.92625,,0.5776283894087072,0.37195180722891563,2.1161922669691634e-09,bidisperse_a0.005_sr0.667_x0.5_N4000_L24_T400000_seed3.npz,bidisperse,3,0.005,0.6666666666666666,0.5,0.6570196201307916
156000.0,0.9196523373169039,12,0.92925,,0.5628716678934472,0.37231780398221537,2.5468392471400243e-09,bidisperse_a0.005_sr0.667_x0.5_N4000_L24_T400000_seed3.npz,bidisperse,3,0.005,0.6666666666666666,0.5,0.6570196201307916
158000.0,0.9202321074933664,11,0.92675,,0.5968954785031161,0.38450405248938635,2.88902352916255e-09,bidisperse_a0.005_sr0.667_x0.5_N4000_L24_T400000_seed3.npz,bidisperse,3,0.005,0.6666666666666666,0.5,0.6570196201307916
160000.0,0.9211111450556926,9,0.92975,,0.5852918800687651,0.39383758878863506,2.6239914516328733e-09,bidisperse_a0.005_sr0.667_x0.5_N4000_L24_T400000_seed3.npz,bidisperse,3,0.005,0.6666666666666666,0.5,0.6570196201307916
162000.0,0.9169570835129619,12,0.93025,,0.6018119474672242,0.38026810685697754,2.677092548146257e-09,bidisperse_a0.005_sr0.667_x0.5_N4000_L24_T400000_seed3.npz,bidisperse,3,0.005,0.6666666666666666,0.5,0.6570196201307916
164000.0,0.9202940928081139,15,0.858,,0.5919363977697976,0.37996146435452793,2.7435958520978217e-09,bidisperse_a0.005_sr0.667_x0.5_N4000_L24_T400000_seed3.npz,bidisperse,3,0.005,0.6666666666666666,0.5,0.6570196201307916
166000.0,0.9227344443057264,12,0.85925,,0.5785216820151242,0.3908045977011494,3.188150492278693e-09,bidisperse_a0.005_sr0.667_x0.5_N4000_L24_T400000_seed3.npz,bidisperse,3,0.005,0.6666666666666666,0.5,0.6570196201307916
168000.0,0.922192053900237,10,0.8615,,0.6218188489667148,0.37376573088092935,2.517725754451503e-09,bidisperse_a0.005_sr0.667_x0.5_N4000_L24_T400000_seed3.npz,bidisperse,3,0.005,0.6666666666666666,0.5,0.6570196201307916
170000.0,0.9213732729905451,14,0.927,,0.6088481818390444,0.36492151701277176,3.111173030994826e-09,bidisperse_a0.005_sr0.667_x0.5_N4000_L24_T400000_seed3.npz,bidisperse,3,0.005,0.6666666666666666,0.5,0.6570196201307916
172000.0,0.9202686733764747,12,0.9825,,0.606851545613597,0.3871619670869021,3.241304374215345e-09,bidisperse_a0.005_sr0.667_x0.5_N4000_L24_T400000_seed3.npz,bidisperse,3,0.005,0.6666666666666666,0.5,0.6570196201307916
174000.0,0.9209206481409457,15,0.83025,,0.6486930522087321,0.37333075285465456,2.4059859541598055e-09,bidisperse_a0.005_sr0.667_x0.5_N4000_L24_T400000_seed3.npz,bidisperse,3,0.005,0.6666666666666666,0.5,0.6570196201307916
176000.0,0.9204397149218195,10,0.8315,,0.6154153301205323,0.3819585142305837,2.662806376228652e-09,bidisperse_a0.005_sr0.667_x0.5_N4000_L24_T400000_seed3.npz,bidisperse,3,0.005,0.6666666666666666,0.5,0.6570196201307916
178000.0,0.9215759042335443,11,0.8285,,0.6177691797193974,0.3799961195188203,2.9723603207981565e-09,bidisperse_a0.005_sr0.667_x0.5_N4000_L24_T400000_seed3.npz,bidisperse,3,0.005,0.6666666666666666,0.5,0.6570196201307916
180000.0,0.9184772783639361,11,0.82875,,0.5800394410180593,0.3765354483025438,2.6260412384685656e-09,bidisperse_a0.005_sr0.667_x0.5_N4000_L24_T400000_seed3.npz,bidisperse,3,0.005,0.6666666666666666,0.5,0.6570196201307916
182000.0,0.9218435296116991,12,0.82975,,0.5692722439144811,0.3747450218552696,2.8974191440122148e-09,bidisperse_a0.005_sr0.667_x0.5_N4000_L24_T400000_seed3.npz,bidisperse,3,0.005,0.6666666666666666,0.5,0.6570196201307916
184000.0,0.91911903650984,13,0.8285,,0.5825257980312043,0.39556840077071287,2.6228336092824075e-09,bidisperse_a0.005_sr0.667_x0.5_N4000_L24_T400000_seed3.npz,bidisperse,3,0.005,0.6666666666666666,0.5,0.6570196201307916
186000.0,0.9192897511918925,16,0.805,,0.5361570393161524,0.3811411992263056,2.769645631142716e-09,bidisperse_a0.005_sr0.667_x0.5_N4000_L24_T400000_seed3.npz,bidisperse,3,0.005,0.6666666666666666,0.5,0.6570196201307916
188000.0,0.9207878443888944,14,0.8045,,0.5413087968400186,0.37317500486665367,1.9766279317327644e-09,bidisperse_a0.005_sr0.667_x0.5_N4000_L24_T400000_seed3.npz,bidisperse,3,0.005,0.6666666666666666,0.5,0.6570196201307916
190000.0,0.9196238308879588,12,0.82675,,0.5669867096897261,0.36978963770938844,2.079310149926686e-09,bidisperse_a0.005_sr0.667_x0.5_N4000_L24_T400000_seed3.npz,bidisperse,3,0.005,0.6666666666666666,0.5,0.6570196201307916
192000.0,0.9194804806437581,15,0.78525,,0.6146426638287049,0.37288793940570986,2.6458077403437612e-09,bidisperse_a0.005_sr0.667_x0.5_N4000_L24_T400000_seed3.npz,bidisperse,3,0.005,0.6666666666666666,0.5,0.6570196201307916
194000.0,0.9169091903487935,18,0.93275,,0.5184851814072796,0.3746847720659554,3.2496939751350155e-09,bidisperse_a0.005_sr0.667_x0.5_N4000_L24_T400000_seed3.npz,bidisperse,3,0.005,0.6666666666666666,0.5,0.6570196201307916
196000.0,0.9177702522675737,15,0.9505,,0.5313241108557397,0.38069989395546133,3.5906179201691386e-09,bidisperse_a0.005_sr0.667_x0.5_N4000_L24_T400000_seed3.npz,bidisperse,3,0.005,0.6666666666666666,0.5,0.6570196201307916
198000.0,0.916823372684077,14,0.95225,,0.5779097100772455,0.38260534181853245,2.9061803553364636e-09,bidisperse_a0.005_sr0.667_x0.5_N4000_L24_T400000_seed3.npz,bidisperse,3,0.005,0.6666666666666666,0.5,0.6570196201307916
200000.0,0.9169940475094035,13,0.95175,0.512112402821884,0.5911989149753801,0.38378953477125444,3.390086473164838e-09,bidisperse_a0.005_sr0.667_x0.5_N4000_L24_T400000_seed3.npz,bidisperse,3,0.005,0.6666666666666666,0.5,0.6570196201307916
202000.0,0.9159723445789107,13,0.951,,0.5113147171401558,0.3821239788563191,3.28020846337436e-09,bidisperse_a0.005_sr0.667_x0.5_N4000_L24_T400000_seed3.npz,bidisperse,3,0.005,0.6666666666666666,0.5,0.6570196201307916
204000.0,0.9145333780353193,18,0.94775,,0.5545518128262877,0.37192711848067095,2.759829262581038e-09,bidisperse_a0.005_sr0.667_x0.5_N4000_L24_T400000_seed3.npz,bidisperse,3,0.005,0.6666666666666666,0.5,0.6570196201307916
206000.0,0.9160016178348956,19,0.949,,0.546446897221711,0.38014061446595393,3.505101026575031e-09,bidisperse_a0.005_sr0.667_x0.5_N4000_L24_T400000_seed3.npz,bidisperse,3,0.005,0.6666666666666666,0.5,0.6570196201307916
208000.0,0.9159236705099073,18,0.94875,,0.5627598971260214,0.36866537717601544,3.4858682052428063e-09,bidisperse_a0.005_sr0.667_x0.5_N4000_L24_T400000_seed3.npz,bidisperse,3,0.005,0.6666666666666666,0.5,0.6570196201307916
210000.0,0.9116244534666983,19,0.944,,0.5360671519943286,0.37732395722955403,4.07804326233369e-09,bidisperse_a0.005_sr0.667_x0.5_N4000_L24_T400000_seed3.npz,bidisperse,3,0.005,0.6666666666666666,0.5,0.6570196201307916
212000.0,0.9121610282541027,21,0.95625,,0.5487498287805723,0.37572254335260113,4.7926783065250665e-09,bidisperse_a0.005_sr0.667_x0.5_N4000_L24_T400000_seed3.npz,bidisperse,3,0.005,0.6666666666666666,0.5,0.6570196201307916
214000.0,0.9115091933785894,19,0.96025,,0.4871413669824019,0.38253558803859755,3.984303216228171e-09,bidisperse_a0.005_sr0.667_x0.5_N4000_L24_T400000_seed3.npz,bidisperse,3,0.005,0.6666666666666666,0.5,0.6570196201307916
216000.0,0.9105904525575641,24,0.95925,,0.46807052192106813,0.3777756508422665,3.5557181830125736e-09,bidisperse_a0.005_sr0.667_x0.5_N4000_L24_T400000_seed3.npz,bidisperse,3,0.005,0.6666666666666666,0.5,0.6570196201307916
218000.0,0.9119088046838971,19,0.95925,,0.5231623488630185,0.3774017780326928,3.2161222623268363e-09,bidisperse_a0.005_sr0.667_x0.5_N4000_L24_T400000_seed3.npz,bidisperse,3,0.005,0.6666666666666666,0.5,0.6570196201307916
220000.0,0.9068009888323197,22,0.9595,,0.5639745111335434,0.36967550492964485,2.67905250634913e-09,bidisperse_a0.005_sr0.667_x0.5_N4000_L24_T400000_seed3.npz,bidisperse,3,0.005,0.6666666666666666,0.5,0.6570196201307916
222000.0,0.9098544956733369,17,0.96625,,0.541730204514418,0.36301958910654564,3.3084028314526572e-09,bidisperse_a0.005_sr0.667_x0.5_N4000_L24_T400000_seed3.npz,bidisperse,3,0.005,0.6666666666666666,0.5,0.6570196201307916
224000.0,0.9097836798574871,18,0.96675,,0.5103049520161836,0.3531273983115887,2.623723015590443e-09,bidisperse_a0.005_sr0.667_x0.5_N4000_L24_T400000_seed3.npz,bidisperse,3,0.005,0.6666666666666666,0.5,0.6570196201307916
226000.0,0.9088451211619576,17,0.93375,,0.5246705405812995,0.35591915303176136,2.8089041401907767e-09,bidisperse_a0.005_sr0.667_x0.5_N4000_L24_T400000_seed3.npz,bidisperse,3,0.005,0.6666666666666666,0.5,0.6570196201307916
228000.0,0.9101364951360972,19,0.968,,0.5491547467961115,0.3600811123986095,2.976119740457757e-09,bidisperse_a0.005_sr0.667_x0.5_N4000_L24_T400000_seed3.npz,bidisperse,3,0.005,0.6666666666666666,0.5,0.6570196201307916
230000.0,0.9099828399050327,18,0.96775,,0.5956849098169027,0.35894706280847766,3.0945797606172997e-09,bidisperse_a0.005_sr0.667_x0.5_N4000_L24_T400000_seed3.npz,bidisperse,3,0.005,0.6666666666666666,0.5,0.6570196201307916
232000.0,0.912655401793606,19,0.928,,0.5913760337183208,0.3722914669223394,2.93427811632009e-09,bidisperse_a0.005_sr0.667_x0.5_N4000_L24_T400000_seed3.npz,bidisperse,3,0.005,0.6666666666666666,0.5,0.6570196201307916
234000.0,0.9104580869307971,19,0.93025,,0.5316084734275285,0.3705084097859327,3.194383094359936e-09,bidisperse_a0.005_sr0.667_x0.5_N4000_L24_T400000_seed3.npz,bidisperse,3,0.005,0.6666666666666666,0.5,0.6570196201307916
236000.0,0.9110552162261766,16,0.93125,,0.5483493558867403,0.36383629757123737,3.3660451901382817e-09,bidisperse_a0.005_sr0.667_x0.5_N4000_L24_T400000_seed3.npz,bidisperse,3,0.005,0.6666666666666666,0.5,0.6570196201307916
238000.0,0.9114883889781029,17,0.9255,,0.5082799463789477,0.3567834333268821,2.9778628447570435e-09,bidisperse_a0.005_sr0.667_x0.5_N4000_L24_T400000_seed3.npz,bidisperse,3,0.005,0.6666666666666666,0.5,0.6570196201307916
240000.0,0.911559352772957,17,0.92625,,0.5335579792560126,0.3667502894635276,3.261898445098191e-09,bidisperse_a0.005_sr0.667_x0.5_N4000_L24_T400000_seed3.npz,bidisperse,3,0.005,0.6666666666666666,0.5,0.6570196201307916
242000.0,0.9133835209864402,21,0.92725,,0.5205359504908152,0.35065438681531746,3.349597171296918e-09,bidisperse_a0.005_sr0.667_x0.5_N4000_L24_T400000_seed3.npz,bidisperse,3,0.005,0.6666666666666666,0.5,0.6570196201307916
244000.0,0.911367808311832,26,0.9285,,0.5889378506918835,0.35312892929683726,3.1320375152983476e-09,bidisperse_a0.005_sr0.667_x0.5_N4000_L24_T400000_seed3.npz,bidisperse,3,0.005,0.6666666666666666,0.5,0.6570196201307916
246000.0,0.9106144718292507,19,0.9345,,0.5427648230657938,0.36349663784822284,2.7164829408984153e-09,bidisperse_a0.005_sr0.667_x0.5_N4000_L24_T400000_seed3.npz,bidisperse,3,0.005,0.6666666666666666,0.5,0.6570196201307916
248000.0,0.9087981485582226,23,0.9085,,0.5022366268158724,0.3592906707787201,3.5132558391058674e-09,bidisperse_a0.005_sr0.667_x0.5_N4000_L24_T400000_seed3.npz,bidisperse,3,0.005,0.6666666666666666,0.5,0.6570196201307916
250000.0,0.9087016724477496,20,0.934,,0.49983253712281567,0.3587145338737695,4.2916780200748905e-09,bidisperse_a0.005_sr0.667_x0.5_N4000_L24_T400000_seed3.npz,bidisperse,3,0.005,0.6666666666666666,0.5,0.6570196201307916
252000.0,0.9076631252175476,20,0.9255,,0.507221577963833,0.35174811666988604,4.235194371434447e-09,bidisperse_a0.005_sr0.667_x0.5_N4000_L24_T400000_seed3.npz,bidisperse,3,0.005,0.6666666666666666,0.5,0.6570196201307916
254000.0,0.9084571938342222,18,0.92425,,0.49265264649609725,0.3530491930028028,4.939460176566071e-09,bidisperse_a0.005_sr0.667_x0.5_N4000_L24_T400000_seed3.npz,bidisperse,3,0.005,0.6666666666666666,0.5,0.6570196201307916
256000.0,0.9042413316544543,23,0.91625,,0.5325916998761278,0.34426070038910506,4.605173175354242e-09,bidisperse_a0.005_sr0.667_x0.5_N4000_L24_T400000_seed3.npz,bidisperse,3,0.005,0.6666666666666666,0.5,0.6570196201307916
258000.0,0.907540217972074,20,0.9125,,0.4756039733518559,0.34468085106382984,4.952195961927124e-09,bidisperse_a0.005_sr0.667_x0.5_N4000_L24_T400000_seed3.npz,bidisperse,3,0.005,0.6666666666666666,0.5,0.6570196201307916
260000.0,0.9074607314187886,21,0.904,,0.5232009888117838,0.3617773530817009,5.132564462897633e-09,bidisperse_a0.005_sr0.667_x0.5_N4000_L24_T400000_seed3.npz,bidisperse,3,0.005,0.6666666666666666,0.5,0.6570196201307916
262000.0,0.907017174042112,20,0.90575,,0.494105587645796,0.3547891247958498,4.140531858698517e-09,bidisperse_a0.005_sr0.667_x0.5_N4000_L24_T400000_seed3.npz,bidisperse,3,0.005,0.6666666666666666,0.5,0.6570196201307916
264000.0,0.9089758240615234,19,0.91,,0.5329420674225172,0.3373622123380391,4.208869868191574e-09,bidisperse_a0.005_sr0.667_x0.5_N4000_L24_T400000_seed3.npz,bidisperse,3,0.005,0.6666666666666666,0.5,0.6570196201307916
266000.0,0.9074490058466489,18,0.91125,,0.5523593552982735,0.34177093358999033,4.220442342726713e-09,bidisperse_a0.005_sr0.667_x0.5_N4000_L24_T400000_seed3.npz,bidisperse,3,0.005,0.6666666666666666,0.5,0.6570196201307916
268000.0,0.9092272853764952,17,0.856,,0.5456968319047621,0.3447743925954493,4.5572107838046855e-09,bidisperse_a0.005_sr0.667_x0.5_N4000_L24_T400000_seed3.npz,bidisperse,3,0.005,0.6666666666666666,0.5,0.6570196201307916
270000.0,0.9061489732061013,16,0.859,,0.5176773215849507,0.3504650493815322,3.6908049629211613e-09,bidisperse_a0.005_sr0.667_x0.5_N4000_L24_T400000_seed3.npz,bidisperse,3,0.005,0.6666666666666666,0.5,0.6570196201307916
272000.0,0.9091854750276954,17,0.85875,,0.5798872705966625,0.34749109120678034,3.2739585465228393e-09,bidisperse_a0.005_sr0.667_x0.5_N4000_L24_T400000_seed3.npz,bidisperse,3,0.005,0.6666666666666666,0.5,0.6570196201307916
274000.0,0.90705074293548,19,0.80325,,0.5816518437585313,0.3460797534193797,3.3028351282255637e-09,bidisperse_a0.005_sr0.667_x0.5_N4000_L24_T400000_seed3.npz,bidisperse,3,0.005,0.6666666666666666,0.5,0.6570196201307916
276000.0,0.9077955401838805,18,0.8585,,0.5330383277730683,0.34930388862217954,3.2905890527632647e-09,bidisperse_a0.005_sr0.667_x0.5_N4000_L24_T400000_seed3.npz,bidisperse,3,0.005,0.6666666666666666,0.5,0.6570196201307916
278000.0,0.9057288599329245,20,0.8585,,0.5754568932039508,0.3508165225744476,3.9686736172599805e-09,bidisperse_a0.005_sr0.667_x0.5_N4000_L24_T400000_seed3.npz,bidisperse,3,0.005,0.6666666666666666,0.5,0.6570196201307916
280000.0,0.9050567489678105,21,0.856,,0.5205850043544759,0.3407972203455265,3.4267387614971754e-09,bidisperse_a0.005_sr0.667_x0.5_N4000_L24_T400000_seed3.npz,bidisperse,3,0.005,0.6666666666666666,0.5,0.6570196201307916
282000.0,0.9070326924691443,21,0.85825,,0.5051934492364667,0.3475539291217258,4.202101521633464e-09,bidisperse_a0.005_sr0.667_x0.5_N4000_L24_T400000_seed3.npz,bidisperse,3,0.005,0.6666666666666666,0.5,0.6570196201307916
284000.0,0.9067808110453313,14,0.8615,,0.5121990419551918,0.3457692307692307,3.487504763276849e-09,bidisperse_a0.005_sr0.667_x0.5_N4000_L24_T400000_seed3.npz,bidisperse,3,0.005,0.6666666666666666,0.5,0.6570196201307916
286000.0,0.9061733528063376,14,0.904,,0.4997322329002537,0.3312415524232477,3.2081678163332716e-09,bidisperse_a0.005_sr0.667_x0.5_N4000_L24_T400000_seed3.npz,bidisperse,3,0.005,0.6666666666666666,0.5,0.6570196201307916
288000.0,0.9069224525486126,15,0.89225,,0.5256138142136829,0.34204458109146807,2.659150683468694e-09,bidisperse_a0.005_sr0.667_x0.5_N4000_L24_T400000_seed3.npz,bidisperse,3,0.005,0.6666666666666666,0.5,0.6570196201307916
290000.0,0.9070833016070263,18,0.88825,,0.50869719466222,0.34867851994233545,2.803425575720373e-09,bidisperse_a0.005_sr0.667_x0.5_N4000_L24_T400000_seed3.npz,bidisperse,3,0.005,0.6666666666666666,0.5,0.6570196201307916
292000.0,0.9063113336657508,14,0.8875,,0.5683177792815823,0.3400386847195358,3.2888884175062744e-09,bidisperse_a0.005_sr0.667_x0.5_N4000_L24_T400000_seed3.npz,bidisperse,3,0.005,0.6666666666666666,0.5,0.6570196201307916
294000.0,0.9082404394333099,19,0.8865,,0.5233253133793796,0.3425558672729032,3.600067962527812e-09,bidisperse_a0.005_sr0.667_x0.5_N4000_L24_T400000_seed3.npz,bidisperse,3,0.005,0.6666666666666666,0.5,0.6570196201307916
296000.0,0.9074283202328542,12,0.88825,,0.5087806874232417,0.3476792434623178,3.792242718098976e-09,bidisperse_a0.005_sr0.667_x0.5_N4000_L24_T400000_seed3.npz,bidisperse,3,0.005,0.6666666666666666,0.5,0.6570196201307916
298000.0,0.906903439678896,17,0.89175,,0.5001912461344213,0.34700163634613534,3.747567565142331e-09,bidisperse_a0.005_sr0.667_x0.5_N4000_L24_T400000_seed3.npz,bidisperse,3,0.005,0.6666666666666666,0.5,0.6570196201307916
300000.0,0.90759675808755,14,0.89275,0.4969316284025058,0.5449487053543386,0.33983474250576484,3.3226330276737028e-09,bidisperse_a0.005_sr0.667_x0.5_N4000_L24_T400000_seed3.npz,bidisperse,3,0.005,0.6666666666666666,0.5,0.6570196201307916
302000.0,0.9071336515931623,17,0.89325,,0.5177804769078835,0.3489191505570898,3.0662457112128907e-09,bidisperse_a0.005_sr0.667_x0.5_N4000_L24_T400000_seed3.npz,bidisperse,3,0.005,0.6666666666666666,0.5,0.6570196201307916
304000.0,0.9037200743983321,18,0.8925,,0.51246821750043,0.35586272640610106,2.7524393230999478e-09,bidisperse_a0.005_sr0.667_x0.5_N4000_L24_T400000_seed3.npz,bidisperse,3,0.005,0.6666666666666666,0.5,0.6570196201307916
306000.0,0.9072688979590734,17,0.89225,,0.5158123205581832,0.3422754028756152,2.9711096885199958e-09,bidisperse_a0.005_sr0.667_x0.5_N4000_L24_T400000_seed3.npz,bidisperse,3,0.005,0.6666666666666666,0.5,0.6570196201307916
308000.0,0.9080763323143394,17,0.88925,,0.5230438470946878,0.33526122999807206,2.962656650359218e-09,bidisperse_a0.005_sr0.667_x0.5_N4000_L24_T400000_seed3.npz,bidisperse,3,0.005,0.6666666666666666,0.5,0.6570196201307916
310000.0,0.9050337941244361,12,0.89025,,0.594536808840621,0.34808315849704363,3.8483212870376e-09,bidisperse_a0.005_sr0.667_x0.5_N4000_L24_T400000_seed3.npz,bidisperse,3,0.005,0.6666666666666666,0.5,0.6570196201307916
312000.0,0.9060638210760765,15,0.8915,,0.5317894643006574,0.3573132334700887,3.826630814467602e-09,bidisperse_a0.005_sr0.667_x0.5_N4000_L24_T400000_seed3.npz,bidisperse,3,0.005,0.6666666666666666,0.5,0.6570196201307916
314000.0,0.9052788131912192,18,0.892,,0.48303380780580696,0.35374019514061605,3.87950812003127e-09,bidisperse_a0.005_sr0.667_x0.5_N4000_L24_T400000_seed3.npz,bidisperse,3,0.005,0.6666666666666666,0.5,0.6570196201307916
316000.0,0.9053151375076646,18,0.89625,,0.4964430435326476,0.33698893698893695,3.860480381993845e-09,bidisperse_a0.005_sr0.667_x0.5_N4000_L24_T400000_seed3.npz,bidisperse,3,0.005,0.6666666666666666,0.5,0.6570196201307916
318000.0,0.9041630370139677,15,0.908,,0.5160306549700825,0.3310778153697438,4.142882915217456e-09,bidisperse_a0.005_sr0.667_x0.5_N4000_L24_T400000_seed3.npz,bidisperse,3,0.005,0.6666666666666666,0.5,0.6570196201307916
320000.0,0.9058015196190636,20,0.898,,0.4757255554943085,0.3424289008455035,4.140400032079351e-09,bidisperse_a0.005_sr0.667_x0.5_N4000_L24_T400000_seed3.npz,bidisperse,3,0.005,0.6666666666666666,0.5,0.6570196201307916
322000.0,0.9068617182782602,15,0.8995,,0.5433601059153251,0.34108825225918094,4.525992267843141e-09,bidisperse_a0.005_sr0.667_x0.5_N4000_L24_T400000_seed3.npz,bidisperse,3,0.005,0.6666666666666666,0.5,0.6570196201307916
324000.0,0.9075137844007202,17,0.891,,0.5283385863846898,0.3315301391035549,4.3487733301981195e-09,bidisperse_a0.005_sr0.667_x0.5_N4000_L24_T400000_seed3.npz,bidisperse,3,0.005,0.6666666666666666,0.5,0.6570196201307916
326000.0,0.9073071964301036,20,0.89025,,0.5335537420229005,0.33760724959028243,3.69080967693402e-09,bidisperse_a0.005_sr0.667_x0.5_N4000_L24_T400000_seed3.npz,bidisperse,3,0.005,0.6666666666666666,0.5,0.6570196201307916
328000.0,0.9059404326355421,17,0.89325,,0.4925844677580231,0.3424225028702641,2.7875394632900974e-09,bidisperse_a0.005_sr0.667_x0.5_N4000_L24_T400000_seed3.npz,bidisperse,3,0.005,0.6666666666666666,0.5,0.6570196201307916
330000.0,0.903736687085004,20,0.8915,,0.48754222243565254,0.33208704822164703,3.1325887946501604e-09,bidisperse_a0.005_sr0.667_x0.5_N4000_L24_T400000_seed3.npz,bidisperse,3,0.005,0.6666666666666666,0.5,0.6570196201307916
332000.0,0.9042424674059334,17,0.89425,,0.502753529695358,0.3383581373019683,3.206839547205071e-09,bidisperse_a0.005_sr0.667_x0.5_N4000_L24_T400000_seed3.npz,bidisperse,3,0.005,0.6666666666666666,0.5,0.6570196201307916
334000.0,0.9052864510756939,21,0.8925,,0.4932636761275527,0.335708782742681,2.976538485697111e-09,bidisperse_a0.005_sr0.667_x0.5_N4000_L24_T400000_seed3.npz,bidisperse,3,0.005,0.6666666666666666,0.5,0.6570196201307916
336000.0,0.907899339813153,18,0.894,,0.5362349167951548,0.3372405841660261,3.1123550942616164e-09,bidisperse_a0.005_sr0.667_x0.5_N4000_L24_T400000_seed3.npz,bidisperse,3,0.005,0.6666666666666666,0.5,0.6570196201307916
338000.0,0.9047404762102501,20,0.8945,,0.525297710135183,0.3327239488117002,3.0167167879060513e-09,bidisperse_a0.005_sr0.667_x0.5_N4000_L24_T400000_seed3.npz,bidisperse,3,0.005,0.6666666666666666,0.5,0.6570196201307916
340000.0,0.9062305274122057,17,0.89925,,0.4721250986007092,0.3314362882222437,3.301653435849999e-09,bidisperse_a0.005_sr0.667_x0.5_N4000_L24_T400000_seed3.npz,bidisperse,3,0.005,0.6666666666666666,0.5,0.6570196201307916
342000.0,0.9064680277630055,18,0.89975,,0.522576863211754,0.3282494657081795,3.1288649045858693e-09,bidisperse_a0.005_sr0.667_x0.5_N4000_L24_T400000_seed3.npz,bidisperse,3,0.005,0.6666666666666666,0.5,0.6570196201307916
344000.0,0.9075061122144652,17,0.8995,,0.5294465951108862,0.33122997767207063,2.587023957776362e-09,bidisperse_a0.005_sr0.667_x0.5_N4000_L24_T400000_seed3.npz,bidisperse,3,0.005,0.6666666666666666,0.5,0.6570196201307916
346000.0,0.9062038630713329,18,0.899,,0.5454954781368478,0.3284432004632758,3.2389156425001615e-09,bidisperse_a0.005_sr0.667_x0.5_N4000_L24_T400000_seed3.npz,bidisperse,3,0.005,0.6666666666666666,0.5,0.6570196201307916
348000.0,0.907714867602333,16,0.90375,,0.5756587784788877,0.33368370759675103,3.888454221034601e-09,bidisperse_a0.005_sr0.667_x0.5_N4000_L24_T400000_seed3.npz,bidisperse,3,0.005,0.6666666666666666,0.5,0.6570196201307916
350000.0,0.9077728621810349,19,0.9035,,0.5265932028219368,0.3319267286851444,3.5372478261394145e-09,bidisperse_a0.005_sr0.667_x0.5_N4000_L24_T400000_seed3.npz,bidisperse,3,0.005,0.6666666666666666,0.5,0.6570196201307916
352000.0,0.9072894321896835,18,0.90275,,0.5585503317226679,0.3304163861909799,4.075525196501922e-09,bidisperse_a0.005_sr0.667_x0.5_N4000_L24_T400000_seed3.npz,bidisperse,3,0.005,0.6666666666666666,0.5,0.6570196201307916
354000.0,0.9068142694789083,18,0.91225,,0.5735379622112953,0.3196086029839178,4.242006593159156e-09,bidisperse_a0.005_sr0.667_x0.5_N4000_L24_T400000_seed3.npz,bidisperse,3,0.005,0.6666666666666666,0.5,0.6570196201307916
356000.0,0.9063292144593474,22,0.91125,,0.5816593169777421,0.33188866416257345,3.93495645579895e-09,bidisperse_a0.005_sr0.667_x0.5_N4000_L24_T400000_seed3.npz,bidisperse,3,0.005,0.6666666666666666,0.5,0.6570196201307916
358000.0,0.904837967384762,16,0.91175,,0.5561107995295488,0.32673076923076927,4.168222600805191e-09,bidisperse_a0.005_sr0.667_x0.5_N4000_L24_T400000_seed3.npz,bidisperse,3,0.005,0.6666666666666666,0.5,0.6570196201307916
360000.0,0.905565786548991,13,0.91825,,0.48423533572871713,0.31927420133191775,3.5213536321902778e-09,bidisperse_a0.005_sr0.667_x0.5_N4000_L24_T400000_seed3.npz,bidisperse,3,0.005,0.6666666666666666,0.5,0.6570196201307916
362000.0,0.9046137417347772,16,0.91675,,0.49306838631770533,0.32645981884756214,3.195841507035182e-09,bidisperse_a0.005_sr0.667_x0.5_N4000_L24_T400000_seed3.npz,bidisperse,3,0.005,0.6666666666666666,0.5,0.6570196201307916
364000.0,0.900959129762616,18,0.9175,,0.505959456116032,0.32556796303427027,3.641298199358054e-09,bidisperse_a0.005_sr0.667_x0.5_N4000_L24_T400000_seed3.npz,bidisperse,3,0.005,0.6666666666666666,0.5,0.6570196201307916
366000.0,0.9032400746088847,17,0.88975,,0.4582319132848563,0.31763682073099986,3.165085788488734e-09,bidisperse_a0.005_sr0.667_x0.5_N4000_L24_T400000_seed3.npz,bidisperse,3,0.005,0.6666666666666666,0.5,0.6570196201307916
368000.0,0.9047742831676985,19,0.91775,,0.5148279651829047,0.326601269474899,3.244815724974412e-09,bidisperse_a0.005_sr0.667_x0.5_N4000_L24_T400000_seed3.npz,bidisperse,3,0.005,0.6666666666666666,0.5,0.6570196201307916
370000.0,0.9079563462373205,17,0.919,,0.5403164025325197,0.3238537434706906,3.0054965411827896e-09,bidisperse_a0.005_sr0.667_x0.5_N4000_L24_T400000_seed3.npz,bidisperse,3,0.005,0.6666666666666666,0.5,0.6570196201307916
372000.0,0.9080580339704996,21,0.8945,,0.5094018973283408,0.32878171605655626,2.9548536036761092e-09,bidisperse_a0.005_sr0.667_x0.5_N4000_L24_T400000_seed3.npz,bidisperse,3,0.005,0.6666666666666666,0.5,0.6570196201307916
374000.0,0.9063563065102223,17,0.897,,0.46249666770429043,0.31633148741863404,3.282506257095337e-09,bidisperse_a0.005_sr0.667_x0.5_N4000_L24_T400000_seed3.npz,bidisperse,3,0.005,0.6666666666666666,0.5,0.6570196201307916
376000.0,0.9077229756303623,21,0.8915,,0.5294636137336627,0.31557019668636765,3.8448629387553415e-09,bidisperse_a0.005_sr0.667_x0.5_N4000_L24_T400000_seed3.npz,bidisperse,3,0.005,0.6666666666666666,0.5,0.6570196201307916
378000.0,0.9069910365035923,27,0.89425,,0.5432821598344448,0.33490793405957775,3.737520337577872e-09,bidisperse_a0.005_sr0.667_x0.5_N4000_L24_T400000_seed3.npz,bidisperse,3,0.005,0.6666666666666666,0.5,0.6570196201307916
380000.0,0.9063629354025925,25,0.89875,,0.5176403232725707,0.32771060842433697,4.8907999706140974e-09,bidisperse_a0.005_sr0.667_x0.5_N4000_L24_T400000_seed3.npz,bidisperse,3,0.005,0.6666666666666666,0.5,0.6570196201307916
382000.0,0.9067166190564013,25,0.9075,,0.4784658712053151,0.33219910558040056,4.096003870622184e-09,bidisperse_a0.005_sr0.667_x0.5_N4000_L24_T400000_seed3.npz,bidisperse,3,0.005,0.6666666666666666,0.5,0.6570196201307916
384000.0,0.9088826215899329,23,0.897,,0.48634987468731866,0.33207656612529,3.6032846958992644e-09,bidisperse_a0.005_sr0.667_x0.5_N4000_L24_T400000_seed3.npz,bidisperse,3,0.005,0.6666666666666666,0.5,0.6570196201307916
386000.0,0.9054919614558813,22,0.89925,,0.5342471736191152,0.31808448510803966,3.856903716669913e-09,bidisperse_a0.005_sr0.667_x0.5_N4000_L24_T400000_seed3.npz,bidisperse,3,0.005,0.6666666666666666,0.5,0.6570196201307916
388000.0,0.9091001211376659,18,0.90025,,0.5430451000567054,0.32983031237948324,4.0451653794306335e-09,bidisperse_a0.005_sr0.667_x0.5_N4000_L24_T400000_seed3.npz,bidisperse,3,0.005,0.6666666666666666,0.5,0.6570196201307916
390000.0,0.9099912867756973,20,0.89875,,0.5422671052061548,0.3306288032454361,4.23688162197465e-09,bidisperse_a0.005_sr0.667_x0.5_N4000_L24_T400000_seed3.npz,bidisperse,3,0.005,0.6666666666666666,0.5,0.6570196201307916
392000.0,0.906108573921217,17,0.90225,,0.5018531931194855,0.3350734725444702,3.979980590780551e-09,bidisperse_a0.005_sr0.667_x0.5_N4000_L24_T400000_seed3.npz,bidisperse,3,0.005,0.6666666666666666,0.5,0.6570196201307916
394000.0,0.9072728294734952,18,0.90125,,0.5264371281149736,0.3268505079825834,3.111710162327138e-09,bidisperse_a0.005_sr0.667_x0.5_N4000_L24_T400000_seed3.npz,bidisperse,3,0.005,0.6666666666666666,0.5,0.6570196201307916
396000.0,0.9055168118365253,18,0.90275,,0.5385171236043601,0.3339113680154142,3.368851843914583e-09,bidisperse_a0.005_sr0.667_x0.5_N4000_L24_T400000_seed3.npz,bidisperse,3,0.005,0.6666666666666666,0.5,0.6570196201307916
398000.0,0.9081073331690503,17,0.90475,,0.5012349223684684,0.3291787439613526,3.6318182461493665e-09,bidisperse_a0.005_sr0.667_x0.5_N4000_L24_T400000_seed3.npz,bidisperse,3,0.005,0.6666666666666666,0.5,0.6570196201307916
400000.0,0.9089897100931325,14,0.9055,0.4961025822045069,0.5189799113974869,0.3278656889231957,4.1392236051729005e-09,bidisperse_a0.005_sr0.667_x0.5_N4000_L24_T400000_seed3.npz,bidisperse,3,0.005,0.6666666666666666,0.5,0.6570196201307916
0.0,0.9968316317670646,776,0.007,0.8773346289697828,,,,bidisperse_a0.005_sr0.667_x0.75_N4000_L24_T400000_seed1.npz,bidisperse,1,0.005,0.6666666666666666,0.75,0.6200390341724574
2000.0,0.9760543660843108,82,0.12175,,0.10299888883952091,0.8545517560073937,1.8969141217647906e-08,bidisperse_a0.005_sr0.667_x0.75_N4000_L24_T400000_seed1.npz,bidisperse,1,0.005,0.6666666666666666,0.75,0.6200390341724574
4000.0,0.9692703447690049,58,0.133,,0.6533038516475816,0.6752567140600316,1.5552043939242337e-08,bidisperse_a0.005_sr0.667_x0.75_N4000_L24_T400000_seed1.npz,bidisperse,1,0.005,0.6666666666666666,0.75,0.6200390341724574
6000.0,0.9619166932912224,54,0.237,,0.663203697266613,0.6213217081145348,1.2231249035853975e-08,bidisperse_a0.005_sr0.667_x0.75_N4000_L24_T400000_seed1.npz,bidisperse,1,0.005,0.6666666666666666,0.75,0.6200390341724574
8000.0,0.9573573248498763,50,0.2985,,0.6743843131952396,0.6169197819314642,1.2859349613144739e-08,bidisperse_a0.005_sr0.667_x0.75_N4000_L24_T400000_seed1.npz,bidisperse,1,0.005,0.6666666666666666,0.75,0.6200390341724574
10000.0,0.9553415887186335,64,0.14675,,0.681367783143297,0.5670194875853201,1.3426419137554043e-08,bidisperse_a0.005_sr0.667_x0.75_N4000_L24_T400000_seed1.npz,bidisperse,1,0.005,0.6666666666666666,0.75,0.6200390341724574
12000.0,0.953326986364489,44,0.44325,,0.6846194269184178,0.5625855662037942,1.2695656711141489e-08,bidisperse_a0.005_sr0.667_x0.75_N4000_L24_T400000_seed1.npz,bidisperse,1,0.005,0.6666666666666666,0.75,0.6200390341724574
14000.0,0.9510761192899766,38,0.37725,,0.6798368808403785,0.5601047831570778,1.1057613238007198e-08,bidisperse_a0.005_sr0.667_x0.75_N4000_L24_T400000_seed1.npz,bidisperse,1,0.005,0.6666666666666666,0.75,0.6200390341724574
16000.0,0.9490623390919716,40,0.3645,,0.6552477152024481,0.5563291751281307,1.0577345978665504e-08,bidisperse_a0.005_sr0.667_x0.75_N4000_L24_T400000_seed1.npz,bidisperse,1,0.005,0.6666666666666666,0.75,0.6200390341724574
18000.0,0.9465741071360145,38,0.3275,,0.6282684869870299,0.5449432754775526,1.1686517350730946e-08,bidisperse_a0.005_sr0.667_x0.75_N4000_L24_T400000_seed1.npz,bidisperse,1,0.005,0.6666666666666666,0.75,0.6200390341724574
20000.0,0.9458169113915399,42,0.32,,0.6929934846267625,0.5414198310187432,1.3088529583175288e-08,bidisperse_a0.005_sr0.667_x0.75_N4000_L24_T400000_seed1.npz,bidisperse,1,0.005,0.6666666666666666,0.75,0.6200390341724574
22000.0,0.944475596959819,28,0.26225,,0.6192296158952734,0.5402153876006597,1.333055316409409e-08,bidisperse_a0.005_sr0.667_x0.75_N4000_L24_T400000_seed1.npz,bidisperse,1,0.005,0.6666666666666666,0.75,0.6200390341724574
24000.0,0.9444780128932547,36,0.3035,,0.5978341843518106,0.5343740909531659,1.3755404900929764e-08,bidisperse_a0.005_sr0.667_x0.75_N4000_L24_T400000_seed1.npz,bidisperse,1,0.005,0.6666666666666666,0.75,0.6200390341724574
26000.0,0.9449955284487315,48,0.267,,0.6317038339169474,0.5243533430941922,1.3951718689768326e-08,bidisperse_a0.005_sr0.667_x0.75_N4000_L24_T400000_seed1.npz,bidisperse,1,0.005,0.6666666666666666,0.75,0.6200390341724574
28000.0,0.9422705281528858,51,0.2685,,0.6661707966927636,0.5056190851735016,1.3448476854575347e-08,bidisperse_a0.005_sr0.667_x0.75_N4000_L24_T400000_seed1.npz,bidisperse,1,0.005,0.6666666666666666,0.75,0.6200390341724574
30000.0,0.9414665254259333,34,0.425,,0.6769152278183918,0.509568443663347,1.3941640848193089e-08,bidisperse_a0.005_sr0.667_x0.75_N4000_L24_T400000_seed1.npz,bidisperse,1,0.005,0.6666666666666666,0.75,0.6200390341724574
32000.0,0.940606208886018,43,0.29525,,0.6746060523746598,0.5044014084507042,1.2801245942234125e-08,bidisperse_a0.005_sr0.667_x0.75_N4000_L24_T400000_seed1.npz,bidisperse,1,0.005,0.6666666666666666,0.75,0.6200390341724574
34000.0,0.9392298659962284,42,0.58625,,0.633380486729669,0.5009842519685039,1.2723614042192916e-08,bidisperse_a0.005_sr0.667_x0.75_N4000_L24_T400000_seed1.npz,bidisperse,1,0.005,0.6666666666666666,0.75,0.6200390341724574
36000.0,0.9405804439486118,43,0.4825,,0.6215172200607545,0.5067779960707269,1.3076700196607986e-08,bidisperse_a0.005_sr0.667_x0.75_N4000_L24_T400000_seed1.npz,bidisperse,1,0.005,0.6666666666666666,0.75,0.6200390341724574
38000.0,0.9394431123802319,42,0.72625,,0.6168533469970375,0.49543625478457165,1.3074715125542859e-08,bidisperse_a0.005_sr0.667_x0.75_N4000_L24_T400000_seed1.npz,bidisperse,1,0.005,0.6666666666666666,0.75,0.6200390341724574
40000.0,0.9408676238896051,34,0.5975,,0.6052738214837551,0.4855400354121582,1.3609680315276009e-08,bidisperse_a0.005_sr0.667_x0.75_N4000_L24_T400000_seed1.npz,bidisperse,1,0.005,0.6666666666666666,0.75,0.6200390341724574
42000.0,0.9375138684938721,37,0.6005,,0.6028942859189598,0.5024846536100556,1.0447250491365266e-08,bidisperse_a0.005_sr0.667_x0.75_N4000_L24_T400000_seed1.npz,bidisperse,1,0.005,0.6666666666666666,0.75,0.6200390341724574
44000.0,0.9394046341933255,34,0.59925,,0.6493475484617742,0.4848930743574652,1.0567427358301283e-08,bidisperse_a0.005_sr0.667_x0.75_N4000_L24_T400000_seed1.npz,bidisperse,1,0.005,0.6666666666666666,0.75,0.6200390341724574
46000.0,0.9369877055709741,40,0.563,,0.6214342319803526,0.4895609756097561,1.1803069470787053e-08,bidisperse_a0.005_sr0.667_x0.75_N4000_L24_T400000_seed1.npz,bidisperse,1,0.005,0.6666666666666666,0.75,0.6200390341724574
48000.0,0.9358118588663975,45,0.40425,,0.6119798802080159,0.490625,1.280611421564303e-08,bidisperse_a0.005_sr0.667_x0.75_N4000_L24_T400000_seed1.npz,bidisperse,1,0.005,0.6666666666666666,0.75,0.6200390341724574
50000.0,0.9341024432882414,39,0.58,,0.6189857063522377,0.4939208248224881,1.281144346645414e-08,bidisperse_a0.005_sr0.667_x0.75_N4000_L24_T400000_seed1.npz,bidisperse,1,0.005,0.6666666666666666,0.75,0.6200390341724574
52000.0,0.9305775798199798,50,0.5725,,0.5659563837210052,0.4802644370989695,1.2933185659056276e-08,bidisperse_a0.005_sr0.667_x0.75_N4000_L24_T400000_seed1.npz,bidisperse,1,0.005,0.6666666666666666,0.75,0.6200390341724574
54000.0,0.9333964429047628,49,0.58925,,0.5852471836490375,0.47619047619047616,1.2599066385508142e-08,bidisperse_a0.005_sr0.667_x0.75_N4000_L24_T400000_seed1.npz,bidisperse,1,0.005,0.6666666666666666,0.75,0.6200390341724574
56000.0,0.9337562180581643,50,0.59075,,0.5969032945246673,0.4775319908739213,1.3393751521556308e-08,bidisperse_a0.005_sr0.667_x0.75_N4000_L24_T400000_seed1.npz,bidisperse,1,0.005,0.6666666666666666,0.75,0.6200390341724574
58000.0,0.9347541642849271,57,0.5225,,0.5738035515097731,0.4920058852378617,1.6250273311924893e-08,bidisperse_a0.005_sr0.667_x0.75_N4000_L24_T400000_seed1.npz,bidisperse,1,0.005,0.6666666666666666,0.75,0.6200390341724574
60000.0,0.9312313954606732,46,0.49425,,0.6196326847372824,0.4899158018406109,1.4240377249898509e-08,bidisperse_a0.005_sr0.667_x0.75_N4000_L24_T400000_seed1.npz,bidisperse,1,0.005,0.6666666666666666,0.75,0.6200390341724574
62000.0,0.930525975722794,49,0.586,,0.6284598052326683,0.48185562965868967,1.4336227227932154e-08,bidisperse_a0.005_sr0.667_x0.75_N4000_L24_T400000_seed1.npz,bidisperse,1,0.005,0.6666666666666666,0.75,0.6200390341724574
64000.0,0.9304008877803167,49,0.57575,,0.6326689162786363,0.47512780180888714,1.5187137191749965e-08,bidisperse_a0.005_sr0.667_x0.75_N4000_L24_T400000_seed1.npz,bidisperse,1,0.005,0.6666666666666666,0.75,0.6200390341724574
66000.0,0.9262926548326148,51,0.7125,,0.6092749557916837,0.4722875048962005,1.2518814497423918e-08,bidisperse_a0.005_sr0.667_x0.75_N4000_L24_T400000_seed1.npz,bidisperse,1,0.005,0.6666666666666666,0.75,0.6200390341724574
68000.0,0.9264114455437211,43,0.75675,,0.6113704026112298,0.46215953307393,1.3586579105560058e-08,bidisperse_a0.005_sr0.667_x0.75_N4000_L24_T400000_seed1.npz,bidisperse,1,0.005,0.6666666666666666,0.75,0.6200390341724574
70000.0,0.9274178564920866,48,0.589,,0.5581210431181022,0.459109074958573,1.4262922538051184e-08,bidisperse_a0.005_sr0.667_x0.75_N4000_L24_T400000_seed1.npz,bidisperse,1,0.005,0.6666666666666666,0.75,0.6200390341724574
72000.0,0.928050673786898,44,0.619,,0.5386978613295192,0.4583088667058133,1.4201089999832224e-08,bidisperse_a0.005_sr0.667_x0.75_N4000_L24_T400000_seed1.npz,bidisperse,1,0.005,0.6666666666666666,0.75,0.6200390341724574
74000.0,0.9268419138913688,52,0.589,,0.6011303724502216,0.4630944276961976,1.5472050204374638e-08,bidisperse_a0.005_sr0.667_x0.75_N4000_L24_T400000_seed1.npz,bidisperse,1,0.005,0.6666666666666666,0.75,0.6200390341724574
76000.0,0.9249595434390776,41,0.6775,,0.5978030066439108,0.44796867351933434,1.7698722424684515e-08,bidisperse_a0.005_sr0.667_x0.75_N4000_L24_T400000_seed1.npz,bidisperse,1,0.005,0.6666666666666666,0.75,0.6200390341724574
78000.0,0.9242691856672108,46,0.777,,0.5162601310850288,0.44803111327175493,1.5282489469660904e-08,bidisperse_a0.005_sr0.667_x0.75_N4000_L24_T400000_seed1.npz,bidisperse,1,0.005,0.6666666666666666,0.75,0.6200390341724574
80000.0,0.9234713402510766,40,0.7945,,0.528477296138397,0.4452675699385905,1.3960616660098455e-08,bidisperse_a0.005_sr0.667_x0.75_N4000_L24_T400000_seed1.npz,bidisperse,1,0.005,0.6666666666666666,0.75,0.6200390341724574
82000.0,0.9244384394655848,28,0.7645,,0.5511986900550124,0.45069740410693526,1.1646883844882278e-08,bidisperse_a0.005_sr0.667_x0.75_N4000_L24_T400000_seed1.npz,bidisperse,1,0.005,0.6666666666666666,0.75,0.6200390341724574
84000.0,0.9256623177746952,33,0.75525,,0.6069338395911126,0.4477913579058801,1.1405524889979816e-08,bidisperse_a0.005_sr0.667_x0.75_N4000_L24_T400000_seed1.npz,bidisperse,1,0.005,0.6666666666666666,0.75,0.6200390341724574
86000.0,0.9238403496251552,32,0.807,,0.5837040607733168,0.43655413271245636,9.838171302206829e-09,bidisperse_a0.005_sr0.667_x0.75_N4000_L24_T400000_seed1.npz,bidisperse,1,0.005,0.6666666666666666,0.75,0.6200390341724574
88000.0,0.9227452406443198,47,0.77825,,0.5945122552521225,0.4422983597010579,1.2569062733531108e-08,bidisperse_a0.005_sr0.667_x0.75_N4000_L24_T400000_seed1.npz,bidisperse,1,0.005,0.6666666666666666,0.75,0.6200390341724574
90000.0,0.9241733868229564,43,0.58125,,0.5563187853912817,0.4418899171943498,1.1435383829796168e-08,bidisperse_a0.005_sr0.667_x0.75_N4000_L24_T400000_seed1.npz,bidisperse,1,0.005,0.6666666666666666,0.75,0.6200390341724574
92000.0,0.9241293327322073,44,0.79225,,0.5621615022999046,0.4350859950859951,1.1377756209384431e-08,bidisperse_a0.005_sr0.667_x0.75_N4000_L24_T400000_seed1.npz,bidisperse,1,0.005,0.6666666666666666,0.75,0.6200390341724574
94000.0,0.9251472607400459,47,0.807,,0.5936111941639297,0.43670264965652605,1.3485626718871258e-08,bidisperse_a0.005_sr0.667_x0.75_N4000_L24_T400000_seed1.npz,bidisperse,1,0.005,0.6666666666666666,0.75,0.6200390341724574
96000.0,0.9197184091644512,52,0.814,,0.5587932672294383,0.43784950456195426,1.3629893919487036e-08,bidisperse_a0.005_sr0.667_x0.75_N4000_L24_T400000_seed1.npz,bidisperse,1,0.005,0.6666666666666666,0.75,0.6200390341724574
98000.0,0.9200639583690302,41,0.78325,,0.5208492314265271,0.42886740331491713,1.0980671360221816e-08,bidisperse_a0.005_sr0.667_x0.75_N4000_L24_T400000_seed1.npz,bidisperse,1,0.005,0.6666666666666666,0.75,0.6200390341724574
100000.0,0.9220686456765564,51,0.76775,0.5276917982562287,0.5585444132511637,0.4424035173424524,1.3060002284865071e-08,bidisperse_a0.005_sr0.667_x0.75_N4000_L24_T400000_seed1.npz,bidisperse,1,0.005,0.6666666666666666,0.75,0.6200390341724574
102000.0,0.9211569147315769,46,0.627,,0.5546209979254134,0.43819233408489366,1.53091987986327e-08,bidisperse_a0.005_sr0.667_x0.75_N4000_L24_T400000_seed1.npz,bidisperse,1,0.005,0.6666666666666666,0.75,0.6200390341724574
104000.0,0.9248645265553447,53,0.64825,,0.49564041349808274,0.43736479842674536,1.5441784597012453e-08,bidisperse_a0.005_sr0.667_x0.75_N4000_L24_T400000_seed1.npz,bidisperse,1,0.005,0.6666666666666666,0.75,0.6200390341724574
106000.0,0.92407967298952,40,0.64025,,0.5469880026998741,0.4598158022297625,1.6497673559948816e-08,bidisperse_a0.005_sr0.667_x0.75_N4000_L24_T400000_seed1.npz,bidisperse,1,0.005,0.6666666666666666,0.75,0.6200390341724574
108000.0,0.923984059083441,56,0.62975,,0.5542167528602773,0.4568453828938406,1.43977815874505e-08,bidisperse_a0.005_sr0.667_x0.75_N4000_L24_T400000_seed1.npz,bidisperse,1,0.005,0.6666666666666666,0.75,0.6200390341724574
110000.0,0.9257779174425732,56,0.637,,0.5937553986736497,0.4511787819253438,1.431452121678013e-08,bidisperse_a0.005_sr0.667_x0.75_N4000_L24_T400000_seed1.npz,bidisperse,1,0.005,0.6666666666666666,0.75,0.6200390341724574
112000.0,0.9224208025717563,56,0.638,,0.573051844534,0.45724651892527945,1.4159280688869357e-08,bidisperse_a0.005_sr0.667_x0.75_N4000_L24_T400000_seed1.npz,bidisperse,1,0.005,0.6666666666666666,0.75,0.6200390341724574
114000.0,0.9211174078263942,54,0.61525,,0.5684216053217077,0.4482792624001578,1.3473897270746613e-08,bidisperse_a0.005_sr0.667_x0.75_N4000_L24_T400000_seed1.npz,bidisperse,1,0.005,0.6666666666666666,0.75,0.6200390341724574
116000.0,0.9188558411483465,53,0.80575,,0.5478138872006182,0.4370932754880694,1.3323902677325978e-08,bidisperse_a0.005_sr0.667_x0.75_N4000_L24_T400000_seed1.npz,bidisperse,1,0.005,0.6666666666666666,0.75,0.6200390341724574
118000.0,0.9176024921875,57,0.81175,,0.4986301883495935,0.43015826206625385,1.3259886205264408e-08,bidisperse_a0.005_sr0.667_x0.75_N4000_L24_T400000_seed1.npz,bidisperse,1,0.005,0.6666666666666666,0.75,0.6200390341724574
120000.0,0.9198373496680773,43,0.83875,,0.5383502202768915,0.44049474094273466,1.2601414116401902e-08,bidisperse_a0.005_sr0.667_x0.75_N4000_L24_T400000_seed1.npz,bidisperse,1,0.005,0.6666666666666666,0.75,0.6200390341724574
122000.0,0.9205002310108844,52,0.823,,0.5232607123018255,0.43075117370892024,1.0992530073998511e-08,bidisperse_a0.005_sr0.667_x0.75_N4000_L24_T400000_seed1.npz,bidisperse,1,0.005,0.6666666666666666,0.75,0.6200390341724574
124000.0,0.9181827626948839,50,0.83075,,0.5304833245887203,0.42721301833153613,1.5399832309515393e-08,bidisperse_a0.005_sr0.667_x0.75_N4000_L24_T400000_seed1.npz,bidisperse,1,0.005,0.6666666666666666,0.75,0.6200390341724574
126000.0,0.922321918048367,46,0.837,,0.568215603439916,0.43840438013296834,1.3009574177134255e-08,bidisperse_a0.005_sr0.667_x0.75_N4000_L24_T400000_seed1.npz,bidisperse,1,0.005,0.6666666666666666,0.75,0.6200390341724574
128000.0,0.9190791143230592,46,0.842,,0.5570094835617663,0.43897174254317106,1.178738786927593e-08,bidisperse_a0.005_sr0.667_x0.75_N4000_L24_T400000_seed1.npz,bidisperse,1,0.005,0.6666666666666666,0.75,0.6200390341724574
130000.0,0.9206569613063685,53,0.8795,,0.5507565566643987,0.4284445321752862,1.313995898043169e-08,bidisperse_a0.005_sr0.667_x0.75_N4000_L24_T400000_seed1.npz,bidisperse,1,0.005,0.6666666666666666,0.75,0.6200390341724574
132000.0,0.9204524823597222,62,0.7595,,0.5256204259271079,0.4351542542739242,1.40825727098748e-08,bidisperse_a0.005_sr0.667_x0.75_N4000_L24_T400000_seed1.npz,bidisperse,1,0.005,0.6666666666666666,0.75,0.6200390341724574
134000.0,0.923748733163012,45,0.81775,,0.5420846983911902,0.44211040547142155,1.2486469002703032e-08,bidisperse_a0.005_sr0.667_x0.75_N4000_L24_T400000_seed1.npz,bidisperse,1,0.005,0.6666666666666666,0.75,0.6200390341724574
136000.0,0.9215775291597977,52,0.76875,,0.6044146169757592,0.4309500489715965,1.3734032569111835e-08,bidisperse_a0.005_sr0.667_x0.75_N4000_L24_T400000_seed1.npz,bidisperse,1,0.005,0.6666666666666666,0.75,0.6200390341724574
138000.0,0.9196737472587434,53,0.76075,,0.6156235600416278,0.41853129620502716,1.3002918835022152e-08,bidisperse_a0.005_sr0.667_x0.75_N4000_L24_T400000_seed1.npz,bidisperse,1,0.005,0.6666666666666666,0.75,0.6200390341724574
140000.0,0.9211162421778459,53,0.754,,0.566145608110644,0.4217020859857017,1.5041571882557213e-08,bidisperse_a0.005_sr0.667_x0.75_N4000_L24_T400000_seed1.npz,bidisperse,1,0.005,0.6666666666666666,0.75,0.6200390341724574
142000.0,0.9208275064207433,52,0.75525,,0.5596928382260381,0.4236050248320187,1.433120672955715e-08,bidisperse_a0.005_sr0.667_x0.75_N4000_L24_T400000_seed1.npz,bidisperse,1,0.005,0.6666666666666666,0.75,0.6200390341724574
144000.0,0.9185115259124765,64,0.75675,,0.5964623167514804,0.41820851688693095,1.1337175227028597e-08,bidisperse_a0.005_sr0.667_x0.75_N4000_L24_T400000_seed1.npz,bidisperse,1,0.005,0.6666666666666666,0.75,0.6200390341724574
146000.0,0.915662939122155,48,0.74775,,0.5208786887826596,0.41979522184300344,1.1954462533213961e-08,bidisperse_a0.005_sr0.667_x0.75_N4000_L24_T400000_seed1.npz,bidisperse,1,0.005,0.6666666666666666,0.75,0.6200390341724574
148000.0,0.9144701582070227,46,0.75075,,0.5137983393665863,0.4034469251860556,1.056002313056841e-08,bidisperse_a0.005_sr0.667_x0.75_N4000_L24_T400000_seed1.npz,bidisperse,1,0.005,0.6666666666666666,0.75,0.6200390341724574
150000.0,0.913566349591998,52,0.741,,0.5711770748308986,0.39784313725490195,1.2274395821692663e-08,bidisperse_a0.005_sr0.667_x0.75_N4000_L24_T400000_seed1.npz,bidisperse,1,0.005,0.6666666666666666,0.75,0.6200390341724574
152000.0,0.9156746226094432,57,0.73875,,0.5250426170577013,0.40421757981868345,1.2732936578804217e-08,bidisperse_a0.005_sr0.667_x0.75_N4000_L24_T400000_seed1.npz,bidisperse,1,0.005,0.6666666666666666,0.75,0.6200390341724574
154000.0,0.9168940052988617,54,0.74025,,0.5805645774902328,0.4297455968688846,1.5420204313312273e-08,bidisperse_a0.005_sr0.667_x0.75_N4000_L24_T400000_seed1.npz,bidisperse,1,0.005,0.6666666666666666,0.75,0.6200390341724574
156000.0,0.9158011571689145,67,0.75675,,0.564588161825493,0.4108725625369313,1.3498793135947088e-08,bidisperse_a0.005_sr0.667_x0.75_N4000_L24_T400000_seed1.npz,bidisperse,1,0.005,0.6666666666666666,0.75,0.6200390341724574
158000.0,0.9141060981601447,58,0.76175,,0.5578239054955962,0.4153574234092694,1.4253868085194206e-08,bidisperse_a0.005_sr0.667_x0.75_N4000_L24_T400000_seed1.npz,bidisperse,1,0.005,0.6666666666666666,0.75,0.6200390341724574
160000.0,0.9114456790926027,63,0.75325,,0.5668675406422644,0.4146485528647371,1.4702078307064933e-08,bidisperse_a0.005_sr0.667_x0.75_N4000_L24_T400000_seed1.npz,bidisperse,1,0.005,0.6666666666666666,0.75,0.6200390341724574
162000.0,0.9134809491089121,53,0.75625,,0.53731815322972,0.4070109976433621,1.3082460817771567e-08,bidisperse_a0.005_sr0.667_x0.75_N4000_L24_T400000_seed1.npz,bidisperse,1,0.005,0.6666666666666666,0.75,0.6200390341724574
164000.0,0.9152172271539722,62,0.7495,,0.5290543767634382,0.39403547012781137,1.4154289837012908e-08,bidisperse_a0.005_sr0.667_x0.75_N4000_L24_T400000_seed1.npz,bidisperse,1,0.005,0.6666666666666666,0.75,0.6200390341724574
166000.0,0.9128636160442911,55,0.78075,,0.49280125311821044,0.4050682644141047,1.3823925090752411e-08,bidisperse_a0.005_sr0.667_x0.75_N4000_L24_T400000_seed1.npz,bidisperse,1,0.005,0.6666666666666666,0.75,0.6200390341724574
168000.0,0.9123955294741615,67,0.7725,,0.5711308413405214,0.4065750736015702,1.5064521053406694e-08,bidisperse_a0.005_sr0.667_x0.75_N4000_L24_T400000_seed1.npz,bidisperse,1,0.005,0.6666666666666666,0.75,0.6200390341724574
170000.0,0.9150783958428164,66,0.768,,0.4838137219574556,0.4077468953282082,1.558123566836829e-08,bidisperse_a0.005_sr0.667_x0.75_N4000_L24_T400000_seed1.npz,bidisperse,1,0.005,0.6666666666666666,0.75,0.6200390341724574
172000.0,0.9155716423912765,84,0.7535,,0.542420905920177,0.42063959191681377,1.370837729375193e-08,bidisperse_a0.005_sr0.667_x0.75_N4000_L24_T400000_seed1.npz,bidisperse,1,0.005,0.6666666666666666,0.75,0.6200390341724574
174000.0,0.9134062598608822,61,0.76075,,0.5679630500651932,0.41531138437128123,1.6875475826869275e-08,bidisperse_a0.005_sr0.667_x0.75_N4000_L24_T400000_seed1.npz,bidisperse,1,0.005,0.6666666666666666,0.75,0.6200390341724574
176000.0,0.9131003975895379,57,0.763,,0.515246871892157,0.4065824798647708,1.6182070676172374e-08,bidisperse_a0.005_sr0.667_x0.75_N4000_L24_T400000_seed1.npz,bidisperse,1,0.005,0.6666666666666666,0.75,0.6200390341724574
178000.0,0.9133537625971612,64,0.76375,,0.4867947426585388,0.41106290672451196,1.7583090555030546e-08,bidisperse_a0.005_sr0.667_x0.75_N4000_L24_T400000_seed1.npz,bidisperse,1,0.005,0.6666666666666666,0.75,0.6200390341724574
180000.0,0.911102116724413,78,0.76775,,0.5212793314659095,0.38333999200958846,1.686847999003079e-08,bidisperse_a0.005_sr0.667_x0.75_N4000_L24_T400000_seed1.npz,bidisperse,1,0.005,0.6666666666666666,0.75,0.6200390341724574
182000.0,0.9103686041494311,72,0.78775,,0.48338271262488897,0.4037780401416765,1.733076328651632e-08,bidisperse_a0.005_sr0.667_x0.75_N4000_L24_T400000_seed1.npz,bidisperse,1,0.005,0.6666666666666666,0.75,0.6200390341724574
184000.0,0.9121041853268201,62,0.79225,,0.4932627486753133,0.406516831877515,1.6526505213969013e-08,bidisperse_a0.005_sr0.667_x0.75_N4000_L24_T400000_seed1.npz,bidisperse,1,0.005,0.6666666666666666,0.75,0.6200390341724574
186000.0,0.912526201036682,61,0.799,,0.5264305595083881,0.39990103908955965,1.682037659937517e-08,bidisperse_a0.005_sr0.667_x0.75_N4000_L24_T400000_seed1.npz,bidisperse,1,0.005,0.6666666666666666,0.75,0.6200390341724574
188000.0,0.9108416030232869,56,0.8065,,0.5366696630442188,0.40671420083184784,1.4582894284327725e-08,bidisperse_a0.005_sr0.667_x0.75_N4000_L24_T400000_seed1.npz,bidisperse,1,0.005,0.6666666666666666,0.75,0.6200390341724574
190000.0,0.9133069339468027,62,0.8095,,0.5553630955272133,0.41571274826337934,1.4111965032835756e-08,bidisperse_a0.005_sr0.667_x0.75_N4000_L24_T400000_seed1.npz,bidisperse,1,0.005,0.6666666666666666,0.75,0.6200390341724574
192000.0,0.911204895950387,56,0.8115,,0.5299820448247191,0.3990412835061632,1.3035228465778003e-08,bidisperse_a0.005_sr0.667_x0.75_N4000_L24_T400000_seed1.npz,bidisperse,1,0.005,0.6666666666666666,0.75,0.6200390341724574
194000.0,0.9096739830933188,60,0.80625,,0.5362106901826545,0.40303590541986967,1.483563628902411e-08,bidisperse_a0.005_sr0.667_x0.75_N4000_L24_T400000_seed1.npz,bidisperse,1,0.005,0.6666666666666666,0.75,0.6200390341724574
196000.0,0.9137379989087062,55,0.77375,,0.5218593699205872,0.4004702194357367,1.6526066152762647e-08,bidisperse_a0.005_sr0.667_x0.75_N4000_L24_T400000_seed1.npz,bidisperse,1,0.005,0.6666666666666666,0.75,0.6200390341724574
198000.0,0.9113302433124457,56,0.78425,,0.5454465205631914,0.3907173827355144,1.5554831037842674e-08,bidisperse_a0.005_sr0.667_x0.75_N4000_L24_T400000_seed1.npz,bidisperse,1,0.005,0.6666666666666666,0.75,0.6200390341724574
200000.0,0.9097627038409688,49,0.79325,0.5118179018327106,0.502064697888364,0.3971133216305832,1.603661327578172e-08,bidisperse_a0.005_sr0.667_x0.75_N4000_L24_T400000_seed1.npz,bidisperse,1,0.005,0.6666666666666666,0.75,0.6200390341724574
202000.0,0.9120868253794459,49,0.79675,,0.5015712579824195,0.40172263621407145,1.406448450256996e-08,bidisperse_a0.005_sr0.667_x0.75_N4000_L24_T400000_seed1.npz,bidisperse,1,0.005,0.6666666666666666,0.75,0.6200390341724574
204000.0,0.9096549161502706,43,0.84625,,0.5194233894664122,0.3965667733488507,1.2814174886851679e-08,bidisperse_a0.005_sr0.667_x0.75_N4000_L24_T400000_seed1.npz,bidisperse,1,0.005,0.6666666666666666,0.75,0.6200390341724574
206000.0,0.9118878089319116,53,0.847,,0.5650333402600818,0.4001554756583422,1.3058727066243833e-08,bidisperse_a0.005_sr0.667_x0.75_N4000_L24_T400000_seed1.npz,bidisperse,1,0.005,0.6666666666666666,0.75,0.6200390341724574
208000.0,0.90960839521131,54,0.83875,,0.5832428472464098,0.39173131690071683,1.2103719621191428e-08,bidisperse_a0.005_sr0.667_x0.75_N4000_L24_T400000_seed1.npz,bidisperse,1,0.005,0.6666666666666666,0.75,0.6200390341724574
210000.0,0.9077310552524123,64,0.84275,,0.52612478662327,0.39575971731448767,1.3672066284665992e-08,bidisperse_a0.005_sr0.667_x0.75_N4000_L24_T400000_seed1.npz,bidisperse,1,0.005,0.6666666666666666,0.75,0.6200390341724574
212000.0,0.908878118810614,55,0.85525,,0.5209133018100804,0.39464915719325755,1.4350843437305022e-08,bidisperse_a0.005_sr0.667_x0.75_N4000_L24_T400000_seed1.npz,bidisperse,1,0.005,0.6666666666666666,0.75,0.6200390341724574
214000.0,0.9089583596789321,56,0.9055,,0.5477027428854073,0.3964860907759883,1.5266166921273366e-08,bidisperse_a0.005_sr0.667_x0.75_N4000_L24_T400000_seed1.npz,bidisperse,1,0.005,0.6666666666666666,0.75,0.6200390341724574
216000.0,0.9081628265854153,57,0.90375,,0.5336720898305459,0.38719153936545236,1.461887416295579e-08,bidisperse_a0.005_sr0.667_x0.75_N4000_L24_T400000_seed1.npz,bidisperse,1,0.005,0.6666666666666666,0.75,0.6200390341724574
218000.0,0.9099303154088112,55,0.91375,,0.555339104124472,0.3880027399941286,1.3407348695393813e-08,bidisperse_a0.005_sr0.667_x0.75_N4000_L24_T400000_seed1.npz,bidisperse,1,0.005,0.6666666666666666,0.75,0.6200390341724574
220000.0,0.9066649407417426,52,0.91425,,0.5142032839786411,0.3901581722319859,1.3881421788957997e-08,bidisperse_a0.005_sr0.667_x0.75_N4000_L24_T400000_seed1.npz,bidisperse,1,0.005,0.6666666666666666,0.75,0.6200390341724574
222000.0,0.9095162734540598,47,0.91725,,0.5251431981706411,0.3805474095796676,1.425671861925714e-08,bidisperse_a0.005_sr0.667_x0.75_N4000_L24_T400000_seed1.npz,bidisperse,1,0.005,0.6666666666666666,0.75,0.6200390341724574
224000.0,0.9070292690757847,59,0.91075,,0.5369639293114341,0.4017399710004833,1.3253769757479356e-08,bidisperse_a0.005_sr0.667_x0.75_N4000_L24_T400000_seed1.npz,bidisperse,1,0.005,0.6666666666666666,0.75,0.6200390341724574
226000.0,0.9047295061071656,63,0.895,,0.5099090532828411,0.378102619444717,1.5876590771134076e-08,bidisperse_a0.005_sr0.667_x0.75_N4000_L24_T400000_seed1.npz,bidisperse,1,0.005,0.6666666666666666,0.75,0.6200390341724574
228000.0,0.9060930486954863,53,0.8955,,0.5201129230976094,0.3829890880748247,1.5597283090113504e-08,bidisperse_a0.005_sr0.667_x0.75_N4000_L24_T400000_seed1.npz,bidisperse,1,0.005,0.6666666666666666,0.75,0.6200390341724574
230000.0,0.9062729870149154,58,0.87225,,0.4736934351662757,0.37644768856447686,1.3909254895114222e-08,bidisperse_a0.005_sr0.667_x0.75_N4000_L24_T400000_seed1.npz,bidisperse,1,0.005,0.6666666666666666,0.75,0.6200390341724574
232000.0,0.9019138763248996,66,0.86575,,0.5010689173370189,0.36922325354176844,1.1709091982115239e-08,bidisperse_a0.005_sr0.667_x0.75_N4000_L24_T400000_seed1.npz,bidisperse,1,0.005,0.6666666666666666,0.75,0.6200390341724574
234000.0,0.9015164554155088,54,0.87325,,0.5098158246844087,0.37938767550702024,1.0768076969391873e-08,bidisperse_a0.005_sr0.667_x0.75_N4000_L24_T400000_seed1.npz,bidisperse,1,0.005,0.6666666666666666,0.75,0.6200390341724574
236000.0,0.9024244924486914,68,0.868,,0.4691849680603189,0.35949067219425523,1.3154188272567844e-08,bidisperse_a0.005_sr0.667_x0.75_N4000_L24_T400000_seed1.npz,bidisperse,1,0.005,0.6666666666666666,0.75,0.6200390341724574
238000.0,0.9028324686427078,69,0.861,,0.4873060092124074,0.36563358179678307,1.3067995078536318e-08,bidisperse_a0.005_sr0.667_x0.75_N4000_L24_T400000_seed1.npz,bidisperse,1,0.005,0.6666666666666666,0.75,0.6200390341724574
240000.0,0.9051119477299521,65,0.86775,,0.48115181085366004,0.3608135992925223,1.2440796766948725e-08,bidisperse_a0.005_sr0.667_x0.75_N4000_L24_T400000_seed1.npz,bidisperse,1,0.005,0.6666666666666666,0.75,0.6200390341724574
242000.0,0.9027403069381805,57,0.88625,,0.5161058039193064,0.3547427891763306,1.5095598500246276e-08,bidisperse_a0.005_sr0.667_x0.75_N4000_L24_T400000_seed1.npz,bidisperse,1,0.005,0.6666666666666666,0.75,0.6200390341724574
244000.0,0.9024803432261654,55,0.8715,,0.49731329830248966,0.3613495116898491,1.1945229234616436e-08,bidisperse_a0.005_sr0.667_x0.75_N4000_L24_T400000_seed1.npz,bidisperse,1,0.005,0.6666666666666666,0.75,0.6200390341724574
246000.0,0.9036096166947543,58,0.87975,,0.4920499024740151,0.3472277227722772,1.3119414562716531e-08,bidisperse_a0.005_sr0.667_x0.75_N4000_L24_T400000_seed1.npz,bidisperse,1,0.005,0.6666666666666666,0.75,0.6200390341724574
248000.0,0.903518011520302,56,0.87175,,0.5069563397155185,0.35994079921065614,1.4105431533561806e-08,bidisperse_a0.005_sr0.667_x0.75_N4000_L24_T400000_seed1.npz,bidisperse,1,0.005,0.6666666666666666,0.75,0.6200390341724574
250000.0,0.903969411871886,61,0.87225,,0.43460003172056744,0.3749632100461101,1.2487258010265711e-08,bidisperse_a0.005_sr0.667_x0.75_N4000_L24_T400000_seed1.npz,bidisperse,1,0.005,0.6666666666666666,0.75,0.6200390341724574
252000.0,0.902773825514262,55,0.86975,,0.4925888077915436,0.36902072487967785,1.5240541913880814e-08,bidisperse_a0.005_sr0.667_x0.75_N4000_L24_T400000_seed1.npz,bidisperse,1,0.005,0.6666666666666666,0.75,0.6200390341724574
254000.0,0.9036045457320467,68,0.866,,0.4832920801505966,0.3676874754613271,1.631665884768054e-08,bidisperse_a0.005_sr0.667_x0.75_N4000_L24_T400000_seed1.npz,bidisperse,1,0.005,0.6666666666666666,0.75,0.6200390341724574
256000.0,0.9062899442185594,71,0.8645,,0.49584912163165235,0.35413786292711835,1.4870194341707516e-08,bidisperse_a0.005_sr0.667_x0.75_N4000_L24_T400000_seed1.npz,bidisperse,1,0.005,0.6666666666666666,0.75,0.6200390341724574
258000.0,0.9054055136350879,63,0.8715,,0.5141596881355633,0.3579562332904248,1.4783594846135368e-08,bidisperse_a0.005_sr0.667_x0.75_N4000_L24_T400000_seed1.npz,bidisperse,1,0.005,0.6666666666666666,0.75,0.6200390341724574
260000.0,0.9070281340445902,60,0.865,,0.45842065005155236,0.36649836649836653,1.3501336310790575e-08,bidisperse_a0.005_sr0.667_x0.75_N4000_L24_T400000_seed1.npz,bidisperse,1,0.005,0.6666666666666666,0.75,0.6200390341724574
262000.0,0.9070677401351595,61,0.87,,0.4488360425270603,0.3642475776151869,1.4016223544864466e-08,bidisperse_a0.005_sr0.667_x0.75_N4000_L24_T400000_seed1.npz,bidisperse,1,0.005,0.6666666666666666,0.75,0.6200390341724574
264000.0,0.9053255448481318,57,0.87375,,0.46949216866748633,0.36293664890467736,1.4512594615410281e-08,bidisperse_a0.005_sr0.667_x0.75_N4000_L24_T400000_seed1.npz,bidisperse,1,0.005,0.6666666666666666,0.75,0.6200390341724574
266000.0,0.9056016394136917,48,0.867,,0.4839269781247207,0.3740697218958089,1.2226644748863994e-08,bidisperse_a0.005_sr0.667_x0.75_N4000_L24_T400000_seed1.npz,bidisperse,1,0.005,0.6666666666666666,0.75,0.6200390341724574
268000.0,0.9094751261003418,54,0.8715,,0.49993624029489087,0.3822025565388397,1.3295834947755918e-08,bidisperse_a0.005_sr0.667_x0.75_N4000_L24_T400000_seed1.npz,bidisperse,1,0.005,0.6666666666666666,0.75,0.6200390341724574
270000.0,0.9084842075112943,53,0.804,,0.47984553032443533,0.38868666994589274,1.4743817278916529e-08,bidisperse_a0.005_sr0.667_x0.75_N4000_L24_T400000_seed1.npz,bidisperse,1,0.005,0.6666666666666666,0.75,0.6200390341724574
272000.0,0.9081740938190774,50,0.7825,,0.45231315063758387,0.3845549223816074,1.7075791329951748e-08,bidisperse_a0.005_sr0.667_x0.75_N4000_L24_T400000_seed1.npz,bidisperse,1,0.005,0.6666666666666666,0.75,0.6200390341724574
274000.0,0.9091951169198139,45,0.75575,,0.5304495309990066,0.38325171400587654,1.5081042133385704e-08,bidisperse_a0.005_sr0.667_x0.75_N4000_L24_T400000_seed1.npz,bidisperse,1,0.005,0.6666666666666666,0.75,0.6200390341724574
276000.0,0.9096890597760968,47,0.788,,0.5124101326977576,0.3727549317891844,1.4069922439774531e-08,bidisperse_a0.005_sr0.667_x0.75_N4000_L24_T400000_seed1.npz,bidisperse,1,0.005,0.6666666666666666,0.75,0.6200390341724574
278000.0,0.9099731072566353,57,0.77525,,0.5424095050776021,0.375197316495659,1.4211459786247927e-08,bidisperse_a0.005_sr0.667_x0.75_N4000_L24_T400000_seed1.npz,bidisperse,1,0.005,0.6666666666666666,0.75,0.6200390341724574
280000.0,0.908766405597883,66,0.76825,,0.5178124096588947,0.3776722090261283,1.6760419370997682e-08,bidisperse_a0.005_sr0.667_x0.75_N4000_L24_T400000_seed1.npz,bidisperse,1,0.005,0.6666666666666666,0.75,0.6200390341724574
282000.0,0.907313056136678,48,0.7865,,0.450978607897105,0.3809055118110236,1.4485793741769135e-08,bidisperse_a0.005_sr0.667_x0.75_N4000_L24_T400000_seed1.npz,bidisperse,1,0.005,0.6666666666666666,0.75,0.6200390341724574
284000.0,0.9074670782034366,67,0.77825,,0.47008293497769793,0.38174882629107976,1.4003536376838748e-08,bidisperse_a0.005_sr0.667_x0.75_N4000_L24_T400000_seed1.npz,bidisperse,1,0.005,0.6666666666666666,0.75,0.6200390341724574
286000.0,0.9069745590378755,55,0.7735,,0.5234722135112657,0.3745340396311556,1.52469521500638e-08,bidisperse_a0.005_sr0.667_x0.75_N4000_L24_T400000_seed1.npz,bidisperse,1,0.005,0.6666666666666666,0.75,0.6200390341724574
288000.0,0.904694572216744,60,0.7695,,0.5101271937214098,0.36746514824268606,1.805797867640868e-08,bidisperse_a0.005_sr0.667_x0.75_N4000_L24_T400000_seed1.npz,bidisperse,1,0.005,0.6666666666666666,0.75,0.6200390341724574
290000.0,0.9064615099211671,66,0.767,,0.4952252820034533,0.37827352085354027,1.4340941996476698e-08,bidisperse_a0.005_sr0.667_x0.75_N4000_L24_T400000_seed1.npz,bidisperse,1,0.005,0.6666666666666666,0.75,0.6200390341724574
292000.0,0.9043158363848164,59,0.77125,,0.5018963041285671,0.36021085513471296,1.2609270241283396e-08,bidisperse_a0.005_sr0.667_x0.75_N4000_L24_T400000_seed1.npz,bidisperse,1,0.005,0.6666666666666666,0.75,0.6200390341724574
294000.0,0.9050826536054136,53,0.77625,,0.49366638490109926,0.360610806577917,1.3273129765393972e-08,bidisperse_a0.005_sr0.667_x0.75_N4000_L24_T400000_seed1.npz,bidisperse,1,0.005,0.6666666666666666,0.75,0.6200390341724574
296000.0,0.9039087640112264,56,0.7845,,0.502539625938044,0.38222959133912027,1.5326235475470818e-08,bidisperse_a0.005_sr0.667_x0.75_N4000_L24_T400000_seed1.npz,bidisperse,1,0.005,0.6666666666666666,0.75,0.6200390341724574
298000.0,0.9033173706638938,64,0.89925,,0.5228526127811731,0.36937291134263806,1.309647564359107e-08,bidisperse_a0.005_sr0.667_x0.75_N4000_L24_T400000_seed1.npz,bidisperse,1,0.005,0.6666666666666666,0.75,0.6200390341724574
300000.0,0.9065684057199455,51,0.90825,0.5100294607602519,0.4835765284033148,0.3715777033681308,1.6245339918846025e-08,bidisperse_a0.005_sr0.667_x0.75_N4000_L24_T400000_seed1.npz,bidisperse,1,0.005,0.6666666666666666,0.75,0.6200390341724574
302000.0,0.9057961514256967,64,0.887,,0.5126631699187603,0.37026813880126186,1.2331615468213329e-08,bidisperse_a0.005_sr0.667_x0.75_N4000_L24_T400000_seed1.npz,bidisperse,1,0.005,0.6666666666666666,0.75,0.6200390341724574
304000.0,0.9052075291485693,51,0.89025,,0.5312065016680408,0.37493876751249144,1.321566410334029e-08,bidisperse_a0.005_sr0.667_x0.75_N4000_L24_T400000_seed1.npz,bidisperse,1,0.005,0.6666666666666666,0.75,0.6200390341724574
306000.0,0.9064354365416928,59,0.869,,0.5138400858935323,0.3832796800312165,1.3992310410424948e-08,bidisperse_a0.005_sr0.667_x0.75_N4000_L24_T400000_seed1.npz,bidisperse,1,0.005,0.6666666666666666,0.75,0.6200390341724574
308000.0,0.9074922941555716,61,0.8945,,0.5348246938170389,0.36235317342809203,1.4742188806237132e-08,bidisperse_a0.005_sr0.667_x0.75_N4000_L24_T400000_seed1.npz,bidisperse,1,0.005,0.6666666666666666,0.75,0.6200390341724574
310000.0,0.9051656609591384,66,0.8915,,0.510105660068945,0.3569163694015062,1.5395447614954622e-08,bidisperse_a0.005_sr0.667_x0.75_N4000_L24_T400000_seed1.npz,bidisperse,1,0.005,0.6666666666666666,0.75,0.6200390341724574
312000.0,0.905547496586449,64,0.8555,,0.5272983778655256,0.3631069877615476,1.4192108147721405e-08,bidisperse_a0.005_sr0.667_x0.75_N4000_L24_T400000_seed1.npz,bidisperse,1,0.005,0.6666666666666666,0.75,0.6200390341724574
314000.0,0.903917264000555,68,0.85875,,0.5016121254560707,0.3427383427383427,1.4651021615923452e-08,bidisperse_a0.005_sr0.667_x0.75_N4000_L24_T400000_seed1.npz,bidisperse,1,0.005,0.6666666666666666,0.75,0.6200390341724574
316000.0,0.9044743559689222,65,0.85725,,0.5072719944099073,0.35766136943299975,1.2756600853939657e-08,bidisperse_a0.005_sr0.667_x0.75_N4000_L24_T400000_seed1.npz,bidisperse,1,0.005,0.6666666666666666,0.75,0.6200390341724574
318000.0,0.90251399731826,61,0.85625,,0.5168316302722509,0.3412232720039782,1.3197816691130072e-08,bidisperse_a0.005_sr0.667_x0.75_N4000_L24_T400000_seed1.npz,bidisperse,1,0.005,0.6666666666666666,0.75,0.6200390341724574
320000.0,0.9042898634496468,57,0.85275,,0.44801516095419347,0.34075104311543813,1.2407118637000869e-08,bidisperse_a0.005_sr0.667_x0.75_N4000_L24_T400000_seed1.npz,bidisperse,1,0.005,0.6666666666666666,0.75,0.6200390341724574
322000.0,0.9054641728631396,58,0.85325,,0.5000737458678529,0.3532608695652174,1.3653146022522917e-08,bidisperse_a0.005_sr0.667_x0.75_N4000_L24_T400000_seed1.npz,bidisperse,1,0.005,0.6666666666666666,0.75,0.6200390341724574
324000.0,0.9039210060403604,66,0.8485,,0.5435651273044781,0.34963373589388236,1.4525170723353237e-08,bidisperse_a0.005_sr0.667_x0.75_N4000_L24_T400000_seed1.npz,bidisperse,1,0.005,0.6666666666666666,0.75,0.6200390341724574
326000.0,0.90445713132412,51,0.84425,,0.4615916960012115,0.35575009948269,1.3779522331654513e-08,bidisperse_a0.005_sr0.667_x0.75_N4000_L24_T400000_seed1.npz,bidisperse,1,0.005,0.6666666666666666,0.75,0.6200390341724574
328000.0,0.9038465071354479,70,0.832,,0.45166075176431514,0.3733637445458151,1.8010600424189527e-08,bidisperse_a0.005_sr0.667_x0.75_N4000_L24_T400000_seed1.npz,bidisperse,1,0.005,0.6666666666666666,0.75,0.6200390341724574
330000.0,0.9048070608261713,66,0.84225,,0.48866920837222977,0.36922772668842085,1.9152556455524092e-08,bidisperse_a0.005_sr0.667_x0.75_N4000_L24_T400000_seed1.npz,bidisperse,1,0.005,0.6666666666666666,0.75,0.6200390341724574
332000.0,0.9070315151515151,72,0.8325,,0.5584750821914044,0.3569013524264121,1.796825769554154e-08,bidisperse_a0.005_sr0.667_x0.75_N4000_L24_T400000_seed1.npz,bidisperse,1,0.005,0.6666666666666666,0.75,0.6200390341724574
334000.0,0.9059793167125738,69,0.8255,,0.491915601338671,0.36127310467529905,1.812367632325219e-08,bidisperse_a0.005_sr0.667_x0.75_N4000_L24_T400000_seed1.npz,bidisperse,1,0.005,0.6666666666666666,0.75,0.6200390341724574
336000.0,0.902624754640812,61,0.8295,,0.46862104184516257,0.3488718815227114,1.64578228507804e-08,bidisperse_a0.005_sr0.667_x0.75_N4000_L24_T400000_seed1.npz,bidisperse,1,0.005,0.6666666666666666,0.75,0.6200390341724574
338000.0,0.9048826793576382,58,0.83425,,0.4526019384228299,0.3615384615384616,1.5709639822856245e-08,bidisperse_a0.005_sr0.667_x0.75_N4000_L24_T400000_seed1.npz,bidisperse,1,0.005,0.6666666666666666,0.75,0.6200390341724574
340000.0,0.9060104545280724,59,0.832,,0.5169504580529177,0.35043915918286783,1.4532828631760528e-08,bidisperse_a0.005_sr0.667_x0.75_N4000_L24_T400000_seed1.npz,bidisperse,1,0.005,0.6666666666666666,0.75,0.6200390341724574
342000.0,0.9044619306649412,63,0.8345,,0.5005961421179123,0.34417638916353566,1.7701139069517296e-08,bidisperse_a0.005_sr0.667_x0.75_N4000_L24_T400000_seed1.npz,bidisperse,1,0.005,0.6666666666666666,0.75,0.6200390341724574
344000.0,0.9040367111315166,61,0.836,,0.4977530723548694,0.349901185770751,1.555647356801748e-08,bidisperse_a0.005_sr0.667_x0.75_N4000_L24_T400000_seed1.npz,bidisperse,1,0.005,0.6666666666666666,0.75,0.6200390341724574
346000.0,0.9046342143573368,67,0.82825,,0.49406063482689866,0.354477981197427,1.463493482540667e-08,bidisperse_a0.005_sr0.667_x0.75_N4000_L24_T400000_seed1.npz,bidisperse,1,0.005,0.6666666666666666,0.75,0.6200390341724574
348000.0,0.9050879804439261,60,0.8425,,0.479418002681668,0.3569306930693069,1.5077675361866478e-08,bidisperse_a0.005_sr0.667_x0.75_N4000_L24_T400000_seed1.npz,bidisperse,1,0.005,0.6666666666666666,0.75,0.6200390341724574
350000.0,0.9060057177627593,63,0.832,,0.4989673486432864,0.3608704214257582,1.4805608029620273e-08,bidisperse_a0.005_sr0.667_x0.75_N4000_L24_T400000_seed1.npz,bidisperse,1,0.005,0.6666666666666666,0.75,0.6200390341724574
352000.0,0.9054480851361759,67,0.8095,,0.4346332551996987,0.3628126846562931,1.7455791103957585e-08,bidisperse_a0.005_sr0.667_x0.75_N4000_L24_T400000_seed1.npz,bidisperse,1,0.005,0.6666666666666666,0.75,0.6200390341724574
354000.0,0.9054662390981587,64,0.81775,,0.4648777361721555,0.37045432147432744,1.642951138337321e-08,bidisperse_a0.005_sr0.667_x0.75_N4000_L24_T400000_seed1.npz,bidisperse,1,0.005,0.6666666666666666,0.75,0.6200390341724574
356000.0,0.9049566446310261,62,0.82225,,0.48343481458666,0.36574302337047626,1.548657868440137e-08,bidisperse_a0.005_sr0.667_x0.75_N4000_L24_T400000_seed1.npz,bidisperse,1,0.005,0.6666666666666666,0.75,0.6200390341724574
358000.0,0.9033514972387968,49,0.83425,,0.45747809800148664,0.3730716656902948,1.3885098911028728e-08,bidisperse_a0.005_sr0.667_x0.75_N4000_L24_T400000_seed1.npz,bidisperse,1,0.005,0.6666666666666666,0.75,0.6200390341724574
360000.0,0.9044405664563343,67,0.8365,,0.5151035989357193,0.36249014972419225,1.4133050878618612e-08,bidisperse_a0.005_sr0.667_x0.75_N4000_L24_T400000_seed1.npz,bidisperse,1,0.005,0.6666666666666666,0.75,0.6200390341724574
362000.0,0.9048981969172243,71,0.8445,,0.4765565802854324,0.371326803205699,1.3653902127276975e-08,bidisperse_a0.005_sr0.667_x0.75_N4000_L24_T400000_seed1.npz,bidisperse,1,0.005,0.6666666666666666,0.75,0.6200390341724574
364000.0,0.9037772787309074,62,0.85175,,0.5088691558469732,0.36999105100924734,1.5054853963307715e-08,bidisperse_a0.005_sr0.667_x0.75_N4000_L24_T400000_seed1.npz,bidisperse,1,0.005,0.6666666666666666,0.75,0.6200390341724574
366000.0,0.9056100381588352,71,0.83375,,0.5067027784320607,0.378266443151563,1.603768199378852e-08,bidisperse_a0.005_sr0.667_x0.75_N4000_L24_T400000_seed1.npz,bidisperse,1,0.005,0.6666666666666666,0.75,0.6200390341724574
368000.0,0.9062276016622786,68,0.82275,,0.47666707211922815,0.3617084530769993,1.6759680560000146e-08,bidisperse_a0.005_sr0.667_x0.75_N4000_L24_T400000_seed1.npz,bidisperse,1,0.005,0.6666666666666666,0.75,0.6200390341724574
370000.0,0.9052205921258084,80,0.816,,0.48775940389663164,0.35788949726231956,1.848679814842868e-08,bidisperse_a0.005_sr0.667_x0.75_N4000_L24_T400000_seed1.npz,bidisperse,1,0.005,0.6666666666666666,0.75,0.6200390341724574
372000.0,0.9029552999910554,75,0.83725,,0.4696163853339737,0.3629289704708699,1.784167884612249e-08,bidisperse_a0.005_sr0.667_x0.75_N4000_L24_T400000_seed1.npz,bidisperse,1,0.005,0.6666666666666666,0.75,0.6200390341724574
374000.0,0.9056868528864239,85,0.8165,,0.47475317651897947,0.3652347652347653,1.607462293275342e-08,bidisperse_a0.005_sr0.667_x0.75_N4000_L24_T400000_seed1.npz,bidisperse,1,0.005,0.6666666666666666,0.75,0.6200390341724574
376000.0,0.9059519940211507,61,0.81425,,0.4192933633808425,0.38763657840338617,1.8923237098455126e-08,bidisperse_a0.005_sr0.667_x0.75_N4000_L24_T400000_seed1.npz,bidisperse,1,0.005,0.6666666666666666,0.75,0.6200390341724574
378000.0,0.9068168678409205,60,0.8215,,0.473461454159819,0.37357001972386583,1.657637333784256e-08,bidisperse_a0.005_sr0.667_x0.75_N4000_L24_T400000_seed1.npz,bidisperse,1,0.005,0.6666666666666666,0.75,0.6200390341724574
380000.0,0.9058959917678246,64,0.80275,,0.4364081017350086,0.37329376854599405,1.8232259998495723e-08,bidisperse_a0.005_sr0.667_x0.75_N4000_L24_T400000_seed1.npz,bidisperse,1,0.005,0.6666666666666666,0.75,0.6200390341724574
382000.0,0.9057588142147872,76,0.8115,,0.46700293408811766,0.3804743627595709,1.6120239345360424e-08,bidisperse_a0.005_sr0.667_x0.75_N4000_L24_T400000_seed1.npz,bidisperse,1,0.005,0.6666666666666666,0.75,0.6200390341724574
384000.0,0.9031854549229525,63,0.8415,,0.5141655956744328,0.3642475776151869,1.858040616311837e-08,bidisperse_a0.005_sr0.667_x0.75_N4000_L24_T400000_seed1.npz,bidisperse,1,0.005,0.6666666666666666,0.75,0.6200390341724574
386000.0,0.9045084963370774,69,0.85225,,0.4580091453460685,0.3662179424191805,1.754143642835518e-08,bidisperse_a0.005_sr0.667_x0.75_N4000_L24_T400000_seed1.npz,bidisperse,1,0.005,0.6666666666666666,0.75,0.6200390341724574
388000.0,0.9018502414295878,74,0.854,,0.49446627680418154,0.3523696212571882,1.7130512453389972e-08,bidisperse_a0.005_sr0.667_x0.75_N4000_L24_T400000_seed1.npz,bidisperse,1,0.005,0.6666666666666666,0.75,0.6200390341724574
390000.0,0.906086660482705,68,0.81375,,0.4893447690604392,0.3392516802086468,1.7425373402926206e-08,bidisperse_a0.005_sr0.667_x0.75_N4000_L24_T400000_seed1.npz,bidisperse,1,0.005,0.6666666666666666,0.75,0.6200390341724574
392000.0,0.9042649114884028,67,0.84275,,0.5079286902221719,0.36768912121511,1.6672098087290752e-08,bidisperse_a0.005_sr0.667_x0.75_N4000_L24_T400000_seed1.npz,bidisperse,1,0.005,0.6666666666666666,0.75,0.6200390341724574
394000.0,0.9066096599477382,61,0.8205,,0.537991458480917,0.3657764589515331,1.6780544649623693e-08,bidisperse_a0.005_sr0.667_x0.75_N4000_L24_T400000_seed1.npz,bidisperse,1,0.005,0.6666666666666666,0.75,0.6200390341724574
396000.0,0.9032535011059428,61,0.8525,,0.5102143204842772,0.3712397672354275,1.769912412228333e-08,bidisperse_a0.005_sr0.667_x0.75_N4000_L24_T400000_seed1.npz,bidisperse,1,0.005,0.6666666666666666,0.75,0.6200390341724574
398000.0,0.9033051375206288,78,0.8215,,0.47858995360314216,0.3808491774209437,1.7592237740962832e-08,bidisperse_a0.005_sr0.667_x0.75_N4000_L24_T400000_seed1.npz,bidisperse,1,0.005,0.6666666666666666,0.75,0.6200390341724574
400000.0,0.9074009663325336,66,0.81925,0.5105160232308528,0.4820833494758545,0.38262240173381934,1.7006066863861104e-08,bidisperse_a0.005_sr0.667_x0.75_N4000_L24_T400000_seed1.npz,bidisperse,1,0.005,0.6666666666666666,0.75,0.6200390341724574
0.0,0.9970263857931179,804,0.0055,0.8846268348087749,,,,bidisperse_a0.005_sr0.667_x0.75_N4000_L24_T400000_seed2.npz,bidisperse,2,0.005,0.6666666666666666,0.75,0.6605474174299705
2000.0,0.9732575005699058,70,0.1225,,0.09579174895195186,0.8492992007413414,1.9366106911055195e-08,bidisperse_a0.005_sr0.667_x0.75_N4000_L24_T400000_seed2.npz,bidisperse,2,0.005,0.6666666666666666,0.75,0.6605474174299705
4000.0,0.9656517931542933,53,0.2155,,0.6332282494718342,0.667319749216301,1.4410181443117754e-08,bidisperse_a0.005_sr0.667_x0.75_N4000_L24_T400000_seed2.npz,bidisperse,2,0.005,0.6666666666666666,0.75,0.6605474174299705
6000.0,0.9604304580186523,53,0.219,,0.7105510112946292,0.6139702305671758,1.3328729260650273e-08,bidisperse_a0.005_sr0.667_x0.75_N4000_L24_T400000_seed2.npz,bidisperse,2,0.005,0.6666666666666666,0.75,0.6605474174299705
8000.0,0.9560349749508852,47,0.24775,,0.7220706341972687,0.5905189231369489,1.3957852596275116e-08,bidisperse_a0.005_sr0.667_x0.75_N4000_L24_T400000_seed2.npz,bidisperse,2,0.005,0.6666666666666666,0.75,0.6605474174299705
10000.0,0.9556372067857639,49,0.23925,,0.7093926877452997,0.578988478812732,1.2714036426293708e-08,bidisperse_a0.005_sr0.667_x0.75_N4000_L24_T400000_seed2.npz,bidisperse,2,0.005,0.6666666666666666,0.75,0.6605474174299705
12000.0,0.9511802959052935,43,0.29,,0.6852606148921803,0.5593270077276729,1.1408457459899902e-08,bidisperse_a0.005_sr0.667_x0.75_N4000_L24_T400000_seed2.npz,bidisperse,2,0.005,0.6666666666666666,0.75,0.6605474174299705
14000.0,0.9482439269840234,42,0.42075,,0.6422914439199809,0.5358264625049077,1.1588689288263173e-08,bidisperse_a0.005_sr0.667_x0.75_N4000_L24_T400000_seed2.npz,bidisperse,2,0.005,0.6666666666666666,0.75,0.6605474174299705
16000.0,0.9494847949833555,52,0.20275,,0.6814586267878104,0.5431990659661412,1.171368865886386e-08,bidisperse_a0.005_sr0.667_x0.75_N4000_L24_T400000_seed2.npz,bidisperse,2,0.005,0.6666666666666666,0.75,0.6605474174299705
18000.0,0.9445763275510627,48,0.30875,,0.6734218829829305,0.5340013620001945,1.346220735036399e-08,bidisperse_a0.005_sr0.667_x0.75_N4000_L24_T400000_seed2.npz,bidisperse,2,0.005,0.6666666666666666,0.75,0.6605474174299705
20000.0,0.9436982582256102,48,0.28825,,0.7189370233587828,0.5160062463400351,1.2240992112036685e-08,bidisperse_a0.005_sr0.667_x0.75_N4000_L24_T400000_seed2.npz,bidisperse,2,0.005,0.6666666666666666,0.75,0.6605474174299705
22000.0,0.9394206632385571,47,0.65,,0.6683197086716941,0.5105534481081606,1.2421086778206001e-08,bidisperse_a0.005_sr0.667_x0.75_N4000_L24_T400000_seed2.npz,bidisperse,2,0.005,0.6666666666666666,0.75,0.6605474174299705
24000.0,0.938309263559374,31,0.2755,,0.6440004263899484,0.4803134182174339,1.1469455173437994e-08,bidisperse_a0.005_sr0.667_x0.75_N4000_L24_T400000_seed2.npz,bidisperse,2,0.005,0.6666666666666666,0.75,0.6605474174299705
26000.0,0.9391570932531489,34,0.226,,0.6601118869079446,0.48511587316978566,1.209115054715197e-08,bidisperse_a0.005_sr0.667_x0.75_N4000_L24_T400000_seed2.npz,bidisperse,2,0.005,0.6666666666666666,0.75,0.6605474174299705
28000.0,0.9359727085735391,43,0.4325,,0.6190802773248325,0.4797474502185527,1.163089008032392e-08,bidisperse_a0.005_sr0.667_x0.75_N4000_L24_T400000_seed2.npz,bidisperse,2,0.005,0.6666666666666666,0.75,0.6605474174299705
30000.0,0.9352269858587168,38,0.41525,,0.6369815711132281,0.46579614110309886,9.342685768913076e-09,bidisperse_a0.005_sr0.667_x0.75_N4000_L24_T400000_seed2.npz,bidisperse,2,0.005,0.6666666666666666,0.75,0.6605474174299705
32000.0,0.9360324124891345,37,0.753,,0.6277389226836283,0.4661181026137464,1.2238482128633615e-08,bidisperse_a0.005_sr0.667_x0.75_N4000_L24_T400000_seed2.npz,bidisperse,2,0.005,0.6666666666666666,0.75,0.6605474174299705
34000.0,0.9337347636242643,38,0.53,,0.6595611339786542,0.4582927304618982,1.0072975576226124e-08,bidisperse_a0.005_sr0.667_x0.75_N4000_L24_T400000_seed2.npz,bidisperse,2,0.005,0.6666666666666666,0.75,0.6605474174299705
36000.0,0.9348746937076474,35,0.7675,,0.6508114289102265,0.4614264919941776,9.211033876662493e-09,bidisperse_a0.005_sr0.667_x0.75_N4000_L24_T400000_seed2.npz,bidisperse,2,0.005,0.6666666666666666,0.75,0.6605474174299705
38000.0,0.9315379162864144,44,0.68025,,0.674874903125429,0.45636540330417885,8.728826805297577e-09,bidisperse_a0.005_sr0.667_x0.75_N4000_L24_T400000_seed2.npz,bidisperse,2,0.005,0.6666666666666666,0.75,0.6605474174299705
40000.0,0.9349288309981514,36,0.84875,,0.6434132784934458,0.4596176355833008,9.26151657721014e-09,bidisperse_a0.005_sr0.667_x0.75_N4000_L24_T400000_seed2.npz,bidisperse,2,0.005,0.6666666666666666,0.75,0.6605474174299705
42000.0,0.9315206964691831,37,0.69225,,0.6485789665101698,0.46684144091659385,8.946695701357774e-09,bidisperse_a0.005_sr0.667_x0.75_N4000_L24_T400000_seed2.npz,bidisperse,2,0.005,0.6666666666666666,0.75,0.6605474174299705
44000.0,0.9314480371398881,36,0.68475,,0.6457203497344863,0.45997865528281745,1.072540121447975e-08,bidisperse_a0.005_sr0.667_x0.75_N4000_L24_T400000_seed2.npz,bidisperse,2,0.005,0.6666666666666666,0.75,0.6605474174299705
46000.0,0.9303095616113383,40,0.35,,0.5800186836960541,0.46173938279965177,1.0537557712502695e-08,bidisperse_a0.005_sr0.667_x0.75_N4000_L24_T400000_seed2.npz,bidisperse,2,0.005,0.6666666666666666,0.75,0.6605474174299705
48000.0,0.9312076579249239,39,0.34075,,0.6359770643375146,0.4501463414634146,9.46121080022425e-09,bidisperse_a0.005_sr0.667_x0.75_N4000_L24_T400000_seed2.npz,bidisperse,2,0.005,0.6666666666666666,0.75,0.6605474174299705
50000.0,0.9292570172356286,51,0.346,,0.6490586538513693,0.44820192963648764,1.0237896708785782e-08,bidisperse_a0.005_sr0.667_x0.75_N4000_L24_T400000_seed2.npz,bidisperse,2,0.005,0.6666666666666666,0.75,0.6605474174299705
52000.0,0.9261438670376352,55,0.34825,,0.639674803842328,0.43659330899042736,1.0639634105410556e-08,bidisperse_a0.005_sr0.667_x0.75_N4000_L24_T400000_seed2.npz,bidisperse,2,0.005,0.6666666666666666,0.75,0.6605474174299705
54000.0,0.9301734692072602,50,0.5035,,0.5673880048181329,0.4446844016884264,1.0931986385724392e-08,bidisperse_a0.005_sr0.667_x0.75_N4000_L24_T400000_seed2.npz,bidisperse,2,0.005,0.6666666666666666,0.75,0.6605474174299705
56000.0,0.9260426234857946,49,0.493,,0.6157194032428129,0.4417442430181283,1.2106509926624512e-08,bidisperse_a0.005_sr0.667_x0.75_N4000_L24_T400000_seed2.npz,bidisperse,2,0.005,0.6666666666666666,0.75,0.6605474174299705
58000.0,0.9268245640569076,53,0.48325,,0.6100369370572482,0.4330365974282888,1.1973958704174758e-08,bidisperse_a0.005_sr0.667_x0.75_N4000_L24_T400000_seed2.npz,bidisperse,2,0.005,0.6666666666666666,0.75,0.6605474174299705
60000.0,0.9242436780563736,47,0.86725,,0.6462736337136401,0.43677138905354673,1.2274635787910635e-08,bidisperse_a0.005_sr0.667_x0.75_N4000_L24_T400000_seed2.npz,bidisperse,2,0.005,0.6666666666666666,0.75,0.6605474174299705
62000.0,0.9245604309601863,46,0.5085,,0.5000189313318208,0.44705882352941173,1.4079664982086458e-08,bidisperse_a0.005_sr0.667_x0.75_N4000_L24_T400000_seed2.npz,bidisperse,2,0.005,0.6666666666666666,0.75,0.6605474174299705
64000.0,0.9267322688875514,49,0.4785,,0.5733058662844545,0.45364465809869514,1.199791386584329e-08,bidisperse_a0.005_sr0.667_x0.75_N4000_L24_T400000_seed2.npz,bidisperse,2,0.005,0.6666666666666666,0.75,0.6605474174299705
66000.0,0.9238918874737607,50,0.499,,0.5747386020040591,0.45354870288790994,1.0696621827431303e-08,bidisperse_a0.005_sr0.667_x0.75_N4000_L24_T400000_seed2.npz,bidisperse,2,0.005,0.6666666666666666,0.75,0.6605474174299705
68000.0,0.9244590032946822,44,0.504,,0.5803938812190452,0.44647392068763425,1.0638136846011317e-08,bidisperse_a0.005_sr0.667_x0.75_N4000_L24_T400000_seed2.npz,bidisperse,2,0.005,0.6666666666666666,0.75,0.6605474174299705
70000.0,0.9217133125,50,0.8195,,0.5674510295943485,0.43653129291740245,9.468721472209376e-09,bidisperse_a0.005_sr0.667_x0.75_N4000_L24_T400000_seed2.npz,bidisperse,2,0.005,0.6666666666666666,0.75,0.6605474174299705
72000.0,0.9213537209212608,49,0.82675,,0.6015246785159797,0.43093166487437673,1.2998925141499336e-08,bidisperse_a0.005_sr0.667_x0.75_N4000_L24_T400000_seed2.npz,bidisperse,2,0.005,0.6666666666666666,0.75,0.6605474174299705
74000.0,0.9239569171353534,34,0.8385,,0.49511849615572867,0.4456218090742703,1.249775780929984e-08,bidisperse_a0.005_sr0.667_x0.75_N4000_L24_T400000_seed2.npz,bidisperse,2,0.005,0.6666666666666666,0.75,0.6605474174299705
76000.0,0.9248149741791613,40,0.83175,,0.5511629694969516,0.45445773832497105,1.0578148000036715e-08,bidisperse_a0.005_sr0.667_x0.75_N4000_L24_T400000_seed2.npz,bidisperse,2,0.005,0.6666666666666666,0.75,0.6605474174299705
78000.0,0.9251980862503484,38,0.67475,,0.5746095098325582,0.4465323518016273,1.1432114005842717e-08,bidisperse_a0.005_sr0.667_x0.75_N4000_L24_T400000_seed2.npz,bidisperse,2,0.005,0.6666666666666666,0.75,0.6605474174299705
80000.0,0.9231498314372951,50,0.73725,,0.5776004026450587,0.4167403477748305,1.0484522089535463e-08,bidisperse_a0.005_sr0.667_x0.75_N4000_L24_T400000_seed2.npz,bidisperse,2,0.005,0.6666666666666666,0.75,0.6605474174299705
82000.0,0.923298203125,44,0.69525,,0.5614042260858144,0.42638097110281103,1.2173291132038081e-08,bidisperse_a0.005_sr0.667_x0.75_N4000_L24_T400000_seed2.npz,bidisperse,2,0.005,0.6666666666666666,0.75,0.6605474174299705
84000.0,0.9244952410164,37,0.7,,0.5730728803499837,0.4320132657042528,1.1093358922728954e-08,bidisperse_a0.005_sr0.667_x0.75_N4000_L24_T400000_seed2.npz,bidisperse,2,0.005,0.6666666666666666,0.75,0.6605474174299705
86000.0,0.920867628349316,41,0.697,,0.6029200582741028,0.4311115429459774,1.0105145853051674e-08,bidisperse_a0.005_sr0.667_x0.75_N4000_L24_T400000_seed2.npz,bidisperse,2,0.005,0.6666666666666666,0.75,0.6605474174299705
88000.0,0.9195921056905408,55,0.69125,,0.5628554181397595,0.42770908382825434,1.090747698385232e-08,bidisperse_a0.005_sr0.667_x0.75_N4000_L24_T400000_seed2.npz,bidisperse,2,0.005,0.6666666666666666,0.75,0.6605474174299705
90000.0,0.9203885225277774,47,0.67125,,0.5978110883318958,0.41904855129209084,1.2278418782931049e-08,bidisperse_a0.005_sr0.667_x0.75_N4000_L24_T400000_seed2.npz,bidisperse,2,0.005,0.6666666666666666,0.75,0.6605474174299705
92000.0,0.9221733262154909,52,0.645,,0.5830508158467639,0.41823868634542083,1.150285793905481e-08,bidisperse_a0.005_sr0.667_x0.75_N4000_L24_T400000_seed2.npz,bidisperse,2,0.005,0.6666666666666666,0.75,0.6605474174299705
94000.0,0.9197844674571081,52,0.661,,0.6034096842783212,0.42024629108891687,1.359993940701286e-08,bidisperse_a0.005_sr0.667_x0.75_N4000_L24_T400000_seed2.npz,bidisperse,2,0.005,0.6666666666666666,0.75,0.6605474174299705
96000.0,0.9185897621365737,54,0.66125,,0.554582922841206,0.4075017138380178,1.2077062264551563e-08,bidisperse_a0.005_sr0.667_x0.75_N4000_L24_T400000_seed2.npz,bidisperse,2,0.005,0.6666666666666666,0.75,0.6605474174299705
98000.0,0.917830798972436,50,0.6645,,0.5647463077321782,0.41949691690320057,1.106105676922318e-08,bidisperse_a0.005_sr0.667_x0.75_N4000_L24_T400000_seed2.npz,bidisperse,2,0.005,0.6666666666666666,0.75,0.6605474174299705
100000.0,0.9196163835226875,41,0.6585,0.5207092959403034,0.582044426000374,0.4239743340462765,1.0280497493621754e-08,bidisperse_a0.005_sr0.667_x0.75_N4000_L24_T400000_seed2.npz,bidisperse,2,0.005,0.6666666666666666,0.75,0.6605474174299705
102000.0,0.91863040238441,41,0.70025,,0.6006301452108416,0.4171701422724615,1.0253249106084756e-08,bidisperse_a0.005_sr0.667_x0.75_N4000_L24_T400000_seed2.npz,bidisperse,2,0.005,0.6666666666666666,0.75,0.6605474174299705
104000.0,0.920681,47,0.6105,,0.5817578392317455,0.427692608143736,1.100359553545735e-08,bidisperse_a0.005_sr0.667_x0.75_N4000_L24_T400000_seed2.npz,bidisperse,2,0.005,0.6666666666666666,0.75,0.6605474174299705
106000.0,0.9173036734172784,53,0.8285,,0.565756387862456,0.42980307632017245,1.0360745398540054e-08,bidisperse_a0.005_sr0.667_x0.75_N4000_L24_T400000_seed2.npz,bidisperse,2,0.005,0.6666666666666666,0.75,0.6605474174299705
108000.0,0.9178962866491737,44,0.624,,0.5044095271221244,0.41838630806845967,1.1213096061642068e-08,bidisperse_a0.005_sr0.667_x0.75_N4000_L24_T400000_seed2.npz,bidisperse,2,0.005,0.6666666666666666,0.75,0.6605474174299705
110000.0,0.9155144762187443,35,0.84475,,0.4956266902210546,0.41251221896383183,1.2129430304031828e-08,bidisperse_a0.005_sr0.667_x0.75_N4000_L24_T400000_seed2.npz,bidisperse,2,0.005,0.6666666666666666,0.75,0.6605474174299705
112000.0,0.91864933969866,39,0.84,,0.50946684725628,0.4150182068694026,1.0663503194985458e-08,bidisperse_a0.005_sr0.667_x0.75_N4000_L24_T400000_seed2.npz,bidisperse,2,0.005,0.6666666666666666,0.75,0.6605474174299705
114000.0,0.9174294474210428,40,0.6215,,0.5240484860352319,0.4177065932986145,1.184428649210052e-08,bidisperse_a0.005_sr0.667_x0.75_N4000_L24_T400000_seed2.npz,bidisperse,2,0.005,0.6666666666666666,0.75,0.6605474174299705
116000.0,0.9164653951790375,47,0.6175,,0.5344016048410235,0.40713297767239676,1.2673634616950215e-08,bidisperse_a0.005_sr0.667_x0.75_N4000_L24_T400000_seed2.npz,bidisperse,2,0.005,0.6666666666666666,0.75,0.6605474174299705
118000.0,0.9150684485927892,57,0.6145,,0.4930281309798253,0.407671721677074,1.1201705437325184e-08,bidisperse_a0.005_sr0.667_x0.75_N4000_L24_T400000_seed2.npz,bidisperse,2,0.005,0.6666666666666666,0.75,0.6605474174299705
120000.0,0.9131701596108158,57,0.61525,,0.515583654689117,0.4208304702071267,1.3553926478114358e-08,bidisperse_a0.005_sr0.667_x0.75_N4000_L24_T400000_seed2.npz,bidisperse,2,0.005,0.6666666666666666,0.75,0.6605474174299705
122000.0,0.9145961443838142,57,0.87175,,0.5075925019479811,0.4160512063023142,1.2687778588459247e-08,bidisperse_a0.005_sr0.667_x0.75_N4000_L24_T400000_seed2.npz,bidisperse,2,0.005,0.6666666666666666,0.75,0.6605474174299705
124000.0,0.9141894698825536,57,0.61175,,0.5850499831626601,0.4184425022095649,1.2906739351321085e-08,bidisperse_a0.005_sr0.667_x0.75_N4000_L24_T400000_seed2.npz,bidisperse,2,0.005,0.6666666666666666,0.75,0.6605474174299705
126000.0,0.9128823379854901,59,0.616,,0.5423513662653875,0.4296852158659,1.3742948206443068e-08,bidisperse_a0.005_sr0.667_x0.75_N4000_L24_T400000_seed2.npz,bidisperse,2,0.005,0.6666666666666666,0.75,0.6605474174299705
128000.0,0.914359048151614,50,0.6175,,0.5740202498213343,0.41826546593578695,1.355280957487803e-08,bidisperse_a0.005_sr0.667_x0.75_N4000_L24_T400000_seed2.npz,bidisperse,2,0.005,0.6666666666666666,0.75,0.6605474174299705
130000.0,0.9163847403340222,57,0.617,,0.5286909305496958,0.4105211406096362,1.330331863309995e-08,bidisperse_a0.005_sr0.667_x0.75_N4000_L24_T400000_seed2.npz,bidisperse,2,0.005,0.6666666666666666,0.75,0.6605474174299705
132000.0,0.916312269059166,47,0.90625,,0.5380820427297731,0.4088457389428263,1.2711722263915863e-08,bidisperse_a0.005_sr0.667_x0.75_N4000_L24_T400000_seed2.npz,bidisperse,2,0.005,0.6666666666666666,0.75,0.6605474174299705
134000.0,0.9163830338573962,48,0.6485,,0.5429795586397684,0.40994453634329087,1.054499278187951e-08,bidisperse_a0.005_sr0.667_x0.75_N4000_L24_T400000_seed2.npz,bidisperse,2,0.005,0.6666666666666666,0.75,0.6605474174299705
136000.0,0.9161906596610127,51,0.6465,,0.5807132281052667,0.40399221032132426,1.0336352142252307e-08,bidisperse_a0.005_sr0.667_x0.75_N4000_L24_T400000_seed2.npz,bidisperse,2,0.005,0.6666666666666666,0.75,0.6605474174299705
138000.0,0.9135653377474773,53,0.63525,,0.5161217344897256,0.3847365829640571,1.20361777597079e-08,bidisperse_a0.005_sr0.667_x0.75_N4000_L24_T400000_seed2.npz,bidisperse,2,0.005,0.6666666666666666,0.75,0.6605474174299705
140000.0,0.9124463026727142,54,0.63775,,0.5685131487407018,0.4018500486854917,1.3246685194688931e-08,bidisperse_a0.005_sr0.667_x0.75_N4000_L24_T400000_seed2.npz,bidisperse,2,0.005,0.6666666666666666,0.75,0.6605474174299705
142000.0,0.911597812683786,49,0.6555,,0.5654372807402347,0.39669421487603307,1.2770240817215073e-08,bidisperse_a0.005_sr0.667_x0.75_N4000_L24_T400000_seed2.npz,bidisperse,2,0.005,0.6666666666666666,0.75,0.6605474174299705
144000.0,0.91037166282659,46,0.6545,,0.5852477403861563,0.3930232558139535,1.2629737633985093e-08,bidisperse_a0.005_sr0.667_x0.75_N4000_L24_T400000_seed2.npz,bidisperse,2,0.005,0.6666666666666666,0.75,0.6605474174299705
146000.0,0.9105950168692837,47,0.65525,,0.5886351927598048,0.3745724616437017,1.0831766575745727e-08,bidisperse_a0.005_sr0.667_x0.75_N4000_L24_T400000_seed2.npz,bidisperse,2,0.005,0.6666666666666666,0.75,0.6605474174299705
148000.0,0.9117854560900702,54,0.64525,,0.5747294872801937,0.39000097646714194,1.2136490248683759e-08,bidisperse_a0.005_sr0.667_x0.75_N4000_L24_T400000_seed2.npz,bidisperse,2,0.005,0.6666666666666666,0.75,0.6605474174299705
150000.0,0.9127269229090181,54,0.6425,,0.5255306239250195,0.3877751572327044,1.1367502535552242e-08,bidisperse_a0.005_sr0.667_x0.75_N4000_L24_T400000_seed2.npz,bidisperse,2,0.005,0.6666666666666666,0.75,0.6605474174299705
152000.0,0.9085405515654095,51,0.637,,0.5254166169182418,0.3842922731268926,1.2053852685485908e-08,bidisperse_a0.005_sr0.667_x0.75_N4000_L24_T400000_seed2.npz,bidisperse,2,0.005,0.6666666666666666,0.75,0.6605474174299705
154000.0,0.9092379937679235,57,0.72975,,0.5228590530827283,0.3656591513242099,1.1545433101622378e-08,bidisperse_a0.005_sr0.667_x0.75_N4000_L24_T400000_seed2.npz,bidisperse,2,0.005,0.6666666666666666,0.75,0.6605474174299705
156000.0,0.9100877932034702,55,0.728,,0.5553740446118062,0.3805830961028762,1.2553009215408482e-08,bidisperse_a0.005_sr0.667_x0.75_N4000_L24_T400000_seed2.npz,bidisperse,2,0.005,0.6666666666666666,0.75,0.6605474174299705
158000.0,0.9129394980777128,51,0.75775,,0.5412209111393133,0.3827403184588166,1.1602845223759954e-08,bidisperse_a0.005_sr0.667_x0.75_N4000_L24_T400000_seed2.npz,bidisperse,2,0.005,0.6666666666666666,0.75,0.6605474174299705
160000.0,0.9127303572173965,50,0.75625,,0.5328541391661884,0.36915009399426135,1.333338308487607e-08,bidisperse_a0.005_sr0.667_x0.75_N4000_L24_T400000_seed2.npz,bidisperse,2,0.005,0.6666666666666666,0.75,0.6605474174299705
162000.0,0.9109461547728197,46,0.76275,,0.5227336647623825,0.3855021492770614,1.2289616877455096e-08,bidisperse_a0.005_sr0.667_x0.75_N4000_L24_T400000_seed2.npz,bidisperse,2,0.005,0.6666666666666666,0.75,0.6605474174299705
164000.0,0.9108301267661002,50,0.75975,,0.5584818333317517,0.386653677545056,1.0785429040300127e-08,bidisperse_a0.005_sr0.667_x0.75_N4000_L24_T400000_seed2.npz,bidisperse,2,0.005,0.6666666666666666,0.75,0.6605474174299705
166000.0,0.9112407464502658,41,0.7565,,0.5227936281988965,0.3844282238442822,1.2290494217915678e-08,bidisperse_a0.005_sr0.667_x0.75_N4000_L24_T400000_seed2.npz,bidisperse,2,0.005,0.6666666666666666,0.75,0.6605474174299705
168000.0,0.9117053550034151,47,0.762,,0.5710556269967255,0.37285979845416295,1.0593940232682638e-08,bidisperse_a0.005_sr0.667_x0.75_N4000_L24_T400000_seed2.npz,bidisperse,2,0.005,0.6666666666666666,0.75,0.6605474174299705
170000.0,0.913293785813178,44,0.7605,,0.5290164251149202,0.3794721407624634,1.1173295935335268e-08,bidisperse_a0.005_sr0.667_x0.75_N4000_L24_T400000_seed2.npz,bidisperse,2,0.005,0.6666666666666666,0.75,0.6605474174299705
172000.0,0.913835070418939,44,0.75275,,0.523535176539512,0.38613861386138615,1.1546685640233516e-08,bidisperse_a0.005_sr0.667_x0.75_N4000_L24_T400000_seed2.npz,bidisperse,2,0.005,0.6666666666666666,0.75,0.6605474174299705
174000.0,0.91284754335408,46,0.744,,0.4623494224671629,0.3919593074439989,1.3648408748778259e-08,bidisperse_a0.005_sr0.667_x0.75_N4000_L24_T400000_seed2.npz,bidisperse,2,0.005,0.6666666666666666,0.75,0.6605474174299705
176000.0,0.9128236331602135,59,0.7285,,0.5417012675091629,0.38218703612073235,1.3806422827786556e-08,bidisperse_a0.005_sr0.667_x0.75_N4000_L24_T400000_seed2.npz,bidisperse,2,0.005,0.6666666666666666,0.75,0.6605474174299705
178000.0,0.9110926965052851,64,0.736,,0.49618685995149997,0.38493475682087785,1.1991024723645922e-08,bidisperse_a0.005_sr0.667_x0.75_N4000_L24_T400000_seed2.npz,bidisperse,2,0.005,0.6666666666666666,0.75,0.6605474174299705
180000.0,0.9119806436107002,60,0.73675,,0.5105884523353145,0.37088783194609587,1.3336032289984729e-08,bidisperse_a0.005_sr0.667_x0.75_N4000_L24_T400000_seed2.npz,bidisperse,2,0.005,0.6666666666666666,0.75,0.6605474174299705
182000.0,0.9127011778986914,54,0.734,,0.5258122929610785,0.3882989183874139,1.1717558608002429e-08,bidisperse_a0.005_sr0.667_x0.75_N4000_L24_T400000_seed2.npz,bidisperse,2,0.005,0.6666666666666666,0.75,0.6605474174299705
184000.0,0.9109984115836562,62,0.73725,,0.5672814069838166,0.38610343466245556,1.263010520035883e-08,bidisperse_a0.005_sr0.667_x0.75_N4000_L24_T400000_seed2.npz,bidisperse,2,0.005,0.6666666666666666,0.75,0.6605474174299705
186000.0,0.913130026544636,51,0.74,,0.5595811605809943,0.3909126905563255,1.3362017923918003e-08,bidisperse_a0.005_sr0.667_x0.75_N4000_L24_T400000_seed2.npz,bidisperse,2,0.005,0.6666666666666666,0.75,0.6605474174299705
188000.0,0.9126470675535101,67,0.73375,,0.5387822176122519,0.40218460932887223,1.2418445203538828e-08,bidisperse_a0.005_sr0.667_x0.75_N4000_L24_T400000_seed2.npz,bidisperse,2,0.005,0.6666666666666666,0.75,0.6605474174299705
190000.0,0.9143308718460391,67,0.7265,,0.6166437060540254,0.39402335246388287,1.5853878211039548e-08,bidisperse_a0.005_sr0.667_x0.75_N4000_L24_T400000_seed2.npz,bidisperse,2,0.005,0.6666666666666666,0.75,0.6605474174299705
192000.0,0.9104228875517214,67,0.72725,,0.5305148301044964,0.39226574119980173,1.4762034887565745e-08,bidisperse_a0.005_sr0.667_x0.75_N4000_L24_T400000_seed2.npz,bidisperse,2,0.005,0.6666666666666666,0.75,0.6605474174299705
194000.0,0.9095690766585416,45,0.7435,,0.5275821754341569,0.39009257435493405,1.1927829160326672e-08,bidisperse_a0.005_sr0.667_x0.75_N4000_L24_T400000_seed2.npz,bidisperse,2,0.005,0.6666666666666666,0.75,0.6605474174299705
196000.0,0.9120127696841871,44,0.7455,,0.5297021858551323,0.38764924642787235,1.167439063902662e-08,bidisperse_a0.005_sr0.667_x0.75_N4000_L24_T400000_seed2.npz,bidisperse,2,0.005,0.6666666666666666,0.75,0.6605474174299705
198000.0,0.9146330529886292,50,0.68275,,0.5197808673351245,0.38457014018233504,1.2166913053013467e-08,bidisperse_a0.005_sr0.667_x0.75_N4000_L24_T400000_seed2.npz,bidisperse,2,0.005,0.6666666666666666,0.75,0.6605474174299705
200000.0,0.9145427585351062,57,0.68875,0.5142715740994653,0.5266831592955677,0.3802566633761105,1.3409934678607549e-08,bidisperse_a0.005_sr0.667_x0.75_N4000_L24_T400000_seed2.npz,bidisperse,2,0.005,0.6666666666666666,0.75,0.6605474174299705
202000.0,0.912532318439589,58,0.69425,,0.5803951304232632,0.38163727711555506,1.2434085878807704e-08,bidisperse_a0.005_sr0.667_x0.75_N4000_L24_T400000_seed2.npz,bidisperse,2,0.005,0.6666666666666666,0.75,0.6605474174299705
204000.0,0.9141251131539593,55,0.706,,0.5751552243832073,0.3786187135658532,1.2541026089311752e-08,bidisperse_a0.005_sr0.667_x0.75_N4000_L24_T400000_seed2.npz,bidisperse,2,0.005,0.6666666666666666,0.75,0.6605474174299705
206000.0,0.9137729109812267,45,0.7115,,0.5433501797713941,0.3861395899053628,1.1313813249701547e-08,bidisperse_a0.005_sr0.667_x0.75_N4000_L24_T400000_seed2.npz,bidisperse,2,0.005,0.6666666666666666,0.75,0.6605474174299705
208000.0,0.9139727954561366,48,0.70525,,0.5161685351888796,0.3781256152785981,1.0147009635813888e-08,bidisperse_a0.005_sr0.667_x0.75_N4000_L24_T400000_seed2.npz,bidisperse,2,0.005,0.6666666666666666,0.75,0.6605474174299705
210000.0,0.9163632728424106,47,0.88575,,0.5431316135792111,0.3698034956058063,1.0890477617972529e-08,bidisperse_a0.005_sr0.667_x0.75_N4000_L24_T400000_seed2.npz,bidisperse,2,0.005,0.6666666666666666,0.75,0.6605474174299705
212000.0,0.9135074236389809,55,0.61525,,0.5867927655827733,0.3835670551056686,1.1716973878443468e-08,bidisperse_a0.005_sr0.667_x0.75_N4000_L24_T400000_seed2.npz,bidisperse,2,0.005,0.6666666666666666,0.75,0.6605474174299705
214000.0,0.9147354450105311,48,0.6405,,0.5181637591255481,0.40454723637789103,1.2396631216510808e-08,bidisperse_a0.005_sr0.667_x0.75_N4000_L24_T400000_seed2.npz,bidisperse,2,0.005,0.6666666666666666,0.75,0.6605474174299705
216000.0,0.9114580015550818,57,0.63675,,0.4978805136881404,0.3967957538824455,1.4509089684932867e-08,bidisperse_a0.005_sr0.667_x0.75_N4000_L24_T400000_seed2.npz,bidisperse,2,0.005,0.6666666666666666,0.75,0.6605474174299705
218000.0,0.9104807152473,61,0.68725,,0.5084115231257262,0.38929488445585625,1.3328911174913077e-08,bidisperse_a0.005_sr0.667_x0.75_N4000_L24_T400000_seed2.npz,bidisperse,2,0.005,0.6666666666666666,0.75,0.6605474174299705
220000.0,0.9108722373922868,47,0.88875,,0.5130608448093199,0.3901503981126512,1.2184453891621293e-08,bidisperse_a0.005_sr0.667_x0.75_N4000_L24_T400000_seed2.npz,bidisperse,2,0.005,0.6666666666666666,0.75,0.6605474174299705
222000.0,0.9085588478976221,57,0.886,,0.5172492324686222,0.3757545769421079,1.314461290034615e-08,bidisperse_a0.005_sr0.667_x0.75_N4000_L24_T400000_seed2.npz,bidisperse,2,0.005,0.6666666666666666,0.75,0.6605474174299705
224000.0,0.9105728951803727,60,0.88725,,0.5376741725289002,0.37973306969846765,1.4751896459550834e-08,bidisperse_a0.005_sr0.667_x0.75_N4000_L24_T400000_seed2.npz,bidisperse,2,0.005,0.6666666666666666,0.75,0.6605474174299705
226000.0,0.9097259372084707,52,0.88125,,0.5519150728726306,0.3891336270190896,1.586855497634009e-08,bidisperse_a0.005_sr0.667_x0.75_N4000_L24_T400000_seed2.npz,bidisperse,2,0.005,0.6666666666666666,0.75,0.6605474174299705
228000.0,0.9094179458383959,42,0.90925,,0.5174476345264795,0.39164465316505237,1.3572242896624875e-08,bidisperse_a0.005_sr0.667_x0.75_N4000_L24_T400000_seed2.npz,bidisperse,2,0.005,0.6666666666666666,0.75,0.6605474174299705
230000.0,0.9068300766926386,63,0.87675,,0.5073922077381051,0.39669663799843624,1.354339764224808e-08,bidisperse_a0.005_sr0.667_x0.75_N4000_L24_T400000_seed2.npz,bidisperse,2,0.005,0.6666666666666666,0.75,0.6605474174299705
232000.0,0.9078461529457964,53,0.8885,,0.4739034837663955,0.40176664725296063,1.2667595549915062e-08,bidisperse_a0.005_sr0.667_x0.75_N4000_L24_T400000_seed2.npz,bidisperse,2,0.005,0.6666666666666666,0.75,0.6605474174299705
234000.0,0.9080888328751515,50,0.88875,,0.5054389138673433,0.3901652165412064,1.0877970646650504e-08,bidisperse_a0.005_sr0.667_x0.75_N4000_L24_T400000_seed2.npz,bidisperse,2,0.005,0.6666666666666666,0.75,0.6605474174299705
236000.0,0.9076927995988183,59,0.8785,,0.5289209780295093,0.39450259219407224,1.051475474097517e-08,bidisperse_a0.005_sr0.667_x0.75_N4000_L24_T400000_seed2.npz,bidisperse,2,0.005,0.6666666666666666,0.75,0.6605474174299705
238000.0,0.9067886332461881,53,0.869,,0.4917718841286477,0.3828086450212178,1.1666312816964975e-08,bidisperse_a0.005_sr0.667_x0.75_N4000_L24_T400000_seed2.npz,bidisperse,2,0.005,0.6666666666666666,0.75,0.6605474174299705
240000.0,0.9079778578757703,63,0.8705,,0.5012532388302491,0.3806190851735016,1.1119709576892398e-08,bidisperse_a0.005_sr0.667_x0.75_N4000_L24_T400000_seed2.npz,bidisperse,2,0.005,0.6666666666666666,0.75,0.6605474174299705
242000.0,0.9063132442002944,48,0.8915,,0.48028431489691653,0.3819001862927738,1.4180742666916763e-08,bidisperse_a0.005_sr0.667_x0.75_N4000_L24_T400000_seed2.npz,bidisperse,2,0.005,0.6666666666666666,0.75,0.6605474174299705
244000.0,0.9059086308865271,48,0.88875,,0.4409242707218038,0.3880757220921155,1.3884789201449926e-08,bidisperse_a0.005_sr0.667_x0.75_N4000_L24_T400000_seed2.npz,bidisperse,2,0.005,0.6666666666666666,0.75,0.6605474174299705
246000.0,0.9065361893588361,57,0.86675,,0.5029405129551255,0.3837515867591056,1.4006426668136715e-08,bidisperse_a0.005_sr0.667_x0.75_N4000_L24_T400000_seed2.npz,bidisperse,2,0.005,0.6666666666666666,0.75,0.6605474174299705
248000.0,0.9067426011640357,59,0.85775,,0.4818567978843669,0.3655966916108704,1.5420874027275707e-08,bidisperse_a0.005_sr0.667_x0.75_N4000_L24_T400000_seed2.npz,bidisperse,2,0.005,0.6666666666666666,0.75,0.6605474174299705
250000.0,0.9056334366336112,55,0.86125,,0.4875743533128882,0.3554540035763958,1.4400571975158158e-08,bidisperse_a0.005_sr0.667_x0.75_N4000_L24_T400000_seed2.npz,bidisperse,2,0.005,0.6666666666666666,0.75,0.6605474174299705
252000.0,0.9063726580065178,56,0.862,,0.4851412146625199,0.3627101879327399,1.4478189355084797e-08,bidisperse_a0.005_sr0.667_x0.75_N4000_L24_T400000_seed2.npz,bidisperse,2,0.005,0.6666666666666666,0.75,0.6605474174299705
254000.0,0.9063875043212237,58,0.8475,,0.47883474063605297,0.35473945409429275,1.727541199477786e-08,bidisperse_a0.005_sr0.667_x0.75_N4000_L24_T400000_seed2.npz,bidisperse,2,0.005,0.6666666666666666,0.75,0.6605474174299705
256000.0,0.9081605113565244,56,0.881,,0.5340421373076268,0.36632492113564674,1.1934925992730059e-08,bidisperse_a0.005_sr0.667_x0.75_N4000_L24_T400000_seed2.npz,bidisperse,2,0.005,0.6666666666666666,0.75,0.6605474174299705
258000.0,0.9092107681587906,47,0.88075,,0.5349318959079029,0.37636096125551743,1.0613955472485388e-08,bidisperse_a0.005_sr0.667_x0.75_N4000_L24_T400000_seed2.npz,bidisperse,2,0.005,0.6666666666666666,0.75,0.6605474174299705
260000.0,0.9063229791385223,67,0.86,,0.463090300877477,0.3711441805459742,1.2680487899600328e-08,bidisperse_a0.005_sr0.667_x0.75_N4000_L24_T400000_seed2.npz,bidisperse,2,0.005,0.6666666666666666,0.75,0.6605474174299705
262000.0,0.9076629278065279,53,0.853,,0.4789761166056582,0.36475004939735234,1.6861054508325183e-08,bidisperse_a0.005_sr0.667_x0.75_N4000_L24_T400000_seed2.npz,bidisperse,2,0.005,0.6666666666666666,0.75,0.6605474174299705
264000.0,0.9086729986489945,66,0.848,,0.4844219580217582,0.36051246399841097,1.3194233109644675e-08,bidisperse_a0.005_sr0.667_x0.75_N4000_L24_T400000_seed2.npz,bidisperse,2,0.005,0.6666666666666666,0.75,0.6605474174299705
266000.0,0.9056162709975243,61,0.85525,,0.48384327836341295,0.3669314796425025,1.4479271025110049e-08,bidisperse_a0.005_sr0.667_x0.75_N4000_L24_T400000_seed2.npz,bidisperse,2,0.005,0.6666666666666666,0.75,0.6605474174299705
268000.0,0.9069334941544066,56,0.875,,0.49210489424016146,0.3662391887861617,1.4455552531860762e-08,bidisperse_a0.005_sr0.667_x0.75_N4000_L24_T400000_seed2.npz,bidisperse,2,0.005,0.6666666666666666,0.75,0.6605474174299705
270000.0,0.907593595938526,55,0.885,,0.497931537988294,0.3802247634069401,1.3835292059249705e-08,bidisperse_a0.005_sr0.667_x0.75_N4000_L24_T400000_seed2.npz,bidisperse,2,0.005,0.6666666666666666,0.75,0.6605474174299705
272000.0,0.9098969878107042,62,0.8615,,0.517921788786091,0.37523470698685646,1.295736574186536e-08,bidisperse_a0.005_sr0.667_x0.75_N4000_L24_T400000_seed2.npz,bidisperse,2,0.005,0.6666666666666666,0.75,0.6605474174299705
274000.0,0.9088903500452393,63,0.90975,,0.5860725692580336,0.3956194387405887,1.1305147058666566e-08,bidisperse_a0.005_sr0.667_x0.75_N4000_L24_T400000_seed2.npz,bidisperse,2,0.005,0.6666666666666666,0.75,0.6605474174299705
276000.0,0.9088300199480598,58,0.86775,,0.5316043458707072,0.3807398591688982,1.2689074438051403e-08,bidisperse_a0.005_sr0.667_x0.75_N4000_L24_T400000_seed2.npz,bidisperse,2,0.005,0.6666666666666666,0.75,0.6605474174299705
278000.0,0.9089519589717787,62,0.8615,,0.49829100864504894,0.3983117393011386,1.4254422007687264e-08,bidisperse_a0.005_sr0.667_x0.75_N4000_L24_T400000_seed2.npz,bidisperse,2,0.005,0.6666666666666666,0.75,0.6605474174299705
280000.0,0.9094712484664133,67,0.838,,0.513494191892826,0.3911246679130178,1.4476560954434321e-08,bidisperse_a0.005_sr0.667_x0.75_N4000_L24_T400000_seed2.npz,bidisperse,2,0.005,0.6666666666666666,0.75,0.6605474174299705
282000.0,0.9099792549355491,66,0.827,,0.4769937336068991,0.38767298066542355,1.5732306332680554e-08,bidisperse_a0.005_sr0.667_x0.75_N4000_L24_T400000_seed2.npz,bidisperse,2,0.005,0.6666666666666666,0.75,0.6605474174299705
284000.0,0.9075164257165467,63,0.8255,,0.5080329972221005,0.37962962962962965,1.557435009307983e-08,bidisperse_a0.005_sr0.667_x0.75_N4000_L24_T400000_seed2.npz,bidisperse,2,0.005,0.6666666666666666,0.75,0.6605474174299705
286000.0,0.9050477292428601,65,0.83425,,0.47823937675145306,0.39068170671897984,1.5153099856705973e-08,bidisperse_a0.005_sr0.667_x0.75_N4000_L24_T400000_seed2.npz,bidisperse,2,0.005,0.6666666666666666,0.75,0.6605474174299705
288000.0,0.9055456945719444,55,0.83375,,0.4693896481151535,0.3784367635506677,1.408532202078399e-08,bidisperse_a0.005_sr0.667_x0.75_N4000_L24_T400000_seed2.npz,bidisperse,2,0.005,0.6666666666666666,0.75,0.6605474174299705
290000.0,0.9073224883359217,58,0.83875,,0.5279208343575925,0.36824457593688364,1.1462484540410171e-08,bidisperse_a0.005_sr0.667_x0.75_N4000_L24_T400000_seed2.npz,bidisperse,2,0.005,0.6666666666666666,0.75,0.6605474174299705
292000.0,0.9089159650548357,49,0.85375,,0.521647850832038,0.3741523341523342,1.2088054082701874e-08,bidisperse_a0.005_sr0.667_x0.75_N4000_L24_T400000_seed2.npz,bidisperse,2,0.005,0.6666666666666666,0.75,0.6605474174299705
294000.0,0.9080149882069073,57,0.847,,0.5152861684671732,0.37100881488736537,1.2707364362425777e-08,bidisperse_a0.005_sr0.667_x0.75_N4000_L24_T400000_seed2.npz,bidisperse,2,0.005,0.6666666666666666,0.75,0.6605474174299705
296000.0,0.9085119703277308,52,0.8455,,0.4801402717478005,0.37318840579710144,1.1919706443566236e-08,bidisperse_a0.005_sr0.667_x0.75_N4000_L24_T400000_seed2.npz,bidisperse,2,0.005,0.6666666666666666,0.75,0.6605474174299705
298000.0,0.9086000477734008,60,0.84625,,0.537895827248258,0.3756613756613757,1.1266952190135205e-08,bidisperse_a0.005_sr0.667_x0.75_N4000_L24_T400000_seed2.npz,bidisperse,2,0.005,0.6666666666666666,0.75,0.6605474174299705
300000.0,0.9086071516749666,63,0.85125,0.5138367046434592,0.550182323419195,0.38704951655435105,1.3298884636100773e-08,bidisperse_a0.005_sr0.667_x0.75_N4000_L24_T400000_seed2.npz,bidisperse,2,0.005,0.6666666666666666,0.75,0.6605474174299705
302000.0,0.906840286673501,55,0.84175,,0.5038641115289367,0.36338363780778393,1.2399102160999263e-08,bidisperse_a0.005_sr0.667_x0.75_N4000_L24_T400000_seed2.npz,bidisperse,2,0.005,0.6666666666666666,0.75,0.6605474174299705
304000.0,0.9082007915966609,72,0.838,,0.5031212905304059,0.36920185936109184,1.4085831232244138e-08,bidisperse_a0.005_sr0.667_x0.75_N4000_L24_T400000_seed2.npz,bidisperse,2,0.005,0.6666666666666666,0.75,0.6605474174299705
306000.0,0.9091701859376685,61,0.8375,,0.4980782552916332,0.3664676616915423,1.3438344531801437e-08,bidisperse_a0.005_sr0.667_x0.75_N4000_L24_T400000_seed2.npz,bidisperse,2,0.005,0.6666666666666666,0.75,0.6605474174299705
308000.0,0.9091910748746322,72,0.82,,0.5228240349009899,0.35664265706282516,1.6090644166688134e-08,bidisperse_a0.005_sr0.667_x0.75_N4000_L24_T400000_seed2.npz,bidisperse,2,0.005,0.6666666666666666,0.75,0.6605474174299705
310000.0,0.9093655187648052,58,0.84175,,0.49592028262222804,0.3697952724755217,1.6342729836114682e-08,bidisperse_a0.005_sr0.667_x0.75_N4000_L24_T400000_seed2.npz,bidisperse,2,0.005,0.6666666666666666,0.75,0.6605474174299705
312000.0,0.9066563198369023,65,0.842,,0.4518685686618655,0.3712113732846283,1.1474003607665672e-08,bidisperse_a0.005_sr0.667_x0.75_N4000_L24_T400000_seed2.npz,bidisperse,2,0.005,0.6666666666666666,0.75,0.6605474174299705
314000.0,0.9093892786434458,57,0.845,,0.5350019871026558,0.3655022695875272,1.2979844377315537e-08,bidisperse_a0.005_sr0.667_x0.75_N4000_L24_T400000_seed2.npz,bidisperse,2,0.005,0.6666666666666666,0.75,0.6605474174299705
316000.0,0.9090063119530559,63,0.88025,,0.5162027928299459,0.3600474918373404,1.3800954691971806e-08,bidisperse_a0.005_sr0.667_x0.75_N4000_L24_T400000_seed2.npz,bidisperse,2,0.005,0.6666666666666666,0.75,0.6605474174299705
318000.0,0.908058108084561,59,0.87125,,0.5098687878350275,0.3572490337924884,1.3653525906637452e-08,bidisperse_a0.005_sr0.667_x0.75_N4000_L24_T400000_seed2.npz,bidisperse,2,0.005,0.6666666666666666,0.75,0.6605474174299705
320000.0,0.9075739401315639,59,0.87675,,0.49378216384979823,0.35821042281219273,1.140408756922058e-08,bidisperse_a0.005_sr0.667_x0.75_N4000_L24_T400000_seed2.npz,bidisperse,2,0.005,0.6666666666666666,0.75,0.6605474174299705
322000.0,0.9092200018549057,52,0.88575,,0.5419795499024647,0.35567111459968603,1.2552695629048509e-08,bidisperse_a0.005_sr0.667_x0.75_N4000_L24_T400000_seed2.npz,bidisperse,2,0.005,0.6666666666666666,0.75,0.6605474174299705
324000.0,0.9087722466007896,60,0.89025,,0.5382512319586323,0.35853322847031066,1.2211413711104253e-08,bidisperse_a0.005_sr0.667_x0.75_N4000_L24_T400000_seed2.npz,bidisperse,2,0.005,0.6666666666666666,0.75,0.6605474174299705
326000.0,0.9099462893667197,54,0.87325,,0.5323231653209678,0.3697528442526481,1.2313754135174145e-08,bidisperse_a0.005_sr0.667_x0.75_N4000_L24_T400000_seed2.npz,bidisperse,2,0.005,0.6666666666666666,0.75,0.6605474174299705
328000.0,0.9067038221264351,59,0.8965,,0.4910143418487324,0.37704116554219225,1.3895521833688964e-08,bidisperse_a0.005_sr0.667_x0.75_N4000_L24_T400000_seed2.npz,bidisperse,2,0.005,0.6666666666666666,0.75,0.6605474174299705
330000.0,0.9093313533909888,59,0.892,,0.4926267320525933,0.36428359537229305,1.2815500454056906e-08,bidisperse_a0.005_sr0.667_x0.75_N4000_L24_T400000_seed2.npz,bidisperse,2,0.005,0.6666666666666666,0.75,0.6605474174299705
332000.0,0.9053923985502839,60,0.89375,,0.444981851197063,0.35515695067264574,1.3614760316068216e-08,bidisperse_a0.005_sr0.667_x0.75_N4000_L24_T400000_seed2.npz,bidisperse,2,0.005,0.6666666666666666,0.75,0.6605474174299705
334000.0,0.9072890509249869,51,0.537,,0.4559032212055015,0.3661250615460364,1.3930768936070344e-08,bidisperse_a0.005_sr0.667_x0.75_N4000_L24_T400000_seed2.npz,bidisperse,2,0.005,0.6666666666666666,0.75,0.6605474174299705
336000.0,0.9088085450797613,50,0.53625,,0.454749757541366,0.3587289055561038,1.2264659855531976e-08,bidisperse_a0.005_sr0.667_x0.75_N4000_L24_T400000_seed2.npz,bidisperse,2,0.005,0.6666666666666666,0.75,0.6605474174299705
338000.0,0.9071633929881553,44,0.5395,,0.4793566859048715,0.36887579774177714,1.4026397767034769e-08,bidisperse_a0.005_sr0.667_x0.75_N4000_L24_T400000_seed2.npz,bidisperse,2,0.005,0.6666666666666666,0.75,0.6605474174299705
340000.0,0.907815769375529,58,0.53675,,0.48347177191058605,0.37990243902439025,1.41400488580386e-08,bidisperse_a0.005_sr0.667_x0.75_N4000_L24_T400000_seed2.npz,bidisperse,2,0.005,0.6666666666666666,0.75,0.6605474174299705
342000.0,0.9083337926997532,56,0.541,,0.522349568117901,0.36887182516243355,1.1387054502757018e-08,bidisperse_a0.005_sr0.667_x0.75_N4000_L24_T400000_seed2.npz,bidisperse,2,0.005,0.6666666666666666,0.75,0.6605474174299705
344000.0,0.9081465284537501,56,0.54125,,0.5054830085152845,0.36685104701698934,1.1473117587858462e-08,bidisperse_a0.005_sr0.667_x0.75_N4000_L24_T400000_seed2.npz,bidisperse,2,0.005,0.6666666666666666,0.75,0.6605474174299705
346000.0,0.9075473853727599,56,0.54875,,0.4888301185013507,0.3704140847841054,1.2179986601319498e-08,bidisperse_a0.005_sr0.667_x0.75_N4000_L24_T400000_seed2.npz,bidisperse,2,0.005,0.6666666666666666,0.75,0.6605474174299705
348000.0,0.9094226472260618,54,0.87725,,0.5410736292483166,0.3917575993764614,1.1647319830684385e-08,bidisperse_a0.005_sr0.667_x0.75_N4000_L24_T400000_seed2.npz,bidisperse,2,0.005,0.6666666666666666,0.75,0.6605474174299705
350000.0,0.911571621671258,60,0.88625,,0.5579859576545714,0.3730221518987342,1.054569716707533e-08,bidisperse_a0.005_sr0.667_x0.75_N4000_L24_T400000_seed2.npz,bidisperse,2,0.005,0.6666666666666666,0.75,0.6605474174299705
352000.0,0.9087184625576337,53,0.88925,,0.495740850562554,0.3684679334916865,1.1016878085025264e-08,bidisperse_a0.005_sr0.667_x0.75_N4000_L24_T400000_seed2.npz,bidisperse,2,0.005,0.6666666666666666,0.75,0.6605474174299705
354000.0,0.9085774251466672,47,0.8825,,0.4906751979415305,0.3838472834067548,9.783225783644596e-09,bidisperse_a0.005_sr0.667_x0.75_N4000_L24_T400000_seed2.npz,bidisperse,2,0.005,0.6666666666666666,0.75,0.6605474174299705
356000.0,0.9090868823016167,49,0.8955,,0.4764252521406982,0.362065560821485,1.1132155926806695e-08,bidisperse_a0.005_sr0.667_x0.75_N4000_L24_T400000_seed2.npz,bidisperse,2,0.005,0.6666666666666666,0.75,0.6605474174299705
358000.0,0.9117259037814359,52,0.54,,0.506482012173674,0.3616538385632524,1.1475530182120913e-08,bidisperse_a0.005_sr0.667_x0.75_N4000_L24_T400000_seed2.npz,bidisperse,2,0.005,0.6666666666666666,0.75,0.6605474174299705
360000.0,0.9099605652562066,49,0.87775,,0.4707377047609646,0.39170416748190173,1.3406784692358163e-08,bidisperse_a0.005_sr0.667_x0.75_N4000_L24_T400000_seed2.npz,bidisperse,2,0.005,0.6666666666666666,0.75,0.6605474174299705
362000.0,0.9112267129266028,52,0.865,,0.4948334621835948,0.3921819614021268,1.1384345566956643e-08,bidisperse_a0.005_sr0.667_x0.75_N4000_L24_T400000_seed2.npz,bidisperse,2,0.005,0.6666666666666666,0.75,0.6605474174299705
364000.0,0.9089540578904168,61,0.56125,,0.4672646355416534,0.3994325963607904,1.374354657421528e-08,bidisperse_a0.005_sr0.667_x0.75_N4000_L24_T400000_seed2.npz,bidisperse,2,0.005,0.6666666666666666,0.75,0.6605474174299705
366000.0,0.9101204884389216,53,0.56025,,0.4875652063491392,0.38988851946019953,1.3773546097593744e-08,bidisperse_a0.005_sr0.667_x0.75_N4000_L24_T400000_seed2.npz,bidisperse,2,0.005,0.6666666666666666,0.75,0.6605474174299705
368000.0,0.9130579048487621,54,0.5605,,0.4989462740668827,0.3808777429467085,1.2042285216851593e-08,bidisperse_a0.005_sr0.667_x0.75_N4000_L24_T400000_seed2.npz,bidisperse,2,0.005,0.6666666666666666,0.75,0.6605474174299705
370000.0,0.90860025565169,53,0.55825,,0.5340858070709996,0.37851158206012814,1.2027746766318276e-08,bidisperse_a0.005_sr0.667_x0.75_N4000_L24_T400000_seed2.npz,bidisperse,2,0.005,0.6666666666666666,0.75,0.6605474174299705
372000.0,0.9117032500752528,54,0.547,,0.5231186764765864,0.37587671638842235,1.3609662326100684e-08,bidisperse_a0.005_sr0.667_x0.75_N4000_L24_T400000_seed2.npz,bidisperse,2,0.005,0.6666666666666666,0.75,0.6605474174299705
374000.0,0.911174312964252,62,0.52725,,0.5734117513990467,0.3812518423897022,1.28601345251388e-08,bidisperse_a0.005_sr0.667_x0.75_N4000_L24_T400000_seed2.npz,bidisperse,2,0.005,0.6666666666666666,0.75,0.6605474174299705
376000.0,0.9112228471770991,71,0.5415,,0.5201513966020344,0.3746169813185727,1.4538727152587484e-08,bidisperse_a0.005_sr0.667_x0.75_N4000_L24_T400000_seed2.npz,bidisperse,2,0.005,0.6666666666666666,0.75,0.6605474174299705
378000.0,0.9171044352153828,57,0.52825,,0.5275455053640467,0.3630750846444931,1.3746449863619907e-08,bidisperse_a0.005_sr0.667_x0.75_N4000_L24_T400000_seed2.npz,bidisperse,2,0.005,0.6666666666666666,0.75,0.6605474174299705
380000.0,0.9108187179455758,54,0.53275,,0.5177060812276634,0.37277227722772277,1.3991368414783282e-08,bidisperse_a0.005_sr0.667_x0.75_N4000_L24_T400000_seed2.npz,bidisperse,2,0.005,0.6666666666666666,0.75,0.6605474174299705
382000.0,0.9118002696170617,56,0.86425,,0.5042151277152875,0.3865537946648292,1.49481545930262e-08,bidisperse_a0.005_sr0.667_x0.75_N4000_L24_T400000_seed2.npz,bidisperse,2,0.005,0.6666666666666666,0.75,0.6605474174299705
384000.0,0.910410452991508,55,0.55775,,0.5368678905721922,0.393921568627451,1.3067071779611413e-08,bidisperse_a0.005_sr0.667_x0.75_N4000_L24_T400000_seed2.npz,bidisperse,2,0.005,0.6666666666666666,0.75,0.6605474174299705
386000.0,0.913832280438963,49,0.54175,,0.5345723222197735,0.386281234688878,1.0748364503182736e-08,bidisperse_a0.005_sr0.667_x0.75_N4000_L24_T400000_seed2.npz,bidisperse,2,0.005,0.6666666666666666,0.75,0.6605474174299705
388000.0,0.9130572188943307,47,0.5425,,0.49862478048452546,0.38310546874999996,1.2023906666861339e-08,bidisperse_a0.005_sr0.667_x0.75_N4000_L24_T400000_seed2.npz,bidisperse,2,0.005,0.6666666666666666,0.75,0.6605474174299705
390000.0,0.9141916884423336,55,0.53325,,0.5333687329863984,0.3910630841121495,1.5013458488206415e-08,bidisperse_a0.005_sr0.667_x0.75_N4000_L24_T400000_seed2.npz,bidisperse,2,0.005,0.6666666666666666,0.75,0.6605474174299705
392000.0,0.9084784021651878,49,0.5615,,0.5235418013416783,0.3935633966653742,1.2090528626407528e-08,bidisperse_a0.005_sr0.667_x0.75_N4000_L24_T400000_seed2.npz,bidisperse,2,0.005,0.6666666666666666,0.75,0.6605474174299705
394000.0,0.9111533186947363,48,0.5325,,0.5428917040731706,0.39091086025690935,1.3262978576195275e-08,bidisperse_a0.005_sr0.667_x0.75_N4000_L24_T400000_seed2.npz,bidisperse,2,0.005,0.6666666666666666,0.75,0.6605474174299705
396000.0,0.9104183101703325,42,0.5385,,0.5586491340344496,0.382903981264637,1.3672479554934812e-08,bidisperse_a0.005_sr0.667_x0.75_N4000_L24_T400000_seed2.npz,bidisperse,2,0.005,0.6666666666666666,0.75,0.6605474174299705
398000.0,0.9095504509587636,44,0.52225,,0.4727015283721678,0.375427956568522,1.3434128821531914e-08,bidisperse_a0.005_sr0.667_x0.75_N4000_L24_T400000_seed2.npz,bidisperse,2,0.005,0.6666666666666666,0.75,0.6605474174299705
400000.0,0.9122082059548734,52,0.5085,0.5133267273240661,0.49974956691500766,0.39173247538266553,1.1886018799050404e-08,bidisperse_a0.005_sr0.667_x0.75_N4000_L24_T400000_seed2.npz,bidisperse,2,0.005,0.6666666666666666,0.75,0.6605474174299705
0.0,0.99674515939866,785,0.00575,0.8872334445084951,,,,bidisperse_a0.005_sr0.667_x0.75_N4000_L24_T400000_seed3.npz,bidisperse,3,0.005,0.6666666666666666,0.75,0.6072486496374825
2000.0,0.9765113971475811,76,0.06875,,0.09922428127158246,0.8640101934437623,1.7218614717570922e-08,bidisperse_a0.005_sr0.667_x0.75_N4000_L24_T400000_seed3.npz,bidisperse,3,0.005,0.6666666666666666,0.75,0.6072486496374825
4000.0,0.9686860590555161,56,0.1345,,0.6826123632537268,0.6556363998803947,1.237209153874537e-08,bidisperse_a0.005_sr0.667_x0.75_N4000_L24_T400000_seed3.npz,bidisperse,3,0.005,0.6666666666666666,0.75,0.6072486496374825
6000.0,0.9630810809019584,53,0.13,,0.7462803678509432,0.6075986939744731,1.2537806808996649e-08,bidisperse_a0.005_sr0.667_x0.75_N4000_L24_T400000_seed3.npz,bidisperse,3,0.005,0.6666666666666666,0.75,0.6072486496374825
8000.0,0.9609323392120431,42,0.21225,,0.7245512278921399,0.5952053448614659,1.259980651874455e-08,bidisperse_a0.005_sr0.667_x0.75_N4000_L24_T400000_seed3.npz,bidisperse,3,0.005,0.6666666666666666,0.75,0.6072486496374825
10000.0,0.9555016646050142,53,0.21625,,0.6899170481014282,0.5806104480532186,1.267135058267332e-08,bidisperse_a0.005_sr0.667_x0.75_N4000_L24_T400000_seed3.npz,bidisperse,3,0.005,0.6666666666666666,0.75,0.6072486496374825
12000.0,0.9547048709790613,54,0.1295,,0.722865241487645,0.5614878790852881,1.2146296064787145e-08,bidisperse_a0.005_sr0.667_x0.75_N4000_L24_T400000_seed3.npz,bidisperse,3,0.005,0.6666666666666666,0.75,0.6072486496374825
14000.0,0.9516944110164658,56,0.135,,0.679385965623382,0.5629622325214476,1.2851197484136767e-08,bidisperse_a0.005_sr0.667_x0.75_N4000_L24_T400000_seed3.npz,bidisperse,3,0.005,0.6666666666666666,0.75,0.6072486496374825
16000.0,0.9460977693641718,45,0.192,,0.6715286375533537,0.5705347541304135,1.4503971568697713e-08,bidisperse_a0.005_sr0.667_x0.75_N4000_L24_T400000_seed3.npz,bidisperse,3,0.005,0.6666666666666666,0.75,0.6072486496374825
18000.0,0.9438134878084373,49,0.18125,,0.6379877335390675,0.5365399686520376,1.2288017819268029e-08,bidisperse_a0.005_sr0.667_x0.75_N4000_L24_T400000_seed3.npz,bidisperse,3,0.005,0.6666666666666666,0.75,0.6072486496374825
20000.0,0.9432468431624873,49,0.26125,,0.6693992587459263,0.5218878248974008,1.1215510829777217e-08,bidisperse_a0.005_sr0.667_x0.75_N4000_L24_T400000_seed3.npz,bidisperse,3,0.005,0.6666666666666666,0.75,0.6072486496374825
22000.0,0.9415432843424416,38,0.2885,,0.6750858891703961,0.5319930407887106,9.633845101931884e-09,bidisperse_a0.005_sr0.667_x0.75_N4000_L24_T400000_seed3.npz,bidisperse,3,0.005,0.6666666666666666,0.75,0.6072486496374825
24000.0,0.9429608714194013,42,0.25275,,0.6415888253449712,0.5185832120329936,1.1196926684942481e-08,bidisperse_a0.005_sr0.667_x0.75_N4000_L24_T400000_seed3.npz,bidisperse,3,0.005,0.6666666666666666,0.75,0.6072486496374825
26000.0,0.9405734375111132,55,0.2135,,0.6452778844850813,0.5032730825598437,1.1430178862675868e-08,bidisperse_a0.005_sr0.667_x0.75_N4000_L24_T400000_seed3.npz,bidisperse,3,0.005,0.6666666666666666,0.75,0.6072486496374825
28000.0,0.9375829905977995,37,0.21475,,0.5984534385763288,0.4962143273150844,1.1486236824074291e-08,bidisperse_a0.005_sr0.667_x0.75_N4000_L24_T400000_seed3.npz,bidisperse,3,0.005,0.6666666666666666,0.75,0.6072486496374825
30000.0,0.9359990274275367,41,0.22625,,0.6975922847979507,0.4874915483434753,1.0865269790388175e-08,bidisperse_a0.005_sr0.667_x0.75_N4000_L24_T400000_seed3.npz,bidisperse,3,0.005,0.6666666666666666,0.75,0.6072486496374825
32000.0,0.9353165699442147,41,0.5385,,0.5812861101574555,0.480257385200351,1.2123464786795367e-08,bidisperse_a0.005_sr0.667_x0.75_N4000_L24_T400000_seed3.npz,bidisperse,3,0.005,0.6666666666666666,0.75,0.6072486496374825
34000.0,0.9351808711013264,36,0.5505,,0.6052553782736496,0.4847540185094983,1.2739714884171936e-08,bidisperse_a0.005_sr0.667_x0.75_N4000_L24_T400000_seed3.npz,bidisperse,3,0.005,0.6666666666666666,0.75,0.6072486496374825
36000.0,0.9326371471845337,47,0.632,,0.6190165087394037,0.4877954281286323,1.1598910281097553e-08,bidisperse_a0.005_sr0.667_x0.75_N4000_L24_T400000_seed3.npz,bidisperse,3,0.005,0.6666666666666666,0.75,0.6072486496374825
38000.0,0.9341350102711485,45,0.56525,,0.6386764298071536,0.4849777088583058,1.2225435069664837e-08,bidisperse_a0.005_sr0.667_x0.75_N4000_L24_T400000_seed3.npz,bidisperse,3,0.005,0.6666666666666666,0.75,0.6072486496374825
40000.0,0.9342381660747747,47,0.31275,,0.6091055848095724,0.47894891081371493,1.1780140865841106e-08,bidisperse_a0.005_sr0.667_x0.75_N4000_L24_T400000_seed3.npz,bidisperse,3,0.005,0.6666666666666666,0.75,0.6072486496374825
42000.0,0.933889401756303,48,0.31875,,0.6599810912562991,0.4820939334637965,1.2502857395446406e-08,bidisperse_a0.005_sr0.667_x0.75_N4000_L24_T400000_seed3.npz,bidisperse,3,0.005,0.6666666666666666,0.75,0.6072486496374825
44000.0,0.9332329309347297,43,0.601,,0.6008744098216285,0.473627238732533,1.3532143345229064e-08,bidisperse_a0.005_sr0.667_x0.75_N4000_L24_T400000_seed3.npz,bidisperse,3,0.005,0.6666666666666666,0.75,0.6072486496374825
46000.0,0.9314726090283053,53,0.62975,,0.6084481337052192,0.4749361116571653,1.1565295158773136e-08,bidisperse_a0.005_sr0.667_x0.75_N4000_L24_T400000_seed3.npz,bidisperse,3,0.005,0.6666666666666666,0.75,0.6072486496374825
48000.0,0.9307490496628368,42,0.4235,,0.6299167843076366,0.4762513521486872,1.2901367498201606e-08,bidisperse_a0.005_sr0.667_x0.75_N4000_L24_T400000_seed3.npz,bidisperse,3,0.005,0.6666666666666666,0.75,0.6072486496374825
50000.0,0.92858278344002,57,0.43775,,0.5990418418758688,0.4778156996587031,1.2578231891790414e-08,bidisperse_a0.005_sr0.667_x0.75_N4000_L24_T400000_seed3.npz,bidisperse,3,0.005,0.6666666666666666,0.75,0.6072486496374825
52000.0,0.9314011012491782,50,0.38375,,0.6429111266150341,0.48769661294991795,1.23324017119399e-08,bidisperse_a0.005_sr0.667_x0.75_N4000_L24_T400000_seed3.npz,bidisperse,3,0.005,0.6666666666666666,0.75,0.6072486496374825
54000.0,0.9301797916195316,44,0.43825,,0.6402486188280676,0.4787629673125856,1.2650908365139531e-08,bidisperse_a0.005_sr0.667_x0.75_N4000_L24_T400000_seed3.npz,bidisperse,3,0.005,0.6666666666666666,0.75,0.6072486496374825
56000.0,0.9289685663561243,55,0.3,,0.6250750418804275,0.45651522715926107,1.263595769277956e-08,bidisperse_a0.005_sr0.667_x0.75_N4000_L24_T400000_seed3.npz,bidisperse,3,0.005,0.6666666666666666,0.75,0.6072486496374825
58000.0,0.9314168733619195,57,0.34,,0.6445795454011152,0.46958325103693466,1.2736057565900134e-08,bidisperse_a0.005_sr0.667_x0.75_N4000_L24_T400000_seed3.npz,bidisperse,3,0.005,0.6666666666666666,0.75,0.6072486496374825
60000.0,0.9282272939741563,51,0.29175,,0.5873565717887697,0.45495093666369313,1.3651907838925256e-08,bidisperse_a0.005_sr0.667_x0.75_N4000_L24_T400000_seed3.npz,bidisperse,3,0.005,0.6666666666666666,0.75,0.6072486496374825
62000.0,0.9269620563875558,44,0.29,,0.6195323554545978,0.47361246348588115,1.2841759913932904e-08,bidisperse_a0.005_sr0.667_x0.75_N4000_L24_T400000_seed3.npz,bidisperse,3,0.005,0.6666666666666666,0.75,0.6072486496374825
64000.0,0.9282905054264605,39,0.296,,0.625137273965136,0.45964432284541723,1.3738625796421352e-08,bidisperse_a0.005_sr0.667_x0.75_N4000_L24_T400000_seed3.npz,bidisperse,3,0.005,0.6666666666666666,0.75,0.6072486496374825
66000.0,0.9278338993337468,37,0.2895,,0.5375206405399072,0.45433300876338856,1.3645629611055229e-08,bidisperse_a0.005_sr0.667_x0.75_N4000_L24_T400000_seed3.npz,bidisperse,3,0.005,0.6666666666666666,0.75,0.6072486496374825
68000.0,0.9260950630801944,36,0.29225,,0.5825788675530564,0.4668269230769231,1.1369804501212998e-08,bidisperse_a0.005_sr0.667_x0.75_N4000_L24_T400000_seed3.npz,bidisperse,3,0.005,0.6666666666666666,0.75,0.6072486496374825
70000.0,0.9265861904814338,38,0.294,,0.5907599380389223,0.4470176121436217,1.0529264987530889e-08,bidisperse_a0.005_sr0.667_x0.75_N4000_L24_T400000_seed3.npz,bidisperse,3,0.005,0.6666666666666666,0.75,0.6072486496374825
72000.0,0.9244445678241145,44,0.29125,,0.584353410677552,0.4486570348104334,1.017892071307844e-08,bidisperse_a0.005_sr0.667_x0.75_N4000_L24_T400000_seed3.npz,bidisperse,3,0.005,0.6666666666666666,0.75,0.6072486496374825
74000.0,0.9248004195030901,43,0.27725,,0.6180736609634837,0.43483354485990433,1.2482522327162482e-08,bidisperse_a0.005_sr0.667_x0.75_N4000_L24_T400000_seed3.npz,bidisperse,3,0.005,0.6666666666666666,0.75,0.6072486496374825
76000.0,0.9248371434593254,37,0.29125,,0.599305215963542,0.4398098748666214,1.129324121524595e-08,bidisperse_a0.005_sr0.667_x0.75_N4000_L24_T400000_seed3.npz,bidisperse,3,0.005,0.6666666666666666,0.75,0.6072486496374825
78000.0,0.9240443935194848,55,0.4405,,0.5628684184048354,0.4366498251068791,1.1028872844847099e-08,bidisperse_a0.005_sr0.667_x0.75_N4000_L24_T400000_seed3.npz,bidisperse,3,0.005,0.6666666666666666,0.75,0.6072486496374825
80000.0,0.9250856050197102,51,0.4395,,0.6017879019022809,0.43196713293553757,1.1885718611145462e-08,bidisperse_a0.005_sr0.667_x0.75_N4000_L24_T400000_seed3.npz,bidisperse,3,0.005,0.6666666666666666,0.75,0.6072486496374825
82000.0,0.9259225507269453,46,0.42,,0.6102407436718764,0.44043887147335425,1.4180144848596888e-08,bidisperse_a0.005_sr0.667_x0.75_N4000_L24_T400000_seed3.npz,bidisperse,3,0.005,0.6666666666666666,0.75,0.6072486496374825
84000.0,0.9280312669615166,51,0.43375,,0.5718425145093543,0.4547934528448948,1.1794338501470744e-08,bidisperse_a0.005_sr0.667_x0.75_N4000_L24_T400000_seed3.npz,bidisperse,3,0.005,0.6666666666666666,0.75,0.6072486496374825
86000.0,0.9276095414039868,45,0.4205,,0.6201088018795268,0.45212713936430315,1.2344626411100998e-08,bidisperse_a0.005_sr0.667_x0.75_N4000_L24_T400000_seed3.npz,bidisperse,3,0.005,0.6666666666666666,0.75,0.6072486496374825
88000.0,0.9257226665355405,41,0.738,,0.6065530491810499,0.45027407987470636,1.131499501893588e-08,bidisperse_a0.005_sr0.667_x0.75_N4000_L24_T400000_seed3.npz,bidisperse,3,0.005,0.6666666666666666,0.75,0.6072486496374825
90000.0,0.9253016867620256,53,0.658,,0.58839039921869,0.43484238436610034,1.1027626142617493e-08,bidisperse_a0.005_sr0.667_x0.75_N4000_L24_T400000_seed3.npz,bidisperse,3,0.005,0.6666666666666666,0.75,0.6072486496374825
92000.0,0.9246251369485134,49,0.66675,,0.6233337058469801,0.44044943820224725,1.2055771242836711e-08,bidisperse_a0.005_sr0.667_x0.75_N4000_L24_T400000_seed3.npz,bidisperse,3,0.005,0.6666666666666666,0.75,0.6072486496374825
94000.0,0.9253242218100834,45,0.78625,,0.6017243976456663,0.45204945964365695,1.2167950245186553e-08,bidisperse_a0.005_sr0.667_x0.75_N4000_L24_T400000_seed3.npz,bidisperse,3,0.005,0.6666666666666666,0.75,0.6072486496374825
96000.0,0.9268583476374017,53,0.41875,,0.5845692242921628,0.45619689422795195,1.1924764311906516e-08,bidisperse_a0.005_sr0.667_x0.75_N4000_L24_T400000_seed3.npz,bidisperse,3,0.005,0.6666666666666666,0.75,0.6072486496374825
98000.0,0.9270856986338194,46,0.5085,,0.5689857815059367,0.4471744471744472,1.192458544817645e-08,bidisperse_a0.005_sr0.667_x0.75_N4000_L24_T400000_seed3.npz,bidisperse,3,0.005,0.6666666666666666,0.75,0.6072486496374825
100000.0,0.9232066954325155,50,0.85275,0.5282983830821504,0.5859928149439843,0.43912273800157353,1.1887420927561045e-08,bidisperse_a0.005_sr0.667_x0.75_N4000_L24_T400000_seed3.npz,bidisperse,3,0.005,0.6666666666666666,0.75,0.6072486496374825
102000.0,0.9255298147479779,52,0.88425,,0.5592501766879836,0.43412228796844177,1.2534412068292305e-08,bidisperse_a0.005_sr0.667_x0.75_N4000_L24_T400000_seed3.npz,bidisperse,3,0.005,0.6666666666666666,0.75,0.6072486496374825
104000.0,0.9240605678233439,46,0.86525,,0.5484458209640246,0.4508693104121899,1.29432336044717e-08,bidisperse_a0.005_sr0.667_x0.75_N4000_L24_T400000_seed3.npz,bidisperse,3,0.005,0.6666666666666666,0.75,0.6072486496374825
106000.0,0.9265290520683563,62,0.87775,,0.6095989454309186,0.4539641943734015,1.252651335369532e-08,bidisperse_a0.005_sr0.667_x0.75_N4000_L24_T400000_seed3.npz,bidisperse,3,0.005,0.6666666666666666,0.75,0.6072486496374825
108000.0,0.9280689159639374,56,0.89625,,0.6550611435183733,0.46563759708976504,1.2718370166783094e-08,bidisperse_a0.005_sr0.667_x0.75_N4000_L24_T400000_seed3.npz,bidisperse,3,0.005,0.6666666666666666,0.75,0.6072486496374825
110000.0,0.9240905861729967,50,0.89925,,0.5573659339896095,0.4614247709133905,1.3380835021571843e-08,bidisperse_a0.005_sr0.667_x0.75_N4000_L24_T400000_seed3.npz,bidisperse,3,0.005,0.6666666666666666,0.75,0.6072486496374825
112000.0,0.9251102427429407,56,0.8985,,0.6044624224023447,0.4642396587640115,1.3320649265823127e-08,bidisperse_a0.005_sr0.667_x0.75_N4000_L24_T400000_seed3.npz,bidisperse,3,0.005,0.6666666666666666,0.75,0.6072486496374825
114000.0,0.9256291549711558,54,0.4105,,0.5942110868459206,0.4626761961485011,1.4537161720677116e-08,bidisperse_a0.005_sr0.667_x0.75_N4000_L24_T400000_seed3.npz,bidisperse,3,0.005,0.6666666666666666,0.75,0.6072486496374825
116000.0,0.925226851276483,51,0.614,,0.5752754254936242,0.4614021268215833,1.5601345491693387e-08,bidisperse_a0.005_sr0.667_x0.75_N4000_L24_T400000_seed3.npz,bidisperse,3,0.005,0.6666666666666666,0.75,0.6072486496374825
118000.0,0.9258396918140894,57,0.619,,0.568157046153424,0.4630905511811023,1.4183605447730976e-08,bidisperse_a0.005_sr0.667_x0.75_N4000_L24_T400000_seed3.npz,bidisperse,3,0.005,0.6666666666666666,0.75,0.6072486496374825
120000.0,0.9245237120532561,47,0.42825,,0.5668980686037951,0.45264610229624525,1.5087126696008377e-08,bidisperse_a0.005_sr0.667_x0.75_N4000_L24_T400000_seed3.npz,bidisperse,3,0.005,0.6666666666666666,0.75,0.6072486496374825
122000.0,0.9226873585699799,53,0.3695,,0.557210108831748,0.4462745098039216,1.5169188056160986e-08,bidisperse_a0.005_sr0.667_x0.75_N4000_L24_T400000_seed3.npz,bidisperse,3,0.005,0.6666666666666666,0.75,0.6072486496374825
124000.0,0.9228376538652451,47,0.38575,,0.5779534350512867,0.4557122022362664,1.3861510164110411e-08,bidisperse_a0.005_sr0.667_x0.75_N4000_L24_T400000_seed3.npz,bidisperse,3,0.005,0.6666666666666666,0.75,0.6072486496374825
126000.0,0.9229118817681712,41,0.42725,,0.543769400841405,0.44101260873814874,1.330620939629935e-08,bidisperse_a0.005_sr0.667_x0.75_N4000_L24_T400000_seed3.npz,bidisperse,3,0.005,0.6666666666666666,0.75,0.6072486496374825
128000.0,0.9226671096418853,43,0.37525,,0.59301448684911,0.45057915057915054,1.2674490993589048e-08,bidisperse_a0.005_sr0.667_x0.75_N4000_L24_T400000_seed3.npz,bidisperse,3,0.005,0.6666666666666666,0.75,0.6072486496374825
130000.0,0.9220104944965923,43,0.37225,,0.5396877076383652,0.43012331180270114,1.2343666177952764e-08,bidisperse_a0.005_sr0.667_x0.75_N4000_L24_T400000_seed3.npz,bidisperse,3,0.005,0.6666666666666666,0.75,0.6072486496374825
132000.0,0.9211041354336059,45,0.38225,,0.587578390738041,0.4299147810755216,1.3256417781536201e-08,bidisperse_a0.005_sr0.667_x0.75_N4000_L24_T400000_seed3.npz,bidisperse,3,0.005,0.6666666666666666,0.75,0.6072486496374825
134000.0,0.92267238137986,55,0.3785,,0.5550796761512508,0.43393832943013266,1.2869836617980484e-08,bidisperse_a0.005_sr0.667_x0.75_N4000_L24_T400000_seed3.npz,bidisperse,3,0.005,0.6666666666666666,0.75,0.6072486496374825
136000.0,0.9211592757415378,48,0.38075,,0.5366569705722211,0.4251537935748462,1.2204019303202225e-08,bidisperse_a0.005_sr0.667_x0.75_N4000_L24_T400000_seed3.npz,bidisperse,3,0.005,0.6666666666666666,0.75,0.6072486496374825
138000.0,0.9199605707803582,48,0.90625,,0.5510646548148767,0.41927616817871427,1.143312901993244e-08,bidisperse_a0.005_sr0.667_x0.75_N4000_L24_T400000_seed3.npz,bidisperse,3,0.005,0.6666666666666666,0.75,0.6072486496374825
140000.0,0.921750564086491,53,0.5115,,0.5873067674735593,0.43148545773960567,1.1068937449389425e-08,bidisperse_a0.005_sr0.667_x0.75_N4000_L24_T400000_seed3.npz,bidisperse,3,0.005,0.6666666666666666,0.75,0.6072486496374825
142000.0,0.9225271877741732,53,0.50575,,0.5453855500381396,0.43742621015348293,1.1961229518473081e-08,bidisperse_a0.005_sr0.667_x0.75_N4000_L24_T400000_seed3.npz,bidisperse,3,0.005,0.6666666666666666,0.75,0.6072486496374825
144000.0,0.9218728924728893,59,0.494,,0.5456800434626358,0.450733137829912,1.2194579378380577e-08,bidisperse_a0.005_sr0.667_x0.75_N4000_L24_T400000_seed3.npz,bidisperse,3,0.005,0.6666666666666666,0.75,0.6072486496374825
146000.0,0.9247913526875184,46,0.4905,,0.556040285071531,0.42743048708341547,1.2763927053716107e-08,bidisperse_a0.005_sr0.667_x0.75_N4000_L24_T400000_seed3.npz,bidisperse,3,0.005,0.6666666666666666,0.75,0.6072486496374825
148000.0,0.920316154193516,46,0.4915,,0.6114939144860135,0.42475608554252486,1.2515229560387821e-08,bidisperse_a0.005_sr0.667_x0.75_N4000_L24_T400000_seed3.npz,bidisperse,3,0.005,0.6666666666666666,0.75,0.6072486496374825
150000.0,0.9205361347244452,55,0.70475,,0.5684285994768518,0.4337823222888605,1.187384721829684e-08,bidisperse_a0.005_sr0.667_x0.75_N4000_L24_T400000_seed3.npz,bidisperse,3,0.005,0.6666666666666666,0.75,0.6072486496374825
152000.0,0.920558327104241,50,0.3905,,0.5458916753566854,0.42881006190429405,1.2964966046480044e-08,bidisperse_a0.005_sr0.667_x0.75_N4000_L24_T400000_seed3.npz,bidisperse,3,0.005,0.6666666666666666,0.75,0.6072486496374825
154000.0,0.9192768095655935,57,0.3865,,0.5159097795670383,0.41149743184512055,1.1678305004789043e-08,bidisperse_a0.005_sr0.667_x0.75_N4000_L24_T400000_seed3.npz,bidisperse,3,0.005,0.6666666666666666,0.75,0.6072486496374825
156000.0,0.9217578018287526,46,0.71425,,0.5741197195720189,0.4141463895182741,1.1130340921818211e-08,bidisperse_a0.005_sr0.667_x0.75_N4000_L24_T400000_seed3.npz,bidisperse,3,0.005,0.6666666666666666,0.75,0.6072486496374825
158000.0,0.9198545889433278,45,0.7195,,0.5582401894915184,0.42524689547276817,1.1143070281994128e-08,bidisperse_a0.005_sr0.667_x0.75_N4000_L24_T400000_seed3.npz,bidisperse,3,0.005,0.6666666666666666,0.75,0.6072486496374825
160000.0,0.9210013536376987,53,0.72025,,0.5490561619464729,0.4123965313362239,1.2336292963601791e-08,bidisperse_a0.005_sr0.667_x0.75_N4000_L24_T400000_seed3.npz,bidisperse,3,0.005,0.6666666666666666,0.75,0.6072486496374825
162000.0,0.9210331547256375,45,0.7305,,0.574106768351502,0.42251994877351984,1.4559226522367539e-08,bidisperse_a0.005_sr0.667_x0.75_N4000_L24_T400000_seed3.npz,bidisperse,3,0.005,0.6666666666666666,0.75,0.6072486496374825
164000.0,0.9220905793880758,36,0.738,,0.5642467125688925,0.4287253845400215,1.2217726864652592e-08,bidisperse_a0.005_sr0.667_x0.75_N4000_L24_T400000_seed3.npz,bidisperse,3,0.005,0.6666666666666666,0.75,0.6072486496374825
166000.0,0.9221406382391221,45,0.67125,,0.5701023649546783,0.4233225267708026,1.0881621235456383e-08,bidisperse_a0.005_sr0.667_x0.75_N4000_L24_T400000_seed3.npz,bidisperse,3,0.005,0.6666666666666666,0.75,0.6072486496374825
168000.0,0.9213492505180404,47,0.7235,,0.5958248995158972,0.4322942275543318,1.1777898036255326e-08,bidisperse_a0.005_sr0.667_x0.75_N4000_L24_T400000_seed3.npz,bidisperse,3,0.005,0.6666666666666666,0.75,0.6072486496374825
170000.0,0.922250642625876,43,0.71825,,0.581085157781276,0.4498394473095261,1.2459684587228287e-08,bidisperse_a0.005_sr0.667_x0.75_N4000_L24_T400000_seed3.npz,bidisperse,3,0.005,0.6666666666666666,0.75,0.6072486496374825
172000.0,0.9221244708623162,49,0.74625,,0.5697981640016268,0.4433130996671235,1.3461564785698057e-08,bidisperse_a0.005_sr0.667_x0.75_N4000_L24_T400000_seed3.npz,bidisperse,3,0.005,0.6666666666666666,0.75,0.6072486496374825
174000.0,0.925012688119561,42,0.90475,,0.5707831974109032,0.4338509927265579,1.4502213981915999e-08,bidisperse_a0.005_sr0.667_x0.75_N4000_L24_T400000_seed3.npz,bidisperse,3,0.005,0.6666666666666666,0.75,0.6072486496374825
176000.0,0.9237402893492258,52,0.9075,,0.5957586490390403,0.4316709208717848,1.3774513380024392e-08,bidisperse_a0.005_sr0.667_x0.75_N4000_L24_T400000_seed3.npz,bidisperse,3,0.005,0.6666666666666666,0.75,0.6072486496374825
178000.0,0.9225199350960943,53,0.90325,,0.5345284111059972,0.43472290338401176,1.431395155575867e-08,bidisperse_a0.005_sr0.667_x0.75_N4000_L24_T400000_seed3.npz,bidisperse,3,0.005,0.6666666666666666,0.75,0.6072486496374825
180000.0,0.9215055715334337,49,0.89975,,0.4826920360886139,0.42333664349553124,1.3027700525641828e-08,bidisperse_a0.005_sr0.667_x0.75_N4000_L24_T400000_seed3.npz,bidisperse,3,0.005,0.6666666666666666,0.75,0.6072486496374825
182000.0,0.9217829898032451,50,0.8985,,0.5337924280673682,0.43328721091124733,1.2563448183795896e-08,bidisperse_a0.005_sr0.667_x0.75_N4000_L24_T400000_seed3.npz,bidisperse,3,0.005,0.6666666666666666,0.75,0.6072486496374825
184000.0,0.9223118284207121,49,0.918,,0.5293934565901236,0.44186274509803924,1.0428982165404256e-08,bidisperse_a0.005_sr0.667_x0.75_N4000_L24_T400000_seed3.npz,bidisperse,3,0.005,0.6666666666666666,0.75,0.6072486496374825
186000.0,0.9225406991410541,42,0.926,,0.5766059104632135,0.44071281699794385,1.0440033361418483e-08,bidisperse_a0.005_sr0.667_x0.75_N4000_L24_T400000_seed3.npz,bidisperse,3,0.005,0.6666666666666666,0.75,0.6072486496374825
188000.0,0.9180004134898967,43,0.929,,0.5001365218926467,0.44559836940696884,9.772080180773992e-09,bidisperse_a0.005_sr0.667_x0.75_N4000_L24_T400000_seed3.npz,bidisperse,3,0.005,0.6666666666666666,0.75,0.6072486496374825
190000.0,0.9205455539893523,43,0.9235,,0.5637328148815429,0.4262406526172672,1.1627611746669969e-08,bidisperse_a0.005_sr0.667_x0.75_N4000_L24_T400000_seed3.npz,bidisperse,3,0.005,0.6666666666666666,0.75,0.6072486496374825
192000.0,0.9221797207692766,55,0.67025,,0.6050455288073584,0.4123398846191454,1.1124944428870225e-08,bidisperse_a0.005_sr0.667_x0.75_N4000_L24_T400000_seed3.npz,bidisperse,3,0.005,0.6666666666666666,0.75,0.6072486496374825
194000.0,0.91830106952899,46,0.57525,,0.5853708092869139,0.41576537074929354,1.113660434496798e-08,bidisperse_a0.005_sr0.667_x0.75_N4000_L24_T400000_seed3.npz,bidisperse,3,0.005,0.6666666666666666,0.75,0.6072486496374825
196000.0,0.9190120117364098,41,0.583,,0.5275100079962911,0.41594723057522553,1.0296707626592931e-08,bidisperse_a0.005_sr0.667_x0.75_N4000_L24_T400000_seed3.npz,bidisperse,3,0.005,0.6666666666666666,0.75,0.6072486496374825
198000.0,0.9198778780005912,43,0.5865,,0.5124728862428286,0.4219191427179737,9.5637844658247e-09,bidisperse_a0.005_sr0.667_x0.75_N4000_L24_T400000_seed3.npz,bidisperse,3,0.005,0.6666666666666666,0.75,0.6072486496374825
200000.0,0.9203290494970937,41,0.45025,0.5227310616685933,0.5203311761124444,0.43541788427819983,9.336593074101308e-09,bidisperse_a0.005_sr0.667_x0.75_N4000_L24_T400000_seed3.npz,bidisperse,3,0.005,0.6666666666666666,0.75,0.6072486496374825
202000.0,0.9210096485501219,46,0.46975,,0.534713150946178,0.4331440877055599,1.2945172210422841e-08,bidisperse_a0.005_sr0.667_x0.75_N4000_L24_T400000_seed3.npz,bidisperse,3,0.005,0.6666666666666666,0.75,0.6072486496374825
204000.0,0.9193029596311207,50,0.45075,,0.5655657843006254,0.43622001170275015,1.2077028167510817e-08,bidisperse_a0.005_sr0.667_x0.75_N4000_L24_T400000_seed3.npz,bidisperse,3,0.005,0.6666666666666666,0.75,0.6072486496374825
206000.0,0.9196217266284504,47,0.585,,0.5390893995535418,0.4322454943984413,1.1429421569252763e-08,bidisperse_a0.005_sr0.667_x0.75_N4000_L24_T400000_seed3.npz,bidisperse,3,0.005,0.6666666666666666,0.75,0.6072486496374825
208000.0,0.9189098821831877,49,0.58625,,0.5147174494930434,0.43565997270423085,1.1087837373529146e-08,bidisperse_a0.005_sr0.667_x0.75_N4000_L24_T400000_seed3.npz,bidisperse,3,0.005,0.6666666666666666,0.75,0.6072486496374825
210000.0,0.9204710248920545,42,0.58675,,0.5757084743544962,0.430581338544211,1.2302660720007829e-08,bidisperse_a0.005_sr0.667_x0.75_N4000_L24_T400000_seed3.npz,bidisperse,3,0.005,0.6666666666666666,0.75,0.6072486496374825
212000.0,0.919591642577493,47,0.5765,,0.5223289779044054,0.41970588235294115,1.1525687475215321e-08,bidisperse_a0.005_sr0.667_x0.75_N4000_L24_T400000_seed3.npz,bidisperse,3,0.005,0.6666666666666666,0.75,0.6072486496374825
214000.0,0.9208103441995994,43,0.58475,,0.5599036265256734,0.415298397404385,1.2307414910358661e-08,bidisperse_a0.005_sr0.667_x0.75_N4000_L24_T400000_seed3.npz,bidisperse,3,0.005,0.6666666666666666,0.75,0.6072486496374825
216000.0,0.9165562385288155,44,0.599,,0.5767818251493256,0.43249272550921436,1.3953534869099716e-08,bidisperse_a0.005_sr0.667_x0.75_N4000_L24_T400000_seed3.npz,bidisperse,3,0.005,0.6666666666666666,0.75,0.6072486496374825
218000.0,0.9201080562376843,57,0.596,,0.5990090624344835,0.41115051221434196,1.2192032285947121e-08,bidisperse_a0.005_sr0.667_x0.75_N4000_L24_T400000_seed3.npz,bidisperse,3,0.005,0.6666666666666666,0.75,0.6072486496374825
220000.0,0.9177167269477899,52,0.582,,0.5565974839737188,0.4235236700829673,1.1588578967591644e-08,bidisperse_a0.005_sr0.667_x0.75_N4000_L24_T400000_seed3.npz,bidisperse,3,0.005,0.6666666666666666,0.75,0.6072486496374825
222000.0,0.9170148342661897,56,0.91375,,0.5374366903393524,0.4078223270440252,1.0237453695268982e-08,bidisperse_a0.005_sr0.667_x0.75_N4000_L24_T400000_seed3.npz,bidisperse,3,0.005,0.6666666666666666,0.75,0.6072486496374825
224000.0,0.9167181906723333,49,0.92025,,0.5537630683167623,0.42095516569200775,1.0657474328304367e-08,bidisperse_a0.005_sr0.667_x0.75_N4000_L24_T400000_seed3.npz,bidisperse,3,0.005,0.6666666666666666,0.75,0.6072486496374825
226000.0,0.9205007382872783,40,0.604,,0.5533224143934419,0.4173112699500636,1.0291999037523072e-08,bidisperse_a0.005_sr0.667_x0.75_N4000_L24_T400000_seed3.npz,bidisperse,3,0.005,0.6666666666666666,0.75,0.6072486496374825
228000.0,0.9178630636752713,46,0.92975,,0.5784636881237184,0.4294621979734996,1.0972406437643442e-08,bidisperse_a0.005_sr0.667_x0.75_N4000_L24_T400000_seed3.npz,bidisperse,3,0.005,0.6666666666666666,0.75,0.6072486496374825
230000.0,0.920509493994822,42,0.60375,,0.5673855714987366,0.4329037883925976,1.1324300464782113e-08,bidisperse_a0.005_sr0.667_x0.75_N4000_L24_T400000_seed3.npz,bidisperse,3,0.005,0.6666666666666666,0.75,0.6072486496374825
232000.0,0.9210980621640067,47,0.574,,0.5699749395910182,0.42250778816199375,1.233194899723947e-08,bidisperse_a0.005_sr0.667_x0.75_N4000_L24_T400000_seed3.npz,bidisperse,3,0.005,0.6666666666666666,0.75,0.6072486496374825
234000.0,0.9171257080965024,45,0.576,,0.5686023162059358,0.42977855477855476,1.2132487574172269e-08,bidisperse_a0.005_sr0.667_x0.75_N4000_L24_T400000_seed3.npz,bidisperse,3,0.005,0.6666666666666666,0.75,0.6072486496374825
236000.0,0.9166547971506669,46,0.576,,0.5130881411276446,0.42990110529377545,1.065518225317555e-08,bidisperse_a0.005_sr0.667_x0.75_N4000_L24_T400000_seed3.npz,bidisperse,3,0.005,0.6666666666666666,0.75,0.6072486496374825
238000.0,0.9141888595113786,44,0.5795,,0.593845240967648,0.4058777582503418,1.1865979571844183e-08,bidisperse_a0.005_sr0.667_x0.75_N4000_L24_T400000_seed3.npz,bidisperse,3,0.005,0.6666666666666666,0.75,0.6072486496374825
240000.0,0.9148138736199127,46,0.5915,,0.5562548657120948,0.4016679596586501,1.014897751246332e-08,bidisperse_a0.005_sr0.667_x0.75_N4000_L24_T400000_seed3.npz,bidisperse,3,0.005,0.6666666666666666,0.75,0.6072486496374825
242000.0,0.9163633631257468,45,0.59725,,0.5343191725570567,0.3960676905018097,1.0335067805234928e-08,bidisperse_a0.005_sr0.667_x0.75_N4000_L24_T400000_seed3.npz,bidisperse,3,0.005,0.6666666666666666,0.75,0.6072486496374825
244000.0,0.9161463273546507,47,0.904,,0.5571502494078491,0.41348687420708496,1.0861559136181572e-08,bidisperse_a0.005_sr0.667_x0.75_N4000_L24_T400000_seed3.npz,bidisperse,3,0.005,0.6666666666666666,0.75,0.6072486496374825
246000.0,0.9165156523672422,55,0.9035,,0.5888732619228191,0.40662355477170287,1.095574849653495e-08,bidisperse_a0.005_sr0.667_x0.75_N4000_L24_T400000_seed3.npz,bidisperse,3,0.005,0.6666666666666666,0.75,0.6072486496374825
248000.0,0.914159360072787,55,0.89825,,0.5448535745387789,0.4122568093385214,1.2373606954319918e-08,bidisperse_a0.005_sr0.667_x0.75_N4000_L24_T400000_seed3.npz,bidisperse,3,0.005,0.6666666666666666,0.75,0.6072486496374825
250000.0,0.9160919422568946,52,0.89275,,0.5357162905959838,0.41902538663554134,1.2329587368787126e-08,bidisperse_a0.005_sr0.667_x0.75_N4000_L24_T400000_seed3.npz,bidisperse,3,0.005,0.6666666666666666,0.75,0.6072486496374825
252000.0,0.9145832867330713,59,0.8855,,0.5777805676592641,0.4195982361587457,1.311891107590064e-08,bidisperse_a0.005_sr0.667_x0.75_N4000_L24_T400000_seed3.npz,bidisperse,3,0.005,0.6666666666666666,0.75,0.6072486496374825
254000.0,0.9164931769568936,50,0.89575,,0.5581751631514933,0.4192379273190322,1.1922567557839463e-08,bidisperse_a0.005_sr0.667_x0.75_N4000_L24_T400000_seed3.npz,bidisperse,3,0.005,0.6666666666666666,0.75,0.6072486496374825
256000.0,0.9137200506277658,52,0.88775,,0.5616434667104715,0.41179337231968816,1.1926110386440486e-08,bidisperse_a0.005_sr0.667_x0.75_N4000_L24_T400000_seed3.npz,bidisperse,3,0.005,0.6666666666666666,0.75,0.6072486496374825
258000.0,0.9139110939444984,58,0.88175,,0.5412406513876119,0.40559030492572323,1.4289183827597206e-08,bidisperse_a0.005_sr0.667_x0.75_N4000_L24_T400000_seed3.npz,bidisperse,3,0.005,0.6666666666666666,0.75,0.6072486496374825
260000.0,0.9117148737081081,60,0.879,,0.5087552252272016,0.4137424034503039,1.3480356147194505e-08,bidisperse_a0.005_sr0.667_x0.75_N4000_L24_T400000_seed3.npz,bidisperse,3,0.005,0.6666666666666666,0.75,0.6072486496374825
262000.0,0.9119611595639723,50,0.882,,0.4974921727044813,0.4046940980064814,1.4187494388715884e-08,bidisperse_a0.005_sr0.667_x0.75_N4000_L24_T400000_seed3.npz,bidisperse,3,0.005,0.6666666666666666,0.75,0.6072486496374825
264000.0,0.912613009450438,55,0.8795,,0.5522446991893122,0.4108896451142441,1.524153942751947e-08,bidisperse_a0.005_sr0.667_x0.75_N4000_L24_T400000_seed3.npz,bidisperse,3,0.005,0.6666666666666666,0.75,0.6072486496374825
266000.0,0.9112092310327313,50,0.88525,,0.5024648663215844,0.4170560747663551,1.248228851192591e-08,bidisperse_a0.005_sr0.667_x0.75_N4000_L24_T400000_seed3.npz,bidisperse,3,0.005,0.6666666666666666,0.75,0.6072486496374825
268000.0,0.9113190932515944,53,0.873,,0.5178985030218107,0.41854563201561734,1.1995191294190372e-08,bidisperse_a0.005_sr0.667_x0.75_N4000_L24_T400000_seed3.npz,bidisperse,3,0.005,0.6666666666666666,0.75,0.6072486496374825
270000.0,0.9122048116175827,54,0.86475,,0.5567243038131501,0.4000197589409208,1.2259245434567499e-08,bidisperse_a0.005_sr0.667_x0.75_N4000_L24_T400000_seed3.npz,bidisperse,3,0.005,0.6666666666666666,0.75,0.6072486496374825
272000.0,0.9134115232684213,63,0.87275,,0.5301842446783704,0.40547190237181385,1.4985275079876193e-08,bidisperse_a0.005_sr0.667_x0.75_N4000_L24_T400000_seed3.npz,bidisperse,3,0.005,0.6666666666666666,0.75,0.6072486496374825
274000.0,0.9114882628774086,55,0.85525,,0.4891985240897167,0.4116094986807388,1.5462457941576326e-08,bidisperse_a0.005_sr0.667_x0.75_N4000_L24_T400000_seed3.npz,bidisperse,3,0.005,0.6666666666666666,0.75,0.6072486496374825
276000.0,0.9121307780313264,60,0.84125,,0.5029479082299046,0.4164712778429074,1.4716289231624609e-08,bidisperse_a0.005_sr0.667_x0.75_N4000_L24_T400000_seed3.npz,bidisperse,3,0.005,0.6666666666666666,0.75,0.6072486496374825
278000.0,0.9119789957673647,54,0.86775,,0.5007596967135199,0.4288631722260041,1.3573797128013462e-08,bidisperse_a0.005_sr0.667_x0.75_N4000_L24_T400000_seed3.npz,bidisperse,3,0.005,0.6666666666666666,0.75,0.6072486496374825
280000.0,0.9140300418088864,43,0.8815,,0.5056183837222004,0.4104176904176904,1.1003220049056813e-08,bidisperse_a0.005_sr0.667_x0.75_N4000_L24_T400000_seed3.npz,bidisperse,3,0.005,0.6666666666666666,0.75,0.6072486496374825
282000.0,0.9135664219823759,56,0.8465,,0.4783014861860706,0.4129431405283316,9.785865081680174e-09,bidisperse_a0.005_sr0.667_x0.75_N4000_L24_T400000_seed3.npz,bidisperse,3,0.005,0.6666666666666666,0.75,0.6072486496374825
284000.0,0.9121584815400641,55,0.8535,,0.47311770918860424,0.41917108623060306,1.4360632548223742e-08,bidisperse_a0.005_sr0.667_x0.75_N4000_L24_T400000_seed3.npz,bidisperse,3,0.005,0.6666666666666666,0.75,0.6072486496374825
286000.0,0.9136088910718133,57,0.86025,,0.5757796090220078,0.40701234567901234,1.3239133545328242e-08,bidisperse_a0.005_sr0.667_x0.75_N4000_L24_T400000_seed3.npz,bidisperse,3,0.005,0.6666666666666666,0.75,0.6072486496374825
288000.0,0.9126371849623903,61,0.82125,,0.511089797192776,0.39774748073503263,1.4294797746634387e-08,bidisperse_a0.005_sr0.667_x0.75_N4000_L24_T400000_seed3.npz,bidisperse,3,0.005,0.6666666666666666,0.75,0.6072486496374825
290000.0,0.9125278133892986,59,0.84475,,0.4699945060961424,0.4101535752714467,1.5088000670092356e-08,bidisperse_a0.005_sr0.667_x0.75_N4000_L24_T400000_seed3.npz,bidisperse,3,0.005,0.6666666666666666,0.75,0.6072486496374825
292000.0,0.9125181566282251,66,0.8435,,0.5049610332683075,0.38987769712637965,1.7501370814129904e-08,bidisperse_a0.005_sr0.667_x0.75_N4000_L24_T400000_seed3.npz,bidisperse,3,0.005,0.6666666666666666,0.75,0.6072486496374825
294000.0,0.9136132424385849,62,0.86025,,0.5212706049569553,0.40622222222222226,1.656506890379405e-08,bidisperse_a0.005_sr0.667_x0.75_N4000_L24_T400000_seed3.npz,bidisperse,3,0.005,0.6666666666666666,0.75,0.6072486496374825
296000.0,0.9107858460916399,54,0.8605,,0.5165064291044514,0.40886213362281654,1.5239967381884006e-08,bidisperse_a0.005_sr0.667_x0.75_N4000_L24_T400000_seed3.npz,bidisperse,3,0.005,0.6666666666666666,0.75,0.6072486496374825
298000.0,0.9151683271879175,49,0.84475,,0.5114122200921941,0.41264705882352937,1.4479151479789291e-08,bidisperse_a0.005_sr0.667_x0.75_N4000_L24_T400000_seed3.npz,bidisperse,3,0.005,0.6666666666666666,0.75,0.6072486496374825
300000.0,0.9154954669096572,48,0.8385,0.5206349194710725,0.5397021465151531,0.41661784807654756,1.4346503165147603e-08,bidisperse_a0.005_sr0.667_x0.75_N4000_L24_T400000_seed3.npz,bidisperse,3,0.005,0.6666666666666666,0.75,0.6072486496374825
302000.0,0.9149121685468949,49,0.82625,,0.5411141682851297,0.41690250805113693,1.4524350078829037e-08,bidisperse_a0.005_sr0.667_x0.75_N4000_L24_T400000_seed3.npz,bidisperse,3,0.005,0.6666666666666666,0.75,0.6072486496374825
304000.0,0.9115334251989433,45,0.8115,,0.5207082402095738,0.40722915234259893,1.3563446120508824e-08,bidisperse_a0.005_sr0.667_x0.75_N4000_L24_T400000_seed3.npz,bidisperse,3,0.005,0.6666666666666666,0.75,0.6072486496374825
306000.0,0.9105430696212955,55,0.81525,,0.5001362561921775,0.4029747832939322,1.39849258030435e-08,bidisperse_a0.005_sr0.667_x0.75_N4000_L24_T400000_seed3.npz,bidisperse,3,0.005,0.6666666666666666,0.75,0.6072486496374825
308000.0,0.9130006650782274,50,0.815,,0.47025368320800853,0.3997837412759264,1.2898922775690506e-08,bidisperse_a0.005_sr0.667_x0.75_N4000_L24_T400000_seed3.npz,bidisperse,3,0.005,0.6666666666666666,0.75,0.6072486496374825
310000.0,0.9126094687679904,56,0.79575,,0.5485717069517262,0.41889517860628533,1.3493973484191996e-08,bidisperse_a0.005_sr0.667_x0.75_N4000_L24_T400000_seed3.npz,bidisperse,3,0.005,0.6666666666666666,0.75,0.6072486496374825
312000.0,0.9144918425977437,57,0.78375,,0.5443704594741718,0.4117704950300167,1.5024004484751437e-08,bidisperse_a0.005_sr0.667_x0.75_N4000_L24_T400000_seed3.npz,bidisperse,3,0.005,0.6666666666666666,0.75,0.6072486496374825
314000.0,0.9119192268080157,46,0.80175,,0.5017247316816412,0.3999803497740224,1.5271426591668923e-08,bidisperse_a0.005_sr0.667_x0.75_N4000_L24_T400000_seed3.npz,bidisperse,3,0.005,0.6666666666666666,0.75,0.6072486496374825
316000.0,0.9146944775300063,46,0.783,,0.5274046873030551,0.40023439789041904,1.5222915406941157e-08,bidisperse_a0.005_sr0.667_x0.75_N4000_L24_T400000_seed3.npz,bidisperse,3,0.005,0.6666666666666666,0.75,0.6072486496374825
318000.0,0.9138565729554423,56,0.783,,0.5725203271005344,0.40474100087796316,1.2165119123030452e-08,bidisperse_a0.005_sr0.667_x0.75_N4000_L24_T400000_seed3.npz,bidisperse,3,0.005,0.6666666666666666,0.75,0.6072486496374825
320000.0,0.9149573745175099,55,0.7785,,0.5478912373206786,0.39379966643775144,1.4416310599097309e-08,bidisperse_a0.005_sr0.667_x0.75_N4000_L24_T400000_seed3.npz,bidisperse,3,0.005,0.6666666666666666,0.75,0.6072486496374825
322000.0,0.9112412572318465,56,0.7775,,0.5129109615031928,0.39219148518736513,1.4837285816380195e-08,bidisperse_a0.005_sr0.667_x0.75_N4000_L24_T400000_seed3.npz,bidisperse,3,0.005,0.6666666666666666,0.75,0.6072486496374825
324000.0,0.9129896803180821,50,0.78275,,0.5520163583407766,0.39643521692292627,1.6393493518761902e-08,bidisperse_a0.005_sr0.667_x0.75_N4000_L24_T400000_seed3.npz,bidisperse,3,0.005,0.6666666666666666,0.75,0.6072486496374825
326000.0,0.9116008306242497,47,0.79125,,0.5050852359999555,0.3909428794992176,1.6361773848477262e-08,bidisperse_a0.005_sr0.667_x0.75_N4000_L24_T400000_seed3.npz,bidisperse,3,0.005,0.6666666666666666,0.75,0.6072486496374825
328000.0,0.9113593143259985,50,0.8035,,0.5441295553346642,0.38331058685903685,1.5584132360397734e-08,bidisperse_a0.005_sr0.667_x0.75_N4000_L24_T400000_seed3.npz,bidisperse,3,0.005,0.6666666666666666,0.75,0.6072486496374825
330000.0,0.9085763925008901,53,0.79525,,0.5128463861879986,0.389934057408844,1.3878632309390998e-08,bidisperse_a0.005_sr0.667_x0.75_N4000_L24_T400000_seed3.npz,bidisperse,3,0.005,0.6666666666666666,0.75,0.6072486496374825
332000.0,0.909980586909606,47,0.79725,,0.5315875714717482,0.3872883005645318,1.5159566871731537e-08,bidisperse_a0.005_sr0.667_x0.75_N4000_L24_T400000_seed3.npz,bidisperse,3,0.005,0.6666666666666666,0.75,0.6072486496374825
334000.0,0.9100400697368506,47,0.79925,,0.5581055313270248,0.38243598481160546,1.3450945046622149e-08,bidisperse_a0.005_sr0.667_x0.75_N4000_L24_T400000_seed3.npz,bidisperse,3,0.005,0.6666666666666666,0.75,0.6072486496374825
336000.0,0.9088605906435425,55,0.79725,,0.5392055201217879,0.376348303588939,1.5845071485530327e-08,bidisperse_a0.005_sr0.667_x0.75_N4000_L24_T400000_seed3.npz,bidisperse,3,0.005,0.6666666666666666,0.75,0.6072486496374825
338000.0,0.9105562728366396,51,0.806,,0.48091901120292635,0.3785467128027682,1.6310675719173223e-08,bidisperse_a0.005_sr0.667_x0.75_N4000_L24_T400000_seed3.npz,bidisperse,3,0.005,0.6666666666666666,0.75,0.6072486496374825
340000.0,0.9102650594332298,61,0.86725,,0.4709180705474053,0.38351822503961963,1.4460202371147889e-08,bidisperse_a0.005_sr0.667_x0.75_N4000_L24_T400000_seed3.npz,bidisperse,3,0.005,0.6666666666666666,0.75,0.6072486496374825
342000.0,0.9103833888303343,59,0.835,,0.5190059627215108,0.3841980666798185,1.3765667587463135e-08,bidisperse_a0.005_sr0.667_x0.75_N4000_L24_T400000_seed3.npz,bidisperse,3,0.005,0.6666666666666666,0.75,0.6072486496374825
344000.0,0.9095924882096096,60,0.86175,,0.48476553876077266,0.3869035931670921,1.4228685881130126e-08,bidisperse_a0.005_sr0.667_x0.75_N4000_L24_T400000_seed3.npz,bidisperse,3,0.005,0.6666666666666666,0.75,0.6072486496374825
346000.0,0.9087744669188956,64,0.833,,0.4953566267322092,0.39131718842291785,1.2742592774545303e-08,bidisperse_a0.005_sr0.667_x0.75_N4000_L24_T400000_seed3.npz,bidisperse,3,0.005,0.6666666666666666,0.75,0.6072486496374825
348000.0,0.9071129621760177,63,0.8605,,0.514004733138386,0.40386501863841473,1.213159460662757e-08,bidisperse_a0.005_sr0.667_x0.75_N4000_L24_T400000_seed3.npz,bidisperse,3,0.005,0.6666666666666666,0.75,0.6072486496374825
350000.0,0.9082552993736198,49,0.867,,0.536881187179802,0.3990370443156136,1.2715648151186401e-08,bidisperse_a0.005_sr0.667_x0.75_N4000_L24_T400000_seed3.npz,bidisperse,3,0.005,0.6666666666666666,0.75,0.6072486496374825
352000.0,0.9110686035979119,61,0.843,,0.5264808418228022,0.3875036956735981,1.2711234910481405e-08,bidisperse_a0.005_sr0.667_x0.75_N4000_L24_T400000_seed3.npz,bidisperse,3,0.005,0.6666666666666666,0.75,0.6072486496374825
354000.0,0.9096673652529716,54,0.8605,,0.5190506016113495,0.3956538762725137,1.1638622470732455e-08,bidisperse_a0.005_sr0.667_x0.75_N4000_L24_T400000_seed3.npz,bidisperse,3,0.005,0.6666666666666666,0.75,0.6072486496374825
356000.0,0.9108161626490259,56,0.8615,,0.5204820318274436,0.3853265145554682,1.2527550376358002e-08,bidisperse_a0.005_sr0.667_x0.75_N4000_L24_T400000_seed3.npz,bidisperse,3,0.005,0.6666666666666666,0.75,0.6072486496374825
358000.0,0.9102421280470192,54,0.85875,,0.5061875941133036,0.3850778631973192,1.1141670405244354e-08,bidisperse_a0.005_sr0.667_x0.75_N4000_L24_T400000_seed3.npz,bidisperse,3,0.005,0.6666666666666666,0.75,0.6072486496374825
360000.0,0.9116844891725795,58,0.87475,,0.5119351080811964,0.3965026033991551,1.2541915426220168e-08,bidisperse_a0.005_sr0.667_x0.75_N4000_L24_T400000_seed3.npz,bidisperse,3,0.005,0.6666666666666666,0.75,0.6072486496374825
362000.0,0.9104723921272179,46,0.87175,,0.5658546463642323,0.38912339255914397,1.2331894961741264e-08,bidisperse_a0.005_sr0.667_x0.75_N4000_L24_T400000_seed3.npz,bidisperse,3,0.005,0.6666666666666666,0.75,0.6072486496374825
364000.0,0.9090480376671636,49,0.8455,,0.4998338408152696,0.3898637388491324,1.2399142284547128e-08,bidisperse_a0.005_sr0.667_x0.75_N4000_L24_T400000_seed3.npz,bidisperse,3,0.005,0.6666666666666666,0.75,0.6072486496374825
366000.0,0.9124969103014612,53,0.8435,,0.4776835440555039,0.3897738446411013,1.3244428187426241e-08,bidisperse_a0.005_sr0.667_x0.75_N4000_L24_T400000_seed3.npz,bidisperse,3,0.005,0.6666666666666666,0.75,0.6072486496374825
368000.0,0.9101576064149861,52,0.8355,,0.5017520023074248,0.3820591435070715,1.3182223188177756e-08,bidisperse_a0.005_sr0.667_x0.75_N4000_L24_T400000_seed3.npz,bidisperse,3,0.005,0.6666666666666666,0.75,0.6072486496374825
370000.0,0.9109450169217954,55,0.8255,,0.5278346364885375,0.3851676994196912,1.2638361871830996e-08,bidisperse_a0.005_sr0.667_x0.75_N4000_L24_T400000_seed3.npz,bidisperse,3,0.005,0.6666666666666666,0.75,0.6072486496374825
372000.0,0.9090511391110658,55,0.836,,0.5157354330418378,0.39959235174221097,1.2376301634539006e-08,bidisperse_a0.005_sr0.667_x0.75_N4000_L24_T400000_seed3.npz,bidisperse,3,0.005,0.6666666666666666,0.75,0.6072486496374825
374000.0,0.9115400114116404,54,0.82825,,0.5472625095151561,0.39573598130841126,1.2199838676846998e-08,bidisperse_a0.005_sr0.667_x0.75_N4000_L24_T400000_seed3.npz,bidisperse,3,0.005,0.6666666666666666,0.75,0.6072486496374825
376000.0,0.9107525051126094,50,0.81825,,0.5089007404456629,0.38728380503144655,1.1247113731856844e-08,bidisperse_a0.005_sr0.667_x0.75_N4000_L24_T400000_seed3.npz,bidisperse,3,0.005,0.6666666666666666,0.75,0.6072486496374825
378000.0,0.9093679390422837,59,0.859,,0.5350854234060498,0.3931305201177625,1.2768649608577255e-08,bidisperse_a0.005_sr0.667_x0.75_N4000_L24_T400000_seed3.npz,bidisperse,3,0.005,0.6666666666666666,0.75,0.6072486496374825
380000.0,0.9091495533722843,66,0.86175,,0.5289947895273613,0.39153024213312415,1.4832032280385435e-08,bidisperse_a0.005_sr0.667_x0.75_N4000_L24_T400000_seed3.npz,bidisperse,3,0.005,0.6666666666666666,0.75,0.6072486496374825
382000.0,0.9077141348335318,65,0.8675,,0.48154448925694904,0.377167773263304,1.4414321694682646e-08,bidisperse_a0.005_sr0.667_x0.75_N4000_L24_T400000_seed3.npz,bidisperse,3,0.005,0.6666666666666666,0.75,0.6072486496374825
384000.0,0.9056188988236633,59,0.8735,,0.48066941781835,0.3720515361744301,1.301976928551571e-08,bidisperse_a0.005_sr0.667_x0.75_N4000_L24_T400000_seed3.npz,bidisperse,3,0.005,0.6666666666666666,0.75,0.6072486496374825
386000.0,0.909180829231194,55,0.87825,,0.5124789529739225,0.370762083621627,1.379640639449735e-08,bidisperse_a0.005_sr0.667_x0.75_N4000_L24_T400000_seed3.npz,bidisperse,3,0.005,0.6666666666666666,0.75,0.6072486496374825
388000.0,0.9097981305740184,57,0.77825,,0.5244072476742261,0.38962181178540023,1.232940753199068e-08,bidisperse_a0.005_sr0.667_x0.75_N4000_L24_T400000_seed3.npz,bidisperse,3,0.005,0.6666666666666666,0.75,0.6072486496374825
390000.0,0.9099713441686007,52,0.7675,,0.5342570363111178,0.37419990152634175,1.188225433226591e-08,bidisperse_a0.005_sr0.667_x0.75_N4000_L24_T400000_seed3.npz,bidisperse,3,0.005,0.6666666666666666,0.75,0.6072486496374825
392000.0,0.9088000480479496,56,0.776,,0.5144221493847592,0.3762424958173408,1.5208350758032187e-08,bidisperse_a0.005_sr0.667_x0.75_N4000_L24_T400000_seed3.npz,bidisperse,3,0.005,0.6666666666666666,0.75,0.6072486496374825
394000.0,0.9097967930100396,47,0.78625,,0.5257546247111974,0.39636398988916977,1.3713073867685866e-08,bidisperse_a0.005_sr0.667_x0.75_N4000_L24_T400000_seed3.npz,bidisperse,3,0.005,0.6666666666666666,0.75,0.6072486496374825
396000.0,0.9092440036730945,50,0.77175,,0.5291134797856523,0.39533527696793,1.251129212618323e-08,bidisperse_a0.005_sr0.667_x0.75_N4000_L24_T400000_seed3.npz,bidisperse,3,0.005,0.6666666666666666,0.75,0.6072486496374825
398000.0,0.9061055374181755,56,0.7685,,0.4665847653422072,0.3864502883957376,1.1600474610681845e-08,bidisperse_a0.005_sr0.667_x0.75_N4000_L24_T400000_seed3.npz,bidisperse,3,0.005,0.6666666666666666,0.75,0.6072486496374825
400000.0,0.9084335362755332,56,0.7695,0.5131193663522448,0.5014377759442605,0.37154150197628455,1.030893362528402e-08,bidisperse_a0.005_sr0.667_x0.75_N4000_L24_T400000_seed3.npz,bidisperse,3,0.005,0.6666666666666666,0.75,0.6072486496374825
0.0,0.9968316317670646,776,0.007,0.8773346289697828,,,,bidisperse_a0.005_sr0.667_x0_N4000_L24_T400000_seed1.npz,bidisperse,1,0.005,0.6666666666666666,0.0,0.7557317211787818
2000.0,0.9763217157161168,64,0.09575,,0.12001086962975055,0.7888755980861244,7.717273921422168e-09,bidisperse_a0.005_sr0.667_x0_N4000_L24_T400000_seed1.npz,bidisperse,1,0.005,0.6666666666666666,0.0,0.7557317211787818
4000.0,0.9715267781440952,37,0.124,,0.7575567914325381,0.5044219499200853,3.387725118756224e-09,bidisperse_a0.005_sr0.667_x0_N4000_L24_T400000_seed1.npz,bidisperse,1,0.005,0.6666666666666666,0.0,0.7557317211787818
6000.0,0.9680776240778842,31,0.24875,,0.7717753476777629,0.4458446157050614,2.192558914140692e-09,bidisperse_a0.005_sr0.667_x0_N4000_L24_T400000_seed1.npz,bidisperse,1,0.005,0.6666666666666666,0.0,0.7557317211787818
8000.0,0.9663411230722583,23,0.282,,0.7919054291564314,0.41285640228097464,1.7900153561623973e-09,bidisperse_a0.005_sr0.667_x0_N4000_L24_T400000_seed1.npz,bidisperse,1,0.005,0.6666666666666666,0.0,0.7557317211787818
10000.0,0.9639092140990025,25,0.21075,,0.8248372037200609,0.3887108446190427,1.5839510450985417e-09,bidisperse_a0.005_sr0.667_x0_N4000_L24_T400000_seed1.npz,bidisperse,1,0.005,0.6666666666666666,0.0,0.7557317211787818
12000.0,0.9618788804007088,22,0.28275,,0.8044317541725827,0.3686165273909007,1.3011878588338756e-09,bidisperse_a0.005_sr0.667_x0_N4000_L24_T400000_seed1.npz,bidisperse,1,0.005,0.6666666666666666,0.0,0.7557317211787818
14000.0,0.9601289845324545,23,0.21125,,0.7942108170814274,0.36432911131706314,1.2713988497719416e-09,bidisperse_a0.005_sr0.667_x0_N4000_L24_T400000_seed1.npz,bidisperse,1,0.005,0.6666666666666666,0.0,0.7557317211787818
16000.0,0.9593074382329663,21,0.28325,,0.7758469972226318,0.3652058432934927,1.2266560547566826e-09,bidisperse_a0.005_sr0.667_x0_N4000_L24_T400000_seed1.npz,bidisperse,1,0.005,0.6666666666666666,0.0,0.7557317211787818
18000.0,0.958618592357084,19,0.409,,0.8256586455948032,0.35950244698205547,1.3108296000183539e-09,bidisperse_a0.005_sr0.667_x0_N4000_L24_T400000_seed1.npz,bidisperse,1,0.005,0.6666666666666666,0.0,0.7557317211787818
20000.0,0.9555226642279099,18,0.408,,0.7768065228451978,0.3515250433540753,1.0112903766302012e-09,bidisperse_a0.005_sr0.667_x0_N4000_L24_T400000_seed1.npz,bidisperse,1,0.005,0.6666666666666666,0.0,0.7557317211787818
22000.0,0.9562389684346855,19,0.408,,0.7758334600437374,0.3370249949197318,1.1447846501612192e-09,bidisperse_a0.005_sr0.667_x0_N4000_L24_T400000_seed1.npz,bidisperse,1,0.005,0.6666666666666666,0.0,0.7557317211787818
24000.0,0.9541434883242259,18,0.40725,,0.8006253368407477,0.32803321855377765,8.500334908647729e-10,bidisperse_a0.005_sr0.667_x0_N4000_L24_T400000_seed1.npz,bidisperse,1,0.005,0.6666666666666666,0.0,0.7557317211787818
26000.0,0.9542256696589482,18,0.408,,0.7685126897799964,0.32810285482891277,9.015114204252909e-10,bidisperse_a0.005_sr0.667_x0_N4000_L24_T400000_seed1.npz,bidisperse,1,0.005,0.6666666666666666,0.0,0.7557317211787818
28000.0,0.953425960737933,19,0.408,,0.8154693982980831,0.3338025336818822,8.368392193548804e-10,bidisperse_a0.005_sr0.667_x0_N4000_L24_T400000_seed1.npz,bidisperse,1,0.005,0.6666666666666666,0.0,0.7557317211787818
30000.0,0.9532516380090349,18,0.4085,,0.7879997412163353,0.32871625012546424,8.400103973813204e-10,bidisperse_a0.005_sr0.667_x0_N4000_L24_T400000_seed1.npz,bidisperse,1,0.005,0.6666666666666666,0.0,0.7557317211787818
32000.0,0.9522399997774651,18,0.40725,,0.771426985395416,0.3135764944275583,7.165835142034913e-10,bidisperse_a0.005_sr0.667_x0_N4000_L24_T400000_seed1.npz,bidisperse,1,0.005,0.6666666666666666,0.0,0.7557317211787818
34000.0,0.9518895501043763,17,0.40875,,0.7439743239511662,0.30932547744819183,8.604043833983856e-10,bidisperse_a0.005_sr0.667_x0_N4000_L24_T400000_seed1.npz,bidisperse,1,0.005,0.6666666666666666,0.0,0.7557317211787818
36000.0,0.9498277604104552,17,0.40675,,0.7478101232057961,0.31699908879214334,7.373864005090483e-10,bidisperse_a0.005_sr0.667_x0_N4000_L24_T400000_seed1.npz,bidisperse,1,0.005,0.6666666666666666,0.0,0.7557317211787818
38000.0,0.9505391689352183,18,0.407,,0.7675381957824896,0.31738646707798124,7.798965775002984e-10,bidisperse_a0.005_sr0.667_x0_N4000_L24_T400000_seed1.npz,bidisperse,1,0.005,0.6666666666666666,0.0,0.7557317211787818
40000.0,0.9488496617163961,17,0.408,,0.780174511995095,0.3149773071104387,7.670979904212561e-10,bidisperse_a0.005_sr0.667_x0_N4000_L24_T400000_seed1.npz,bidisperse,1,0.005,0.6666666666666666,0.0,0.7557317211787818
42000.0,0.9477079625378945,16,0.4085,,0.7785601776296421,0.3092006033182504,7.061068645095014e-10,bidisperse_a0.005_sr0.667_x0_N4000_L24_T400000_seed1.npz,bidisperse,1,0.005,0.6666666666666666,0.0,0.7557317211787818
44000.0,0.947446320738934,17,0.40825,,0.8015036116096852,0.30851703406813624,6.966713389790355e-10,bidisperse_a0.005_sr0.667_x0_N4000_L24_T400000_seed1.npz,bidisperse,1,0.005,0.6666666666666666,0.0,0.7557317211787818
46000.0,0.9472917617295754,16,0.4085,,0.7549665086319662,0.31172870472559444,7.90404344416474e-10,bidisperse_a0.005_sr0.667_x0_N4000_L24_T400000_seed1.npz,bidisperse,1,0.005,0.6666666666666666,0.0,0.7557317211787818
48000.0,0.947771610970827,15,0.40825,,0.787244060536846,0.3035140562248996,6.708655328831846e-10,bidisperse_a0.005_sr0.667_x0_N4000_L24_T400000_seed1.npz,bidisperse,1,0.005,0.6666666666666666,0.0,0.7557317211787818
50000.0,0.9470303151179832,17,0.40925,,0.8037935172576037,0.3084018447964708,6.502870992407694e-10,bidisperse_a0.005_sr0.667_x0_N4000_L24_T400000_seed1.npz,bidisperse,1,0.005,0.6666666666666666,0.0,0.7557317211787818
52000.0,0.9452533003821956,15,0.40875,,0.742501893297186,0.31446603886996594,7.300993956266404e-10,bidisperse_a0.005_sr0.667_x0_N4000_L24_T400000_seed1.npz,bidisperse,1,0.005,0.6666666666666666,0.0,0.7557317211787818
54000.0,0.9444764595941616,16,0.408,,0.7176464698796297,0.30210631895687057,5.910577057653898e-10,bidisperse_a0.005_sr0.667_x0_N4000_L24_T400000_seed1.npz,bidisperse,1,0.005,0.6666666666666666,0.0,0.7557317211787818
56000.0,0.9445407874818367,15,0.40675,,0.7649950549659753,0.30589999999999995,7.106000675055291e-10,bidisperse_a0.005_sr0.667_x0_N4000_L24_T400000_seed1.npz,bidisperse,1,0.005,0.6666666666666666,0.0,0.7557317211787818
58000.0,0.944338315750517,15,0.40875,,0.7611677723747594,0.2984566045299659,5.880995987082064e-10,bidisperse_a0.005_sr0.667_x0_N4000_L24_T400000_seed1.npz,bidisperse,1,0.005,0.6666666666666666,0.0,0.7557317211787818
60000.0,0.94471879961825,15,0.40825,,0.7951463389695069,0.28559943724248815,6.417338319751756e-10,bidisperse_a0.005_sr0.667_x0_N4000_L24_T400000_seed1.npz,bidisperse,1,0.005,0.6666666666666666,0.0,0.7557317211787818
62000.0,0.9446274330479559,15,0.408,,0.7608805755520652,0.29223242811501593,6.074092245948962e-10,bidisperse_a0.005_sr0.667_x0_N4000_L24_T400000_seed1.npz,bidisperse,1,0.005,0.6666666666666666,0.0,0.7557317211787818
64000.0,0.9448290535804622,15,0.409,,0.7518289252162084,0.29049049049049047,6.460489359497407e-10,bidisperse_a0.005_sr0.667_x0_N4000_L24_T400000_seed1.npz,bidisperse,1,0.005,0.6666666666666666,0.0,0.7557317211787818
66000.0,0.9433789819225307,15,0.40875,,0.7735532387538941,0.2843344400845156,5.774620634961456e-10,bidisperse_a0.005_sr0.667_x0_N4000_L24_T400000_seed1.npz,bidisperse,1,0.005,0.6666666666666666,0.0,0.7557317211787818
68000.0,0.944527676196632,15,0.408,,0.8269775117389225,0.27685036202735314,5.340833379802895e-10,bidisperse_a0.005_sr0.667_x0_N4000_L24_T400000_seed1.npz,bidisperse,1,0.005,0.6666666666666666,0.0,0.7557317211787818
70000.0,0.9440002357329236,15,0.408,,0.8151220312876714,0.2788500201045436,5.84941671921446e-10,bidisperse_a0.005_sr0.667_x0_N4000_L24_T400000_seed1.npz,bidisperse,1,0.005,0.6666666666666666,0.0,0.7557317211787818
72000.0,0.9434065496653994,14,0.4085,,0.7781303750449217,0.2812027040661891,5.350904855062651e-10,bidisperse_a0.005_sr0.667_x0_N4000_L24_T400000_seed1.npz,bidisperse,1,0.005,0.6666666666666666,0.0,0.7557317211787818
74000.0,0.9438691520781534,15,0.40825,,0.7703550072342917,0.2902838864454218,5.878413781116216e-10,bidisperse_a0.005_sr0.667_x0_N4000_L24_T400000_seed1.npz,bidisperse,1,0.005,0.6666666666666666,0.0,0.7557317211787818
76000.0,0.9425641354364912,14,0.409,,0.7874526975575453,0.2857714628777266,5.420301723948283e-10,bidisperse_a0.005_sr0.667_x0_N4000_L24_T400000_seed1.npz,bidisperse,1,0.005,0.6666666666666666,0.0,0.7557317211787818
78000.0,0.9431862514764185,14,0.40825,,0.7631920905966912,0.2946792640477375,5.887977454269052e-10,bidisperse_a0.005_sr0.667_x0_N4000_L24_T400000_seed1.npz,bidisperse,1,0.005,0.6666666666666666,0.0,0.7557317211787818
80000.0,0.9399832192047347,15,0.40925,,0.7852265178168892,0.29083507099592887,6.222557905020079e-10,bidisperse_a0.005_sr0.667_x0_N4000_L24_T400000_seed1.npz,bidisperse,1,0.005,0.6666666666666666,0.0,0.7557317211787818
82000.0,0.9410692199334201,14,0.4095,,0.7277116572521911,0.28364471975222305,5.518336261711201e-10,bidisperse_a0.005_sr0.667_x0_N4000_L24_T400000_seed1.npz,bidisperse,1,0.005,0.6666666666666666,0.0,0.7557317211787818
84000.0,0.9412981273890705,15,0.409,,0.7711925414759778,0.2866812661755923,5.485159402966589e-10,bidisperse_a0.005_sr0.667_x0_N4000_L24_T400000_seed1.npz,bidisperse,1,0.005,0.6666666666666666,0.0,0.7557317211787818
86000.0,0.9415130294183675,14,0.40775,,0.7707058536806037,0.2858561779896702,6.257371079681481e-10,bidisperse_a0.005_sr0.667_x0_N4000_L24_T400000_seed1.npz,bidisperse,1,0.005,0.6666666666666666,0.0,0.7557317211787818
88000.0,0.941472209489443,14,0.40875,,0.7183026017742367,0.2751577050165215,4.861995375180888e-10,bidisperse_a0.005_sr0.667_x0_N4000_L24_T400000_seed1.npz,bidisperse,1,0.005,0.6666666666666666,0.0,0.7557317211787818
90000.0,0.9412091844630146,14,0.40825,,0.7685629257897454,0.28302262984747284,4.4527628511726803e-10,bidisperse_a0.005_sr0.667_x0_N4000_L24_T400000_seed1.npz,bidisperse,1,0.005,0.6666666666666666,0.0,0.7557317211787818
92000.0,0.9404330387419811,14,0.40775,,0.7721256273638155,0.27953110910730383,4.54104566144175e-10,bidisperse_a0.005_sr0.667_x0_N4000_L24_T400000_seed1.npz,bidisperse,1,0.005,0.6666666666666666,0.0,0.7557317211787818
94000.0,0.9403032375619431,14,0.40825,,0.7385586936423172,0.28646923920630174,5.356055991448237e-10,bidisperse_a0.005_sr0.667_x0_N4000_L24_T400000_seed1.npz,bidisperse,1,0.005,0.6666666666666666,0.0,0.7557317211787818
96000.0,0.9414600550498486,14,0.40875,,0.7636250230231041,0.27097551184263347,4.6549572623913184e-10,bidisperse_a0.005_sr0.667_x0_N4000_L24_T400000_seed1.npz,bidisperse,1,0.005,0.6666666666666666,0.0,0.7557317211787818
98000.0,0.9396922902977514,14,0.40875,,0.7440853536063871,0.2783546325878594,5.500554390667986e-10,bidisperse_a0.005_sr0.667_x0_N4000_L24_T400000_seed1.npz,bidisperse,1,0.005,0.6666666666666666,0.0,0.7557317211787818
100000.0,0.940704666850227,14,0.40875,0.4964934170522684,0.7553615476746581,0.27017858924473714,5.342840124659296e-10,bidisperse_a0.005_sr0.667_x0_N4000_L24_T400000_seed1.npz,bidisperse,1,0.005,0.6666666666666666,0.0,0.7557317211787818
102000.0,0.9401553040055145,15,0.4085,,0.8091373909026816,0.2632,5.143875556522758e-10,bidisperse_a0.005_sr0.667_x0_N4000_L24_T400000_seed1.npz,bidisperse,1,0.005,0.6666666666666666,0.0,0.7557317211787818
104000.0,0.9401779954723339,14,0.40875,,0.7866368106752198,0.2657517780226385,5.1922360531872e-10,bidisperse_a0.005_sr0.667_x0_N4000_L24_T400000_seed1.npz,bidisperse,1,0.005,0.6666666666666666,0.0,0.7557317211787818
106000.0,0.9394482118620604,14,0.40825,,0.7935911780969245,0.27716362912060555,5.417697862491197e-10,bidisperse_a0.005_sr0.667_x0_N4000_L24_T400000_seed1.npz,bidisperse,1,0.005,0.6666666666666666,0.0,0.7557317211787818
108000.0,0.9410560813422439,14,0.408,,0.7735596995876579,0.27283593983464494,5.901535782108853e-10,bidisperse_a0.005_sr0.667_x0_N4000_L24_T400000_seed1.npz,bidisperse,1,0.005,0.6666666666666666,0.0,0.7557317211787818
110000.0,0.9403107896088612,14,0.409,,0.7611349763780291,0.26571201272871914,4.523046043898502e-10,bidisperse_a0.005_sr0.667_x0_N4000_L24_T400000_seed1.npz,bidisperse,1,0.005,0.6666666666666666,0.0,0.7557317211787818
112000.0,0.9393550256387394,15,0.408,,0.766158120170763,0.2744786494538233,5.07555454055513e-10,bidisperse_a0.005_sr0.667_x0_N4000_L24_T400000_seed1.npz,bidisperse,1,0.005,0.6666666666666666,0.0,0.7557317211787818
114000.0,0.9382593821489275,16,0.409,,0.7300588349713777,0.2805798252581414,5.727663898537108e-10,bidisperse_a0.005_sr0.667_x0_N4000_L24_T400000_seed1.npz,bidisperse,1,0.005,0.6666666666666666,0.0,0.7557317211787818
116000.0,0.9382791819489177,14,0.409,,0.7802802037971499,0.26969425356040233,5.420480263313091e-10,bidisperse_a0.005_sr0.667_x0_N4000_L24_T400000_seed1.npz,bidisperse,1,0.005,0.6666666666666666,0.0,0.7557317211787818
118000.0,0.9404832709568274,15,0.40825,,0.7726482418374859,0.2678571428571429,5.044922140119707e-10,bidisperse_a0.005_sr0.667_x0_N4000_L24_T400000_seed1.npz,bidisperse,1,0.005,0.6666666666666666,0.0,0.7557317211787818
120000.0,0.9395153560009519,14,0.40925,,0.7492662484732107,0.2755507045048621,5.830741797997552e-10,bidisperse_a0.005_sr0.667_x0_N4000_L24_T400000_seed1.npz,bidisperse,1,0.005,0.6666666666666666,0.0,0.7557317211787818
122000.0,0.9375724669764691,14,0.4085,,0.7835824156266,0.27884615384615385,6.086784862889576e-10,bidisperse_a0.005_sr0.667_x0_N4000_L24_T400000_seed1.npz,bidisperse,1,0.005,0.6666666666666666,0.0,0.7557317211787818
124000.0,0.9387545569454102,14,0.40825,,0.7784927743235712,0.2841844323252355,5.697154951393934e-10,bidisperse_a0.005_sr0.667_x0_N4000_L24_T400000_seed1.npz,bidisperse,1,0.005,0.6666666666666666,0.0,0.7557317211787818
126000.0,0.9389556182799347,16,0.4085,,0.7416682598645238,0.28398130655264986,5.248203373645926e-10,bidisperse_a0.005_sr0.667_x0_N4000_L24_T400000_seed1.npz,bidisperse,1,0.005,0.6666666666666666,0.0,0.7557317211787818
128000.0,0.9382037272505256,14,0.40925,,0.7708432210478647,0.2797376527874391,6.221803713657454e-10,bidisperse_a0.005_sr0.667_x0_N4000_L24_T400000_seed1.npz,bidisperse,1,0.005,0.6666666666666666,0.0,0.7557317211787818
130000.0,0.9376759146006317,14,0.408,,0.7233405326648227,0.27342199285430724,5.75116026148694e-10,bidisperse_a0.005_sr0.667_x0_N4000_L24_T400000_seed1.npz,bidisperse,1,0.005,0.6666666666666666,0.0,0.7557317211787818
132000.0,0.9382517837477291,15,0.409,,0.7958370799329123,0.2768971666336437,5.461818819155856e-10,bidisperse_a0.005_sr0.667_x0_N4000_L24_T400000_seed1.npz,bidisperse,1,0.005,0.6666666666666666,0.0,0.7557317211787818
134000.0,0.9377567414799017,16,0.4085,,0.7415561048412771,0.2816831683168317,5.900304803641018e-10,bidisperse_a0.005_sr0.667_x0_N4000_L24_T400000_seed1.npz,bidisperse,1,0.005,0.6666666666666666,0.0,0.7557317211787818
136000.0,0.937012487838722,14,0.40925,,0.8048236994184179,0.28654739547296626,6.135745514389033e-10,bidisperse_a0.005_sr0.667_x0_N4000_L24_T400000_seed1.npz,bidisperse,1,0.005,0.6666666666666666,0.0,0.7557317211787818
138000.0,0.9371449441893971,15,0.4085,,0.780963960972501,0.2820817255367567,5.860522653872953e-10,bidisperse_a0.005_sr0.667_x0_N4000_L24_T400000_seed1.npz,bidisperse,1,0.005,0.6666666666666666,0.0,0.7557317211787818
140000.0,0.9359492711215083,15,0.409,,0.797246488705822,0.2737977439145063,5.596561780074168e-10,bidisperse_a0.005_sr0.667_x0_N4000_L24_T400000_seed1.npz,bidisperse,1,0.005,0.6666666666666666,0.0,0.7557317211787818
142000.0,0.9368026948929821,14,0.409,,0.7494394557504577,0.2699483922191346,5.690865428934183e-10,bidisperse_a0.005_sr0.667_x0_N4000_L24_T400000_seed1.npz,bidisperse,1,0.005,0.6666666666666666,0.0,0.7557317211787818
144000.0,0.9366481268076128,14,0.40825,,0.7907181078622131,0.2745699031046075,6.481254974876268e-10,bidisperse_a0.005_sr0.667_x0_N4000_L24_T400000_seed1.npz,bidisperse,1,0.005,0.6666666666666666,0.0,0.7557317211787818
146000.0,0.934223502006814,13,0.4095,,0.8029189127296265,0.27335777271376205,5.802459080242947e-10,bidisperse_a0.005_sr0.667_x0_N4000_L24_T400000_seed1.npz,bidisperse,1,0.005,0.6666666666666666,0.0,0.7557317211787818
148000.0,0.9345959970591637,14,0.40925,,0.7603673608395507,0.27029438001784123,4.3745401132057855e-10,bidisperse_a0.005_sr0.667_x0_N4000_L24_T400000_seed1.npz,bidisperse,1,0.005,0.6666666666666666,0.0,0.7557317211787818
150000.0,0.9361464544506568,13,0.4085,,0.7984777723544448,0.27002967359050445,5.113234877616718e-10,bidisperse_a0.005_sr0.667_x0_N4000_L24_T400000_seed1.npz,bidisperse,1,0.005,0.6666666666666666,0.0,0.7557317211787818
152000.0,0.9354644042793524,14,0.40825,,0.7584876444003926,0.27817911924789707,5.673227871562568e-10,bidisperse_a0.005_sr0.667_x0_N4000_L24_T400000_seed1.npz,bidisperse,1,0.005,0.6666666666666666,0.0,0.7557317211787818
154000.0,0.9338107364589934,13,0.409,,0.7429644659385012,0.26164124040283177,5.168339261124735e-10,bidisperse_a0.005_sr0.667_x0_N4000_L24_T400000_seed1.npz,bidisperse,1,0.005,0.6666666666666666,0.0,0.7557317211787818
156000.0,0.9349583962108812,14,0.40875,,0.7111630578657031,0.27006722024515617,5.542160826803828e-10,bidisperse_a0.005_sr0.667_x0_N4000_L24_T400000_seed1.npz,bidisperse,1,0.005,0.6666666666666666,0.0,0.7557317211787818
158000.0,0.9347866475476375,13,0.40925,,0.7733718918007263,0.268696687165245,4.5431786418312636e-10,bidisperse_a0.005_sr0.667_x0_N4000_L24_T400000_seed1.npz,bidisperse,1,0.005,0.6666666666666666,0.0,0.7557317211787818
160000.0,0.9353827593940822,13,0.40825,,0.7092054240557085,0.2714455917394758,4.848233199809283e-10,bidisperse_a0.005_sr0.667_x0_N4000_L24_T400000_seed1.npz,bidisperse,1,0.005,0.6666666666666666,0.0,0.7557317211787818
162000.0,0.9349449906975336,13,0.40875,,0.7573285758902228,0.2694831013916501,4.319503781960293e-10,bidisperse_a0.005_sr0.667_x0_N4000_L24_T400000_seed1.npz,bidisperse,1,0.005,0.6666666666666666,0.0,0.7557317211787818
164000.0,0.9350144004166424,13,0.409,,0.76338214428338,0.26477611940298507,4.5020539744476637e-10,bidisperse_a0.005_sr0.667_x0_N4000_L24_T400000_seed1.npz,bidisperse,1,0.005,0.6666666666666666,0.0,0.7557317211787818
166000.0,0.9348338463979984,13,0.4095,,0.7807029849851694,0.26898796606825803,5.518327416292523e-10,bidisperse_a0.005_sr0.667_x0_N4000_L24_T400000_seed1.npz,bidisperse,1,0.005,0.6666666666666666,0.0,0.7557317211787818
168000.0,0.9352521320106075,13,0.40925,,0.7524628766494149,0.26528395061728394,4.633391667810541e-10,bidisperse_a0.005_sr0.667_x0_N4000_L24_T400000_seed1.npz,bidisperse,1,0.005,0.6666666666666666,0.0,0.7557317211787818
170000.0,0.9336531614215163,13,0.408,,0.7452572137265225,0.260235947258848,4.4848481432211223e-10,bidisperse_a0.005_sr0.667_x0_N4000_L24_T400000_seed1.npz,bidisperse,1,0.005,0.6666666666666666,0.0,0.7557317211787818
172000.0,0.9353981763719108,14,0.40925,,0.7631396727342754,0.25458692849350395,4.580710312329692e-10,bidisperse_a0.005_sr0.667_x0_N4000_L24_T400000_seed1.npz,bidisperse,1,0.005,0.6666666666666666,0.0,0.7557317211787818
174000.0,0.9329541319905049,13,0.40875,,0.7271672177851056,0.2596745385989283,4.203630505781457e-10,bidisperse_a0.005_sr0.667_x0_N4000_L24_T400000_seed1.npz,bidisperse,1,0.005,0.6666666666666666,0.0,0.7557317211787818
176000.0,0.9349001278346388,14,0.4095,,0.7217024091026684,0.2626842053209376,4.768622522584297e-10,bidisperse_a0.005_sr0.667_x0_N4000_L24_T400000_seed1.npz,bidisperse,1,0.005,0.6666666666666666,0.0,0.7557317211787818
178000.0,0.9356241789171762,14,0.40875,,0.7703599051068267,0.2601955169349265,4.918077576802493e-10,bidisperse_a0.005_sr0.667_x0_N4000_L24_T400000_seed1.npz,bidisperse,1,0.005,0.6666666666666666,0.0,0.7557317211787818
180000.0,0.9336962925058236,13,0.409,,0.8215528768129423,0.2630484302268,4.5404742882956174e-10,bidisperse_a0.005_sr0.667_x0_N4000_L24_T400000_seed1.npz,bidisperse,1,0.005,0.6666666666666666,0.0,0.7557317211787818
182000.0,0.9339525794387572,13,0.40875,,0.7460034389521287,0.27742761473311006,4.924003139474892e-10,bidisperse_a0.005_sr0.667_x0_N4000_L24_T400000_seed1.npz,bidisperse,1,0.005,0.6666666666666666,0.0,0.7557317211787818
184000.0,0.9341503532828531,13,0.40875,,0.7527702964527164,0.26644215530903326,4.967389717032195e-10,bidisperse_a0.005_sr0.667_x0_N4000_L24_T400000_seed1.npz,bidisperse,1,0.005,0.6666666666666666,0.0,0.7557317211787818
186000.0,0.9324492391643232,13,0.40775,,0.7377125775615831,0.25520055738031255,4.845894318644806e-10,bidisperse_a0.005_sr0.667_x0_N4000_L24_T400000_seed1.npz,bidisperse,1,0.005,0.6666666666666666,0.0,0.7557317211787818
188000.0,0.9329470108408646,14,0.409,,0.7383711818457713,0.26370679380214546,4.729824975734699e-10,bidisperse_a0.005_sr0.667_x0_N4000_L24_T400000_seed1.npz,bidisperse,1,0.005,0.6666666666666666,0.0,0.7557317211787818
190000.0,0.9339108037485657,13,0.4155,,0.753750266846805,0.26379636074376056,4.670747622400774e-10,bidisperse_a0.005_sr0.667_x0_N4000_L24_T400000_seed1.npz,bidisperse,1,0.005,0.6666666666666666,0.0,0.7557317211787818
192000.0,0.932626188087134,14,0.41575,,0.745795848281512,0.271761581587489,4.74337547404989e-10,bidisperse_a0.005_sr0.667_x0_N4000_L24_T400000_seed1.npz,bidisperse,1,0.005,0.6666666666666666,0.0,0.7557317211787818
194000.0,0.9339561796934579,13,0.41575,,0.8153875301322403,0.25623762376237624,4.887222512530956e-10,bidisperse_a0.005_sr0.667_x0_N4000_L24_T400000_seed1.npz,bidisperse,1,0.005,0.6666666666666666,0.0,0.7557317211787818
196000.0,0.9324728132520597,12,0.41575,,0.7486859632148917,0.2671853456765807,4.700378700488754e-10,bidisperse_a0.005_sr0.667_x0_N4000_L24_T400000_seed1.npz,bidisperse,1,0.005,0.6666666666666666,0.0,0.7557317211787818
198000.0,0.93404687879795,12,0.41575,,0.7530373496669976,0.26002971768202077,4.5389650891038757e-10,bidisperse_a0.005_sr0.667_x0_N4000_L24_T400000_seed1.npz,bidisperse,1,0.005,0.6666666666666666,0.0,0.7557317211787818
200000.0,0.9339563598796596,12,0.416,0.4942711199175696,0.7305798157987659,0.2767277023036031,5.221694928229762e-10,bidisperse_a0.005_sr0.667_x0_N4000_L24_T400000_seed1.npz,bidisperse,1,0.005,0.6666666666666666,0.0,0.7557317211787818
202000.0,0.9312983449336781,11,0.416,,0.7318480230464399,0.26045683773361017,5.042356149387648e-10,bidisperse_a0.005_sr0.667_x0_N4000_L24_T400000_seed1.npz,bidisperse,1,0.005,0.6666666666666666,0.0,0.7557317211787818
204000.0,0.9316548661489559,12,0.416,,0.7635096930478285,0.26009056900964755,4.353842692981222e-10,bidisperse_a0.005_sr0.667_x0_N4000_L24_T400000_seed1.npz,bidisperse,1,0.005,0.6666666666666666,0.0,0.7557317211787818
206000.0,0.9323941796842227,11,0.4165,,0.7813541741267109,0.2605174797550859,3.9377068708804636e-10,bidisperse_a0.005_sr0.667_x0_N4000_L24_T400000_seed1.npz,bidisperse,1,0.005,0.6666666666666666,0.0,0.7557317211787818
208000.0,0.9317153620795563,11,0.4165,,0.7380860291845228,0.2648275862068965,4.456718358512943e-10,bidisperse_a0.005_sr0.667_x0_N4000_L24_T400000_seed1.npz,bidisperse,1,0.005,0.6666666666666666,0.0,0.7557317211787818
210000.0,0.931651652892562,12,0.41525,,0.7360294995127626,0.2537150782643154,4.1510550249482076e-10,bidisperse_a0.005_sr0.667_x0_N4000_L24_T400000_seed1.npz,bidisperse,1,0.005,0.6666666666666666,0.0,0.7557317211787818
212000.0,0.9326375863035384,11,0.416,,0.7362543654411975,0.2601127484917417,4.367146058387585e-10,bidisperse_a0.005_sr0.667_x0_N4000_L24_T400000_seed1.npz,bidisperse,1,0.005,0.6666666666666666,0.0,0.7557317211787818
214000.0,0.93260288919869,11,0.4155,,0.7246156170946176,0.258475832756746,4.1697891442874593e-10,bidisperse_a0.005_sr0.667_x0_N4000_L24_T400000_seed1.npz,bidisperse,1,0.005,0.6666666666666666,0.0,0.7557317211787818
216000.0,0.9300269471176379,12,0.41625,,0.7470233161809189,0.25919335705812574,4.160704372776948e-10,bidisperse_a0.005_sr0.667_x0_N4000_L24_T400000_seed1.npz,bidisperse,1,0.005,0.6666666666666666,0.0,0.7557317211787818
218000.0,0.931137728068551,11,0.41675,,0.743153100614055,0.2589118198874296,4.03709974427426e-10,bidisperse_a0.005_sr0.667_x0_N4000_L24_T400000_seed1.npz,bidisperse,1,0.005,0.6666666666666666,0.0,0.7557317211787818
220000.0,0.9313012719052605,11,0.416,,0.7517416525605141,0.2736800861984523,5.076532101012306e-10,bidisperse_a0.005_sr0.667_x0_N4000_L24_T400000_seed1.npz,bidisperse,1,0.005,0.6666666666666666,0.0,0.7557317211787818
222000.0,0.9306138028655484,11,0.41575,,0.7362495156119189,0.2687801516195727,4.662906442140495e-10,bidisperse_a0.005_sr0.667_x0_N4000_L24_T400000_seed1.npz,bidisperse,1,0.005,0.6666666666666666,0.0,0.7557317211787818
224000.0,0.930585728228526,11,0.41625,,0.734224153319746,0.2613312358666797,4.5729432637337786e-10,bidisperse_a0.005_sr0.667_x0_N4000_L24_T400000_seed1.npz,bidisperse,1,0.005,0.6666666666666666,0.0,0.7557317211787818
226000.0,0.9314354659456509,11,0.41575,,0.715270392512652,0.25460636515912893,3.9636240883258144e-10,bidisperse_a0.005_sr0.667_x0_N4000_L24_T400000_seed1.npz,bidisperse,1,0.005,0.6666666666666666,0.0,0.7557317211787818
228000.0,0.9299818500198702,11,0.41675,,0.71490155415463,0.2597364280094414,3.7128309739573045e-10,bidisperse_a0.005_sr0.667_x0_N4000_L24_T400000_seed1.npz,bidisperse,1,0.005,0.6666666666666666,0.0,0.7557317211787818
230000.0,0.9299110651263285,11,0.416,,0.7700624150113916,0.25974793225679405,3.8007730389315183e-10,bidisperse_a0.005_sr0.667_x0_N4000_L24_T400000_seed1.npz,bidisperse,1,0.005,0.6666666666666666,0.0,0.7557317211787818
232000.0,0.9296830338048612,11,0.41625,,0.7817346313837003,0.2659238808913429,3.824184134550253e-10,bidisperse_a0.005_sr0.667_x0_N4000_L24_T400000_seed1.npz,bidisperse,1,0.005,0.6666666666666666,0.0,0.7557317211787818
234000.0,0.9305931511270505,11,0.41575,,0.6904469705732125,0.26534225019669555,5.36679120572514e-10,bidisperse_a0.005_sr0.667_x0_N4000_L24_T400000_seed1.npz,bidisperse,1,0.005,0.6666666666666666,0.0,0.7557317211787818
236000.0,0.9284525544680499,12,0.41625,,0.7212765960083467,0.2516027221619489,4.003690581254794e-10,bidisperse_a0.005_sr0.667_x0_N4000_L24_T400000_seed1.npz,bidisperse,1,0.005,0.6666666666666666,0.0,0.7557317211787818
238000.0,0.9290792596318473,12,0.41525,,0.7267013938658865,0.265179799567695,5.134622184699101e-10,bidisperse_a0.005_sr0.667_x0_N4000_L24_T400000_seed1.npz,bidisperse,1,0.005,0.6666666666666666,0.0,0.7557317211787818
240000.0,0.9298708850569507,11,0.4165,,0.7445287413570915,0.262356293603223,3.9409033524209454e-10,bidisperse_a0.005_sr0.667_x0_N4000_L24_T400000_seed1.npz,bidisperse,1,0.005,0.6666666666666666,0.0,0.7557317211787818
242000.0,0.9297136215781902,12,0.416,,0.7742094077332502,0.26796040380280306,4.961529466216696e-10,bidisperse_a0.005_sr0.667_x0_N4000_L24_T400000_seed1.npz,bidisperse,1,0.005,0.6666666666666666,0.0,0.7557317211787818
244000.0,0.9305210743801653,11,0.4165,,0.7753094802468127,0.2737534354142128,4.160121630924362e-10,bidisperse_a0.005_sr0.667_x0_N4000_L24_T400000_seed1.npz,bidisperse,1,0.005,0.6666666666666666,0.0,0.7557317211787818
246000.0,0.9307802575154929,11,0.41625,,0.7940091329273459,0.27466302012111743,4.400876708283246e-10,bidisperse_a0.005_sr0.667_x0_N4000_L24_T400000_seed1.npz,bidisperse,1,0.005,0.6666666666666666,0.0,0.7557317211787818
248000.0,0.9291235092979804,11,0.41575,,0.7070310946819981,0.26019055102642175,5.26976662720187e-10,bidisperse_a0.005_sr0.667_x0_N4000_L24_T400000_seed1.npz,bidisperse,1,0.005,0.6666666666666666,0.0,0.7557317211787818
250000.0,0.9289456354364808,13,0.41425,,0.7310131557209274,0.25669554942890904,3.774158278473802e-10,bidisperse_a0.005_sr0.667_x0_N4000_L24_T400000_seed1.npz,bidisperse,1,0.005,0.6666666666666666,0.0,0.7557317211787818
252000.0,0.9293612540544018,11,0.415,,0.7452484758092821,0.25677139761646806,4.3085514815083583e-10,bidisperse_a0.005_sr0.667_x0_N4000_L24_T400000_seed1.npz,bidisperse,1,0.005,0.6666666666666666,0.0,0.7557317211787818
254000.0,0.9289867145168977,11,0.4165,,0.7119382912328492,0.2548053228191227,4.5095896782659667e-10,bidisperse_a0.005_sr0.667_x0_N4000_L24_T400000_seed1.npz,bidisperse,1,0.005,0.6666666666666666,0.0,0.7557317211787818
256000.0,0.9284796744660758,11,0.415,,0.737413138590556,0.26632772780602265,5.1550218326195e-10,bidisperse_a0.005_sr0.667_x0_N4000_L24_T400000_seed1.npz,bidisperse,1,0.005,0.6666666666666666,0.0,0.7557317211787818
258000.0,0.9297808044230409,13,0.41575,,0.764587814743808,0.25364891518737676,4.445033852625726e-10,bidisperse_a0.005_sr0.667_x0_N4000_L24_T400000_seed1.npz,bidisperse,1,0.005,0.6666666666666666,0.0,0.7557317211787818
260000.0,0.9284594012573417,11,0.41625,,0.7048536671072868,0.2505184161153352,4.068609297195873e-10,bidisperse_a0.005_sr0.667_x0_N4000_L24_T400000_seed1.npz,bidisperse,1,0.005,0.6666666666666666,0.0,0.7557317211787818
262000.0,0.9291784640801298,11,0.4165,,0.7366189879343299,0.25410077595521063,4.3388193427587916e-10,bidisperse_a0.005_sr0.667_x0_N4000_L24_T400000_seed1.npz,bidisperse,1,0.005,0.6666666666666666,0.0,0.7557317211787818
264000.0,0.9279497411942936,12,0.41625,,0.7199351637905916,0.24945898091678143,4.2180201744920746e-10,bidisperse_a0.005_sr0.667_x0_N4000_L24_T400000_seed1.npz,bidisperse,1,0.005,0.6666666666666666,0.0,0.7557317211787818
266000.0,0.928684615037019,11,0.41675,,0.7249038332240496,0.24874247953447082,4.1664092539543427e-10,bidisperse_a0.005_sr0.667_x0_N4000_L24_T400000_seed1.npz,bidisperse,1,0.005,0.6666666666666666,0.0,0.7557317211787818
268000.0,0.9297487570841169,11,0.41625,,0.760838910402295,0.2563573883161512,3.6122978330083653e-10,bidisperse_a0.005_sr0.667_x0_N4000_L24_T400000_seed1.npz,bidisperse,1,0.005,0.6666666666666666,0.0,0.7557317211787818
270000.0,0.9293844059679177,11,0.41625,,0.7518481176849916,0.25125282499754353,3.971022650691809e-10,bidisperse_a0.005_sr0.667_x0_N4000_L24_T400000_seed1.npz,bidisperse,1,0.005,0.6666666666666666,0.0,0.7557317211787818
272000.0,0.926920899821464,12,0.41575,,0.7364746564231442,0.2557180720526161,4.077183230489238e-10,bidisperse_a0.005_sr0.667_x0_N4000_L24_T400000_seed1.npz,bidisperse,1,0.005,0.6666666666666666,0.0,0.7557317211787818
274000.0,0.9291781935423573,13,0.41525,,0.7348613337406249,0.2549502512067776,4.282270654422249e-10,bidisperse_a0.005_sr0.667_x0_N4000_L24_T400000_seed1.npz,bidisperse,1,0.005,0.6666666666666666,0.0,0.7557317211787818
276000.0,0.9275921472427252,11,0.41625,,0.7380397786199779,0.2620920173023987,4.445327131782978e-10,bidisperse_a0.005_sr0.667_x0_N4000_L24_T400000_seed1.npz,bidisperse,1,0.005,0.6666666666666666,0.0,0.7557317211787818
278000.0,0.9277639356172832,11,0.41625,,0.7217072422657683,0.25539037117259034,4.3295529334852476e-10,bidisperse_a0.005_sr0.667_x0_N4000_L24_T400000_seed1.npz,bidisperse,1,0.005,0.6666666666666666,0.0,0.7557317211787818
280000.0,0.9273194775186971,11,0.4155,,0.7571142304632116,0.24997529888350956,4.114387252000903e-10,bidisperse_a0.005_sr0.667_x0_N4000_L24_T400000_seed1.npz,bidisperse,1,0.005,0.6666666666666666,0.0,0.7557317211787818
282000.0,0.92920298107464,11,0.41625,,0.7086914315676884,0.26405819897758553,3.8642903523669646e-10,bidisperse_a0.005_sr0.667_x0_N4000_L24_T400000_seed1.npz,bidisperse,1,0.005,0.6666666666666666,0.0,0.7557317211787818
284000.0,0.9287721410362152,11,0.4155,,0.7027223523524375,0.25843361609784965,3.3811215040607056e-10,bidisperse_a0.005_sr0.667_x0_N4000_L24_T400000_seed1.npz,bidisperse,1,0.005,0.6666666666666666,0.0,0.7557317211787818
286000.0,0.9295741914244872,11,0.41625,,0.727192889162653,0.26053714957851404,3.9814168861134926e-10,bidisperse_a0.005_sr0.667_x0_N4000_L24_T400000_seed1.npz,bidisperse,1,0.005,0.6666666666666666,0.0,0.7557317211787818
288000.0,0.9282795898129181,11,0.417,,0.7751955962954022,0.25316953316953317,4.5524452459243055e-10,bidisperse_a0.005_sr0.667_x0_N4000_L24_T400000_seed1.npz,bidisperse,1,0.005,0.6666666666666666,0.0,0.7557317211787818
290000.0,0.9284687191332759,12,0.41575,,0.7581090609315451,0.25614310988794964,3.962897167255431e-10,bidisperse_a0.005_sr0.667_x0_N4000_L24_T400000_seed1.npz,bidisperse,1,0.005,0.6666666666666666,0.0,0.7557317211787818
292000.0,0.926524087769022,11,0.41625,,0.6918714560709622,0.25479398170911594,4.4748747254128405e-10,bidisperse_a0.005_sr0.667_x0_N4000_L24_T400000_seed1.npz,bidisperse,1,0.005,0.6666666666666666,0.0,0.7557317211787818
294000.0,0.9271367387201092,11,0.41675,,0.7350342559125462,0.2551663058453061,3.7938312003871756e-10,bidisperse_a0.005_sr0.667_x0_N4000_L24_T400000_seed1.npz,bidisperse,1,0.005,0.6666666666666666,0.0,0.7557317211787818
296000.0,0.9270486471144046,11,0.4165,,0.7398058279419036,0.25216110019646365,3.469355854920411e-10,bidisperse_a0.005_sr0.667_x0_N4000_L24_T400000_seed1.npz,bidisperse,1,0.005,0.6666666666666666,0.0,0.7557317211787818
298000.0,0.9282374311541532,12,0.4165,,0.7362012958466981,0.2594552224181854,3.9213257651674723e-10,bidisperse_a0.005_sr0.667_x0_N4000_L24_T400000_seed1.npz,bidisperse,1,0.005,0.6666666666666666,0.0,0.7557317211787818
300000.0,0.9270142132596612,10,0.4165,0.4863985560417077,0.7259437141081806,0.2660927411465467,5.161938583018846e-10,bidisperse_a0.005_sr0.667_x0_N4000_L24_T400000_seed1.npz,bidisperse,1,0.005,0.6666666666666666,0.0,0.7557317211787818
302000.0,0.9257617339132407,10,0.416,,0.6997693120476103,0.25388905195186384,4.817024738555325e-10,bidisperse_a0.005_sr0.667_x0_N4000_L24_T400000_seed1.npz,bidisperse,1,0.005,0.6666666666666666,0.0,0.7557317211787818
304000.0,0.9272839501843012,10,0.41675,,0.7489738258908875,0.26064037485357283,4.15544113997316e-10,bidisperse_a0.005_sr0.667_x0_N4000_L24_T400000_seed1.npz,bidisperse,1,0.005,0.6666666666666666,0.0,0.7557317211787818
306000.0,0.9268308960395732,11,0.41625,,0.7251892955282112,0.25781096482609545,4.0883046140814684e-10,bidisperse_a0.005_sr0.667_x0_N4000_L24_T400000_seed1.npz,bidisperse,1,0.005,0.6666666666666666,0.0,0.7557317211787818
308000.0,0.9271652614629525,10,0.4155,,0.7234470785102121,0.24995075832184366,3.6458237372151536e-10,bidisperse_a0.005_sr0.667_x0_N4000_L24_T400000_seed1.npz,bidisperse,1,0.005,0.6666666666666666,0.0,0.7557317211787818
310000.0,0.9271138477824094,11,0.41625,,0.7187855256819639,0.24775884149344896,3.5682625723388796e-10,bidisperse_a0.005_sr0.667_x0_N4000_L24_T400000_seed1.npz,bidisperse,1,0.005,0.6666666666666666,0.0,0.7557317211787818
312000.0,0.9265605460507967,10,0.416,,0.7338137669914007,0.25017236284841915,3.918524102903074e-10,bidisperse_a0.005_sr0.667_x0_N4000_L24_T400000_seed1.npz,bidisperse,1,0.005,0.6666666666666666,0.0,0.7557317211787818
314000.0,0.9258060602372166,11,0.416,,0.718501938538121,0.25036934896089824,3.739486316543253e-10,bidisperse_a0.005_sr0.667_x0_N4000_L24_T400000_seed1.npz,bidisperse,1,0.005,0.6666666666666666,0.0,0.7557317211787818
316000.0,0.9266581787684282,10,0.41575,,0.7375760691055453,0.24977839062346108,3.7490000067923566e-10,bidisperse_a0.005_sr0.667_x0_N4000_L24_T400000_seed1.npz,bidisperse,1,0.005,0.6666666666666666,0.0,0.7557317211787818
318000.0,0.9280914493737153,10,0.416,,0.7464873514779309,0.24033231134408073,3.3902475655095245e-10,bidisperse_a0.005_sr0.667_x0_N4000_L24_T400000_seed1.npz,bidisperse,1,0.005,0.6666666666666666,0.0,0.7557317211787818
320000.0,0.9267604314081985,10,0.41675,,0.7356895461533526,0.2418494368701838,3.060091592230113e-10,bidisperse_a0.005_sr0.667_x0_N4000_L24_T400000_seed1.npz,bidisperse,1,0.005,0.6666666666666666,0.0,0.7557317211787818
322000.0,0.9265974896366472,10,0.416,,0.75644143106183,0.2559944968553459,3.972101490045044e-10,bidisperse_a0.005_sr0.667_x0_N4000_L24_T400000_seed1.npz,bidisperse,1,0.005,0.6666666666666666,0.0,0.7557317211787818
324000.0,0.9268789947751644,10,0.4165,,0.78714775784376,0.26124804381846634,3.724982650602368e-10,bidisperse_a0.005_sr0.667_x0_N4000_L24_T400000_seed1.npz,bidisperse,1,0.005,0.6666666666666666,0.0,0.7557317211787818
326000.0,0.9264751632679019,10,0.415,,0.7081379776148626,0.2497541789577188,3.69662456217369e-10,bidisperse_a0.005_sr0.667_x0_N4000_L24_T400000_seed1.npz,bidisperse,1,0.005,0.6666666666666666,0.0,0.7557317211787818
328000.0,0.9285544176712889,10,0.4165,,0.691187678794282,0.25612275007376806,3.7248638727700944e-10,bidisperse_a0.005_sr0.667_x0_N4000_L24_T400000_seed1.npz,bidisperse,1,0.005,0.6666666666666666,0.0,0.7557317211787818
330000.0,0.9269215437255665,10,0.41675,,0.7220364333284649,0.2518205077740602,3.83139953019382e-10,bidisperse_a0.005_sr0.667_x0_N4000_L24_T400000_seed1.npz,bidisperse,1,0.005,0.6666666666666666,0.0,0.7557317211787818
332000.0,0.9275659589448974,10,0.4155,,0.7466312517455863,0.24412545472421587,3.679599229687551e-10,bidisperse_a0.005_sr0.667_x0_N4000_L24_T400000_seed1.npz,bidisperse,1,0.005,0.6666666666666666,0.0,0.7557317211787818
334000.0,0.9267576804240926,10,0.416,,0.7268417616104896,0.25720707514902763,4.2586423565085327e-10,bidisperse_a0.005_sr0.667_x0_N4000_L24_T400000_seed1.npz,bidisperse,1,0.005,0.6666666666666666,0.0,0.7557317211787818
336000.0,0.9254637050707598,10,0.41625,,0.683612141042369,0.24593876144530868,3.9356698285537997e-10,bidisperse_a0.005_sr0.667_x0_N4000_L24_T400000_seed1.npz,bidisperse,1,0.005,0.6666666666666666,0.0,0.7557317211787818
338000.0,0.9252702931619163,10,0.4165,,0.6668800041096997,0.24783634933123522,4.39133907569374e-10,bidisperse_a0.005_sr0.667_x0_N4000_L24_T400000_seed1.npz,bidisperse,1,0.005,0.6666666666666666,0.0,0.7557317211787818
340000.0,0.9252608499344177,10,0.4155,,0.7038189785145306,0.24816086316821973,4.1515063380647246e-10,bidisperse_a0.005_sr0.667_x0_N4000_L24_T400000_seed1.npz,bidisperse,1,0.005,0.6666666666666666,0.0,0.7557317211787818
342000.0,0.9272606310900829,10,0.41625,,0.715633968786815,0.25049019607843137,4.4690169343413834e-10,bidisperse_a0.005_sr0.667_x0_N4000_L24_T400000_seed1.npz,bidisperse,1,0.005,0.6666666666666666,0.0,0.7557317211787818
344000.0,0.9263202293542735,10,0.41625,,0.7510011574468239,0.25113033221938275,3.2663883707581404e-10,bidisperse_a0.005_sr0.667_x0_N4000_L24_T400000_seed1.npz,bidisperse,1,0.005,0.6666666666666666,0.0,0.7557317211787818
346000.0,0.9253065979578396,10,0.41575,,0.7114146772880738,0.2582541393161556,4.0733252355261173e-10,bidisperse_a0.005_sr0.667_x0_N4000_L24_T400000_seed1.npz,bidisperse,1,0.005,0.6666666666666666,0.0,0.7557317211787818
348000.0,0.9247943588980101,11,0.416,,0.7086997364121237,0.25339633786178384,4.498244359291963e-10,bidisperse_a0.005_sr0.667_x0_N4000_L24_T400000_seed1.npz,bidisperse,1,0.005,0.6666666666666666,0.0,0.7557317211787818
350000.0,0.9260607409701149,10,0.4155,,0.6966828391671708,0.2568924773532887,4.310603311528727e-10,bidisperse_a0.005_sr0.667_x0_N4000_L24_T400000_seed1.npz,bidisperse,1,0.005,0.6666666666666666,0.0,0.7557317211787818
352000.0,0.9258648438907519,10,0.41625,,0.6762899152537972,0.27140486185687784,4.679527658332591e-10,bidisperse_a0.005_sr0.667_x0_N4000_L24_T400000_seed1.npz,bidisperse,1,0.005,0.6666666666666666,0.0,0.7557317211787818
354000.0,0.92578709258272,12,0.41625,,0.7329181066568027,0.259745347698335,4.089266734162112e-10,bidisperse_a0.005_sr0.667_x0_N4000_L24_T400000_seed1.npz,bidisperse,1,0.005,0.6666666666666666,0.0,0.7557317211787818
356000.0,0.9255508466233412,10,0.41575,,0.7786371204611222,0.2549711039279068,3.7025887293049644e-10,bidisperse_a0.005_sr0.667_x0_N4000_L24_T400000_seed1.npz,bidisperse,1,0.005,0.6666666666666666,0.0,0.7557317211787818
358000.0,0.925302851101915,11,0.41625,,0.7355974612494597,0.24982841455044613,3.859509900250229e-10,bidisperse_a0.005_sr0.667_x0_N4000_L24_T400000_seed1.npz,bidisperse,1,0.005,0.6666666666666666,0.0,0.7557317211787818
360000.0,0.9268343705313012,10,0.41675,,0.713884479464392,0.2499755405537618,3.8726307863890696e-10,bidisperse_a0.005_sr0.667_x0_N4000_L24_T400000_seed1.npz,bidisperse,1,0.005,0.6666666666666666,0.0,0.7557317211787818
362000.0,0.9264895039510381,11,0.41525,,0.7365226821958876,0.24270126806251846,4.4898653555204834e-10,bidisperse_a0.005_sr0.667_x0_N4000_L24_T400000_seed1.npz,bidisperse,1,0.005,0.6666666666666666,0.0,0.7557317211787818
364000.0,0.9263814633689085,10,0.41625,,0.7033936825511389,0.2470507274872198,4.0836706708622707e-10,bidisperse_a0.005_sr0.667_x0_N4000_L24_T400000_seed1.npz,bidisperse,1,0.005,0.6666666666666666,0.0,0.7557317211787818
366000.0,0.9256739858562923,10,0.416,,0.6947246267225045,0.25319190728736984,3.682759804301511e-10,bidisperse_a0.005_sr0.667_x0_N4000_L24_T400000_seed1.npz,bidisperse,1,0.005,0.6666666666666666,0.0,0.7557317211787818
368000.0,0.9274890085689977,10,0.4165,,0.7276926612434154,0.24743285939968407,3.221227630374351e-10,bidisperse_a0.005_sr0.667_x0_N4000_L24_T400000_seed1.npz,bidisperse,1,0.005,0.6666666666666666,0.0,0.7557317211787818
370000.0,0.9255997720355809,10,0.417,,0.7039824123066675,0.25299548222353174,4.184271596922268e-10,bidisperse_a0.005_sr0.667_x0_N4000_L24_T400000_seed1.npz,bidisperse,1,0.005,0.6666666666666666,0.0,0.7557317211787818
372000.0,0.9261922861085647,10,0.41625,,0.729229234752655,0.2518169318405028,4.4486121993301306e-10,bidisperse_a0.005_sr0.667_x0_N4000_L24_T400000_seed1.npz,bidisperse,1,0.005,0.6666666666666666,0.0,0.7557317211787818
374000.0,0.9270943775359624,10,0.41625,,0.7197867558268788,0.2532729599370017,3.8980824179496817e-10,bidisperse_a0.005_sr0.667_x0_N4000_L24_T400000_seed1.npz,bidisperse,1,0.005,0.6666666666666666,0.0,0.7557317211787818
376000.0,0.924879622554244,10,0.41675,,0.7366453524621365,0.24886699507389165,4.3524039497866757e-10,bidisperse_a0.005_sr0.667_x0_N4000_L24_T400000_seed1.npz,bidisperse,1,0.005,0.6666666666666666,0.0,0.7557317211787818
378000.0,0.9252308862517359,10,0.4165,,0.7312657277020699,0.25670123263549205,4.085467064713339e-10,bidisperse_a0.005_sr0.667_x0_N4000_L24_T400000_seed1.npz,bidisperse,1,0.005,0.6666666666666666,0.0,0.7557317211787818
380000.0,0.926493258772977,11,0.41625,,0.7543043708154672,0.25849407617742093,4.2930732267245873e-10,bidisperse_a0.005_sr0.667_x0_N4000_L24_T400000_seed1.npz,bidisperse,1,0.005,0.6666666666666666,0.0,0.7557317211787818
382000.0,0.9261958399045893,10,0.41625,,0.7251962637387168,0.24539454240961478,3.762022119980517e-10,bidisperse_a0.005_sr0.667_x0_N4000_L24_T400000_seed1.npz,bidisperse,1,0.005,0.6666666666666666,0.0,0.7557317211787818
384000.0,0.9257637295120601,9,0.41625,,0.7122392529281277,0.2536771916061973,3.7819479629763615e-10,bidisperse_a0.005_sr0.667_x0_N4000_L24_T400000_seed1.npz,bidisperse,1,0.005,0.6666666666666666,0.0,0.7557317211787818
386000.0,0.926379153997722,10,0.4165,,0.6928428156353561,0.25953524855377974,5.038679850312551e-10,bidisperse_a0.005_sr0.667_x0_N4000_L24_T400000_seed1.npz,bidisperse,1,0.005,0.6666666666666666,0.0,0.7557317211787818
388000.0,0.9253367690249016,9,0.4165,,0.6999388620045492,0.2595247446975648,3.8336091464771205e-10,bidisperse_a0.005_sr0.667_x0_N4000_L24_T400000_seed1.npz,bidisperse,1,0.005,0.6666666666666666,0.0,0.7557317211787818
390000.0,0.9247331142213467,9,0.4165,,0.7312209644897338,0.2579158905989609,4.3332602681493137e-10,bidisperse_a0.005_sr0.667_x0_N4000_L24_T400000_seed1.npz,bidisperse,1,0.005,0.6666666666666666,0.0,0.7557317211787818
392000.0,0.9252066772887899,9,0.41575,,0.704376429006351,0.25667714061272584,4.3196469008789816e-10,bidisperse_a0.005_sr0.667_x0_N4000_L24_T400000_seed1.npz,bidisperse,1,0.005,0.6666666666666666,0.0,0.7557317211787818
394000.0,0.925403903269164,11,0.416,,0.7330426498109954,0.2596474045053869,4.2942374738190885e-10,bidisperse_a0.005_sr0.667_x0_N4000_L24_T400000_seed1.npz,bidisperse,1,0.005,0.6666666666666666,0.0,0.7557317211787818
396000.0,0.9233321220369337,10,0.4165,,0.6622778406732817,0.2562274103741331,3.645299410698886e-10,bidisperse_a0.005_sr0.667_x0_N4000_L24_T400000_seed1.npz,bidisperse,1,0.005,0.6666666666666666,0.0,0.7557317211787818
398000.0,0.9240130951616174,10,0.41675,,0.6790265170140098,0.2593460224499756,4.149956017934347e-10,bidisperse_a0.005_sr0.667_x0_N4000_L24_T400000_seed1.npz,bidisperse,1,0.005,0.6666666666666666,0.0,0.7557317211787818
400000.0,0.9237562375782281,9,0.41675,0.4882502093695586,0.7116482166350826,0.2579287392325763,3.919806408311472e-10,bidisperse_a0.005_sr0.667_x0_N4000_L24_T400000_seed1.npz,bidisperse,1,0.005,0.6666666666666666,0.0,0.7557317211787818
0.0,0.9970263857931179,804,0.0055,0.8846268348087749,,,,bidisperse_a0.005_sr0.667_x0_N4000_L24_T400000_seed2.npz,bidisperse,2,0.005,0.6666666666666666,0.0,0.8425275051211805
2000.0,0.9772907347419417,69,0.0895,,0.11324061086589285,0.7893807393454203,8.168557338265216e-09,bidisperse_a0.005_sr0.667_x0_N4000_L24_T400000_seed2.npz,bidisperse,2,0.005,0.6666666666666666,0.0,0.8425275051211805
4000.0,0.9713924515829908,34,0.1475,,0.7339364226021755,0.4971037388099,3.2329902057599598e-09,bidisperse_a0.005_sr0.667_x0_N4000_L24_T400000_seed2.npz,bidisperse,2,0.005,0.6666666666666666,0.0,0.8425275051211805
6000.0,0.9673526504516882,28,0.1475,,0.7828669542107539,0.44562500000000005,2.3809235416296928e-09,bidisperse_a0.005_sr0.667_x0_N4000_L24_T400000_seed2.npz,bidisperse,2,0.005,0.6666666666666666,0.0,0.8425275051211805
8000.0,0.9642862875010926,30,0.11925,,0.8048356580073998,0.41898695160793176,1.6655387161507637e-09,bidisperse_a0.005_sr0.667_x0_N4000_L24_T400000_seed2.npz,bidisperse,2,0.005,0.6666666666666666,0.0,0.8425275051211805
10000.0,0.9623250906488879,22,0.21125,,0.8043768099813358,0.39170506912442393,1.5782737236808571e-09,bidisperse_a0.005_sr0.667_x0_N4000_L24_T400000_seed2.npz,bidisperse,2,0.005,0.6666666666666666,0.0,0.8425275051211805
12000.0,0.9602974571973547,22,0.21875,,0.8159852469375348,0.3751918943813325,1.4497575237783316e-09,bidisperse_a0.005_sr0.667_x0_N4000_L24_T400000_seed2.npz,bidisperse,2,0.005,0.6666666666666666,0.0,0.8425275051211805
14000.0,0.958879819488928,24,0.2185,,0.8391583326950044,0.3690100722352223,1.0863133968610117e-09,bidisperse_a0.005_sr0.667_x0_N4000_L24_T400000_seed2.npz,bidisperse,2,0.005,0.6666666666666666,0.0,0.8425275051211805
16000.0,0.9586918121299071,20,0.17425,,0.8076291768858912,0.35959739731598206,1.0596741345214285e-09,bidisperse_a0.005_sr0.667_x0_N4000_L24_T400000_seed2.npz,bidisperse,2,0.005,0.6666666666666666,0.0,0.8425275051211805
18000.0,0.9578657233807287,20,0.2435,,0.8586360762190751,0.35665183987060256,1.1781072477287274e-09,bidisperse_a0.005_sr0.667_x0_N4000_L24_T400000_seed2.npz,bidisperse,2,0.005,0.6666666666666666,0.0,0.8425275051211805
20000.0,0.9558220155936037,18,0.2435,,0.8859972399969939,0.34571515090340166,1.0176803676669784e-09,bidisperse_a0.005_sr0.667_x0_N4000_L24_T400000_seed2.npz,bidisperse,2,0.005,0.6666666666666666,0.0,0.8425275051211805
22000.0,0.9545578378098899,18,0.24475,,0.8512646282680908,0.33633057183269344,9.95079541806875e-10,bidisperse_a0.005_sr0.667_x0_N4000_L24_T400000_seed2.npz,bidisperse,2,0.005,0.6666666666666666,0.0,0.8425275051211805
24000.0,0.9538539578178319,18,0.2445,,0.8385708312382654,0.32972042139384117,9.177201891966958e-10,bidisperse_a0.005_sr0.667_x0_N4000_L24_T400000_seed2.npz,bidisperse,2,0.005,0.6666666666666666,0.0,0.8425275051211805
26000.0,0.9540703619359242,18,0.24425,,0.8704250298820306,0.33460610932475887,8.824646219215443e-10,bidisperse_a0.005_sr0.667_x0_N4000_L24_T400000_seed2.npz,bidisperse,2,0.005,0.6666666666666666,0.0,0.8425275051211805
28000.0,0.9528970619376845,19,0.2445,,0.8381735786385627,0.32156152530435655,8.900198006073924e-10,bidisperse_a0.005_sr0.667_x0_N4000_L24_T400000_seed2.npz,bidisperse,2,0.005,0.6666666666666666,0.0,0.8425275051211805
30000.0,0.9509586063650222,20,0.24425,,0.8275889070454489,0.32570051220247065,8.048422552669356e-10,bidisperse_a0.005_sr0.667_x0_N4000_L24_T400000_seed2.npz,bidisperse,2,0.005,0.6666666666666666,0.0,0.8425275051211805
32000.0,0.9517432111832759,17,0.26825,,0.8783514526482671,0.3212409054163299,7.393558228350539e-10,bidisperse_a0.005_sr0.667_x0_N4000_L24_T400000_seed2.npz,bidisperse,2,0.005,0.6666666666666666,0.0,0.8425275051211805
34000.0,0.9491539468023595,15,0.268,,0.7955182367214972,0.3293857888398234,1.006323555028476e-09,bidisperse_a0.005_sr0.667_x0_N4000_L24_T400000_seed2.npz,bidisperse,2,0.005,0.6666666666666666,0.0,0.8425275051211805
36000.0,0.9495595759324457,16,0.269,,0.8473573963828968,0.3140786957834356,8.470738992413252e-10,bidisperse_a0.005_sr0.667_x0_N4000_L24_T400000_seed2.npz,bidisperse,2,0.005,0.6666666666666666,0.0,0.8425275051211805
38000.0,0.9491524378080236,16,0.27025,,0.8406309910330022,0.31653386454183263,8.223224097785555e-10,bidisperse_a0.005_sr0.667_x0_N4000_L24_T400000_seed2.npz,bidisperse,2,0.005,0.6666666666666666,0.0,0.8425275051211805
40000.0,0.9489721567584072,14,0.27125,,0.8214900213719291,0.30518310986591957,8.155763368204338e-10,bidisperse_a0.005_sr0.667_x0_N4000_L24_T400000_seed2.npz,bidisperse,2,0.005,0.6666666666666666,0.0,0.8425275051211805
42000.0,0.9494673002936047,14,0.2695,,0.8354963467053776,0.30898371140201863,7.241654082533231e-10,bidisperse_a0.005_sr0.667_x0_N4000_L24_T400000_seed2.npz,bidisperse,2,0.005,0.6666666666666666,0.0,0.8425275051211805
44000.0,0.9475927490729499,14,0.2705,,0.8732174399576791,0.2942419971813972,6.046018185226432e-10,bidisperse_a0.005_sr0.667_x0_N4000_L24_T400000_seed2.npz,bidisperse,2,0.005,0.6666666666666666,0.0,0.8425275051211805
46000.0,0.9466609674463788,17,0.27025,,0.8568630786327753,0.3130227001194743,7.303081504678295e-10,bidisperse_a0.005_sr0.667_x0_N4000_L24_T400000_seed2.npz,bidisperse,2,0.005,0.6666666666666666,0.0,0.8425275051211805
48000.0,0.9462829286796838,14,0.2705,,0.8455812022466688,0.29557291666666663,6.729962765146254e-10,bidisperse_a0.005_sr0.667_x0_N4000_L24_T400000_seed2.npz,bidisperse,2,0.005,0.6666666666666666,0.0,0.8425275051211805
50000.0,0.9457837954965855,15,0.27,,0.7988220584830772,0.2981843575418994,6.735383986546088e-10,bidisperse_a0.005_sr0.667_x0_N4000_L24_T400000_seed2.npz,bidisperse,2,0.005,0.6666666666666666,0.0,0.8425275051211805
52000.0,0.9460438949149739,14,0.271,,0.8070547576366494,0.3045554008354884,6.349632344213655e-10,bidisperse_a0.005_sr0.667_x0_N4000_L24_T400000_seed2.npz,bidisperse,2,0.005,0.6666666666666666,0.0,0.8425275051211805
54000.0,0.9439138473626554,15,0.271,,0.780364889259615,0.3001294949696185,7.425162673203758e-10,bidisperse_a0.005_sr0.667_x0_N4000_L24_T400000_seed2.npz,bidisperse,2,0.005,0.6666666666666666,0.0,0.8425275051211805
56000.0,0.9443284423190018,14,0.27025,,0.8311071110542534,0.2944278606965174,5.95966683126084e-10,bidisperse_a0.005_sr0.667_x0_N4000_L24_T400000_seed2.npz,bidisperse,2,0.005,0.6666666666666666,0.0,0.8425275051211805
58000.0,0.9449189871278924,15,0.271,,0.7962107573941261,0.29633300297324083,5.808905489670046e-10,bidisperse_a0.005_sr0.667_x0_N4000_L24_T400000_seed2.npz,bidisperse,2,0.005,0.6666666666666666,0.0,0.8425275051211805
60000.0,0.943212949380828,15,0.27075,,0.763711645667723,0.2861418736905118,5.247848238113502e-10,bidisperse_a0.005_sr0.667_x0_N4000_L24_T400000_seed2.npz,bidisperse,2,0.005,0.6666666666666666,0.0,0.8425275051211805
62000.0,0.9436608514771725,14,0.27125,,0.7402488709837242,0.2931017369727047,6.330993785657663e-10,bidisperse_a0.005_sr0.667_x0_N4000_L24_T400000_seed2.npz,bidisperse,2,0.005,0.6666666666666666,0.0,0.8425275051211805
64000.0,0.944471927994645,14,0.2705,,0.7993481299635062,0.2887604623355918,6.007768706871157e-10,bidisperse_a0.005_sr0.667_x0_N4000_L24_T400000_seed2.npz,bidisperse,2,0.005,0.6666666666666666,0.0,0.8425275051211805
66000.0,0.9436613915192102,14,0.27,,0.7995358733559804,0.2850443978848648,5.699495211800544e-10,bidisperse_a0.005_sr0.667_x0_N4000_L24_T400000_seed2.npz,bidisperse,2,0.005,0.6666666666666666,0.0,0.8425275051211805
68000.0,0.9442776237862467,15,0.2705,,0.7722565810317382,0.28954423592493295,6.765716774508728e-10,bidisperse_a0.005_sr0.667_x0_N4000_L24_T400000_seed2.npz,bidisperse,2,0.005,0.6666666666666666,0.0,0.8425275051211805
70000.0,0.9437865677415032,15,0.271,,0.8114901019246088,0.28726476152544056,5.548616326418247e-10,bidisperse_a0.005_sr0.667_x0_N4000_L24_T400000_seed2.npz,bidisperse,2,0.005,0.6666666666666666,0.0,0.8425275051211805
72000.0,0.9427422731075005,16,0.27075,,0.8104694135129299,0.2807665435672223,5.070125264908705e-10,bidisperse_a0.005_sr0.667_x0_N4000_L24_T400000_seed2.npz,bidisperse,2,0.005,0.6666666666666666,0.0,0.8425275051211805
74000.0,0.9423456029614633,15,0.271,,0.7849954134733073,0.273390643742503,5.413477013665621e-10,bidisperse_a0.005_sr0.667_x0_N4000_L24_T400000_seed2.npz,bidisperse,2,0.005,0.6666666666666666,0.0,0.8425275051211805
76000.0,0.9426121463768563,15,0.27025,,0.8220283816773105,0.27513015618742487,4.668282699957118e-10,bidisperse_a0.005_sr0.667_x0_N4000_L24_T400000_seed2.npz,bidisperse,2,0.005,0.6666666666666666,0.0,0.8425275051211805
78000.0,0.9439260413980634,14,0.2705,,0.7795951298907229,0.27977617905675456,5.425792075810384e-10,bidisperse_a0.005_sr0.667_x0_N4000_L24_T400000_seed2.npz,bidisperse,2,0.005,0.6666666666666666,0.0,0.8425275051211805
80000.0,0.9421315912263032,15,0.27025,,0.778662403023474,0.268463773925243,4.743136176415789e-10,bidisperse_a0.005_sr0.667_x0_N4000_L24_T400000_seed2.npz,bidisperse,2,0.005,0.6666666666666666,0.0,0.8425275051211805
82000.0,0.9424321210022782,13,0.27025,,0.8027526014338209,0.2675254643499101,5.164260174474266e-10,bidisperse_a0.005_sr0.667_x0_N4000_L24_T400000_seed2.npz,bidisperse,2,0.005,0.6666666666666666,0.0,0.8425275051211805
84000.0,0.9417405745369143,13,0.271,,0.8308817626343602,0.2718214428058988,5.023963561005144e-10,bidisperse_a0.005_sr0.667_x0_N4000_L24_T400000_seed2.npz,bidisperse,2,0.005,0.6666666666666666,0.0,0.8425275051211805
86000.0,0.9423111012596583,13,0.2705,,0.7947068385692595,0.25992779783393505,5.336125676682349e-10,bidisperse_a0.005_sr0.667_x0_N4000_L24_T400000_seed2.npz,bidisperse,2,0.005,0.6666666666666666,0.0,0.8425275051211805
88000.0,0.9425598701790505,13,0.2705,,0.8163102317701822,0.2689854494717959,4.934926326270493e-10,bidisperse_a0.005_sr0.667_x0_N4000_L24_T400000_seed2.npz,bidisperse,2,0.005,0.6666666666666666,0.0,0.8425275051211805
90000.0,0.9410431005872781,13,0.2705,,0.7674043306025078,0.2707750699161007,5.096138725598802e-10,bidisperse_a0.005_sr0.667_x0_N4000_L24_T400000_seed2.npz,bidisperse,2,0.005,0.6666666666666666,0.0,0.8425275051211805
92000.0,0.9413226993136288,14,0.26975,,0.7815218324731179,0.27118644067796616,4.5192083343312313e-10,bidisperse_a0.005_sr0.667_x0_N4000_L24_T400000_seed2.npz,bidisperse,2,0.005,0.6666666666666666,0.0,0.8425275051211805
94000.0,0.9413872453039522,13,0.271,,0.7397888748021543,0.27919183916014656,6.4568144929809e-10,bidisperse_a0.005_sr0.667_x0_N4000_L24_T400000_seed2.npz,bidisperse,2,0.005,0.6666666666666666,0.0,0.8425275051211805
96000.0,0.9401526763150629,13,0.27125,,0.800225967833758,0.26908511062387885,5.185973318179663e-10,bidisperse_a0.005_sr0.667_x0_N4000_L24_T400000_seed2.npz,bidisperse,2,0.005,0.6666666666666666,0.0,0.8425275051211805
98000.0,0.9424087614061456,13,0.27075,,0.8275928904848086,0.28314985619359323,4.807458823700995e-10,bidisperse_a0.005_sr0.667_x0_N4000_L24_T400000_seed2.npz,bidisperse,2,0.005,0.6666666666666666,0.0,0.8425275051211805
100000.0,0.9413614886656892,12,0.27,0.49596730304311243,0.781077597071133,0.28663366336633667,5.355115358555475e-10,bidisperse_a0.005_sr0.667_x0_N4000_L24_T400000_seed2.npz,bidisperse,2,0.005,0.6666666666666666,0.0,0.8425275051211805
102000.0,0.9406102241972669,12,0.271,,0.7963051043779411,0.27776120886768063,4.812796133539039e-10,bidisperse_a0.005_sr0.667_x0_N4000_L24_T400000_seed2.npz,bidisperse,2,0.005,0.6666666666666666,0.0,0.8425275051211805
104000.0,0.9412376749246318,12,0.271,,0.7787113198692557,0.2699221090473337,5.205310384296451e-10,bidisperse_a0.005_sr0.667_x0_N4000_L24_T400000_seed2.npz,bidisperse,2,0.005,0.6666666666666666,0.0,0.8425275051211805
106000.0,0.941426183130512,14,0.271,,0.8066648938906913,0.28040440083259,4.819714038409816e-10,bidisperse_a0.005_sr0.667_x0_N4000_L24_T400000_seed2.npz,bidisperse,2,0.005,0.6666666666666666,0.0,0.8425275051211805
108000.0,0.9391898412794629,12,0.27075,,0.8331714824536613,0.2685498309130694,5.478424763682549e-10,bidisperse_a0.005_sr0.667_x0_N4000_L24_T400000_seed2.npz,bidisperse,2,0.005,0.6666666666666666,0.0,0.8425275051211805
110000.0,0.9395390872148941,12,0.2705,,0.7656077895121263,0.2734552644587247,4.697481602195723e-10,bidisperse_a0.005_sr0.667_x0_N4000_L24_T400000_seed2.npz,bidisperse,2,0.005,0.6666666666666666,0.0,0.8425275051211805
112000.0,0.9425868782570828,13,0.2705,,0.7990963039608092,0.27607422844100427,5.260134135629963e-10,bidisperse_a0.005_sr0.667_x0_N4000_L24_T400000_seed2.npz,bidisperse,2,0.005,0.6666666666666666,0.0,0.8425275051211805
114000.0,0.9399655523609013,12,0.27025,,0.775435378398372,0.28022195798652394,4.593434358838544e-10,bidisperse_a0.005_sr0.667_x0_N4000_L24_T400000_seed2.npz,bidisperse,2,0.005,0.6666666666666666,0.0,0.8425275051211805
116000.0,0.9404039170454802,12,0.271,,0.7710817608693927,0.2764227642276422,4.767049024730218e-10,bidisperse_a0.005_sr0.667_x0_N4000_L24_T400000_seed2.npz,bidisperse,2,0.005,0.6666666666666666,0.0,0.8425275051211805
118000.0,0.9400844270984664,12,0.2715,,0.7554449380221713,0.2800514037168842,4.637980940242191e-10,bidisperse_a0.005_sr0.667_x0_N4000_L24_T400000_seed2.npz,bidisperse,2,0.005,0.6666666666666666,0.0,0.8425275051211805
120000.0,0.9399602800468115,12,0.271,,0.7692784055247096,0.2752864480442513,4.645276709303957e-10,bidisperse_a0.005_sr0.667_x0_N4000_L24_T400000_seed2.npz,bidisperse,2,0.005,0.6666666666666666,0.0,0.8425275051211805
122000.0,0.9401317437184377,12,0.27125,,0.8047401919652295,0.26702349093071664,4.694052363212708e-10,bidisperse_a0.005_sr0.667_x0_N4000_L24_T400000_seed2.npz,bidisperse,2,0.005,0.6666666666666666,0.0,0.8425275051211805
124000.0,0.9397952568042341,13,0.271,,0.8317871778923535,0.26443406538805525,4.245593408312712e-10,bidisperse_a0.005_sr0.667_x0_N4000_L24_T400000_seed2.npz,bidisperse,2,0.005,0.6666666666666666,0.0,0.8425275051211805
126000.0,0.9399774999794275,12,0.271,,0.782534575130355,0.27121167013992264,4.325115077380804e-10,bidisperse_a0.005_sr0.667_x0_N4000_L24_T400000_seed2.npz,bidisperse,2,0.005,0.6666666666666666,0.0,0.8425275051211805
128000.0,0.9390358760243024,12,0.27025,,0.7671743726812144,0.27596115735235827,4.999128867884465e-10,bidisperse_a0.005_sr0.667_x0_N4000_L24_T400000_seed2.npz,bidisperse,2,0.005,0.6666666666666666,0.0,0.8425275051211805
130000.0,0.9403436500629848,12,0.27075,,0.7736032936082202,0.28210713932072484,4.863321788925024e-10,bidisperse_a0.005_sr0.667_x0_N4000_L24_T400000_seed2.npz,bidisperse,2,0.005,0.6666666666666666,0.0,0.8425275051211805
132000.0,0.9401480404759575,12,0.27,,0.7559477108713785,0.28719723183391,6.472964374560978e-10,bidisperse_a0.005_sr0.667_x0_N4000_L24_T400000_seed2.npz,bidisperse,2,0.005,0.6666666666666666,0.0,0.8425275051211805
134000.0,0.9398931958821337,12,0.27075,,0.778379981380849,0.28456893991883603,5.520595770196171e-10,bidisperse_a0.005_sr0.667_x0_N4000_L24_T400000_seed2.npz,bidisperse,2,0.005,0.6666666666666666,0.0,0.8425275051211805
136000.0,0.9377746034086163,12,0.27075,,0.7272791560750842,0.26837759872674827,4.3677366255618227e-10,bidisperse_a0.005_sr0.667_x0_N4000_L24_T400000_seed2.npz,bidisperse,2,0.005,0.6666666666666666,0.0,0.8425275051211805
138000.0,0.9384510916851095,12,0.27,,0.7911806457166419,0.27219695471623495,5.043534300019092e-10,bidisperse_a0.005_sr0.667_x0_N4000_L24_T400000_seed2.npz,bidisperse,2,0.005,0.6666666666666666,0.0,0.8425275051211805
140000.0,0.9396905226281542,12,0.27075,,0.7552418866337555,0.2676923076923077,4.928388737499221e-10,bidisperse_a0.005_sr0.667_x0_N4000_L24_T400000_seed2.npz,bidisperse,2,0.005,0.6666666666666666,0.0,0.8425275051211805
142000.0,0.9383760478384919,13,0.2715,,0.768437746287565,0.2683313515655965,4.2725053148232687e-10,bidisperse_a0.005_sr0.667_x0_N4000_L24_T400000_seed2.npz,bidisperse,2,0.005,0.6666666666666666,0.0,0.8425275051211805
144000.0,0.9381126919851769,12,0.27125,,0.7872454795634916,0.2675260287555776,4.721127367953687e-10,bidisperse_a0.005_sr0.667_x0_N4000_L24_T400000_seed2.npz,bidisperse,2,0.005,0.6666666666666666,0.0,0.8425275051211805
146000.0,0.9388904447500466,12,0.271,,0.7544389168865745,0.2692154915590864,4.206229702384948e-10,bidisperse_a0.005_sr0.667_x0_N4000_L24_T400000_seed2.npz,bidisperse,2,0.005,0.6666666666666666,0.0,0.8425275051211805
148000.0,0.9388420795383288,12,0.27075,,0.7341819817224632,0.2727811820517889,4.553783089674963e-10,bidisperse_a0.005_sr0.667_x0_N4000_L24_T400000_seed2.npz,bidisperse,2,0.005,0.6666666666666666,0.0,0.8425275051211805
150000.0,0.9389216469204104,12,0.27075,,0.7801059837357768,0.2659986109733108,3.96497407771159e-10,bidisperse_a0.005_sr0.667_x0_N4000_L24_T400000_seed2.npz,bidisperse,2,0.005,0.6666666666666666,0.0,0.8425275051211805
152000.0,0.9382395814127131,11,0.2705,,0.7942103686839903,0.26671309192200554,4.139899369343571e-10,bidisperse_a0.005_sr0.667_x0_N4000_L24_T400000_seed2.npz,bidisperse,2,0.005,0.6666666666666666,0.0,0.8425275051211805
154000.0,0.9395467197083766,12,0.26975,,0.7395868376625727,0.27105971488386005,4.5473098707704394e-10,bidisperse_a0.005_sr0.667_x0_N4000_L24_T400000_seed2.npz,bidisperse,2,0.005,0.6666666666666666,0.0,0.8425275051211805
156000.0,0.9378839338636848,12,0.27075,,0.7650549090025366,0.2779097387173397,4.516661650344747e-10,bidisperse_a0.005_sr0.667_x0_N4000_L24_T400000_seed2.npz,bidisperse,2,0.005,0.6666666666666666,0.0,0.8425275051211805
158000.0,0.9399987563563429,12,0.27125,,0.8200868717649623,0.2612147677649861,4.567421039177823e-10,bidisperse_a0.005_sr0.667_x0_N4000_L24_T400000_seed2.npz,bidisperse,2,0.005,0.6666666666666666,0.0,0.8425275051211805
160000.0,0.938709317192116,11,0.27075,,0.7864979538870445,0.27036378015025697,4.4729615351077135e-10,bidisperse_a0.005_sr0.667_x0_N4000_L24_T400000_seed2.npz,bidisperse,2,0.005,0.6666666666666666,0.0,0.8425275051211805
162000.0,0.9368801282835865,12,0.27125,,0.7419423687462903,0.2649682791435368,4.269552652368118e-10,bidisperse_a0.005_sr0.667_x0_N4000_L24_T400000_seed2.npz,bidisperse,2,0.005,0.6666666666666666,0.0,0.8425275051211805
164000.0,0.937828470535484,11,0.27125,,0.7910250488790337,0.2680075299712672,4.2158659083238373e-10,bidisperse_a0.005_sr0.667_x0_N4000_L24_T400000_seed2.npz,bidisperse,2,0.005,0.6666666666666666,0.0,0.8425275051211805
166000.0,0.9373085935255048,11,0.27025,,0.7643387983876094,0.26836046050019846,4.851692207570702e-10,bidisperse_a0.005_sr0.667_x0_N4000_L24_T400000_seed2.npz,bidisperse,2,0.005,0.6666666666666666,0.0,0.8425275051211805
168000.0,0.9379565798007694,11,0.27125,,0.8019698576746661,0.2661362506215813,4.14172574700044e-10,bidisperse_a0.005_sr0.667_x0_N4000_L24_T400000_seed2.npz,bidisperse,2,0.005,0.6666666666666666,0.0,0.8425275051211805
170000.0,0.9382106028626122,11,0.27075,,0.7407733992628496,0.2742319127849355,4.289523554655497e-10,bidisperse_a0.005_sr0.667_x0_N4000_L24_T400000_seed2.npz,bidisperse,2,0.005,0.6666666666666666,0.0,0.8425275051211805
172000.0,0.9370947341533992,11,0.27125,,0.7164782158828046,0.26452127129620406,3.872014682536169e-10,bidisperse_a0.005_sr0.667_x0_N4000_L24_T400000_seed2.npz,bidisperse,2,0.005,0.6666666666666666,0.0,0.8425275051211805
174000.0,0.937595852910252,11,0.2705,,0.7422269739476683,0.2725298588490771,4.235397105279096e-10,bidisperse_a0.005_sr0.667_x0_N4000_L24_T400000_seed2.npz,bidisperse,2,0.005,0.6666666666666666,0.0,0.8425275051211805
176000.0,0.9360027401277682,11,0.27075,,0.7322314810606423,0.26116292915260964,3.9100833564520424e-10,bidisperse_a0.005_sr0.667_x0_N4000_L24_T400000_seed2.npz,bidisperse,2,0.005,0.6666666666666666,0.0,0.8425275051211805
178000.0,0.935609592364091,11,0.27125,,0.7021294077869871,0.2603773584905661,3.551758660399636e-10,bidisperse_a0.005_sr0.667_x0_N4000_L24_T400000_seed2.npz,bidisperse,2,0.005,0.6666666666666666,0.0,0.8425275051211805
180000.0,0.93823064860099,11,0.271,,0.7438801605077354,0.2577350257834192,4.2546466255566665e-10,bidisperse_a0.005_sr0.667_x0_N4000_L24_T400000_seed2.npz,bidisperse,2,0.005,0.6666666666666666,0.0,0.8425275051211805
182000.0,0.9365471194579673,11,0.271,,0.7528276583690483,0.25758630981991837,3.9173998925329133e-10,bidisperse_a0.005_sr0.667_x0_N4000_L24_T400000_seed2.npz,bidisperse,2,0.005,0.6666666666666666,0.0,0.8425275051211805
184000.0,0.93609781468346,11,0.271,,0.7163551285068535,0.2620819688399325,4.0618338929309103e-10,bidisperse_a0.005_sr0.667_x0_N4000_L24_T400000_seed2.npz,bidisperse,2,0.005,0.6666666666666666,0.0,0.8425275051211805
186000.0,0.9372729239436917,11,0.27,,0.7798458008774255,0.26643564356435645,4.628176746703063e-10,bidisperse_a0.005_sr0.667_x0_N4000_L24_T400000_seed2.npz,bidisperse,2,0.005,0.6666666666666666,0.0,0.8425275051211805
188000.0,0.9382401068027683,11,0.2705,,0.7842781602719986,0.2703534551231136,4.0035337072097536e-10,bidisperse_a0.005_sr0.667_x0_N4000_L24_T400000_seed2.npz,bidisperse,2,0.005,0.6666666666666666,0.0,0.8425275051211805
190000.0,0.9351418800945369,12,0.271,,0.7432849647915765,0.2694249232901118,4.5696644995595003e-10,bidisperse_a0.005_sr0.667_x0_N4000_L24_T400000_seed2.npz,bidisperse,2,0.005,0.6666666666666666,0.0,0.8425275051211805
192000.0,0.9365290564488782,11,0.27075,,0.7425707255990338,0.2687289978256573,5.127548105179217e-10,bidisperse_a0.005_sr0.667_x0_N4000_L24_T400000_seed2.npz,bidisperse,2,0.005,0.6666666666666666,0.0,0.8425275051211805
194000.0,0.9362264280065659,12,0.271,,0.8108438040062059,0.2673648848927972,4.4959200439799835e-10,bidisperse_a0.005_sr0.667_x0_N4000_L24_T400000_seed2.npz,bidisperse,2,0.005,0.6666666666666666,0.0,0.8425275051211805
196000.0,0.9362356498124139,11,0.271,,0.7517993403165564,0.2581314878892733,5.546459855052871e-10,bidisperse_a0.005_sr0.667_x0_N4000_L24_T400000_seed2.npz,bidisperse,2,0.005,0.6666666666666666,0.0,0.8425275051211805
198000.0,0.9373537835000352,11,0.271,,0.7776410618401065,0.2687125012294679,4.848959718759806e-10,bidisperse_a0.005_sr0.667_x0_N4000_L24_T400000_seed2.npz,bidisperse,2,0.005,0.6666666666666666,0.0,0.8425275051211805
200000.0,0.9362051576392127,11,0.27075,0.493634771624804,0.7659869446639069,0.26563118322121093,4.022845388283762e-10,bidisperse_a0.005_sr0.667_x0_N4000_L24_T400000_seed2.npz,bidisperse,2,0.005,0.6666666666666666,0.0,0.8425275051211805
202000.0,0.9359037621405994,12,0.26975,,0.7328549289940027,0.27375900523043517,4.370936705287129e-10,bidisperse_a0.005_sr0.667_x0_N4000_L24_T400000_seed2.npz,bidisperse,2,0.005,0.6666666666666666,0.0,0.8425275051211805
204000.0,0.9365265598310879,11,0.271,,0.723873700152554,0.2683721849071513,5.071673648316519e-10,bidisperse_a0.005_sr0.667_x0_N4000_L24_T400000_seed2.npz,bidisperse,2,0.005,0.6666666666666666,0.0,0.8425275051211805
206000.0,0.936383866817173,11,0.27125,,0.7200662014477522,0.2670617283950617,5.024328793681519e-10,bidisperse_a0.005_sr0.667_x0_N4000_L24_T400000_seed2.npz,bidisperse,2,0.005,0.6666666666666666,0.0,0.8425275051211805
208000.0,0.9354607665433416,11,0.27075,,0.7663780523554609,0.2685093780848964,4.563734550439739e-10,bidisperse_a0.005_sr0.667_x0_N4000_L24_T400000_seed2.npz,bidisperse,2,0.005,0.6666666666666666,0.0,0.8425275051211805
210000.0,0.9364334278884278,12,0.2715,,0.7003199579896082,0.26415653720723387,4.511475719934756e-10,bidisperse_a0.005_sr0.667_x0_N4000_L24_T400000_seed2.npz,bidisperse,2,0.005,0.6666666666666666,0.0,0.8425275051211805
212000.0,0.9354777291425919,11,0.27125,,0.7442883801727892,0.264268727705113,4.3876326962019276e-10,bidisperse_a0.005_sr0.667_x0_N4000_L24_T400000_seed2.npz,bidisperse,2,0.005,0.6666666666666666,0.0,0.8425275051211805
214000.0,0.9355513028360978,11,0.271,,0.7151354826738723,0.26851485148514853,3.8386601779148535e-10,bidisperse_a0.005_sr0.667_x0_N4000_L24_T400000_seed2.npz,bidisperse,2,0.005,0.6666666666666666,0.0,0.8425275051211805
216000.0,0.9362323886116437,12,0.27025,,0.7112550482088399,0.26915093407136503,4.5196034975982704e-10,bidisperse_a0.005_sr0.667_x0_N4000_L24_T400000_seed2.npz,bidisperse,2,0.005,0.6666666666666666,0.0,0.8425275051211805
218000.0,0.9345679015257484,12,0.27125,,0.6949098799959234,0.2734452122408687,4.988844513460453e-10,bidisperse_a0.005_sr0.667_x0_N4000_L24_T400000_seed2.npz,bidisperse,2,0.005,0.6666666666666666,0.0,0.8425275051211805
220000.0,0.9359758119973874,11,0.2715,,0.7392025157408276,0.26691729323308266,4.5950668854030295e-10,bidisperse_a0.005_sr0.667_x0_N4000_L24_T400000_seed2.npz,bidisperse,2,0.005,0.6666666666666666,0.0,0.8425275051211805
222000.0,0.9361455117949737,11,0.2715,,0.7718632059392223,0.26348015010863124,4.752610728410738e-10,bidisperse_a0.005_sr0.667_x0_N4000_L24_T400000_seed2.npz,bidisperse,2,0.005,0.6666666666666666,0.0,0.8425275051211805
224000.0,0.9354302301456492,11,0.2705,,0.742961657029472,0.2639273014618728,4.464071412602053e-10,bidisperse_a0.005_sr0.667_x0_N4000_L24_T400000_seed2.npz,bidisperse,2,0.005,0.6666666666666666,0.0,0.8425275051211805
226000.0,0.9357152843578828,12,0.27075,,0.7511063263960961,0.26883950617283947,5.075603611172421e-10,bidisperse_a0.005_sr0.667_x0_N4000_L24_T400000_seed2.npz,bidisperse,2,0.005,0.6666666666666666,0.0,0.8425275051211805
228000.0,0.9359702769889101,11,0.27025,,0.7447709164114136,0.27459864079582386,4.820409107125319e-10,bidisperse_a0.005_sr0.667_x0_N4000_L24_T400000_seed2.npz,bidisperse,2,0.005,0.6666666666666666,0.0,0.8425275051211805
230000.0,0.9355748358527496,11,0.271,,0.7358546720542103,0.2680493827160494,5.197718179909539e-10,bidisperse_a0.005_sr0.667_x0_N4000_L24_T400000_seed2.npz,bidisperse,2,0.005,0.6666666666666666,0.0,0.8425275051211805
232000.0,0.9357875750075944,13,0.27125,,0.7553575913967606,0.2597402597402597,3.643366856599004e-10,bidisperse_a0.005_sr0.667_x0_N4000_L24_T400000_seed2.npz,bidisperse,2,0.005,0.6666666666666666,0.0,0.8425275051211805
234000.0,0.9364861289366292,12,0.27025,,0.7414498583558783,0.26313186269660693,4.1843998633405336e-10,bidisperse_a0.005_sr0.667_x0_N4000_L24_T400000_seed2.npz,bidisperse,2,0.005,0.6666666666666666,0.0,0.8425275051211805
236000.0,0.9351354826336318,12,0.271,,0.7548480416446496,0.275177025963808,4.082956663475819e-10,bidisperse_a0.005_sr0.667_x0_N4000_L24_T400000_seed2.npz,bidisperse,2,0.005,0.6666666666666666,0.0,0.8425275051211805
238000.0,0.9348700179994924,11,0.271,,0.7669112586374838,0.2626782884310618,4.391030028455433e-10,bidisperse_a0.005_sr0.667_x0_N4000_L24_T400000_seed2.npz,bidisperse,2,0.005,0.6666666666666666,0.0,0.8425275051211805
240000.0,0.9351448419223756,11,0.27075,,0.7497247765726776,0.2733649476388066,5.156223199431323e-10,bidisperse_a0.005_sr0.667_x0_N4000_L24_T400000_seed2.npz,bidisperse,2,0.005,0.6666666666666666,0.0,0.8425275051211805
242000.0,0.9367272623590177,11,0.271,,0.8180191239289256,0.28230323277979763,5.433066873701475e-10,bidisperse_a0.005_sr0.667_x0_N4000_L24_T400000_seed2.npz,bidisperse,2,0.005,0.6666666666666666,0.0,0.8425275051211805
244000.0,0.9355770655327883,13,0.27075,,0.7772515021796491,0.26891422905304907,5.098933423684789e-10,bidisperse_a0.005_sr0.667_x0_N4000_L24_T400000_seed2.npz,bidisperse,2,0.005,0.6666666666666666,0.0,0.8425275051211805
246000.0,0.9341080448976395,13,0.2705,,0.7210748444315939,0.27682106096595405,4.797788618245907e-10,bidisperse_a0.005_sr0.667_x0_N4000_L24_T400000_seed2.npz,bidisperse,2,0.005,0.6666666666666666,0.0,0.8425275051211805
248000.0,0.9358077844056446,11,0.27025,,0.7215552646549782,0.2651259670700258,4.213296966816619e-10,bidisperse_a0.005_sr0.667_x0_N4000_L24_T400000_seed2.npz,bidisperse,2,0.005,0.6666666666666666,0.0,0.8425275051211805
250000.0,0.9365639812085182,11,0.271,,0.8046264684830173,0.26909773693052674,3.82366515941568e-10,bidisperse_a0.005_sr0.667_x0_N4000_L24_T400000_seed2.npz,bidisperse,2,0.005,0.6666666666666666,0.0,0.8425275051211805
252000.0,0.9340539462705016,11,0.27025,,0.7453718168948963,0.2763779527559055,4.282155024008991e-10,bidisperse_a0.005_sr0.667_x0_N4000_L24_T400000_seed2.npz,bidisperse,2,0.005,0.6666666666666666,0.0,0.8425275051211805
254000.0,0.9361220411500356,11,0.271,,0.724627239825608,0.27486936803706985,4.166432507754513e-10,bidisperse_a0.005_sr0.667_x0_N4000_L24_T400000_seed2.npz,bidisperse,2,0.005,0.6666666666666666,0.0,0.8425275051211805
256000.0,0.9331164020547706,11,0.27125,,0.7537133591583002,0.2776740988115116,5.116114551655189e-10,bidisperse_a0.005_sr0.667_x0_N4000_L24_T400000_seed2.npz,bidisperse,2,0.005,0.6666666666666666,0.0,0.8425275051211805
258000.0,0.9347566096540071,11,0.27075,,0.7598217227980636,0.268664047151277,4.151007233466513e-10,bidisperse_a0.005_sr0.667_x0_N4000_L24_T400000_seed2.npz,bidisperse,2,0.005,0.6666666666666666,0.0,0.8425275051211805
260000.0,0.9341521595927074,11,0.271,,0.7404200084182178,0.2641639570401024,4.202852524215317e-10,bidisperse_a0.005_sr0.667_x0_N4000_L24_T400000_seed2.npz,bidisperse,2,0.005,0.6666666666666666,0.0,0.8425275051211805
262000.0,0.9342516569417694,11,0.27025,,0.7498622745543302,0.25825588293454615,3.801980245978474e-10,bidisperse_a0.005_sr0.667_x0_N4000_L24_T400000_seed2.npz,bidisperse,2,0.005,0.6666666666666666,0.0,0.8425275051211805
264000.0,0.9336825319079629,11,0.2705,,0.7290275729455199,0.2634276140731251,3.883751143279878e-10,bidisperse_a0.005_sr0.667_x0_N4000_L24_T400000_seed2.npz,bidisperse,2,0.005,0.6666666666666666,0.0,0.8425275051211805
266000.0,0.9329958639220911,11,0.27025,,0.7830739928367925,0.2626632370399683,4.817863305657107e-10,bidisperse_a0.005_sr0.667_x0_N4000_L24_T400000_seed2.npz,bidisperse,2,0.005,0.6666666666666666,0.0,0.8425275051211805
268000.0,0.9349669081210662,12,0.271,,0.7056542613578016,0.26558640450548365,4.26743559366495e-10,bidisperse_a0.005_sr0.667_x0_N4000_L24_T400000_seed2.npz,bidisperse,2,0.005,0.6666666666666666,0.0,0.8425275051211805
270000.0,0.9349197995467459,11,0.27075,,0.786572241878962,0.26305418719211826,4.662354116631928e-10,bidisperse_a0.005_sr0.667_x0_N4000_L24_T400000_seed2.npz,bidisperse,2,0.005,0.6666666666666666,0.0,0.8425275051211805
272000.0,0.9339638905692222,11,0.27025,,0.8109449004844178,0.2605744638992721,3.7580383072966515e-10,bidisperse_a0.005_sr0.667_x0_N4000_L24_T400000_seed2.npz,bidisperse,2,0.005,0.6666666666666666,0.0,0.8425275051211805
274000.0,0.9352765564877205,11,0.27125,,0.7315118238770342,0.2594055495210823,4.0016090986832925e-10,bidisperse_a0.005_sr0.667_x0_N4000_L24_T400000_seed2.npz,bidisperse,2,0.005,0.6666666666666666,0.0,0.8425275051211805
276000.0,0.9346236456971634,12,0.27125,,0.7553129750481004,0.2637253932139677,3.7521016373622514e-10,bidisperse_a0.005_sr0.667_x0_N4000_L24_T400000_seed2.npz,bidisperse,2,0.005,0.6666666666666666,0.0,0.8425275051211805
278000.0,0.9343882248037384,10,0.27075,,0.7543818508830671,0.2584569732937686,3.879013481496342e-10,bidisperse_a0.005_sr0.667_x0_N4000_L24_T400000_seed2.npz,bidisperse,2,0.005,0.6666666666666666,0.0,0.8425275051211805
280000.0,0.9331696445622092,13,0.271,,0.7038189213015702,0.2591276889678311,4.54102836408119e-10,bidisperse_a0.005_sr0.667_x0_N4000_L24_T400000_seed2.npz,bidisperse,2,0.005,0.6666666666666666,0.0,0.8425275051211805
282000.0,0.9319577714834206,10,0.2715,,0.7150557355035162,0.2618436636399526,4.353669543958981e-10,bidisperse_a0.005_sr0.667_x0_N4000_L24_T400000_seed2.npz,bidisperse,2,0.005,0.6666666666666666,0.0,0.8425275051211805
284000.0,0.9331984782252616,10,0.27075,,0.7834650084800706,0.2563444257924361,4.4844878061687127e-10,bidisperse_a0.005_sr0.667_x0_N4000_L24_T400000_seed2.npz,bidisperse,2,0.005,0.6666666666666666,0.0,0.8425275051211805
286000.0,0.9345109861543269,10,0.27075,,0.7688856172552546,0.2614882893566558,4.3592138082890505e-10,bidisperse_a0.005_sr0.667_x0_N4000_L24_T400000_seed2.npz,bidisperse,2,0.005,0.6666666666666666,0.0,0.8425275051211805
288000.0,0.9324249896510821,10,0.27125,,0.7110882433747533,0.27898089171974527,4.656584216213642e-10,bidisperse_a0.005_sr0.667_x0_N4000_L24_T400000_seed2.npz,bidisperse,2,0.005,0.6666666666666666,0.0,0.8425275051211805
290000.0,0.93497193156192,11,0.27125,,0.7366966859631722,0.2588212103291938,4.2235862254568916e-10,bidisperse_a0.005_sr0.667_x0_N4000_L24_T400000_seed2.npz,bidisperse,2,0.005,0.6666666666666666,0.0,0.8425275051211805
292000.0,0.9326933714345672,10,0.271,,0.7421190169771048,0.26881931494749245,4.6266505523509327e-10,bidisperse_a0.005_sr0.667_x0_N4000_L24_T400000_seed2.npz,bidisperse,2,0.005,0.6666666666666666,0.0,0.8425275051211805
294000.0,0.9321916721581976,10,0.27075,,0.735835776959409,0.26802090523616995,4.390260131248974e-10,bidisperse_a0.005_sr0.667_x0_N4000_L24_T400000_seed2.npz,bidisperse,2,0.005,0.6666666666666666,0.0,0.8425275051211805
296000.0,0.932909333642428,10,0.271,,0.7282011631339043,0.2581890153389411,4.288155242108513e-10,bidisperse_a0.005_sr0.667_x0_N4000_L24_T400000_seed2.npz,bidisperse,2,0.005,0.6666666666666666,0.0,0.8425275051211805
298000.0,0.9337949959156921,10,0.271,,0.7501308364701998,0.26624655376132333,4.672733191727802e-10,bidisperse_a0.005_sr0.667_x0_N4000_L24_T400000_seed2.npz,bidisperse,2,0.005,0.6666666666666666,0.0,0.8425275051211805
300000.0,0.9319280514014774,10,0.271,0.4880487507524329,0.7242125552661407,0.2676568955341334,3.965572193960619e-10,bidisperse_a0.005_sr0.667_x0_N4000_L24_T400000_seed2.npz,bidisperse,2,0.005,0.6666666666666666,0.0,0.8425275051211805
302000.0,0.9310457954879401,10,0.2705,,0.6531607302550462,0.27372441484673393,4.4768208829816657e-10,bidisperse_a0.005_sr0.667_x0_N4000_L24_T400000_seed2.npz,bidisperse,2,0.005,0.6666666666666666,0.0,0.8425275051211805
304000.0,0.932107881747532,10,0.27125,,0.6982473390462383,0.2613625160209011,3.537708454292006e-10,bidisperse_a0.005_sr0.667_x0_N4000_L24_T400000_seed2.npz,bidisperse,2,0.005,0.6666666666666666,0.0,0.8425275051211805
306000.0,0.9311357738153885,10,0.27075,,0.7077722875878399,0.2633031139140717,3.75259300407568e-10,bidisperse_a0.005_sr0.667_x0_N4000_L24_T400000_seed2.npz,bidisperse,2,0.005,0.6666666666666666,0.0,0.8425275051211805
308000.0,0.9304222753099174,10,0.271,,0.7501649769961685,0.26114460808540085,3.8247500754856594e-10,bidisperse_a0.005_sr0.667_x0_N4000_L24_T400000_seed2.npz,bidisperse,2,0.005,0.6666666666666666,0.0,0.8425275051211805
310000.0,0.9309290361613684,10,0.271,,0.7093088963947539,0.2718979892103972,4.957333406808392e-10,bidisperse_a0.005_sr0.667_x0_N4000_L24_T400000_seed2.npz,bidisperse,2,0.005,0.6666666666666666,0.0,0.8425275051211805
312000.0,0.9306695585331852,10,0.27075,,0.7338126241826102,0.2632407954321717,4.0057377154460504e-10,bidisperse_a0.005_sr0.667_x0_N4000_L24_T400000_seed2.npz,bidisperse,2,0.005,0.6666666666666666,0.0,0.8425275051211805
314000.0,0.932282572531275,11,0.27075,,0.7270181919157531,0.2567847626566664,4.028980292803295e-10,bidisperse_a0.005_sr0.667_x0_N4000_L24_T400000_seed2.npz,bidisperse,2,0.005,0.6666666666666666,0.0,0.8425275051211805
316000.0,0.9300701070937406,11,0.2705,,0.6557825563883963,0.2587632926348956,3.680403558886608e-10,bidisperse_a0.005_sr0.667_x0_N4000_L24_T400000_seed2.npz,bidisperse,2,0.005,0.6666666666666666,0.0,0.8425275051211805
318000.0,0.9307598372099466,10,0.2705,,0.6534681215700794,0.25529191690459785,4.1951562053491355e-10,bidisperse_a0.005_sr0.667_x0_N4000_L24_T400000_seed2.npz,bidisperse,2,0.005,0.6666666666666666,0.0,0.8425275051211805
320000.0,0.9309475602321468,10,0.27125,,0.7740239171907486,0.2540151739087595,4.1952651525402963e-10,bidisperse_a0.005_sr0.667_x0_N4000_L24_T400000_seed2.npz,bidisperse,2,0.005,0.6666666666666666,0.0,0.8425275051211805
322000.0,0.9323306105842717,11,0.271,,0.690797493892541,0.25291444378581307,4.1962653359827545e-10,bidisperse_a0.005_sr0.667_x0_N4000_L24_T400000_seed2.npz,bidisperse,2,0.005,0.6666666666666666,0.0,0.8425275051211805
324000.0,0.9305482438016529,12,0.271,,0.6769010370594654,0.2578510764368951,3.428392300389756e-10,bidisperse_a0.005_sr0.667_x0_N4000_L24_T400000_seed2.npz,bidisperse,2,0.005,0.6666666666666666,0.0,0.8425275051211805
326000.0,0.9310309638890292,10,0.271,,0.698848043080141,0.26350552050473186,3.984502942805945e-10,bidisperse_a0.005_sr0.667_x0_N4000_L24_T400000_seed2.npz,bidisperse,2,0.005,0.6666666666666666,0.0,0.8425275051211805
328000.0,0.9301086181575969,11,0.2715,,0.7605081544727261,0.25915326162044805,4.257405498451798e-10,bidisperse_a0.005_sr0.667_x0_N4000_L24_T400000_seed2.npz,bidisperse,2,0.005,0.6666666666666666,0.0,0.8425275051211805
330000.0,0.9312609236269873,11,0.271,,0.6799757865673905,0.2608824108725626,4.93468088471923e-10,bidisperse_a0.005_sr0.667_x0_N4000_L24_T400000_seed2.npz,bidisperse,2,0.005,0.6666666666666666,0.0,0.8425275051211805
332000.0,0.9306185708843063,10,0.27125,,0.6922761272376238,0.25783251231527093,3.927178892225077e-10,bidisperse_a0.005_sr0.667_x0_N4000_L24_T400000_seed2.npz,bidisperse,2,0.005,0.6666666666666666,0.0,0.8425275051211805
334000.0,0.9316109298723908,10,0.27075,,0.7328271797674548,0.26027127973265185,3.9055913856901336e-10,bidisperse_a0.005_sr0.667_x0_N4000_L24_T400000_seed2.npz,bidisperse,2,0.005,0.6666666666666666,0.0,0.8425275051211805
336000.0,0.9303961470120712,10,0.271,,0.7358645313796409,0.2610750147666864,4.0876048387556364e-10,bidisperse_a0.005_sr0.667_x0_N4000_L24_T400000_seed2.npz,bidisperse,2,0.005,0.6666666666666666,0.0,0.8425275051211805
338000.0,0.9312711002115761,10,0.2715,,0.7806203591300006,0.25807086614173225,4.1602755475952616e-10,bidisperse_a0.005_sr0.667_x0_N4000_L24_T400000_seed2.npz,bidisperse,2,0.005,0.6666666666666666,0.0,0.8425275051211805
340000.0,0.9311471695244706,12,0.26925,,0.7005818887053347,0.26193764798737174,4.09529334004669e-10,bidisperse_a0.005_sr0.667_x0_N4000_L24_T400000_seed2.npz,bidisperse,2,0.005,0.6666666666666666,0.0,0.8425275051211805
342000.0,0.9311990450818537,10,0.27125,,0.699178512810827,0.2648248643315244,4.244316955710059e-10,bidisperse_a0.005_sr0.667_x0_N4000_L24_T400000_seed2.npz,bidisperse,2,0.005,0.6666666666666666,0.0,0.8425275051211805
344000.0,0.9310140206664764,10,0.2715,,0.7663949364707392,0.26756836224639813,4.31648617152288e-10,bidisperse_a0.005_sr0.667_x0_N4000_L24_T400000_seed2.npz,bidisperse,2,0.005,0.6666666666666666,0.0,0.8425275051211805
346000.0,0.9295624323379814,10,0.27075,,0.7315759170920318,0.26006496702431336,4.123758582655313e-10,bidisperse_a0.005_sr0.667_x0_N4000_L24_T400000_seed2.npz,bidisperse,2,0.005,0.6666666666666666,0.0,0.8425275051211805
348000.0,0.9297188938050038,11,0.27,,0.721941446735915,0.25705853418593216,3.9068305453767935e-10,bidisperse_a0.005_sr0.667_x0_N4000_L24_T400000_seed2.npz,bidisperse,2,0.005,0.6666666666666666,0.0,0.8425275051211805
350000.0,0.9291145993847779,11,0.2705,,0.7017075694612382,0.25307972799842315,3.6095042713694885e-10,bidisperse_a0.005_sr0.667_x0_N4000_L24_T400000_seed2.npz,bidisperse,2,0.005,0.6666666666666666,0.0,0.8425275051211805
352000.0,0.9284041761245923,10,0.27075,,0.6939255792595072,0.2516294686944499,4.428030284139892e-10,bidisperse_a0.005_sr0.667_x0_N4000_L24_T400000_seed2.npz,bidisperse,2,0.005,0.6666666666666666,0.0,0.8425275051211805
354000.0,0.9314660955392676,10,0.27125,,0.733748436152345,0.25679669030732866,3.4013197329324397e-10,bidisperse_a0.005_sr0.667_x0_N4000_L24_T400000_seed2.npz,bidisperse,2,0.005,0.6666666666666666,0.0,0.8425275051211805
356000.0,0.9301379492918711,10,0.27125,,0.6824079428580321,0.254873006497342,3.6668721299772056e-10,bidisperse_a0.005_sr0.667_x0_N4000_L24_T400000_seed2.npz,bidisperse,2,0.005,0.6666666666666666,0.0,0.8425275051211805
358000.0,0.9287310479117664,10,0.27125,,0.7625468099128034,0.2559377155809599,3.8151679446271526e-10,bidisperse_a0.005_sr0.667_x0_N4000_L24_T400000_seed2.npz,bidisperse,2,0.005,0.6666666666666666,0.0,0.8425275051211805
360000.0,0.9281973248109932,12,0.271,,0.7527043030378764,0.25459213904799527,4.014909814035017e-10,bidisperse_a0.005_sr0.667_x0_N4000_L24_T400000_seed2.npz,bidisperse,2,0.005,0.6666666666666666,0.0,0.8425275051211805
362000.0,0.9294040162989035,10,0.27075,,0.7396180393569434,0.25627645958452294,4.665501575719776e-10,bidisperse_a0.005_sr0.667_x0_N4000_L24_T400000_seed2.npz,bidisperse,2,0.005,0.6666666666666666,0.0,0.8425275051211805
364000.0,0.9306293229967646,11,0.2705,,0.6967854443168505,0.25211989745612307,3.464452139726387e-10,bidisperse_a0.005_sr0.667_x0_N4000_L24_T400000_seed2.npz,bidisperse,2,0.005,0.6666666666666666,0.0,0.8425275051211805
366000.0,0.9325700520571991,10,0.271,,0.7152192925658284,0.24750518723446302,3.47948835323732e-10,bidisperse_a0.005_sr0.667_x0_N4000_L24_T400000_seed2.npz,bidisperse,2,0.005,0.6666666666666666,0.0,0.8425275051211805
368000.0,0.9301367207213868,10,0.27075,,0.7355298823374118,0.24649278798656393,4.2222206601429705e-10,bidisperse_a0.005_sr0.667_x0_N4000_L24_T400000_seed2.npz,bidisperse,2,0.005,0.6666666666666666,0.0,0.8425275051211805
370000.0,0.9286683885581726,11,0.26975,,0.7074173511544078,0.254058840893437,3.8031726911278544e-10,bidisperse_a0.005_sr0.667_x0_N4000_L24_T400000_seed2.npz,bidisperse,2,0.005,0.6666666666666666,0.0,0.8425275051211805
372000.0,0.9301191211232166,10,0.271,,0.7178789201033317,0.2512592592592593,3.651067706079972e-10,bidisperse_a0.005_sr0.667_x0_N4000_L24_T400000_seed2.npz,bidisperse,2,0.005,0.6666666666666666,0.0,0.8425275051211805
374000.0,0.9317975420241191,11,0.2695,,0.7231547078744656,0.260724124360488,4.5187116854458595e-10,bidisperse_a0.005_sr0.667_x0_N4000_L24_T400000_seed2.npz,bidisperse,2,0.005,0.6666666666666666,0.0,0.8425275051211805
376000.0,0.9292963975039608,10,0.27125,,0.7195451489275635,0.25303224534069624,4.3114373189801383e-10,bidisperse_a0.005_sr0.667_x0_N4000_L24_T400000_seed2.npz,bidisperse,2,0.005,0.6666666666666666,0.0,0.8425275051211805
378000.0,0.9294788009721847,10,0.27075,,0.7148060858177124,0.26098469988230677,4.2162199241312383e-10,bidisperse_a0.005_sr0.667_x0_N4000_L24_T400000_seed2.npz,bidisperse,2,0.005,0.6666666666666666,0.0,0.8425275051211805
380000.0,0.9313699941291738,10,0.271,,0.7097596956810961,0.26489351261163996,3.352541590010612e-10,bidisperse_a0.005_sr0.667_x0_N4000_L24_T400000_seed2.npz,bidisperse,2,0.005,0.6666666666666666,0.0,0.8425275051211805
382000.0,0.9305733729132752,11,0.2715,,0.722000392575444,0.25562574022897755,3.762979337327817e-10,bidisperse_a0.005_sr0.667_x0_N4000_L24_T400000_seed2.npz,bidisperse,2,0.005,0.6666666666666666,0.0,0.8425275051211805
384000.0,0.9305906680744979,10,0.27075,,0.7229060850755907,0.26021060919200867,2.847461188385352e-10,bidisperse_a0.005_sr0.667_x0_N4000_L24_T400000_seed2.npz,bidisperse,2,0.005,0.6666666666666666,0.0,0.8425275051211805
386000.0,0.9297869418968803,10,0.271,,0.7446222350862113,0.2608567787471816,4.342112067477692e-10,bidisperse_a0.005_sr0.667_x0_N4000_L24_T400000_seed2.npz,bidisperse,2,0.005,0.6666666666666666,0.0,0.8425275051211805
388000.0,0.9293171898559104,10,0.27075,,0.7207947948690026,0.24869804461039602,3.8315218973514794e-10,bidisperse_a0.005_sr0.667_x0_N4000_L24_T400000_seed2.npz,bidisperse,2,0.005,0.6666666666666666,0.0,0.8425275051211805
390000.0,0.929827350570066,10,0.27075,,0.7397996359478912,0.2623094958968347,4.376447742098565e-10,bidisperse_a0.005_sr0.667_x0_N4000_L24_T400000_seed2.npz,bidisperse,2,0.005,0.6666666666666666,0.0,0.8425275051211805
392000.0,0.9303978416980758,10,0.27125,,0.7048981697454862,0.2582417582417582,3.92632180443594e-10,bidisperse_a0.005_sr0.667_x0_N4000_L24_T400000_seed2.npz,bidisperse,2,0.005,0.6666666666666666,0.0,0.8425275051211805
394000.0,0.9320724207469498,12,0.27075,,0.7437558612246616,0.2497048406139315,4.307476000799265e-10,bidisperse_a0.005_sr0.667_x0_N4000_L24_T400000_seed2.npz,bidisperse,2,0.005,0.6666666666666666,0.0,0.8425275051211805
396000.0,0.9305242140538539,11,0.26975,,0.7271412046780457,0.2604901960784314,3.7717500462066103e-10,bidisperse_a0.005_sr0.667_x0_N4000_L24_T400000_seed2.npz,bidisperse,2,0.005,0.6666666666666666,0.0,0.8425275051211805
398000.0,0.9289041429887787,10,0.27025,,0.7430593645945432,0.2631734172237514,3.55062298543072e-10,bidisperse_a0.005_sr0.667_x0_N4000_L24_T400000_seed2.npz,bidisperse,2,0.005,0.6666666666666666,0.0,0.8425275051211805
400000.0,0.9316661391337737,11,0.27075,0.4920133336100719,0.718275080312346,0.25967996839193996,3.8561500616888927e-10,bidisperse_a0.005_sr0.667_x0_N4000_L24_T400000_seed2.npz,bidisperse,2,0.005,0.6666666666666666,0.0,0.8425275051211805
0.0,0.99674515939866,785,0.00575,0.8872334445084951,,,,bidisperse_a0.005_sr0.667_x0_N4000_L24_T400000_seed3.npz,bidisperse,3,0.005,0.6666666666666666,0.0,0.7050481091946166
2000.0,0.9753135858203729,57,0.132,,0.11158845097994857,0.7937859884836852,7.86364898555872e-09,bidisperse_a0.005_sr0.667_x0_N4000_L24_T400000_seed3.npz,bidisperse,3,0.005,0.6666666666666666,0.0,0.7050481091946166
4000.0,0.9722804683705718,38,0.133,,0.748693368330705,0.5084943724782331,3.3198759110118376e-09,bidisperse_a0.005_sr0.667_x0_N4000_L24_T400000_seed3.npz,bidisperse,3,0.005,0.6666666666666666,0.0,0.7050481091946166
6000.0,0.9685187832327701,31,0.13825,,0.7498857026262215,0.45972250983640506,2.4401662680100504e-09,bidisperse_a0.005_sr0.667_x0_N4000_L24_T400000_seed3.npz,bidisperse,3,0.005,0.6666666666666666,0.0,0.7050481091946166
8000.0,0.9634723901494284,25,0.19,,0.7682139246690614,0.42217659137577,1.7619981923541855e-09,bidisperse_a0.005_sr0.667_x0_N4000_L24_T400000_seed3.npz,bidisperse,3,0.005,0.6666666666666666,0.0,0.7050481091946166
10000.0,0.9621514069788166,27,0.19,,0.7908554168193166,0.39895737503833184,1.6796291726622586e-09,bidisperse_a0.005_sr0.667_x0_N4000_L24_T400000_seed3.npz,bidisperse,3,0.005,0.6666666666666666,0.0,0.7050481091946166
12000.0,0.9606120470897312,24,0.191,,0.8473422165490172,0.3669696343730634,1.2358723571021567e-09,bidisperse_a0.005_sr0.667_x0_N4000_L24_T400000_seed3.npz,bidisperse,3,0.005,0.6666666666666666,0.0,0.7050481091946166
14000.0,0.9584775664519116,23,0.20575,,0.8350836583489543,0.3730522456461961,1.3146581761020529e-09,bidisperse_a0.005_sr0.667_x0_N4000_L24_T400000_seed3.npz,bidisperse,3,0.005,0.6666666666666666,0.0,0.7050481091946166
16000.0,0.9576717701629812,22,0.20425,,0.830105693255989,0.3625025557145778,1.1676901785686102e-09,bidisperse_a0.005_sr0.667_x0_N4000_L24_T400000_seed3.npz,bidisperse,3,0.005,0.6666666666666666,0.0,0.7050481091946166
18000.0,0.9575510967215153,20,0.2055,,0.8588371280532505,0.36358106052925077,1.132137159443872e-09,bidisperse_a0.005_sr0.667_x0_N4000_L24_T400000_seed3.npz,bidisperse,3,0.005,0.6666666666666666,0.0,0.7050481091946166
20000.0,0.955441594852723,19,0.20475,,0.8510276489114429,0.3410539091736624,9.136724477150793e-10,bidisperse_a0.005_sr0.667_x0_N4000_L24_T400000_seed3.npz,bidisperse,3,0.005,0.6666666666666666,0.0,0.7050481091946166
22000.0,0.9548452060074014,19,0.2055,,0.8511817289779045,0.32981851363682446,7.522274885547943e-10,bidisperse_a0.005_sr0.667_x0_N4000_L24_T400000_seed3.npz,bidisperse,3,0.005,0.6666666666666666,0.0,0.7050481091946166
24000.0,0.9518936732277276,20,0.20425,,0.8495451353767313,0.3337704256606818,8.60821138152509e-10,bidisperse_a0.005_sr0.667_x0_N4000_L24_T400000_seed3.npz,bidisperse,3,0.005,0.6666666666666666,0.0,0.7050481091946166
26000.0,0.9528911022894374,21,0.205,,0.8216613778294729,0.3259139893242018,8.452467891055837e-10,bidisperse_a0.005_sr0.667_x0_N4000_L24_T400000_seed3.npz,bidisperse,3,0.005,0.6666666666666666,0.0,0.7050481091946166
28000.0,0.9531702005837832,20,0.20475,,0.8179017604223328,0.3137512639029323,9.214059860785995e-10,bidisperse_a0.005_sr0.667_x0_N4000_L24_T400000_seed3.npz,bidisperse,3,0.005,0.6666666666666666,0.0,0.7050481091946166
30000.0,0.9524639847359805,19,0.205,,0.8198341584102538,0.32306915699141847,8.840183978330641e-10,bidisperse_a0.005_sr0.667_x0_N4000_L24_T400000_seed3.npz,bidisperse,3,0.005,0.6666666666666666,0.0,0.7050481091946166
32000.0,0.9520922330167022,20,0.20475,,0.8416938668702253,0.31899858671512216,8.571640210841041e-10,bidisperse_a0.005_sr0.667_x0_N4000_L24_T400000_seed3.npz,bidisperse,3,0.005,0.6666666666666666,0.0,0.7050481091946166
34000.0,0.9502265630650274,19,0.204,,0.8309322068031855,0.32805769808674745,9.830280576520794e-10,bidisperse_a0.005_sr0.667_x0_N4000_L24_T400000_seed3.npz,bidisperse,3,0.005,0.6666666666666666,0.0,0.7050481091946166
36000.0,0.9494209252035433,18,0.2045,,0.824220668921998,0.3167557752446283,6.866032519699206e-10,bidisperse_a0.005_sr0.667_x0_N4000_L24_T400000_seed3.npz,bidisperse,3,0.005,0.6666666666666666,0.0,0.7050481091946166
38000.0,0.9500126123613566,19,0.20475,,0.8249979413690774,0.3183694011071968,7.97033536999831e-10,bidisperse_a0.005_sr0.667_x0_N4000_L24_T400000_seed3.npz,bidisperse,3,0.005,0.6666666666666666,0.0,0.7050481091946166
40000.0,0.9492079217881704,18,0.20525,,0.8045701617836697,0.3146543035678291,6.883410507928516e-10,bidisperse_a0.005_sr0.667_x0_N4000_L24_T400000_seed3.npz,bidisperse,3,0.005,0.6666666666666666,0.0,0.7050481091946166
42000.0,0.9485232811078732,17,0.20525,,0.8401070799589341,0.3166967328121868,7.325609495711793e-10,bidisperse_a0.005_sr0.667_x0_N4000_L24_T400000_seed3.npz,bidisperse,3,0.005,0.6666666666666666,0.0,0.7050481091946166
44000.0,0.9472403139862428,16,0.205,,0.8390898612375448,0.3006030150753769,6.739514168016684e-10,bidisperse_a0.005_sr0.667_x0_N4000_L24_T400000_seed3.npz,bidisperse,3,0.005,0.6666666666666666,0.0,0.7050481091946166
46000.0,0.947085203088533,16,0.20575,,0.8337917645062384,0.28881267023100976,5.842412646168808e-10,bidisperse_a0.005_sr0.667_x0_N4000_L24_T400000_seed3.npz,bidisperse,3,0.005,0.6666666666666666,0.0,0.7050481091946166
48000.0,0.9454419352433563,15,0.2055,,0.787865052961693,0.30018028846153844,5.970844669639973e-10,bidisperse_a0.005_sr0.667_x0_N4000_L24_T400000_seed3.npz,bidisperse,3,0.005,0.6666666666666666,0.0,0.7050481091946166
50000.0,0.946138364823144,15,0.20475,,0.7570615474941838,0.29522474722194414,7.24709346921451e-10,bidisperse_a0.005_sr0.667_x0_N4000_L24_T400000_seed3.npz,bidisperse,3,0.005,0.6666666666666666,0.0,0.7050481091946166
52000.0,0.9459361982685636,15,0.20475,,0.7955350647208626,0.30095047523761886,6.137104437334454e-10,bidisperse_a0.005_sr0.667_x0_N4000_L24_T400000_seed3.npz,bidisperse,3,0.005,0.6666666666666666,0.0,0.7050481091946166
54000.0,0.9465651065027482,15,0.20525,,0.8083539198179066,0.29645219482862295,6.166594729814586e-10,bidisperse_a0.005_sr0.667_x0_N4000_L24_T400000_seed3.npz,bidisperse,3,0.005,0.6666666666666666,0.0,0.7050481091946166
56000.0,0.9431815284929409,17,0.20525,,0.7559721862451921,0.2936396468699839,6.431486124074081e-10,bidisperse_a0.005_sr0.667_x0_N4000_L24_T400000_seed3.npz,bidisperse,3,0.005,0.6666666666666666,0.0,0.7050481091946166
58000.0,0.9439068046739019,15,0.20575,,0.7831630765719052,0.2945425361155698,6.349732336650647e-10,bidisperse_a0.005_sr0.667_x0_N4000_L24_T400000_seed3.npz,bidisperse,3,0.005,0.6666666666666666,0.0,0.7050481091946166
60000.0,0.9434502695413678,16,0.205,,0.7862084316717765,0.2986767485822306,6.299468775613505e-10,bidisperse_a0.005_sr0.667_x0_N4000_L24_T400000_seed3.npz,bidisperse,3,0.005,0.6666666666666666,0.0,0.7050481091946166
62000.0,0.9443745813506222,16,0.20425,,0.8143815915658625,0.283077540375163,5.994159556875433e-10,bidisperse_a0.005_sr0.667_x0_N4000_L24_T400000_seed3.npz,bidisperse,3,0.005,0.6666666666666666,0.0,0.7050481091946166
64000.0,0.944101498768707,16,0.20475,,0.794456724497018,0.2921168467386954,6.120903069296786e-10,bidisperse_a0.005_sr0.667_x0_N4000_L24_T400000_seed3.npz,bidisperse,3,0.005,0.6666666666666666,0.0,0.7050481091946166
66000.0,0.9432658299126487,14,0.205,,0.7618228904489319,0.2897130860741778,5.92959218174969e-10,bidisperse_a0.005_sr0.667_x0_N4000_L24_T400000_seed3.npz,bidisperse,3,0.005,0.6666666666666666,0.0,0.7050481091946166
68000.0,0.9426691089234472,15,0.20525,,0.7472465374600546,0.2849424712356178,5.873962739630672e-10,bidisperse_a0.005_sr0.667_x0_N4000_L24_T400000_seed3.npz,bidisperse,3,0.005,0.6666666666666666,0.0,0.7050481091946166
70000.0,0.9437208726115099,14,0.20475,,0.7111324792103823,0.29640718562874246,6.480186610453309e-10,bidisperse_a0.005_sr0.667_x0_N4000_L24_T400000_seed3.npz,bidisperse,3,0.005,0.6666666666666666,0.0,0.7050481091946166
72000.0,0.9426365299905587,14,0.20525,,0.748256173806309,0.29466334164588526,6.240537349316386e-10,bidisperse_a0.005_sr0.667_x0_N4000_L24_T400000_seed3.npz,bidisperse,3,0.005,0.6666666666666666,0.0,0.7050481091946166
74000.0,0.9419659823992185,14,0.20575,,0.8026065223629508,0.2934696308058753,7.593991046710953e-10,bidisperse_a0.005_sr0.667_x0_N4000_L24_T400000_seed3.npz,bidisperse,3,0.005,0.6666666666666666,0.0,0.7050481091946166
76000.0,0.9404608680820454,15,0.20475,,0.764703814896824,0.29443947080473487,6.349019449654948e-10,bidisperse_a0.005_sr0.667_x0_N4000_L24_T400000_seed3.npz,bidisperse,3,0.005,0.6666666666666666,0.0,0.7050481091946166
78000.0,0.9410004854778931,15,0.2055,,0.7586516083714395,0.2827655310621242,5.42359982037719e-10,bidisperse_a0.005_sr0.667_x0_N4000_L24_T400000_seed3.npz,bidisperse,3,0.005,0.6666666666666666,0.0,0.7050481091946166
80000.0,0.9414731397912596,14,0.20575,,0.7713461219103008,0.2798961868636455,5.642951838455367e-10,bidisperse_a0.005_sr0.667_x0_N4000_L24_T400000_seed3.npz,bidisperse,3,0.005,0.6666666666666666,0.0,0.7050481091946166
82000.0,0.9419928040087437,15,0.205,,0.7555336275772437,0.27798880447820873,5.497378358174751e-10,bidisperse_a0.005_sr0.667_x0_N4000_L24_T400000_seed3.npz,bidisperse,3,0.005,0.6666666666666666,0.0,0.7050481091946166
84000.0,0.9413019396642001,14,0.2055,,0.7400669267233076,0.28740431454418924,6.156311293512691e-10,bidisperse_a0.005_sr0.667_x0_N4000_L24_T400000_seed3.npz,bidisperse,3,0.005,0.6666666666666666,0.0,0.7050481091946166
86000.0,0.9388579158185544,15,0.2055,,0.8045712268516434,0.2927432927432927,5.669932575195289e-10,bidisperse_a0.005_sr0.667_x0_N4000_L24_T400000_seed3.npz,bidisperse,3,0.005,0.6666666666666666,0.0,0.7050481091946166
88000.0,0.939928120489435,15,0.20525,,0.7343041757413321,0.2908747139018808,5.959486620431508e-10,bidisperse_a0.005_sr0.667_x0_N4000_L24_T400000_seed3.npz,bidisperse,3,0.005,0.6666666666666666,0.0,0.7050481091946166
90000.0,0.9405505277902095,14,0.2055,,0.7604705444467359,0.280663204155014,4.952427315750836e-10,bidisperse_a0.005_sr0.667_x0_N4000_L24_T400000_seed3.npz,bidisperse,3,0.005,0.6666666666666666,0.0,0.7050481091946166
92000.0,0.9408414236208066,14,0.205,,0.7394291915903672,0.28208955223880594,5.022535040842647e-10,bidisperse_a0.005_sr0.667_x0_N4000_L24_T400000_seed3.npz,bidisperse,3,0.005,0.6666666666666666,0.0,0.7050481091946166
94000.0,0.938901573276027,14,0.2055,,0.7487800333247773,0.2887742959143197,6.086288792511508e-10,bidisperse_a0.005_sr0.667_x0_N4000_L24_T400000_seed3.npz,bidisperse,3,0.005,0.6666666666666666,0.0,0.7050481091946166
96000.0,0.9395894269729717,14,0.20425,,0.7803385387298019,0.28108215635567935,5.056374947802855e-10,bidisperse_a0.005_sr0.667_x0_N4000_L24_T400000_seed3.npz,bidisperse,3,0.005,0.6666666666666666,0.0,0.7050481091946166
98000.0,0.9396979457508378,15,0.2055,,0.789725650375965,0.2808028616852146,5.19167961168649e-10,bidisperse_a0.005_sr0.667_x0_N4000_L24_T400000_seed3.npz,bidisperse,3,0.005,0.6666666666666666,0.0,0.7050481091946166
100000.0,0.9373716735025879,15,0.205,0.4998888236571491,0.8016886623134262,0.287877288471054,4.941750155768565e-10,bidisperse_a0.005_sr0.667_x0_N4000_L24_T400000_seed3.npz,bidisperse,3,0.005,0.6666666666666666,0.0,0.7050481091946166
102000.0,0.9393011382514859,14,0.2055,,0.7989826297766836,0.27634590506518064,5.992203041037544e-10,bidisperse_a0.005_sr0.667_x0_N4000_L24_T400000_seed3.npz,bidisperse,3,0.005,0.6666666666666666,0.0,0.7050481091946166
104000.0,0.9377047230688735,16,0.20575,,0.798033953479846,0.2600721587492484,4.855694092854374e-10,bidisperse_a0.005_sr0.667_x0_N4000_L24_T400000_seed3.npz,bidisperse,3,0.005,0.6666666666666666,0.0,0.7050481091946166
106000.0,0.937542044572265,14,0.205,,0.716142744248892,0.273415703467517,4.970963603358968e-10,bidisperse_a0.005_sr0.667_x0_N4000_L24_T400000_seed3.npz,bidisperse,3,0.005,0.6666666666666666,0.0,0.7050481091946166
108000.0,0.9367305140973673,13,0.21525,,0.7285522325799306,0.2887421135646687,6.062065750727892e-10,bidisperse_a0.005_sr0.667_x0_N4000_L24_T400000_seed3.npz,bidisperse,3,0.005,0.6666666666666666,0.0,0.7050481091946166
110000.0,0.9384345849082443,14,0.215,,0.76343194527094,0.2725466825586015,5.965382034528216e-10,bidisperse_a0.005_sr0.667_x0_N4000_L24_T400000_seed3.npz,bidisperse,3,0.005,0.6666666666666666,0.0,0.7050481091946166
112000.0,0.9369150940293258,13,0.2155,,0.7747952557519003,0.27373747395574954,5.154067672396327e-10,bidisperse_a0.005_sr0.667_x0_N4000_L24_T400000_seed3.npz,bidisperse,3,0.005,0.6666666666666666,0.0,0.7050481091946166
114000.0,0.9370234143798593,13,0.216,,0.7695892306506447,0.2801579466929911,5.799925114345533e-10,bidisperse_a0.005_sr0.667_x0_N4000_L24_T400000_seed3.npz,bidisperse,3,0.005,0.6666666666666666,0.0,0.7050481091946166
116000.0,0.9380670306492891,14,0.21475,,0.7403249423206862,0.28072432218484067,5.799031974321998e-10,bidisperse_a0.005_sr0.667_x0_N4000_L24_T400000_seed3.npz,bidisperse,3,0.005,0.6666666666666666,0.0,0.7050481091946166
118000.0,0.9369090467562798,14,0.21525,,0.7285474936453524,0.26874875671374576,4.834678189007678e-10,bidisperse_a0.005_sr0.667_x0_N4000_L24_T400000_seed3.npz,bidisperse,3,0.005,0.6666666666666666,0.0,0.7050481091946166
120000.0,0.938596759281521,14,0.2155,,0.7802834498379111,0.2631108462455304,4.07078463065337e-10,bidisperse_a0.005_sr0.667_x0_N4000_L24_T400000_seed3.npz,bidisperse,3,0.005,0.6666666666666666,0.0,0.7050481091946166
122000.0,0.9355114169255437,14,0.2145,,0.7304445961666309,0.26209156817956103,4.1660983806297103e-10,bidisperse_a0.005_sr0.667_x0_N4000_L24_T400000_seed3.npz,bidisperse,3,0.005,0.6666666666666666,0.0,0.7050481091946166
124000.0,0.9364074142923721,13,0.21525,,0.762242132612869,0.27290679304897314,5.859815329156818e-10,bidisperse_a0.005_sr0.667_x0_N4000_L24_T400000_seed3.npz,bidisperse,3,0.005,0.6666666666666666,0.0,0.7050481091946166
126000.0,0.9382261059672995,13,0.2145,,0.7714646296922288,0.2697563874034462,4.522781990344628e-10,bidisperse_a0.005_sr0.667_x0_N4000_L24_T400000_seed3.npz,bidisperse,3,0.005,0.6666666666666666,0.0,0.7050481091946166
128000.0,0.9357593883492932,14,0.2155,,0.7362256482878817,0.27096134786917736,4.5870206367507687e-10,bidisperse_a0.005_sr0.667_x0_N4000_L24_T400000_seed3.npz,bidisperse,3,0.005,0.6666666666666666,0.0,0.7050481091946166
130000.0,0.9363285953085793,13,0.21525,,0.7659341169592141,0.27612087695042464,4.0967550792758214e-10,bidisperse_a0.005_sr0.667_x0_N4000_L24_T400000_seed3.npz,bidisperse,3,0.005,0.6666666666666666,0.0,0.7050481091946166
132000.0,0.9368699991602186,13,0.216,,0.7395650023830536,0.2784135753749013,4.61495509940518e-10,bidisperse_a0.005_sr0.667_x0_N4000_L24_T400000_seed3.npz,bidisperse,3,0.005,0.6666666666666666,0.0,0.7050481091946166
134000.0,0.936109687072832,13,0.2155,,0.7680129821515734,0.2735093444081875,4.4787132229999695e-10,bidisperse_a0.005_sr0.667_x0_N4000_L24_T400000_seed3.npz,bidisperse,3,0.005,0.6666666666666666,0.0,0.7050481091946166
136000.0,0.9369608459700659,13,0.21525,,0.7820321044886306,0.2740470077029429,3.9776411154466915e-10,bidisperse_a0.005_sr0.667_x0_N4000_L24_T400000_seed3.npz,bidisperse,3,0.005,0.6666666666666666,0.0,0.7050481091946166
138000.0,0.9359194139224999,13,0.21575,,0.7614390853636664,0.2806585173501577,5.077761990462006e-10,bidisperse_a0.005_sr0.667_x0_N4000_L24_T400000_seed3.npz,bidisperse,3,0.005,0.6666666666666666,0.0,0.7050481091946166
140000.0,0.9362512185981247,13,0.21525,,0.7287758270493049,0.26847632256786214,5.245489713410646e-10,bidisperse_a0.005_sr0.667_x0_N4000_L24_T400000_seed3.npz,bidisperse,3,0.005,0.6666666666666666,0.0,0.7050481091946166
142000.0,0.9349853917181492,14,0.216,,0.7593382838945847,0.272,5.186559211893363e-10,bidisperse_a0.005_sr0.667_x0_N4000_L24_T400000_seed3.npz,bidisperse,3,0.005,0.6666666666666666,0.0,0.7050481091946166
144000.0,0.9357613110280533,13,0.21575,,0.7799889759727258,0.2770357178193331,5.22794308633188e-10,bidisperse_a0.005_sr0.667_x0_N4000_L24_T400000_seed3.npz,bidisperse,3,0.005,0.6666666666666666,0.0,0.7050481091946166
146000.0,0.9372324213493445,14,0.2155,,0.7279685155650435,0.2722772277227723,4.887782968137157e-10,bidisperse_a0.005_sr0.667_x0_N4000_L24_T400000_seed3.npz,bidisperse,3,0.005,0.6666666666666666,0.0,0.7050481091946166
148000.0,0.9346706734464338,13,0.215,,0.7370411188320812,0.2671936758893281,4.410128270433836e-10,bidisperse_a0.005_sr0.667_x0_N4000_L24_T400000_seed3.npz,bidisperse,3,0.005,0.6666666666666666,0.0,0.7050481091946166
150000.0,0.9352793658180143,13,0.2155,,0.739244100163529,0.27004635565637636,4.84449871184841e-10,bidisperse_a0.005_sr0.667_x0_N4000_L24_T400000_seed3.npz,bidisperse,3,0.005,0.6666666666666666,0.0,0.7050481091946166
152000.0,0.9334192591917804,13,0.216,,0.79618770138983,0.2709364482280736,4.588388303675432e-10,bidisperse_a0.005_sr0.667_x0_N4000_L24_T400000_seed3.npz,bidisperse,3,0.005,0.6666666666666666,0.0,0.7050481091946166
154000.0,0.9339189955181122,13,0.21525,,0.7456900024317501,0.2726642227286238,5.125777985129399e-10,bidisperse_a0.005_sr0.667_x0_N4000_L24_T400000_seed3.npz,bidisperse,3,0.005,0.6666666666666666,0.0,0.7050481091946166
156000.0,0.935653386212515,13,0.216,,0.733247463006631,0.27074063087115596,4.910417928050644e-10,bidisperse_a0.005_sr0.667_x0_N4000_L24_T400000_seed3.npz,bidisperse,3,0.005,0.6666666666666666,0.0,0.7050481091946166
158000.0,0.9340084153039431,13,0.21575,,0.7365696507865441,0.2807949626131444,5.529160123404686e-10,bidisperse_a0.005_sr0.667_x0_N4000_L24_T400000_seed3.npz,bidisperse,3,0.005,0.6666666666666666,0.0,0.7050481091946166
160000.0,0.9346541065618437,14,0.21575,,0.7111317141479564,0.27327535085985377,4.713063998253365e-10,bidisperse_a0.005_sr0.667_x0_N4000_L24_T400000_seed3.npz,bidisperse,3,0.005,0.6666666666666666,0.0,0.7050481091946166
162000.0,0.9363229736768122,14,0.215,,0.7624379604971068,0.2626102467545337,4.907183474440953e-10,bidisperse_a0.005_sr0.667_x0_N4000_L24_T400000_seed3.npz,bidisperse,3,0.005,0.6666666666666666,0.0,0.7050481091946166
164000.0,0.9351282331638178,13,0.215,,0.7559062200626975,0.2606841844323252,4.543993567005922e-10,bidisperse_a0.005_sr0.667_x0_N4000_L24_T400000_seed3.npz,bidisperse,3,0.005,0.6666666666666666,0.0,0.7050481091946166
166000.0,0.9341609814338075,13,0.21525,,0.7744825257210592,0.2651868001189178,4.974889833213585e-10,bidisperse_a0.005_sr0.667_x0_N4000_L24_T400000_seed3.npz,bidisperse,3,0.005,0.6666666666666666,0.0,0.7050481091946166
168000.0,0.9328690615215842,15,0.21525,,0.7268134641595217,0.26758470378442634,4.710624478851153e-10,bidisperse_a0.005_sr0.667_x0_N4000_L24_T400000_seed3.npz,bidisperse,3,0.005,0.6666666666666666,0.0,0.7050481091946166
170000.0,0.9329481431245833,13,0.21525,,0.7591557622430651,0.2704918032786885,4.0837299784596857e-10,bidisperse_a0.005_sr0.667_x0_N4000_L24_T400000_seed3.npz,bidisperse,3,0.005,0.6666666666666666,0.0,0.7050481091946166
172000.0,0.93412122268471,14,0.21425,,0.7640417267644235,0.26067527308838134,4.461823420254604e-10,bidisperse_a0.005_sr0.667_x0_N4000_L24_T400000_seed3.npz,bidisperse,3,0.005,0.6666666666666666,0.0,0.7050481091946166
174000.0,0.9334546186634405,14,0.2155,,0.744855540189413,0.2622950819672131,4.95294653889831e-10,bidisperse_a0.005_sr0.667_x0_N4000_L24_T400000_seed3.npz,bidisperse,3,0.005,0.6666666666666666,0.0,0.7050481091946166
176000.0,0.9338760116668988,13,0.21575,,0.7426055622513759,0.26172570750049473,5.120720459531642e-10,bidisperse_a0.005_sr0.667_x0_N4000_L24_T400000_seed3.npz,bidisperse,3,0.005,0.6666666666666666,0.0,0.7050481091946166
178000.0,0.9323796676208315,14,0.216,,0.6940866267702149,0.2666666666666667,4.794155112696417e-10,bidisperse_a0.005_sr0.667_x0_N4000_L24_T400000_seed3.npz,bidisperse,3,0.005,0.6666666666666666,0.0,0.7050481091946166
180000.0,0.9322221969792646,14,0.215,,0.7405850477280399,0.2571514003787502,3.450595576131983e-10,bidisperse_a0.005_sr0.667_x0_N4000_L24_T400000_seed3.npz,bidisperse,3,0.005,0.6666666666666666,0.0,0.7050481091946166
182000.0,0.9345105541005411,13,0.21575,,0.743749196682381,0.2683579427212367,4.65817182468748e-10,bidisperse_a0.005_sr0.667_x0_N4000_L24_T400000_seed3.npz,bidisperse,3,0.005,0.6666666666666666,0.0,0.7050481091946166
184000.0,0.9342202222384559,13,0.21575,,0.7765043727526428,0.27040917177307766,4.77984086578651e-10,bidisperse_a0.005_sr0.667_x0_N4000_L24_T400000_seed3.npz,bidisperse,3,0.005,0.6666666666666666,0.0,0.7050481091946166
186000.0,0.9325288685818577,14,0.21525,,0.7097985697267846,0.27107307957116156,5.020549156328112e-10,bidisperse_a0.005_sr0.667_x0_N4000_L24_T400000_seed3.npz,bidisperse,3,0.005,0.6666666666666666,0.0,0.7050481091946166
188000.0,0.9334575600239066,13,0.215,,0.7425726973377874,0.2631891517371078,4.588298443366282e-10,bidisperse_a0.005_sr0.667_x0_N4000_L24_T400000_seed3.npz,bidisperse,3,0.005,0.6666666666666666,0.0,0.7050481091946166
190000.0,0.9350125894382105,14,0.2155,,0.7378730409753695,0.26491245424868926,3.868216003821991e-10,bidisperse_a0.005_sr0.667_x0_N4000_L24_T400000_seed3.npz,bidisperse,3,0.005,0.6666666666666666,0.0,0.7050481091946166
192000.0,0.933843668410634,13,0.2155,,0.7604058459450013,0.2660414610069102,4.498805638448844e-10,bidisperse_a0.005_sr0.667_x0_N4000_L24_T400000_seed3.npz,bidisperse,3,0.005,0.6666666666666666,0.0,0.7050481091946166
194000.0,0.933886099821424,13,0.21575,,0.771113916193712,0.2602875557759048,4.83149250386905e-10,bidisperse_a0.005_sr0.667_x0_N4000_L24_T400000_seed3.npz,bidisperse,3,0.005,0.6666666666666666,0.0,0.7050481091946166
196000.0,0.9347524795759105,13,0.21525,,0.7121304153628994,0.2579041558958043,4.2885533948154726e-10,bidisperse_a0.005_sr0.667_x0_N4000_L24_T400000_seed3.npz,bidisperse,3,0.005,0.6666666666666666,0.0,0.7050481091946166
198000.0,0.933787497592453,14,0.215,,0.8032578945495223,0.27254746835443033,4.677559674254106e-10,bidisperse_a0.005_sr0.667_x0_N4000_L24_T400000_seed3.npz,bidisperse,3,0.005,0.6666666666666666,0.0,0.7050481091946166
200000.0,0.934079355783764,13,0.21525,0.4915190629644068,0.7613488358319741,0.2701712701712702,4.556452774258659e-10,bidisperse_a0.005_sr0.667_x0_N4000_L24_T400000_seed3.npz,bidisperse,3,0.005,0.6666666666666666,0.0,0.7050481091946166
202000.0,0.9331919279633993,13,0.216,,0.7970303301930286,0.26455183318509734,4.687151444100511e-10,bidisperse_a0.005_sr0.667_x0_N4000_L24_T400000_seed3.npz,bidisperse,3,0.005,0.6666666666666666,0.0,0.7050481091946166
204000.0,0.9329801508881327,12,0.21525,,0.7326133708796772,0.2691321499013807,5.066944709188052e-10,bidisperse_a0.005_sr0.667_x0_N4000_L24_T400000_seed3.npz,bidisperse,3,0.005,0.6666666666666666,0.0,0.7050481091946166
206000.0,0.9330222171887933,13,0.216,,0.7204722810465868,0.2651319706290931,4.063254442104354e-10,bidisperse_a0.005_sr0.667_x0_N4000_L24_T400000_seed3.npz,bidisperse,3,0.005,0.6666666666666666,0.0,0.7050481091946166
208000.0,0.9322371055266538,13,0.21525,,0.731146008022513,0.27563722584469474,5.733227555237255e-10,bidisperse_a0.005_sr0.667_x0_N4000_L24_T400000_seed3.npz,bidisperse,3,0.005,0.6666666666666666,0.0,0.7050481091946166
210000.0,0.930954716472307,12,0.216,,0.7117037290857514,0.2720071294187544,4.49805092795191e-10,bidisperse_a0.005_sr0.667_x0_N4000_L24_T400000_seed3.npz,bidisperse,3,0.005,0.6666666666666666,0.0,0.7050481091946166
212000.0,0.9331890857980185,13,0.215,,0.7025858518057082,0.27309394982784063,5.103011078683101e-10,bidisperse_a0.005_sr0.667_x0_N4000_L24_T400000_seed3.npz,bidisperse,3,0.005,0.6666666666666666,0.0,0.7050481091946166
214000.0,0.9320913974966075,13,0.216,,0.7100913806507524,0.26893566791265,4.74248619212757e-10,bidisperse_a0.005_sr0.667_x0_N4000_L24_T400000_seed3.npz,bidisperse,3,0.005,0.6666666666666666,0.0,0.7050481091946166
216000.0,0.931007903238552,12,0.2155,,0.7575788992224955,0.2571626160837779,3.882727994862115e-10,bidisperse_a0.005_sr0.667_x0_N4000_L24_T400000_seed3.npz,bidisperse,3,0.005,0.6666666666666666,0.0,0.7050481091946166
218000.0,0.9328198977043787,12,0.21575,,0.7429308440317629,0.25219796503012937,4.2668636840947573e-10,bidisperse_a0.005_sr0.667_x0_N4000_L24_T400000_seed3.npz,bidisperse,3,0.005,0.6666666666666666,0.0,0.7050481091946166
220000.0,0.9343882961904838,12,0.21575,,0.7387769225948302,0.26017141168357794,4.128553185321507e-10,bidisperse_a0.005_sr0.667_x0_N4000_L24_T400000_seed3.npz,bidisperse,3,0.005,0.6666666666666666,0.0,0.7050481091946166
222000.0,0.9305198626449676,12,0.2155,,0.7190942853337162,0.2576190945852648,4.3317805471290905e-10,bidisperse_a0.005_sr0.667_x0_N4000_L24_T400000_seed3.npz,bidisperse,3,0.005,0.6666666666666666,0.0,0.7050481091946166
224000.0,0.9318895989001182,12,0.2155,,0.7202874798193029,0.2614520736873215,4.1077971390140656e-10,bidisperse_a0.005_sr0.667_x0_N4000_L24_T400000_seed3.npz,bidisperse,3,0.005,0.6666666666666666,0.0,0.7050481091946166
226000.0,0.9319783730714045,14,0.21525,,0.697572874996708,0.26387517282243733,4.066916322306562e-10,bidisperse_a0.005_sr0.667_x0_N4000_L24_T400000_seed3.npz,bidisperse,3,0.005,0.6666666666666666,0.0,0.7050481091946166
228000.0,0.9303300532064297,12,0.2155,,0.7657428179472786,0.26620689655172414,4.3011612775283424e-10,bidisperse_a0.005_sr0.667_x0_N4000_L24_T400000_seed3.npz,bidisperse,3,0.005,0.6666666666666666,0.0,0.7050481091946166
230000.0,0.9308944324434323,12,0.21575,,0.7864724389082812,0.25587596286786485,4.0800353529518904e-10,bidisperse_a0.005_sr0.667_x0_N4000_L24_T400000_seed3.npz,bidisperse,3,0.005,0.6666666666666666,0.0,0.7050481091946166
232000.0,0.9323799312351805,13,0.21525,,0.7490366421235535,0.25590123456790126,4.248233266940876e-10,bidisperse_a0.005_sr0.667_x0_N4000_L24_T400000_seed3.npz,bidisperse,3,0.005,0.6666666666666666,0.0,0.7050481091946166
234000.0,0.9322589298228718,12,0.21575,,0.6901564935411236,0.2588235294117647,4.3968736724769023e-10,bidisperse_a0.005_sr0.667_x0_N4000_L24_T400000_seed3.npz,bidisperse,3,0.005,0.6666666666666666,0.0,0.7050481091946166
236000.0,0.9337557000520431,12,0.216,,0.72642384019389,0.25414145422081147,4.144941769851904e-10,bidisperse_a0.005_sr0.667_x0_N4000_L24_T400000_seed3.npz,bidisperse,3,0.005,0.6666666666666666,0.0,0.7050481091946166
238000.0,0.9312121962033416,12,0.21525,,0.6773528364017426,0.26254065240957913,4.5863706150291796e-10,bidisperse_a0.005_sr0.667_x0_N4000_L24_T400000_seed3.npz,bidisperse,3,0.005,0.6666666666666666,0.0,0.7050481091946166
240000.0,0.9315695628713702,12,0.21525,,0.704148045019656,0.2608009469323338,4.502392898777355e-10,bidisperse_a0.005_sr0.667_x0_N4000_L24_T400000_seed3.npz,bidisperse,3,0.005,0.6666666666666666,0.0,0.7050481091946166
242000.0,0.9310346695159397,13,0.2155,,0.7058288029873164,0.2617125984251969,4.113210411291376e-10,bidisperse_a0.005_sr0.667_x0_N4000_L24_T400000_seed3.npz,bidisperse,3,0.005,0.6666666666666666,0.0,0.7050481091946166
244000.0,0.931478845938296,13,0.2155,,0.721783537397736,0.25804540967423495,3.9628523179657827e-10,bidisperse_a0.005_sr0.667_x0_N4000_L24_T400000_seed3.npz,bidisperse,3,0.005,0.6666666666666666,0.0,0.7050481091946166
246000.0,0.9308347416703171,12,0.21475,,0.7072626180415447,0.2654187192118227,4.820209747522549e-10,bidisperse_a0.005_sr0.667_x0_N4000_L24_T400000_seed3.npz,bidisperse,3,0.005,0.6666666666666666,0.0,0.7050481091946166
248000.0,0.9316461797350277,12,0.215,,0.714145929386663,0.259738975677279,3.808466818546524e-10,bidisperse_a0.005_sr0.667_x0_N4000_L24_T400000_seed3.npz,bidisperse,3,0.005,0.6666666666666666,0.0,0.7050481091946166
250000.0,0.9321277134548444,12,0.2155,,0.754957616068095,0.2655818540433925,4.2878214814632915e-10,bidisperse_a0.005_sr0.667_x0_N4000_L24_T400000_seed3.npz,bidisperse,3,0.005,0.6666666666666666,0.0,0.7050481091946166
252000.0,0.9316177271040468,12,0.21475,,0.6813731471790835,0.2732717989002357,4.941489930476857e-10,bidisperse_a0.005_sr0.667_x0_N4000_L24_T400000_seed3.npz,bidisperse,3,0.005,0.6666666666666666,0.0,0.7050481091946166
254000.0,0.9315197723060766,12,0.21525,,0.7531232107774389,0.269990128331688,4.2816834277809537e-10,bidisperse_a0.005_sr0.667_x0_N4000_L24_T400000_seed3.npz,bidisperse,3,0.005,0.6666666666666666,0.0,0.7050481091946166
256000.0,0.9307445062466139,12,0.21525,,0.7804511139600021,0.26570333235033916,4.071721026146234e-10,bidisperse_a0.005_sr0.667_x0_N4000_L24_T400000_seed3.npz,bidisperse,3,0.005,0.6666666666666666,0.0,0.7050481091946166
258000.0,0.932476307775803,12,0.21575,,0.7175620552624569,0.2517716535433071,4.34359222769854e-10,bidisperse_a0.005_sr0.667_x0_N4000_L24_T400000_seed3.npz,bidisperse,3,0.005,0.6666666666666666,0.0,0.7050481091946166
260000.0,0.9296174032812414,12,0.2155,,0.6558532539899328,0.24485352335708632,3.808532398903859e-10,bidisperse_a0.005_sr0.667_x0_N4000_L24_T400000_seed3.npz,bidisperse,3,0.005,0.6666666666666666,0.0,0.7050481091946166
262000.0,0.9312108518915159,12,0.2155,,0.6873215354464427,0.26958141358690324,4.664309325403594e-10,bidisperse_a0.005_sr0.667_x0_N4000_L24_T400000_seed3.npz,bidisperse,3,0.005,0.6666666666666666,0.0,0.7050481091946166
264000.0,0.9296836418173257,12,0.21575,,0.718800585996686,0.2662925772789919,4.4651726436711485e-10,bidisperse_a0.005_sr0.667_x0_N4000_L24_T400000_seed3.npz,bidisperse,3,0.005,0.6666666666666666,0.0,0.7050481091946166
266000.0,0.9311311425771519,12,0.216,,0.7031782644582949,0.26414166256763405,3.9723983602965385e-10,bidisperse_a0.005_sr0.667_x0_N4000_L24_T400000_seed3.npz,bidisperse,3,0.005,0.6666666666666666,0.0,0.7050481091946166
268000.0,0.9283901060075056,12,0.21525,,0.693433882648847,0.2626591649392952,3.99360294085261e-10,bidisperse_a0.005_sr0.667_x0_N4000_L24_T400000_seed3.npz,bidisperse,3,0.005,0.6666666666666666,0.0,0.7050481091946166
270000.0,0.9323199170722541,13,0.2155,,0.7319186530518856,0.2625284175150736,4.526509490872434e-10,bidisperse_a0.005_sr0.667_x0_N4000_L24_T400000_seed3.npz,bidisperse,3,0.005,0.6666666666666666,0.0,0.7050481091946166
272000.0,0.9306329694784334,12,0.216,,0.7217155177980937,0.25751285092922105,4.0750034882059037e-10,bidisperse_a0.005_sr0.667_x0_N4000_L24_T400000_seed3.npz,bidisperse,3,0.005,0.6666666666666666,0.0,0.7050481091946166
274000.0,0.9295417010886778,13,0.215,,0.6905681450536123,0.260595308495959,5.00678587824275e-10,bidisperse_a0.005_sr0.667_x0_N4000_L24_T400000_seed3.npz,bidisperse,3,0.005,0.6666666666666666,0.0,0.7050481091946166
276000.0,0.9303109100082029,11,0.216,,0.6861900303933381,0.26760424862313137,4.802326412658694e-10,bidisperse_a0.005_sr0.667_x0_N4000_L24_T400000_seed3.npz,bidisperse,3,0.005,0.6666666666666666,0.0,0.7050481091946166
278000.0,0.9304753542913077,11,0.21575,,0.7417533108830955,0.2587667454688731,4.4528496829763857e-10,bidisperse_a0.005_sr0.667_x0_N4000_L24_T400000_seed3.npz,bidisperse,3,0.005,0.6666666666666666,0.0,0.7050481091946166
280000.0,0.9289770485691747,11,0.21575,,0.7382931546258346,0.2559858114099911,3.5893878458245677e-10,bidisperse_a0.005_sr0.667_x0_N4000_L24_T400000_seed3.npz,bidisperse,3,0.005,0.6666666666666666,0.0,0.7050481091946166
282000.0,0.9300481533049721,12,0.21575,,0.6813568047359574,0.2597147073290703,3.472113248759182e-10,bidisperse_a0.005_sr0.667_x0_N4000_L24_T400000_seed3.npz,bidisperse,3,0.005,0.6666666666666666,0.0,0.7050481091946166
284000.0,0.9293851355411524,11,0.21525,,0.6986425855462777,0.26234658811978395,4.795833439628954e-10,bidisperse_a0.005_sr0.667_x0_N4000_L24_T400000_seed3.npz,bidisperse,3,0.005,0.6666666666666666,0.0,0.7050481091946166
286000.0,0.930826977166537,11,0.21575,,0.7268174968364968,0.2613871126414167,4.6148438553441134e-10,bidisperse_a0.005_sr0.667_x0_N4000_L24_T400000_seed3.npz,bidisperse,3,0.005,0.6666666666666666,0.0,0.7050481091946166
288000.0,0.9293620512795816,12,0.216,,0.6926629410895404,0.25864958107442093,4.276316997777243e-10,bidisperse_a0.005_sr0.667_x0_N4000_L24_T400000_seed3.npz,bidisperse,3,0.005,0.6666666666666666,0.0,0.7050481091946166
290000.0,0.9298268317802503,11,0.21525,,0.7522404001552525,0.25798816568047334,4.063969839996793e-10,bidisperse_a0.005_sr0.667_x0_N4000_L24_T400000_seed3.npz,bidisperse,3,0.005,0.6666666666666666,0.0,0.7050481091946166
292000.0,0.9297353477125676,11,0.2155,,0.73857338651074,0.2549812586308937,3.5586031685766594e-10,bidisperse_a0.005_sr0.667_x0_N4000_L24_T400000_seed3.npz,bidisperse,3,0.005,0.6666666666666666,0.0,0.7050481091946166
294000.0,0.931243021899247,12,0.21475,,0.7257968474821098,0.24920886075949367,4.850766638212958e-10,bidisperse_a0.005_sr0.667_x0_N4000_L24_T400000_seed3.npz,bidisperse,3,0.005,0.6666666666666666,0.0,0.7050481091946166
296000.0,0.9316627467526831,11,0.2155,,0.7219325823314714,0.24728421884258345,4.050991568260594e-10,bidisperse_a0.005_sr0.667_x0_N4000_L24_T400000_seed3.npz,bidisperse,3,0.005,0.6666666666666666,0.0,0.7050481091946166
298000.0,0.9294467377555475,11,0.2155,,0.7478865506051218,0.24854407264830713,3.9648505088896725e-10,bidisperse_a0.005_sr0.667_x0_N4000_L24_T400000_seed3.npz,bidisperse,3,0.005,0.6666666666666666,0.0,0.7050481091946166
300000.0,0.9295964215890721,11,0.216,0.4890741262888101,0.7498708901296895,0.25402628198794586,4.4076072210943856e-10,bidisperse_a0.005_sr0.667_x0_N4000_L24_T400000_seed3.npz,bidisperse,3,0.005,0.6666666666666666,0.0,0.7050481091946166
302000.0,0.9277346545665642,11,0.2155,,0.6944275851252117,0.25237154150197627,4.094274778937437e-10,bidisperse_a0.005_sr0.667_x0_N4000_L24_T400000_seed3.npz,bidisperse,3,0.005,0.6666666666666666,0.0,0.7050481091946166
304000.0,0.9294481637167052,12,0.21525,,0.7503754272344552,0.2580074670858715,4.1015238586028464e-10,bidisperse_a0.005_sr0.667_x0_N4000_L24_T400000_seed3.npz,bidisperse,3,0.005,0.6666666666666666,0.0,0.7050481091946166
306000.0,0.9299179074871662,12,0.21575,,0.7141730012011821,0.25911010706217463,3.996586392454831e-10,bidisperse_a0.005_sr0.667_x0_N4000_L24_T400000_seed3.npz,bidisperse,3,0.005,0.6666666666666666,0.0,0.7050481091946166
308000.0,0.9282276448714558,12,0.21525,,0.7381846885849436,0.24980307207562036,4.285306505345164e-10,bidisperse_a0.005_sr0.667_x0_N4000_L24_T400000_seed3.npz,bidisperse,3,0.005,0.6666666666666666,0.0,0.7050481091946166
310000.0,0.9296582964532792,11,0.21575,,0.707767382216113,0.26094193674728283,4.85557284367441e-10,bidisperse_a0.005_sr0.667_x0_N4000_L24_T400000_seed3.npz,bidisperse,3,0.005,0.6666666666666666,0.0,0.7050481091946166
312000.0,0.9291489307653872,11,0.216,,0.6747761485482862,0.2622611778609415,4.082662545622908e-10,bidisperse_a0.005_sr0.667_x0_N4000_L24_T400000_seed3.npz,bidisperse,3,0.005,0.6666666666666666,0.0,0.7050481091946166
314000.0,0.9298914045128319,11,0.2155,,0.6979386347446485,0.2609852216748768,3.6029198299241844e-10,bidisperse_a0.005_sr0.667_x0_N4000_L24_T400000_seed3.npz,bidisperse,3,0.005,0.6666666666666666,0.0,0.7050481091946166
316000.0,0.9291835049809531,11,0.2155,,0.7343227517519539,0.26381269592476486,4.1599682185908073e-10,bidisperse_a0.005_sr0.667_x0_N4000_L24_T400000_seed3.npz,bidisperse,3,0.005,0.6666666666666666,0.0,0.7050481091946166
318000.0,0.9302710113892636,11,0.2155,,0.7603319640657693,0.2550738916256158,4.2011702013051256e-10,bidisperse_a0.005_sr0.667_x0_N4000_L24_T400000_seed3.npz,bidisperse,3,0.005,0.6666666666666666,0.0,0.7050481091946166
320000.0,0.9287326384570534,11,0.215,,0.6754406880245284,0.25349340680968313,3.78414211788541e-10,bidisperse_a0.005_sr0.667_x0_N4000_L24_T400000_seed3.npz,bidisperse,3,0.005,0.6666666666666666,0.0,0.7050481091946166
322000.0,0.9288281526736833,11,0.216,,0.7408136727478601,0.256815061776819,3.972879674111929e-10,bidisperse_a0.005_sr0.667_x0_N4000_L24_T400000_seed3.npz,bidisperse,3,0.005,0.6666666666666666,0.0,0.7050481091946166
324000.0,0.9292276095359902,11,0.21575,,0.6880189901686818,0.25251528901163933,3.5637731276568905e-10,bidisperse_a0.005_sr0.667_x0_N4000_L24_T400000_seed3.npz,bidisperse,3,0.005,0.6666666666666666,0.0,0.7050481091946166
326000.0,0.9300432518938162,11,0.21575,,0.7041349465304612,0.2525212576626459,3.398582598042238e-10,bidisperse_a0.005_sr0.667_x0_N4000_L24_T400000_seed3.npz,bidisperse,3,0.005,0.6666666666666666,0.0,0.7050481091946166
328000.0,0.9285719503287071,11,0.21575,,0.6845053463615477,0.26488182798862414,3.6562769785697226e-10,bidisperse_a0.005_sr0.667_x0_N4000_L24_T400000_seed3.npz,bidisperse,3,0.005,0.6666666666666666,0.0,0.7050481091946166
330000.0,0.929813695721798,11,0.21525,,0.7040870308676707,0.26126126126126126,4.655731570668296e-10,bidisperse_a0.005_sr0.667_x0_N4000_L24_T400000_seed3.npz,bidisperse,3,0.005,0.6666666666666666,0.0,0.7050481091946166
332000.0,0.9290138658352763,11,0.21575,,0.6905383826800819,0.2533950009840582,3.690001482677194e-10,bidisperse_a0.005_sr0.667_x0_N4000_L24_T400000_seed3.npz,bidisperse,3,0.005,0.6666666666666666,0.0,0.7050481091946166
334000.0,0.9293897647771383,11,0.21525,,0.7042991280951607,0.25955398369191474,4.0452408748929166e-10,bidisperse_a0.005_sr0.667_x0_N4000_L24_T400000_seed3.npz,bidisperse,3,0.005,0.6666666666666666,0.0,0.7050481091946166
336000.0,0.9277339224416442,11,0.2155,,0.6985042856182138,0.25762045231071784,4.522072151846493e-10,bidisperse_a0.005_sr0.667_x0_N4000_L24_T400000_seed3.npz,bidisperse,3,0.005,0.6666666666666666,0.0,0.7050481091946166
338000.0,0.9299373083249775,12,0.216,,0.6851136298058833,0.2554996547301963,3.63160454575732e-10,bidisperse_a0.005_sr0.667_x0_N4000_L24_T400000_seed3.npz,bidisperse,3,0.005,0.6666666666666666,0.0,0.7050481091946166
340000.0,0.929882862427452,12,0.21525,,0.7258596127549278,0.2662011997246534,4.061953943099505e-10,bidisperse_a0.005_sr0.667_x0_N4000_L24_T400000_seed3.npz,bidisperse,3,0.005,0.6666666666666666,0.0,0.7050481091946166
342000.0,0.92815154665884,11,0.21575,,0.6837121738940156,0.2619328226281673,4.3193248698826864e-10,bidisperse_a0.005_sr0.667_x0_N4000_L24_T400000_seed3.npz,bidisperse,3,0.005,0.6666666666666666,0.0,0.7050481091946166
344000.0,0.9304199097654503,11,0.21575,,0.71456205340636,0.2580074670858715,4.2665505324258174e-10,bidisperse_a0.005_sr0.667_x0_N4000_L24_T400000_seed3.npz,bidisperse,3,0.005,0.6666666666666666,0.0,0.7050481091946166
346000.0,0.929041916367074,11,0.21575,,0.7071687391494753,0.2611302211302211,3.8883912018719736e-10,bidisperse_a0.005_sr0.667_x0_N4000_L24_T400000_seed3.npz,bidisperse,3,0.005,0.6666666666666666,0.0,0.7050481091946166
348000.0,0.9303190815045573,11,0.21575,,0.7183205459211043,0.2568698906727076,3.680766482723253e-10,bidisperse_a0.005_sr0.667_x0_N4000_L24_T400000_seed3.npz,bidisperse,3,0.005,0.6666666666666666,0.0,0.7050481091946166
350000.0,0.9277555916662797,11,0.216,,0.6861179253344011,0.2567407990553041,3.6556118469809845e-10,bidisperse_a0.005_sr0.667_x0_N4000_L24_T400000_seed3.npz,bidisperse,3,0.005,0.6666666666666666,0.0,0.7050481091946166
352000.0,0.9272933922182238,11,0.2155,,0.6542520747044005,0.2558139534883721,4.2115506458462434e-10,bidisperse_a0.005_sr0.667_x0_N4000_L24_T400000_seed3.npz,bidisperse,3,0.005,0.6666666666666666,0.0,0.7050481091946166
354000.0,0.9292013177965234,12,0.2155,,0.6942517362131712,0.2555490080534276,3.792690428815965e-10,bidisperse_a0.005_sr0.667_x0_N4000_L24_T400000_seed3.npz,bidisperse,3,0.005,0.6666666666666666,0.0,0.7050481091946166
356000.0,0.9279515664181986,11,0.21525,,0.7210845088373189,0.2619024246588789,4.5538292324938404e-10,bidisperse_a0.005_sr0.667_x0_N4000_L24_T400000_seed3.npz,bidisperse,3,0.005,0.6666666666666666,0.0,0.7050481091946166
358000.0,0.9275451993239403,11,0.21525,,0.6872851464579294,0.25159893732165695,3.888028081979771e-10,bidisperse_a0.005_sr0.667_x0_N4000_L24_T400000_seed3.npz,bidisperse,3,0.005,0.6666666666666666,0.0,0.7050481091946166
360000.0,0.9282994241836711,12,0.21575,,0.6718194408507746,0.24834600572726373,3.8993965208622425e-10,bidisperse_a0.005_sr0.667_x0_N4000_L24_T400000_seed3.npz,bidisperse,3,0.005,0.6666666666666666,0.0,0.7050481091946166
362000.0,0.9293980416060399,13,0.21525,,0.6780833627488262,0.271580799687164,4.3139587805031196e-10,bidisperse_a0.005_sr0.667_x0_N4000_L24_T400000_seed3.npz,bidisperse,3,0.005,0.6666666666666666,0.0,0.7050481091946166
364000.0,0.9284614365209805,11,0.2155,,0.7386483991475301,0.268464243845252,4.130252952316489e-10,bidisperse_a0.005_sr0.667_x0_N4000_L24_T400000_seed3.npz,bidisperse,3,0.005,0.6666666666666666,0.0,0.7050481091946166
366000.0,0.9283555724817086,11,0.21475,,0.7601177935716462,0.260523991757433,4.17197652067917e-10,bidisperse_a0.005_sr0.667_x0_N4000_L24_T400000_seed3.npz,bidisperse,3,0.005,0.6666666666666666,0.0,0.7050481091946166
368000.0,0.9289437105222643,12,0.21525,,0.7419993527578039,0.25875639512003146,4.256424169864347e-10,bidisperse_a0.005_sr0.667_x0_N4000_L24_T400000_seed3.npz,bidisperse,3,0.005,0.6666666666666666,0.0,0.7050481091946166
370000.0,0.9295948502788824,11,0.21575,,0.7073592589478879,0.26123209731214436,4.0730077713492087e-10,bidisperse_a0.005_sr0.667_x0_N4000_L24_T400000_seed3.npz,bidisperse,3,0.005,0.6666666666666666,0.0,0.7050481091946166
372000.0,0.9296584243596652,11,0.21575,,0.7063343271168459,0.2634261074088593,4.42592743590954e-10,bidisperse_a0.005_sr0.667_x0_N4000_L24_T400000_seed3.npz,bidisperse,3,0.005,0.6666666666666666,0.0,0.7050481091946166
374000.0,0.9298579715339788,11,0.216,,0.69133364913453,0.26813725490196083,4.378821355778275e-10,bidisperse_a0.005_sr0.667_x0_N4000_L24_T400000_seed3.npz,bidisperse,3,0.005,0.6666666666666666,0.0,0.7050481091946166
376000.0,0.9273979832831469,11,0.21525,,0.6471626404071202,0.2739270700948284,4.757478927658993e-10,bidisperse_a0.005_sr0.667_x0_N4000_L24_T400000_seed3.npz,bidisperse,3,0.005,0.6666666666666666,0.0,0.7050481091946166
378000.0,0.9297992017464836,11,0.2155,,0.6824860773643516,0.26679086184920087,4.2320433203368635e-10,bidisperse_a0.005_sr0.667_x0_N4000_L24_T400000_seed3.npz,bidisperse,3,0.005,0.6666666666666666,0.0,0.7050481091946166
380000.0,0.927945899847221,11,0.216,,0.7205932555375866,0.26284817575519814,4.268094915787764e-10,bidisperse_a0.005_sr0.667_x0_N4000_L24_T400000_seed3.npz,bidisperse,3,0.005,0.6666666666666666,0.0,0.7050481091946166
382000.0,0.9281320437193987,12,0.21575,,0.6858764635039645,0.24980314960629924,4.1696717433218094e-10,bidisperse_a0.005_sr0.667_x0_N4000_L24_T400000_seed3.npz,bidisperse,3,0.005,0.6666666666666666,0.0,0.7050481091946166
384000.0,0.9267777918397438,11,0.21575,,0.7008814451323849,0.24029174058742364,4.3780701762665946e-10,bidisperse_a0.005_sr0.667_x0_N4000_L24_T400000_seed3.npz,bidisperse,3,0.005,0.6666666666666666,0.0,0.7050481091946166
386000.0,0.9277721501976331,12,0.2155,,0.6789353448771266,0.2497051886792453,3.256539415564866e-10,bidisperse_a0.005_sr0.667_x0_N4000_L24_T400000_seed3.npz,bidisperse,3,0.005,0.6666666666666666,0.0,0.7050481091946166
388000.0,0.9273887369945554,11,0.21575,,0.6819813311254719,0.25113524185587366,4.0901616208315863e-10,bidisperse_a0.005_sr0.667_x0_N4000_L24_T400000_seed3.npz,bidisperse,3,0.005,0.6666666666666666,0.0,0.7050481091946166
390000.0,0.9269862060830805,13,0.21475,,0.7445811796066039,0.262007874015748,4.797559376995414e-10,bidisperse_a0.005_sr0.667_x0_N4000_L24_T400000_seed3.npz,bidisperse,3,0.005,0.6666666666666666,0.0,0.7050481091946166
392000.0,0.927418205116422,11,0.2155,,0.6921669646040632,0.2633287428683848,3.9407654772306546e-10,bidisperse_a0.005_sr0.667_x0_N4000_L24_T400000_seed3.npz,bidisperse,3,0.005,0.6666666666666666,0.0,0.7050481091946166
394000.0,0.9265937549804694,12,0.216,,0.6895077551418901,0.2586766296332711,4.1310107281969054e-10,bidisperse_a0.005_sr0.667_x0_N4000_L24_T400000_seed3.npz,bidisperse,3,0.005,0.6666666666666666,0.0,0.7050481091946166
396000.0,0.9274254126911241,11,0.21525,,0.7090395849638081,0.25039447731755426,3.7457595874628883e-10,bidisperse_a0.005_sr0.667_x0_N4000_L24_T400000_seed3.npz,bidisperse,3,0.005,0.6666666666666666,0.0,0.7050481091946166
398000.0,0.928166840048507,11,0.216,,0.6490170744779632,0.2596777362939674,3.784163579854815e-10,bidisperse_a0.005_sr0.667_x0_N4000_L24_T400000_seed3.npz,bidisperse,3,0.005,0.6666666666666666,0.0,0.7050481091946166
400000.0,0.925529061879603,11,0.21575,0.48602008518348727,0.7363204141713259,0.25874399921622415,4.156322364406644e-10,bidisperse_a0.005_sr0.667_x0_N4000_L24_T400000_seed3.npz,bidisperse,3,0.005,0.6666666666666666,0.0,0.7050481091946166
0.0,0.9968316317670646,776,0.007,0.8773346289697828,,,,bidisperse_a0.005_sr0.667_x1.5_N4000_L24_T400000_seed1.npz,bidisperse,1,0.005,0.6666666666666666,1.5,0.606372947064642
2000.0,0.9742389093159779,137,0.1575,,0.08360783147185386,0.9068223443223443,4.686453988390511e-08,bidisperse_a0.005_sr0.667_x1.5_N4000_L24_T400000_seed1.npz,bidisperse,1,0.005,0.6666666666666666,1.5,0.606372947064642
4000.0,0.9672487251055111,141,0.09925,,0.5321491096897266,0.7341911031318571,4.3375425136455866e-08,bidisperse_a0.005_sr0.667_x1.5_N4000_L24_T400000_seed1.npz,bidisperse,1,0.005,0.6666666666666666,1.5,0.606372947064642
6000.0,0.9608455550323252,122,0.1745,,0.5639244349602669,0.6708567980691875,4.777560677357817e-08,bidisperse_a0.005_sr0.667_x1.5_N4000_L24_T400000_seed1.npz,bidisperse,1,0.005,0.6666666666666666,1.5,0.606372947064642
8000.0,0.9561704491902078,111,0.1415,,0.5844266672864675,0.6480039920159681,4.689217588088731e-08,bidisperse_a0.005_sr0.667_x1.5_N4000_L24_T400000_seed1.npz,bidisperse,1,0.005,0.6666666666666666,1.5,0.606372947064642
10000.0,0.9518236013865031,114,0.188,,0.6466713894107279,0.6060026185920032,4.698356734141491e-08,bidisperse_a0.005_sr0.667_x1.5_N4000_L24_T400000_seed1.npz,bidisperse,1,0.005,0.6666666666666666,1.5,0.606372947064642
12000.0,0.9474434244540338,120,0.19,,0.6271507939624071,0.58982846825158,4.499502750132904e-08,bidisperse_a0.005_sr0.667_x1.5_N4000_L24_T400000_seed1.npz,bidisperse,1,0.005,0.6666666666666666,1.5,0.606372947064642
14000.0,0.9421016644857041,117,0.1835,,0.6409334564050403,0.5484621610683933,4.278989178314573e-08,bidisperse_a0.005_sr0.667_x1.5_N4000_L24_T400000_seed1.npz,bidisperse,1,0.005,0.6666666666666666,1.5,0.606372947064642
16000.0,0.9424140795908766,129,0.2095,,0.6453766493474251,0.5262033173908619,4.4528377166696155e-08,bidisperse_a0.005_sr0.667_x1.5_N4000_L24_T400000_seed1.npz,bidisperse,1,0.005,0.6666666666666666,1.5,0.606372947064642
18000.0,0.9393876466628331,139,0.3275,,0.6249096328735452,0.5088696369636964,4.673167119153522e-08,bidisperse_a0.005_sr0.667_x1.5_N4000_L24_T400000_seed1.npz,bidisperse,1,0.005,0.6666666666666666,1.5,0.606372947064642
20000.0,0.9361499300957209,118,0.24475,,0.5842229493499465,0.504839373970346,4.6714826860271724e-08,bidisperse_a0.005_sr0.667_x1.5_N4000_L24_T400000_seed1.npz,bidisperse,1,0.005,0.6666666666666666,1.5,0.606372947064642
22000.0,0.9378377507323961,121,0.55375,,0.6065944762705584,0.5128620619809601,4.8358655208357e-08,bidisperse_a0.005_sr0.667_x1.5_N4000_L24_T400000_seed1.npz,bidisperse,1,0.005,0.6666666666666666,1.5,0.606372947064642
24000.0,0.9337110321810937,130,0.571,,0.6812970710399315,0.5035453808752026,4.6608803574595656e-08,bidisperse_a0.005_sr0.667_x1.5_N4000_L24_T400000_seed1.npz,bidisperse,1,0.005,0.6666666666666666,1.5,0.606372947064642
26000.0,0.9299988554154742,128,0.34575,,0.5822544934519195,0.48219234322077387,5.055221188592852e-08,bidisperse_a0.005_sr0.667_x1.5_N4000_L24_T400000_seed1.npz,bidisperse,1,0.005,0.6666666666666666,1.5,0.606372947064642
28000.0,0.9337611399023269,128,0.3625,,0.6798910910732036,0.47414593869336363,4.674583769079051e-08,bidisperse_a0.005_sr0.667_x1.5_N4000_L24_T400000_seed1.npz,bidisperse,1,0.005,0.6666666666666666,1.5,0.606372947064642
30000.0,0.929993838058025,130,0.5745,,0.6366029602121184,0.4755934641866201,4.363907146543134e-08,bidisperse_a0.005_sr0.667_x1.5_N4000_L24_T400000_seed1.npz,bidisperse,1,0.005,0.6666666666666666,1.5,0.606372947064642
32000.0,0.9303103891561328,129,0.7485,,0.6051812341480607,0.476800163884052,5.160250749585378e-08,bidisperse_a0.005_sr0.667_x1.5_N4000_L24_T400000_seed1.npz,bidisperse,1,0.005,0.6666666666666666,1.5,0.606372947064642
34000.0,0.9288755888168555,112,0.7565,,0.5857753203012174,0.484826883910387,4.180774388045268e-08,bidisperse_a0.005_sr0.667_x1.5_N4000_L24_T400000_seed1.npz,bidisperse,1,0.005,0.6666666666666666,1.5,0.606372947064642
36000.0,0.9299239599462547,126,0.728,,0.5393951452209756,0.485168630637952,4.2775924517032604e-08,bidisperse_a0.005_sr0.667_x1.5_N4000_L24_T400000_seed1.npz,bidisperse,1,0.005,0.6666666666666666,1.5,0.606372947064642
38000.0,0.9321845654203554,119,0.42,,0.5497225081082848,0.48305256748528513,4.9309182084795615e-08,bidisperse_a0.005_sr0.667_x1.5_N4000_L24_T400000_seed1.npz,bidisperse,1,0.005,0.6666666666666666,1.5,0.606372947064642
40000.0,0.9270925529432689,117,0.761,,0.5717812066678778,0.4874109740194603,5.179241063258642e-08,bidisperse_a0.005_sr0.667_x1.5_N4000_L24_T400000_seed1.npz,bidisperse,1,0.005,0.6666666666666666,1.5,0.606372947064642
42000.0,0.9263222202035574,117,0.742,,0.559774286700438,0.46064698175954855,4.5312364434457035e-08,bidisperse_a0.005_sr0.667_x1.5_N4000_L24_T400000_seed1.npz,bidisperse,1,0.005,0.6666666666666666,1.5,0.606372947064642
44000.0,0.922466520191854,120,0.73275,,0.5746804466433293,0.4647915620291311,5.103740914735036e-08,bidisperse_a0.005_sr0.667_x1.5_N4000_L24_T400000_seed1.npz,bidisperse,1,0.005,0.6666666666666666,1.5,0.606372947064642
46000.0,0.9235832470141785,131,0.74975,,0.5437390318998232,0.4489546149923508,5.1288091320267646e-08,bidisperse_a0.005_sr0.667_x1.5_N4000_L24_T400000_seed1.npz,bidisperse,1,0.005,0.6666666666666666,1.5,0.606372947064642
48000.0,0.922240629012972,116,0.744,,0.5538006745560123,0.44624808575803987,5.598232225528024e-08,bidisperse_a0.005_sr0.667_x1.5_N4000_L24_T400000_seed1.npz,bidisperse,1,0.005,0.6666666666666666,1.5,0.606372947064642
50000.0,0.9182874080751943,141,0.4445,,0.5492407579410342,0.43768085985944605,5.639329541868954e-08,bidisperse_a0.005_sr0.667_x1.5_N4000_L24_T400000_seed1.npz,bidisperse,1,0.005,0.6666666666666666,1.5,0.606372947064642
52000.0,0.9208881995299774,142,0.4545,,0.5267591946427096,0.44064303380049463,5.443398680219912e-08,bidisperse_a0.005_sr0.667_x1.5_N4000_L24_T400000_seed1.npz,bidisperse,1,0.005,0.6666666666666666,1.5,0.606372947064642
54000.0,0.9213526748614959,131,0.45325,,0.5426108336145162,0.4337349397590361,5.795255286622527e-08,bidisperse_a0.005_sr0.667_x1.5_N4000_L24_T400000_seed1.npz,bidisperse,1,0.005,0.6666666666666666,1.5,0.606372947064642
56000.0,0.9199601427867437,124,0.43675,,0.540201658429544,0.41991701244813273,5.370917812845292e-08,bidisperse_a0.005_sr0.667_x1.5_N4000_L24_T400000_seed1.npz,bidisperse,1,0.005,0.6666666666666666,1.5,0.606372947064642
58000.0,0.9209799903464457,128,0.4345,,0.6166108413816525,0.4230212853895433,5.338081784048276e-08,bidisperse_a0.005_sr0.667_x1.5_N4000_L24_T400000_seed1.npz,bidisperse,1,0.005,0.6666666666666666,1.5,0.606372947064642
60000.0,0.9179263624784915,144,0.42575,,0.537911791051713,0.4184833628872432,5.28435622191795e-08,bidisperse_a0.005_sr0.667_x1.5_N4000_L24_T400000_seed1.npz,bidisperse,1,0.005,0.6666666666666666,1.5,0.606372947064642
62000.0,0.920900198901721,136,0.7195,,0.522807181721528,0.42975635044064286,5.531381800622934e-08,bidisperse_a0.005_sr0.667_x1.5_N4000_L24_T400000_seed1.npz,bidisperse,1,0.005,0.6666666666666666,1.5,0.606372947064642
64000.0,0.9181031935515397,139,0.73775,,0.5035677315416281,0.43966755592037754,5.21407449936298e-08,bidisperse_a0.005_sr0.667_x1.5_N4000_L24_T400000_seed1.npz,bidisperse,1,0.005,0.6666666666666666,1.5,0.606372947064642
66000.0,0.9155420976192843,132,0.72525,,0.4949108953324538,0.440016391763139,4.9127270645653756e-08,bidisperse_a0.005_sr0.667_x1.5_N4000_L24_T400000_seed1.npz,bidisperse,1,0.005,0.6666666666666666,1.5,0.606372947064642
68000.0,0.9156681804349509,131,0.71825,,0.5545626490260324,0.4082057690305113,5.1295445013016345e-08,bidisperse_a0.005_sr0.667_x1.5_N4000_L24_T400000_seed1.npz,bidisperse,1,0.005,0.6666666666666666,1.5,0.606372947064642
70000.0,0.9161669411661946,130,0.72775,,0.5955068342693159,0.4014084507042254,5.7438996102548507e-08,bidisperse_a0.005_sr0.667_x1.5_N4000_L24_T400000_seed1.npz,bidisperse,1,0.005,0.6666666666666666,1.5,0.606372947064642
72000.0,0.9166142144264396,131,0.7375,,0.5290156249322434,0.4023380922822264,5.6215071658196365e-08,bidisperse_a0.005_sr0.667_x1.5_N4000_L24_T400000_seed1.npz,bidisperse,1,0.005,0.6666666666666666,1.5,0.606372947064642
74000.0,0.913940351156062,132,0.7475,,0.5003207753689154,0.4149111937216027,5.740012942721989e-08,bidisperse_a0.005_sr0.667_x1.5_N4000_L24_T400000_seed1.npz,bidisperse,1,0.005,0.6666666666666666,1.5,0.606372947064642
76000.0,0.9169700890138528,136,0.72225,,0.5055040385526326,0.4072294191391559,6.020843840131589e-08,bidisperse_a0.005_sr0.667_x1.5_N4000_L24_T400000_seed1.npz,bidisperse,1,0.005,0.6666666666666666,1.5,0.606372947064642
78000.0,0.9145837203387018,150,0.71825,,0.5347601808113077,0.4118633410186544,5.745652042584115e-08,bidisperse_a0.005_sr0.667_x1.5_N4000_L24_T400000_seed1.npz,bidisperse,1,0.005,0.6666666666666666,1.5,0.606372947064642
80000.0,0.914773495107042,141,0.73475,,0.48374832980907345,0.4013848090642048,5.369685006731334e-08,bidisperse_a0.005_sr0.667_x1.5_N4000_L24_T400000_seed1.npz,bidisperse,1,0.005,0.6666666666666666,1.5,0.606372947064642
82000.0,0.9174330558619997,126,0.7385,,0.5607173608393992,0.4358398038414385,5.671819155031543e-08,bidisperse_a0.005_sr0.667_x1.5_N4000_L24_T400000_seed1.npz,bidisperse,1,0.005,0.6666666666666666,1.5,0.606372947064642
84000.0,0.9173587410886943,130,0.73025,,0.580523016674325,0.41431827600497306,5.8492659447130806e-08,bidisperse_a0.005_sr0.667_x1.5_N4000_L24_T400000_seed1.npz,bidisperse,1,0.005,0.6666666666666666,1.5,0.606372947064642
86000.0,0.917176091624233,140,0.58375,,0.4758215323022997,0.4014667365112624,5.785726509909479e-08,bidisperse_a0.005_sr0.667_x1.5_N4000_L24_T400000_seed1.npz,bidisperse,1,0.005,0.6666666666666666,1.5,0.606372947064642
88000.0,0.9178927684236239,119,0.74075,,0.48755650045199117,0.409397365418525,5.992710203540835e-08,bidisperse_a0.005_sr0.667_x1.5_N4000_L24_T400000_seed1.npz,bidisperse,1,0.005,0.6666666666666666,1.5,0.606372947064642
90000.0,0.9167007464090395,128,0.56125,,0.5179824927459742,0.41245739076541676,5.431853215468986e-08,bidisperse_a0.005_sr0.667_x1.5_N4000_L24_T400000_seed1.npz,bidisperse,1,0.005,0.6666666666666666,1.5,0.606372947064642
92000.0,0.9154448273779162,135,0.559,,0.5596801187639913,0.41392470345538934,5.5253544909295566e-08,bidisperse_a0.005_sr0.667_x1.5_N4000_L24_T400000_seed1.npz,bidisperse,1,0.005,0.6666666666666666,1.5,0.606372947064642
94000.0,0.9139963500129887,124,0.56975,,0.5452384688581141,0.38868707836014527,5.278907132698383e-08,bidisperse_a0.005_sr0.667_x1.5_N4000_L24_T400000_seed1.npz,bidisperse,1,0.005,0.6666666666666666,1.5,0.606372947064642
96000.0,0.9138677805017429,120,0.58025,,0.5544332119760751,0.3863073110285006,5.491782843526818e-08,bidisperse_a0.005_sr0.667_x1.5_N4000_L24_T400000_seed1.npz,bidisperse,1,0.005,0.6666666666666666,1.5,0.606372947064642
98000.0,0.9165396802092202,122,0.56525,,0.5705211873016391,0.38274567076987276,5.708204946084296e-08,bidisperse_a0.005_sr0.667_x1.5_N4000_L24_T400000_seed1.npz,bidisperse,1,0.005,0.6666666666666666,1.5,0.606372947064642
100000.0,0.9167871379924672,132,0.563,0.5344002482115786,0.5554629898011973,0.38686284813452443,5.311914171478349e-08,bidisperse_a0.005_sr0.667_x1.5_N4000_L24_T400000_seed1.npz,bidisperse,1,0.005,0.6666666666666666,1.5,0.606372947064642
102000.0,0.91493664409794,138,0.57575,,0.5564294142566695,0.391376796500729,5.3710187490277764e-08,bidisperse_a0.005_sr0.667_x1.5_N4000_L24_T400000_seed1.npz,bidisperse,1,0.005,0.6666666666666666,1.5,0.606372947064642
104000.0,0.9160912661348148,127,0.5925,,0.5206075416246293,0.3954427757638529,5.4097548073811484e-08,bidisperse_a0.005_sr0.667_x1.5_N4000_L24_T400000_seed1.npz,bidisperse,1,0.005,0.6666666666666666,1.5,0.606372947064642
106000.0,0.9160079525842588,123,0.7465,,0.5052582757541769,0.3914889211016773,5.022213125798519e-08,bidisperse_a0.005_sr0.667_x1.5_N4000_L24_T400000_seed1.npz,bidisperse,1,0.005,0.6666666666666666,1.5,0.606372947064642
108000.0,0.9136835321169279,126,0.7395,,0.503945290035256,0.38222222222222224,5.2710132687077885e-08,bidisperse_a0.005_sr0.667_x1.5_N4000_L24_T400000_seed1.npz,bidisperse,1,0.005,0.6666666666666666,1.5,0.606372947064642
110000.0,0.9128805150978903,132,0.75025,,0.5116613669868993,0.3996303521922169,4.759423091700647e-08,bidisperse_a0.005_sr0.667_x1.5_N4000_L24_T400000_seed1.npz,bidisperse,1,0.005,0.6666666666666666,1.5,0.606372947064642
112000.0,0.9127698561791294,119,0.7855,,0.5567996908957596,0.3869357187434991,4.9294383735763666e-08,bidisperse_a0.005_sr0.667_x1.5_N4000_L24_T400000_seed1.npz,bidisperse,1,0.005,0.6666666666666666,1.5,0.606372947064642
114000.0,0.9134081445996397,119,0.779,,0.49705272529750527,0.39238804426517737,5.085917573956746e-08,bidisperse_a0.005_sr0.667_x1.5_N4000_L24_T400000_seed1.npz,bidisperse,1,0.005,0.6666666666666666,1.5,0.606372947064642
116000.0,0.9127833390096399,119,0.779,,0.5567113385171079,0.41032442358702303,5.057381503645549e-08,bidisperse_a0.005_sr0.667_x1.5_N4000_L24_T400000_seed1.npz,bidisperse,1,0.005,0.6666666666666666,1.5,0.606372947064642
118000.0,0.9128983656633032,127,0.769,,0.522405195959288,0.40363487010986754,5.243601804595233e-08,bidisperse_a0.005_sr0.667_x1.5_N4000_L24_T400000_seed1.npz,bidisperse,1,0.005,0.6666666666666666,1.5,0.606372947064642
120000.0,0.9131959540874882,130,0.78175,,0.5620723069409708,0.39226862887345837,5.18645439120821e-08,bidisperse_a0.005_sr0.667_x1.5_N4000_L24_T400000_seed1.npz,bidisperse,1,0.005,0.6666666666666666,1.5,0.606372947064642
122000.0,0.9102182242938743,130,0.7755,,0.5137721116364873,0.40394088669950734,5.542492541949817e-08,bidisperse_a0.005_sr0.667_x1.5_N4000_L24_T400000_seed1.npz,bidisperse,1,0.005,0.6666666666666666,1.5,0.606372947064642
124000.0,0.9106624362781823,137,0.76775,,0.5366155074578952,0.39462532299741604,5.4081526493068475e-08,bidisperse_a0.005_sr0.667_x1.5_N4000_L24_T400000_seed1.npz,bidisperse,1,0.005,0.6666666666666666,1.5,0.606372947064642
126000.0,0.9107495941853132,141,0.781,,0.5428065599070191,0.3700157811678064,5.553672780120986e-08,bidisperse_a0.005_sr0.667_x1.5_N4000_L24_T400000_seed1.npz,bidisperse,1,0.005,0.6666666666666666,1.5,0.606372947064642
128000.0,0.9124772148498206,130,0.79175,,0.5256116315501395,0.38539068994181214,5.647008105700649e-08,bidisperse_a0.005_sr0.667_x1.5_N4000_L24_T400000_seed1.npz,bidisperse,1,0.005,0.6666666666666666,1.5,0.606372947064642
130000.0,0.9102479740004319,125,0.794,,0.5248095112233984,0.3997134670487106,5.0645823334573914e-08,bidisperse_a0.005_sr0.667_x1.5_N4000_L24_T400000_seed1.npz,bidisperse,1,0.005,0.6666666666666666,1.5,0.606372947064642
132000.0,0.9090884817525744,139,0.784,,0.5132854263291469,0.3767920216081446,5.3501566887575913e-08,bidisperse_a0.005_sr0.667_x1.5_N4000_L24_T400000_seed1.npz,bidisperse,1,0.005,0.6666666666666666,1.5,0.606372947064642
134000.0,0.9118392937723243,134,0.789,,0.4914566273557384,0.3877551020408163,4.928371043146899e-08,bidisperse_a0.005_sr0.667_x1.5_N4000_L24_T400000_seed1.npz,bidisperse,1,0.005,0.6666666666666666,1.5,0.606372947064642
136000.0,0.9103570996674826,133,0.7915,,0.568459919451502,0.3766111285759195,5.0004290989567385e-08,bidisperse_a0.005_sr0.667_x1.5_N4000_L24_T400000_seed1.npz,bidisperse,1,0.005,0.6666666666666666,1.5,0.606372947064642
138000.0,0.9099299784335086,126,0.78925,,0.55623814172553,0.3729920198984351,4.9276600151762374e-08,bidisperse_a0.005_sr0.667_x1.5_N4000_L24_T400000_seed1.npz,bidisperse,1,0.005,0.6666666666666666,1.5,0.606372947064642
140000.0,0.9101107230887229,130,0.7915,,0.4988345946432278,0.3657119136571192,5.037793602148555e-08,bidisperse_a0.005_sr0.667_x1.5_N4000_L24_T400000_seed1.npz,bidisperse,1,0.005,0.6666666666666666,1.5,0.606372947064642
142000.0,0.9085242194407593,116,0.79,,0.5167048508799162,0.37948135137927475,5.194428381937985e-08,bidisperse_a0.005_sr0.667_x1.5_N4000_L24_T400000_seed1.npz,bidisperse,1,0.005,0.6666666666666666,1.5,0.606372947064642
144000.0,0.911555075645973,133,0.76525,,0.4860047156745466,0.3855060477618112,5.266021623007882e-08,bidisperse_a0.005_sr0.667_x1.5_N4000_L24_T400000_seed1.npz,bidisperse,1,0.005,0.6666666666666666,1.5,0.606372947064642
146000.0,0.9112361101983982,141,0.7765,,0.5868055571493219,0.37362065375806786,5.134135805224972e-08,bidisperse_a0.005_sr0.667_x1.5_N4000_L24_T400000_seed1.npz,bidisperse,1,0.005,0.6666666666666666,1.5,0.606372947064642
148000.0,0.9123458411519516,143,0.77575,,0.5598174482504863,0.36778369349618956,5.208848313957361e-08,bidisperse_a0.005_sr0.667_x1.5_N4000_L24_T400000_seed1.npz,bidisperse,1,0.005,0.6666666666666666,1.5,0.606372947064642
150000.0,0.9083794695435957,124,0.78125,,0.5498245072186623,0.38135328967882753,5.991500622871216e-08,bidisperse_a0.005_sr0.667_x1.5_N4000_L24_T400000_seed1.npz,bidisperse,1,0.005,0.6666666666666666,1.5,0.606372947064642
152000.0,0.9095701037737586,129,0.78325,,0.5276043994781701,0.37434936498022064,5.2190986715767626e-08,bidisperse_a0.005_sr0.667_x1.5_N4000_L24_T400000_seed1.npz,bidisperse,1,0.005,0.6666666666666666,1.5,0.606372947064642
154000.0,0.9082013731354011,141,0.74575,,0.5046389716436639,0.36755905511811027,5.947046982865802e-08,bidisperse_a0.005_sr0.667_x1.5_N4000_L24_T400000_seed1.npz,bidisperse,1,0.005,0.6666666666666666,1.5,0.606372947064642
156000.0,0.9111684084907372,145,0.77175,,0.49148479703150716,0.38583333333333336,5.445715715168711e-08,bidisperse_a0.005_sr0.667_x1.5_N4000_L24_T400000_seed1.npz,bidisperse,1,0.005,0.6666666666666666,1.5,0.606372947064642
158000.0,0.9126733759990074,140,0.72225,,0.5479283522511981,0.3845273993969013,6.123090314728231e-08,bidisperse_a0.005_sr0.667_x1.5_N4000_L24_T400000_seed1.npz,bidisperse,1,0.005,0.6666666666666666,1.5,0.606372947064642
160000.0,0.9136770110049275,140,0.7515,,0.5534094878564422,0.40096321344400043,5.892521176768787e-08,bidisperse_a0.005_sr0.667_x1.5_N4000_L24_T400000_seed1.npz,bidisperse,1,0.005,0.6666666666666666,1.5,0.606372947064642
162000.0,0.9117732537220701,136,0.7155,,0.5226947088080114,0.39032492473788016,5.652683941468318e-08,bidisperse_a0.005_sr0.667_x1.5_N4000_L24_T400000_seed1.npz,bidisperse,1,0.005,0.6666666666666666,1.5,0.606372947064642
164000.0,0.909382684335489,125,0.796,,0.5735444498998661,0.39369585638242355,5.513922693598124e-08,bidisperse_a0.005_sr0.667_x1.5_N4000_L24_T400000_seed1.npz,bidisperse,1,0.005,0.6666666666666666,1.5,0.606372947064642
166000.0,0.9094690674527803,131,0.79575,,0.4832088898134288,0.3872712146422629,5.6295764586715656e-08,bidisperse_a0.005_sr0.667_x1.5_N4000_L24_T400000_seed1.npz,bidisperse,1,0.005,0.6666666666666666,1.5,0.606372947064642
168000.0,0.9107745368127629,121,0.76075,,0.49478948901543796,0.38177110305541173,5.3380592004346545e-08,bidisperse_a0.005_sr0.667_x1.5_N4000_L24_T400000_seed1.npz,bidisperse,1,0.005,0.6666666666666666,1.5,0.606372947064642
170000.0,0.9102989112625589,123,0.79575,,0.4615414641659385,0.3933921608865175,5.7895442873823956e-08,bidisperse_a0.005_sr0.667_x1.5_N4000_L24_T400000_seed1.npz,bidisperse,1,0.005,0.6666666666666666,1.5,0.606372947064642
172000.0,0.9099892547277613,136,0.7915,,0.4949544669939549,0.38309538588868197,5.581092055852657e-08,bidisperse_a0.005_sr0.667_x1.5_N4000_L24_T400000_seed1.npz,bidisperse,1,0.005,0.6666666666666666,1.5,0.606372947064642
174000.0,0.9083793530437445,136,0.80025,,0.5362665964798629,0.38695070495008743,5.407046375251112e-08,bidisperse_a0.005_sr0.667_x1.5_N4000_L24_T400000_seed1.npz,bidisperse,1,0.005,0.6666666666666666,1.5,0.606372947064642
176000.0,0.908042015784387,155,0.80675,,0.4725927232052539,0.3722135821669259,5.169486015933892e-08,bidisperse_a0.005_sr0.667_x1.5_N4000_L24_T400000_seed1.npz,bidisperse,1,0.005,0.6666666666666666,1.5,0.606372947064642
178000.0,0.9052375839896725,126,0.8035,,0.4825047431846191,0.368179925031237,4.856134226833527e-08,bidisperse_a0.005_sr0.667_x1.5_N4000_L24_T400000_seed1.npz,bidisperse,1,0.005,0.6666666666666666,1.5,0.606372947064642
180000.0,0.9075098439883023,140,0.79375,,0.4846679025863235,0.38048427152317876,4.7302298428051764e-08,bidisperse_a0.005_sr0.667_x1.5_N4000_L24_T400000_seed1.npz,bidisperse,1,0.005,0.6666666666666666,1.5,0.606372947064642
182000.0,0.9059464194223056,133,0.79475,,0.47185167737206496,0.37946013031337267,6.06091012021737e-08,bidisperse_a0.005_sr0.667_x1.5_N4000_L24_T400000_seed1.npz,bidisperse,1,0.005,0.6666666666666666,1.5,0.606372947064642
184000.0,0.9081280821934191,134,0.782,,0.5060132948772621,0.3817901234567901,5.457960403760471e-08,bidisperse_a0.005_sr0.667_x1.5_N4000_L24_T400000_seed1.npz,bidisperse,1,0.005,0.6666666666666666,1.5,0.606372947064642
186000.0,0.9074088506747078,124,0.7935,,0.49294861117596844,0.3951299365664006,4.9272658554704543e-08,bidisperse_a0.005_sr0.667_x1.5_N4000_L24_T400000_seed1.npz,bidisperse,1,0.005,0.6666666666666666,1.5,0.606372947064642
188000.0,0.9088830224601209,129,0.79275,,0.5382240087829144,0.38296334537945276,4.9219610279112756e-08,bidisperse_a0.005_sr0.667_x1.5_N4000_L24_T400000_seed1.npz,bidisperse,1,0.005,0.6666666666666666,1.5,0.606372947064642
190000.0,0.906529712073241,139,0.7945,,0.5208901920535342,0.38798767967145786,4.891756387315594e-08,bidisperse_a0.005_sr0.667_x1.5_N4000_L24_T400000_seed1.npz,bidisperse,1,0.005,0.6666666666666666,1.5,0.606372947064642
192000.0,0.9078734034515846,120,0.8125,,0.5025237365991523,0.38561417971970324,4.8899661697640286e-08,bidisperse_a0.005_sr0.667_x1.5_N4000_L24_T400000_seed1.npz,bidisperse,1,0.005,0.6666666666666666,1.5,0.606372947064642
194000.0,0.9095107561462232,118,0.8065,,0.5295973461454532,0.37456049638055844,4.8955403400402066e-08,bidisperse_a0.005_sr0.667_x1.5_N4000_L24_T400000_seed1.npz,bidisperse,1,0.005,0.6666666666666666,1.5,0.606372947064642
196000.0,0.9091189082370391,135,0.8055,,0.4847170222470699,0.3898894801473598,4.5995685141724394e-08,bidisperse_a0.005_sr0.667_x1.5_N4000_L24_T400000_seed1.npz,bidisperse,1,0.005,0.6666666666666666,1.5,0.606372947064642
198000.0,0.9058874625494018,128,0.80475,,0.4581659145402655,0.3750129600829445,4.856183137420521e-08,bidisperse_a0.005_sr0.667_x1.5_N4000_L24_T400000_seed1.npz,bidisperse,1,0.005,0.6666666666666666,1.5,0.606372947064642
200000.0,0.9055739022507702,141,0.80125,0.522462707923156,0.5015977209208935,0.3638546669450825,4.866244930838142e-08,bidisperse_a0.005_sr0.667_x1.5_N4000_L24_T400000_seed1.npz,bidisperse,1,0.005,0.6666666666666666,1.5,0.606372947064642
202000.0,0.9072520530638029,144,0.79025,,0.5052632190243812,0.3769984528107272,5.015522965007645e-08,bidisperse_a0.005_sr0.667_x1.5_N4000_L24_T400000_seed1.npz,bidisperse,1,0.005,0.6666666666666666,1.5,0.606372947064642
204000.0,0.9061986867651458,123,0.79025,,0.47412190338339133,0.3784391940267976,4.957672213400518e-08,bidisperse_a0.005_sr0.667_x1.5_N4000_L24_T400000_seed1.npz,bidisperse,1,0.005,0.6666666666666666,1.5,0.606372947064642
206000.0,0.9065250233978684,133,0.7755,,0.46638149057226724,0.37944058799510005,5.689237891475324e-08,bidisperse_a0.005_sr0.667_x1.5_N4000_L24_T400000_seed1.npz,bidisperse,1,0.005,0.6666666666666666,1.5,0.606372947064642
208000.0,0.9069406126296318,128,0.77325,,0.46317574976848164,0.3679400287533374,5.14788029166341e-08,bidisperse_a0.005_sr0.667_x1.5_N4000_L24_T400000_seed1.npz,bidisperse,1,0.005,0.6666666666666666,1.5,0.606372947064642
210000.0,0.9061193437651099,124,0.776,,0.4716492737674929,0.37383273473576195,5.2195558914337415e-08,bidisperse_a0.005_sr0.667_x1.5_N4000_L24_T400000_seed1.npz,bidisperse,1,0.005,0.6666666666666666,1.5,0.606372947064642
212000.0,0.9080452346937251,122,0.77525,,0.5044604417860892,0.3896368829049368,5.601134614476764e-08,bidisperse_a0.005_sr0.667_x1.5_N4000_L24_T400000_seed1.npz,bidisperse,1,0.005,0.6666666666666666,1.5,0.606372947064642
214000.0,0.9054312516438178,135,0.76675,,0.5208416280788858,0.3909296121485738,5.566070394989959e-08,bidisperse_a0.005_sr0.667_x1.5_N4000_L24_T400000_seed1.npz,bidisperse,1,0.005,0.6666666666666666,1.5,0.606372947064642
216000.0,0.9086486427907631,115,0.78425,,0.5063777822524856,0.39760270464091796,5.757393055898158e-08,bidisperse_a0.005_sr0.667_x1.5_N4000_L24_T400000_seed1.npz,bidisperse,1,0.005,0.6666666666666666,1.5,0.606372947064642
218000.0,0.9081966104707911,131,0.76175,,0.4804655684467861,0.38662582950484936,5.369419599066348e-08,bidisperse_a0.005_sr0.667_x1.5_N4000_L24_T400000_seed1.npz,bidisperse,1,0.005,0.6666666666666666,1.5,0.606372947064642
220000.0,0.9058218939466194,133,0.77425,,0.4937975767246871,0.3753969066885179,5.041038188136055e-08,bidisperse_a0.005_sr0.667_x1.5_N4000_L24_T400000_seed1.npz,bidisperse,1,0.005,0.6666666666666666,1.5,0.606372947064642
222000.0,0.9033386491690136,131,0.7565,,0.492195106191309,0.35320340037321174,5.287893062022085e-08,bidisperse_a0.005_sr0.667_x1.5_N4000_L24_T400000_seed1.npz,bidisperse,1,0.005,0.6666666666666666,1.5,0.606372947064642
224000.0,0.9023419299454275,121,0.766,,0.4736515325514932,0.35765821480107196,5.038915395240494e-08,bidisperse_a0.005_sr0.667_x1.5_N4000_L24_T400000_seed1.npz,bidisperse,1,0.005,0.6666666666666666,1.5,0.606372947064642
226000.0,0.9035128355629526,125,0.75475,,0.5318527863761123,0.3457895284688248,5.236227921497215e-08,bidisperse_a0.005_sr0.667_x1.5_N4000_L24_T400000_seed1.npz,bidisperse,1,0.005,0.6666666666666666,1.5,0.606372947064642
228000.0,0.9048206238814405,135,0.75125,,0.519086872399657,0.34952668261728914,5.27625718100422e-08,bidisperse_a0.005_sr0.667_x1.5_N4000_L24_T400000_seed1.npz,bidisperse,1,0.005,0.6666666666666666,1.5,0.606372947064642
230000.0,0.9025663379500867,136,0.7575,,0.577257388314962,0.345475300954753,5.409290698478476e-08,bidisperse_a0.005_sr0.667_x1.5_N4000_L24_T400000_seed1.npz,bidisperse,1,0.005,0.6666666666666666,1.5,0.606372947064642
232000.0,0.9030233549150863,124,0.7565,,0.5066061623441287,0.3429871741828713,4.2023960813349226e-08,bidisperse_a0.005_sr0.667_x1.5_N4000_L24_T400000_seed1.npz,bidisperse,1,0.005,0.6666666666666666,1.5,0.606372947064642
234000.0,0.9021219765978796,137,0.765,,0.4288879249294437,0.3427356631753604,4.575826564928175e-08,bidisperse_a0.005_sr0.667_x1.5_N4000_L24_T400000_seed1.npz,bidisperse,1,0.005,0.6666666666666666,1.5,0.606372947064642
236000.0,0.9030368511318259,109,0.7835,,0.4519831957949511,0.3562024274840567,4.9977592140263106e-08,bidisperse_a0.005_sr0.667_x1.5_N4000_L24_T400000_seed1.npz,bidisperse,1,0.005,0.6666666666666666,1.5,0.606372947064642
238000.0,0.9038768737714962,142,0.75525,,0.4720943948006026,0.3493639466335712,4.8874069728253666e-08,bidisperse_a0.005_sr0.667_x1.5_N4000_L24_T400000_seed1.npz,bidisperse,1,0.005,0.6666666666666666,1.5,0.606372947064642
240000.0,0.9021616158384446,117,0.7825,,0.47109540858406374,0.35970257151709184,5.140167500628552e-08,bidisperse_a0.005_sr0.667_x1.5_N4000_L24_T400000_seed1.npz,bidisperse,1,0.005,0.6666666666666666,1.5,0.606372947064642
242000.0,0.9021242676506473,127,0.7705,,0.4974096173703767,0.35531739488870573,5.163435278572102e-08,bidisperse_a0.005_sr0.667_x1.5_N4000_L24_T400000_seed1.npz,bidisperse,1,0.005,0.6666666666666666,1.5,0.606372947064642
244000.0,0.9029142395805434,123,0.75525,,0.45194393525107535,0.342295014421096,5.471510961094655e-08,bidisperse_a0.005_sr0.667_x1.5_N4000_L24_T400000_seed1.npz,bidisperse,1,0.005,0.6666666666666666,1.5,0.606372947064642
246000.0,0.9014850142169629,134,0.76125,,0.4948484468502666,0.33558021362646484,5.628677196495991e-08,bidisperse_a0.005_sr0.667_x1.5_N4000_L24_T400000_seed1.npz,bidisperse,1,0.005,0.6666666666666666,1.5,0.606372947064642
248000.0,0.9033330228000782,121,0.77575,,0.4683940762144645,0.3282570147074163,5.8000700049072193e-08,bidisperse_a0.005_sr0.667_x1.5_N4000_L24_T400000_seed1.npz,bidisperse,1,0.005,0.6666666666666666,1.5,0.606372947064642
250000.0,0.9056325949718858,122,0.77475,,0.4568992514393162,0.34659965124628167,5.256728155729889e-08,bidisperse_a0.005_sr0.667_x1.5_N4000_L24_T400000_seed1.npz,bidisperse,1,0.005,0.6666666666666666,1.5,0.606372947064642
252000.0,0.9010652822664382,142,0.763,,0.5119797032153592,0.3421134180353269,5.0400516216884567e-08,bidisperse_a0.005_sr0.667_x1.5_N4000_L24_T400000_seed1.npz,bidisperse,1,0.005,0.6666666666666666,1.5,0.606372947064642
254000.0,0.9003729868470361,118,0.7675,,0.4829750024389891,0.34217341759038644,4.8697611917889704e-08,bidisperse_a0.005_sr0.667_x1.5_N4000_L24_T400000_seed1.npz,bidisperse,1,0.005,0.6666666666666666,1.5,0.606372947064642
256000.0,0.9003342882543404,134,0.76875,,0.49938409437839004,0.3399295482801492,4.8978073915842625e-08,bidisperse_a0.005_sr0.667_x1.5_N4000_L24_T400000_seed1.npz,bidisperse,1,0.005,0.6666666666666666,1.5,0.606372947064642
258000.0,0.9006965954087583,139,0.77125,,0.47018064516826463,0.33928386092371565,4.811557441775824e-08,bidisperse_a0.005_sr0.667_x1.5_N4000_L24_T400000_seed1.npz,bidisperse,1,0.005,0.6666666666666666,1.5,0.606372947064642
260000.0,0.9038160272668497,110,0.76625,,0.4480732004579455,0.35199835610808594,4.798161197363086e-08,bidisperse_a0.005_sr0.667_x1.5_N4000_L24_T400000_seed1.npz,bidisperse,1,0.005,0.6666666666666666,1.5,0.606372947064642
262000.0,0.9036186739020892,125,0.76875,,0.5163008629812439,0.35123203285420945,4.85498270728784e-08,bidisperse_a0.005_sr0.667_x1.5_N4000_L24_T400000_seed1.npz,bidisperse,1,0.005,0.6666666666666666,1.5,0.606372947064642
264000.0,0.9008467477703599,127,0.7725,,0.4852159914398941,0.34161747954851407,5.677315203534526e-08,bidisperse_a0.005_sr0.667_x1.5_N4000_L24_T400000_seed1.npz,bidisperse,1,0.005,0.6666666666666666,1.5,0.606372947064642
266000.0,0.8985457128863565,145,0.76725,,0.4930032057911603,0.33714880332986474,4.900969142040859e-08,bidisperse_a0.005_sr0.667_x1.5_N4000_L24_T400000_seed1.npz,bidisperse,1,0.005,0.6666666666666666,1.5,0.606372947064642
268000.0,0.9029800544330676,125,0.777,,0.5115949943362457,0.3435138213065535,6.047384461837948e-08,bidisperse_a0.005_sr0.667_x1.5_N4000_L24_T400000_seed1.npz,bidisperse,1,0.005,0.6666666666666666,1.5,0.606372947064642
270000.0,0.9008957530236577,130,0.7675,,0.4780954863502926,0.34872380161859307,6.371846518621699e-08,bidisperse_a0.005_sr0.667_x1.5_N4000_L24_T400000_seed1.npz,bidisperse,1,0.005,0.6666666666666666,1.5,0.606372947064642
272000.0,0.9007826464513906,150,0.75525,,0.4698372363784434,0.34485648439136807,5.843400049269222e-08,bidisperse_a0.005_sr0.667_x1.5_N4000_L24_T400000_seed1.npz,bidisperse,1,0.005,0.6666666666666666,1.5,0.606372947064642
274000.0,0.9006987196303347,140,0.7635,,0.5223078346064626,0.34678093645484953,5.25235898750564e-08,bidisperse_a0.005_sr0.667_x1.5_N4000_L24_T400000_seed1.npz,bidisperse,1,0.005,0.6666666666666666,1.5,0.606372947064642
276000.0,0.8999876367845118,132,0.7575,,0.47947092269016794,0.3404233025984912,6.036889190213734e-08,bidisperse_a0.005_sr0.667_x1.5_N4000_L24_T400000_seed1.npz,bidisperse,1,0.005,0.6666666666666666,1.5,0.606372947064642
278000.0,0.8995464663170959,141,0.7685,,0.5101307623157806,0.3308104698833175,5.8051454000304516e-08,bidisperse_a0.005_sr0.667_x1.5_N4000_L24_T400000_seed1.npz,bidisperse,1,0.005,0.6666666666666666,1.5,0.606372947064642
280000.0,0.8995250441778343,156,0.7715,,0.4617969541276977,0.3391068447412354,5.4954628464496495e-08,bidisperse_a0.005_sr0.667_x1.5_N4000_L24_T400000_seed1.npz,bidisperse,1,0.005,0.6666666666666666,1.5,0.606372947064642
282000.0,0.8985379886952114,138,0.77025,,0.46131535406757823,0.3396107972379159,5.841420154017341e-08,bidisperse_a0.005_sr0.667_x1.5_N4000_L24_T400000_seed1.npz,bidisperse,1,0.005,0.6666666666666666,1.5,0.606372947064642
284000.0,0.8987123361982642,132,0.7775,,0.49033955407517227,0.3384101815147089,6.135595998555824e-08,bidisperse_a0.005_sr0.667_x1.5_N4000_L24_T400000_seed1.npz,bidisperse,1,0.005,0.6666666666666666,1.5,0.606372947064642
286000.0,0.9008544086460453,157,0.77175,,0.5464119730605456,0.3360416666666667,5.275733859643373e-08,bidisperse_a0.005_sr0.667_x1.5_N4000_L24_T400000_seed1.npz,bidisperse,1,0.005,0.6666666666666666,1.5,0.606372947064642
288000.0,0.9015144290864431,143,0.762,,0.47871145721928443,0.3316986644407346,6.043706668955903e-08,bidisperse_a0.005_sr0.667_x1.5_N4000_L24_T400000_seed1.npz,bidisperse,1,0.005,0.6666666666666666,1.5,0.606372947064642
290000.0,0.9016068298156532,144,0.76275,,0.5091852756990318,0.3395696913002806,6.127616378122613e-08,bidisperse_a0.005_sr0.667_x1.5_N4000_L24_T400000_seed1.npz,bidisperse,1,0.005,0.6666666666666666,1.5,0.606372947064642
292000.0,0.90107854414192,149,0.76725,,0.4774653986600898,0.33022817667992466,5.7949145707478255e-08,bidisperse_a0.005_sr0.667_x1.5_N4000_L24_T400000_seed1.npz,bidisperse,1,0.005,0.6666666666666666,1.5,0.606372947064642
294000.0,0.8999142951195815,145,0.78,,0.4987927978320462,0.3260227752003374,5.290637119712153e-08,bidisperse_a0.005_sr0.667_x1.5_N4000_L24_T400000_seed1.npz,bidisperse,1,0.005,0.6666666666666666,1.5,0.606372947064642
296000.0,0.900963951925707,143,0.8005,,0.5123777425343528,0.3344244984160507,5.198027092250712e-08,bidisperse_a0.005_sr0.667_x1.5_N4000_L24_T400000_seed1.npz,bidisperse,1,0.005,0.6666666666666666,1.5,0.606372947064642
298000.0,0.899909520600934,137,0.7955,,0.5382739604194652,0.3286121974421309,5.327838513058206e-08,bidisperse_a0.005_sr0.667_x1.5_N4000_L24_T400000_seed1.npz,bidisperse,1,0.005,0.6666666666666666,1.5,0.606372947064642
300000.0,0.8963066827541346,136,0.80225,0.5149776607814524,0.4398745557607664,0.34449660928534165,5.97235472788221e-08,bidisperse_a0.005_sr0.667_x1.5_N4000_L24_T400000_seed1.npz,bidisperse,1,0.005,0.6666666666666666,1.5,0.606372947064642
302000.0,0.8994267506113889,141,0.8015,,0.3868288690342058,0.3394438079366733,5.9600612472049e-08,bidisperse_a0.005_sr0.667_x1.5_N4000_L24_T400000_seed1.npz,bidisperse,1,0.005,0.6666666666666666,1.5,0.606372947064642
304000.0,0.8977295612759851,132,0.78975,,0.4614748804330836,0.3286954702374726,5.857305144230188e-08,bidisperse_a0.005_sr0.667_x1.5_N4000_L24_T400000_seed1.npz,bidisperse,1,0.005,0.6666666666666666,1.5,0.606372947064642
306000.0,0.9002890398193473,129,0.80125,,0.5253042180318716,0.3417787509123136,6.103925939098956e-08,bidisperse_a0.005_sr0.667_x1.5_N4000_L24_T400000_seed1.npz,bidisperse,1,0.005,0.6666666666666666,1.5,0.606372947064642
308000.0,0.8968687298731409,139,0.78175,,0.4794654303102476,0.3411200333715716,5.621345353382841e-08,bidisperse_a0.005_sr0.667_x1.5_N4000_L24_T400000_seed1.npz,bidisperse,1,0.005,0.6666666666666666,1.5,0.606372947064642
310000.0,0.8998782145099962,144,0.78375,,0.4911603621037827,0.3316925010473397,5.405122200125914e-08,bidisperse_a0.005_sr0.667_x1.5_N4000_L24_T400000_seed1.npz,bidisperse,1,0.005,0.6666666666666666,1.5,0.606372947064642
312000.0,0.8997960947043637,149,0.7835,,0.42661916617725865,0.32757531072256163,5.7417901990886746e-08,bidisperse_a0.005_sr0.667_x1.5_N4000_L24_T400000_seed1.npz,bidisperse,1,0.005,0.6666666666666666,1.5,0.606372947064642
314000.0,0.9004483218934315,147,0.785,,0.48392304221032595,0.3414455817839983,5.6153924840151556e-08,bidisperse_a0.005_sr0.667_x1.5_N4000_L24_T400000_seed1.npz,bidisperse,1,0.005,0.6666666666666666,1.5,0.606372947064642
316000.0,0.8993142086375273,135,0.78775,,0.4651603498487211,0.3345856814861198,5.1701720946744665e-08,bidisperse_a0.005_sr0.667_x1.5_N4000_L24_T400000_seed1.npz,bidisperse,1,0.005,0.6666666666666666,1.5,0.606372947064642
318000.0,0.9022631027813346,132,0.80125,,0.4582202481769897,0.32892131318395,5.826454005175056e-08,bidisperse_a0.005_sr0.667_x1.5_N4000_L24_T400000_seed1.npz,bidisperse,1,0.005,0.6666666666666666,1.5,0.606372947064642
320000.0,0.9020203648703884,130,0.796,,0.47258691871996633,0.32826494480316604,5.984975487027614e-08,bidisperse_a0.005_sr0.667_x1.5_N4000_L24_T400000_seed1.npz,bidisperse,1,0.005,0.6666666666666666,1.5,0.606372947064642
322000.0,0.9015140092754791,150,0.78775,,0.5134444391601205,0.33232533889468197,6.382342300597275e-08,bidisperse_a0.005_sr0.667_x1.5_N4000_L24_T400000_seed1.npz,bidisperse,1,0.005,0.6666666666666666,1.5,0.606372947064642
324000.0,0.8994717719223795,137,0.74525,,0.5134401196055445,0.32995824634655535,5.439172406939531e-08,bidisperse_a0.005_sr0.667_x1.5_N4000_L24_T400000_seed1.npz,bidisperse,1,0.005,0.6666666666666666,1.5,0.606372947064642
326000.0,0.9015537616467337,136,0.74375,,0.4919878870225366,0.3276457657280435,6.099456021876772e-08,bidisperse_a0.005_sr0.667_x1.5_N4000_L24_T400000_seed1.npz,bidisperse,1,0.005,0.6666666666666666,1.5,0.606372947064642
328000.0,0.9009529893098848,144,0.74875,,0.4801825104466491,0.34751404202205116,5.4982708666647087e-08,bidisperse_a0.005_sr0.667_x1.5_N4000_L24_T400000_seed1.npz,bidisperse,1,0.005,0.6666666666666666,1.5,0.606372947064642
330000.0,0.8998990892993689,144,0.751,,0.5053352187645724,0.34281249999999996,5.454975758578718e-08,bidisperse_a0.005_sr0.667_x1.5_N4000_L24_T400000_seed1.npz,bidisperse,1,0.005,0.6666666666666666,1.5,0.606372947064642
332000.0,0.9021311253854845,150,0.7455,,0.4973731868858751,0.3420778679991672,5.560133991167102e-08,bidisperse_a0.005_sr0.667_x1.5_N4000_L24_T400000_seed1.npz,bidisperse,1,0.005,0.6666666666666666,1.5,0.606372947064642
334000.0,0.8974067782363921,145,0.7375,,0.4656950035674439,0.3244580088402441,5.76165174118301e-08,bidisperse_a0.005_sr0.667_x1.5_N4000_L24_T400000_seed1.npz,bidisperse,1,0.005,0.6666666666666666,1.5,0.606372947064642
336000.0,0.9014290419753777,133,0.74825,,0.4818924353418442,0.3288562434417629,6.037926128939924e-08,bidisperse_a0.005_sr0.667_x1.5_N4000_L24_T400000_seed1.npz,bidisperse,1,0.005,0.6666666666666666,1.5,0.606372947064642
338000.0,0.9018176764687444,124,0.75825,,0.48431146999231106,0.3314160217527714,5.568460772294444e-08,bidisperse_a0.005_sr0.667_x1.5_N4000_L24_T400000_seed1.npz,bidisperse,1,0.005,0.6666666666666666,1.5,0.606372947064642
340000.0,0.9004505955305303,145,0.7565,,0.5134725583562225,0.3400062558648733,5.343553286241324e-08,bidisperse_a0.005_sr0.667_x1.5_N4000_L24_T400000_seed1.npz,bidisperse,1,0.005,0.6666666666666666,1.5,0.606372947064642
342000.0,0.9015068357411989,139,0.762,,0.47606324659959925,0.3438178996378686,5.8312264024804345e-08,bidisperse_a0.005_sr0.667_x1.5_N4000_L24_T400000_seed1.npz,bidisperse,1,0.005,0.6666666666666666,1.5,0.606372947064642
344000.0,0.8981336312132494,144,0.80475,,0.5244938197278238,0.3263070019826777,5.431734437481772e-08,bidisperse_a0.005_sr0.667_x1.5_N4000_L24_T400000_seed1.npz,bidisperse,1,0.005,0.6666666666666666,1.5,0.606372947064642
346000.0,0.900191828410386,139,0.76225,,0.48987728588116713,0.34507847417108406,5.485413946644669e-08,bidisperse_a0.005_sr0.667_x1.5_N4000_L24_T400000_seed1.npz,bidisperse,1,0.005,0.6666666666666666,1.5,0.606372947064642
348000.0,0.9007957723997063,138,0.76975,,0.47697278737818305,0.3497613612782735,5.1582529320360214e-08,bidisperse_a0.005_sr0.667_x1.5_N4000_L24_T400000_seed1.npz,bidisperse,1,0.005,0.6666666666666666,1.5,0.606372947064642
350000.0,0.9002759482588777,140,0.80275,,0.45183108382586396,0.34617381372650813,5.66025055840851e-08,bidisperse_a0.005_sr0.667_x1.5_N4000_L24_T400000_seed1.npz,bidisperse,1,0.005,0.6666666666666666,1.5,0.606372947064642
352000.0,0.8995474428242899,139,0.79825,,0.5319059457749769,0.3449311380345863,5.454394941809121e-08,bidisperse_a0.005_sr0.667_x1.5_N4000_L24_T400000_seed1.npz,bidisperse,1,0.005,0.6666666666666666,1.5,0.606372947064642
354000.0,0.9019508416191672,123,0.80525,,0.5099993994745962,0.34376608668794395,5.770792606693726e-08,bidisperse_a0.005_sr0.667_x1.5_N4000_L24_T400000_seed1.npz,bidisperse,1,0.005,0.6666666666666666,1.5,0.606372947064642
356000.0,0.9006015232396214,134,0.7965,,0.5274954949468287,0.32305448484217103,5.4359844022234994e-08,bidisperse_a0.005_sr0.667_x1.5_N4000_L24_T400000_seed1.npz,bidisperse,1,0.005,0.6666666666666666,1.5,0.606372947064642
358000.0,0.9006056977152345,137,0.80875,,0.5166515220314284,0.31862847585197573,5.8886622985558206e-08,bidisperse_a0.005_sr0.667_x1.5_N4000_L24_T400000_seed1.npz,bidisperse,1,0.005,0.6666666666666666,1.5,0.606372947064642
360000.0,0.9000255700011573,122,0.8105,,0.4842420333905174,0.3384916950376561,5.379756840128737e-08,bidisperse_a0.005_sr0.667_x1.5_N4000_L24_T400000_seed1.npz,bidisperse,1,0.005,0.6666666666666666,1.5,0.606372947064642
362000.0,0.8979546563079381,136,0.8075,,0.45431929017186345,0.34959851760345895,4.8781360159672766e-08,bidisperse_a0.005_sr0.667_x1.5_N4000_L24_T400000_seed1.npz,bidisperse,1,0.005,0.6666666666666666,1.5,0.606372947064642
364000.0,0.8982185844035403,138,0.80475,,0.46150287253157984,0.33887733887733884,5.029714383411596e-08,bidisperse_a0.005_sr0.667_x1.5_N4000_L24_T400000_seed1.npz,bidisperse,1,0.005,0.6666666666666666,1.5,0.606372947064642
366000.0,0.8985667906874263,137,0.81175,,0.43853847074123997,0.33044205246107217,5.533000121005086e-08,bidisperse_a0.005_sr0.667_x1.5_N4000_L24_T400000_seed1.npz,bidisperse,1,0.005,0.6666666666666666,1.5,0.606372947064642
368000.0,0.8995227400638883,135,0.8075,,0.42544419909137976,0.33832241970689114,5.5821490943393776e-08,bidisperse_a0.005_sr0.667_x1.5_N4000_L24_T400000_seed1.npz,bidisperse,1,0.005,0.6666666666666666,1.5,0.606372947064642
370000.0,0.8994075768039453,135,0.80925,,0.45314877949222737,0.33437240232751453,5.105973087885821e-08,bidisperse_a0.005_sr0.667_x1.5_N4000_L24_T400000_seed1.npz,bidisperse,1,0.005,0.6666666666666666,1.5,0.606372947064642
372000.0,0.8988205825075488,152,0.79925,,0.4893228880543368,0.3323262839879154,5.2388487531344183e-08,bidisperse_a0.005_sr0.667_x1.5_N4000_L24_T400000_seed1.npz,bidisperse,1,0.005,0.6666666666666666,1.5,0.606372947064642
374000.0,0.9001314844199754,141,0.8005,,0.533658471833281,0.34103387547912567,5.4723928057267776e-08,bidisperse_a0.005_sr0.667_x1.5_N4000_L24_T400000_seed1.npz,bidisperse,1,0.005,0.6666666666666666,1.5,0.606372947064642
376000.0,0.8985449231080024,148,0.806,,0.47395490975785987,0.3301650302903697,5.078022477137451e-08,bidisperse_a0.005_sr0.667_x1.5_N4000_L24_T400000_seed1.npz,bidisperse,1,0.005,0.6666666666666666,1.5,0.606372947064642
378000.0,0.8980379486989564,158,0.8005,,0.4429137371149892,0.3374803972817564,5.727571689546677e-08,bidisperse_a0.005_sr0.667_x1.5_N4000_L24_T400000_seed1.npz,bidisperse,1,0.005,0.6666666666666666,1.5,0.606372947064642
380000.0,0.8986061215717327,158,0.78925,,0.5003643003913033,0.33284179481777965,6.290365676230696e-08,bidisperse_a0.005_sr0.667_x1.5_N4000_L24_T400000_seed1.npz,bidisperse,1,0.005,0.6666666666666666,1.5,0.606372947064642
382000.0,0.8984723661296261,148,0.79175,,0.4752368881080621,0.3341059951533031,5.937699379353044e-08,bidisperse_a0.005_sr0.667_x1.5_N4000_L24_T400000_seed1.npz,bidisperse,1,0.005,0.6666666666666666,1.5,0.606372947064642
384000.0,0.8975443468940875,146,0.7945,,0.48183396513337495,0.33752752437873546,5.8802363397589906e-08,bidisperse_a0.005_sr0.667_x1.5_N4000_L24_T400000_seed1.npz,bidisperse,1,0.005,0.6666666666666666,1.5,0.606372947064642
386000.0,0.8966105303994302,153,0.79625,,0.5378812932897398,0.33943131925569725,5.776435591876466e-08,bidisperse_a0.005_sr0.667_x1.5_N4000_L24_T400000_seed1.npz,bidisperse,1,0.005,0.6666666666666666,1.5,0.606372947064642
388000.0,0.8995388319179619,159,0.8,,0.44668098066020273,0.34291387959866215,6.114527868586546e-08,bidisperse_a0.005_sr0.667_x1.5_N4000_L24_T400000_seed1.npz,bidisperse,1,0.005,0.6666666666666666,1.5,0.606372947064642
390000.0,0.8981193620152139,141,0.78475,,0.4659792514961633,0.3366388859584344,6.18920166228542e-08,bidisperse_a0.005_sr0.667_x1.5_N4000_L24_T400000_seed1.npz,bidisperse,1,0.005,0.6666666666666666,1.5,0.606372947064642
392000.0,0.8993883243545313,139,0.7915,,0.4813039417149098,0.3518615079778913,5.901978166911552e-08,bidisperse_a0.005_sr0.667_x1.5_N4000_L24_T400000_seed1.npz,bidisperse,1,0.005,0.6666666666666666,1.5,0.606372947064642
394000.0,0.8996953707264723,139,0.794,,0.4863223360765361,0.3373430962343096,6.259238521320713e-08,bidisperse_a0.005_sr0.667_x1.5_N4000_L24_T400000_seed1.npz,bidisperse,1,0.005,0.6666666666666666,1.5,0.606372947064642
396000.0,0.8988060947545679,139,0.7725,,0.4583432399394971,0.354450098660297,6.249295675202312e-08,bidisperse_a0.005_sr0.667_x1.5_N4000_L24_T400000_seed1.npz,bidisperse,1,0.005,0.6666666666666666,1.5,0.606372947064642
398000.0,0.9006928521078718,153,0.7615,,0.4491386577779671,0.33544504276211595,5.453823722984715e-08,bidisperse_a0.005_sr0.667_x1.5_N4000_L24_T400000_seed1.npz,bidisperse,1,0.005,0.6666666666666666,1.5,0.606372947064642
400000.0,0.9017073671875,142,0.75425,0.5134021302083333,0.5004151751871996,0.3448347753570312,5.6670754100730454e-08,bidisperse_a0.005_sr0.667_x1.5_N4000_L24_T400000_seed1.npz,bidisperse,1,0.005,0.6666666666666666,1.5,0.606372947064642
0.0,0.9970263857931179,804,0.0055,0.8846268348087749,,,,bidisperse_a0.005_sr0.667_x1.5_N4000_L24_T400000_seed2.npz,bidisperse,2,0.005,0.6666666666666666,1.5,0.6350513260558821
2000.0,0.9721444790737255,135,0.08475,,0.07377548670423498,0.9065740002278683,4.1196149558406436e-08,bidisperse_a0.005_sr0.667_x1.5_N4000_L24_T400000_seed2.npz,bidisperse,2,0.005,0.6666666666666666,1.5,0.6350513260558821
4000.0,0.9634347396302783,125,0.09225,,0.4946856833070114,0.7205809211180743,4.002786758022526e-08,bidisperse_a0.005_sr0.667_x1.5_N4000_L24_T400000_seed2.npz,bidisperse,2,0.005,0.6666666666666666,1.5,0.6350513260558821
6000.0,0.9597841916813714,125,0.23175,,0.627558677492232,0.6481349730663686,3.978144546317495e-08,bidisperse_a0.005_sr0.667_x1.5_N4000_L24_T400000_seed2.npz,bidisperse,2,0.005,0.6666666666666666,1.5,0.6350513260558821
8000.0,0.9544134763390438,120,0.17475,,0.5890884636609045,0.6376494023904382,4.090512345980257e-08,bidisperse_a0.005_sr0.667_x1.5_N4000_L24_T400000_seed2.npz,bidisperse,2,0.005,0.6666666666666666,1.5,0.6350513260558821
10000.0,0.9494083956299055,124,0.18875,,0.5971073450322769,0.5887145443572721,4.450997057278892e-08,bidisperse_a0.005_sr0.667_x1.5_N4000_L24_T400000_seed2.npz,bidisperse,2,0.005,0.6666666666666666,1.5,0.6350513260558821
12000.0,0.947879898379854,135,0.16275,,0.5758147680839579,0.5951511462771353,4.835716905711446e-08,bidisperse_a0.005_sr0.667_x1.5_N4000_L24_T400000_seed2.npz,bidisperse,2,0.005,0.6666666666666666,1.5,0.6350513260558821
14000.0,0.947250102913373,145,0.2135,,0.5385026838500496,0.58833795298224,4.9457652544274963e-08,bidisperse_a0.005_sr0.667_x1.5_N4000_L24_T400000_seed2.npz,bidisperse,2,0.005,0.6666666666666666,1.5,0.6350513260558821
16000.0,0.939801008581697,121,0.28075,,0.601168879715604,0.5792154865002548,4.8882359874475676e-08,bidisperse_a0.005_sr0.667_x1.5_N4000_L24_T400000_seed2.npz,bidisperse,2,0.005,0.6666666666666666,1.5,0.6350513260558821
18000.0,0.9395066703538042,141,0.28475,,0.5745588945850948,0.5566114857960351,4.331705719467039e-08,bidisperse_a0.005_sr0.667_x1.5_N4000_L24_T400000_seed2.npz,bidisperse,2,0.005,0.6666666666666666,1.5,0.6350513260558821
20000.0,0.9353070939396796,136,0.35775,,0.5455076468711263,0.5303719008264463,4.829039588059747e-08,bidisperse_a0.005_sr0.667_x1.5_N4000_L24_T400000_seed2.npz,bidisperse,2,0.005,0.6666666666666666,1.5,0.6350513260558821
22000.0,0.9340114247694639,142,0.54575,,0.5744658492927399,0.5353288535939726,4.849532520896466e-08,bidisperse_a0.005_sr0.667_x1.5_N4000_L24_T400000_seed2.npz,bidisperse,2,0.005,0.6666666666666666,1.5,0.6350513260558821
24000.0,0.9333633936522497,126,0.37675,,0.5775642795766631,0.5141981613891726,5.020453324198054e-08,bidisperse_a0.005_sr0.667_x1.5_N4000_L24_T400000_seed2.npz,bidisperse,2,0.005,0.6666666666666666,1.5,0.6350513260558821
26000.0,0.9308614792855932,137,0.348,,0.5643676031505085,0.4932481187506442,4.9624190610886696e-08,bidisperse_a0.005_sr0.667_x1.5_N4000_L24_T400000_seed2.npz,bidisperse,2,0.005,0.6666666666666666,1.5,0.6350513260558821
28000.0,0.9302185540283722,139,0.33525,,0.631065642630191,0.48485470787555196,4.4046311875998535e-08,bidisperse_a0.005_sr0.667_x1.5_N4000_L24_T400000_seed2.npz,bidisperse,2,0.005,0.6666666666666666,1.5,0.6350513260558821
30000.0,0.9281533411615697,117,0.37825,,0.5247433982907824,0.4826073650923187,5.085085647677195e-08,bidisperse_a0.005_sr0.667_x1.5_N4000_L24_T400000_seed2.npz,bidisperse,2,0.005,0.6666666666666666,1.5,0.6350513260558821
32000.0,0.928374936545787,126,0.44475,,0.6184467437721098,0.4819618970409404,4.982621126453876e-08,bidisperse_a0.005_sr0.667_x1.5_N4000_L24_T400000_seed2.npz,bidisperse,2,0.005,0.6666666666666666,1.5,0.6350513260558821
34000.0,0.9263616105870872,119,0.3915,,0.5612780819532661,0.463019872976849,4.781970232447852e-08,bidisperse_a0.005_sr0.667_x1.5_N4000_L24_T400000_seed2.npz,bidisperse,2,0.005,0.6666666666666666,1.5,0.6350513260558821
36000.0,0.9249990461076051,123,0.38175,,0.5500045748500402,0.45389344262295084,4.9080067592116044e-08,bidisperse_a0.005_sr0.667_x1.5_N4000_L24_T400000_seed2.npz,bidisperse,2,0.005,0.6666666666666666,1.5,0.6350513260558821
38000.0,0.925009666955105,111,0.39575,,0.586341903629592,0.44568330605564643,4.787010364366911e-08,bidisperse_a0.005_sr0.667_x1.5_N4000_L24_T400000_seed2.npz,bidisperse,2,0.005,0.6666666666666666,1.5,0.6350513260558821
40000.0,0.9278402974060286,123,0.37425,,0.6311757085045655,0.444227207244289,5.024462306810675e-08,bidisperse_a0.005_sr0.667_x1.5_N4000_L24_T400000_seed2.npz,bidisperse,2,0.005,0.6666666666666666,1.5,0.6350513260558821
42000.0,0.9244793059722071,132,0.34425,,0.5797486064973605,0.4480902598074733,4.975945069204294e-08,bidisperse_a0.005_sr0.667_x1.5_N4000_L24_T400000_seed2.npz,bidisperse,2,0.005,0.6666666666666666,1.5,0.6350513260558821
44000.0,0.9269322189708101,124,0.3375,,0.5702508226482278,0.4638262838324586,4.793680785039776e-08,bidisperse_a0.005_sr0.667_x1.5_N4000_L24_T400000_seed2.npz,bidisperse,2,0.005,0.6666666666666666,1.5,0.6350513260558821
46000.0,0.9271714110000452,136,0.34725,,0.6068700015030846,0.4583462372251471,4.4907464571765764e-08,bidisperse_a0.005_sr0.667_x1.5_N4000_L24_T400000_seed2.npz,bidisperse,2,0.005,0.6666666666666666,1.5,0.6350513260558821
48000.0,0.9265290005580011,126,0.3445,,0.6205099663908424,0.4515400410677618,5.113730356815531e-08,bidisperse_a0.005_sr0.667_x1.5_N4000_L24_T400000_seed2.npz,bidisperse,2,0.005,0.6666666666666666,1.5,0.6350513260558821
50000.0,0.9271088950316199,126,0.34025,,0.6191455054021356,0.45320197044334976,4.6353288327749735e-08,bidisperse_a0.005_sr0.667_x1.5_N4000_L24_T400000_seed2.npz,bidisperse,2,0.005,0.6666666666666666,1.5,0.6350513260558821
52000.0,0.9298982419193698,117,0.3485,,0.5982951689995507,0.45695364238410596,5.0864678494024584e-08,bidisperse_a0.005_sr0.667_x1.5_N4000_L24_T400000_seed2.npz,bidisperse,2,0.005,0.6666666666666666,1.5,0.6350513260558821
54000.0,0.9270210678037407,130,0.5325,,0.636504648431142,0.4675697865353038,4.827624252421857e-08,bidisperse_a0.005_sr0.667_x1.5_N4000_L24_T400000_seed2.npz,bidisperse,2,0.005,0.6666666666666666,1.5,0.6350513260558821
56000.0,0.929320185952864,126,0.53975,,0.6144417262334928,0.4714622399836049,4.715073088059853e-08,bidisperse_a0.005_sr0.667_x1.5_N4000_L24_T400000_seed2.npz,bidisperse,2,0.005,0.6666666666666666,1.5,0.6350513260558821
58000.0,0.9284467585217111,119,0.51875,,0.5674019910183349,0.4821683309557775,4.847993502407963e-08,bidisperse_a0.005_sr0.667_x1.5_N4000_L24_T400000_seed2.npz,bidisperse,2,0.005,0.6666666666666666,1.5,0.6350513260558821
60000.0,0.9276858967943036,126,0.523,,0.5755203932428852,0.46483652066625536,5.095488096480092e-08,bidisperse_a0.005_sr0.667_x1.5_N4000_L24_T400000_seed2.npz,bidisperse,2,0.005,0.6666666666666666,1.5,0.6350513260558821
62000.0,0.9237483051429873,127,0.533,,0.6287546111029997,0.462556421830119,4.767328147047261e-08,bidisperse_a0.005_sr0.667_x1.5_N4000_L24_T400000_seed2.npz,bidisperse,2,0.005,0.6666666666666666,1.5,0.6350513260558821
64000.0,0.9283382461850658,132,0.521,,0.576160611135568,0.4776043260891746,5.0854553267053296e-08,bidisperse_a0.005_sr0.667_x1.5_N4000_L24_T400000_seed2.npz,bidisperse,2,0.005,0.6666666666666666,1.5,0.6350513260558821
66000.0,0.9279542974322486,143,0.349,,0.6177649161169425,0.4805061207694682,4.739136919050052e-08,bidisperse_a0.005_sr0.667_x1.5_N4000_L24_T400000_seed2.npz,bidisperse,2,0.005,0.6666666666666666,1.5,0.6350513260558821
68000.0,0.9240163069403112,134,0.25275,,0.5375140413976238,0.4780557834290402,4.7830557894737116e-08,bidisperse_a0.005_sr0.667_x1.5_N4000_L24_T400000_seed2.npz,bidisperse,2,0.005,0.6666666666666666,1.5,0.6350513260558821
70000.0,0.9233032370588232,131,0.252,,0.5797813498774451,0.4671704278566323,4.8394579715342074e-08,bidisperse_a0.005_sr0.667_x1.5_N4000_L24_T400000_seed2.npz,bidisperse,2,0.005,0.6666666666666666,1.5,0.6350513260558821
72000.0,0.9227072095773673,135,0.40075,,0.6115999641379017,0.45064069707842136,4.745866534155032e-08,bidisperse_a0.005_sr0.667_x1.5_N4000_L24_T400000_seed2.npz,bidisperse,2,0.005,0.6666666666666666,1.5,0.6350513260558821
74000.0,0.9234598162626904,136,0.41575,,0.6300104684453628,0.43991372226787184,4.606152804636628e-08,bidisperse_a0.005_sr0.667_x1.5_N4000_L24_T400000_seed2.npz,bidisperse,2,0.005,0.6666666666666666,1.5,0.6350513260558821
76000.0,0.919984916414501,126,0.57675,,0.5938498664751107,0.44386556338747574,5.0230372803536356e-08,bidisperse_a0.005_sr0.667_x1.5_N4000_L24_T400000_seed2.npz,bidisperse,2,0.005,0.6666666666666666,1.5,0.6350513260558821
78000.0,0.9204925226171785,127,0.5725,,0.5653527084569551,0.4520142784293728,5.149125678752013e-08,bidisperse_a0.005_sr0.667_x1.5_N4000_L24_T400000_seed2.npz,bidisperse,2,0.005,0.6666666666666666,1.5,0.6350513260558821
80000.0,0.9212152011696464,121,0.56675,,0.5821725947417213,0.44625373595795115,5.033931046126367e-08,bidisperse_a0.005_sr0.667_x1.5_N4000_L24_T400000_seed2.npz,bidisperse,2,0.005,0.6666666666666666,1.5,0.6350513260558821
82000.0,0.9223241176154048,144,0.56375,,0.6978758680934763,0.43769373837569747,5.616000574911489e-08,bidisperse_a0.005_sr0.667_x1.5_N4000_L24_T400000_seed2.npz,bidisperse,2,0.005,0.6666666666666666,1.5,0.6350513260558821
84000.0,0.9221187377719063,129,0.3605,,0.589396767177659,0.43771251931993815,5.3288156896789764e-08,bidisperse_a0.005_sr0.667_x1.5_N4000_L24_T400000_seed2.npz,bidisperse,2,0.005,0.6666666666666666,1.5,0.6350513260558821
86000.0,0.9238066866617353,117,0.402,,0.6215663474683553,0.42792234613795954,5.092973038064774e-08,bidisperse_a0.005_sr0.667_x1.5_N4000_L24_T400000_seed2.npz,bidisperse,2,0.005,0.6666666666666666,1.5,0.6350513260558821
88000.0,0.9238681907011296,135,0.348,,0.6380959219171989,0.43370393246860206,5.786747652666183e-08,bidisperse_a0.005_sr0.667_x1.5_N4000_L24_T400000_seed2.npz,bidisperse,2,0.005,0.6666666666666666,1.5,0.6350513260558821
90000.0,0.9223611152503733,143,0.34225,,0.5923608885842637,0.41648363141930755,5.7023281860780445e-08,bidisperse_a0.005_sr0.667_x1.5_N4000_L24_T400000_seed2.npz,bidisperse,2,0.005,0.6666666666666666,1.5,0.6350513260558821
92000.0,0.9221497314728496,119,0.33925,,0.6025774715624044,0.44113402061855667,5.1737913083527486e-08,bidisperse_a0.005_sr0.667_x1.5_N4000_L24_T400000_seed2.npz,bidisperse,2,0.005,0.6666666666666666,1.5,0.6350513260558821
94000.0,0.92249784965636,137,0.54975,,0.5894246000363836,0.4430131904369332,5.4611327359371794e-08,bidisperse_a0.005_sr0.667_x1.5_N4000_L24_T400000_seed2.npz,bidisperse,2,0.005,0.6666666666666666,1.5,0.6350513260558821
96000.0,0.9188499643760087,121,0.57525,,0.5849050955379994,0.439568345323741,4.9210191785668196e-08,bidisperse_a0.005_sr0.667_x1.5_N4000_L24_T400000_seed2.npz,bidisperse,2,0.005,0.6666666666666666,1.5,0.6350513260558821
98000.0,0.9199024559410645,116,0.5685,,0.5348814981536336,0.4357318573185732,4.759333287490611e-08,bidisperse_a0.005_sr0.667_x1.5_N4000_L24_T400000_seed2.npz,bidisperse,2,0.005,0.6666666666666666,1.5,0.6350513260558821
100000.0,0.9180435298405798,143,0.54525,0.5362997591067701,0.49731618757359336,0.43777527399364946,5.266793425278254e-08,bidisperse_a0.005_sr0.667_x1.5_N4000_L24_T400000_seed2.npz,bidisperse,2,0.005,0.6666666666666666,1.5,0.6350513260558821
102000.0,0.9184272878911091,130,0.558,,0.5586654189271234,0.45048543689320386,5.085445702290238e-08,bidisperse_a0.005_sr0.667_x1.5_N4000_L24_T400000_seed2.npz,bidisperse,2,0.005,0.6666666666666666,1.5,0.6350513260558821
104000.0,0.9165126789358757,134,0.545,,0.5465035105954074,0.45517805976258696,4.794300124298453e-08,bidisperse_a0.005_sr0.667_x1.5_N4000_L24_T400000_seed2.npz,bidisperse,2,0.005,0.6666666666666666,1.5,0.6350513260558821
106000.0,0.92077744873091,132,0.54925,,0.5182379276637908,0.44795539033457255,5.422334022312396e-08,bidisperse_a0.005_sr0.667_x1.5_N4000_L24_T400000_seed2.npz,bidisperse,2,0.005,0.6666666666666666,1.5,0.6350513260558821
108000.0,0.9183673705495052,122,0.5545,,0.5563579729991788,0.4582312091503268,4.881769342694216e-08,bidisperse_a0.005_sr0.667_x1.5_N4000_L24_T400000_seed2.npz,bidisperse,2,0.005,0.6666666666666666,1.5,0.6350513260558821
110000.0,0.9153585884090146,136,0.82125,,0.48848784102791126,0.44182228606607843,4.7922579348951845e-08,bidisperse_a0.005_sr0.667_x1.5_N4000_L24_T400000_seed2.npz,bidisperse,2,0.005,0.6666666666666666,1.5,0.6350513260558821
112000.0,0.9185172327653978,121,0.39225,,0.5657979499433601,0.4247184044641934,4.7988118429797233e-08,bidisperse_a0.005_sr0.667_x1.5_N4000_L24_T400000_seed2.npz,bidisperse,2,0.005,0.6666666666666666,1.5,0.6350513260558821
114000.0,0.9144183981087792,128,0.382,,0.5370759317645316,0.42105263157894735,5.2034753221501e-08,bidisperse_a0.005_sr0.667_x1.5_N4000_L24_T400000_seed2.npz,bidisperse,2,0.005,0.6666666666666666,1.5,0.6350513260558821
116000.0,0.9154331716198283,127,0.67475,,0.5128750420122837,0.4061345917111202,4.6946610806118025e-08,bidisperse_a0.005_sr0.667_x1.5_N4000_L24_T400000_seed2.npz,bidisperse,2,0.005,0.6666666666666666,1.5,0.6350513260558821
118000.0,0.9122803809580757,129,0.6675,,0.5527467013528478,0.4135368956743003,4.499612579418945e-08,bidisperse_a0.005_sr0.667_x1.5_N4000_L24_T400000_seed2.npz,bidisperse,2,0.005,0.6666666666666666,1.5,0.6350513260558821
120000.0,0.9132637313342843,148,0.40475,,0.5464207634973499,0.41278772378516626,4.8226586707029326e-08,bidisperse_a0.005_sr0.667_x1.5_N4000_L24_T400000_seed2.npz,bidisperse,2,0.005,0.6666666666666666,1.5,0.6350513260558821
122000.0,0.9112121262015457,129,0.40625,,0.5040057667385893,0.3667998317914214,5.066186276675745e-08,bidisperse_a0.005_sr0.667_x1.5_N4000_L24_T400000_seed2.npz,bidisperse,2,0.005,0.6666666666666666,1.5,0.6350513260558821
124000.0,0.9120923382074053,123,0.65025,,0.5108252766965674,0.36965387430722574,5.270461648513202e-08,bidisperse_a0.005_sr0.667_x1.5_N4000_L24_T400000_seed2.npz,bidisperse,2,0.005,0.6666666666666666,1.5,0.6350513260558821
126000.0,0.9127676908548178,125,0.6665,,0.5828747333416188,0.39608449252962386,5.112894208879173e-08,bidisperse_a0.005_sr0.667_x1.5_N4000_L24_T400000_seed2.npz,bidisperse,2,0.005,0.6666666666666666,1.5,0.6350513260558821
128000.0,0.9107635721543029,136,0.6595,,0.5556899506085663,0.39842454394693205,5.3934711745330744e-08,bidisperse_a0.005_sr0.667_x1.5_N4000_L24_T400000_seed2.npz,bidisperse,2,0.005,0.6666666666666666,1.5,0.6350513260558821
130000.0,0.9084976059811226,138,0.64675,,0.547431898067255,0.38881974694046884,4.913478728221696e-08,bidisperse_a0.005_sr0.667_x1.5_N4000_L24_T400000_seed2.npz,bidisperse,2,0.005,0.6666666666666666,1.5,0.6350513260558821
132000.0,0.9106789285091502,122,0.66075,,0.5726915052117146,0.3869004641567818,5.0785713360165245e-08,bidisperse_a0.005_sr0.667_x1.5_N4000_L24_T400000_seed2.npz,bidisperse,2,0.005,0.6666666666666666,1.5,0.6350513260558821
134000.0,0.906858518880572,150,0.65625,,0.5312791032596845,0.39629629629629626,5.2853038447797384e-08,bidisperse_a0.005_sr0.667_x1.5_N4000_L24_T400000_seed2.npz,bidisperse,2,0.005,0.6666666666666666,1.5,0.6350513260558821
136000.0,0.9113522572952615,135,0.8165,,0.5322550725729112,0.39668996710526316,5.2467424572468705e-08,bidisperse_a0.005_sr0.667_x1.5_N4000_L24_T400000_seed2.npz,bidisperse,2,0.005,0.6666666666666666,1.5,0.6350513260558821
138000.0,0.9059726586938532,141,0.66875,,0.5720483831083184,0.3910896182734849,5.431337218405717e-08,bidisperse_a0.005_sr0.667_x1.5_N4000_L24_T400000_seed2.npz,bidisperse,2,0.005,0.6666666666666666,1.5,0.6350513260558821
140000.0,0.9032966311097683,137,0.67975,,0.47119038913186356,0.37621208995254796,5.104984227617188e-08,bidisperse_a0.005_sr0.667_x1.5_N4000_L24_T400000_seed2.npz,bidisperse,2,0.005,0.6666666666666666,1.5,0.6350513260558821
142000.0,0.9041899657060953,139,0.67375,,0.478165291184897,0.3342791088692728,5.0618906145391155e-08,bidisperse_a0.005_sr0.667_x1.5_N4000_L24_T400000_seed2.npz,bidisperse,2,0.005,0.6666666666666666,1.5,0.6350513260558821
144000.0,0.9050074688723182,138,0.67125,,0.4474614041396474,0.3531370304859016,4.739203015531723e-08,bidisperse_a0.005_sr0.667_x1.5_N4000_L24_T400000_seed2.npz,bidisperse,2,0.005,0.6666666666666666,1.5,0.6350513260558821
146000.0,0.9045616385901443,142,0.67575,,0.5260832012491446,0.3529839883551674,5.229003441671543e-08,bidisperse_a0.005_sr0.667_x1.5_N4000_L24_T400000_seed2.npz,bidisperse,2,0.005,0.6666666666666666,1.5,0.6350513260558821
148000.0,0.9061729453841044,138,0.66525,,0.5388398827080142,0.3409352442724134,5.662533242859739e-08,bidisperse_a0.005_sr0.667_x1.5_N4000_L24_T400000_seed2.npz,bidisperse,2,0.005,0.6666666666666666,1.5,0.6350513260558821
150000.0,0.9036841188999112,143,0.6715,,0.4777306175224384,0.36862704706972915,5.073530959979669e-08,bidisperse_a0.005_sr0.667_x1.5_N4000_L24_T400000_seed2.npz,bidisperse,2,0.005,0.6666666666666666,1.5,0.6350513260558821
152000.0,0.9042267858345933,126,0.66625,,0.49144271683082624,0.3630995545426292,5.077494974982603e-08,bidisperse_a0.005_sr0.667_x1.5_N4000_L24_T400000_seed2.npz,bidisperse,2,0.005,0.6666666666666666,1.5,0.6350513260558821
154000.0,0.9033490324306348,141,0.67125,,0.4953589959409103,0.3612581750233572,5.198529792591475e-08,bidisperse_a0.005_sr0.667_x1.5_N4000_L24_T400000_seed2.npz,bidisperse,2,0.005,0.6666666666666666,1.5,0.6350513260558821
156000.0,0.9058836613275549,139,0.66075,,0.4733031685926628,0.3613892365456821,5.003350040995004e-08,bidisperse_a0.005_sr0.667_x1.5_N4000_L24_T400000_seed2.npz,bidisperse,2,0.005,0.6666666666666666,1.5,0.6350513260558821
158000.0,0.9057666798064159,137,0.67325,,0.44725892034288783,0.3627697464906767,5.137782912561721e-08,bidisperse_a0.005_sr0.667_x1.5_N4000_L24_T400000_seed2.npz,bidisperse,2,0.005,0.6666666666666666,1.5,0.6350513260558821
160000.0,0.9047053836854502,136,0.6715,,0.4757621669375839,0.36585113000207337,5.556986469075298e-08,bidisperse_a0.005_sr0.667_x1.5_N4000_L24_T400000_seed2.npz,bidisperse,2,0.005,0.6666666666666666,1.5,0.6350513260558821
162000.0,0.904817135398125,126,0.66675,,0.49626351739458324,0.3467138103161398,5.306754034801214e-08,bidisperse_a0.005_sr0.667_x1.5_N4000_L24_T400000_seed2.npz,bidisperse,2,0.005,0.6666666666666666,1.5,0.6350513260558821
164000.0,0.9050548808526746,144,0.80725,,0.5042410816161563,0.35054121565362195,5.679605164900932e-08,bidisperse_a0.005_sr0.667_x1.5_N4000_L24_T400000_seed2.npz,bidisperse,2,0.005,0.6666666666666666,1.5,0.6350513260558821
166000.0,0.903280322782253,135,0.8135,,0.5439910044055615,0.3612689883228273,5.283725236556827e-08,bidisperse_a0.005_sr0.667_x1.5_N4000_L24_T400000_seed2.npz,bidisperse,2,0.005,0.6666666666666666,1.5,0.6350513260558821
168000.0,0.9023580797617748,145,0.8205,,0.4784946528207519,0.3438150770512286,5.21986111244041e-08,bidisperse_a0.005_sr0.667_x1.5_N4000_L24_T400000_seed2.npz,bidisperse,2,0.005,0.6666666666666666,1.5,0.6350513260558821
170000.0,0.9039159602055592,135,0.83025,,0.4830166486210909,0.3624987072086048,5.4012333033740364e-08,bidisperse_a0.005_sr0.667_x1.5_N4000_L24_T400000_seed2.npz,bidisperse,2,0.005,0.6666666666666666,1.5,0.6350513260558821
172000.0,0.9031320065207161,137,0.8245,,0.5066608666965294,0.3664461443043209,5.399447079218559e-08,bidisperse_a0.005_sr0.667_x1.5_N4000_L24_T400000_seed2.npz,bidisperse,2,0.005,0.6666666666666666,1.5,0.6350513260558821
174000.0,0.90436291278945,139,0.82325,,0.5538652944105705,0.36360805480589575,5.256623604269266e-08,bidisperse_a0.005_sr0.667_x1.5_N4000_L24_T400000_seed2.npz,bidisperse,2,0.005,0.6666666666666666,1.5,0.6350513260558821
176000.0,0.9038738045308526,118,0.823,,0.5085478681631885,0.35262281432139886,5.7354720397413357e-08,bidisperse_a0.005_sr0.667_x1.5_N4000_L24_T400000_seed2.npz,bidisperse,2,0.005,0.6666666666666666,1.5,0.6350513260558821
178000.0,0.9015124655476993,121,0.69825,,0.4573935308712521,0.364857934147092,5.760389660512631e-08,bidisperse_a0.005_sr0.667_x1.5_N4000_L24_T400000_seed2.npz,bidisperse,2,0.005,0.6666666666666666,1.5,0.6350513260558821
180000.0,0.9032329416458267,130,0.69225,,0.4550325287439901,0.356136199979426,5.758606547642804e-08,bidisperse_a0.005_sr0.667_x1.5_N4000_L24_T400000_seed2.npz,bidisperse,2,0.005,0.6666666666666666,1.5,0.6350513260558821
182000.0,0.9016616866688187,137,0.681,,0.5037996853623152,0.35077559462254393,5.806962048668759e-08,bidisperse_a0.005_sr0.667_x1.5_N4000_L24_T400000_seed2.npz,bidisperse,2,0.005,0.6666666666666666,1.5,0.6350513260558821
184000.0,0.902674817500316,124,0.68825,,0.49399250816036727,0.33791523482245134,5.773159288068852e-08,bidisperse_a0.005_sr0.667_x1.5_N4000_L24_T400000_seed2.npz,bidisperse,2,0.005,0.6666666666666666,1.5,0.6350513260558821
186000.0,0.9025899902204398,139,0.68275,,0.5310029468070695,0.3433809819763829,5.4182385416877345e-08,bidisperse_a0.005_sr0.667_x1.5_N4000_L24_T400000_seed2.npz,bidisperse,2,0.005,0.6666666666666666,1.5,0.6350513260558821
188000.0,0.9024484710060375,134,0.70175,,0.5009103456689838,0.3543087414755115,5.6577816786181855e-08,bidisperse_a0.005_sr0.667_x1.5_N4000_L24_T400000_seed2.npz,bidisperse,2,0.005,0.6666666666666666,1.5,0.6350513260558821
190000.0,0.9058001540154895,138,0.6955,,0.5056363009182434,0.36152895116422834,5.6490376287439994e-08,bidisperse_a0.005_sr0.667_x1.5_N4000_L24_T400000_seed2.npz,bidisperse,2,0.005,0.6666666666666666,1.5,0.6350513260558821
192000.0,0.9035790192510094,131,0.69275,,0.5099495567363979,0.3565755544094894,5.9475316859468605e-08,bidisperse_a0.005_sr0.667_x1.5_N4000_L24_T400000_seed2.npz,bidisperse,2,0.005,0.6666666666666666,1.5,0.6350513260558821
194000.0,0.9035073861667388,137,0.68625,,0.5275036781949929,0.3332638599416423,5.799631291417428e-08,bidisperse_a0.005_sr0.667_x1.5_N4000_L24_T400000_seed2.npz,bidisperse,2,0.005,0.6666666666666666,1.5,0.6350513260558821
196000.0,0.9041669052642001,137,0.68375,,0.49689037120371654,0.3624845488257108,5.887603341653856e-08,bidisperse_a0.005_sr0.667_x1.5_N4000_L24_T400000_seed2.npz,bidisperse,2,0.005,0.6666666666666666,1.5,0.6350513260558821
198000.0,0.9003943767866338,149,0.68475,,0.5342100850407089,0.35063040533500056,5.265084371080959e-08,bidisperse_a0.005_sr0.667_x1.5_N4000_L24_T400000_seed2.npz,bidisperse,2,0.005,0.6666666666666666,1.5,0.6350513260558821
200000.0,0.9005096239573335,142,0.6905,0.5170374226868902,0.5169286968752319,0.33315877670716376,5.4627227068863083e-08,bidisperse_a0.005_sr0.667_x1.5_N4000_L24_T400000_seed2.npz,bidisperse,2,0.005,0.6666666666666666,1.5,0.6350513260558821
202000.0,0.9021349189676264,130,0.6955,,0.4375853866233846,0.33631354610666386,4.943444094577278e-08,bidisperse_a0.005_sr0.667_x1.5_N4000_L24_T400000_seed2.npz,bidisperse,2,0.005,0.6666666666666666,1.5,0.6350513260558821
204000.0,0.8996741727789261,131,0.6845,,0.5119269364813791,0.33302170977459233,5.742153980496228e-08,bidisperse_a0.005_sr0.667_x1.5_N4000_L24_T400000_seed2.npz,bidisperse,2,0.005,0.6666666666666666,1.5,0.6350513260558821
206000.0,0.9007157214027687,148,0.697,,0.5215272610744941,0.3213535098781001,5.502172729758942e-08,bidisperse_a0.005_sr0.667_x1.5_N4000_L24_T400000_seed2.npz,bidisperse,2,0.005,0.6666666666666666,1.5,0.6350513260558821
208000.0,0.9007396575077042,131,0.694,,0.48846438909875206,0.35,4.8905900329037984e-08,bidisperse_a0.005_sr0.667_x1.5_N4000_L24_T400000_seed2.npz,bidisperse,2,0.005,0.6666666666666666,1.5,0.6350513260558821
210000.0,0.8994561166134721,134,0.693,,0.4866006885240452,0.34148616436936474,5.70045077960568e-08,bidisperse_a0.005_sr0.667_x1.5_N4000_L24_T400000_seed2.npz,bidisperse,2,0.005,0.6666666666666666,1.5,0.6350513260558821
212000.0,0.9011940020283784,147,0.6865,,0.49554520100432053,0.3191734843717222,5.444155988024494e-08,bidisperse_a0.005_sr0.667_x1.5_N4000_L24_T400000_seed2.npz,bidisperse,2,0.005,0.6666666666666666,1.5,0.6350513260558821
214000.0,0.9015276589769794,142,0.684,,0.4857479386392326,0.30947101678808997,5.476695830652689e-08,bidisperse_a0.005_sr0.667_x1.5_N4000_L24_T400000_seed2.npz,bidisperse,2,0.005,0.6666666666666666,1.5,0.6350513260558821
216000.0,0.899711293697577,155,0.70325,,0.4666857223937927,0.329892607653008,5.4302004055999995e-08,bidisperse_a0.005_sr0.667_x1.5_N4000_L24_T400000_seed2.npz,bidisperse,2,0.005,0.6666666666666666,1.5,0.6350513260558821
218000.0,0.9003391861771161,138,0.70025,,0.42680419772274697,0.3315274015419879,5.4504136663873137e-08,bidisperse_a0.005_sr0.667_x1.5_N4000_L24_T400000_seed2.npz,bidisperse,2,0.005,0.6666666666666666,1.5,0.6350513260558821
220000.0,0.9009595176209844,129,0.71075,,0.5024958454543512,0.33464935064935064,4.8196570869167526e-08,bidisperse_a0.005_sr0.667_x1.5_N4000_L24_T400000_seed2.npz,bidisperse,2,0.005,0.6666666666666666,1.5,0.6350513260558821
222000.0,0.9009132820974965,135,0.7025,,0.5180674591969299,0.34252944823310605,5.2175091381409276e-08,bidisperse_a0.005_sr0.667_x1.5_N4000_L24_T400000_seed2.npz,bidisperse,2,0.005,0.6666666666666666,1.5,0.6350513260558821
224000.0,0.9004487040740635,138,0.69775,,0.4809330583723326,0.3227187304238881,4.7410651906068535e-08,bidisperse_a0.005_sr0.667_x1.5_N4000_L24_T400000_seed2.npz,bidisperse,2,0.005,0.6666666666666666,1.5,0.6350513260558821
226000.0,0.901170397027292,130,0.69375,,0.43560930004179205,0.3255061573784178,5.3842867724445616e-08,bidisperse_a0.005_sr0.667_x1.5_N4000_L24_T400000_seed2.npz,bidisperse,2,0.005,0.6666666666666666,1.5,0.6350513260558821
228000.0,0.9020495163004632,148,0.688,,0.51988432399665,0.32451646628332464,4.879289993203178e-08,bidisperse_a0.005_sr0.667_x1.5_N4000_L24_T400000_seed2.npz,bidisperse,2,0.005,0.6666666666666666,1.5,0.6350513260558821
230000.0,0.9002759110757205,146,0.68975,,0.4832282038440736,0.32892131318395,4.527989981172192e-08,bidisperse_a0.005_sr0.667_x1.5_N4000_L24_T400000_seed2.npz,bidisperse,2,0.005,0.6666666666666666,1.5,0.6350513260558821
232000.0,0.8987143997600733,139,0.69,,0.471151298476027,0.3236313964484606,5.02941133888086e-08,bidisperse_a0.005_sr0.667_x1.5_N4000_L24_T400000_seed2.npz,bidisperse,2,0.005,0.6666666666666666,1.5,0.6350513260558821
234000.0,0.9007895418612786,143,0.6915,,0.45708139780425816,0.3232472324723247,5.6135384987340325e-08,bidisperse_a0.005_sr0.667_x1.5_N4000_L24_T400000_seed2.npz,bidisperse,2,0.005,0.6666666666666666,1.5,0.6350513260558821
236000.0,0.9022158699325862,148,0.69375,,0.5016245629756053,0.346000837520938,5.514359113420159e-08,bidisperse_a0.005_sr0.667_x1.5_N4000_L24_T400000_seed2.npz,bidisperse,2,0.005,0.6666666666666666,1.5,0.6350513260558821
238000.0,0.8997553466842741,148,0.69575,,0.48389588597869687,0.3374856066157228,5.033523226315701e-08,bidisperse_a0.005_sr0.667_x1.5_N4000_L24_T400000_seed2.npz,bidisperse,2,0.005,0.6666666666666666,1.5,0.6350513260558821
240000.0,0.9004949006895938,143,0.68825,,0.5462327889496844,0.328841533479578,5.089207500249651e-08,bidisperse_a0.005_sr0.667_x1.5_N4000_L24_T400000_seed2.npz,bidisperse,2,0.005,0.6666666666666666,1.5,0.6350513260558821
242000.0,0.9008078826443179,139,0.67925,,0.5017838846949986,0.32366188331413004,5.541191642396058e-08,bidisperse_a0.005_sr0.667_x1.5_N4000_L24_T400000_seed2.npz,bidisperse,2,0.005,0.6666666666666666,1.5,0.6350513260558821
244000.0,0.9021114140625001,126,0.68075,,0.4716943898865129,0.335583013186585,5.508364705991896e-08,bidisperse_a0.005_sr0.667_x1.5_N4000_L24_T400000_seed2.npz,bidisperse,2,0.005,0.6666666666666666,1.5,0.6350513260558821
246000.0,0.9023897720087317,130,0.6835,,0.5390920563861195,0.3302427336180852,5.6669094072013874e-08,bidisperse_a0.005_sr0.667_x1.5_N4000_L24_T400000_seed2.npz,bidisperse,2,0.005,0.6666666666666666,1.5,0.6350513260558821
248000.0,0.9021817494916077,136,0.6805,,0.4877219271741505,0.33302170977459233,5.921091402364988e-08,bidisperse_a0.005_sr0.667_x1.5_N4000_L24_T400000_seed2.npz,bidisperse,2,0.005,0.6666666666666666,1.5,0.6350513260558821
250000.0,0.9026143077891585,126,0.68325,,0.5105537146759535,0.3412895226286423,5.392434790943985e-08,bidisperse_a0.005_sr0.667_x1.5_N4000_L24_T400000_seed2.npz,bidisperse,2,0.005,0.6666666666666666,1.5,0.6350513260558821
252000.0,0.901587046753857,126,0.68075,,0.4878941085245199,0.352825705134828,5.554054486115067e-08,bidisperse_a0.005_sr0.667_x1.5_N4000_L24_T400000_seed2.npz,bidisperse,2,0.005,0.6666666666666666,1.5,0.6350513260558821
254000.0,0.8975402901527766,132,0.676,,0.5039253735334868,0.3389423076923077,5.2276833975935164e-08,bidisperse_a0.005_sr0.667_x1.5_N4000_L24_T400000_seed2.npz,bidisperse,2,0.005,0.6666666666666666,1.5,0.6350513260558821
256000.0,0.897700262819621,133,0.68075,,0.43839187019090914,0.3419015174976773,5.187314829880188e-08,bidisperse_a0.005_sr0.667_x1.5_N4000_L24_T400000_seed2.npz,bidisperse,2,0.005,0.6666666666666666,1.5,0.6350513260558821
258000.0,0.9017316074237465,132,0.6755,,0.47277539478787667,0.34727216685502926,5.6014075950146214e-08,bidisperse_a0.005_sr0.667_x1.5_N4000_L24_T400000_seed2.npz,bidisperse,2,0.005,0.6666666666666666,1.5,0.6350513260558821
260000.0,0.9028581742280877,130,0.67425,,0.5103352500296774,0.34633642930856556,5.7995562312604006e-08,bidisperse_a0.005_sr0.667_x1.5_N4000_L24_T400000_seed2.npz,bidisperse,2,0.005,0.6666666666666666,1.5,0.6350513260558821
262000.0,0.9006907560580368,145,0.67125,,0.46159170327144133,0.35006183017312453,6.043731077670453e-08,bidisperse_a0.005_sr0.667_x1.5_N4000_L24_T400000_seed2.npz,bidisperse,2,0.005,0.6666666666666666,1.5,0.6350513260558821
264000.0,0.9010971595985595,138,0.6815,,0.5586799458129255,0.34924909373381663,6.056841370180312e-08,bidisperse_a0.005_sr0.667_x1.5_N4000_L24_T400000_seed2.npz,bidisperse,2,0.005,0.6666666666666666,1.5,0.6350513260558821
266000.0,0.9010375731902085,127,0.6645,,0.45395956573978824,0.3492360461490489,5.491854033589906e-08,bidisperse_a0.005_sr0.667_x1.5_N4000_L24_T400000_seed2.npz,bidisperse,2,0.005,0.6666666666666666,1.5,0.6350513260558821
268000.0,0.8991544881633903,152,0.6835,,0.45005492356021615,0.349188176519567,5.7065586928180355e-08,bidisperse_a0.005_sr0.667_x1.5_N4000_L24_T400000_seed2.npz,bidisperse,2,0.005,0.6666666666666666,1.5,0.6350513260558821
270000.0,0.899416234478676,144,0.683,,0.47932124521120567,0.35305105853051055,5.127950854305148e-08,bidisperse_a0.005_sr0.667_x1.5_N4000_L24_T400000_seed2.npz,bidisperse,2,0.005,0.6666666666666666,1.5,0.6350513260558821
272000.0,0.8997225990918037,129,0.68975,,0.48365882840166036,0.34090672225117247,5.1578439141371187e-08,bidisperse_a0.005_sr0.667_x1.5_N4000_L24_T400000_seed2.npz,bidisperse,2,0.005,0.6666666666666666,1.5,0.6350513260558821
274000.0,0.9007358784935763,112,0.685,,0.5023208486556298,0.3469134525902182,5.880382016967769e-08,bidisperse_a0.005_sr0.667_x1.5_N4000_L24_T400000_seed2.npz,bidisperse,2,0.005,0.6666666666666666,1.5,0.6350513260558821
276000.0,0.9017756051999765,130,0.6825,,0.4853388712573896,0.3437402759049891,5.490983985190802e-08,bidisperse_a0.005_sr0.667_x1.5_N4000_L24_T400000_seed2.npz,bidisperse,2,0.005,0.6666666666666666,1.5,0.6350513260558821
278000.0,0.9023135105384067,118,0.69375,,0.49358211559136467,0.3449059723083282,5.4487991754425934e-08,bidisperse_a0.005_sr0.667_x1.5_N4000_L24_T400000_seed2.npz,bidisperse,2,0.005,0.6666666666666666,1.5,0.6350513260558821
280000.0,0.9024752963319006,135,0.67475,,0.4681318022342853,0.3416348041748476,4.685902264950758e-08,bidisperse_a0.005_sr0.667_x1.5_N4000_L24_T400000_seed2.npz,bidisperse,2,0.005,0.6666666666666666,1.5,0.6350513260558821
282000.0,0.9018001408396641,128,0.673,,0.5359318908098792,0.32967836257309946,4.8110466055581443e-08,bidisperse_a0.005_sr0.667_x1.5_N4000_L24_T400000_seed2.npz,bidisperse,2,0.005,0.6666666666666666,1.5,0.6350513260558821
284000.0,0.9029839236463928,132,0.67425,,0.5633721200468623,0.34507042253521125,5.4804556129202664e-08,bidisperse_a0.005_sr0.667_x1.5_N4000_L24_T400000_seed2.npz,bidisperse,2,0.005,0.6666666666666666,1.5,0.6350513260558821
286000.0,0.9001629207705392,134,0.67475,,0.501522469070435,0.3377192982456141,5.6218043983086004e-08,bidisperse_a0.005_sr0.667_x1.5_N4000_L24_T400000_seed2.npz,bidisperse,2,0.005,0.6666666666666666,1.5,0.6350513260558821
288000.0,0.9007619096057867,128,0.6735,,0.42754862328510146,0.34282460136674264,5.7146462655565004e-08,bidisperse_a0.005_sr0.667_x1.5_N4000_L24_T400000_seed2.npz,bidisperse,2,0.005,0.6666666666666666,1.5,0.6350513260558821
290000.0,0.9017954896640097,133,0.66325,,0.506523345153651,0.33471803925641297,5.255549341175282e-08,bidisperse_a0.005_sr0.667_x1.5_N4000_L24_T400000_seed2.npz,bidisperse,2,0.005,0.6666666666666666,1.5,0.6350513260558821
292000.0,0.9018022823487409,129,0.66925,,0.5135065613053423,0.3308908196378101,5.723875363613109e-08,bidisperse_a0.005_sr0.667_x1.5_N4000_L24_T400000_seed2.npz,bidisperse,2,0.005,0.6666666666666666,1.5,0.6350513260558821
294000.0,0.8995837878994544,134,0.66675,,0.49997711709443093,0.34005823627287857,6.223953748298218e-08,bidisperse_a0.005_sr0.667_x1.5_N4000_L24_T400000_seed2.npz,bidisperse,2,0.005,0.6666666666666666,1.5,0.6350513260558821
296000.0,0.9010864819064266,121,0.66525,,0.4308948016680155,0.3458311755567064,6.02646348422143e-08,bidisperse_a0.005_sr0.667_x1.5_N4000_L24_T400000_seed2.npz,bidisperse,2,0.005,0.6666666666666666,1.5,0.6350513260558821
298000.0,0.9008108178012474,144,0.68425,,0.4200908967429957,0.3469599501971363,6.318309784502906e-08,bidisperse_a0.005_sr0.667_x1.5_N4000_L24_T400000_seed2.npz,bidisperse,2,0.005,0.6666666666666666,1.5,0.6350513260558821
300000.0,0.9024981152982613,138,0.69,0.5191197263282694,0.4692007855620548,0.3584496124031008,5.5845197807392674e-08,bidisperse_a0.005_sr0.667_x1.5_N4000_L24_T400000_seed2.npz,bidisperse,2,0.005,0.6666666666666666,1.5,0.6350513260558821
302000.0,0.9020694593622318,144,0.70225,,0.4603521093807665,0.35995850622406644,5.407272638533925e-08,bidisperse_a0.005_sr0.667_x1.5_N4000_L24_T400000_seed2.npz,bidisperse,2,0.005,0.6666666666666666,1.5,0.6350513260558821
304000.0,0.9005708842515686,142,0.709,,0.45541892769278225,0.3688524590163934,5.620707318279493e-08,bidisperse_a0.005_sr0.667_x1.5_N4000_L24_T400000_seed2.npz,bidisperse,2,0.005,0.6666666666666666,1.5,0.6350513260558821
306000.0,0.9017304311658936,117,0.707,,0.4846187036111338,0.3733980983877635,5.922963432746791e-08,bidisperse_a0.005_sr0.667_x1.5_N4000_L24_T400000_seed2.npz,bidisperse,2,0.005,0.6666666666666666,1.5,0.6350513260558821
308000.0,0.9000151624583256,136,0.69875,,0.5005305880923729,0.34948024948024947,6.318785237049902e-08,bidisperse_a0.005_sr0.667_x1.5_N4000_L24_T400000_seed2.npz,bidisperse,2,0.005,0.6666666666666666,1.5,0.6350513260558821
310000.0,0.9022856450994935,139,0.68825,,0.5101887886946216,0.35153654485049834,5.722020786465516e-08,bidisperse_a0.005_sr0.667_x1.5_N4000_L24_T400000_seed2.npz,bidisperse,2,0.005,0.6666666666666666,1.5,0.6350513260558821
312000.0,0.9013265350067542,149,0.6885,,0.5510044021744391,0.35413627839133155,6.321577877356164e-08,bidisperse_a0.005_sr0.667_x1.5_N4000_L24_T400000_seed2.npz,bidisperse,2,0.005,0.6666666666666666,1.5,0.6350513260558821
314000.0,0.9007130449320673,130,0.69275,,0.47115181624815594,0.33735571878279114,6.385137355759583e-08,bidisperse_a0.005_sr0.667_x1.5_N4000_L24_T400000_seed2.npz,bidisperse,2,0.005,0.6666666666666666,1.5,0.6350513260558821
316000.0,0.9011390961533903,139,0.69575,,0.49803545741073635,0.3481558441558441,6.270124712723045e-08,bidisperse_a0.005_sr0.667_x1.5_N4000_L24_T400000_seed2.npz,bidisperse,2,0.005,0.6666666666666666,1.5,0.6350513260558821
318000.0,0.9006499470885532,139,0.70175,,0.5460689527026131,0.3465367284920885,5.3804853647820215e-08,bidisperse_a0.005_sr0.667_x1.5_N4000_L24_T400000_seed2.npz,bidisperse,2,0.005,0.6666666666666666,1.5,0.6350513260558821
320000.0,0.9003751093336404,158,0.6945,,0.5102662600911565,0.3556090918613177,6.000304589948524e-08,bidisperse_a0.005_sr0.667_x1.5_N4000_L24_T400000_seed2.npz,bidisperse,2,0.005,0.6666666666666666,1.5,0.6350513260558821
322000.0,0.9009862981665478,149,0.694,,0.524342084536739,0.3464741224833984,6.267620326013298e-08,bidisperse_a0.005_sr0.667_x1.5_N4000_L24_T400000_seed2.npz,bidisperse,2,0.005,0.6666666666666666,1.5,0.6350513260558821
324000.0,0.9021946082136558,140,0.71,,0.5156662421513416,0.34928481278923007,5.357105548528647e-08,bidisperse_a0.005_sr0.667_x1.5_N4000_L24_T400000_seed2.npz,bidisperse,2,0.005,0.6666666666666666,1.5,0.6350513260558821
326000.0,0.9021327286470143,138,0.69125,,0.5552174150426772,0.34940264095577445,5.73228560830859e-08,bidisperse_a0.005_sr0.667_x1.5_N4000_L24_T400000_seed2.npz,bidisperse,2,0.005,0.6666666666666666,1.5,0.6350513260558821
328000.0,0.9016783696220979,140,0.70125,,0.45529653905698336,0.33799117461651607,6.174618784211174e-08,bidisperse_a0.005_sr0.667_x1.5_N4000_L24_T400000_seed2.npz,bidisperse,2,0.005,0.6666666666666666,1.5,0.6350513260558821
330000.0,0.9014648203785434,150,0.70575,,0.428035476867478,0.3462102177554439,5.974015599521039e-08,bidisperse_a0.005_sr0.667_x1.5_N4000_L24_T400000_seed2.npz,bidisperse,2,0.005,0.6666666666666666,1.5,0.6350513260558821
332000.0,0.9010429311181203,142,0.70175,,0.45211630903804717,0.3748062416038028,5.8840905904634076e-08,bidisperse_a0.005_sr0.667_x1.5_N4000_L24_T400000_seed2.npz,bidisperse,2,0.005,0.6666666666666666,1.5,0.6350513260558821
334000.0,0.9026195753326577,132,0.7095,,0.4923481081976892,0.3646179401993356,5.414831613957198e-08,bidisperse_a0.005_sr0.667_x1.5_N4000_L24_T400000_seed2.npz,bidisperse,2,0.005,0.6666666666666666,1.5,0.6350513260558821
336000.0,0.9002032477701717,148,0.6935,,0.468730436886553,0.3517212338140857,5.5516014603440595e-08,bidisperse_a0.005_sr0.667_x1.5_N4000_L24_T400000_seed2.npz,bidisperse,2,0.005,0.6666666666666666,1.5,0.6350513260558821
338000.0,0.8988676467664544,156,0.704,,0.4945172867194484,0.3418794363809725,5.235886258215759e-08,bidisperse_a0.005_sr0.667_x1.5_N4000_L24_T400000_seed2.npz,bidisperse,2,0.005,0.6666666666666666,1.5,0.6350513260558821
340000.0,0.9002015232543591,143,0.70225,,0.5161768060193005,0.3395353726479554,6.30589446184351e-08,bidisperse_a0.005_sr0.667_x1.5_N4000_L24_T400000_seed2.npz,bidisperse,2,0.005,0.6666666666666666,1.5,0.6350513260558821
342000.0,0.8986084307784141,130,0.712,,0.5004124012840635,0.3482737104825291,5.740326911068637e-08,bidisperse_a0.005_sr0.667_x1.5_N4000_L24_T400000_seed2.npz,bidisperse,2,0.005,0.6666666666666666,1.5,0.6350513260558821
344000.0,0.902301906791083,137,0.706,,0.4805877412821296,0.3419629860677895,5.623746669984343e-08,bidisperse_a0.005_sr0.667_x1.5_N4000_L24_T400000_seed2.npz,bidisperse,2,0.005,0.6666666666666666,1.5,0.6350513260558821
346000.0,0.8991444661376629,128,0.706,,0.50426506786689,0.34865622081560654,5.6657399124013274e-08,bidisperse_a0.005_sr0.667_x1.5_N4000_L24_T400000_seed2.npz,bidisperse,2,0.005,0.6666666666666666,1.5,0.6350513260558821
348000.0,0.9014598885422266,140,0.69175,,0.4882643818663825,0.337549655028225,6.216205026896666e-08,bidisperse_a0.005_sr0.667_x1.5_N4000_L24_T400000_seed2.npz,bidisperse,2,0.005,0.6666666666666666,1.5,0.6350513260558821
350000.0,0.9022974965975469,144,0.68975,,0.5001529121204914,0.34324015379819184,5.42483453968661e-08,bidisperse_a0.005_sr0.667_x1.5_N4000_L24_T400000_seed2.npz,bidisperse,2,0.005,0.6666666666666666,1.5,0.6350513260558821
352000.0,0.8998731775160178,141,0.6855,,0.48673335715834276,0.34317496621270405,5.899222644011675e-08,bidisperse_a0.005_sr0.667_x1.5_N4000_L24_T400000_seed2.npz,bidisperse,2,0.005,0.6666666666666666,1.5,0.6350513260558821
354000.0,0.8995346070205097,138,0.69275,,0.48370257172087183,0.34197646568780593,5.991182668065738e-08,bidisperse_a0.005_sr0.667_x1.5_N4000_L24_T400000_seed2.npz,bidisperse,2,0.005,0.6666666666666666,1.5,0.6350513260558821
356000.0,0.8982562450448565,138,0.68725,,0.47790686421436573,0.3360887307732552,5.394648833357548e-08,bidisperse_a0.005_sr0.667_x1.5_N4000_L24_T400000_seed2.npz,bidisperse,2,0.005,0.6666666666666666,1.5,0.6350513260558821
358000.0,0.8989960440076391,128,0.69525,,0.505103089637683,0.338456712672522,6.122418238165e-08,bidisperse_a0.005_sr0.667_x1.5_N4000_L24_T400000_seed2.npz,bidisperse,2,0.005,0.6666666666666666,1.5,0.6350513260558821
360000.0,0.8996556667692768,134,0.69225,,0.4701867482261248,0.34921460522209513,6.381891590665417e-08,bidisperse_a0.005_sr0.667_x1.5_N4000_L24_T400000_seed2.npz,bidisperse,2,0.005,0.6666666666666666,1.5,0.6350513260558821
362000.0,0.8985639862049042,146,0.67825,,0.459228377627529,0.3483204673482162,5.9434383167824915e-08,bidisperse_a0.005_sr0.667_x1.5_N4000_L24_T400000_seed2.npz,bidisperse,2,0.005,0.6666666666666666,1.5,0.6350513260558821
364000.0,0.9006870991748257,138,0.688,,0.48041006371632006,0.36976264189886476,5.384768532520818e-08,bidisperse_a0.005_sr0.667_x1.5_N4000_L24_T400000_seed2.npz,bidisperse,2,0.005,0.6666666666666666,1.5,0.6350513260558821
366000.0,0.8996509452632274,151,0.68,,0.4951987372889087,0.337143456375839,5.498565814296439e-08,bidisperse_a0.005_sr0.667_x1.5_N4000_L24_T400000_seed2.npz,bidisperse,2,0.005,0.6666666666666666,1.5,0.6350513260558821
368000.0,0.898848656239532,163,0.67025,,0.49263835750601476,0.3409424083769633,5.432432188270749e-08,bidisperse_a0.005_sr0.667_x1.5_N4000_L24_T400000_seed2.npz,bidisperse,2,0.005,0.6666666666666666,1.5,0.6350513260558821
370000.0,0.8998466358134567,145,0.8035,,0.46521035532182564,0.35258611718180877,5.372850216855556e-08,bidisperse_a0.005_sr0.667_x1.5_N4000_L24_T400000_seed2.npz,bidisperse,2,0.005,0.6666666666666666,1.5,0.6350513260558821
372000.0,0.9013299906840672,140,0.8065,,0.46430832204272215,0.3420666526933557,5.762082640950663e-08,bidisperse_a0.005_sr0.667_x1.5_N4000_L24_T400000_seed2.npz,bidisperse,2,0.005,0.6666666666666666,1.5,0.6350513260558821
374000.0,0.902888553216343,139,0.77125,,0.5246644057011983,0.3524027459954233,5.815464291928247e-08,bidisperse_a0.005_sr0.667_x1.5_N4000_L24_T400000_seed2.npz,bidisperse,2,0.005,0.6666666666666666,1.5,0.6350513260558821
376000.0,0.9001051025171415,155,0.7915,,0.5086397504379897,0.3411838265944144,5.336396845476073e-08,bidisperse_a0.005_sr0.667_x1.5_N4000_L24_T400000_seed2.npz,bidisperse,2,0.005,0.6666666666666666,1.5,0.6350513260558821
378000.0,0.8983309161835565,136,0.8095,,0.4808613837690649,0.35535732807800025,5.880785120535881e-08,bidisperse_a0.005_sr0.667_x1.5_N4000_L24_T400000_seed2.npz,bidisperse,2,0.005,0.6666666666666666,1.5,0.6350513260558821
380000.0,0.9014538853233383,137,0.80025,,0.4618533956436799,0.34737827715355807,5.5159595525045296e-08,bidisperse_a0.005_sr0.667_x1.5_N4000_L24_T400000_seed2.npz,bidisperse,2,0.005,0.6666666666666666,1.5,0.6350513260558821
382000.0,0.8998326130772681,132,0.815,,0.47304356485145704,0.33653244314625497,5.598147771365358e-08,bidisperse_a0.005_sr0.667_x1.5_N4000_L24_T400000_seed2.npz,bidisperse,2,0.005,0.6666666666666666,1.5,0.6350513260558821
384000.0,0.9015199897261024,122,0.815,,0.5424129609102577,0.35322096991004037,5.449826737258343e-08,bidisperse_a0.005_sr0.667_x1.5_N4000_L24_T400000_seed2.npz,bidisperse,2,0.005,0.6666666666666666,1.5,0.6350513260558821
386000.0,0.8997794943059192,130,0.812,,0.47974878114750164,0.36013227239847057,6.118076658428569e-08,bidisperse_a0.005_sr0.667_x1.5_N4000_L24_T400000_seed2.npz,bidisperse,2,0.005,0.6666666666666666,1.5,0.6350513260558821
388000.0,0.8996517893229478,116,0.809,,0.5205259149698246,0.36189099917423617,5.826860563351318e-08,bidisperse_a0.005_sr0.667_x1.5_N4000_L24_T400000_seed2.npz,bidisperse,2,0.005,0.6666666666666666,1.5,0.6350513260558821
390000.0,0.8984981823731745,127,0.80625,,0.4503337451969163,0.34834147863158993,5.881853641477466e-08,bidisperse_a0.005_sr0.667_x1.5_N4000_L24_T400000_seed2.npz,bidisperse,2,0.005,0.6666666666666666,1.5,0.6350513260558821
392000.0,0.8990866482388308,134,0.8105,,0.4483059972344112,0.33350774382586856,5.902195589896851e-08,bidisperse_a0.005_sr0.667_x1.5_N4000_L24_T400000_seed2.npz,bidisperse,2,0.005,0.6666666666666666,1.5,0.6350513260558821
394000.0,0.8977280336640714,150,0.8,,0.45453878682035176,0.3361853088480802,5.609659862977097e-08,bidisperse_a0.005_sr0.667_x1.5_N4000_L24_T400000_seed2.npz,bidisperse,2,0.005,0.6666666666666666,1.5,0.6350513260558821
396000.0,0.8987801164544741,158,0.80425,,0.47551798721943106,0.3248106060606061,5.402667820961432e-08,bidisperse_a0.005_sr0.667_x1.5_N4000_L24_T400000_seed2.npz,bidisperse,2,0.005,0.6666666666666666,1.5,0.6350513260558821
398000.0,0.898867062439013,142,0.80725,,0.4531649998792521,0.3284051588549859,5.721495787886988e-08,bidisperse_a0.005_sr0.667_x1.5_N4000_L24_T400000_seed2.npz,bidisperse,2,0.005,0.6666666666666666,1.5,0.6350513260558821
400000.0,0.8990671967809021,140,0.81875,0.5162392561608331,0.4958061158252529,0.3401374713601333,5.637767800496464e-08,bidisperse_a0.005_sr0.667_x1.5_N4000_L24_T400000_seed2.npz,bidisperse,2,0.005,0.6666666666666666,1.5,0.6350513260558821
0.0,0.99674515939866,785,0.00575,0.8872334445084951,,,,bidisperse_a0.005_sr0.667_x1.5_N4000_L24_T400000_seed3.npz,bidisperse,3,0.005,0.6666666666666666,1.5,0.6005688029239877
2000.0,0.9738522204692843,133,0.08275,,0.08530556095585738,0.9066448291998128,4.0513713239498764e-08,bidisperse_a0.005_sr0.667_x1.5_N4000_L24_T400000_seed3.npz,bidisperse,3,0.005,0.6666666666666666,1.5,0.6005688029239877
4000.0,0.9654464541652222,116,0.1235,,0.49434174859760366,0.7478874639626205,4.577863913554906e-08,bidisperse_a0.005_sr0.667_x1.5_N4000_L24_T400000_seed3.npz,bidisperse,3,0.005,0.6666666666666666,1.5,0.6005688029239877
6000.0,0.9611667419050355,142,0.08725,,0.5482499047412019,0.6910213020107505,4.5015011749455986e-08,bidisperse_a0.005_sr0.667_x1.5_N4000_L24_T400000_seed3.npz,bidisperse,3,0.005,0.6666666666666666,1.5,0.6005688029239877
8000.0,0.9573947831567304,137,0.14775,,0.6288330062473069,0.6371196754563895,4.806551494398254e-08,bidisperse_a0.005_sr0.667_x1.5_N4000_L24_T400000_seed3.npz,bidisperse,3,0.005,0.6666666666666666,1.5,0.6005688029239877
10000.0,0.9549943779048179,123,0.1765,,0.6524025509126129,0.6236526644504885,4.157606455230416e-08,bidisperse_a0.005_sr0.667_x1.5_N4000_L24_T400000_seed3.npz,bidisperse,3,0.005,0.6666666666666666,1.5,0.6005688029239877
12000.0,0.9527137252456802,137,0.15325,,0.5807496793977,0.5998369177453878,4.262295380842275e-08,bidisperse_a0.005_sr0.667_x1.5_N4000_L24_T400000_seed3.npz,bidisperse,3,0.005,0.6666666666666666,1.5,0.6005688029239877
14000.0,0.9504919844952927,122,0.16375,,0.6372491712888202,0.5899258657459124,4.6146481862403227e-08,bidisperse_a0.005_sr0.667_x1.5_N4000_L24_T400000_seed3.npz,bidisperse,3,0.005,0.6666666666666666,1.5,0.6005688029239877
16000.0,0.9453971145318357,125,0.30375,,0.6056720396841058,0.5857533137711222,4.1501184719939804e-08,bidisperse_a0.005_sr0.667_x1.5_N4000_L24_T400000_seed3.npz,bidisperse,3,0.005,0.6666666666666666,1.5,0.6005688029239877
18000.0,0.9403183265434438,115,0.301,,0.5991881445397158,0.582315241337873,4.236822190452615e-08,bidisperse_a0.005_sr0.667_x1.5_N4000_L24_T400000_seed3.npz,bidisperse,3,0.005,0.6666666666666666,1.5,0.6005688029239877
20000.0,0.9362601000606195,120,0.3,,0.6123469479834796,0.5543827905106554,4.921354832618682e-08,bidisperse_a0.005_sr0.667_x1.5_N4000_L24_T400000_seed3.npz,bidisperse,3,0.005,0.6666666666666666,1.5,0.6005688029239877
22000.0,0.9337703916253548,144,0.29225,,0.5312908245565898,0.5514216575922565,4.7159288861266216e-08,bidisperse_a0.005_sr0.667_x1.5_N4000_L24_T400000_seed3.npz,bidisperse,3,0.005,0.6666666666666666,1.5,0.6005688029239877
24000.0,0.9289985811401025,148,0.28925,,0.49318146792503226,0.5315962248666393,4.589283760610433e-08,bidisperse_a0.005_sr0.667_x1.5_N4000_L24_T400000_seed3.npz,bidisperse,3,0.005,0.6666666666666666,1.5,0.6005688029239877
26000.0,0.9311575512822914,144,0.2945,,0.5523711455984953,0.5183887915936953,5.248113834048725e-08,bidisperse_a0.005_sr0.667_x1.5_N4000_L24_T400000_seed3.npz,bidisperse,3,0.005,0.6666666666666666,1.5,0.6005688029239877
28000.0,0.9284520777185807,146,0.28575,,0.5163065336031634,0.5069508804448564,5.893911870105243e-08,bidisperse_a0.005_sr0.667_x1.5_N4000_L24_T400000_seed3.npz,bidisperse,3,0.005,0.6666666666666666,1.5,0.6005688029239877
30000.0,0.9306324657103519,133,0.31075,,0.5503899379834388,0.493861549571856,5.613510436997173e-08,bidisperse_a0.005_sr0.667_x1.5_N4000_L24_T400000_seed3.npz,bidisperse,3,0.005,0.6666666666666666,1.5,0.6005688029239877
32000.0,0.9253262579718472,137,0.3015,,0.5466544032857144,0.49070173636083425,5.883872202418425e-08,bidisperse_a0.005_sr0.667_x1.5_N4000_L24_T400000_seed3.npz,bidisperse,3,0.005,0.6666666666666666,1.5,0.6005688029239877
34000.0,0.9250388721343102,137,0.3065,,0.5335455475106265,0.4855094726062468,4.9017002940000467e-08,bidisperse_a0.005_sr0.667_x1.5_N4000_L24_T400000_seed3.npz,bidisperse,3,0.005,0.6666666666666666,1.5,0.6005688029239877
36000.0,0.9230327057801941,130,0.3065,,0.5711170726227536,0.4652290548906315,5.568756984222851e-08,bidisperse_a0.005_sr0.667_x1.5_N4000_L24_T400000_seed3.npz,bidisperse,3,0.005,0.6666666666666666,1.5,0.6005688029239877
38000.0,0.9239846046982991,129,0.3165,,0.5743297742576231,0.46435572062313013,5.971232288209246e-08,bidisperse_a0.005_sr0.667_x1.5_N4000_L24_T400000_seed3.npz,bidisperse,3,0.005,0.6666666666666666,1.5,0.6005688029239877
40000.0,0.922217357721128,145,0.314,,0.5818023369391029,0.48067089384332173,5.271847216336923e-08,bidisperse_a0.005_sr0.667_x1.5_N4000_L24_T400000_seed3.npz,bidisperse,3,0.005,0.6666666666666666,1.5,0.6005688029239877
42000.0,0.9202310266012118,141,0.3175,,0.5286561114719797,0.46299927753122094,4.628584225968164e-08,bidisperse_a0.005_sr0.667_x1.5_N4000_L24_T400000_seed3.npz,bidisperse,3,0.005,0.6666666666666666,1.5,0.6005688029239877
44000.0,0.9195490325872896,160,0.312,,0.5808092016068114,0.4633271870518336,4.8038693360061585e-08,bidisperse_a0.005_sr0.667_x1.5_N4000_L24_T400000_seed3.npz,bidisperse,3,0.005,0.6666666666666666,1.5,0.6005688029239877
46000.0,0.9183725628268443,131,0.314,,0.6025613445728696,0.4401568303755675,5.134328970157809e-08,bidisperse_a0.005_sr0.667_x1.5_N4000_L24_T400000_seed3.npz,bidisperse,3,0.005,0.6666666666666666,1.5,0.6005688029239877
48000.0,0.918023137866165,131,0.316,,0.5668427629523876,0.4473496067817383,5.232024451607081e-08,bidisperse_a0.005_sr0.667_x1.5_N4000_L24_T400000_seed3.npz,bidisperse,3,0.005,0.6666666666666666,1.5,0.6005688029239877
50000.0,0.9188342828358994,126,0.30975,,0.5684025492001863,0.4364777286287419,5.0459107597949555e-08,bidisperse_a0.005_sr0.667_x1.5_N4000_L24_T400000_seed3.npz,bidisperse,3,0.005,0.6666666666666666,1.5,0.6005688029239877
52000.0,0.9166568109858236,130,0.32925,,0.6090920881992401,0.4599370366609119,5.293612296988252e-08,bidisperse_a0.005_sr0.667_x1.5_N4000_L24_T400000_seed3.npz,bidisperse,3,0.005,0.6666666666666666,1.5,0.6005688029239877
54000.0,0.9167422835378604,135,0.31425,,0.5410353418753062,0.4544802867383513,4.429902126466528e-08,bidisperse_a0.005_sr0.667_x1.5_N4000_L24_T400000_seed3.npz,bidisperse,3,0.005,0.6666666666666666,1.5,0.6005688029239877
56000.0,0.9167466809976883,141,0.31275,,0.5392580793056553,0.4305468912455812,4.899137182132077e-08,bidisperse_a0.005_sr0.667_x1.5_N4000_L24_T400000_seed3.npz,bidisperse,3,0.005,0.6666666666666666,1.5,0.6005688029239877
58000.0,0.9186176152830464,149,0.311,,0.5538042439625638,0.4393279402613566,4.79438851407588e-08,bidisperse_a0.005_sr0.667_x1.5_N4000_L24_T400000_seed3.npz,bidisperse,3,0.005,0.6666666666666666,1.5,0.6005688029239877
60000.0,0.9190378802875357,145,0.3165,,0.5207733538523165,0.4404118136439268,5.2001865544361676e-08,bidisperse_a0.005_sr0.667_x1.5_N4000_L24_T400000_seed3.npz,bidisperse,3,0.005,0.6666666666666666,1.5,0.6005688029239877
62000.0,0.9218948960158742,130,0.3855,,0.5480400267038802,0.44389489953632144,5.621542809982995e-08,bidisperse_a0.005_sr0.667_x1.5_N4000_L24_T400000_seed3.npz,bidisperse,3,0.005,0.6666666666666666,1.5,0.6005688029239877
64000.0,0.9191781383685975,120,0.3355,,0.5256959740345915,0.45974532758266584,5.252804653705009e-08,bidisperse_a0.005_sr0.667_x1.5_N4000_L24_T400000_seed3.npz,bidisperse,3,0.005,0.6666666666666666,1.5,0.6005688029239877
66000.0,0.9192530630913054,132,0.33825,,0.5287778349330458,0.4598645042085814,6.08146451873232e-08,bidisperse_a0.005_sr0.667_x1.5_N4000_L24_T400000_seed3.npz,bidisperse,3,0.005,0.6666666666666666,1.5,0.6005688029239877
68000.0,0.9160852705924626,124,0.38325,,0.5072491339482477,0.4594180704441041,6.131038038425012e-08,bidisperse_a0.005_sr0.667_x1.5_N4000_L24_T400000_seed3.npz,bidisperse,3,0.005,0.6666666666666666,1.5,0.6005688029239877
70000.0,0.9160576089238638,125,0.388,,0.5060917747635212,0.4703117015840572,5.378822403514812e-08,bidisperse_a0.005_sr0.667_x1.5_N4000_L24_T400000_seed3.npz,bidisperse,3,0.005,0.6666666666666666,1.5,0.6005688029239877
72000.0,0.9168320686226545,142,0.38,,0.4733298277341408,0.4505642406046174,6.051956482945833e-08,bidisperse_a0.005_sr0.667_x1.5_N4000_L24_T400000_seed3.npz,bidisperse,3,0.005,0.6666666666666666,1.5,0.6005688029239877
74000.0,0.9171357090592787,130,0.38475,,0.5458077442896359,0.44920061887570917,5.9220456386850896e-08,bidisperse_a0.005_sr0.667_x1.5_N4000_L24_T400000_seed3.npz,bidisperse,3,0.005,0.6666666666666666,1.5,0.6005688029239877
76000.0,0.9179237065541628,154,0.37975,,0.5607211943492474,0.43770833333333337,5.308436693522062e-08,bidisperse_a0.005_sr0.667_x1.5_N4000_L24_T400000_seed3.npz,bidisperse,3,0.005,0.6666666666666666,1.5,0.6005688029239877
78000.0,0.9170422897876556,154,0.3795,,0.5238918105428877,0.4407963310402335,5.842779904614427e-08,bidisperse_a0.005_sr0.667_x1.5_N4000_L24_T400000_seed3.npz,bidisperse,3,0.005,0.6666666666666666,1.5,0.6005688029239877
80000.0,0.9184849540566246,123,0.395,,0.5390748757856371,0.4431218300382983,5.71611060505787e-08,bidisperse_a0.005_sr0.667_x1.5_N4000_L24_T400000_seed3.npz,bidisperse,3,0.005,0.6666666666666666,1.5,0.6005688029239877
82000.0,0.9182573600429063,127,0.398,,0.5051238684082158,0.4485512439848469,5.3378144826402e-08,bidisperse_a0.005_sr0.667_x1.5_N4000_L24_T400000_seed3.npz,bidisperse,3,0.005,0.6666666666666666,1.5,0.6005688029239877
84000.0,0.9202511526325188,137,0.74225,,0.5044186069451166,0.4521987552290583,5.878835406501494e-08,bidisperse_a0.005_sr0.667_x1.5_N4000_L24_T400000_seed3.npz,bidisperse,3,0.005,0.6666666666666666,1.5,0.6005688029239877
86000.0,0.9187723890550549,137,0.745,,0.5003415405705381,0.4429661716171617,5.723086683832346e-08,bidisperse_a0.005_sr0.667_x1.5_N4000_L24_T400000_seed3.npz,bidisperse,3,0.005,0.6666666666666666,1.5,0.6005688029239877
88000.0,0.9181847761056426,142,0.43625,,0.5418025998045468,0.43462457160660506,5.7372023198861945e-08,bidisperse_a0.005_sr0.667_x1.5_N4000_L24_T400000_seed3.npz,bidisperse,3,0.005,0.6666666666666666,1.5,0.6005688029239877
90000.0,0.918146210807571,148,0.40475,,0.4962857309019301,0.42782699322563833,5.278254623603537e-08,bidisperse_a0.005_sr0.667_x1.5_N4000_L24_T400000_seed3.npz,bidisperse,3,0.005,0.6666666666666666,1.5,0.6005688029239877
92000.0,0.9174832452595045,125,0.524,,0.49239903400220336,0.42886855241264554,5.601428842083484e-08,bidisperse_a0.005_sr0.667_x1.5_N4000_L24_T400000_seed3.npz,bidisperse,3,0.005,0.6666666666666666,1.5,0.6005688029239877
94000.0,0.9173162468287988,134,0.434,,0.4960438333502651,0.41851504738102674,5.953592876652142e-08,bidisperse_a0.005_sr0.667_x1.5_N4000_L24_T400000_seed3.npz,bidisperse,3,0.005,0.6666666666666666,1.5,0.6005688029239877
96000.0,0.9181001897703589,134,0.53575,,0.5571073224718055,0.42591059602649006,5.15545894278535e-08,bidisperse_a0.005_sr0.667_x1.5_N4000_L24_T400000_seed3.npz,bidisperse,3,0.005,0.6666666666666666,1.5,0.6005688029239877
98000.0,0.9185581236141527,125,0.546,,0.5135643332461258,0.44237113402061856,5.542174800117632e-08,bidisperse_a0.005_sr0.667_x1.5_N4000_L24_T400000_seed3.npz,bidisperse,3,0.005,0.6666666666666666,1.5,0.6005688029239877
100000.0,0.9175901969072772,126,0.56225,0.5313425861662081,0.5538665631451928,0.45219611848825336,6.01911684592483e-08,bidisperse_a0.005_sr0.667_x1.5_N4000_L24_T400000_seed3.npz,bidisperse,3,0.005,0.6666666666666666,1.5,0.6005688029239877
102000.0,0.9179835756652948,122,0.55975,,0.5809834641974497,0.4222405441615995,5.382974839518819e-08,bidisperse_a0.005_sr0.667_x1.5_N4000_L24_T400000_seed3.npz,bidisperse,3,0.005,0.6666666666666666,1.5,0.6005688029239877
104000.0,0.9198714623055952,102,0.58825,,0.5237070040997187,0.4289798835903196,4.506317062367193e-08,bidisperse_a0.005_sr0.667_x1.5_N4000_L24_T400000_seed3.npz,bidisperse,3,0.005,0.6666666666666666,1.5,0.6005688029239877
106000.0,0.9184800805224482,102,0.73075,,0.5497283708608108,0.4349544072948328,4.818093519583998e-08,bidisperse_a0.005_sr0.667_x1.5_N4000_L24_T400000_seed3.npz,bidisperse,3,0.005,0.6666666666666666,1.5,0.6005688029239877
108000.0,0.9176268267830392,123,0.8015,,0.5215467474500931,0.42763225475089883,4.945217114241652e-08,bidisperse_a0.005_sr0.667_x1.5_N4000_L24_T400000_seed3.npz,bidisperse,3,0.005,0.6666666666666666,1.5,0.6005688029239877
110000.0,0.9180106395736823,116,0.7915,,0.5554565045645923,0.42721158820486294,4.204531658103965e-08,bidisperse_a0.005_sr0.667_x1.5_N4000_L24_T400000_seed3.npz,bidisperse,3,0.005,0.6666666666666666,1.5,0.6005688029239877
112000.0,0.9163631734474483,105,0.7855,,0.5317559498911067,0.42271650705385644,4.65653682706949e-08,bidisperse_a0.005_sr0.667_x1.5_N4000_L24_T400000_seed3.npz,bidisperse,3,0.005,0.6666666666666666,1.5,0.6005688029239877
114000.0,0.915791913203953,111,0.79175,,0.5187148570662373,0.41168672241484805,4.272933333167299e-08,bidisperse_a0.005_sr0.667_x1.5_N4000_L24_T400000_seed3.npz,bidisperse,3,0.005,0.6666666666666666,1.5,0.6005688029239877
116000.0,0.9152891382405376,118,0.77375,,0.47883694786381686,0.3978725580443899,3.7997139482351806e-08,bidisperse_a0.005_sr0.667_x1.5_N4000_L24_T400000_seed3.npz,bidisperse,3,0.005,0.6666666666666666,1.5,0.6005688029239877
118000.0,0.9133292992279765,124,0.776,,0.5045583933312017,0.3967452878772273,4.047158194925069e-08,bidisperse_a0.005_sr0.667_x1.5_N4000_L24_T400000_seed3.npz,bidisperse,3,0.005,0.6666666666666666,1.5,0.6005688029239877
120000.0,0.9145626302704907,120,0.77875,,0.5230777977658306,0.40385601476771615,4.77509025145679e-08,bidisperse_a0.005_sr0.667_x1.5_N4000_L24_T400000_seed3.npz,bidisperse,3,0.005,0.6666666666666666,1.5,0.6005688029239877
122000.0,0.9167352112031717,128,0.4615,,0.5562368556973414,0.40113110539845753,4.622085278436861e-08,bidisperse_a0.005_sr0.667_x1.5_N4000_L24_T400000_seed3.npz,bidisperse,3,0.005,0.6666666666666666,1.5,0.6005688029239877
124000.0,0.9114893641261816,118,0.7605,,0.5112196984075478,0.39827196050195435,4.940694227115725e-08,bidisperse_a0.005_sr0.667_x1.5_N4000_L24_T400000_seed3.npz,bidisperse,3,0.005,0.6666666666666666,1.5,0.6005688029239877
126000.0,0.9108588019624666,126,0.76525,,0.4715346685210064,0.38950304783552014,5.1611367131073e-08,bidisperse_a0.005_sr0.667_x1.5_N4000_L24_T400000_seed3.npz,bidisperse,3,0.005,0.6666666666666666,1.5,0.6005688029239877
128000.0,0.9122128105828456,138,0.76875,,0.5609212869785578,0.40800655267738306,5.0071226699000326e-08,bidisperse_a0.005_sr0.667_x1.5_N4000_L24_T400000_seed3.npz,bidisperse,3,0.005,0.6666666666666666,1.5,0.6005688029239877
130000.0,0.910762148826029,119,0.77575,,0.5155736164316661,0.41069060491686216,4.854378151416434e-08,bidisperse_a0.005_sr0.667_x1.5_N4000_L24_T400000_seed3.npz,bidisperse,3,0.005,0.6666666666666666,1.5,0.6005688029239877
132000.0,0.912542112835229,117,0.788,,0.5580764188467928,0.40712311943506296,4.767857212354185e-08,bidisperse_a0.005_sr0.667_x1.5_N4000_L24_T400000_seed3.npz,bidisperse,3,0.005,0.6666666666666666,1.5,0.6005688029239877
134000.0,0.9085471326471067,144,0.79125,,0.4729025023843297,0.40595078760424175,4.658616877281256e-08,bidisperse_a0.005_sr0.667_x1.5_N4000_L24_T400000_seed3.npz,bidisperse,3,0.005,0.6666666666666666,1.5,0.6005688029239877
136000.0,0.9108377682469833,128,0.7805,,0.5575642268783838,0.40689726594863296,5.1351365682559294e-08,bidisperse_a0.005_sr0.667_x1.5_N4000_L24_T400000_seed3.npz,bidisperse,3,0.005,0.6666666666666666,1.5,0.6005688029239877
138000.0,0.9087950726501075,140,0.78325,,0.4988815327951703,0.40374082876924666,5.4041153121019005e-08,bidisperse_a0.005_sr0.667_x1.5_N4000_L24_T400000_seed3.npz,bidisperse,3,0.005,0.6666666666666666,1.5,0.6005688029239877
140000.0,0.905214915722185,128,0.7935,,0.4786936489690892,0.38677106944158257,4.973391320298393e-08,bidisperse_a0.005_sr0.667_x1.5_N4000_L24_T400000_seed3.npz,bidisperse,3,0.005,0.6666666666666666,1.5,0.6005688029239877
142000.0,0.9063670158337779,142,0.791,,0.4469639502489531,0.38347107438016526,5.060387890452517e-08,bidisperse_a0.005_sr0.667_x1.5_N4000_L24_T400000_seed3.npz,bidisperse,3,0.005,0.6666666666666666,1.5,0.6005688029239877
144000.0,0.9044044502511055,135,0.79525,,0.5455723131067917,0.3896398720462284,5.194105055888665e-08,bidisperse_a0.005_sr0.667_x1.5_N4000_L24_T400000_seed3.npz,bidisperse,3,0.005,0.6666666666666666,1.5,0.6005688029239877
146000.0,0.9058396520367087,132,0.789,,0.4567477429467831,0.3878744357816988,5.368039191692661e-08,bidisperse_a0.005_sr0.667_x1.5_N4000_L24_T400000_seed3.npz,bidisperse,3,0.005,0.6666666666666666,1.5,0.6005688029239877
148000.0,0.9046748941893121,107,0.798,,0.4622950436346578,0.3835238873009391,5.722092603740101e-08,bidisperse_a0.005_sr0.667_x1.5_N4000_L24_T400000_seed3.npz,bidisperse,3,0.005,0.6666666666666666,1.5,0.6005688029239877
150000.0,0.902667663259331,142,0.78525,,0.4766466739369886,0.37587484561547957,4.9844268504119254e-08,bidisperse_a0.005_sr0.667_x1.5_N4000_L24_T400000_seed3.npz,bidisperse,3,0.005,0.6666666666666666,1.5,0.6005688029239877
152000.0,0.905441790403704,139,0.77675,,0.4264420127676822,0.380352904756991,5.454029045978952e-08,bidisperse_a0.005_sr0.667_x1.5_N4000_L24_T400000_seed3.npz,bidisperse,3,0.005,0.6666666666666666,1.5,0.6005688029239877
154000.0,0.9053205212461097,134,0.78625,,0.46965413943494644,0.3844722423239946,5.488535509982908e-08,bidisperse_a0.005_sr0.667_x1.5_N4000_L24_T400000_seed3.npz,bidisperse,3,0.005,0.6666666666666666,1.5,0.6005688029239877
156000.0,0.9051752320397612,143,0.78325,,0.5188690546112895,0.3962167163565333,5.045688336500973e-08,bidisperse_a0.005_sr0.667_x1.5_N4000_L24_T400000_seed3.npz,bidisperse,3,0.005,0.6666666666666666,1.5,0.6005688029239877
158000.0,0.9056966556243257,124,0.79425,,0.4909466467472643,0.37349647449191203,5.3806243117898635e-08,bidisperse_a0.005_sr0.667_x1.5_N4000_L24_T400000_seed3.npz,bidisperse,3,0.005,0.6666666666666666,1.5,0.6005688029239877
160000.0,0.9054965747764239,140,0.781,,0.5032863650110893,0.36471444918339746,5.429719771368165e-08,bidisperse_a0.005_sr0.667_x1.5_N4000_L24_T400000_seed3.npz,bidisperse,3,0.005,0.6666666666666666,1.5,0.6005688029239877
162000.0,0.9058208790972718,137,0.79225,,0.5178639520061801,0.37421351211964926,5.165117296195803e-08,bidisperse_a0.005_sr0.667_x1.5_N4000_L24_T400000_seed3.npz,bidisperse,3,0.005,0.6666666666666666,1.5,0.6005688029239877
164000.0,0.9059819486920397,130,0.792,,0.4917958645820622,0.3866461222393426,4.987284386470695e-08,bidisperse_a0.005_sr0.667_x1.5_N4000_L24_T400000_seed3.npz,bidisperse,3,0.005,0.6666666666666666,1.5,0.6005688029239877
166000.0,0.9040234418884359,144,0.79275,,0.5315693962705655,0.39073462649607926,5.6240225018190385e-08,bidisperse_a0.005_sr0.667_x1.5_N4000_L24_T400000_seed3.npz,bidisperse,3,0.005,0.6666666666666666,1.5,0.6005688029239877
168000.0,0.9060455867541812,131,0.78075,,0.5524672650055926,0.37543018041505893,5.5633131350931777e-08,bidisperse_a0.005_sr0.667_x1.5_N4000_L24_T400000_seed3.npz,bidisperse,3,0.005,0.6666666666666666,1.5,0.6005688029239877
170000.0,0.9061459711600048,139,0.78675,,0.47909511546313216,0.3809672386895476,5.223482626466365e-08,bidisperse_a0.005_sr0.667_x1.5_N4000_L24_T400000_seed3.npz,bidisperse,3,0.005,0.6666666666666666,1.5,0.6005688029239877
172000.0,0.9053300204857068,145,0.78075,,0.5035070751291434,0.38953247827885806,5.410381672249281e-08,bidisperse_a0.005_sr0.667_x1.5_N4000_L24_T400000_seed3.npz,bidisperse,3,0.005,0.6666666666666666,1.5,0.6005688029239877
174000.0,0.905469341525243,115,0.78825,,0.4957349045007516,0.40805067429505515,5.834516552114056e-08,bidisperse_a0.005_sr0.667_x1.5_N4000_L24_T400000_seed3.npz,bidisperse,3,0.005,0.6666666666666666,1.5,0.6005688029239877
176000.0,0.9040623009485231,141,0.7735,,0.4868838466289708,0.391026302217638,5.731905464728719e-08,bidisperse_a0.005_sr0.667_x1.5_N4000_L24_T400000_seed3.npz,bidisperse,3,0.005,0.6666666666666666,1.5,0.6005688029239877
178000.0,0.9046274697346318,130,0.76075,,0.45135431360698536,0.40026746219524745,5.593826969944819e-08,bidisperse_a0.005_sr0.667_x1.5_N4000_L24_T400000_seed3.npz,bidisperse,3,0.005,0.6666666666666666,1.5,0.6005688029239877
180000.0,0.9060018580875492,116,0.77425,,0.4815884674376381,0.39615067929188963,5.5008270465712424e-08,bidisperse_a0.005_sr0.667_x1.5_N4000_L24_T400000_seed3.npz,bidisperse,3,0.005,0.6666666666666666,1.5,0.6005688029239877
182000.0,0.903737956318967,137,0.7695,,0.455146253943922,0.3939735574459362,6.12190120701728e-08,bidisperse_a0.005_sr0.667_x1.5_N4000_L24_T400000_seed3.npz,bidisperse,3,0.005,0.6666666666666666,1.5,0.6005688029239877
184000.0,0.9026813786186325,147,0.76875,,0.5012676760334615,0.37161034626616607,5.975965369914185e-08,bidisperse_a0.005_sr0.667_x1.5_N4000_L24_T400000_seed3.npz,bidisperse,3,0.005,0.6666666666666666,1.5,0.6005688029239877
186000.0,0.9062061736883819,149,0.76725,,0.4741387368225109,0.37365394668060636,5.926142966412661e-08,bidisperse_a0.005_sr0.667_x1.5_N4000_L24_T400000_seed3.npz,bidisperse,3,0.005,0.6666666666666666,1.5,0.6005688029239877
188000.0,0.9056492915573602,146,0.78275,,0.48576454222590454,0.39054545454545453,5.5342184474326e-08,bidisperse_a0.005_sr0.667_x1.5_N4000_L24_T400000_seed3.npz,bidisperse,3,0.005,0.6666666666666666,1.5,0.6005688029239877
190000.0,0.90328492274368,126,0.78075,,0.4813460180288137,0.3842558936545851,5.533981160499142e-08,bidisperse_a0.005_sr0.667_x1.5_N4000_L24_T400000_seed3.npz,bidisperse,3,0.005,0.6666666666666666,1.5,0.6005688029239877
192000.0,0.9053339884210002,133,0.76425,,0.4791801547215365,0.3940390544707092,5.398186763831132e-08,bidisperse_a0.005_sr0.667_x1.5_N4000_L24_T400000_seed3.npz,bidisperse,3,0.005,0.6666666666666666,1.5,0.6005688029239877
194000.0,0.905437929005789,131,0.767,,0.5001487176700026,0.384083402146986,5.361450855606227e-08,bidisperse_a0.005_sr0.667_x1.5_N4000_L24_T400000_seed3.npz,bidisperse,3,0.005,0.6666666666666666,1.5,0.6005688029239877
196000.0,0.9045901692422456,124,0.78925,,0.4822087881785966,0.3813603055010837,5.4210060919309104e-08,bidisperse_a0.005_sr0.667_x1.5_N4000_L24_T400000_seed3.npz,bidisperse,3,0.005,0.6666666666666666,1.5,0.6005688029239877
198000.0,0.907309901699033,122,0.78475,,0.4921314038696519,0.3848291477974475,5.7550513228621806e-08,bidisperse_a0.005_sr0.667_x1.5_N4000_L24_T400000_seed3.npz,bidisperse,3,0.005,0.6666666666666666,1.5,0.6005688029239877
200000.0,0.9034640253538312,143,0.77675,0.5252388760395488,0.44252469386685833,0.38917472731014613,5.011376147664402e-08,bidisperse_a0.005_sr0.667_x1.5_N4000_L24_T400000_seed3.npz,bidisperse,3,0.005,0.6666666666666666,1.5,0.6005688029239877
202000.0,0.9046974187458411,147,0.7615,,0.5029056469708102,0.37328482328482326,5.0622270466747694e-08,bidisperse_a0.005_sr0.667_x1.5_N4000_L24_T400000_seed3.npz,bidisperse,3,0.005,0.6666666666666666,1.5,0.6005688029239877
204000.0,0.9019535935289545,145,0.78575,,0.4873460435360989,0.3499790180444817,5.486617580354407e-08,bidisperse_a0.005_sr0.667_x1.5_N4000_L24_T400000_seed3.npz,bidisperse,3,0.005,0.6666666666666666,1.5,0.6005688029239877
206000.0,0.9043436704124906,136,0.794,,0.4971146811918221,0.3629499379395945,5.781396250404844e-08,bidisperse_a0.005_sr0.667_x1.5_N4000_L24_T400000_seed3.npz,bidisperse,3,0.005,0.6666666666666666,1.5,0.6005688029239877
208000.0,0.9044434349354088,128,0.79975,,0.47006372745928565,0.3491703596825724,5.696681584641147e-08,bidisperse_a0.005_sr0.667_x1.5_N4000_L24_T400000_seed3.npz,bidisperse,3,0.005,0.6666666666666666,1.5,0.6005688029239877
210000.0,0.9014781527524699,118,0.796,,0.43481618254459414,0.3439011837364899,4.962393849799166e-08,bidisperse_a0.005_sr0.667_x1.5_N4000_L24_T400000_seed3.npz,bidisperse,3,0.005,0.6666666666666666,1.5,0.6005688029239877
212000.0,0.8997484780178836,113,0.80175,,0.5154500394915716,0.3432728023111845,5.237421049272821e-08,bidisperse_a0.005_sr0.667_x1.5_N4000_L24_T400000_seed3.npz,bidisperse,3,0.005,0.6666666666666666,1.5,0.6005688029239877
214000.0,0.9017479443823964,134,0.78625,,0.47431347519940176,0.34120327223775504,5.056904290253944e-08,bidisperse_a0.005_sr0.667_x1.5_N4000_L24_T400000_seed3.npz,bidisperse,3,0.005,0.6666666666666666,1.5,0.6005688029239877
216000.0,0.900521730445642,142,0.787,,0.4637413994693031,0.339973026247536,4.936257307400273e-08,bidisperse_a0.005_sr0.667_x1.5_N4000_L24_T400000_seed3.npz,bidisperse,3,0.005,0.6666666666666666,1.5,0.6005688029239877
218000.0,0.9014485602291509,128,0.78675,,0.4852544877561205,0.3351003014239684,4.590687165243502e-08,bidisperse_a0.005_sr0.667_x1.5_N4000_L24_T400000_seed3.npz,bidisperse,3,0.005,0.6666666666666666,1.5,0.6005688029239877
220000.0,0.901286560478779,128,0.7965,,0.48332683750691274,0.3466845140032949,5.1244157249823394e-08,bidisperse_a0.005_sr0.667_x1.5_N4000_L24_T400000_seed3.npz,bidisperse,3,0.005,0.6666666666666666,1.5,0.6005688029239877
222000.0,0.9016972141211647,121,0.7895,,0.5602024437040255,0.3277328355113047,4.983316069825746e-08,bidisperse_a0.005_sr0.667_x1.5_N4000_L24_T400000_seed3.npz,bidisperse,3,0.005,0.6666666666666666,1.5,0.6005688029239877
224000.0,0.9002637322970986,132,0.7985,,0.45627563415164146,0.3395425851184932,5.121371417882848e-08,bidisperse_a0.005_sr0.667_x1.5_N4000_L24_T400000_seed3.npz,bidisperse,3,0.005,0.6666666666666666,1.5,0.6005688029239877
226000.0,0.900531188712522,140,0.792,,0.47146266894448563,0.3573576687752774,5.3872883320928304e-08,bidisperse_a0.005_sr0.667_x1.5_N4000_L24_T400000_seed3.npz,bidisperse,3,0.005,0.6666666666666666,1.5,0.6005688029239877
228000.0,0.9007453954331901,131,0.7945,,0.42458237390326065,0.3647655522202671,5.333157559674345e-08,bidisperse_a0.005_sr0.667_x1.5_N4000_L24_T400000_seed3.npz,bidisperse,3,0.005,0.6666666666666666,1.5,0.6005688029239877
230000.0,0.9025576819035327,125,0.7945,,0.4544706663025516,0.3494126208545587,5.351431996785934e-08,bidisperse_a0.005_sr0.667_x1.5_N4000_L24_T400000_seed3.npz,bidisperse,3,0.005,0.6666666666666666,1.5,0.6005688029239877
232000.0,0.9021471177474494,142,0.78175,,0.5321319802375523,0.3458975426905456,5.4227026261300044e-08,bidisperse_a0.005_sr0.667_x1.5_N4000_L24_T400000_seed3.npz,bidisperse,3,0.005,0.6666666666666666,1.5,0.6005688029239877
234000.0,0.9013296125476319,152,0.80075,,0.5048654800859964,0.35293503237936075,5.388451148121811e-08,bidisperse_a0.005_sr0.667_x1.5_N4000_L24_T400000_seed3.npz,bidisperse,3,0.005,0.6666666666666666,1.5,0.6005688029239877
236000.0,0.9014281127711035,147,0.79675,,0.47627823561686156,0.34522066513281735,5.222093875493675e-08,bidisperse_a0.005_sr0.667_x1.5_N4000_L24_T400000_seed3.npz,bidisperse,3,0.005,0.6666666666666666,1.5,0.6005688029239877
238000.0,0.9013232889266635,151,0.7765,,0.497276162316463,0.34086648614871906,5.0181834848044886e-08,bidisperse_a0.005_sr0.667_x1.5_N4000_L24_T400000_seed3.npz,bidisperse,3,0.005,0.6666666666666666,1.5,0.6005688029239877
240000.0,0.9007181337642108,127,0.80325,,0.5103899532392872,0.3312015097504718,5.8567241806181036e-08,bidisperse_a0.005_sr0.667_x1.5_N4000_L24_T400000_seed3.npz,bidisperse,3,0.005,0.6666666666666666,1.5,0.6005688029239877
242000.0,0.9014798410244015,134,0.803,,0.4969729971698801,0.3385990438578258,5.339170987725413e-08,bidisperse_a0.005_sr0.667_x1.5_N4000_L24_T400000_seed3.npz,bidisperse,3,0.005,0.6666666666666666,1.5,0.6005688029239877
244000.0,0.899378838396357,136,0.81625,,0.4567529710486428,0.34949557339921766,5.099947013620676e-08,bidisperse_a0.005_sr0.667_x1.5_N4000_L24_T400000_seed3.npz,bidisperse,3,0.005,0.6666666666666666,1.5,0.6005688029239877
246000.0,0.9025255948572217,133,0.81725,,0.4683176206134836,0.3464753844566003,5.2842160724683434e-08,bidisperse_a0.005_sr0.667_x1.5_N4000_L24_T400000_seed3.npz,bidisperse,3,0.005,0.6666666666666666,1.5,0.6005688029239877
248000.0,0.9023058148829834,130,0.794,,0.47671266964320064,0.35865196331031635,5.282303306128326e-08,bidisperse_a0.005_sr0.667_x1.5_N4000_L24_T400000_seed3.npz,bidisperse,3,0.005,0.6666666666666666,1.5,0.6005688029239877
250000.0,0.9012568455635848,150,0.781,,0.4430758275397233,0.361529668502546,5.3798293539473544e-08,bidisperse_a0.005_sr0.667_x1.5_N4000_L24_T400000_seed3.npz,bidisperse,3,0.005,0.6666666666666666,1.5,0.6005688029239877
252000.0,0.9018584445847574,144,0.77825,,0.5247753870807823,0.37657639032458134,5.722797529680767e-08,bidisperse_a0.005_sr0.667_x1.5_N4000_L24_T400000_seed3.npz,bidisperse,3,0.005,0.6666666666666666,1.5,0.6005688029239877
254000.0,0.9050498656663699,125,0.768,,0.5036966584284478,0.3577675968346522,5.4104839662980634e-08,bidisperse_a0.005_sr0.667_x1.5_N4000_L24_T400000_seed3.npz,bidisperse,3,0.005,0.6666666666666666,1.5,0.6005688029239877
256000.0,0.898709616077454,148,0.77225,,0.4995465218577868,0.3461176716480301,5.6048521359017844e-08,bidisperse_a0.005_sr0.667_x1.5_N4000_L24_T400000_seed3.npz,bidisperse,3,0.005,0.6666666666666666,1.5,0.6005688029239877
258000.0,0.9005469344503806,141,0.77225,,0.4905712525139041,0.34226221617662445,4.894766768314389e-08,bidisperse_a0.005_sr0.667_x1.5_N4000_L24_T400000_seed3.npz,bidisperse,3,0.005,0.6666666666666666,1.5,0.6005688029239877
260000.0,0.9030341195784137,145,0.77575,,0.43195128320300186,0.3524394049724332,5.641292440064484e-08,bidisperse_a0.005_sr0.667_x1.5_N4000_L24_T400000_seed3.npz,bidisperse,3,0.005,0.6666666666666666,1.5,0.6005688029239877
262000.0,0.9030896880817659,127,0.77975,,0.45258625223825744,0.36074629977069006,5.382538187930724e-08,bidisperse_a0.005_sr0.667_x1.5_N4000_L24_T400000_seed3.npz,bidisperse,3,0.005,0.6666666666666666,1.5,0.6005688029239877
264000.0,0.9024496411914762,146,0.76775,,0.4289316055790625,0.36278293522478355,5.5390031961972865e-08,bidisperse_a0.005_sr0.667_x1.5_N4000_L24_T400000_seed3.npz,bidisperse,3,0.005,0.6666666666666666,1.5,0.6005688029239877
266000.0,0.9028495581983366,131,0.763,,0.48710533323094085,0.37330293294641936,6.417662637030983e-08,bidisperse_a0.005_sr0.667_x1.5_N4000_L24_T400000_seed3.npz,bidisperse,3,0.005,0.6666666666666666,1.5,0.6005688029239877
268000.0,0.9063820170294464,138,0.775,,0.507164276353117,0.4009865378686671,5.865855759350584e-08,bidisperse_a0.005_sr0.667_x1.5_N4000_L24_T400000_seed3.npz,bidisperse,3,0.005,0.6666666666666666,1.5,0.6005688029239877
270000.0,0.9060751162301824,121,0.76475,,0.49586794806718504,0.40409549289977365,5.7559624634200256e-08,bidisperse_a0.005_sr0.667_x1.5_N4000_L24_T400000_seed3.npz,bidisperse,3,0.005,0.6666666666666666,1.5,0.6005688029239877
272000.0,0.9051464063456562,147,0.75275,,0.502771855886477,0.39224227338726403,5.5998839455096194e-08,bidisperse_a0.005_sr0.667_x1.5_N4000_L24_T400000_seed3.npz,bidisperse,3,0.005,0.6666666666666666,1.5,0.6005688029239877
274000.0,0.9020129497024126,152,0.75475,,0.45168326661873553,0.38505627344726967,6.062291699642022e-08,bidisperse_a0.005_sr0.667_x1.5_N4000_L24_T400000_seed3.npz,bidisperse,3,0.005,0.6666666666666666,1.5,0.6005688029239877
276000.0,0.90244059446382,144,0.759,,0.48951175822618176,0.40410182417808926,5.7765092961353686e-08,bidisperse_a0.005_sr0.667_x1.5_N4000_L24_T400000_seed3.npz,bidisperse,3,0.005,0.6666666666666666,1.5,0.6005688029239877
278000.0,0.9054232739712709,132,0.76,,0.45643673465943063,0.38267486709058685,6.156778948526384e-08,bidisperse_a0.005_sr0.667_x1.5_N4000_L24_T400000_seed3.npz,bidisperse,3,0.005,0.6666666666666666,1.5,0.6005688029239877
280000.0,0.9057479295104054,146,0.76375,,0.5378708190324288,0.3964662120272784,6.41749188815629e-08,bidisperse_a0.005_sr0.667_x1.5_N4000_L24_T400000_seed3.npz,bidisperse,3,0.005,0.6666666666666666,1.5,0.6005688029239877
282000.0,0.9037993817268225,135,0.76625,,0.4714467119059242,0.3993392525294239,5.9193986103302176e-08,bidisperse_a0.005_sr0.667_x1.5_N4000_L24_T400000_seed3.npz,bidisperse,3,0.005,0.6666666666666666,1.5,0.6005688029239877
284000.0,0.9042917623255555,153,0.7665,,0.4779650878622157,0.3881496881496882,6.11145212240371e-08,bidisperse_a0.005_sr0.667_x1.5_N4000_L24_T400000_seed3.npz,bidisperse,3,0.005,0.6666666666666666,1.5,0.6005688029239877
286000.0,0.9030292011062458,151,0.77125,,0.4593149161457201,0.39636929460580916,5.745797450406246e-08,bidisperse_a0.005_sr0.667_x1.5_N4000_L24_T400000_seed3.npz,bidisperse,3,0.005,0.6666666666666666,1.5,0.6005688029239877
288000.0,0.9048264316356632,144,0.7845,,0.44839948157060966,0.40024860161591047,5.672767491167984e-08,bidisperse_a0.005_sr0.667_x1.5_N4000_L24_T400000_seed3.npz,bidisperse,3,0.005,0.6666666666666666,1.5,0.6005688029239877
290000.0,0.9029983513454604,142,0.75875,,0.4365535535647478,0.3870867124142233,5.96296200138963e-08,bidisperse_a0.005_sr0.667_x1.5_N4000_L24_T400000_seed3.npz,bidisperse,3,0.005,0.6666666666666666,1.5,0.6005688029239877
292000.0,0.9043892811647248,141,0.7635,,0.46464079007497283,0.3967374576792859,6.227708360665162e-08,bidisperse_a0.005_sr0.667_x1.5_N4000_L24_T400000_seed3.npz,bidisperse,3,0.005,0.6666666666666666,1.5,0.6005688029239877
294000.0,0.9024178657333198,143,0.766,,0.45275314151136453,0.38849218669150365,6.101642854992914e-08,bidisperse_a0.005_sr0.667_x1.5_N4000_L24_T400000_seed3.npz,bidisperse,3,0.005,0.6666666666666666,1.5,0.6005688029239877
296000.0,0.8996684949770778,145,0.764,,0.42729162508323676,0.3791631973355537,6.299467665769269e-08,bidisperse_a0.005_sr0.667_x1.5_N4000_L24_T400000_seed3.npz,bidisperse,3,0.005,0.6666666666666666,1.5,0.6005688029239877
298000.0,0.9041445450730856,139,0.7735,,0.45863117476593157,0.37112544206365716,5.631511238337496e-08,bidisperse_a0.005_sr0.667_x1.5_N4000_L24_T400000_seed3.npz,bidisperse,3,0.005,0.6666666666666666,1.5,0.6005688029239877
300000.0,0.9027204764509228,139,0.7745,0.5188073794398319,0.45931085646289527,0.3735852974768975,5.591504735013962e-08,bidisperse_a0.005_sr0.667_x1.5_N4000_L24_T400000_seed3.npz,bidisperse,3,0.005,0.6666666666666666,1.5,0.6005688029239877
302000.0,0.9015230606040773,137,0.77625,,0.43752931219460556,0.3799067840497151,5.390447384577255e-08,bidisperse_a0.005_sr0.667_x1.5_N4000_L24_T400000_seed3.npz,bidisperse,3,0.005,0.6666666666666666,1.5,0.6005688029239877
304000.0,0.9020727034404021,153,0.7725,,0.4833525516072503,0.37239366138448704,6.114522819208248e-08,bidisperse_a0.005_sr0.667_x1.5_N4000_L24_T400000_seed3.npz,bidisperse,3,0.005,0.6666666666666666,1.5,0.6005688029239877
306000.0,0.9006755286483615,142,0.766,,0.5161739029495643,0.3693656093489148,5.53731333031341e-08,bidisperse_a0.005_sr0.667_x1.5_N4000_L24_T400000_seed3.npz,bidisperse,3,0.005,0.6666666666666666,1.5,0.6005688029239877
308000.0,0.9018292212521375,155,0.77825,,0.4491955781093108,0.3826726011800021,5.8641064310439715e-08,bidisperse_a0.005_sr0.667_x1.5_N4000_L24_T400000_seed3.npz,bidisperse,3,0.005,0.6666666666666666,1.5,0.6005688029239877
310000.0,0.9000099383624519,128,0.78275,,0.43005046298918065,0.3765182186234818,5.2034638559773025e-08,bidisperse_a0.005_sr0.667_x1.5_N4000_L24_T400000_seed3.npz,bidisperse,3,0.005,0.6666666666666666,1.5,0.6005688029239877
312000.0,0.9058188781317184,143,0.771,,0.45899547263680174,0.37233822617324785,5.3130299815634157e-08,bidisperse_a0.005_sr0.667_x1.5_N4000_L24_T400000_seed3.npz,bidisperse,3,0.005,0.6666666666666666,1.5,0.6005688029239877
314000.0,0.9030150056080757,138,0.76575,,0.49715975756782743,0.35699438786115156,5.7952933851382056e-08,bidisperse_a0.005_sr0.667_x1.5_N4000_L24_T400000_seed3.npz,bidisperse,3,0.005,0.6666666666666666,1.5,0.6005688029239877
316000.0,0.9021233589177617,141,0.7655,,0.4429897422228819,0.3687841037784413,5.512450404520562e-08,bidisperse_a0.005_sr0.667_x1.5_N4000_L24_T400000_seed3.npz,bidisperse,3,0.005,0.6666666666666666,1.5,0.6005688029239877
318000.0,0.9016597865626682,142,0.762,,0.4723724590394845,0.3512366759805443,5.4320910906347076e-08,bidisperse_a0.005_sr0.667_x1.5_N4000_L24_T400000_seed3.npz,bidisperse,3,0.005,0.6666666666666666,1.5,0.6005688029239877
320000.0,0.9022727311662896,129,0.75825,,0.45369873185313647,0.3500155747066763,5.272175433778668e-08,bidisperse_a0.005_sr0.667_x1.5_N4000_L24_T400000_seed3.npz,bidisperse,3,0.005,0.6666666666666666,1.5,0.6005688029239877
322000.0,0.9026557237203734,133,0.7605,,0.43896640389360836,0.3544608304570651,5.3787640628559476e-08,bidisperse_a0.005_sr0.667_x1.5_N4000_L24_T400000_seed3.npz,bidisperse,3,0.005,0.6666666666666666,1.5,0.6005688029239877
324000.0,0.9035481527025468,133,0.76975,,0.45911472175071194,0.3656415035725381,6.081597799488091e-08,bidisperse_a0.005_sr0.667_x1.5_N4000_L24_T400000_seed3.npz,bidisperse,3,0.005,0.6666666666666666,1.5,0.6005688029239877
326000.0,0.9013601890153123,124,0.79775,,0.4444682631847011,0.3664641054691523,6.744460734181354e-08,bidisperse_a0.005_sr0.667_x1.5_N4000_L24_T400000_seed3.npz,bidisperse,3,0.005,0.6666666666666666,1.5,0.6005688029239877
328000.0,0.9029855384435261,140,0.7925,,0.44858003821508247,0.3625246139496321,5.711417879938182e-08,bidisperse_a0.005_sr0.667_x1.5_N4000_L24_T400000_seed3.npz,bidisperse,3,0.005,0.6666666666666666,1.5,0.6005688029239877
330000.0,0.9042625751574165,122,0.78225,,0.49852620507900935,0.3695293146160198,6.26734951379665e-08,bidisperse_a0.005_sr0.667_x1.5_N4000_L24_T400000_seed3.npz,bidisperse,3,0.005,0.6666666666666666,1.5,0.6005688029239877
332000.0,0.9017672022406702,136,0.78825,,0.4214901755563197,0.3679564815765165,5.511545625917279e-08,bidisperse_a0.005_sr0.667_x1.5_N4000_L24_T400000_seed3.npz,bidisperse,3,0.005,0.6666666666666666,1.5,0.6005688029239877
334000.0,0.9006824451225306,125,0.79575,,0.4776343009788401,0.3618920582803201,5.583921615709964e-08,bidisperse_a0.005_sr0.667_x1.5_N4000_L24_T400000_seed3.npz,bidisperse,3,0.005,0.6666666666666666,1.5,0.6005688029239877
336000.0,0.9016724921047622,141,0.7835,,0.47006728498251865,0.35891344763478616,5.678621860944856e-08,bidisperse_a0.005_sr0.667_x1.5_N4000_L24_T400000_seed3.npz,bidisperse,3,0.005,0.6666666666666666,1.5,0.6005688029239877
338000.0,0.9040539256337814,132,0.80425,,0.4668700765717313,0.3599876186545604,6.364926366726598e-08,bidisperse_a0.005_sr0.667_x1.5_N4000_L24_T400000_seed3.npz,bidisperse,3,0.005,0.6666666666666666,1.5,0.6005688029239877
340000.0,0.904108440816925,125,0.80675,,0.4607326117785176,0.35554866707997523,5.484696511563121e-08,bidisperse_a0.005_sr0.667_x1.5_N4000_L24_T400000_seed3.npz,bidisperse,3,0.005,0.6666666666666666,1.5,0.6005688029239877
342000.0,0.8999460357833595,149,0.805,,0.48794168972983076,0.3369451969160242,4.9516602097246335e-08,bidisperse_a0.005_sr0.667_x1.5_N4000_L24_T400000_seed3.npz,bidisperse,3,0.005,0.6666666666666666,1.5,0.6005688029239877
344000.0,0.9013855153046999,143,0.80325,,0.4736447611806474,0.3277249451353328,5.188795570867817e-08,bidisperse_a0.005_sr0.667_x1.5_N4000_L24_T400000_seed3.npz,bidisperse,3,0.005,0.6666666666666666,1.5,0.6005688029239877
346000.0,0.8996987284242859,128,0.817,,0.5014124146261296,0.35383502170767,5.4671929037155996e-08,bidisperse_a0.005_sr0.667_x1.5_N4000_L24_T400000_seed3.npz,bidisperse,3,0.005,0.6666666666666666,1.5,0.6005688029239877
348000.0,0.903236152782506,143,0.80825,,0.45572135217278037,0.3644830797888854,5.4046810506133036e-08,bidisperse_a0.005_sr0.667_x1.5_N4000_L24_T400000_seed3.npz,bidisperse,3,0.005,0.6666666666666666,1.5,0.6005688029239877
350000.0,0.903888612968172,144,0.7495,,0.5030951192282097,0.3600207684319834,5.1451151844757394e-08,bidisperse_a0.005_sr0.667_x1.5_N4000_L24_T400000_seed3.npz,bidisperse,3,0.005,0.6666666666666666,1.5,0.6005688029239877
352000.0,0.9013026314481458,135,0.76525,,0.5043262488750094,0.35399979194840325,5.580967523529738e-08,bidisperse_a0.005_sr0.667_x1.5_N4000_L24_T400000_seed3.npz,bidisperse,3,0.005,0.6666666666666666,1.5,0.6005688029239877
354000.0,0.905225836116855,148,0.7515,,0.48249124402620824,0.3632021596926591,5.848018475038727e-08,bidisperse_a0.005_sr0.667_x1.5_N4000_L24_T400000_seed3.npz,bidisperse,3,0.005,0.6666666666666666,1.5,0.6005688029239877
356000.0,0.9024974041902777,134,0.7555,,0.44470061732192384,0.35082786629178386,6.061441457030938e-08,bidisperse_a0.005_sr0.667_x1.5_N4000_L24_T400000_seed3.npz,bidisperse,3,0.005,0.6666666666666666,1.5,0.6005688029239877
358000.0,0.9016215011850016,138,0.7595,,0.4458838289114647,0.37017941843679114,5.3352322267805484e-08,bidisperse_a0.005_sr0.667_x1.5_N4000_L24_T400000_seed3.npz,bidisperse,3,0.005,0.6666666666666666,1.5,0.6005688029239877
360000.0,0.9006373535395833,146,0.75975,,0.44461485854304156,0.369864431336024,5.364932641779232e-08,bidisperse_a0.005_sr0.667_x1.5_N4000_L24_T400000_seed3.npz,bidisperse,3,0.005,0.6666666666666666,1.5,0.6005688029239877
362000.0,0.901919964495409,140,0.75675,,0.4493878859799822,0.3461338328650224,5.253616734788918e-08,bidisperse_a0.005_sr0.667_x1.5_N4000_L24_T400000_seed3.npz,bidisperse,3,0.005,0.6666666666666666,1.5,0.6005688029239877
364000.0,0.9015239790817922,117,0.759,,0.477489484887368,0.35036647052751113,5.408638841252243e-08,bidisperse_a0.005_sr0.667_x1.5_N4000_L24_T400000_seed3.npz,bidisperse,3,0.005,0.6666666666666666,1.5,0.6005688029239877
366000.0,0.9018454892924901,124,0.75975,,0.530430961220968,0.35309251826695487,5.477785792710103e-08,bidisperse_a0.005_sr0.667_x1.5_N4000_L24_T400000_seed3.npz,bidisperse,3,0.005,0.6666666666666666,1.5,0.6005688029239877
368000.0,0.9006646233398085,134,0.73675,,0.5399221422175321,0.3150110143711319,5.442481226116132e-08,bidisperse_a0.005_sr0.667_x1.5_N4000_L24_T400000_seed3.npz,bidisperse,3,0.005,0.6666666666666666,1.5,0.6005688029239877
370000.0,0.9021264156297819,139,0.74925,,0.4755437594757585,0.3271359933152287,6.016755799602004e-08,bidisperse_a0.005_sr0.667_x1.5_N4000_L24_T400000_seed3.npz,bidisperse,3,0.005,0.6666666666666666,1.5,0.6005688029239877
372000.0,0.9016806092927406,149,0.74825,,0.5139325046164464,0.3381242131766681,5.314129978635901e-08,bidisperse_a0.005_sr0.667_x1.5_N4000_L24_T400000_seed3.npz,bidisperse,3,0.005,0.6666666666666666,1.5,0.6005688029239877
374000.0,0.8965619753461539,150,0.74875,,0.5122366650727685,0.3465533522190746,5.631327881585865e-08,bidisperse_a0.005_sr0.667_x1.5_N4000_L24_T400000_seed3.npz,bidisperse,3,0.005,0.6666666666666666,1.5,0.6005688029239877
376000.0,0.8993327898741377,146,0.74575,,0.473740888944021,0.34989604989604994,6.065647283546525e-08,bidisperse_a0.005_sr0.667_x1.5_N4000_L24_T400000_seed3.npz,bidisperse,3,0.005,0.6666666666666666,1.5,0.6005688029239877
378000.0,0.9000173994016463,124,0.743,,0.4835278654441826,0.34240598379389153,5.784852250970218e-08,bidisperse_a0.005_sr0.667_x1.5_N4000_L24_T400000_seed3.npz,bidisperse,3,0.005,0.6666666666666666,1.5,0.6005688029239877
380000.0,0.8996963444643284,148,0.73775,,0.49994255163547185,0.3318272564883892,6.18481321121268e-08,bidisperse_a0.005_sr0.667_x1.5_N4000_L24_T400000_seed3.npz,bidisperse,3,0.005,0.6666666666666666,1.5,0.6005688029239877
382000.0,0.9002071793582663,139,0.753,,0.51358959458154,0.35321005609806777,5.992139958421717e-08,bidisperse_a0.005_sr0.667_x1.5_N4000_L24_T400000_seed3.npz,bidisperse,3,0.005,0.6666666666666666,1.5,0.6005688029239877
384000.0,0.8992402325742539,152,0.735,,0.519684830066748,0.33496919703456196,5.6650540465502925e-08,bidisperse_a0.005_sr0.667_x1.5_N4000_L24_T400000_seed3.npz,bidisperse,3,0.005,0.6666666666666666,1.5,0.6005688029239877
386000.0,0.9019805680421844,121,0.7355,,0.442345870416093,0.3357558139534884,5.456195300056112e-08,bidisperse_a0.005_sr0.667_x1.5_N4000_L24_T400000_seed3.npz,bidisperse,3,0.005,0.6666666666666666,1.5,0.6005688029239877
388000.0,0.9005107030477121,133,0.73325,,0.45454771782137765,0.34094447327451993,5.963234128872653e-08,bidisperse_a0.005_sr0.667_x1.5_N4000_L24_T400000_seed3.npz,bidisperse,3,0.005,0.6666666666666666,1.5,0.6005688029239877
390000.0,0.9000883277580748,144,0.74025,,0.41131433148987645,0.3437304402253286,6.138571963410622e-08,bidisperse_a0.005_sr0.667_x1.5_N4000_L24_T400000_seed3.npz,bidisperse,3,0.005,0.6666666666666666,1.5,0.6005688029239877
392000.0,0.9014024370286207,128,0.77125,,0.4786715755917723,0.3494038361845516,5.5695292978629154e-08,bidisperse_a0.005_sr0.667_x1.5_N4000_L24_T400000_seed3.npz,bidisperse,3,0.005,0.6666666666666666,1.5,0.6005688029239877
394000.0,0.9013089169918597,138,0.747,,0.45189485998958856,0.35420319752449714,5.970848691278104e-08,bidisperse_a0.005_sr0.667_x1.5_N4000_L24_T400000_seed3.npz,bidisperse,3,0.005,0.6666666666666666,1.5,0.6005688029239877
396000.0,0.8986614445413211,135,0.767,,0.4676482651512073,0.35716499638392396,5.984352330099478e-08,bidisperse_a0.005_sr0.667_x1.5_N4000_L24_T400000_seed3.npz,bidisperse,3,0.005,0.6666666666666666,1.5,0.6005688029239877
398000.0,0.9004831834208166,136,0.73475,,0.4382534806187303,0.3473552686380674,5.6607170221928263e-08,bidisperse_a0.005_sr0.667_x1.5_N4000_L24_T400000_seed3.npz,bidisperse,3,0.005,0.6666666666666666,1.5,0.6005688029239877
400000.0,0.9008817933788271,133,0.73925,0.517089577730209,0.4718561085552441,0.3474144209759651,5.918533341882024e-08,bidisperse_a0.005_sr0.667_x1.5_N4000_L24_T400000_seed3.npz,bidisperse,3,0.005,0.6666666666666666,1.5,0.6005688029239877
0.0,0.9968316317670646,776,0.007,0.8773346289697828,,,,bidisperse_a0.005_sr0.667_x1_N4000_L24_T400000_seed1.npz,bidisperse,1,0.005,0.6666666666666666,1.0,0.5928498881434425
2000.0,0.9745173730092402,107,0.14875,,0.09686936033769367,0.8828891196492442,2.8320227264836667e-08,bidisperse_a0.005_sr0.667_x1_N4000_L24_T400000_seed1.npz,bidisperse,1,0.005,0.6666666666666666,1.0,0.5928498881434425
4000.0,0.9672574040886872,92,0.1745,,0.5571442676680205,0.721093133385951,2.197056552430655e-08,bidisperse_a0.005_sr0.667_x1_N4000_L24_T400000_seed1.npz,bidisperse,1,0.005,0.6666666666666666,1.0,0.5928498881434425
6000.0,0.9602487668164916,89,0.17225,,0.6512019570424128,0.6579570104515875,2.452209047639598e-08,bidisperse_a0.005_sr0.667_x1_N4000_L24_T400000_seed1.npz,bidisperse,1,0.005,0.6666666666666666,1.0,0.5928498881434425
8000.0,0.9550229280870666,94,0.1425,,0.7044754719829566,0.6123517786561266,2.4866731288925824e-08,bidisperse_a0.005_sr0.667_x1_N4000_L24_T400000_seed1.npz,bidisperse,1,0.005,0.6666666666666666,1.0,0.5928498881434425
10000.0,0.9507324267911731,71,0.47125,,0.6645905766090965,0.5934419830194203,2.996164199802566e-08,bidisperse_a0.005_sr0.667_x1_N4000_L24_T400000_seed1.npz,bidisperse,1,0.005,0.6666666666666666,1.0,0.5928498881434425
12000.0,0.9479162840951291,81,0.362,,0.6063872346593462,0.5813546126897626,2.5971169290787353e-08,bidisperse_a0.005_sr0.667_x1_N4000_L24_T400000_seed1.npz,bidisperse,1,0.005,0.6666666666666666,1.0,0.5928498881434425
14000.0,0.946299310443677,73,0.176,,0.6948565787967816,0.5564190850959174,2.6183666341144522e-08,bidisperse_a0.005_sr0.667_x1_N4000_L24_T400000_seed1.npz,bidisperse,1,0.005,0.6666666666666666,1.0,0.5928498881434425
16000.0,0.9426948842747305,73,0.14225,,0.7087337490619012,0.5353395367254009,2.445075731412983e-08,bidisperse_a0.005_sr0.667_x1_N4000_L24_T400000_seed1.npz,bidisperse,1,0.005,0.6666666666666666,1.0,0.5928498881434425
18000.0,0.9386907886936388,83,0.3115,,0.6103393995956287,0.5291151754819574,2.244175876590024e-08,bidisperse_a0.005_sr0.667_x1_N4000_L24_T400000_seed1.npz,bidisperse,1,0.005,0.6666666666666666,1.0,0.5928498881434425
20000.0,0.9367092886685597,75,0.28225,,0.6358015257527626,0.5101005075131854,1.962178899648318e-08,bidisperse_a0.005_sr0.667_x1_N4000_L24_T400000_seed1.npz,bidisperse,1,0.005,0.6666666666666666,1.0,0.5928498881434425
22000.0,0.935890403188737,86,0.38925,,0.6543774423618531,0.5129998030332874,2.672011696765107e-08,bidisperse_a0.005_sr0.667_x1_N4000_L24_T400000_seed1.npz,bidisperse,1,0.005,0.6666666666666666,1.0,0.5928498881434425
24000.0,0.9325419968238273,87,0.42075,,0.6617223658028227,0.5082624425540236,2.2477875228391526e-08,bidisperse_a0.005_sr0.667_x1_N4000_L24_T400000_seed1.npz,bidisperse,1,0.005,0.6666666666666666,1.0,0.5928498881434425
26000.0,0.9276129422432168,73,0.319,,0.6134949384344955,0.4928389248577595,2.1478084973571344e-08,bidisperse_a0.005_sr0.667_x1_N4000_L24_T400000_seed1.npz,bidisperse,1,0.005,0.6666666666666666,1.0,0.5928498881434425
28000.0,0.9274077273700287,71,0.3525,,0.5885287186272258,0.47603614221174617,2.1265705435623382e-08,bidisperse_a0.005_sr0.667_x1_N4000_L24_T400000_seed1.npz,bidisperse,1,0.005,0.6666666666666666,1.0,0.5928498881434425
30000.0,0.9257898491537515,62,0.43375,,0.576301692353353,0.4640709709216363,2.000728004354469e-08,bidisperse_a0.005_sr0.667_x1_N4000_L24_T400000_seed1.npz,bidisperse,1,0.005,0.6666666666666666,1.0,0.5928498881434425
32000.0,0.9221431357678994,77,0.43625,,0.5523630151388575,0.47865344979880264,2.021945843981798e-08,bidisperse_a0.005_sr0.667_x1_N4000_L24_T400000_seed1.npz,bidisperse,1,0.005,0.6666666666666666,1.0,0.5928498881434425
34000.0,0.9217683104834664,76,0.44575,,0.5469032192554795,0.4839532829522034,2.1572177159307207e-08,bidisperse_a0.005_sr0.667_x1_N4000_L24_T400000_seed1.npz,bidisperse,1,0.005,0.6666666666666666,1.0,0.5928498881434425
36000.0,0.9224656367927588,74,0.44,,0.583799359299913,0.47960992907801414,2.082879044421311e-08,bidisperse_a0.005_sr0.667_x1_N4000_L24_T400000_seed1.npz,bidisperse,1,0.005,0.6666666666666666,1.0,0.5928498881434425
38000.0,0.9211305171203624,89,0.44575,,0.5480686467988165,0.4793266391021854,2.3589420164789163e-08,bidisperse_a0.005_sr0.667_x1_N4000_L24_T400000_seed1.npz,bidisperse,1,0.005,0.6666666666666666,1.0,0.5928498881434425
40000.0,0.9208148442834573,83,0.4535,,0.5450182934202692,0.4691333597150772,2.3605970757960273e-08,bidisperse_a0.005_sr0.667_x1_N4000_L24_T400000_seed1.npz,bidisperse,1,0.005,0.6666666666666666,1.0,0.5928498881434425
42000.0,0.9230099752168723,72,0.4605,,0.5803463440652661,0.4635287093243109,2.2985206549039206e-08,bidisperse_a0.005_sr0.667_x1_N4000_L24_T400000_seed1.npz,bidisperse,1,0.005,0.6666666666666666,1.0,0.5928498881434425
44000.0,0.9211146521086604,77,0.869,,0.5582432172582033,0.4677274987568374,2.3173793467141297e-08,bidisperse_a0.005_sr0.667_x1_N4000_L24_T400000_seed1.npz,bidisperse,1,0.005,0.6666666666666666,1.0,0.5928498881434425
46000.0,0.9239689988667958,78,0.45925,,0.5659047718910433,0.4690731901352426,2.3921248781748306e-08,bidisperse_a0.005_sr0.667_x1_N4000_L24_T400000_seed1.npz,bidisperse,1,0.005,0.6666666666666666,1.0,0.5928498881434425
48000.0,0.9246407085250128,74,0.4425,,0.637223439135943,0.4627372627372628,2.316494230168583e-08,bidisperse_a0.005_sr0.667_x1_N4000_L24_T400000_seed1.npz,bidisperse,1,0.005,0.6666666666666666,1.0,0.5928498881434425
50000.0,0.9233046069587629,87,0.46075,,0.5602345209409283,0.47057077851419526,2.639805593982869e-08,bidisperse_a0.005_sr0.667_x1_N4000_L24_T400000_seed1.npz,bidisperse,1,0.005,0.6666666666666666,1.0,0.5928498881434425
52000.0,0.9192935048445012,82,0.47475,,0.5293917690281494,0.44103844233649525,2.1766761342454698e-08,bidisperse_a0.005_sr0.667_x1_N4000_L24_T400000_seed1.npz,bidisperse,1,0.005,0.6666666666666666,1.0,0.5928498881434425
54000.0,0.9215369242317415,82,0.46725,,0.5693317574500244,0.43840940801275663,2.039044699835872e-08,bidisperse_a0.005_sr0.667_x1_N4000_L24_T400000_seed1.npz,bidisperse,1,0.005,0.6666666666666666,1.0,0.5928498881434425
56000.0,0.9236446303644749,79,0.4505,,0.555424594597013,0.4400119083060434,2.237643281907567e-08,bidisperse_a0.005_sr0.667_x1_N4000_L24_T400000_seed1.npz,bidisperse,1,0.005,0.6666666666666666,1.0,0.5928498881434425
58000.0,0.922650041133714,80,0.47675,,0.5921187065084446,0.43593811979373265,2.1115594966961227e-08,bidisperse_a0.005_sr0.667_x1_N4000_L24_T400000_seed1.npz,bidisperse,1,0.005,0.6666666666666666,1.0,0.5928498881434425
60000.0,0.9213214364633764,75,0.8275,,0.5832544237458187,0.4325697211155378,2.2104920173607297e-08,bidisperse_a0.005_sr0.667_x1_N4000_L24_T400000_seed1.npz,bidisperse,1,0.005,0.6666666666666666,1.0,0.5928498881434425
62000.0,0.9202061443272603,87,0.822,,0.5581427304194017,0.438035465232118,2.094038311406819e-08,bidisperse_a0.005_sr0.667_x1_N4000_L24_T400000_seed1.npz,bidisperse,1,0.005,0.6666666666666666,1.0,0.5928498881434425
64000.0,0.9201416172177638,66,0.8385,,0.5683681583980995,0.4312375249500998,2.3756337777845846e-08,bidisperse_a0.005_sr0.667_x1_N4000_L24_T400000_seed1.npz,bidisperse,1,0.005,0.6666666666666666,1.0,0.5928498881434425
66000.0,0.9177330001904187,89,0.82425,,0.5802231757773175,0.4337528490734318,2.1857968534233857e-08,bidisperse_a0.005_sr0.667_x1_N4000_L24_T400000_seed1.npz,bidisperse,1,0.005,0.6666666666666666,1.0,0.5928498881434425
68000.0,0.9173550850056184,96,0.80175,,0.5709756861996977,0.4306634787806336,2.4338600542576168e-08,bidisperse_a0.005_sr0.667_x1_N4000_L24_T400000_seed1.npz,bidisperse,1,0.005,0.6666666666666666,1.0,0.5928498881434425
70000.0,0.9145878291208568,93,0.859,,0.6229405919383967,0.42013679340173005,2.595984767911674e-08,bidisperse_a0.005_sr0.667_x1_N4000_L24_T400000_seed1.npz,bidisperse,1,0.005,0.6666666666666666,1.0,0.5928498881434425
72000.0,0.9158864287236747,103,0.79275,,0.4974542790000379,0.42659029243292135,2.4366663437751138e-08,bidisperse_a0.005_sr0.667_x1_N4000_L24_T400000_seed1.npz,bidisperse,1,0.005,0.6666666666666666,1.0,0.5928498881434425
74000.0,0.915796680019915,101,0.792,,0.5039226487201078,0.4378378378378378,2.2855008645483768e-08,bidisperse_a0.005_sr0.667_x1_N4000_L24_T400000_seed1.npz,bidisperse,1,0.005,0.6666666666666666,1.0,0.5928498881434425
76000.0,0.9122036374982961,88,0.79725,,0.5023204057727255,0.4232431889011762,2.4778011891340842e-08,bidisperse_a0.005_sr0.667_x1_N4000_L24_T400000_seed1.npz,bidisperse,1,0.005,0.6666666666666666,1.0,0.5928498881434425
78000.0,0.9105378235830686,101,0.79,,0.5207032330507416,0.42838528615816374,2.4398169094187465e-08,bidisperse_a0.005_sr0.667_x1_N4000_L24_T400000_seed1.npz,bidisperse,1,0.005,0.6666666666666666,1.0,0.5928498881434425
80000.0,0.9110617064295028,99,0.789,,0.5312878215533648,0.4314705588323503,2.382692748051364e-08,bidisperse_a0.005_sr0.667_x1_N4000_L24_T400000_seed1.npz,bidisperse,1,0.005,0.6666666666666666,1.0,0.5928498881434425
82000.0,0.911464145192807,94,0.8445,,0.5353545541217845,0.42696852348326875,2.7366836333749944e-08,bidisperse_a0.005_sr0.667_x1_N4000_L24_T400000_seed1.npz,bidisperse,1,0.005,0.6666666666666666,1.0,0.5928498881434425
84000.0,0.9104738882967188,86,0.84675,,0.5525983638762549,0.43202924323256275,2.7472270570851e-08,bidisperse_a0.005_sr0.667_x1_N4000_L24_T400000_seed1.npz,bidisperse,1,0.005,0.6666666666666666,1.0,0.5928498881434425
86000.0,0.9100424560730387,85,0.83975,,0.5027331440783666,0.4176811015765316,2.3628134560789695e-08,bidisperse_a0.005_sr0.667_x1_N4000_L24_T400000_seed1.npz,bidisperse,1,0.005,0.6666666666666666,1.0,0.5928498881434425
88000.0,0.9112797346471374,95,0.822,,0.5148321255039583,0.408607544141252,2.8745206271918917e-08,bidisperse_a0.005_sr0.667_x1_N4000_L24_T400000_seed1.npz,bidisperse,1,0.005,0.6666666666666666,1.0,0.5928498881434425
90000.0,0.9090732790607016,102,0.82325,,0.47868910721165064,0.4101640656262505,3.201858154295216e-08,bidisperse_a0.005_sr0.667_x1_N4000_L24_T400000_seed1.npz,bidisperse,1,0.005,0.6666666666666666,1.0,0.5928498881434425
92000.0,0.909304401251934,94,0.84025,,0.47925017731567426,0.41411530815109343,2.7505165168309113e-08,bidisperse_a0.005_sr0.667_x1_N4000_L24_T400000_seed1.npz,bidisperse,1,0.005,0.6666666666666666,1.0,0.5928498881434425
94000.0,0.9094518413037459,87,0.84,,0.49669325299454936,0.4180807780093282,2.6515800813557318e-08,bidisperse_a0.005_sr0.667_x1_N4000_L24_T400000_seed1.npz,bidisperse,1,0.005,0.6666666666666666,1.0,0.5928498881434425
96000.0,0.9083293065938848,94,0.83725,,0.49168341792277337,0.41712294673967143,2.416426011254456e-08,bidisperse_a0.005_sr0.667_x1_N4000_L24_T400000_seed1.npz,bidisperse,1,0.005,0.6666666666666666,1.0,0.5928498881434425
98000.0,0.90927233317541,105,0.834,,0.4489269790068938,0.39979848866498735,2.4898695913652514e-08,bidisperse_a0.005_sr0.667_x1_N4000_L24_T400000_seed1.npz,bidisperse,1,0.005,0.6666666666666666,1.0,0.5928498881434425
100000.0,0.9071887185201312,108,0.828,0.5219671054695065,0.4932042683628654,0.3930448847553578,2.907632572284859e-08,bidisperse_a0.005_sr0.667_x1_N4000_L24_T400000_seed1.npz,bidisperse,1,0.005,0.6666666666666666,1.0,0.5928498881434425
102000.0,0.9084033585600869,98,0.828,,0.4815227752744505,0.38419341731003653,3.378338405780379e-08,bidisperse_a0.005_sr0.667_x1_N4000_L24_T400000_seed1.npz,bidisperse,1,0.005,0.6666666666666666,1.0,0.5928498881434425
104000.0,0.9060937451479447,89,0.85,,0.4823903125704822,0.40142613236918756,2.9701849261260207e-08,bidisperse_a0.005_sr0.667_x1_N4000_L24_T400000_seed1.npz,bidisperse,1,0.005,0.6666666666666666,1.0,0.5928498881434425
106000.0,0.9057798881810706,96,0.8435,,0.5168709147684067,0.40147881694644283,3.141828194852598e-08,bidisperse_a0.005_sr0.667_x1_N4000_L24_T400000_seed1.npz,bidisperse,1,0.005,0.6666666666666666,1.0,0.5928498881434425
108000.0,0.9044741302702425,86,0.8435,,0.44018888355286545,0.40799523856760245,2.8611161315768055e-08,bidisperse_a0.005_sr0.667_x1_N4000_L24_T400000_seed1.npz,bidisperse,1,0.005,0.6666666666666666,1.0,0.5928498881434425
110000.0,0.9065328167529667,83,0.84125,,0.45132327579494746,0.3915951287682172,2.696504328738829e-08,bidisperse_a0.005_sr0.667_x1_N4000_L24_T400000_seed1.npz,bidisperse,1,0.005,0.6666666666666666,1.0,0.5928498881434425
112000.0,0.9052714563522248,88,0.84875,,0.48162852756870494,0.376706827309237,2.6130046812664964e-08,bidisperse_a0.005_sr0.667_x1_N4000_L24_T400000_seed1.npz,bidisperse,1,0.005,0.6666666666666666,1.0,0.5928498881434425
114000.0,0.907051151101002,74,0.8525,,0.4589717852425638,0.3896933985818436,2.4603980024439478e-08,bidisperse_a0.005_sr0.667_x1_N4000_L24_T400000_seed1.npz,bidisperse,1,0.005,0.6666666666666666,1.0,0.5928498881434425
116000.0,0.9081236670777965,92,0.8455,,0.49641324848772195,0.3787345337491198,2.8587621632299166e-08,bidisperse_a0.005_sr0.667_x1_N4000_L24_T400000_seed1.npz,bidisperse,1,0.005,0.6666666666666666,1.0,0.5928498881434425
118000.0,0.9088975777850983,98,0.8175,,0.4627749563406418,0.38255370407548683,2.7829493008421247e-08,bidisperse_a0.005_sr0.667_x1_N4000_L24_T400000_seed1.npz,bidisperse,1,0.005,0.6666666666666666,1.0,0.5928498881434425
120000.0,0.9049266455156284,92,0.8175,,0.4895943198860654,0.3918163672654691,2.54015235549104e-08,bidisperse_a0.005_sr0.667_x1_N4000_L24_T400000_seed1.npz,bidisperse,1,0.005,0.6666666666666666,1.0,0.5928498881434425
122000.0,0.9064109785882276,88,0.82875,,0.469608582727286,0.38478478478478484,2.9464246568054107e-08,bidisperse_a0.005_sr0.667_x1_N4000_L24_T400000_seed1.npz,bidisperse,1,0.005,0.6666666666666666,1.0,0.5928498881434425
124000.0,0.9039062462941638,92,0.828,,0.4763946102939936,0.38113889725821026,2.8542399973768657e-08,bidisperse_a0.005_sr0.667_x1_N4000_L24_T400000_seed1.npz,bidisperse,1,0.005,0.6666666666666666,1.0,0.5928498881434425
126000.0,0.9070872963189175,103,0.82325,,0.5356054222101553,0.3801552888978522,3.046825607644542e-08,bidisperse_a0.005_sr0.667_x1_N4000_L24_T400000_seed1.npz,bidisperse,1,0.005,0.6666666666666666,1.0,0.5928498881434425
128000.0,0.90606934739246,94,0.815,,0.5046089836755137,0.3846076761198517,2.9575119311316273e-08,bidisperse_a0.005_sr0.667_x1_N4000_L24_T400000_seed1.npz,bidisperse,1,0.005,0.6666666666666666,1.0,0.5928498881434425
130000.0,0.9059390888439456,95,0.8175,,0.4741308946490447,0.37915498598317987,3.0700290152883905e-08,bidisperse_a0.005_sr0.667_x1_N4000_L24_T400000_seed1.npz,bidisperse,1,0.005,0.6666666666666666,1.0,0.5928498881434425
132000.0,0.9045820080054714,105,0.82575,,0.4874438967660913,0.3804304102976669,3.367133211930851e-08,bidisperse_a0.005_sr0.667_x1_N4000_L24_T400000_seed1.npz,bidisperse,1,0.005,0.6666666666666666,1.0,0.5928498881434425
134000.0,0.9051868257585484,102,0.817,,0.5016106320678201,0.3893858679264247,3.01895911840165e-08,bidisperse_a0.005_sr0.667_x1_N4000_L24_T400000_seed1.npz,bidisperse,1,0.005,0.6666666666666666,1.0,0.5928498881434425
136000.0,0.9086467421431362,96,0.825,,0.4921474928974368,0.38804006880501873,3.1942383663574004e-08,bidisperse_a0.005_sr0.667_x1_N4000_L24_T400000_seed1.npz,bidisperse,1,0.005,0.6666666666666666,1.0,0.5928498881434425
138000.0,0.9061521618963458,100,0.82175,,0.5383571735364837,0.3902562033487996,3.075595292577267e-08,bidisperse_a0.005_sr0.667_x1_N4000_L24_T400000_seed1.npz,bidisperse,1,0.005,0.6666666666666666,1.0,0.5928498881434425
140000.0,0.906062305252044,93,0.84,,0.5158508502413242,0.38830960497292966,3.3513924069546627e-08,bidisperse_a0.005_sr0.667_x1_N4000_L24_T400000_seed1.npz,bidisperse,1,0.005,0.6666666666666666,1.0,0.5928498881434425
142000.0,0.9078120303898823,95,0.8325,,0.49318450111822965,0.3917226174967432,3.199374513950883e-08,bidisperse_a0.005_sr0.667_x1_N4000_L24_T400000_seed1.npz,bidisperse,1,0.005,0.6666666666666666,1.0,0.5928498881434425
144000.0,0.9050804082287902,99,0.8405,,0.558476445213928,0.4029135901017761,2.9742575770688125e-08,bidisperse_a0.005_sr0.667_x1_N4000_L24_T400000_seed1.npz,bidisperse,1,0.005,0.6666666666666666,1.0,0.5928498881434425
146000.0,0.9069969398390452,88,0.83875,,0.5044844743299729,0.3974499452136667,3.066778168836456e-08,bidisperse_a0.005_sr0.667_x1_N4000_L24_T400000_seed1.npz,bidisperse,1,0.005,0.6666666666666666,1.0,0.5928498881434425
148000.0,0.9015127176331361,77,0.85125,,0.45823435651476985,0.39351576442593694,3.0742589313241404e-08,bidisperse_a0.005_sr0.667_x1_N4000_L24_T400000_seed1.npz,bidisperse,1,0.005,0.6666666666666666,1.0,0.5928498881434425
150000.0,0.90324984083923,77,0.8445,,0.502151471335404,0.3844011142061281,3.215262384164101e-08,bidisperse_a0.005_sr0.667_x1_N4000_L24_T400000_seed1.npz,bidisperse,1,0.005,0.6666666666666666,1.0,0.5928498881434425
152000.0,0.9034752573730783,90,0.83475,,0.47669122660845165,0.3856631537084908,3.188725507226446e-08,bidisperse_a0.005_sr0.667_x1_N4000_L24_T400000_seed1.npz,bidisperse,1,0.005,0.6666666666666666,1.0,0.5928498881434425
154000.0,0.9001954808257652,85,0.83475,,0.45968860015352847,0.3614119534697152,2.6725239391139155e-08,bidisperse_a0.005_sr0.667_x1_N4000_L24_T400000_seed1.npz,bidisperse,1,0.005,0.6666666666666666,1.0,0.5928498881434425
156000.0,0.8990010173780622,96,0.8425,,0.4551014053967621,0.34745932918256683,2.5362752743671605e-08,bidisperse_a0.005_sr0.667_x1_N4000_L24_T400000_seed1.npz,bidisperse,1,0.005,0.6666666666666666,1.0,0.5928498881434425
158000.0,0.9000990847735247,104,0.84,,0.48613524212587983,0.3462933118452861,2.548684799554826e-08,bidisperse_a0.005_sr0.667_x1_N4000_L24_T400000_seed1.npz,bidisperse,1,0.005,0.6666666666666666,1.0,0.5928498881434425
160000.0,0.8989066184698037,102,0.847,,0.4743201066012214,0.34733131923464244,3.146794260126071e-08,bidisperse_a0.005_sr0.667_x1_N4000_L24_T400000_seed1.npz,bidisperse,1,0.005,0.6666666666666666,1.0,0.5928498881434425
162000.0,0.9006255492568016,98,0.83,,0.47145776699668585,0.34878343052483407,2.9038597512676614e-08,bidisperse_a0.005_sr0.667_x1_N4000_L24_T400000_seed1.npz,bidisperse,1,0.005,0.6666666666666666,1.0,0.5928498881434425
164000.0,0.899095522753205,97,0.82325,,0.4306532795850766,0.3488841765121681,2.6351823787376658e-08,bidisperse_a0.005_sr0.667_x1_N4000_L24_T400000_seed1.npz,bidisperse,1,0.005,0.6666666666666666,1.0,0.5928498881434425
166000.0,0.8989403892990995,108,0.8115,,0.46094508360310243,0.3495646892083417,2.7417653348288595e-08,bidisperse_a0.005_sr0.667_x1_N4000_L24_T400000_seed1.npz,bidisperse,1,0.005,0.6666666666666666,1.0,0.5928498881434425
168000.0,0.8974904336757303,108,0.80875,,0.4750660193670127,0.3500957371762572,2.6050019132158485e-08,bidisperse_a0.005_sr0.667_x1_N4000_L24_T400000_seed1.npz,bidisperse,1,0.005,0.6666666666666666,1.0,0.5928498881434425
170000.0,0.8988906424853704,99,0.818,,0.4673051152018121,0.3297083036893993,2.746297958050718e-08,bidisperse_a0.005_sr0.667_x1_N4000_L24_T400000_seed1.npz,bidisperse,1,0.005,0.6666666666666666,1.0,0.5928498881434425
172000.0,0.9011292850319962,114,0.80475,,0.4814776787365347,0.33119135046919623,3.011664460203648e-08,bidisperse_a0.005_sr0.667_x1_N4000_L24_T400000_seed1.npz,bidisperse,1,0.005,0.6666666666666666,1.0,0.5928498881434425
174000.0,0.9008959254302058,91,0.81425,,0.451053222097948,0.34491114701130854,3.118486614893263e-08,bidisperse_a0.005_sr0.667_x1_N4000_L24_T400000_seed1.npz,bidisperse,1,0.005,0.6666666666666666,1.0,0.5928498881434425
176000.0,0.9018603663028655,90,0.84025,,0.4492780899720839,0.34797025723472674,2.6269716891873537e-08,bidisperse_a0.005_sr0.667_x1_N4000_L24_T400000_seed1.npz,bidisperse,1,0.005,0.6666666666666666,1.0,0.5928498881434425
178000.0,0.9006912439520648,97,0.85425,,0.44507239698665896,0.3468010075566751,3.000534667873882e-08,bidisperse_a0.005_sr0.667_x1_N4000_L24_T400000_seed1.npz,bidisperse,1,0.005,0.6666666666666666,1.0,0.5928498881434425
180000.0,0.8985121256427692,108,0.8565,,0.5268731237759843,0.3543708741748349,2.983437212105018e-08,bidisperse_a0.005_sr0.667_x1_N4000_L24_T400000_seed1.npz,bidisperse,1,0.005,0.6666666666666666,1.0,0.5928498881434425
182000.0,0.8988651242601556,99,0.82725,,0.4811671797334249,0.34057315233785823,2.672573102104411e-08,bidisperse_a0.005_sr0.667_x1_N4000_L24_T400000_seed1.npz,bidisperse,1,0.005,0.6666666666666666,1.0,0.5928498881434425
184000.0,0.9010976400858384,87,0.85525,,0.4426444747187368,0.3483495535266379,2.884008044817706e-08,bidisperse_a0.005_sr0.667_x1_N4000_L24_T400000_seed1.npz,bidisperse,1,0.005,0.6666666666666666,1.0,0.5928498881434425
186000.0,0.9016947344649779,91,0.83,,0.4447283145199759,0.3541603783076769,2.605813243227079e-08,bidisperse_a0.005_sr0.667_x1_N4000_L24_T400000_seed1.npz,bidisperse,1,0.005,0.6666666666666666,1.0,0.5928498881434425
188000.0,0.9019899582954665,93,0.8195,,0.4598299297513935,0.33702274573517466,2.5156402129590485e-08,bidisperse_a0.005_sr0.667_x1_N4000_L24_T400000_seed1.npz,bidisperse,1,0.005,0.6666666666666666,1.0,0.5928498881434425
190000.0,0.9035251882547631,88,0.84925,,0.4677047143085061,0.35656271934222405,2.4428383911746028e-08,bidisperse_a0.005_sr0.667_x1_N4000_L24_T400000_seed1.npz,bidisperse,1,0.005,0.6666666666666666,1.0,0.5928498881434425
192000.0,0.9004728223570526,87,0.82475,,0.4665292615617302,0.35143029814665594,2.4434780909917285e-08,bidisperse_a0.005_sr0.667_x1_N4000_L24_T400000_seed1.npz,bidisperse,1,0.005,0.6666666666666666,1.0,0.5928498881434425
194000.0,0.9015294265350816,84,0.82825,,0.4331700689809301,0.3651253370618196,2.689216138518939e-08,bidisperse_a0.005_sr0.667_x1_N4000_L24_T400000_seed1.npz,bidisperse,1,0.005,0.6666666666666666,1.0,0.5928498881434425
196000.0,0.9029336101922206,81,0.81875,,0.43721026229007703,0.3849658314350797,3.131422040699533e-08,bidisperse_a0.005_sr0.667_x1_N4000_L24_T400000_seed1.npz,bidisperse,1,0.005,0.6666666666666666,1.0,0.5928498881434425
198000.0,0.9002745472853448,109,0.809,,0.4336949350150684,0.3663615330449653,3.188824952910059e-08,bidisperse_a0.005_sr0.667_x1_N4000_L24_T400000_seed1.npz,bidisperse,1,0.005,0.6666666666666666,1.0,0.5928498881434425
200000.0,0.9025847415107995,102,0.8225,0.5190961937624329,0.47155984677513396,0.36690938511326865,3.019793688033786e-08,bidisperse_a0.005_sr0.667_x1_N4000_L24_T400000_seed1.npz,bidisperse,1,0.005,0.6666666666666666,1.0,0.5928498881434425
202000.0,0.9023202654679663,82,0.8265,,0.42942357690659577,0.38951460181401376,2.8524787327333256e-08,bidisperse_a0.005_sr0.667_x1_N4000_L24_T400000_seed1.npz,bidisperse,1,0.005,0.6666666666666666,1.0,0.5928498881434425
204000.0,0.9031632951939552,101,0.814,,0.4662839640899501,0.38329312424607964,2.8324290270446462e-08,bidisperse_a0.005_sr0.667_x1_N4000_L24_T400000_seed1.npz,bidisperse,1,0.005,0.6666666666666666,1.0,0.5928498881434425
206000.0,0.9027490350523133,109,0.7895,,0.48036495798254414,0.3829808660624371,3.019449094620876e-08,bidisperse_a0.005_sr0.667_x1_N4000_L24_T400000_seed1.npz,bidisperse,1,0.005,0.6666666666666666,1.0,0.5928498881434425
208000.0,0.9019193599308154,89,0.8005,,0.46453472937036894,0.3740204942736588,3.0615942865730864e-08,bidisperse_a0.005_sr0.667_x1_N4000_L24_T400000_seed1.npz,bidisperse,1,0.005,0.6666666666666666,1.0,0.5928498881434425
210000.0,0.8996699285159391,120,0.79525,,0.4661374281439656,0.36738005882949587,2.8447772419605783e-08,bidisperse_a0.005_sr0.667_x1_N4000_L24_T400000_seed1.npz,bidisperse,1,0.005,0.6666666666666666,1.0,0.5928498881434425
212000.0,0.898911048334591,115,0.7995,,0.43004158690646754,0.3699215965787598,3.075195034044032e-08,bidisperse_a0.005_sr0.667_x1_N4000_L24_T400000_seed1.npz,bidisperse,1,0.005,0.6666666666666666,1.0,0.5928498881434425
214000.0,0.9009889759681604,112,0.79825,,0.4409357815040915,0.36191059399877523,3.1497447500465083e-08,bidisperse_a0.005_sr0.667_x1_N4000_L24_T400000_seed1.npz,bidisperse,1,0.005,0.6666666666666666,1.0,0.5928498881434425
216000.0,0.9021088673633938,108,0.80775,,0.47309799697913146,0.36939768809572093,2.7948294657454597e-08,bidisperse_a0.005_sr0.667_x1_N4000_L24_T400000_seed1.npz,bidisperse,1,0.005,0.6666666666666666,1.0,0.5928498881434425
218000.0,0.9016735190140305,92,0.801,,0.4982116046652971,0.3787023977433004,2.9794028305552972e-08,bidisperse_a0.005_sr0.667_x1_N4000_L24_T400000_seed1.npz,bidisperse,1,0.005,0.6666666666666666,1.0,0.5928498881434425
220000.0,0.9025539090994633,93,0.795,,0.43923066478058403,0.37817668414683336,2.8480354280305633e-08,bidisperse_a0.005_sr0.667_x1_N4000_L24_T400000_seed1.npz,bidisperse,1,0.005,0.6666666666666666,1.0,0.5928498881434425
222000.0,0.9057405339099396,95,0.7935,,0.45971362279504185,0.38284686125549783,3.3164268422233534e-08,bidisperse_a0.005_sr0.667_x1_N4000_L24_T400000_seed1.npz,bidisperse,1,0.005,0.6666666666666666,1.0,0.5928498881434425
224000.0,0.9020693692353622,109,0.786,,0.4834540420530053,0.37168408360128613,3.205754575659679e-08,bidisperse_a0.005_sr0.667_x1_N4000_L24_T400000_seed1.npz,bidisperse,1,0.005,0.6666666666666666,1.0,0.5928498881434425
226000.0,0.9027049765553654,106,0.785,,0.4907047076040962,0.38061347233360066,3.342741956283941e-08,bidisperse_a0.005_sr0.667_x1_N4000_L24_T400000_seed1.npz,bidisperse,1,0.005,0.6666666666666666,1.0,0.5928498881434425
228000.0,0.9006963620770936,91,0.815,,0.47791885640098375,0.3768334337954591,3.180683001062911e-08,bidisperse_a0.005_sr0.667_x1_N4000_L24_T400000_seed1.npz,bidisperse,1,0.005,0.6666666666666666,1.0,0.5928498881434425
230000.0,0.9000863763980098,104,0.80625,,0.4463417128924214,0.38210241507165044,3.299368029321852e-08,bidisperse_a0.005_sr0.667_x1_N4000_L24_T400000_seed1.npz,bidisperse,1,0.005,0.6666666666666666,1.0,0.5928498881434425
232000.0,0.8999282198096371,87,0.80275,,0.4349304019924271,0.3775784753363228,3.313801767004454e-08,bidisperse_a0.005_sr0.667_x1_N4000_L24_T400000_seed1.npz,bidisperse,1,0.005,0.6666666666666666,1.0,0.5928498881434425
234000.0,0.9023110092428408,97,0.812,,0.5309183663932121,0.37559808612440193,3.3435194052723636e-08,bidisperse_a0.005_sr0.667_x1_N4000_L24_T400000_seed1.npz,bidisperse,1,0.005,0.6666666666666666,1.0,0.5928498881434425
236000.0,0.9014101352618518,100,0.81275,,0.44393265065952975,0.37083041169988984,3.053061877868268e-08,bidisperse_a0.005_sr0.667_x1_N4000_L24_T400000_seed1.npz,bidisperse,1,0.005,0.6666666666666666,1.0,0.5928498881434425
238000.0,0.9012357241167264,98,0.81,,0.4382779342614823,0.3583995174424449,3.10748478461399e-08,bidisperse_a0.005_sr0.667_x1_N4000_L24_T400000_seed1.npz,bidisperse,1,0.005,0.6666666666666666,1.0,0.5928498881434425
240000.0,0.901709109161124,99,0.80175,,0.4852758220072915,0.37025507129945767,3.513779306839347e-08,bidisperse_a0.005_sr0.667_x1_N4000_L24_T400000_seed1.npz,bidisperse,1,0.005,0.6666666666666666,1.0,0.5928498881434425
242000.0,0.9015702180963356,106,0.8115,,0.41935313687045445,0.36115064037405975,3.349925476144713e-08,bidisperse_a0.005_sr0.667_x1_N4000_L24_T400000_seed1.npz,bidisperse,1,0.005,0.6666666666666666,1.0,0.5928498881434425
244000.0,0.8987413815442336,100,0.81425,,0.44412126814902914,0.37900140930138915,3.293103131499297e-08,bidisperse_a0.005_sr0.667_x1_N4000_L24_T400000_seed1.npz,bidisperse,1,0.005,0.6666666666666666,1.0,0.5928498881434425
246000.0,0.9011103694817837,105,0.80775,,0.4354117744708799,0.3744435451234318,3.1189259033254615e-08,bidisperse_a0.005_sr0.667_x1_N4000_L24_T400000_seed1.npz,bidisperse,1,0.005,0.6666666666666666,1.0,0.5928498881434425
248000.0,0.9015400920630009,109,0.80275,,0.43435834221445874,0.3663889453363137,3.3327190968630455e-08,bidisperse_a0.005_sr0.667_x1_N4000_L24_T400000_seed1.npz,bidisperse,1,0.005,0.6666666666666666,1.0,0.5928498881434425
250000.0,0.9010133786628961,100,0.81175,,0.4468537454160894,0.36648101265822786,3.648403330792988e-08,bidisperse_a0.005_sr0.667_x1_N4000_L24_T400000_seed1.npz,bidisperse,1,0.005,0.6666666666666666,1.0,0.5928498881434425
252000.0,0.9035582525610234,94,0.811,,0.5390259500558107,0.35753508236729714,3.194051775022562e-08,bidisperse_a0.005_sr0.667_x1_N4000_L24_T400000_seed1.npz,bidisperse,1,0.005,0.6666666666666666,1.0,0.5928498881434425
254000.0,0.9011873487252647,103,0.82625,,0.4724001585219558,0.37716646513502616,3.065378606920076e-08,bidisperse_a0.005_sr0.667_x1_N4000_L24_T400000_seed1.npz,bidisperse,1,0.005,0.6666666666666666,1.0,0.5928498881434425
256000.0,0.9009764950701541,104,0.8265,,0.45570929292777335,0.38360456888709193,3.000469403026612e-08,bidisperse_a0.005_sr0.667_x1_N4000_L24_T400000_seed1.npz,bidisperse,1,0.005,0.6666666666666666,1.0,0.5928498881434425
258000.0,0.9032862577634836,96,0.795,,0.4638676515850486,0.37847678770102156,3.546254186323146e-08,bidisperse_a0.005_sr0.667_x1_N4000_L24_T400000_seed1.npz,bidisperse,1,0.005,0.6666666666666666,1.0,0.5928498881434425
260000.0,0.9037298928029105,96,0.8115,,0.4427558159426862,0.3731222905534832,3.136213405277989e-08,bidisperse_a0.005_sr0.667_x1_N4000_L24_T400000_seed1.npz,bidisperse,1,0.005,0.6666666666666666,1.0,0.5928498881434425
262000.0,0.9028621352706581,115,0.79175,,0.45717461601172943,0.3728212403729225,3.027040530805873e-08,bidisperse_a0.005_sr0.667_x1_N4000_L24_T400000_seed1.npz,bidisperse,1,0.005,0.6666666666666666,1.0,0.5928498881434425
264000.0,0.9019728926783002,112,0.79675,,0.4885830498395482,0.37891335083821454,3.4824070087992764e-08,bidisperse_a0.005_sr0.667_x1_N4000_L24_T400000_seed1.npz,bidisperse,1,0.005,0.6666666666666666,1.0,0.5928498881434425
266000.0,0.9037515243536139,109,0.786,,0.47188827665035654,0.3651385390428211,3.5098364248922024e-08,bidisperse_a0.005_sr0.667_x1_N4000_L24_T400000_seed1.npz,bidisperse,1,0.005,0.6666666666666666,1.0,0.5928498881434425
268000.0,0.9003219167567851,95,0.79225,,0.5071781424887172,0.3532035685320357,3.536084941181004e-08,bidisperse_a0.005_sr0.667_x1_N4000_L24_T400000_seed1.npz,bidisperse,1,0.005,0.6666666666666666,1.0,0.5928498881434425
270000.0,0.9010795054755458,97,0.78875,,0.4466833364690912,0.36638061585058046,2.9546424360624864e-08,bidisperse_a0.005_sr0.667_x1_N4000_L24_T400000_seed1.npz,bidisperse,1,0.005,0.6666666666666666,1.0,0.5928498881434425
272000.0,0.9026642641987048,98,0.78975,,0.4629113163996741,0.36317601782458986,2.9104169123714097e-08,bidisperse_a0.005_sr0.667_x1_N4000_L24_T400000_seed1.npz,bidisperse,1,0.005,0.6666666666666666,1.0,0.5928498881434425
274000.0,0.9020103457051878,99,0.787,,0.46694352756082896,0.3711008251157174,2.9174717621300312e-08,bidisperse_a0.005_sr0.667_x1_N4000_L24_T400000_seed1.npz,bidisperse,1,0.005,0.6666666666666666,1.0,0.5928498881434425
276000.0,0.9021347928941288,101,0.78225,,0.5151511985429164,0.369506185255959,2.9710533968021288e-08,bidisperse_a0.005_sr0.667_x1_N4000_L24_T400000_seed1.npz,bidisperse,1,0.005,0.6666666666666666,1.0,0.5928498881434425
278000.0,0.9035384762631455,108,0.7885,,0.5039569193330721,0.3630074270017296,2.970301471302974e-08,bidisperse_a0.005_sr0.667_x1_N4000_L24_T400000_seed1.npz,bidisperse,1,0.005,0.6666666666666666,1.0,0.5928498881434425
280000.0,0.9067320033357046,98,0.77475,,0.511452410441117,0.3670400645877485,2.9346718602418704e-08,bidisperse_a0.005_sr0.667_x1_N4000_L24_T400000_seed1.npz,bidisperse,1,0.005,0.6666666666666666,1.0,0.5928498881434425
282000.0,0.9054345171201089,99,0.779,,0.49185044596502714,0.364631452098815,2.7359540902587824e-08,bidisperse_a0.005_sr0.667_x1_N4000_L24_T400000_seed1.npz,bidisperse,1,0.005,0.6666666666666666,1.0,0.5928498881434425
284000.0,0.9038618776374452,100,0.7735,,0.5110099362668522,0.3644784534836891,2.6357217533733564e-08,bidisperse_a0.005_sr0.667_x1_N4000_L24_T400000_seed1.npz,bidisperse,1,0.005,0.6666666666666666,1.0,0.5928498881434425
286000.0,0.9032437754266842,91,0.7955,,0.5043875904548605,0.35567010309278346,3.3465282676158323e-08,bidisperse_a0.005_sr0.667_x1_N4000_L24_T400000_seed1.npz,bidisperse,1,0.005,0.6666666666666666,1.0,0.5928498881434425
288000.0,0.9005697594916574,101,0.85625,,0.465212103558129,0.3584276475343573,2.643166441840719e-08,bidisperse_a0.005_sr0.667_x1_N4000_L24_T400000_seed1.npz,bidisperse,1,0.005,0.6666666666666666,1.0,0.5928498881434425
290000.0,0.9020814253088595,98,0.827,,0.5181369353792165,0.3649869504115639,2.8504488487780203e-08,bidisperse_a0.005_sr0.667_x1_N4000_L24_T400000_seed1.npz,bidisperse,1,0.005,0.6666666666666666,1.0,0.5928498881434425
292000.0,0.9035681163020844,89,0.86775,,0.46562179774519125,0.37853107344632764,2.679895018603363e-08,bidisperse_a0.005_sr0.667_x1_N4000_L24_T400000_seed1.npz,bidisperse,1,0.005,0.6666666666666666,1.0,0.5928498881434425
294000.0,0.8995962587837997,97,0.85575,,0.4451272508219326,0.3701784112428984,2.52334109061417e-08,bidisperse_a0.005_sr0.667_x1_N4000_L24_T400000_seed1.npz,bidisperse,1,0.005,0.6666666666666666,1.0,0.5928498881434425
296000.0,0.898940798305239,98,0.86175,,0.46512732191840983,0.36107490223603733,2.8379443110300916e-08,bidisperse_a0.005_sr0.667_x1_N4000_L24_T400000_seed1.npz,bidisperse,1,0.005,0.6666666666666666,1.0,0.5928498881434425
298000.0,0.8987299060465743,96,0.854,,0.49582519640338973,0.35946597068861674,2.719494041434803e-08,bidisperse_a0.005_sr0.667_x1_N4000_L24_T400000_seed1.npz,bidisperse,1,0.005,0.6666666666666666,1.0,0.5928498881434425
300000.0,0.8992381495312518,97,0.85725,0.5094118293897593,0.49840929176751414,0.35165943710279435,2.667216452089165e-08,bidisperse_a0.005_sr0.667_x1_N4000_L24_T400000_seed1.npz,bidisperse,1,0.005,0.6666666666666666,1.0,0.5928498881434425
302000.0,0.8993506769292244,95,0.86075,,0.4753553457504028,0.3512648735126488,2.9054852597760154e-08,bidisperse_a0.005_sr0.667_x1_N4000_L24_T400000_seed1.npz,bidisperse,1,0.005,0.6666666666666666,1.0,0.5928498881434425
304000.0,0.8956372432065778,95,0.8685,,0.48969426638083796,0.3196770938446014,2.3714708451037845e-08,bidisperse_a0.005_sr0.667_x1_N4000_L24_T400000_seed1.npz,bidisperse,1,0.005,0.6666666666666666,1.0,0.5928498881434425
306000.0,0.8971082100574826,92,0.86625,,0.49606073243400933,0.33109395367492234,2.3560585651873114e-08,bidisperse_a0.005_sr0.667_x1_N4000_L24_T400000_seed1.npz,bidisperse,1,0.005,0.6666666666666666,1.0,0.5928498881434425
308000.0,0.897686896124356,106,0.857,,0.46063917292654516,0.33236122284794856,2.545468059654046e-08,bidisperse_a0.005_sr0.667_x1_N4000_L24_T400000_seed1.npz,bidisperse,1,0.005,0.6666666666666666,1.0,0.5928498881434425
310000.0,0.9002511569096942,78,0.86275,,0.4648817845941872,0.331225534477567,2.6833831020944077e-08,bidisperse_a0.005_sr0.667_x1_N4000_L24_T400000_seed1.npz,bidisperse,1,0.005,0.6666666666666666,1.0,0.5928498881434425
312000.0,0.9024025243928212,86,0.86525,,0.48943827056354683,0.33946053946053945,2.6367428196330853e-08,bidisperse_a0.005_sr0.667_x1_N4000_L24_T400000_seed1.npz,bidisperse,1,0.005,0.6666666666666666,1.0,0.5928498881434425
314000.0,0.8998820858420933,88,0.8735,,0.4904172804749891,0.34278841335070664,2.69499011416354e-08,bidisperse_a0.005_sr0.667_x1_N4000_L24_T400000_seed1.npz,bidisperse,1,0.005,0.6666666666666666,1.0,0.5928498881434425
316000.0,0.8997795346884384,92,0.86975,,0.4592691010804558,0.339859437751004,2.4023889911572757e-08,bidisperse_a0.005_sr0.667_x1_N4000_L24_T400000_seed1.npz,bidisperse,1,0.005,0.6666666666666666,1.0,0.5928498881434425
318000.0,0.8998080188298359,90,0.872,,0.5407621856737287,0.3446243005595524,2.6714598811420647e-08,bidisperse_a0.005_sr0.667_x1_N4000_L24_T400000_seed1.npz,bidisperse,1,0.005,0.6666666666666666,1.0,0.5928498881434425
320000.0,0.9016296983323564,90,0.86275,,0.44514484649600444,0.3451230447344824,2.3748996959962565e-08,bidisperse_a0.005_sr0.667_x1_N4000_L24_T400000_seed1.npz,bidisperse,1,0.005,0.6666666666666666,1.0,0.5928498881434425
322000.0,0.9016090362948065,77,0.86175,,0.47543623971007043,0.34614616613418525,2.5547188600726375e-08,bidisperse_a0.005_sr0.667_x1_N4000_L24_T400000_seed1.npz,bidisperse,1,0.005,0.6666666666666666,1.0,0.5928498881434425
324000.0,0.9007457961024711,88,0.84225,,0.5241126134411759,0.3441486690105474,2.184522517325828e-08,bidisperse_a0.005_sr0.667_x1_N4000_L24_T400000_seed1.npz,bidisperse,1,0.005,0.6666666666666666,1.0,0.5928498881434425
326000.0,0.9028901056199943,92,0.83925,,0.4504845287036973,0.3340068700747626,2.4292670880431213e-08,bidisperse_a0.005_sr0.667_x1_N4000_L24_T400000_seed1.npz,bidisperse,1,0.005,0.6666666666666666,1.0,0.5928498881434425
328000.0,0.9022020508846158,85,0.848,,0.524064872962052,0.3338376197680283,2.8504331989207025e-08,bidisperse_a0.005_sr0.667_x1_N4000_L24_T400000_seed1.npz,bidisperse,1,0.005,0.6666666666666666,1.0,0.5928498881434425
330000.0,0.901278393981312,85,0.8455,,0.4763668237560978,0.34988038277511957,3.05672031106209e-08,bidisperse_a0.005_sr0.667_x1_N4000_L24_T400000_seed1.npz,bidisperse,1,0.005,0.6666666666666666,1.0,0.5928498881434425
332000.0,0.9017160151924086,93,0.83725,,0.49051516797177097,0.35081771041084964,2.729391941026528e-08,bidisperse_a0.005_sr0.667_x1_N4000_L24_T400000_seed1.npz,bidisperse,1,0.005,0.6666666666666666,1.0,0.5928498881434425
334000.0,0.901202756455308,87,0.84,,0.5173403999009171,0.3477304539092182,2.5580253735628076e-08,bidisperse_a0.005_sr0.667_x1_N4000_L24_T400000_seed1.npz,bidisperse,1,0.005,0.6666666666666666,1.0,0.5928498881434425
336000.0,0.9013693446446936,97,0.84575,,0.46049906712839295,0.33780671006509766,2.798793878007917e-08,bidisperse_a0.005_sr0.667_x1_N4000_L24_T400000_seed1.npz,bidisperse,1,0.005,0.6666666666666666,1.0,0.5928498881434425
338000.0,0.9029701165157484,99,0.8455,,0.49752589894006277,0.34288003204486284,2.769881448708249e-08,bidisperse_a0.005_sr0.667_x1_N4000_L24_T400000_seed1.npz,bidisperse,1,0.005,0.6666666666666666,1.0,0.5928498881434425
340000.0,0.9018328242257456,90,0.8325,,0.5032103903907876,0.35357678839419715,2.732465442983157e-08,bidisperse_a0.005_sr0.667_x1_N4000_L24_T400000_seed1.npz,bidisperse,1,0.005,0.6666666666666666,1.0,0.5928498881434425
342000.0,0.9052291635801003,75,0.82775,,0.4704408507676676,0.36345541401273884,2.431905884689769e-08,bidisperse_a0.005_sr0.667_x1_N4000_L24_T400000_seed1.npz,bidisperse,1,0.005,0.6666666666666666,1.0,0.5928498881434425
344000.0,0.9025780890552676,86,0.8215,,0.4608096354581742,0.36206206206206204,2.7498990557690923e-08,bidisperse_a0.005_sr0.667_x1_N4000_L24_T400000_seed1.npz,bidisperse,1,0.005,0.6666666666666666,1.0,0.5928498881434425
346000.0,0.9037885894824798,66,0.825,,0.48112242179451686,0.36765293882447025,2.6673564596457127e-08,bidisperse_a0.005_sr0.667_x1_N4000_L24_T400000_seed1.npz,bidisperse,1,0.005,0.6666666666666666,1.0,0.5928498881434425
348000.0,0.9028221341088721,99,0.80575,,0.4856197611710333,0.38516461721539075,2.7521059521915746e-08,bidisperse_a0.005_sr0.667_x1_N4000_L24_T400000_seed1.npz,bidisperse,1,0.005,0.6666666666666666,1.0,0.5928498881434425
350000.0,0.9017447558951167,91,0.82275,,0.47145601185036273,0.369975884244373,2.8181242578199153e-08,bidisperse_a0.005_sr0.667_x1_N4000_L24_T400000_seed1.npz,bidisperse,1,0.005,0.6666666666666666,1.0,0.5928498881434425
352000.0,0.9019839474729509,103,0.8005,,0.44827728831617225,0.35778700982875666,2.8582673323638534e-08,bidisperse_a0.005_sr0.667_x1_N4000_L24_T400000_seed1.npz,bidisperse,1,0.005,0.6666666666666666,1.0,0.5928498881434425
354000.0,0.9022130693290731,97,0.81825,,0.4863017774819019,0.37461176234846205,3.0859506911797935e-08,bidisperse_a0.005_sr0.667_x1_N4000_L24_T400000_seed1.npz,bidisperse,1,0.005,0.6666666666666666,1.0,0.5928498881434425
356000.0,0.9020103738713562,97,0.816,,0.455807400113123,0.36560867818400966,3.1382259297755853e-08,bidisperse_a0.005_sr0.667_x1_N4000_L24_T400000_seed1.npz,bidisperse,1,0.005,0.6666666666666666,1.0,0.5928498881434425
358000.0,0.903362665938778,100,0.80975,,0.41999525685141675,0.37367790860107764,3.183418527002211e-08,bidisperse_a0.005_sr0.667_x1_N4000_L24_T400000_seed1.npz,bidisperse,1,0.005,0.6666666666666666,1.0,0.5928498881434425
360000.0,0.9006369580083787,95,0.81525,,0.4447174915868867,0.3653904130238167,3.2803342263245e-08,bidisperse_a0.005_sr0.667_x1_N4000_L24_T400000_seed1.npz,bidisperse,1,0.005,0.6666666666666666,1.0,0.5928498881434425
362000.0,0.9055591946327864,107,0.80575,,0.4967683991841816,0.36715365239294706,3.0167712821313874e-08,bidisperse_a0.005_sr0.667_x1_N4000_L24_T400000_seed1.npz,bidisperse,1,0.005,0.6666666666666666,1.0,0.5928498881434425
364000.0,0.9036513337422852,88,0.84925,,0.46328045507368326,0.37060895822848516,3.6024198210426287e-08,bidisperse_a0.005_sr0.667_x1_N4000_L24_T400000_seed1.npz,bidisperse,1,0.005,0.6666666666666666,1.0,0.5928498881434425
366000.0,0.9021642547718025,97,0.80375,,0.45183372977915437,0.37099849473156044,3.066500229813439e-08,bidisperse_a0.005_sr0.667_x1_N4000_L24_T400000_seed1.npz,bidisperse,1,0.005,0.6666666666666666,1.0,0.5928498881434425
368000.0,0.9027586102511143,82,0.806,,0.4938169236372836,0.3676323676323676,2.7704186752906627e-08,bidisperse_a0.005_sr0.667_x1_N4000_L24_T400000_seed1.npz,bidisperse,1,0.005,0.6666666666666666,1.0,0.5928498881434425
370000.0,0.9041159262596254,95,0.7965,,0.5352957221185998,0.34842539490894453,2.5997893547124145e-08,bidisperse_a0.005_sr0.667_x1_N4000_L24_T400000_seed1.npz,bidisperse,1,0.005,0.6666666666666666,1.0,0.5928498881434425
372000.0,0.9008722701608157,100,0.82575,,0.4725901393891359,0.3578313253012049,2.454072212843578e-08,bidisperse_a0.005_sr0.667_x1_N4000_L24_T400000_seed1.npz,bidisperse,1,0.005,0.6666666666666666,1.0,0.5928498881434425
374000.0,0.9026055603273655,99,0.83475,,0.5009485358529409,0.35118987341772157,2.781043822409847e-08,bidisperse_a0.005_sr0.667_x1_N4000_L24_T400000_seed1.npz,bidisperse,1,0.005,0.6666666666666666,1.0,0.5928498881434425
376000.0,0.8976618745227808,102,0.837,,0.4566795720579478,0.36142885811759984,2.914145384068574e-08,bidisperse_a0.005_sr0.667_x1_N4000_L24_T400000_seed1.npz,bidisperse,1,0.005,0.6666666666666666,1.0,0.5928498881434425
378000.0,0.8998973872877887,97,0.8365,,0.459900847136133,0.3468027073441762,2.8088264036768934e-08,bidisperse_a0.005_sr0.667_x1_N4000_L24_T400000_seed1.npz,bidisperse,1,0.005,0.6666666666666666,1.0,0.5928498881434425
380000.0,0.8980744297304531,106,0.825,,0.47868264521151227,0.3572149344096872,2.5279788546816066e-08,bidisperse_a0.005_sr0.667_x1_N4000_L24_T400000_seed1.npz,bidisperse,1,0.005,0.6666666666666666,1.0,0.5928498881434425
382000.0,0.8980069194106838,100,0.8305,,0.4343416459134999,0.3467086550182853,2.665682380544299e-08,bidisperse_a0.005_sr0.667_x1_N4000_L24_T400000_seed1.npz,bidisperse,1,0.005,0.6666666666666666,1.0,0.5928498881434425
384000.0,0.8946919698633817,102,0.8385,,0.4696059150437885,0.3388781823714373,2.8610723040903623e-08,bidisperse_a0.005_sr0.667_x1_N4000_L24_T400000_seed1.npz,bidisperse,1,0.005,0.6666666666666666,1.0,0.5928498881434425
386000.0,0.8958636571651611,109,0.83125,,0.44213229258330144,0.3223300970873786,2.5844901750068075e-08,bidisperse_a0.005_sr0.667_x1_N4000_L24_T400000_seed1.npz,bidisperse,1,0.005,0.6666666666666666,1.0,0.5928498881434425
388000.0,0.8985858705250803,109,0.83125,,0.4247954443264685,0.3329255861365953,2.7058189265307065e-08,bidisperse_a0.005_sr0.667_x1_N4000_L24_T400000_seed1.npz,bidisperse,1,0.005,0.6666666666666666,1.0,0.5928498881434425
390000.0,0.8972987487864124,105,0.82375,,0.4617061781854053,0.34386071464723145,2.9132919571333068e-08,bidisperse_a0.005_sr0.667_x1_N4000_L24_T400000_seed1.npz,bidisperse,1,0.005,0.6666666666666666,1.0,0.5928498881434425
392000.0,0.8984945516243064,103,0.81325,,0.4170751000914807,0.3438259109311741,3.172057732259813e-08,bidisperse_a0.005_sr0.667_x1_N4000_L24_T400000_seed1.npz,bidisperse,1,0.005,0.6666666666666666,1.0,0.5928498881434425
394000.0,0.8980670824537382,110,0.8095,,0.4741592375390726,0.35592877377579923,3.104459639552514e-08,bidisperse_a0.005_sr0.667_x1_N4000_L24_T400000_seed1.npz,bidisperse,1,0.005,0.6666666666666666,1.0,0.5928498881434425
396000.0,0.8978468808237776,106,0.812,,0.4922295248251034,0.34215328467153283,3.18305895051016e-08,bidisperse_a0.005_sr0.667_x1_N4000_L24_T400000_seed1.npz,bidisperse,1,0.005,0.6666666666666666,1.0,0.5928498881434425
398000.0,0.8962742546724439,107,0.81875,,0.47698793744480533,0.33666666666666667,2.820923135815595e-08,bidisperse_a0.005_sr0.667_x1_N4000_L24_T400000_seed1.npz,bidisperse,1,0.005,0.6666666666666666,1.0,0.5928498881434425
400000.0,0.8961726075837582,117,0.82825,0.5140780478573712,0.4994104552534711,0.34101941747572817,3.018423895440648e-08,bidisperse_a0.005_sr0.667_x1_N4000_L24_T400000_seed1.npz,bidisperse,1,0.005,0.6666666666666666,1.0,0.5928498881434425
0.0,0.9970263857931179,804,0.0055,0.8846268348087749,,,,bidisperse_a0.005_sr0.667_x1_N4000_L24_T400000_seed2.npz,bidisperse,2,0.005,0.6666666666666666,1.0,0.6050849735336844
2000.0,0.9708882210549094,103,0.11475,,0.08290743823256913,0.8787598334104582,2.6997225140405626e-08,bidisperse_a0.005_sr0.667_x1_N4000_L24_T400000_seed2.npz,bidisperse,2,0.005,0.6666666666666666,1.0,0.6050849735336844
4000.0,0.9636266815933523,88,0.1045,,0.6031243745177917,0.683146517213771,2.4521676202696604e-08,bidisperse_a0.005_sr0.667_x1_N4000_L24_T400000_seed2.npz,bidisperse,2,0.005,0.6666666666666666,1.0,0.6050849735336844
6000.0,0.9585674571662273,69,0.159,,0.6675795106690258,0.6457546713137767,2.257150621967009e-08,bidisperse_a0.005_sr0.667_x1_N4000_L24_T400000_seed2.npz,bidisperse,2,0.005,0.6666666666666666,1.0,0.6050849735336844
8000.0,0.9550976379262652,69,0.152,,0.6728564537152418,0.5849447513812155,2.4372364146281133e-08,bidisperse_a0.005_sr0.667_x1_N4000_L24_T400000_seed2.npz,bidisperse,2,0.005,0.6666666666666666,1.0,0.6050849735336844
10000.0,0.9531011758642819,83,0.216,,0.6772360502721654,0.5807855941426734,1.9957088185751655e-08,bidisperse_a0.005_sr0.667_x1_N4000_L24_T400000_seed2.npz,bidisperse,2,0.005,0.6666666666666666,1.0,0.6050849735336844
12000.0,0.9491634335090957,74,0.285,,0.6800982905271971,0.5670562599049128,2.043488464177519e-08,bidisperse_a0.005_sr0.667_x1_N4000_L24_T400000_seed2.npz,bidisperse,2,0.005,0.6666666666666666,1.0,0.6050849735336844
14000.0,0.9448934938792972,78,0.37175,,0.6622068355492982,0.5538522012578616,2.0701071146783726e-08,bidisperse_a0.005_sr0.667_x1_N4000_L24_T400000_seed2.npz,bidisperse,2,0.005,0.6666666666666666,1.0,0.6050849735336844
16000.0,0.9428532436427811,62,0.252,,0.6069488552612762,0.5559461042765085,2.3956483754889932e-08,bidisperse_a0.005_sr0.667_x1_N4000_L24_T400000_seed2.npz,bidisperse,2,0.005,0.6666666666666666,1.0,0.6050849735336844
18000.0,0.9394109595616785,70,0.278,,0.5927108795226236,0.5338598223099704,2.3432271417337757e-08,bidisperse_a0.005_sr0.667_x1_N4000_L24_T400000_seed2.npz,bidisperse,2,0.005,0.6666666666666666,1.0,0.6050849735336844
20000.0,0.9400949472276071,89,0.275,,0.5998808674227615,0.540625306282466,2.1986605117992365e-08,bidisperse_a0.005_sr0.667_x1_N4000_L24_T400000_seed2.npz,bidisperse,2,0.005,0.6666666666666666,1.0,0.6050849735336844
22000.0,0.9361690680123972,68,0.277,,0.5931182152922317,0.5304441611922738,2.0546739636786603e-08,bidisperse_a0.005_sr0.667_x1_N4000_L24_T400000_seed2.npz,bidisperse,2,0.005,0.6666666666666666,1.0,0.6050849735336844
24000.0,0.936492650739135,60,0.273,,0.6422701329717811,0.5041917348850972,2.1210134967292808e-08,bidisperse_a0.005_sr0.667_x1_N4000_L24_T400000_seed2.npz,bidisperse,2,0.005,0.6666666666666666,1.0,0.6050849735336844
26000.0,0.9382833412653458,76,0.2595,,0.6382564837263299,0.5010362182966546,2.3705402158197705e-08,bidisperse_a0.005_sr0.667_x1_N4000_L24_T400000_seed2.npz,bidisperse,2,0.005,0.6666666666666666,1.0,0.6050849735336844
28000.0,0.9382557311509337,74,0.2635,,0.6429152061369141,0.48695564920730483,2.5375027403688464e-08,bidisperse_a0.005_sr0.667_x1_N4000_L24_T400000_seed2.npz,bidisperse,2,0.005,0.6666666666666666,1.0,0.6050849735336844
30000.0,0.936023984473559,58,0.27175,,0.6178951304343614,0.5124073158675235,2.7846729002613852e-08,bidisperse_a0.005_sr0.667_x1_N4000_L24_T400000_seed2.npz,bidisperse,2,0.005,0.6666666666666666,1.0,0.6050849735336844
32000.0,0.9340875565381619,80,0.26025,,0.6194830925498563,0.5076041872407664,2.2764089354181635e-08,bidisperse_a0.005_sr0.667_x1_N4000_L24_T400000_seed2.npz,bidisperse,2,0.005,0.6666666666666666,1.0,0.6050849735336844
34000.0,0.9349819524774711,72,0.3925,,0.6401856350300278,0.49805602631841295,2.6411654931707487e-08,bidisperse_a0.005_sr0.667_x1_N4000_L24_T400000_seed2.npz,bidisperse,2,0.005,0.6666666666666666,1.0,0.6050849735336844
36000.0,0.9345840982147514,78,0.275,,0.5834659493055033,0.505116741182315,2.638032110085685e-08,bidisperse_a0.005_sr0.667_x1_N4000_L24_T400000_seed2.npz,bidisperse,2,0.005,0.6666666666666666,1.0,0.6050849735336844
38000.0,0.9339575155675642,90,0.26675,,0.5794768418333821,0.49696124339942216,2.517005173680392e-08,bidisperse_a0.005_sr0.667_x1_N4000_L24_T400000_seed2.npz,bidisperse,2,0.005,0.6666666666666666,1.0,0.6050849735336844
40000.0,0.9329987726213044,88,0.26875,,0.5656445192377431,0.4862210642348933,2.9603047572018944e-08,bidisperse_a0.005_sr0.667_x1_N4000_L24_T400000_seed2.npz,bidisperse,2,0.005,0.6666666666666666,1.0,0.6050849735336844
42000.0,0.9315683920932917,91,0.3825,,0.6234681239195784,0.49036445332002,2.7353557286697603e-08,bidisperse_a0.005_sr0.667_x1_N4000_L24_T400000_seed2.npz,bidisperse,2,0.005,0.6666666666666666,1.0,0.6050849735336844
44000.0,0.9323788965820217,88,0.276,,0.5980314674519683,0.4873233790961018,2.6025405546599443e-08,bidisperse_a0.005_sr0.667_x1_N4000_L24_T400000_seed2.npz,bidisperse,2,0.005,0.6666666666666666,1.0,0.6050849735336844
46000.0,0.9316705619428429,84,0.38475,,0.6052801602853365,0.4808080808080808,2.5171985047527956e-08,bidisperse_a0.005_sr0.667_x1_N4000_L24_T400000_seed2.npz,bidisperse,2,0.005,0.6666666666666666,1.0,0.6050849735336844
48000.0,0.9302987496398565,95,0.365,,0.6092573402300434,0.4935660847880299,2.5242365792244804e-08,bidisperse_a0.005_sr0.667_x1_N4000_L24_T400000_seed2.npz,bidisperse,2,0.005,0.6666666666666666,1.0,0.6050849735336844
50000.0,0.9307510981504598,92,0.262,,0.5804816533282021,0.47166968053044,2.537015448951917e-08,bidisperse_a0.005_sr0.667_x1_N4000_L24_T400000_seed2.npz,bidisperse,2,0.005,0.6666666666666666,1.0,0.6050849735336844
52000.0,0.9268092117938029,93,0.2565,,0.5682325552147887,0.4685990338164251,2.3391842707845993e-08,bidisperse_a0.005_sr0.667_x1_N4000_L24_T400000_seed2.npz,bidisperse,2,0.005,0.6666666666666666,1.0,0.6050849735336844
54000.0,0.9287568937039836,96,0.26175,,0.6049452065735212,0.47372130487313735,3.062999664410644e-08,bidisperse_a0.005_sr0.667_x1_N4000_L24_T400000_seed2.npz,bidisperse,2,0.005,0.6666666666666666,1.0,0.6050849735336844
56000.0,0.929753586884802,85,0.2585,,0.6040777797929778,0.47103858164601586,2.6751899791423088e-08,bidisperse_a0.005_sr0.667_x1_N4000_L24_T400000_seed2.npz,bidisperse,2,0.005,0.6666666666666666,1.0,0.6050849735336844
58000.0,0.9294858537413928,86,0.30375,,0.5619901477171665,0.47723861930965483,2.4384996777675234e-08,bidisperse_a0.005_sr0.667_x1_N4000_L24_T400000_seed2.npz,bidisperse,2,0.005,0.6666666666666666,1.0,0.6050849735336844
60000.0,0.927167556400207,81,0.25325,,0.5734808718883007,0.4797894527758466,2.5433822168011246e-08,bidisperse_a0.005_sr0.667_x1_N4000_L24_T400000_seed2.npz,bidisperse,2,0.005,0.6666666666666666,1.0,0.6050849735336844
62000.0,0.930155709304561,84,0.26425,,0.5519634038845731,0.48158780439516924,2.5488325504497903e-08,bidisperse_a0.005_sr0.667_x1_N4000_L24_T400000_seed2.npz,bidisperse,2,0.005,0.6666666666666666,1.0,0.6050849735336844
64000.0,0.9285312995672587,106,0.28175,,0.5581180559057523,0.47713856928464227,2.7219217570307095e-08,bidisperse_a0.005_sr0.667_x1_N4000_L24_T400000_seed2.npz,bidisperse,2,0.005,0.6666666666666666,1.0,0.6050849735336844
66000.0,0.9272937434713151,91,0.2925,,0.5340303326130192,0.4791144946408895,2.6191354999599334e-08,bidisperse_a0.005_sr0.667_x1_N4000_L24_T400000_seed2.npz,bidisperse,2,0.005,0.6666666666666666,1.0,0.6050849735336844
68000.0,0.9259148092583193,95,0.317,,0.5727362018595796,0.4737320670842594,2.9533072958916418e-08,bidisperse_a0.005_sr0.667_x1_N4000_L24_T400000_seed2.npz,bidisperse,2,0.005,0.6666666666666666,1.0,0.6050849735336844
70000.0,0.9266616285732541,93,0.30425,,0.5700396908284683,0.4906303236797275,2.624147009053513e-08,bidisperse_a0.005_sr0.667_x1_N4000_L24_T400000_seed2.npz,bidisperse,2,0.005,0.6666666666666666,1.0,0.6050849735336844
72000.0,0.9278033840304784,95,0.31275,,0.5343201632659587,0.49532896044523955,2.495329486475572e-08,bidisperse_a0.005_sr0.667_x1_N4000_L24_T400000_seed2.npz,bidisperse,2,0.005,0.6666666666666666,1.0,0.6050849735336844
74000.0,0.9266188902213364,93,0.296,,0.557389216142587,0.4746292746898013,2.8072299536450282e-08,bidisperse_a0.005_sr0.667_x1_N4000_L24_T400000_seed2.npz,bidisperse,2,0.005,0.6666666666666666,1.0,0.6050849735336844
76000.0,0.9262755444514822,98,0.29875,,0.5573691559402609,0.4681586978636826,2.671067366888824e-08,bidisperse_a0.005_sr0.667_x1_N4000_L24_T400000_seed2.npz,bidisperse,2,0.005,0.6666666666666666,1.0,0.6050849735336844
78000.0,0.9295455548598657,94,0.30275,,0.5791657457718675,0.4880248521895981,3.00348499903178e-08,bidisperse_a0.005_sr0.667_x1_N4000_L24_T400000_seed2.npz,bidisperse,2,0.005,0.6666666666666666,1.0,0.6050849735336844
80000.0,0.9285169179038514,79,0.3005,,0.5947546593474646,0.48414207103551776,2.9869529823784766e-08,bidisperse_a0.005_sr0.667_x1_N4000_L24_T400000_seed2.npz,bidisperse,2,0.005,0.6666666666666666,1.0,0.6050849735336844
82000.0,0.928693478479258,93,0.29825,,0.5706503066633023,0.484505064687594,2.4787421746807047e-08,bidisperse_a0.005_sr0.667_x1_N4000_L24_T400000_seed2.npz,bidisperse,2,0.005,0.6666666666666666,1.0,0.6050849735336844
84000.0,0.9306558789093345,86,0.293,,0.5888539101874282,0.47556315366049884,2.7123860738701517e-08,bidisperse_a0.005_sr0.667_x1_N4000_L24_T400000_seed2.npz,bidisperse,2,0.005,0.6666666666666666,1.0,0.6050849735336844
86000.0,0.9320724408200538,95,0.2555,,0.5898619605676361,0.47118678218819265,2.98656493199142e-08,bidisperse_a0.005_sr0.667_x1_N4000_L24_T400000_seed2.npz,bidisperse,2,0.005,0.6666666666666666,1.0,0.6050849735336844
88000.0,0.9296916578443909,88,0.261,,0.5832957132681318,0.4827551533433886,2.7130088522756174e-08,bidisperse_a0.005_sr0.667_x1_N4000_L24_T400000_seed2.npz,bidisperse,2,0.005,0.6666666666666666,1.0,0.6050849735336844
90000.0,0.9295289127600207,84,0.25875,,0.58495187101124,0.47969187675070024,2.406310749568069e-08,bidisperse_a0.005_sr0.667_x1_N4000_L24_T400000_seed2.npz,bidisperse,2,0.005,0.6666666666666666,1.0,0.6050849735336844
92000.0,0.9283419857778646,78,0.27125,,0.5630647130113632,0.47929348368426306,2.7350934036050265e-08,bidisperse_a0.005_sr0.667_x1_N4000_L24_T400000_seed2.npz,bidisperse,2,0.005,0.6666666666666666,1.0,0.6050849735336844
94000.0,0.9274737924833161,89,0.253,,0.5513525132193374,0.4946012877662209,2.3006396357042937e-08,bidisperse_a0.005_sr0.667_x1_N4000_L24_T400000_seed2.npz,bidisperse,2,0.005,0.6666666666666666,1.0,0.6050849735336844
96000.0,0.9290714626001157,85,0.2455,,0.5851231127361813,0.48756218905472637,2.4273988703246774e-08,bidisperse_a0.005_sr0.667_x1_N4000_L24_T400000_seed2.npz,bidisperse,2,0.005,0.6666666666666666,1.0,0.6050849735336844
98000.0,0.927257222559085,72,0.2795,,0.566375191817377,0.4896339648844361,2.557195516914991e-08,bidisperse_a0.005_sr0.667_x1_N4000_L24_T400000_seed2.npz,bidisperse,2,0.005,0.6666666666666666,1.0,0.6050849735336844
100000.0,0.9270310882976422,96,0.27725,0.538091893431046,0.5859548898914333,0.4813195548489666,2.421720329485571e-08,bidisperse_a0.005_sr0.667_x1_N4000_L24_T400000_seed2.npz,bidisperse,2,0.005,0.6666666666666666,1.0,0.6050849735336844
102000.0,0.9264290144184644,72,0.788,,0.5807345488289195,0.46845583817344283,2.7559991823018885e-08,bidisperse_a0.005_sr0.667_x1_N4000_L24_T400000_seed2.npz,bidisperse,2,0.005,0.6666666666666666,1.0,0.6050849735336844
104000.0,0.9266948431828913,80,0.50125,,0.6308603187492927,0.46882518043303933,2.846807248264458e-08,bidisperse_a0.005_sr0.667_x1_N4000_L24_T400000_seed2.npz,bidisperse,2,0.005,0.6666666666666666,1.0,0.6050849735336844
106000.0,0.928010367285438,83,0.289,,0.5752763781499243,0.47365257463434185,3.2204923260046204e-08,bidisperse_a0.005_sr0.667_x1_N4000_L24_T400000_seed2.npz,bidisperse,2,0.005,0.6666666666666666,1.0,0.6050849735336844
108000.0,0.92611603053688,66,0.743,,0.5688834358863056,0.4866594466870139,2.8865902072466478e-08,bidisperse_a0.005_sr0.667_x1_N4000_L24_T400000_seed2.npz,bidisperse,2,0.005,0.6666666666666666,1.0,0.6050849735336844
110000.0,0.9267390457251564,69,0.86375,,0.5596341010308397,0.4844908310573547,2.6600581262871732e-08,bidisperse_a0.005_sr0.667_x1_N4000_L24_T400000_seed2.npz,bidisperse,2,0.005,0.6666666666666666,1.0,0.6050849735336844
112000.0,0.9244328390014996,79,0.67175,,0.5872572824208911,0.4689254407564267,2.401181820198459e-08,bidisperse_a0.005_sr0.667_x1_N4000_L24_T400000_seed2.npz,bidisperse,2,0.005,0.6666666666666666,1.0,0.6050849735336844
114000.0,0.9233616815438104,77,0.66525,,0.6006586980014992,0.480865224625624,2.480890684587423e-08,bidisperse_a0.005_sr0.667_x1_N4000_L24_T400000_seed2.npz,bidisperse,2,0.005,0.6666666666666666,1.0,0.6050849735336844
116000.0,0.9243423787418931,83,0.63775,,0.55360555437799,0.46785537394749876,2.492901017657723e-08,bidisperse_a0.005_sr0.667_x1_N4000_L24_T400000_seed2.npz,bidisperse,2,0.005,0.6666666666666666,1.0,0.6050849735336844
118000.0,0.9253994026208349,85,0.69625,,0.5979359352394396,0.45922916873080355,2.517183713863354e-08,bidisperse_a0.005_sr0.667_x1_N4000_L24_T400000_seed2.npz,bidisperse,2,0.005,0.6666666666666666,1.0,0.6050849735336844
120000.0,0.9247583667834198,82,0.699,,0.5423188781803652,0.44597288676236047,2.546722617621648e-08,bidisperse_a0.005_sr0.667_x1_N4000_L24_T400000_seed2.npz,bidisperse,2,0.005,0.6666666666666666,1.0,0.6050849735336844
122000.0,0.9237431420537878,83,0.72475,,0.5633805897744496,0.42487360970677457,2.433020239422463e-08,bidisperse_a0.005_sr0.667_x1_N4000_L24_T400000_seed2.npz,bidisperse,2,0.005,0.6666666666666666,1.0,0.6050849735336844
124000.0,0.9234219339044539,87,0.68475,,0.54119602984825,0.4298069187449718,2.5437350761632135e-08,bidisperse_a0.005_sr0.667_x1_N4000_L24_T400000_seed2.npz,bidisperse,2,0.005,0.6666666666666666,1.0,0.6050849735336844
126000.0,0.9205280322918468,87,0.7165,,0.5857553438692779,0.4435459718478586,2.5137453003073285e-08,bidisperse_a0.005_sr0.667_x1_N4000_L24_T400000_seed2.npz,bidisperse,2,0.005,0.6666666666666666,1.0,0.6050849735336844
128000.0,0.9189626093526526,84,0.69625,,0.5286943644165133,0.44961163114917346,2.4072158372235643e-08,bidisperse_a0.005_sr0.667_x1_N4000_L24_T400000_seed2.npz,bidisperse,2,0.005,0.6666666666666666,1.0,0.6050849735336844
130000.0,0.914423089011466,92,0.6925,,0.5418105286637791,0.4315736551030669,2.4208686430704903e-08,bidisperse_a0.005_sr0.667_x1_N4000_L24_T400000_seed2.npz,bidisperse,2,0.005,0.6666666666666666,1.0,0.6050849735336844
132000.0,0.9164758638096017,100,0.70225,,0.519536275901806,0.43056531780299223,2.4651540802791434e-08,bidisperse_a0.005_sr0.667_x1_N4000_L24_T400000_seed2.npz,bidisperse,2,0.005,0.6666666666666666,1.0,0.6050849735336844
134000.0,0.911446450639923,84,0.7105,,0.5634812192298869,0.42537388336846327,2.6434587389769925e-08,bidisperse_a0.005_sr0.667_x1_N4000_L24_T400000_seed2.npz,bidisperse,2,0.005,0.6666666666666666,1.0,0.6050849735336844
136000.0,0.9119291292408039,96,0.70325,,0.5232708577415655,0.4244180237785993,2.6629377482634103e-08,bidisperse_a0.005_sr0.667_x1_N4000_L24_T400000_seed2.npz,bidisperse,2,0.005,0.6666666666666666,1.0,0.6050849735336844
138000.0,0.9108932618420028,107,0.7,,0.574410060434358,0.4114452378557779,2.543285616695913e-08,bidisperse_a0.005_sr0.667_x1_N4000_L24_T400000_seed2.npz,bidisperse,2,0.005,0.6666666666666666,1.0,0.6050849735336844
140000.0,0.9116783184934324,108,0.73125,,0.5756767837300869,0.4246630054917624,3.0004677465294285e-08,bidisperse_a0.005_sr0.667_x1_N4000_L24_T400000_seed2.npz,bidisperse,2,0.005,0.6666666666666666,1.0,0.6050849735336844
142000.0,0.9123476638330467,93,0.737,,0.501787571034028,0.4150526843953839,2.8377598622854652e-08,bidisperse_a0.005_sr0.667_x1_N4000_L24_T400000_seed2.npz,bidisperse,2,0.005,0.6666666666666666,1.0,0.6050849735336844
144000.0,0.9115932244687044,98,0.725,,0.5334800152702561,0.41941962044381964,2.442285024785835e-08,bidisperse_a0.005_sr0.667_x1_N4000_L24_T400000_seed2.npz,bidisperse,2,0.005,0.6666666666666666,1.0,0.6050849735336844
146000.0,0.9139494102810977,94,0.73425,,0.5028145592761591,0.43009133795041654,3.0478063220129067e-08,bidisperse_a0.005_sr0.667_x1_N4000_L24_T400000_seed2.npz,bidisperse,2,0.005,0.6666666666666666,1.0,0.6050849735336844
148000.0,0.9146422186236398,99,0.7265,,0.5581995995104982,0.41915322580645165,3.1789772596223655e-08,bidisperse_a0.005_sr0.667_x1_N4000_L24_T400000_seed2.npz,bidisperse,2,0.005,0.6666666666666666,1.0,0.6050849735336844
150000.0,0.9107003988069269,86,0.7215,,0.5290627151611701,0.42012250225926295,2.8028598184651508e-08,bidisperse_a0.005_sr0.667_x1_N4000_L24_T400000_seed2.npz,bidisperse,2,0.005,0.6666666666666666,1.0,0.6050849735336844
152000.0,0.9134924254593053,95,0.7325,,0.5188441778081052,0.4322849489036611,2.6455476143069242e-08,bidisperse_a0.005_sr0.667_x1_N4000_L24_T400000_seed2.npz,bidisperse,2,0.005,0.6666666666666666,1.0,0.6050849735336844
154000.0,0.9102736333140197,101,0.7245,,0.5541860216782759,0.4213213213213213,2.709983241418497e-08,bidisperse_a0.005_sr0.667_x1_N4000_L24_T400000_seed2.npz,bidisperse,2,0.005,0.6666666666666666,1.0,0.6050849735336844
156000.0,0.9108102568985124,95,0.7325,,0.5145561714531462,0.41426834211593033,2.8984991718862964e-08,bidisperse_a0.005_sr0.667_x1_N4000_L24_T400000_seed2.npz,bidisperse,2,0.005,0.6666666666666666,1.0,0.6050849735336844
158000.0,0.911920577953931,95,0.72025,,0.5346950565955235,0.43698575155528796,2.5226178998282754e-08,bidisperse_a0.005_sr0.667_x1_N4000_L24_T400000_seed2.npz,bidisperse,2,0.005,0.6666666666666666,1.0,0.6050849735336844
160000.0,0.9124431259746979,81,0.71075,,0.5106205446092453,0.4284706830546041,2.7346347549328164e-08,bidisperse_a0.005_sr0.667_x1_N4000_L24_T400000_seed2.npz,bidisperse,2,0.005,0.6666666666666666,1.0,0.6050849735336844
162000.0,0.9131534519485397,92,0.7135,,0.4950434642695047,0.42579026593075764,2.813355132233608e-08,bidisperse_a0.005_sr0.667_x1_N4000_L24_T400000_seed2.npz,bidisperse,2,0.005,0.6666666666666666,1.0,0.6050849735336844
164000.0,0.9106563632566704,86,0.73425,,0.5417855997572706,0.42574555678280956,2.8685999448333585e-08,bidisperse_a0.005_sr0.667_x1_N4000_L24_T400000_seed2.npz,bidisperse,2,0.005,0.6666666666666666,1.0,0.6050849735336844
166000.0,0.9111088766089402,81,0.746,,0.49735670971008744,0.43597409068261084,2.740369937900009e-08,bidisperse_a0.005_sr0.667_x1_N4000_L24_T400000_seed2.npz,bidisperse,2,0.005,0.6666666666666666,1.0,0.6050849735336844
168000.0,0.9100242312996523,90,0.8055,,0.4764584432542826,0.4441917943648047,2.4354652937702216e-08,bidisperse_a0.005_sr0.667_x1_N4000_L24_T400000_seed2.npz,bidisperse,2,0.005,0.6666666666666666,1.0,0.6050849735336844
170000.0,0.9093487034724425,95,0.78875,,0.5202112716073048,0.416558214035439,2.6732149543757987e-08,bidisperse_a0.005_sr0.667_x1_N4000_L24_T400000_seed2.npz,bidisperse,2,0.005,0.6666666666666666,1.0,0.6050849735336844
172000.0,0.9098756314850703,84,0.79875,,0.496857627913248,0.4150661757388795,2.621170444958243e-08,bidisperse_a0.005_sr0.667_x1_N4000_L24_T400000_seed2.npz,bidisperse,2,0.005,0.6666666666666666,1.0,0.6050849735336844
174000.0,0.9100478964637225,98,0.8395,,0.48971628969139197,0.4082875686470294,2.420609907439033e-08,bidisperse_a0.005_sr0.667_x1_N4000_L24_T400000_seed2.npz,bidisperse,2,0.005,0.6666666666666666,1.0,0.6050849735336844
176000.0,0.9082573052900123,104,0.79375,,0.5282305409377113,0.405284147557328,2.7276918119065043e-08,bidisperse_a0.005_sr0.667_x1_N4000_L24_T400000_seed2.npz,bidisperse,2,0.005,0.6666666666666666,1.0,0.6050849735336844
178000.0,0.9076775924978122,101,0.8505,,0.5543627747192956,0.4007411858974359,2.8047659178942723e-08,bidisperse_a0.005_sr0.667_x1_N4000_L24_T400000_seed2.npz,bidisperse,2,0.005,0.6666666666666666,1.0,0.6050849735336844
180000.0,0.908686177598437,97,0.84475,,0.4936627151556332,0.3938418192795331,2.7178559576426653e-08,bidisperse_a0.005_sr0.667_x1_N4000_L24_T400000_seed2.npz,bidisperse,2,0.005,0.6666666666666666,1.0,0.6050849735336844
182000.0,0.9066059552922424,88,0.86,,0.4830232855604986,0.41003562945368166,2.3688793403512885e-08,bidisperse_a0.005_sr0.667_x1_N4000_L24_T400000_seed2.npz,bidisperse,2,0.005,0.6666666666666666,1.0,0.6050849735336844
184000.0,0.906178386042306,88,0.85725,,0.43323357436835547,0.3967213114754098,2.6633075231565776e-08,bidisperse_a0.005_sr0.667_x1_N4000_L24_T400000_seed2.npz,bidisperse,2,0.005,0.6666666666666666,1.0,0.6050849735336844
186000.0,0.9075145963530148,88,0.851,,0.48218652738341916,0.4027158291208247,2.485618815646436e-08,bidisperse_a0.005_sr0.667_x1_N4000_L24_T400000_seed2.npz,bidisperse,2,0.005,0.6666666666666666,1.0,0.6050849735336844
188000.0,0.9061106422907795,82,0.85925,,0.4835297446652582,0.3973912177636164,2.377744676221328e-08,bidisperse_a0.005_sr0.667_x1_N4000_L24_T400000_seed2.npz,bidisperse,2,0.005,0.6666666666666666,1.0,0.6050849735336844
190000.0,0.9037654203355096,74,0.85225,,0.5116163494209944,0.37770000000000004,2.3378707935826984e-08,bidisperse_a0.005_sr0.667_x1_N4000_L24_T400000_seed2.npz,bidisperse,2,0.005,0.6666666666666666,1.0,0.6050849735336844
192000.0,0.9040821289460446,91,0.85175,,0.46496164838597914,0.36907755758977967,2.8042837268943386e-08,bidisperse_a0.005_sr0.667_x1_N4000_L24_T400000_seed2.npz,bidisperse,2,0.005,0.6666666666666666,1.0,0.6050849735336844
194000.0,0.9049496453430076,82,0.86225,,0.4338932311858783,0.38377192982456143,3.376419065431693e-08,bidisperse_a0.005_sr0.667_x1_N4000_L24_T400000_seed2.npz,bidisperse,2,0.005,0.6666666666666666,1.0,0.6050849735336844
196000.0,0.9030764833773949,86,0.85825,,0.46714069558996485,0.3849509269356598,2.7297263268562603e-08,bidisperse_a0.005_sr0.667_x1_N4000_L24_T400000_seed2.npz,bidisperse,2,0.005,0.6666666666666666,1.0,0.6050849735336844
198000.0,0.9003746882576485,97,0.85675,,0.44850972633502034,0.38385453092217003,2.322939029266146e-08,bidisperse_a0.005_sr0.667_x1_N4000_L24_T400000_seed2.npz,bidisperse,2,0.005,0.6666666666666666,1.0,0.6050849735336844
200000.0,0.9042673889792759,84,0.8685,0.5147387056939167,0.48246879045664554,0.3871774354870974,2.5011135558790853e-08,bidisperse_a0.005_sr0.667_x1_N4000_L24_T400000_seed2.npz,bidisperse,2,0.005,0.6666666666666666,1.0,0.6050849735336844
202000.0,0.9018507591697077,97,0.8655,,0.448387389207442,0.378375675135027,2.5359985760812493e-08,bidisperse_a0.005_sr0.667_x1_N4000_L24_T400000_seed2.npz,bidisperse,2,0.005,0.6666666666666666,1.0,0.6050849735336844
204000.0,0.9019577476172761,96,0.8705,,0.4626840967178621,0.36133603238866396,2.6679542588275143e-08,bidisperse_a0.005_sr0.667_x1_N4000_L24_T400000_seed2.npz,bidisperse,2,0.005,0.6666666666666666,1.0,0.6050849735336844
206000.0,0.9030645301655079,94,0.819,,0.4270267665116234,0.35842148087876324,2.6903500315790456e-08,bidisperse_a0.005_sr0.667_x1_N4000_L24_T400000_seed2.npz,bidisperse,2,0.005,0.6666666666666666,1.0,0.6050849735336844
208000.0,0.9013294490494861,98,0.8205,,0.4911659835969222,0.3650793650793651,3.011673951172666e-08,bidisperse_a0.005_sr0.667_x1_N4000_L24_T400000_seed2.npz,bidisperse,2,0.005,0.6666666666666666,1.0,0.6050849735336844
210000.0,0.9031939879749773,102,0.827,,0.4569824221796162,0.363379713651946,2.6333102433059356e-08,bidisperse_a0.005_sr0.667_x1_N4000_L24_T400000_seed2.npz,bidisperse,2,0.005,0.6666666666666666,1.0,0.6050849735336844
212000.0,0.9045581726060168,90,0.82425,,0.5441003302543107,0.3692538808212319,2.932369761301121e-08,bidisperse_a0.005_sr0.667_x1_N4000_L24_T400000_seed2.npz,bidisperse,2,0.005,0.6666666666666666,1.0,0.6050849735336844
214000.0,0.9037927980480618,101,0.83175,,0.48304557194180797,0.3556413120747436,2.521457827241258e-08,bidisperse_a0.005_sr0.667_x1_N4000_L24_T400000_seed2.npz,bidisperse,2,0.005,0.6666666666666666,1.0,0.6050849735336844
216000.0,0.9015064334569136,96,0.82825,,0.5161209648160847,0.3695586304413696,2.4353548055157537e-08,bidisperse_a0.005_sr0.667_x1_N4000_L24_T400000_seed2.npz,bidisperse,2,0.005,0.6666666666666666,1.0,0.6050849735336844
218000.0,0.9011255791384012,108,0.81125,,0.4169160917550811,0.3607524148449416,2.8810268029943102e-08,bidisperse_a0.005_sr0.667_x1_N4000_L24_T400000_seed2.npz,bidisperse,2,0.005,0.6666666666666666,1.0,0.6050849735336844
220000.0,0.9041086773977153,94,0.81575,,0.43198679858054795,0.3490508266993264,2.9276002369829415e-08,bidisperse_a0.005_sr0.667_x1_N4000_L24_T400000_seed2.npz,bidisperse,2,0.005,0.6666666666666666,1.0,0.6050849735336844
222000.0,0.9045922639852111,97,0.819,,0.507123127106669,0.36672683513838744,2.8274020478361313e-08,bidisperse_a0.005_sr0.667_x1_N4000_L24_T400000_seed2.npz,bidisperse,2,0.005,0.6666666666666666,1.0,0.6050849735336844
224000.0,0.900279590322417,104,0.8195,,0.4605364481631076,0.3758985623003195,2.777771026819034e-08,bidisperse_a0.005_sr0.667_x1_N4000_L24_T400000_seed2.npz,bidisperse,2,0.005,0.6666666666666666,1.0,0.6050849735336844
226000.0,0.9002728823833167,103,0.83325,,0.43365663809018423,0.35828715365239294,2.9519560805102974e-08,bidisperse_a0.005_sr0.667_x1_N4000_L24_T400000_seed2.npz,bidisperse,2,0.005,0.6666666666666666,1.0,0.6050849735336844
228000.0,0.9004342251985099,99,0.831,,0.4759496444575046,0.35696945174994943,2.6874399457947735e-08,bidisperse_a0.005_sr0.667_x1_N4000_L24_T400000_seed2.npz,bidisperse,2,0.005,0.6666666666666666,1.0,0.6050849735336844
230000.0,0.8995763965649025,100,0.82425,,0.4325218232480843,0.36001214206212684,3.0984543674066e-08,bidisperse_a0.005_sr0.667_x1_N4000_L24_T400000_seed2.npz,bidisperse,2,0.005,0.6666666666666666,1.0,0.6050849735336844
232000.0,0.9014549128151053,95,0.834,,0.4628780518636398,0.34990885152926876,2.508300319915348e-08,bidisperse_a0.005_sr0.667_x1_N4000_L24_T400000_seed2.npz,bidisperse,2,0.005,0.6666666666666666,1.0,0.6050849735336844
234000.0,0.9022134374917776,111,0.83,,0.4570470400048777,0.3591527987897125,2.6976111583243927e-08,bidisperse_a0.005_sr0.667_x1_N4000_L24_T400000_seed2.npz,bidisperse,2,0.005,0.6666666666666666,1.0,0.6050849735336844
236000.0,0.9011201134283614,113,0.82575,,0.514482508468125,0.3589873932492883,2.665254897243751e-08,bidisperse_a0.005_sr0.667_x1_N4000_L24_T400000_seed2.npz,bidisperse,2,0.005,0.6666666666666666,1.0,0.6050849735336844
238000.0,0.9000409424701252,103,0.83475,,0.5178041190761521,0.36282648309374366,3.018801401761381e-08,bidisperse_a0.005_sr0.667_x1_N4000_L24_T400000_seed2.npz,bidisperse,2,0.005,0.6666666666666666,1.0,0.6050849735336844
240000.0,0.8995473092838324,107,0.831,,0.4680696230781762,0.3548321671230098,2.8436167876430547e-08,bidisperse_a0.005_sr0.667_x1_N4000_L24_T400000_seed2.npz,bidisperse,2,0.005,0.6666666666666666,1.0,0.6050849735336844
242000.0,0.9011427787322498,110,0.83225,,0.4431831188304269,0.36287133732130183,2.7395019974920107e-08,bidisperse_a0.005_sr0.667_x1_N4000_L24_T400000_seed2.npz,bidisperse,2,0.005,0.6666666666666666,1.0,0.6050849735336844
244000.0,0.9017337477656755,96,0.824,,0.4642203553086996,0.36120978382218616,3.098837274169062e-08,bidisperse_a0.005_sr0.667_x1_N4000_L24_T400000_seed2.npz,bidisperse,2,0.005,0.6666666666666666,1.0,0.6050849735336844
246000.0,0.9033912933176886,104,0.83075,,0.5209662457422798,0.3606706393293607,2.640507530040664e-08,bidisperse_a0.005_sr0.667_x1_N4000_L24_T400000_seed2.npz,bidisperse,2,0.005,0.6666666666666666,1.0,0.6050849735336844
248000.0,0.9034622321553866,97,0.82975,,0.48882330474975483,0.34806967505347863,2.982173791831615e-08,bidisperse_a0.005_sr0.667_x1_N4000_L24_T400000_seed2.npz,bidisperse,2,0.005,0.6666666666666666,1.0,0.6050849735336844
250000.0,0.9026391186200379,101,0.832,,0.5315827416971447,0.34966319657072875,2.546505764887078e-08,bidisperse_a0.005_sr0.667_x1_N4000_L24_T400000_seed2.npz,bidisperse,2,0.005,0.6666666666666666,1.0,0.6050849735336844
252000.0,0.900979074513873,104,0.8355,,0.48273784126475483,0.34609525743881386,2.6476659035563717e-08,bidisperse_a0.005_sr0.667_x1_N4000_L24_T400000_seed2.npz,bidisperse,2,0.005,0.6666666666666666,1.0,0.6050849735336844
254000.0,0.9001749797536586,98,0.841,,0.4685446626953415,0.3557740543794522,2.5984884006172247e-08,bidisperse_a0.005_sr0.667_x1_N4000_L24_T400000_seed2.npz,bidisperse,2,0.005,0.6666666666666666,1.0,0.6050849735336844
256000.0,0.8994754488542774,100,0.83325,,0.46685372145634835,0.3464400643604183,2.4105130427855683e-08,bidisperse_a0.005_sr0.667_x1_N4000_L24_T400000_seed2.npz,bidisperse,2,0.005,0.6666666666666666,1.0,0.6050849735336844
258000.0,0.901377105469637,102,0.858,,0.4925854996476279,0.34917271993543175,2.9764927891181604e-08,bidisperse_a0.005_sr0.667_x1_N4000_L24_T400000_seed2.npz,bidisperse,2,0.005,0.6666666666666666,1.0,0.6050849735336844
260000.0,0.8969318684506875,101,0.83125,,0.42331186085388095,0.35927720573389865,2.6608146564238556e-08,bidisperse_a0.005_sr0.667_x1_N4000_L24_T400000_seed2.npz,bidisperse,2,0.005,0.6666666666666666,1.0,0.6050849735336844
262000.0,0.8981535932700253,99,0.8595,,0.45006625774189346,0.3677966101694915,2.8789484796260177e-08,bidisperse_a0.005_sr0.667_x1_N4000_L24_T400000_seed2.npz,bidisperse,2,0.005,0.6666666666666666,1.0,0.6050849735336844
264000.0,0.8988962908829932,95,0.8525,,0.4784035402681887,0.353384971330852,2.5264186858543966e-08,bidisperse_a0.005_sr0.667_x1_N4000_L24_T400000_seed2.npz,bidisperse,2,0.005,0.6666666666666666,1.0,0.6050849735336844
266000.0,0.8986403139612478,90,0.85725,,0.4239963401119924,0.3609045226130654,2.5616593080004895e-08,bidisperse_a0.005_sr0.667_x1_N4000_L24_T400000_seed2.npz,bidisperse,2,0.005,0.6666666666666666,1.0,0.6050849735336844
268000.0,0.8999472798283786,100,0.85575,,0.4672270066409726,0.34880435879326,2.3443440391187405e-08,bidisperse_a0.005_sr0.667_x1_N4000_L24_T400000_seed2.npz,bidisperse,2,0.005,0.6666666666666666,1.0,0.6050849735336844
270000.0,0.9018405861209376,87,0.8545,,0.46646767315820276,0.3502476498534317,2.530901726360876e-08,bidisperse_a0.005_sr0.667_x1_N4000_L24_T400000_seed2.npz,bidisperse,2,0.005,0.6666666666666666,1.0,0.6050849735336844
272000.0,0.8977358556383315,107,0.8555,,0.5013100922454208,0.3540611707514685,2.5768268171836656e-08,bidisperse_a0.005_sr0.667_x1_N4000_L24_T400000_seed2.npz,bidisperse,2,0.005,0.6666666666666666,1.0,0.6050849735336844
274000.0,0.8965593677518606,93,0.867,,0.4801629413404708,0.3488184205211069,2.8048169259872774e-08,bidisperse_a0.005_sr0.667_x1_N4000_L24_T400000_seed2.npz,bidisperse,2,0.005,0.6666666666666666,1.0,0.6050849735336844
276000.0,0.8995342729394026,94,0.85325,,0.486125708970192,0.3450292397660819,2.399435512011772e-08,bidisperse_a0.005_sr0.667_x1_N4000_L24_T400000_seed2.npz,bidisperse,2,0.005,0.6666666666666666,1.0,0.6050849735336844
278000.0,0.8987694239089203,84,0.8645,,0.4863292634547611,0.3571143085531575,2.396013297819181e-08,bidisperse_a0.005_sr0.667_x1_N4000_L24_T400000_seed2.npz,bidisperse,2,0.005,0.6666666666666666,1.0,0.6050849735336844
280000.0,0.9021652033206905,93,0.854,,0.4510549973851412,0.352023988005997,2.4326796720779938e-08,bidisperse_a0.005_sr0.667_x1_N4000_L24_T400000_seed2.npz,bidisperse,2,0.005,0.6666666666666666,1.0,0.6050849735336844
282000.0,0.9000597753894457,90,0.86775,,0.47590928307906855,0.3620947630922693,2.4110731414961094e-08,bidisperse_a0.005_sr0.667_x1_N4000_L24_T400000_seed2.npz,bidisperse,2,0.005,0.6666666666666666,1.0,0.6050849735336844
284000.0,0.9003816216820264,93,0.8655,,0.4994721463390612,0.35304749472838637,2.5299800774352214e-08,bidisperse_a0.005_sr0.667_x1_N4000_L24_T400000_seed2.npz,bidisperse,2,0.005,0.6666666666666666,1.0,0.6050849735336844
286000.0,0.902236544658315,98,0.865,,0.5126411844740153,0.34477883255907893,2.3418790134031316e-08,bidisperse_a0.005_sr0.667_x1_N4000_L24_T400000_seed2.npz,bidisperse,2,0.005,0.6666666666666666,1.0,0.6050849735336844
288000.0,0.8969774460036287,87,0.86475,,0.46993232143126845,0.3586577715821966,2.402737173599998e-08,bidisperse_a0.005_sr0.667_x1_N4000_L24_T400000_seed2.npz,bidisperse,2,0.005,0.6666666666666666,1.0,0.6050849735336844
290000.0,0.9006976752900205,107,0.864,,0.47787379784975653,0.3365549179502668,2.680605239734266e-08,bidisperse_a0.005_sr0.667_x1_N4000_L24_T400000_seed2.npz,bidisperse,2,0.005,0.6666666666666666,1.0,0.6050849735336844
292000.0,0.8994668842506922,100,0.8655,,0.4634413113586399,0.3463894747413879,2.466533849894209e-08,bidisperse_a0.005_sr0.667_x1_N4000_L24_T400000_seed2.npz,bidisperse,2,0.005,0.6666666666666666,1.0,0.6050849735336844
294000.0,0.9001638740220163,90,0.87125,,0.47026572444127335,0.3414634146341463,2.6577316129489274e-08,bidisperse_a0.005_sr0.667_x1_N4000_L24_T400000_seed2.npz,bidisperse,2,0.005,0.6666666666666666,1.0,0.6050849735336844
296000.0,0.8997216198426325,98,0.85975,,0.5561988903524958,0.348018507342587,2.8136200486831097e-08,bidisperse_a0.005_sr0.667_x1_N4000_L24_T400000_seed2.npz,bidisperse,2,0.005,0.6666666666666666,1.0,0.6050849735336844
298000.0,0.900656455305743,100,0.859,,0.4133869722387286,0.3554663991975928,2.5500171244817077e-08,bidisperse_a0.005_sr0.667_x1_N4000_L24_T400000_seed2.npz,bidisperse,2,0.005,0.6666666666666666,1.0,0.6050849735336844
300000.0,0.9015044432987702,90,0.86125,0.5113863240235191,0.49741375125174453,0.35911823647294594,2.6714481019807496e-08,bidisperse_a0.005_sr0.667_x1_N4000_L24_T400000_seed2.npz,bidisperse,2,0.005,0.6666666666666666,1.0,0.6050849735336844
302000.0,0.8994326824256754,101,0.85475,,0.4740906481137372,0.362084546641229,2.8884036299721818e-08,bidisperse_a0.005_sr0.667_x1_N4000_L24_T400000_seed2.npz,bidisperse,2,0.005,0.6666666666666666,1.0,0.6050849735336844
304000.0,0.9024613571927224,110,0.856,,0.4924722595624714,0.35371267150928165,2.7492221923935485e-08,bidisperse_a0.005_sr0.667_x1_N4000_L24_T400000_seed2.npz,bidisperse,2,0.005,0.6666666666666666,1.0,0.6050849735336844
306000.0,0.9040351849717295,100,0.83775,,0.48568148877024014,0.3395727365208545,2.5821966708844737e-08,bidisperse_a0.005_sr0.667_x1_N4000_L24_T400000_seed2.npz,bidisperse,2,0.005,0.6666666666666666,1.0,0.6050849735336844
308000.0,0.9054621845198948,98,0.835,,0.5051005063060441,0.3569327518003854,2.577121525124766e-08,bidisperse_a0.005_sr0.667_x1_N4000_L24_T400000_seed2.npz,bidisperse,2,0.005,0.6666666666666666,1.0,0.6050849735336844
310000.0,0.9017444695452925,105,0.83925,,0.4884844968226556,0.37409347300564066,2.7103745471546134e-08,bidisperse_a0.005_sr0.667_x1_N4000_L24_T400000_seed2.npz,bidisperse,2,0.005,0.6666666666666666,1.0,0.6050849735336844
312000.0,0.9032821313158075,96,0.84925,,0.5044191602748129,0.3604803713795539,2.9278023565658088e-08,bidisperse_a0.005_sr0.667_x1_N4000_L24_T400000_seed2.npz,bidisperse,2,0.005,0.6666666666666666,1.0,0.6050849735336844
314000.0,0.9018437978765454,106,0.85625,,0.5058129203495948,0.3626141953619114,2.8169125206557225e-08,bidisperse_a0.005_sr0.667_x1_N4000_L24_T400000_seed2.npz,bidisperse,2,0.005,0.6666666666666666,1.0,0.6050849735336844
316000.0,0.9013707684962691,89,0.87025,,0.4882264240562423,0.35371135058918324,3.034666002726929e-08,bidisperse_a0.005_sr0.667_x1_N4000_L24_T400000_seed2.npz,bidisperse,2,0.005,0.6666666666666666,1.0,0.6050849735336844
318000.0,0.899720581876484,81,0.87775,,0.4709374829753756,0.36672292266454876,2.9278696852197955e-08,bidisperse_a0.005_sr0.667_x1_N4000_L24_T400000_seed2.npz,bidisperse,2,0.005,0.6666666666666666,1.0,0.6050849735336844
320000.0,0.9033741879634161,102,0.86275,,0.4821981723048807,0.35891014725032555,2.6202302507863848e-08,bidisperse_a0.005_sr0.667_x1_N4000_L24_T400000_seed2.npz,bidisperse,2,0.005,0.6666666666666666,1.0,0.6050849735336844
322000.0,0.9031804805942295,85,0.856,,0.5076727989076993,0.3693487353116909,2.7833302360006988e-08,bidisperse_a0.005_sr0.667_x1_N4000_L24_T400000_seed2.npz,bidisperse,2,0.005,0.6666666666666666,1.0,0.6050849735336844
324000.0,0.9040869634071824,97,0.84975,,0.4551940201382171,0.3845393436140767,2.6167578064776346e-08,bidisperse_a0.005_sr0.667_x1_N4000_L24_T400000_seed2.npz,bidisperse,2,0.005,0.6666666666666666,1.0,0.6050849735336844
326000.0,0.9041464634254617,104,0.84775,,0.4431292908416598,0.3813143943182955,2.3206722963641642e-08,bidisperse_a0.005_sr0.667_x1_N4000_L24_T400000_seed2.npz,bidisperse,2,0.005,0.6666666666666666,1.0,0.6050849735336844
328000.0,0.9057598016524301,104,0.8415,,0.4732927242970128,0.37383932176019374,2.7213673700186948e-08,bidisperse_a0.005_sr0.667_x1_N4000_L24_T400000_seed2.npz,bidisperse,2,0.005,0.6666666666666666,1.0,0.6050849735336844
330000.0,0.9036131341468471,96,0.837,,0.4752184931431525,0.3642545417639298,2.9600456035566788e-08,bidisperse_a0.005_sr0.667_x1_N4000_L24_T400000_seed2.npz,bidisperse,2,0.005,0.6666666666666666,1.0,0.6050849735336844
332000.0,0.9061187238980345,107,0.83825,,0.48009511472272176,0.370806890299184,2.6739752197840913e-08,bidisperse_a0.005_sr0.667_x1_N4000_L24_T400000_seed2.npz,bidisperse,2,0.005,0.6666666666666666,1.0,0.6050849735336844
334000.0,0.9058441826159822,100,0.8195,,0.49067769282562634,0.3622015378389316,2.951140362242002e-08,bidisperse_a0.005_sr0.667_x1_N4000_L24_T400000_seed2.npz,bidisperse,2,0.005,0.6666666666666666,1.0,0.6050849735336844
336000.0,0.9028626430329915,102,0.83475,,0.48690017566565486,0.35720826126767724,2.664256300312915e-08,bidisperse_a0.005_sr0.667_x1_N4000_L24_T400000_seed2.npz,bidisperse,2,0.005,0.6666666666666666,1.0,0.6050849735336844
338000.0,0.9048050475616333,104,0.8395,,0.4333429977952395,0.36004480195499444,2.7871690108789785e-08,bidisperse_a0.005_sr0.667_x1_N4000_L24_T400000_seed2.npz,bidisperse,2,0.005,0.6666666666666666,1.0,0.6050849735336844
340000.0,0.9039471563203881,103,0.835,,0.4669270383716443,0.36991993513732646,2.8647814658572212e-08,bidisperse_a0.005_sr0.667_x1_N4000_L24_T400000_seed2.npz,bidisperse,2,0.005,0.6666666666666666,1.0,0.6050849735336844
342000.0,0.9035340544915602,106,0.829,,0.5018015375655364,0.362320318075237,3.41476106366563e-08,bidisperse_a0.005_sr0.667_x1_N4000_L24_T400000_seed2.npz,bidisperse,2,0.005,0.6666666666666666,1.0,0.6050849735336844
344000.0,0.90590378125,104,0.8445,,0.46043929422385427,0.38922396461600317,3.080383248216099e-08,bidisperse_a0.005_sr0.667_x1_N4000_L24_T400000_seed2.npz,bidisperse,2,0.005,0.6666666666666666,1.0,0.6050849735336844
346000.0,0.9076507896756387,92,0.8335,,0.5016597474905841,0.38792148968293916,3.0103798859866586e-08,bidisperse_a0.005_sr0.667_x1_N4000_L24_T400000_seed2.npz,bidisperse,2,0.005,0.6666666666666666,1.0,0.6050849735336844
348000.0,0.9049223263334357,101,0.73925,,0.4218104772233349,0.3798072044647387,2.997091583818007e-08,bidisperse_a0.005_sr0.667_x1_N4000_L24_T400000_seed2.npz,bidisperse,2,0.005,0.6666666666666666,1.0,0.6050849735336844
350000.0,0.9076362691384933,104,0.73275,,0.4933781365554966,0.3846310019287382,2.8652205543114415e-08,bidisperse_a0.005_sr0.667_x1_N4000_L24_T400000_seed2.npz,bidisperse,2,0.005,0.6666666666666666,1.0,0.6050849735336844
352000.0,0.9064788053044712,115,0.7165,,0.4996027093813921,0.381538774679422,2.951769222623262e-08,bidisperse_a0.005_sr0.667_x1_N4000_L24_T400000_seed2.npz,bidisperse,2,0.005,0.6666666666666666,1.0,0.6050849735336844
354000.0,0.9084227599713746,96,0.72225,,0.5123506468945832,0.3774544714620002,2.952415653267542e-08,bidisperse_a0.005_sr0.667_x1_N4000_L24_T400000_seed2.npz,bidisperse,2,0.005,0.6666666666666666,1.0,0.6050849735336844
356000.0,0.9084668636539519,87,0.72725,,0.5404504360190094,0.3823678091194015,3.0521886283179926e-08,bidisperse_a0.005_sr0.667_x1_N4000_L24_T400000_seed2.npz,bidisperse,2,0.005,0.6666666666666666,1.0,0.6050849735336844
358000.0,0.9066811969152259,92,0.7235,,0.4533430979253747,0.39308617234468934,2.747601010776495e-08,bidisperse_a0.005_sr0.667_x1_N4000_L24_T400000_seed2.npz,bidisperse,2,0.005,0.6666666666666666,1.0,0.6050849735336844
360000.0,0.9061033645298089,81,0.801,,0.5117140350187626,0.37830446672743845,2.825433732322174e-08,bidisperse_a0.005_sr0.667_x1_N4000_L24_T400000_seed2.npz,bidisperse,2,0.005,0.6666666666666666,1.0,0.6050849735336844
362000.0,0.9070455398975314,111,0.733,,0.47427051250949226,0.3907964242177976,3.0389657633707735e-08,bidisperse_a0.005_sr0.667_x1_N4000_L24_T400000_seed2.npz,bidisperse,2,0.005,0.6666666666666666,1.0,0.6050849735336844
364000.0,0.9081753668607797,97,0.7265,,0.4507973788806777,0.40304105423213377,3.419676106523636e-08,bidisperse_a0.005_sr0.667_x1_N4000_L24_T400000_seed2.npz,bidisperse,2,0.005,0.6666666666666666,1.0,0.6050849735336844
366000.0,0.9062674354302706,98,0.829,,0.4668682084538304,0.40803725073388,2.9296955172267125e-08,bidisperse_a0.005_sr0.667_x1_N4000_L24_T400000_seed2.npz,bidisperse,2,0.005,0.6666666666666666,1.0,0.6050849735336844
368000.0,0.9079726911384126,94,0.7525,,0.4936563867522494,0.4050683829444891,3.093516820076806e-08,bidisperse_a0.005_sr0.667_x1_N4000_L24_T400000_seed2.npz,bidisperse,2,0.005,0.6666666666666666,1.0,0.6050849735336844
370000.0,0.9073243337653036,108,0.82825,,0.48152517365586056,0.3867380976447994,2.724886627548336e-08,bidisperse_a0.005_sr0.667_x1_N4000_L24_T400000_seed2.npz,bidisperse,2,0.005,0.6666666666666666,1.0,0.6050849735336844
372000.0,0.907905186840747,99,0.8155,,0.45168411254540486,0.3999798549556809,2.832618530357875e-08,bidisperse_a0.005_sr0.667_x1_N4000_L24_T400000_seed2.npz,bidisperse,2,0.005,0.6666666666666666,1.0,0.6050849735336844
374000.0,0.9073252957252824,106,0.709,,0.4638881737805745,0.39129554655870447,3.014086041796376e-08,bidisperse_a0.005_sr0.667_x1_N4000_L24_T400000_seed2.npz,bidisperse,2,0.005,0.6666666666666666,1.0,0.6050849735336844
376000.0,0.9073947671527943,92,0.7205,,0.49995588200272306,0.39408569704284857,2.987118811149578e-08,bidisperse_a0.005_sr0.667_x1_N4000_L24_T400000_seed2.npz,bidisperse,2,0.005,0.6666666666666666,1.0,0.6050849735336844
378000.0,0.9063378816762505,101,0.7185,,0.48349922654164273,0.3998399839983998,2.8733888891349802e-08,bidisperse_a0.005_sr0.667_x1_N4000_L24_T400000_seed2.npz,bidisperse,2,0.005,0.6666666666666666,1.0,0.6050849735336844
380000.0,0.9086303636624268,86,0.8375,,0.48284127173139724,0.39671243860880023,3.143165752035575e-08,bidisperse_a0.005_sr0.667_x1_N4000_L24_T400000_seed2.npz,bidisperse,2,0.005,0.6666666666666666,1.0,0.6050849735336844
382000.0,0.9054815895240779,96,0.8105,,0.4608330945932981,0.40351753772359344,2.9306265516680674e-08,bidisperse_a0.005_sr0.667_x1_N4000_L24_T400000_seed2.npz,bidisperse,2,0.005,0.6666666666666666,1.0,0.6050849735336844
384000.0,0.9048739955723597,94,0.735,,0.4569528213184064,0.401240744446668,2.6493108503074952e-08,bidisperse_a0.005_sr0.667_x1_N4000_L24_T400000_seed2.npz,bidisperse,2,0.005,0.6666666666666666,1.0,0.6050849735336844
386000.0,0.9052243523575707,92,0.816,,0.4618234190408627,0.3804823445609037,2.762257867401608e-08,bidisperse_a0.005_sr0.667_x1_N4000_L24_T400000_seed2.npz,bidisperse,2,0.005,0.6666666666666666,1.0,0.6050849735336844
388000.0,0.9066407041527125,99,0.81,,0.4795699742117966,0.3902612585137746,2.5083574811407074e-08,bidisperse_a0.005_sr0.667_x1_N4000_L24_T400000_seed2.npz,bidisperse,2,0.005,0.6666666666666666,1.0,0.6050849735336844
390000.0,0.9088085430041412,100,0.826,,0.49907878600499117,0.3948031020243731,2.7112347718842547e-08,bidisperse_a0.005_sr0.667_x1_N4000_L24_T400000_seed2.npz,bidisperse,2,0.005,0.6666666666666666,1.0,0.6050849735336844
392000.0,0.9078372225102649,89,0.84575,,0.5090881100496464,0.3870383415517762,2.8996998617684322e-08,bidisperse_a0.005_sr0.667_x1_N4000_L24_T400000_seed2.npz,bidisperse,2,0.005,0.6666666666666666,1.0,0.6050849735336844
394000.0,0.9067870162291424,75,0.866,,0.5357295627142825,0.4020944477376013,3.0417636417187905e-08,bidisperse_a0.005_sr0.667_x1_N4000_L24_T400000_seed2.npz,bidisperse,2,0.005,0.6666666666666666,1.0,0.6050849735336844
396000.0,0.9066655855495735,76,0.851,,0.5039691064644736,0.38870135027799846,2.9463672807172933e-08,bidisperse_a0.005_sr0.667_x1_N4000_L24_T400000_seed2.npz,bidisperse,2,0.005,0.6666666666666666,1.0,0.6050849735336844
398000.0,0.9096112481636586,94,0.74325,,0.5148538067350396,0.38986608035178894,2.3330736357460167e-08,bidisperse_a0.005_sr0.667_x1_N4000_L24_T400000_seed2.npz,bidisperse,2,0.005,0.6666666666666666,1.0,0.6050849735336844
400000.0,0.9074752770633687,88,0.738,0.5123487628799889,0.4831356965917765,0.3808713069604407,2.5905309079310178e-08,bidisperse_a0.005_sr0.667_x1_N4000_L24_T400000_seed2.npz,bidisperse,2,0.005,0.6666666666666666,1.0,0.6050849735336844
0.0,0.99674515939866,785,0.00575,0.8872334445084951,,,,bidisperse_a0.005_sr0.667_x1_N4000_L24_T400000_seed3.npz,bidisperse,3,0.005,0.6666666666666666,1.0,0.6770456394225735
2000.0,0.9752722324650682,109,0.09875,,0.08663454224847658,0.8807106598984772,2.4072169760332226e-08,bidisperse_a0.005_sr0.667_x1_N4000_L24_T400000_seed3.npz,bidisperse,3,0.005,0.6666666666666666,1.0,0.6770456394225735
4000.0,0.9676285949043353,88,0.22325,,0.6023103115033034,0.6889622075584882,2.305131831523412e-08,bidisperse_a0.005_sr0.667_x1_N4000_L24_T400000_seed3.npz,bidisperse,3,0.005,0.6666666666666666,1.0,0.6770456394225735
6000.0,0.9645957248497867,75,0.111,,0.6580089910204349,0.6582102863938163,2.030345939530804e-08,bidisperse_a0.005_sr0.667_x1_N4000_L24_T400000_seed3.npz,bidisperse,3,0.005,0.6666666666666666,1.0,0.6770456394225735
8000.0,0.9604040075231481,97,0.18175,,0.6486150596515633,0.6344854986094557,2.451404711076459e-08,bidisperse_a0.005_sr0.667_x1_N4000_L24_T400000_seed3.npz,bidisperse,3,0.005,0.6666666666666666,1.0,0.6770456394225735
10000.0,0.9566361547245885,85,0.33425,,0.6299070532540251,0.6101475279106858,2.4076399030310285e-08,bidisperse_a0.005_sr0.667_x1_N4000_L24_T400000_seed3.npz,bidisperse,3,0.005,0.6666666666666666,1.0,0.6770456394225735
12000.0,0.9514890900361184,78,0.319,,0.6060034096251553,0.5854483925549916,2.373796881183902e-08,bidisperse_a0.005_sr0.667_x1_N4000_L24_T400000_seed3.npz,bidisperse,3,0.005,0.6666666666666666,1.0,0.6770456394225735
14000.0,0.947970192342588,68,0.2715,,0.6086998850706976,0.5688954928182268,1.928867334945195e-08,bidisperse_a0.005_sr0.667_x1_N4000_L24_T400000_seed3.npz,bidisperse,3,0.005,0.6666666666666666,1.0,0.6770456394225735
16000.0,0.9472569043014585,83,0.3515,,0.6737443553820397,0.5398754519887505,2.0715914037880217e-08,bidisperse_a0.005_sr0.667_x1_N4000_L24_T400000_seed3.npz,bidisperse,3,0.005,0.6666666666666666,1.0,0.6770456394225735
18000.0,0.9422147391352564,66,0.4805,,0.6227429081035543,0.5520142531921212,2.184143004387335e-08,bidisperse_a0.005_sr0.667_x1_N4000_L24_T400000_seed3.npz,bidisperse,3,0.005,0.6666666666666666,1.0,0.6770456394225735
20000.0,0.9385965858740615,84,0.47275,,0.6152987884119284,0.5398518518518518,2.4040555475083403e-08,bidisperse_a0.005_sr0.667_x1_N4000_L24_T400000_seed3.npz,bidisperse,3,0.005,0.6666666666666666,1.0,0.6770456394225735
22000.0,0.9347372182330117,85,0.47175,,0.6287521882183688,0.5370919881305638,2.8023111684191116e-08,bidisperse_a0.005_sr0.667_x1_N4000_L24_T400000_seed3.npz,bidisperse,3,0.005,0.6666666666666666,1.0,0.6770456394225735
24000.0,0.9346258678533189,66,0.50525,,0.582342691363087,0.5285359801488834,2.5996567814108964e-08,bidisperse_a0.005_sr0.667_x1_N4000_L24_T400000_seed3.npz,bidisperse,3,0.005,0.6666666666666666,1.0,0.6770456394225735
26000.0,0.9322398307445905,82,0.3945,,0.6041126722894143,0.5327038457755484,2.057344277155062e-08,bidisperse_a0.005_sr0.667_x1_N4000_L24_T400000_seed3.npz,bidisperse,3,0.005,0.6666666666666666,1.0,0.6770456394225735
28000.0,0.934551316417327,81,0.386,,0.6119561981092211,0.5010953993228441,2.5217350599948926e-08,bidisperse_a0.005_sr0.667_x1_N4000_L24_T400000_seed3.npz,bidisperse,3,0.005,0.6666666666666666,1.0,0.6770456394225735
30000.0,0.932806249809425,67,0.37225,,0.5888539954510519,0.5175541252194266,2.181450605058201e-08,bidisperse_a0.005_sr0.667_x1_N4000_L24_T400000_seed3.npz,bidisperse,3,0.005,0.6666666666666666,1.0,0.6770456394225735
32000.0,0.9302581550135713,72,0.37025,,0.563049372137082,0.5124610591900312,2.110487022060275e-08,bidisperse_a0.005_sr0.667_x1_N4000_L24_T400000_seed3.npz,bidisperse,3,0.005,0.6666666666666666,1.0,0.6770456394225735
34000.0,0.9280657565357949,85,0.35925,,0.5864168405618276,0.49052319842053305,2.2481525110849736e-08,bidisperse_a0.005_sr0.667_x1_N4000_L24_T400000_seed3.npz,bidisperse,3,0.005,0.6666666666666666,1.0,0.6770456394225735
36000.0,0.9270574906775559,82,0.556,,0.5337602068156957,0.4799004975124378,2.3553413445884392e-08,bidisperse_a0.005_sr0.667_x1_N4000_L24_T400000_seed3.npz,bidisperse,3,0.005,0.6666666666666666,1.0,0.6770456394225735
38000.0,0.9270791390206754,98,0.6475,,0.5701860504617643,0.48780005927096715,2.5979170009475362e-08,bidisperse_a0.005_sr0.667_x1_N4000_L24_T400000_seed3.npz,bidisperse,3,0.005,0.6666666666666666,1.0,0.6770456394225735
40000.0,0.9265709061587541,94,0.63925,,0.5031007821621907,0.4748502994011976,2.504383212105155e-08,bidisperse_a0.005_sr0.667_x1_N4000_L24_T400000_seed3.npz,bidisperse,3,0.005,0.6666666666666666,1.0,0.6770456394225735
42000.0,0.9262636528988846,82,0.54725,,0.6014475178296079,0.4798407167745147,2.4091865452543302e-08,bidisperse_a0.005_sr0.667_x1_N4000_L24_T400000_seed3.npz,bidisperse,3,0.005,0.6666666666666666,1.0,0.6770456394225735
44000.0,0.9282668720275447,82,0.38625,,0.550250063879705,0.475996826026582,2.2573899870475545e-08,bidisperse_a0.005_sr0.667_x1_N4000_L24_T400000_seed3.npz,bidisperse,3,0.005,0.6666666666666666,1.0,0.6770456394225735
46000.0,0.9265486526110894,79,0.4055,,0.5438157274435518,0.46095542036501447,2.6023077062768694e-08,bidisperse_a0.005_sr0.667_x1_N4000_L24_T400000_seed3.npz,bidisperse,3,0.005,0.6666666666666666,1.0,0.6770456394225735
48000.0,0.9288758671333307,84,0.4005,,0.5714940036826733,0.4660746358012373,2.2363305463996573e-08,bidisperse_a0.005_sr0.667_x1_N4000_L24_T400000_seed3.npz,bidisperse,3,0.005,0.6666666666666666,1.0,0.6770456394225735
50000.0,0.927964292466129,80,0.327,,0.6028287338339399,0.4707348688802473,2.4084187079933152e-08,bidisperse_a0.005_sr0.667_x1_N4000_L24_T400000_seed3.npz,bidisperse,3,0.005,0.6666666666666666,1.0,0.6770456394225735
52000.0,0.9277835339410511,86,0.44925,,0.5417671868553949,0.4819181611017537,2.687631944935692e-08,bidisperse_a0.005_sr0.667_x1_N4000_L24_T400000_seed3.npz,bidisperse,3,0.005,0.6666666666666666,1.0,0.6770456394225735
54000.0,0.9266600425021735,90,0.44475,,0.5780656740570863,0.4872507193173926,2.9703264417111114e-08,bidisperse_a0.005_sr0.667_x1_N4000_L24_T400000_seed3.npz,bidisperse,3,0.005,0.6666666666666666,1.0,0.6770456394225735
56000.0,0.9247651416122005,84,0.45575,,0.5608298183683799,0.4797526431278676,2.8706229409048783e-08,bidisperse_a0.005_sr0.667_x1_N4000_L24_T400000_seed3.npz,bidisperse,3,0.005,0.6666666666666666,1.0,0.6770456394225735
58000.0,0.9258925080220869,83,0.4515,,0.5431094862761172,0.47541799363057324,2.562609951727175e-08,bidisperse_a0.005_sr0.667_x1_N4000_L24_T400000_seed3.npz,bidisperse,3,0.005,0.6666666666666666,1.0,0.6770456394225735
60000.0,0.926616782467462,98,0.437,,0.5357328440857821,0.4579945799457995,2.707774121474317e-08,bidisperse_a0.005_sr0.667_x1_N4000_L24_T400000_seed3.npz,bidisperse,3,0.005,0.6666666666666666,1.0,0.6770456394225735
62000.0,0.9257959014951042,94,0.431,,0.5390344408416415,0.47143998402236864,2.463389346658329e-08,bidisperse_a0.005_sr0.667_x1_N4000_L24_T400000_seed3.npz,bidisperse,3,0.005,0.6666666666666666,1.0,0.6770456394225735
64000.0,0.9264044252052642,107,0.425,,0.5461998459334299,0.4671569615152126,2.9555377273085245e-08,bidisperse_a0.005_sr0.667_x1_N4000_L24_T400000_seed3.npz,bidisperse,3,0.005,0.6666666666666666,1.0,0.6770456394225735
66000.0,0.9285564186817007,78,0.44725,,0.5792821864641526,0.4707414829659319,3.0861245579749745e-08,bidisperse_a0.005_sr0.667_x1_N4000_L24_T400000_seed3.npz,bidisperse,3,0.005,0.6666666666666666,1.0,0.6770456394225735
68000.0,0.9227912008326783,79,0.4555,,0.5616328326023345,0.4666666666666667,2.635810110683793e-08,bidisperse_a0.005_sr0.667_x1_N4000_L24_T400000_seed3.npz,bidisperse,3,0.005,0.6666666666666666,1.0,0.6770456394225735
70000.0,0.9276960796665389,77,0.5825,,0.6239073856206335,0.45631848798632757,2.6646078864980197e-08,bidisperse_a0.005_sr0.667_x1_N4000_L24_T400000_seed3.npz,bidisperse,3,0.005,0.6666666666666666,1.0,0.6770456394225735
72000.0,0.9273350522293511,80,0.604,,0.5300840180083372,0.4740298507462687,2.2001763949996523e-08,bidisperse_a0.005_sr0.667_x1_N4000_L24_T400000_seed3.npz,bidisperse,3,0.005,0.6666666666666666,1.0,0.6770456394225735
74000.0,0.9248107902034592,86,0.6145,,0.5408458577297027,0.47294609110801666,2.3174837124583146e-08,bidisperse_a0.005_sr0.667_x1_N4000_L24_T400000_seed3.npz,bidisperse,3,0.005,0.6666666666666666,1.0,0.6770456394225735
76000.0,0.9246149370210723,90,0.61975,,0.5317242425326038,0.4658397519255777,2.4656710695549724e-08,bidisperse_a0.005_sr0.667_x1_N4000_L24_T400000_seed3.npz,bidisperse,3,0.005,0.6666666666666666,1.0,0.6770456394225735
78000.0,0.9240815872279329,76,0.59225,,0.5707625485475439,0.4786856127886323,2.513205334404439e-08,bidisperse_a0.005_sr0.667_x1_N4000_L24_T400000_seed3.npz,bidisperse,3,0.005,0.6666666666666666,1.0,0.6770456394225735
80000.0,0.9238904995388455,89,0.4665,,0.5706225783188612,0.4727776677885567,2.376070811361675e-08,bidisperse_a0.005_sr0.667_x1_N4000_L24_T400000_seed3.npz,bidisperse,3,0.005,0.6666666666666666,1.0,0.6770456394225735
82000.0,0.9219359587508281,89,0.57325,,0.5414994215852639,0.45858788182273413,2.3118439515331205e-08,bidisperse_a0.005_sr0.667_x1_N4000_L24_T400000_seed3.npz,bidisperse,3,0.005,0.6666666666666666,1.0,0.6770456394225735
84000.0,0.918852501525005,89,0.58925,,0.5109069461772554,0.45587795393359254,2.4057025406905138e-08,bidisperse_a0.005_sr0.667_x1_N4000_L24_T400000_seed3.npz,bidisperse,3,0.005,0.6666666666666666,1.0,0.6770456394225735
86000.0,0.9210165439201863,98,0.60425,,0.5564013008032621,0.45044776119402985,2.2829140046950937e-08,bidisperse_a0.005_sr0.667_x1_N4000_L24_T400000_seed3.npz,bidisperse,3,0.005,0.6666666666666666,1.0,0.6770456394225735
88000.0,0.9207833093652482,77,0.60925,,0.5322300834614561,0.4460862619808307,2.5629719311070982e-08,bidisperse_a0.005_sr0.667_x1_N4000_L24_T400000_seed3.npz,bidisperse,3,0.005,0.6666666666666666,1.0,0.6770456394225735
90000.0,0.9198682118984324,96,0.59125,,0.5068439986673079,0.44487678339818415,2.5618135359259725e-08,bidisperse_a0.005_sr0.667_x1_N4000_L24_T400000_seed3.npz,bidisperse,3,0.005,0.6666666666666666,1.0,0.6770456394225735
92000.0,0.9202468240745987,87,0.79475,,0.5502514594911505,0.44418768210589776,2.8102837672529888e-08,bidisperse_a0.005_sr0.667_x1_N4000_L24_T400000_seed3.npz,bidisperse,3,0.005,0.6666666666666666,1.0,0.6770456394225735
94000.0,0.920364038410352,88,0.6115,,0.5332485598340999,0.4501811594202898,2.775765026029381e-08,bidisperse_a0.005_sr0.667_x1_N4000_L24_T400000_seed3.npz,bidisperse,3,0.005,0.6666666666666666,1.0,0.6770456394225735
96000.0,0.9207941309948776,82,0.80475,,0.5165841251533505,0.45528373771806696,2.8468114323299212e-08,bidisperse_a0.005_sr0.667_x1_N4000_L24_T400000_seed3.npz,bidisperse,3,0.005,0.6666666666666666,1.0,0.6770456394225735
98000.0,0.9202147307579515,93,0.6105,,0.48903962644175686,0.4595109240328723,2.554176756742104e-08,bidisperse_a0.005_sr0.667_x1_N4000_L24_T400000_seed3.npz,bidisperse,3,0.005,0.6666666666666666,1.0,0.6770456394225735
100000.0,0.9189705631836489,92,0.60525,0.5357621700316085,0.5206604131740366,0.4585375612683805,2.486839693807417e-08,bidisperse_a0.005_sr0.667_x1_N4000_L24_T400000_seed3.npz,bidisperse,3,0.005,0.6666666666666666,1.0,0.6770456394225735
102000.0,0.9198095986810542,88,0.4885,,0.572096848241411,0.44690934758495515,2.6249361580054235e-08,bidisperse_a0.005_sr0.667_x1_N4000_L24_T400000_seed3.npz,bidisperse,3,0.005,0.6666666666666666,1.0,0.6770456394225735
104000.0,0.9214055843172393,88,0.479,,0.5658763961769695,0.44244567963617987,2.5645356016371823e-08,bidisperse_a0.005_sr0.667_x1_N4000_L24_T400000_seed3.npz,bidisperse,3,0.005,0.6666666666666666,1.0,0.6770456394225735
106000.0,0.9197173529420198,87,0.4625,,0.5750588568528994,0.4664874016532218,2.5099856991906852e-08,bidisperse_a0.005_sr0.667_x1_N4000_L24_T400000_seed3.npz,bidisperse,3,0.005,0.6666666666666666,1.0,0.6770456394225735
108000.0,0.9203257417625946,106,0.459,,0.5610713106557416,0.4727436102236422,3.1927111490460165e-08,bidisperse_a0.005_sr0.667_x1_N4000_L24_T400000_seed3.npz,bidisperse,3,0.005,0.6666666666666666,1.0,0.6770456394225735
110000.0,0.9180790774112507,84,0.47125,,0.5469140701441546,0.46024726103125946,3.35183337243966e-08,bidisperse_a0.005_sr0.667_x1_N4000_L24_T400000_seed3.npz,bidisperse,3,0.005,0.6666666666666666,1.0,0.6770456394225735
112000.0,0.9202644563297127,83,0.47475,,0.46667806952292723,0.44619684567777995,3.155147661473673e-08,bidisperse_a0.005_sr0.667_x1_N4000_L24_T400000_seed3.npz,bidisperse,3,0.005,0.6666666666666666,1.0,0.6770456394225735
114000.0,0.9197630483359144,83,0.4645,,0.5164978223617345,0.4314117294435008,2.817300404332638e-08,bidisperse_a0.005_sr0.667_x1_N4000_L24_T400000_seed3.npz,bidisperse,3,0.005,0.6666666666666666,1.0,0.6770456394225735
116000.0,0.9206136081890557,94,0.46025,,0.5619511313202946,0.4322760821863155,2.6019602933352136e-08,bidisperse_a0.005_sr0.667_x1_N4000_L24_T400000_seed3.npz,bidisperse,3,0.005,0.6666666666666666,1.0,0.6770456394225735
118000.0,0.9172815726941246,80,0.45425,,0.5333464367829704,0.43189302464823864,2.7926540010946437e-08,bidisperse_a0.005_sr0.667_x1_N4000_L24_T400000_seed3.npz,bidisperse,3,0.005,0.6666666666666666,1.0,0.6770456394225735
120000.0,0.9207443894792308,81,0.58375,,0.4597264301418597,0.44804224369831624,3.035596975253508e-08,bidisperse_a0.005_sr0.667_x1_N4000_L24_T400000_seed3.npz,bidisperse,3,0.005,0.6666666666666666,1.0,0.6770456394225735
122000.0,0.9202718028409561,84,0.45275,,0.5598977440865478,0.4561719140429785,2.674033775046228e-08,bidisperse_a0.005_sr0.667_x1_N4000_L24_T400000_seed3.npz,bidisperse,3,0.005,0.6666666666666666,1.0,0.6770456394225735
124000.0,0.9203128464820292,90,0.58075,,0.5096727316593656,0.4577045274027005,2.855695107119158e-08,bidisperse_a0.005_sr0.667_x1_N4000_L24_T400000_seed3.npz,bidisperse,3,0.005,0.6666666666666666,1.0,0.6770456394225735
126000.0,0.9221212413712371,86,0.567,,0.5431615751015048,0.44993045897079276,2.8901866086853438e-08,bidisperse_a0.005_sr0.667_x1_N4000_L24_T400000_seed3.npz,bidisperse,3,0.005,0.6666666666666666,1.0,0.6770456394225735
128000.0,0.9223023782012745,71,0.565,,0.5549533303226312,0.45245245245245247,2.963064907237286e-08,bidisperse_a0.005_sr0.667_x1_N4000_L24_T400000_seed3.npz,bidisperse,3,0.005,0.6666666666666666,1.0,0.6770456394225735
130000.0,0.9193444624040229,93,0.5655,,0.5381661404018031,0.45130784708249494,2.809993283452753e-08,bidisperse_a0.005_sr0.667_x1_N4000_L24_T400000_seed3.npz,bidisperse,3,0.005,0.6666666666666666,1.0,0.6770456394225735
132000.0,0.9206712054600522,98,0.538,,0.5382904985456551,0.44820657088315086,3.107647149256206e-08,bidisperse_a0.005_sr0.667_x1_N4000_L24_T400000_seed3.npz,bidisperse,3,0.005,0.6666666666666666,1.0,0.6770456394225735
134000.0,0.9184692264681988,97,0.563,,0.5318430232397712,0.4421994370727784,3.065005076718544e-08,bidisperse_a0.005_sr0.667_x1_N4000_L24_T400000_seed3.npz,bidisperse,3,0.005,0.6666666666666666,1.0,0.6770456394225735
136000.0,0.9172396461250404,93,0.58125,,0.5731326225372959,0.4364824120603015,2.9227923977288096e-08,bidisperse_a0.005_sr0.667_x1_N4000_L24_T400000_seed3.npz,bidisperse,3,0.005,0.6666666666666666,1.0,0.6770456394225735
138000.0,0.9188254467231423,84,0.57975,,0.5226274057577502,0.4500298032982317,2.8321334577684543e-08,bidisperse_a0.005_sr0.667_x1_N4000_L24_T400000_seed3.npz,bidisperse,3,0.005,0.6666666666666666,1.0,0.6770456394225735
140000.0,0.9163658453067528,88,0.58025,,0.5417862673847108,0.44774935554233586,2.675718356214237e-08,bidisperse_a0.005_sr0.667_x1_N4000_L24_T400000_seed3.npz,bidisperse,3,0.005,0.6666666666666666,1.0,0.6770456394225735
142000.0,0.9150123705605783,89,0.80175,,0.4798993540328641,0.42424546274942343,2.552501600050235e-08,bidisperse_a0.005_sr0.667_x1_N4000_L24_T400000_seed3.npz,bidisperse,3,0.005,0.6666666666666666,1.0,0.6770456394225735
144000.0,0.9149170865451015,89,0.80225,,0.5236234768249073,0.43311337732453514,2.5440937739673552e-08,bidisperse_a0.005_sr0.667_x1_N4000_L24_T400000_seed3.npz,bidisperse,3,0.005,0.6666666666666666,1.0,0.6770456394225735
146000.0,0.9158240980139292,91,0.815,,0.5760398932850608,0.40958737864077666,2.6654848067623177e-08,bidisperse_a0.005_sr0.667_x1_N4000_L24_T400000_seed3.npz,bidisperse,3,0.005,0.6666666666666666,1.0,0.6770456394225735
148000.0,0.9149027267360091,84,0.801,,0.5075934320489099,0.4112300545344375,2.79148630032382e-08,bidisperse_a0.005_sr0.667_x1_N4000_L24_T400000_seed3.npz,bidisperse,3,0.005,0.6666666666666666,1.0,0.6770456394225735
150000.0,0.9175280549380098,87,0.78925,,0.5052724325629866,0.4300440352281826,3.05561464394098e-08,bidisperse_a0.005_sr0.667_x1_N4000_L24_T400000_seed3.npz,bidisperse,3,0.005,0.6666666666666666,1.0,0.6770456394225735
152000.0,0.9176516570805253,91,0.797,,0.5296455336199983,0.41875188423274046,2.842379051124876e-08,bidisperse_a0.005_sr0.667_x1_N4000_L24_T400000_seed3.npz,bidisperse,3,0.005,0.6666666666666666,1.0,0.6770456394225735
154000.0,0.9183558245763974,85,0.81025,,0.5155531727169687,0.42647058823529416,2.3301487644941462e-08,bidisperse_a0.005_sr0.667_x1_N4000_L24_T400000_seed3.npz,bidisperse,3,0.005,0.6666666666666666,1.0,0.6770456394225735
156000.0,0.9193342100256272,93,0.538,,0.5241810000128968,0.43763171098845965,2.5882628679281326e-08,bidisperse_a0.005_sr0.667_x1_N4000_L24_T400000_seed3.npz,bidisperse,3,0.005,0.6666666666666666,1.0,0.6770456394225735
158000.0,0.91780892062853,93,0.762,,0.5280437126505999,0.43333671296765686,2.8005195229818254e-08,bidisperse_a0.005_sr0.667_x1_N4000_L24_T400000_seed3.npz,bidisperse,3,0.005,0.6666666666666666,1.0,0.6770456394225735
160000.0,0.9149683772190739,84,0.761,,0.5094460268909945,0.4357502517623364,2.6872872240806518e-08,bidisperse_a0.005_sr0.667_x1_N4000_L24_T400000_seed3.npz,bidisperse,3,0.005,0.6666666666666666,1.0,0.6770456394225735
162000.0,0.9166054900132822,91,0.74975,,0.5557634823799258,0.4212542851381327,2.4536068690031768e-08,bidisperse_a0.005_sr0.667_x1_N4000_L24_T400000_seed3.npz,bidisperse,3,0.005,0.6666666666666666,1.0,0.6770456394225735
164000.0,0.9146262396593956,91,0.7905,,0.567586975784935,0.41462430660615235,2.5354265210628293e-08,bidisperse_a0.005_sr0.667_x1_N4000_L24_T400000_seed3.npz,bidisperse,3,0.005,0.6666666666666666,1.0,0.6770456394225735
166000.0,0.916744755605431,87,0.79375,,0.6050068530791926,0.42407277816655,2.6880888381344856e-08,bidisperse_a0.005_sr0.667_x1_N4000_L24_T400000_seed3.npz,bidisperse,3,0.005,0.6666666666666666,1.0,0.6770456394225735
168000.0,0.9181248107418992,90,0.751,,0.5467181477966535,0.42263094762095166,2.8334219477962194e-08,bidisperse_a0.005_sr0.667_x1_N4000_L24_T400000_seed3.npz,bidisperse,3,0.005,0.6666666666666666,1.0,0.6770456394225735
170000.0,0.9155105325228454,91,0.7535,,0.574173264217885,0.41394269572235676,2.3006043293169582e-08,bidisperse_a0.005_sr0.667_x1_N4000_L24_T400000_seed3.npz,bidisperse,3,0.005,0.6666666666666666,1.0,0.6770456394225735
172000.0,0.9141663049508746,86,0.76125,,0.5853716063837694,0.4154753573927822,2.5036699239797034e-08,bidisperse_a0.005_sr0.667_x1_N4000_L24_T400000_seed3.npz,bidisperse,3,0.005,0.6666666666666666,1.0,0.6770456394225735
174000.0,0.9157448912071315,88,0.76175,,0.5053703353069313,0.40895015482968733,2.3755564596987366e-08,bidisperse_a0.005_sr0.667_x1_N4000_L24_T400000_seed3.npz,bidisperse,3,0.005,0.6666666666666666,1.0,0.6770456394225735
176000.0,0.9147670123782647,85,0.75575,,0.5428626326899811,0.4160335865653738,2.399633755533692e-08,bidisperse_a0.005_sr0.667_x1_N4000_L24_T400000_seed3.npz,bidisperse,3,0.005,0.6666666666666666,1.0,0.6770456394225735
178000.0,0.9141186764445642,79,0.76075,,0.5294631314787077,0.4092633260131763,2.3204676459501855e-08,bidisperse_a0.005_sr0.667_x1_N4000_L24_T400000_seed3.npz,bidisperse,3,0.005,0.6666666666666666,1.0,0.6770456394225735
180000.0,0.9146206091742038,80,0.7675,,0.5262342606954489,0.40971877173805027,2.3050118682690386e-08,bidisperse_a0.005_sr0.667_x1_N4000_L24_T400000_seed3.npz,bidisperse,3,0.005,0.6666666666666666,1.0,0.6770456394225735
182000.0,0.9145657633362437,85,0.7505,,0.5501098023111298,0.40824082408240825,2.1687802840774848e-08,bidisperse_a0.005_sr0.667_x1_N4000_L24_T400000_seed3.npz,bidisperse,3,0.005,0.6666666666666666,1.0,0.6770456394225735
184000.0,0.913924030919129,73,0.751,,0.5299721352905878,0.40104480610809723,2.4162614370870708e-08,bidisperse_a0.005_sr0.667_x1_N4000_L24_T400000_seed3.npz,bidisperse,3,0.005,0.6666666666666666,1.0,0.6770456394225735
186000.0,0.9157400832279357,89,0.75,,0.556763970081657,0.39726852781683064,2.3981723149004895e-08,bidisperse_a0.005_sr0.667_x1_N4000_L24_T400000_seed3.npz,bidisperse,3,0.005,0.6666666666666666,1.0,0.6770456394225735
188000.0,0.9151802530483578,84,0.8,,0.5945097686789778,0.38017197774405664,2.448008859175612e-08,bidisperse_a0.005_sr0.667_x1_N4000_L24_T400000_seed3.npz,bidisperse,3,0.005,0.6666666666666666,1.0,0.6770456394225735
190000.0,0.9134869081614952,85,0.80125,,0.5796927717487557,0.38760313946468106,2.174514828312733e-08,bidisperse_a0.005_sr0.667_x1_N4000_L24_T400000_seed3.npz,bidisperse,3,0.005,0.6666666666666666,1.0,0.6770456394225735
192000.0,0.9136017773351328,73,0.828,,0.5503224375588914,0.39739739739739743,2.3532687101906692e-08,bidisperse_a0.005_sr0.667_x1_N4000_L24_T400000_seed3.npz,bidisperse,3,0.005,0.6666666666666666,1.0,0.6770456394225735
194000.0,0.9140752208465686,83,0.82825,,0.5119884484501759,0.38685691318327975,2.3539102930053686e-08,bidisperse_a0.005_sr0.667_x1_N4000_L24_T400000_seed3.npz,bidisperse,3,0.005,0.6666666666666666,1.0,0.6770456394225735
196000.0,0.9124788127449679,78,0.824,,0.5144554082247337,0.3829275623685001,2.3490703623634036e-08,bidisperse_a0.005_sr0.667_x1_N4000_L24_T400000_seed3.npz,bidisperse,3,0.005,0.6666666666666666,1.0,0.6770456394225735
198000.0,0.9124031359900959,81,0.8525,,0.48624543903564493,0.39194577352472093,2.21718207759568e-08,bidisperse_a0.005_sr0.667_x1_N4000_L24_T400000_seed3.npz,bidisperse,3,0.005,0.6666666666666666,1.0,0.6770456394225735
200000.0,0.9122911314849881,74,0.85125,0.5188534623919607,0.5675805867665008,0.4059807901772453,2.2288236414017052e-08,bidisperse_a0.005_sr0.667_x1_N4000_L24_T400000_seed3.npz,bidisperse,3,0.005,0.6666666666666666,1.0,0.6770456394225735
202000.0,0.9122712172805908,76,0.84075,,0.49129256915646297,0.40017869552268437,2.1504171050838554e-08,bidisperse_a0.005_sr0.667_x1_N4000_L24_T400000_seed3.npz,bidisperse,3,0.005,0.6666666666666666,1.0,0.6770456394225735
204000.0,0.9125891911991069,68,0.857,,0.5343535928934264,0.39934190846545015,2.3602604027949085e-08,bidisperse_a0.005_sr0.667_x1_N4000_L24_T400000_seed3.npz,bidisperse,3,0.005,0.6666666666666666,1.0,0.6770456394225735
206000.0,0.9157518711852549,77,0.84225,,0.5115980371852847,0.41957488877904103,2.3545235023004772e-08,bidisperse_a0.005_sr0.667_x1_N4000_L24_T400000_seed3.npz,bidisperse,3,0.005,0.6666666666666666,1.0,0.6770456394225735
208000.0,0.9142432358641176,80,0.8425,,0.5863467746149289,0.4232599643069601,2.3220000264166037e-08,bidisperse_a0.005_sr0.667_x1_N4000_L24_T400000_seed3.npz,bidisperse,3,0.005,0.6666666666666666,1.0,0.6770456394225735
210000.0,0.9139725994535007,88,0.84,,0.47610328733345963,0.4184029508523577,2.2679538413971872e-08,bidisperse_a0.005_sr0.667_x1_N4000_L24_T400000_seed3.npz,bidisperse,3,0.005,0.6666666666666666,1.0,0.6770456394225735
212000.0,0.915608333255238,82,0.8375,,0.5466014172438683,0.40891337005508266,2.227747605258939e-08,bidisperse_a0.005_sr0.667_x1_N4000_L24_T400000_seed3.npz,bidisperse,3,0.005,0.6666666666666666,1.0,0.6770456394225735
214000.0,0.9147559531056455,87,0.81275,,0.5117731371169661,0.4028336012861736,2.4858879098967176e-08,bidisperse_a0.005_sr0.667_x1_N4000_L24_T400000_seed3.npz,bidisperse,3,0.005,0.6666666666666666,1.0,0.6770456394225735
216000.0,0.9158312619302944,78,0.802,,0.534222117025078,0.4143158317438008,2.6953863522525027e-08,bidisperse_a0.005_sr0.667_x1_N4000_L24_T400000_seed3.npz,bidisperse,3,0.005,0.6666666666666666,1.0,0.6770456394225735
218000.0,0.9154521232362561,88,0.7905,,0.5847497932356206,0.4212693311910022,2.481483321375404e-08,bidisperse_a0.005_sr0.667_x1_N4000_L24_T400000_seed3.npz,bidisperse,3,0.005,0.6666666666666666,1.0,0.6770456394225735
220000.0,0.9152242497259148,95,0.794,,0.5561705462175719,0.4251048532055123,2.2569083873480646e-08,bidisperse_a0.005_sr0.667_x1_N4000_L24_T400000_seed3.npz,bidisperse,3,0.005,0.6666666666666666,1.0,0.6770456394225735
222000.0,0.915258135884836,94,0.7645,,0.5239864214153175,0.41365745410530563,2.4310602553590933e-08,bidisperse_a0.005_sr0.667_x1_N4000_L24_T400000_seed3.npz,bidisperse,3,0.005,0.6666666666666666,1.0,0.6770456394225735
224000.0,0.9139378336292152,93,0.7575,,0.5122153087393254,0.393457658208499,2.6063528797416327e-08,bidisperse_a0.005_sr0.667_x1_N4000_L24_T400000_seed3.npz,bidisperse,3,0.005,0.6666666666666666,1.0,0.6770456394225735
226000.0,0.9150272641736332,79,0.786,,0.48024208918538347,0.4106605099377635,2.5983868456178137e-08,bidisperse_a0.005_sr0.667_x1_N4000_L24_T400000_seed3.npz,bidisperse,3,0.005,0.6666666666666666,1.0,0.6770456394225735
228000.0,0.9158617156984742,84,0.77025,,0.550485361168519,0.4200381487802429,2.728380929131261e-08,bidisperse_a0.005_sr0.667_x1_N4000_L24_T400000_seed3.npz,bidisperse,3,0.005,0.6666666666666666,1.0,0.6770456394225735
230000.0,0.9145860087368859,90,0.7545,,0.5343699721454336,0.41978287092882993,2.6646137078239067e-08,bidisperse_a0.005_sr0.667_x1_N4000_L24_T400000_seed3.npz,bidisperse,3,0.005,0.6666666666666666,1.0,0.6770456394225735
232000.0,0.9153705004883438,100,0.745,,0.5155668404647432,0.418989898989899,2.5224236651983346e-08,bidisperse_a0.005_sr0.667_x1_N4000_L24_T400000_seed3.npz,bidisperse,3,0.005,0.6666666666666666,1.0,0.6770456394225735
234000.0,0.9177603413766263,95,0.76175,,0.5154813392553874,0.430024164317358,2.9682075166704595e-08,bidisperse_a0.005_sr0.667_x1_N4000_L24_T400000_seed3.npz,bidisperse,3,0.005,0.6666666666666666,1.0,0.6770456394225735
236000.0,0.9121924262428217,104,0.7655,,0.5203158037241179,0.40697321879737236,2.7117292914340777e-08,bidisperse_a0.005_sr0.667_x1_N4000_L24_T400000_seed3.npz,bidisperse,3,0.005,0.6666666666666666,1.0,0.6770456394225735
238000.0,0.9139862558076447,81,0.769,,0.5227800929249625,0.435126582278481,2.6597722011845354e-08,bidisperse_a0.005_sr0.667_x1_N4000_L24_T400000_seed3.npz,bidisperse,3,0.005,0.6666666666666666,1.0,0.6770456394225735
240000.0,0.9118771146902511,92,0.767,,0.5098870206969416,0.4323866467364226,2.398799541631597e-08,bidisperse_a0.005_sr0.667_x1_N4000_L24_T400000_seed3.npz,bidisperse,3,0.005,0.6666666666666666,1.0,0.6770456394225735
242000.0,0.9131268336126032,91,0.76725,,0.5131071620142156,0.42781655034895316,2.510687085900511e-08,bidisperse_a0.005_sr0.667_x1_N4000_L24_T400000_seed3.npz,bidisperse,3,0.005,0.6666666666666666,1.0,0.6770456394225735
244000.0,0.9118872426211455,87,0.78825,,0.4967156575011726,0.41651759093619556,2.226725641801839e-08,bidisperse_a0.005_sr0.667_x1_N4000_L24_T400000_seed3.npz,bidisperse,3,0.005,0.6666666666666666,1.0,0.6770456394225735
246000.0,0.9101975848194579,86,0.79175,,0.4596197944219562,0.3930363234998997,2.1449500123020752e-08,bidisperse_a0.005_sr0.667_x1_N4000_L24_T400000_seed3.npz,bidisperse,3,0.005,0.6666666666666666,1.0,0.6770456394225735
248000.0,0.9099006258460537,70,0.803,,0.510545022626239,0.40364868906390194,2.3148311906300875e-08,bidisperse_a0.005_sr0.667_x1_N4000_L24_T400000_seed3.npz,bidisperse,3,0.005,0.6666666666666666,1.0,0.6770456394225735
250000.0,0.9125935030454356,81,0.78425,,0.5258185865167069,0.41830971960764884,2.0334867916203796e-08,bidisperse_a0.005_sr0.667_x1_N4000_L24_T400000_seed3.npz,bidisperse,3,0.005,0.6666666666666666,1.0,0.6770456394225735
252000.0,0.9125811109968032,91,0.79025,,0.5067394231355254,0.4216532698223677,2.3623625656565443e-08,bidisperse_a0.005_sr0.667_x1_N4000_L24_T400000_seed3.npz,bidisperse,3,0.005,0.6666666666666666,1.0,0.6770456394225735
254000.0,0.9158313025098292,87,0.76925,,0.5121311580767393,0.4219229626695713,2.1550516010388025e-08,bidisperse_a0.005_sr0.667_x1_N4000_L24_T400000_seed3.npz,bidisperse,3,0.005,0.6666666666666666,1.0,0.6770456394225735
256000.0,0.9136377184133655,91,0.77825,,0.5437827907115995,0.3958459366807824,2.845924503958495e-08,bidisperse_a0.005_sr0.667_x1_N4000_L24_T400000_seed3.npz,bidisperse,3,0.005,0.6666666666666666,1.0,0.6770456394225735
258000.0,0.914833664818404,79,0.78875,,0.5381351564563106,0.41162348704611385,2.6777067282195667e-08,bidisperse_a0.005_sr0.667_x1_N4000_L24_T400000_seed3.npz,bidisperse,3,0.005,0.6666666666666666,1.0,0.6770456394225735
260000.0,0.9130741477092376,78,0.796,,0.5432043954931767,0.42349781138081977,2.487512297574195e-08,bidisperse_a0.005_sr0.667_x1_N4000_L24_T400000_seed3.npz,bidisperse,3,0.005,0.6666666666666666,1.0,0.6770456394225735
262000.0,0.9149967350879962,92,0.795,,0.5040073808964214,0.41652461646445404,2.511022117402097e-08,bidisperse_a0.005_sr0.667_x1_N4000_L24_T400000_seed3.npz,bidisperse,3,0.005,0.6666666666666666,1.0,0.6770456394225735
264000.0,0.9141895037373183,77,0.80375,,0.5105224240573984,0.41821801891488297,2.4719830349071325e-08,bidisperse_a0.005_sr0.667_x1_N4000_L24_T400000_seed3.npz,bidisperse,3,0.005,0.6666666666666666,1.0,0.6770456394225735
266000.0,0.9146983303879972,80,0.809,,0.5614972646214306,0.4133122342003759,2.3128530219366373e-08,bidisperse_a0.005_sr0.667_x1_N4000_L24_T400000_seed3.npz,bidisperse,3,0.005,0.6666666666666666,1.0,0.6770456394225735
268000.0,0.9173695417231135,90,0.79125,,0.5786653784511246,0.40705414803775464,2.4009227057159216e-08,bidisperse_a0.005_sr0.667_x1_N4000_L24_T400000_seed3.npz,bidisperse,3,0.005,0.6666666666666666,1.0,0.6770456394225735
270000.0,0.9160100052224356,83,0.79475,,0.5218062399239529,0.4097785793006713,2.394098448531261e-08,bidisperse_a0.005_sr0.667_x1_N4000_L24_T400000_seed3.npz,bidisperse,3,0.005,0.6666666666666666,1.0,0.6770456394225735
272000.0,0.9179727203926681,84,0.62025,,0.5526682103094532,0.41768231768231767,2.5714439601373728e-08,bidisperse_a0.005_sr0.667_x1_N4000_L24_T400000_seed3.npz,bidisperse,3,0.005,0.6666666666666666,1.0,0.6770456394225735
274000.0,0.9157941084522864,84,0.62225,,0.5313080732849322,0.4047094188376753,2.545703967698228e-08,bidisperse_a0.005_sr0.667_x1_N4000_L24_T400000_seed3.npz,bidisperse,3,0.005,0.6666666666666666,1.0,0.6770456394225735
276000.0,0.9153706330430946,87,0.6255,,0.506772226003617,0.41610472034906787,2.402795968431398e-08,bidisperse_a0.005_sr0.667_x1_N4000_L24_T400000_seed3.npz,bidisperse,3,0.005,0.6666666666666666,1.0,0.6770456394225735
278000.0,0.9124824398936788,85,0.62325,,0.558952728648572,0.40376569037656906,2.23381256033458e-08,bidisperse_a0.005_sr0.667_x1_N4000_L24_T400000_seed3.npz,bidisperse,3,0.005,0.6666666666666666,1.0,0.6770456394225735
280000.0,0.9139494212441541,85,0.62575,,0.5358907688433455,0.39393330654881475,2.251647169953731e-08,bidisperse_a0.005_sr0.667_x1_N4000_L24_T400000_seed3.npz,bidisperse,3,0.005,0.6666666666666666,1.0,0.6770456394225735
282000.0,0.9128112381873551,76,0.612,,0.5223946384229308,0.39366515837104077,2.47492012379277e-08,bidisperse_a0.005_sr0.667_x1_N4000_L24_T400000_seed3.npz,bidisperse,3,0.005,0.6666666666666666,1.0,0.6770456394225735
284000.0,0.9134251435322384,88,0.62625,,0.5064237305056676,0.3918416557821762,2.2284092578257292e-08,bidisperse_a0.005_sr0.667_x1_N4000_L24_T400000_seed3.npz,bidisperse,3,0.005,0.6666666666666666,1.0,0.6770456394225735
286000.0,0.9128284102727177,91,0.61725,,0.500241969588486,0.3932786557311462,2.1924340991392727e-08,bidisperse_a0.005_sr0.667_x1_N4000_L24_T400000_seed3.npz,bidisperse,3,0.005,0.6666666666666666,1.0,0.6770456394225735
288000.0,0.9150376431049223,83,0.60725,,0.5305765839932954,0.3908115156986659,2.22382146637444e-08,bidisperse_a0.005_sr0.667_x1_N4000_L24_T400000_seed3.npz,bidisperse,3,0.005,0.6666666666666666,1.0,0.6770456394225735
290000.0,0.9126441348118827,82,0.6095,,0.5428064561305898,0.389519124585885,2.335614086642809e-08,bidisperse_a0.005_sr0.667_x1_N4000_L24_T400000_seed3.npz,bidisperse,3,0.005,0.6666666666666666,1.0,0.6770456394225735
292000.0,0.9124811747035346,110,0.6055,,0.49311301030620097,0.39046663321625685,2.3139864439983777e-08,bidisperse_a0.005_sr0.667_x1_N4000_L24_T400000_seed3.npz,bidisperse,3,0.005,0.6666666666666666,1.0,0.6770456394225735
294000.0,0.9098155268713702,81,0.6025,,0.5148822785345282,0.3939120857114249,2.615558043475972e-08,bidisperse_a0.005_sr0.667_x1_N4000_L24_T400000_seed3.npz,bidisperse,3,0.005,0.6666666666666666,1.0,0.6770456394225735
296000.0,0.9110734555133273,91,0.60575,,0.5303555377596018,0.3843358901897457,2.5971185352047888e-08,bidisperse_a0.005_sr0.667_x1_N4000_L24_T400000_seed3.npz,bidisperse,3,0.005,0.6666666666666666,1.0,0.6770456394225735
298000.0,0.9078390867700509,90,0.61225,,0.4698085828042389,0.386336032388664,2.5337613165041144e-08,bidisperse_a0.005_sr0.667_x1_N4000_L24_T400000_seed3.npz,bidisperse,3,0.005,0.6666666666666666,1.0,0.6770456394225735
300000.0,0.9069890260058656,96,0.6135,0.5189151343227821,0.5009892773122578,0.3908971906152452,2.3635692283093034e-08,bidisperse_a0.005_sr0.667_x1_N4000_L24_T400000_seed3.npz,bidisperse,3,0.005,0.6666666666666666,1.0,0.6770456394225735
302000.0,0.9089784297837326,110,0.6115,,0.5535561526438827,0.38459202267665515,2.638305879982859e-08,bidisperse_a0.005_sr0.667_x1_N4000_L24_T400000_seed3.npz,bidisperse,3,0.005,0.6666666666666666,1.0,0.6770456394225735
304000.0,0.9098250818394906,107,0.614,,0.567185764283672,0.3899797570850202,2.6950210612954483e-08,bidisperse_a0.005_sr0.667_x1_N4000_L24_T400000_seed3.npz,bidisperse,3,0.005,0.6666666666666666,1.0,0.6770456394225735
306000.0,0.9099251202621146,103,0.602,,0.47448014020761253,0.3971953188054883,2.7184209742159155e-08,bidisperse_a0.005_sr0.667_x1_N4000_L24_T400000_seed3.npz,bidisperse,3,0.005,0.6666666666666666,1.0,0.6770456394225735
308000.0,0.9104654966453578,87,0.60875,,0.5406895657109232,0.3830456852791878,3.139429690133973e-08,bidisperse_a0.005_sr0.667_x1_N4000_L24_T400000_seed3.npz,bidisperse,3,0.005,0.6666666666666666,1.0,0.6770456394225735
310000.0,0.9102701743810635,96,0.609,,0.5133792998221565,0.3775137111517367,2.7554958031800893e-08,bidisperse_a0.005_sr0.667_x1_N4000_L24_T400000_seed3.npz,bidisperse,3,0.005,0.6666666666666666,1.0,0.6770456394225735
312000.0,0.9059007657242316,102,0.62025,,0.45764565963077986,0.3701252418287343,2.4104941614658826e-08,bidisperse_a0.005_sr0.667_x1_N4000_L24_T400000_seed3.npz,bidisperse,3,0.005,0.6666666666666666,1.0,0.6770456394225735
314000.0,0.9090912598979632,101,0.61175,,0.46783261788446046,0.3656351791530945,2.493285634792426e-08,bidisperse_a0.005_sr0.667_x1_N4000_L24_T400000_seed3.npz,bidisperse,3,0.005,0.6666666666666666,1.0,0.6770456394225735
316000.0,0.9104436038927399,108,0.60725,,0.4885326965782069,0.38280698214105535,2.6153078212673976e-08,bidisperse_a0.005_sr0.667_x1_N4000_L24_T400000_seed3.npz,bidisperse,3,0.005,0.6666666666666666,1.0,0.6770456394225735
318000.0,0.9087201356125163,103,0.60775,,0.5148564414401422,0.39119013942210545,2.6350062864090468e-08,bidisperse_a0.005_sr0.667_x1_N4000_L24_T400000_seed3.npz,bidisperse,3,0.005,0.6666666666666666,1.0,0.6770456394225735
320000.0,0.9101265361401654,100,0.612,,0.5324914804942753,0.3912515188335358,2.7503070798192866e-08,bidisperse_a0.005_sr0.667_x1_N4000_L24_T400000_seed3.npz,bidisperse,3,0.005,0.6666666666666666,1.0,0.6770456394225735
322000.0,0.9104277062629201,87,0.6195,,0.5405830061414552,0.39594880580469616,2.8093127718604736e-08,bidisperse_a0.005_sr0.667_x1_N4000_L24_T400000_seed3.npz,bidisperse,3,0.005,0.6666666666666666,1.0,0.6770456394225735
324000.0,0.9115001496214737,101,0.62175,,0.5130776708813175,0.40573729240060397,2.854389598874858e-08,bidisperse_a0.005_sr0.667_x1_N4000_L24_T400000_seed3.npz,bidisperse,3,0.005,0.6666666666666666,1.0,0.6770456394225735
326000.0,0.9096948949886142,96,0.62025,,0.49985972830381936,0.4095825331042151,2.7701110745543623e-08,bidisperse_a0.005_sr0.667_x1_N4000_L24_T400000_seed3.npz,bidisperse,3,0.005,0.6666666666666666,1.0,0.6770456394225735
328000.0,0.909676888826164,102,0.60825,,0.48901596181810053,0.41513600321188393,2.659431285165575e-08,bidisperse_a0.005_sr0.667_x1_N4000_L24_T400000_seed3.npz,bidisperse,3,0.005,0.6666666666666666,1.0,0.6770456394225735
330000.0,0.9098457044719968,100,0.6085,,0.5144477009122611,0.39871058728719655,3.2993532023369785e-08,bidisperse_a0.005_sr0.667_x1_N4000_L24_T400000_seed3.npz,bidisperse,3,0.005,0.6666666666666666,1.0,0.6770456394225735
332000.0,0.9112983540641986,78,0.6135,,0.47685677753302574,0.39349708073283673,2.9548508494958767e-08,bidisperse_a0.005_sr0.667_x1_N4000_L24_T400000_seed3.npz,bidisperse,3,0.005,0.6666666666666666,1.0,0.6770456394225735
334000.0,0.9117425382766032,112,0.609,,0.49845582227190816,0.40305451603115205,2.6944854132381936e-08,bidisperse_a0.005_sr0.667_x1_N4000_L24_T400000_seed3.npz,bidisperse,3,0.005,0.6666666666666666,1.0,0.6770456394225735
336000.0,0.9094914570788877,97,0.614,,0.4782436760857771,0.397635789259146,2.847003931826515e-08,bidisperse_a0.005_sr0.667_x1_N4000_L24_T400000_seed3.npz,bidisperse,3,0.005,0.6666666666666666,1.0,0.6770456394225735
338000.0,0.9100124455289402,89,0.61625,,0.505216136322855,0.4079291607969411,3.0765137362632856e-08,bidisperse_a0.005_sr0.667_x1_N4000_L24_T400000_seed3.npz,bidisperse,3,0.005,0.6666666666666666,1.0,0.6770456394225735
340000.0,0.9102666906979763,96,0.61825,,0.5160855859849565,0.40873415174079286,2.9283917043018642e-08,bidisperse_a0.005_sr0.667_x1_N4000_L24_T400000_seed3.npz,bidisperse,3,0.005,0.6666666666666666,1.0,0.6770456394225735
342000.0,0.9118126300768731,97,0.613,,0.4824456362733536,0.4089350544574425,3.234195611615681e-08,bidisperse_a0.005_sr0.667_x1_N4000_L24_T400000_seed3.npz,bidisperse,3,0.005,0.6666666666666666,1.0,0.6770456394225735
344000.0,0.9111949840446462,106,0.78675,,0.49087994236713073,0.42921415716856626,2.7426681818596637e-08,bidisperse_a0.005_sr0.667_x1_N4000_L24_T400000_seed3.npz,bidisperse,3,0.005,0.6666666666666666,1.0,0.6770456394225735
346000.0,0.9130576980599225,106,0.77625,,0.48039655381543406,0.4175813110462189,2.956029137205322e-08,bidisperse_a0.005_sr0.667_x1_N4000_L24_T400000_seed3.npz,bidisperse,3,0.005,0.6666666666666666,1.0,0.6770456394225735
348000.0,0.9091508454572315,109,0.776,,0.49965780155978756,0.40300172396308687,3.006223576767866e-08,bidisperse_a0.005_sr0.667_x1_N4000_L24_T400000_seed3.npz,bidisperse,3,0.005,0.6666666666666666,1.0,0.6770456394225735
350000.0,0.9116959743699089,97,0.785,,0.538954994631328,0.4102409031347647,2.688952422559147e-08,bidisperse_a0.005_sr0.667_x1_N4000_L24_T400000_seed3.npz,bidisperse,3,0.005,0.6666666666666666,1.0,0.6770456394225735
352000.0,0.908796881960327,98,0.78525,,0.5087756856857976,0.40985251329386974,2.818124423717753e-08,bidisperse_a0.005_sr0.667_x1_N4000_L24_T400000_seed3.npz,bidisperse,3,0.005,0.6666666666666666,1.0,0.6770456394225735
354000.0,0.9124670089831615,91,0.78525,,0.5176448176791408,0.40147534357316084,3.0497938786707095e-08,bidisperse_a0.005_sr0.667_x1_N4000_L24_T400000_seed3.npz,bidisperse,3,0.005,0.6666666666666666,1.0,0.6770456394225735
356000.0,0.9115097328790434,102,0.79475,,0.5210269159803289,0.40894536722033215,2.819003848093345e-08,bidisperse_a0.005_sr0.667_x1_N4000_L24_T400000_seed3.npz,bidisperse,3,0.005,0.6666666666666666,1.0,0.6770456394225735
358000.0,0.9121491881057058,81,0.80325,,0.5562051864180131,0.3991026919242273,2.829952702244045e-08,bidisperse_a0.005_sr0.667_x1_N4000_L24_T400000_seed3.npz,bidisperse,3,0.005,0.6666666666666666,1.0,0.6770456394225735
360000.0,0.9120078914901696,81,0.805,,0.5274236621881124,0.41039141665010925,2.4953245186740312e-08,bidisperse_a0.005_sr0.667_x1_N4000_L24_T400000_seed3.npz,bidisperse,3,0.005,0.6666666666666666,1.0,0.6770456394225735
362000.0,0.9099205159012809,100,0.8095,,0.4840102263176257,0.3983033730559483,2.4901811064224053e-08,bidisperse_a0.005_sr0.667_x1_N4000_L24_T400000_seed3.npz,bidisperse,3,0.005,0.6666666666666666,1.0,0.6770456394225735
364000.0,0.911696058620972,85,0.80925,,0.5277631825461304,0.4026379379782521,2.4446230138458454e-08,bidisperse_a0.005_sr0.667_x1_N4000_L24_T400000_seed3.npz,bidisperse,3,0.005,0.6666666666666666,1.0,0.6770456394225735
366000.0,0.9139187128646105,87,0.824,,0.5111987204576773,0.40322257806245,2.705940683216698e-08,bidisperse_a0.005_sr0.667_x1_N4000_L24_T400000_seed3.npz,bidisperse,3,0.005,0.6666666666666666,1.0,0.6770456394225735
368000.0,0.912621049510254,88,0.78575,,0.4877247408295182,0.39472887003938195,2.1589257493213516e-08,bidisperse_a0.005_sr0.667_x1_N4000_L24_T400000_seed3.npz,bidisperse,3,0.005,0.6666666666666666,1.0,0.6770456394225735
370000.0,0.9129678706903475,82,0.808,,0.5077712201442891,0.4070024077046549,2.1827050355858797e-08,bidisperse_a0.005_sr0.667_x1_N4000_L24_T400000_seed3.npz,bidisperse,3,0.005,0.6666666666666666,1.0,0.6770456394225735
372000.0,0.9114477909854355,90,0.786,,0.5040975837495976,0.4106765859052981,2.620084375027526e-08,bidisperse_a0.005_sr0.667_x1_N4000_L24_T400000_seed3.npz,bidisperse,3,0.005,0.6666666666666666,1.0,0.6770456394225735
374000.0,0.9150305580710155,91,0.77375,,0.44510835008536026,0.4211002715478226,2.976922573858804e-08,bidisperse_a0.005_sr0.667_x1_N4000_L24_T400000_seed3.npz,bidisperse,3,0.005,0.6666666666666666,1.0,0.6770456394225735
376000.0,0.9149865024543761,87,0.77525,,0.4960959835193507,0.41610805402701345,2.976980823196901e-08,bidisperse_a0.005_sr0.667_x1_N4000_L24_T400000_seed3.npz,bidisperse,3,0.005,0.6666666666666666,1.0,0.6770456394225735
378000.0,0.9150734738022752,94,0.80525,,0.5606404469633776,0.41433706070287535,2.728118641112958e-08,bidisperse_a0.005_sr0.667_x1_N4000_L24_T400000_seed3.npz,bidisperse,3,0.005,0.6666666666666666,1.0,0.6770456394225735
380000.0,0.9127079052382018,94,0.8025,,0.4959807200098201,0.3993513075207784,2.7732444875608622e-08,bidisperse_a0.005_sr0.667_x1_N4000_L24_T400000_seed3.npz,bidisperse,3,0.005,0.6666666666666666,1.0,0.6770456394225735
382000.0,0.9148968665234575,101,0.7565,,0.5141292707804667,0.41256058158319875,3.0454620335954524e-08,bidisperse_a0.005_sr0.667_x1_N4000_L24_T400000_seed3.npz,bidisperse,3,0.005,0.6666666666666666,1.0,0.6770456394225735
384000.0,0.9129395537529493,86,0.762,,0.5023258664218299,0.4018871753246753,3.218802742385012e-08,bidisperse_a0.005_sr0.667_x1_N4000_L24_T400000_seed3.npz,bidisperse,3,0.005,0.6666666666666666,1.0,0.6770456394225735
386000.0,0.9133617790762278,96,0.769,,0.539786111106294,0.4072911392405063,2.993553334469622e-08,bidisperse_a0.005_sr0.667_x1_N4000_L24_T400000_seed3.npz,bidisperse,3,0.005,0.6666666666666666,1.0,0.6770456394225735
388000.0,0.9132521706299335,81,0.76825,,0.5235495658479213,0.43073679983938973,2.9273501099725236e-08,bidisperse_a0.005_sr0.667_x1_N4000_L24_T400000_seed3.npz,bidisperse,3,0.005,0.6666666666666666,1.0,0.6770456394225735
390000.0,0.9149670947361686,84,0.773,,0.47924629378023254,0.43249473789716353,2.9614490746982528e-08,bidisperse_a0.005_sr0.667_x1_N4000_L24_T400000_seed3.npz,bidisperse,3,0.005,0.6666666666666666,1.0,0.6770456394225735
392000.0,0.916168173765218,93,0.765,,0.5263515688891619,0.4119963647379582,2.743015398479641e-08,bidisperse_a0.005_sr0.667_x1_N4000_L24_T400000_seed3.npz,bidisperse,3,0.005,0.6666666666666666,1.0,0.6770456394225735
394000.0,0.9170175406063822,84,0.76925,,0.593564355930876,0.42230638891657535,2.4851676205179953e-08,bidisperse_a0.005_sr0.667_x1_N4000_L24_T400000_seed3.npz,bidisperse,3,0.005,0.6666666666666666,1.0,0.6770456394225735
396000.0,0.9155875929811602,84,0.77875,,0.489177264638865,0.39258286176232826,2.732005169023429e-08,bidisperse_a0.005_sr0.667_x1_N4000_L24_T400000_seed3.npz,bidisperse,3,0.005,0.6666666666666666,1.0,0.6770456394225735
398000.0,0.9154062205479182,80,0.7845,,0.5086766659616826,0.408226581265012,2.4512945918930273e-08,bidisperse_a0.005_sr0.667_x1_N4000_L24_T400000_seed3.npz,bidisperse,3,0.005,0.6666666666666666,1.0,0.6770456394225735
400000.0,0.9143415236273861,96,0.58525,0.5279492956232419,0.5198295376419683,0.4151718609079066,2.5791643625315286e-08,bidisperse_a0.005_sr0.667_x1_N4000_L24_T400000_seed3.npz,bidisperse,3,0.005,0.6666666666666666,1.0,0.6770456394225735
0.0,0.9946133010029082,415,0.0095,0.9221757397758866,,,,monodisperse_a0.005_sr0.667_x1_N4000_L24_T400000_seed1.npz,monodisperse,1,0.005,0.6666666666666666,1.0,0.9225096295324747
2000.0,0.9781276258937668,94,0.0565,,0.1633872546950316,0.7287716405605935,6.873467028466703e-09,monodisperse_a0.005_sr0.667_x1_N4000_L24_T400000_seed1.npz,monodisperse,1,0.005,0.6666666666666666,1.0,0.9225096295324747
4000.0,0.9726910060121182,59,0.0915,,0.8067327545791867,0.3884926295767951,3.5065360247088073e-09,monodisperse_a0.005_sr0.667_x1_N4000_L24_T400000_seed1.npz,monodisperse,1,0.005,0.6666666666666666,1.0,0.9225096295324747
6000.0,0.9727676981813351,53,0.095,,0.861446585118828,0.3112582781456954,2.5409338894515457e-09,monodisperse_a0.005_sr0.667_x1_N4000_L24_T400000_seed1.npz,monodisperse,1,0.005,0.6666666666666666,1.0,0.9225096295324747
8000.0,0.9707716961185872,43,0.1045,,0.8875339201284137,0.26836412798557907,2.0870053276262244e-09,monodisperse_a0.005_sr0.667_x1_N4000_L24_T400000_seed1.npz,monodisperse,1,0.005,0.6666666666666666,1.0,0.9225096295324747
10000.0,0.9680450254632803,41,0.1045,,0.84581978639253,0.2353467561521253,1.6485567383640765e-09,monodisperse_a0.005_sr0.667_x1_N4000_L24_T400000_seed1.npz,monodisperse,1,0.005,0.6666666666666666,1.0,0.9225096295324747
12000.0,0.9682882119116062,38,0.1045,,0.9008804774217947,0.22648160387750604,9.56816419723243e-10,monodisperse_a0.005_sr0.667_x1_N4000_L24_T400000_seed1.npz,monodisperse,1,0.005,0.6666666666666666,1.0,0.9225096295324747
14000.0,0.9660791548703637,37,0.104,,0.8864893363896832,0.21777194134383893,1.0352938582644525e-09,monodisperse_a0.005_sr0.667_x1_N4000_L24_T400000_seed1.npz,monodisperse,1,0.005,0.6666666666666666,1.0,0.9225096295324747
16000.0,0.9653994194653536,36,0.1045,,0.8847254081863279,0.21139986896702334,9.24368649747829e-10,monodisperse_a0.005_sr0.667_x1_N4000_L24_T400000_seed1.npz,monodisperse,1,0.005,0.6666666666666666,1.0,0.9225096295324747
18000.0,0.9647720921841713,36,0.1035,,0.8594686485771027,0.20804347826086955,8.305973419481572e-10,monodisperse_a0.005_sr0.667_x1_N4000_L24_T400000_seed1.npz,monodisperse,1,0.005,0.6666666666666666,1.0,0.9225096295324747
20000.0,0.9638254941145299,34,0.104,,0.8720110709210479,0.203030303030303,8.850099130794449e-10,monodisperse_a0.005_sr0.667_x1_N4000_L24_T400000_seed1.npz,monodisperse,1,0.005,0.6666666666666666,1.0,0.9225096295324747
22000.0,0.9644633399218334,33,0.1045,,0.9022858801893078,0.20903225806451609,9.240192871597224e-10,monodisperse_a0.005_sr0.667_x1_N4000_L24_T400000_seed1.npz,monodisperse,1,0.005,0.6666666666666666,1.0,0.9225096295324747
24000.0,0.9626029788117083,32,0.1045,,0.8705536372025298,0.20376712328767121,8.397874051951379e-10,monodisperse_a0.005_sr0.667_x1_N4000_L24_T400000_seed1.npz,monodisperse,1,0.005,0.6666666666666666,1.0,0.9225096295324747
26000.0,0.9616429576861184,31,0.1045,,0.9223469392980429,0.20055531824006834,7.926234550936542e-10,monodisperse_a0.005_sr0.667_x1_N4000_L24_T400000_seed1.npz,monodisperse,1,0.005,0.6666666666666666,1.0,0.9225096295324747
28000.0,0.9613974996328424,32,0.1045,,0.9571248327288968,0.2033609870240375,8.16216903414091e-10,monodisperse_a0.005_sr0.667_x1_N4000_L24_T400000_seed1.npz,monodisperse,1,0.005,0.6666666666666666,1.0,0.9225096295324747
30000.0,0.9600729857408711,29,0.1045,,0.9377703647388359,0.1924303635977036,6.84315346921003e-10,monodisperse_a0.005_sr0.667_x1_N4000_L24_T400000_seed1.npz,monodisperse,1,0.005,0.6666666666666666,1.0,0.9225096295324747
32000.0,0.9604007144040674,30,0.1045,,0.9066835866658524,0.19738230947857294,7.172727256133162e-10,monodisperse_a0.005_sr0.667_x1_N4000_L24_T400000_seed1.npz,monodisperse,1,0.005,0.6666666666666666,1.0,0.9225096295324747
34000.0,0.9587842861131368,30,0.1045,,0.8695324199753222,0.18908094435075884,9.67605809641422e-10,monodisperse_a0.005_sr0.667_x1_N4000_L24_T400000_seed1.npz,monodisperse,1,0.005,0.6666666666666666,1.0,0.9225096295324747
36000.0,0.9587412578448596,28,0.1045,,0.9200595900776827,0.1918811466834066,7.886642533525288e-10,monodisperse_a0.005_sr0.667_x1_N4000_L24_T400000_seed1.npz,monodisperse,1,0.005,0.6666666666666666,1.0,0.9225096295324747
38000.0,0.9568218678408613,28,0.104,,0.9100292110522176,0.18962993936859707,7.427669869653517e-10,monodisperse_a0.005_sr0.667_x1_N4000_L24_T400000_seed1.npz,monodisperse,1,0.005,0.6666666666666666,1.0,0.9225096295324747
40000.0,0.9566571087091406,28,0.1045,,0.9194621191572744,0.18115183246073296,6.680461777388528e-10,monodisperse_a0.005_sr0.667_x1_N4000_L24_T400000_seed1.npz,monodisperse,1,0.005,0.6666666666666666,1.0,0.9225096295324747
42000.0,0.9565297764135882,26,0.1225,,0.9033680515883277,0.18344425956738764,8.097055611603115e-10,monodisperse_a0.005_sr0.667_x1_N4000_L24_T400000_seed1.npz,monodisperse,1,0.005,0.6666666666666666,1.0,0.9225096295324747
44000.0,0.9548588178179704,25,0.123,,0.9549131592327865,0.17945518818881268,5.118594107725697e-10,monodisperse_a0.005_sr0.667_x1_N4000_L24_T400000_seed1.npz,monodisperse,1,0.005,0.6666666666666666,1.0,0.9225096295324747
46000.0,0.9553426062557537,24,0.123,,0.8961769035409558,0.1733610822060354,7.092523757002615e-10,monodisperse_a0.005_sr0.667_x1_N4000_L24_T400000_seed1.npz,monodisperse,1,0.005,0.6666666666666666,1.0,0.9225096295324747
48000.0,0.9546351828713344,23,0.123,,0.9047710884192409,0.1654870940882598,5.408583715507953e-10,monodisperse_a0.005_sr0.667_x1_N4000_L24_T400000_seed1.npz,monodisperse,1,0.005,0.6666666666666666,1.0,0.9225096295324747
50000.0,0.9545107474748227,23,0.1225,,0.9124044630396573,0.16881496881496882,5.649661133912723e-10,monodisperse_a0.005_sr0.667_x1_N4000_L24_T400000_seed1.npz,monodisperse,1,0.005,0.6666666666666666,1.0,0.9225096295324747
52000.0,0.9524832828949793,23,0.123,,0.9277258647744338,0.1738681000620219,5.335066267608214e-10,monodisperse_a0.005_sr0.667_x1_N4000_L24_T400000_seed1.npz,monodisperse,1,0.005,0.6666666666666666,1.0,0.9225096295324747
54000.0,0.9517763477716604,22,0.232,,0.9106907128109528,0.17039800995024879,5.748116449430425e-10,monodisperse_a0.005_sr0.667_x1_N4000_L24_T400000_seed1.npz,monodisperse,1,0.005,0.6666666666666666,1.0,0.9225096295324747
56000.0,0.9519331708495946,23,0.189,,0.8683612934068538,0.17709196354598178,5.364458912080155e-10,monodisperse_a0.005_sr0.667_x1_N4000_L24_T400000_seed1.npz,monodisperse,1,0.005,0.6666666666666666,1.0,0.9225096295324747
58000.0,0.9522415351597021,22,0.2325,,0.9040443900843687,0.16106268161062687,6.328462062126646e-10,monodisperse_a0.005_sr0.667_x1_N4000_L24_T400000_seed1.npz,monodisperse,1,0.005,0.6666666666666666,1.0,0.9225096295324747
60000.0,0.9516845019779385,23,0.2325,,0.8975568796956916,0.1672870140612076,5.875713146382552e-10,monodisperse_a0.005_sr0.667_x1_N4000_L24_T400000_seed1.npz,monodisperse,1,0.005,0.6666666666666666,1.0,0.9225096295324747
62000.0,0.9518949527805701,23,0.189,,0.8607397944713738,0.17423616845582168,4.814987293463479e-10,monodisperse_a0.005_sr0.667_x1_N4000_L24_T400000_seed1.npz,monodisperse,1,0.005,0.6666666666666666,1.0,0.9225096295324747
64000.0,0.9502949237398794,22,0.2325,,0.860684299658796,0.16971816498662828,6.078219800738349e-10,monodisperse_a0.005_sr0.667_x1_N4000_L24_T400000_seed1.npz,monodisperse,1,0.005,0.6666666666666666,1.0,0.9225096295324747
66000.0,0.9505115310510347,22,0.2325,,0.8915908594930588,0.1575695159629248,5.322459267070041e-10,monodisperse_a0.005_sr0.667_x1_N4000_L24_T400000_seed1.npz,monodisperse,1,0.005,0.6666666666666666,1.0,0.9225096295324747
68000.0,0.9524436041178178,22,0.2325,,0.8600257906949003,0.15530381050463438,3.898291014180144e-10,monodisperse_a0.005_sr0.667_x1_N4000_L24_T400000_seed1.npz,monodisperse,1,0.005,0.6666666666666666,1.0,0.9225096295324747
70000.0,0.949229396064315,22,0.2325,,0.8549146708632394,0.16280500307566126,6.718612253236904e-10,monodisperse_a0.005_sr0.667_x1_N4000_L24_T400000_seed1.npz,monodisperse,1,0.005,0.6666666666666666,1.0,0.9225096295324747
72000.0,0.9503388429752067,21,0.232,,0.8554488156913395,0.16807589193648176,5.443865630383295e-10,monodisperse_a0.005_sr0.667_x1_N4000_L24_T400000_seed1.npz,monodisperse,1,0.005,0.6666666666666666,1.0,0.9225096295324747
74000.0,0.9504214596269271,21,0.232,,0.8986724261374606,0.1750308515014397,6.200791641291435e-10,monodisperse_a0.005_sr0.667_x1_N4000_L24_T400000_seed1.npz,monodisperse,1,0.005,0.6666666666666666,1.0,0.9225096295324747
76000.0,0.9502959303545385,21,0.232,,0.8913106183941231,0.1643385373870172,5.55574362532094e-10,monodisperse_a0.005_sr0.667_x1_N4000_L24_T400000_seed1.npz,monodisperse,1,0.005,0.6666666666666666,1.0,0.9225096295324747
78000.0,0.9510917777777778,20,0.2325,,0.9175572318692001,0.16256662566625668,5.358674131848336e-10,monodisperse_a0.005_sr0.667_x1_N4000_L24_T400000_seed1.npz,monodisperse,1,0.005,0.6666666666666666,1.0,0.9225096295324747
80000.0,0.9492388434668463,19,0.235,,0.9055243673277751,0.15217391304347827,5.382184104273965e-10,monodisperse_a0.005_sr0.667_x1_N4000_L24_T400000_seed1.npz,monodisperse,1,0.005,0.6666666666666666,1.0,0.9225096295324747
82000.0,0.9492436049424359,19,0.2355,,0.9206881744356694,0.16176470588235292,4.785490982076022e-10,monodisperse_a0.005_sr0.667_x1_N4000_L24_T400000_seed1.npz,monodisperse,1,0.005,0.6666666666666666,1.0,0.9225096295324747
84000.0,0.9496962017415187,19,0.2355,,0.9068071557884947,0.1689133986928104,4.780689797387307e-10,monodisperse_a0.005_sr0.667_x1_N4000_L24_T400000_seed1.npz,monodisperse,1,0.005,0.6666666666666666,1.0,0.9225096295324747
86000.0,0.9490719430085471,19,0.2355,,0.9077627335400978,0.16469387755102038,5.867017990781224e-10,monodisperse_a0.005_sr0.667_x1_N4000_L24_T400000_seed1.npz,monodisperse,1,0.005,0.6666666666666666,1.0,0.9225096295324747
88000.0,0.9481929114467771,19,0.2355,,0.9206753807233077,0.15574607062665846,3.5014308570274833e-10,monodisperse_a0.005_sr0.667_x1_N4000_L24_T400000_seed1.npz,monodisperse,1,0.005,0.6666666666666666,1.0,0.9225096295324747
90000.0,0.9485507691702597,19,0.2355,,0.8705776108612623,0.15511955855303494,3.938617939480821e-10,monodisperse_a0.005_sr0.667_x1_N4000_L24_T400000_seed1.npz,monodisperse,1,0.005,0.6666666666666666,1.0,0.9225096295324747
92000.0,0.948228302673556,18,0.2355,,0.8631470406068255,0.15960712093308782,5.056737443261061e-10,monodisperse_a0.005_sr0.667_x1_N4000_L24_T400000_seed1.npz,monodisperse,1,0.005,0.6666666666666666,1.0,0.9225096295324747
94000.0,0.9470533597928571,18,0.235,,0.9101583983822797,0.16441993464052285,4.191362879392278e-10,monodisperse_a0.005_sr0.667_x1_N4000_L24_T400000_seed1.npz,monodisperse,1,0.005,0.6666666666666666,1.0,0.9225096295324747
96000.0,0.9482788438077858,18,0.2355,,0.8590124502024328,0.15411379451494067,3.5295776592201724e-10,monodisperse_a0.005_sr0.667_x1_N4000_L24_T400000_seed1.npz,monodisperse,1,0.005,0.6666666666666666,1.0,0.9225096295324747
98000.0,0.9479170058101267,18,0.2355,,0.8670818696081692,0.1570264765784114,5.019208663321183e-10,monodisperse_a0.005_sr0.667_x1_N4000_L24_T400000_seed1.npz,monodisperse,1,0.005,0.6666666666666666,1.0,0.9225096295324747
100000.0,0.947036871620582,18,0.235,0.4842906172257215,0.9227830396138953,0.1562881562881563,3.9357848160374274e-10,monodisperse_a0.005_sr0.667_x1_N4000_L24_T400000_seed1.npz,monodisperse,1,0.005,0.6666666666666666,1.0,0.9225096295324747
102000.0,0.9472968196573495,18,0.2355,,0.880269647456332,0.15908167411621288,4.770786092159619e-10,monodisperse_a0.005_sr0.667_x1_N4000_L24_T400000_seed1.npz,monodisperse,1,0.005,0.6666666666666666,1.0,0.9225096295324747
104000.0,0.9479261481481481,18,0.2355,,0.9150326463666206,0.1638211382113821,3.700972464002448e-10,monodisperse_a0.005_sr0.667_x1_N4000_L24_T400000_seed1.npz,monodisperse,1,0.005,0.6666666666666666,1.0,0.9225096295324747
106000.0,0.9483021426600561,17,0.2355,,0.9276157342508901,0.16278594771241828,3.803735322624232e-10,monodisperse_a0.005_sr0.667_x1_N4000_L24_T400000_seed1.npz,monodisperse,1,0.005,0.6666666666666666,1.0,0.9225096295324747
108000.0,0.9465688019600863,17,0.2355,,0.8683334347881931,0.16775244299674263,4.2960418546290586e-10,monodisperse_a0.005_sr0.667_x1_N4000_L24_T400000_seed1.npz,monodisperse,1,0.005,0.6666666666666666,1.0,0.9225096295324747
110000.0,0.9459982612242018,17,0.235,,0.8614796580028599,0.16273393002441006,6.089380690399145e-10,monodisperse_a0.005_sr0.667_x1_N4000_L24_T400000_seed1.npz,monodisperse,1,0.005,0.6666666666666666,1.0,0.9225096295324747
112000.0,0.9479559704190405,17,0.2355,,0.9163990337559426,0.15273540776896477,3.697357021171217e-10,monodisperse_a0.005_sr0.667_x1_N4000_L24_T400000_seed1.npz,monodisperse,1,0.005,0.6666666666666666,1.0,0.9225096295324747
114000.0,0.9479148701329486,17,0.235,,0.9372555328351682,0.15073230268510984,3.4417224536014444e-10,monodisperse_a0.005_sr0.667_x1_N4000_L24_T400000_seed1.npz,monodisperse,1,0.005,0.6666666666666666,1.0,0.9225096295324747
116000.0,0.9468525295320742,17,0.2355,,0.900795901683231,0.15571776155717765,3.8518825609302e-10,monodisperse_a0.005_sr0.667_x1_N4000_L24_T400000_seed1.npz,monodisperse,1,0.005,0.6666666666666666,1.0,0.9225096295324747
118000.0,0.9485394125060811,17,0.2355,,0.8882054242886128,0.15461194636326692,3.590975056759986e-10,monodisperse_a0.005_sr0.667_x1_N4000_L24_T400000_seed1.npz,monodisperse,1,0.005,0.6666666666666666,1.0,0.9225096295324747
120000.0,0.9488484453821188,17,0.235,,0.9115102548250992,0.15697437982919882,3.060048575591182e-10,monodisperse_a0.005_sr0.667_x1_N4000_L24_T400000_seed1.npz,monodisperse,1,0.005,0.6666666666666666,1.0,0.9225096295324747
122000.0,0.9464355788445373,17,0.2355,,0.9231264634725689,0.15420560747663548,4.120197119010425e-10,monodisperse_a0.005_sr0.667_x1_N4000_L24_T400000_seed1.npz,monodisperse,1,0.005,0.6666666666666666,1.0,0.9225096295324747
124000.0,0.9478695346529962,17,0.2355,,0.89034813221449,0.15383056343737334,2.9825220149545953e-10,monodisperse_a0.005_sr0.667_x1_N4000_L24_T400000_seed1.npz,monodisperse,1,0.005,0.6666666666666666,1.0,0.9225096295324747
126000.0,0.9474279456506903,17,0.2355,,0.9046129099586906,0.15727604377786786,3.9128801127203817e-10,monodisperse_a0.005_sr0.667_x1_N4000_L24_T400000_seed1.npz,monodisperse,1,0.005,0.6666666666666666,1.0,0.9225096295324747
128000.0,0.9459591975943108,17,0.2355,,0.9097721553749343,0.16139497161394967,3.799932471952152e-10,monodisperse_a0.005_sr0.667_x1_N4000_L24_T400000_seed1.npz,monodisperse,1,0.005,0.6666666666666666,1.0,0.9225096295324747
130000.0,0.9466311507476616,17,0.2355,,0.8754764262250594,0.16436967977300365,3.362272606642149e-10,monodisperse_a0.005_sr0.667_x1_N4000_L24_T400000_seed1.npz,monodisperse,1,0.005,0.6666666666666666,1.0,0.9225096295324747
132000.0,0.9449538238548574,17,0.2355,,0.8681937412590762,0.16237061091942362,4.981988261646063e-10,monodisperse_a0.005_sr0.667_x1_N4000_L24_T400000_seed1.npz,monodisperse,1,0.005,0.6666666666666666,1.0,0.9225096295324747
134000.0,0.945518133775628,17,0.235,,0.9094285283732061,0.15384615384615385,4.2674332070538946e-10,monodisperse_a0.005_sr0.667_x1_N4000_L24_T400000_seed1.npz,monodisperse,1,0.005,0.6666666666666666,1.0,0.9225096295324747
136000.0,0.9460326492767813,16,0.235,,0.8483340871191669,0.15120763141871318,3.1323991554559425e-10,monodisperse_a0.005_sr0.667_x1_N4000_L24_T400000_seed1.npz,monodisperse,1,0.005,0.6666666666666666,1.0,0.9225096295324747
138000.0,0.9462719748708177,16,0.2355,,0.898724394790432,0.15705322809147948,4.4948251619036736e-10,monodisperse_a0.005_sr0.667_x1_N4000_L24_T400000_seed1.npz,monodisperse,1,0.005,0.6666666666666666,1.0,0.9225096295324747
140000.0,0.9455932819657092,16,0.235,,0.9107182694212167,0.15369018653690192,3.0178805344505065e-10,monodisperse_a0.005_sr0.667_x1_N4000_L24_T400000_seed1.npz,monodisperse,1,0.005,0.6666666666666666,1.0,0.9225096295324747
142000.0,0.9476083069437844,16,0.235,,0.8895857549094629,0.14796846573681022,3.263735125870886e-10,monodisperse_a0.005_sr0.667_x1_N4000_L24_T400000_seed1.npz,monodisperse,1,0.005,0.6666666666666666,1.0,0.9225096295324747
144000.0,0.9480808839512136,16,0.2355,,0.8883154695032127,0.14799838253133846,3.0473469643833434e-10,monodisperse_a0.005_sr0.667_x1_N4000_L24_T400000_seed1.npz,monodisperse,1,0.005,0.6666666666666666,1.0,0.9225096295324747
146000.0,0.9458161162579376,16,0.2355,,0.8952558246199915,0.1636107193229901,5.300959556029784e-10,monodisperse_a0.005_sr0.667_x1_N4000_L24_T400000_seed1.npz,monodisperse,1,0.005,0.6666666666666666,1.0,0.9225096295324747
148000.0,0.9431413750209979,16,0.2355,,0.8643886083332228,0.15223097112860895,3.8346405149092175e-10,monodisperse_a0.005_sr0.667_x1_N4000_L24_T400000_seed1.npz,monodisperse,1,0.005,0.6666666666666666,1.0,0.9225096295324747
150000.0,0.9436217119671672,16,0.2355,,0.8813158026161718,0.14909090909090905,2.8671848655900337e-10,monodisperse_a0.005_sr0.667_x1_N4000_L24_T400000_seed1.npz,monodisperse,1,0.005,0.6666666666666666,1.0,0.9225096295324747
152000.0,0.9453980163097966,16,0.2355,,0.869647732880912,0.1547017189079879,3.49804379507017e-10,monodisperse_a0.005_sr0.667_x1_N4000_L24_T400000_seed1.npz,monodisperse,1,0.005,0.6666666666666666,1.0,0.9225096295324747
154000.0,0.9449412678074247,16,0.235,,0.9154630777754161,0.1489059967585089,3.4504990471404087e-10,monodisperse_a0.005_sr0.667_x1_N4000_L24_T400000_seed1.npz,monodisperse,1,0.005,0.6666666666666666,1.0,0.9225096295324747
156000.0,0.944598289858418,16,0.2355,,0.8804450282996614,0.15567654769106676,3.795662468514136e-10,monodisperse_a0.005_sr0.667_x1_N4000_L24_T400000_seed1.npz,monodisperse,1,0.005,0.6666666666666666,1.0,0.9225096295324747
158000.0,0.9451996139783231,16,0.2355,,0.8858956549656178,0.1528366646476883,3.8175386115043254e-10,monodisperse_a0.005_sr0.667_x1_N4000_L24_T400000_seed1.npz,monodisperse,1,0.005,0.6666666666666666,1.0,0.9225096295324747
160000.0,0.9427823392189104,16,0.2355,,0.8613261664211752,0.14661274014155712,2.560495076567672e-10,monodisperse_a0.005_sr0.667_x1_N4000_L24_T400000_seed1.npz,monodisperse,1,0.005,0.6666666666666666,1.0,0.9225096295324747
162000.0,0.9459100065608891,15,0.2355,,0.8468215867669399,0.1559466019417476,4.2923584597681764e-10,monodisperse_a0.005_sr0.667_x1_N4000_L24_T400000_seed1.npz,monodisperse,1,0.005,0.6666666666666666,1.0,0.9225096295324747
164000.0,0.9439621839103536,15,0.235,,0.9189517459179558,0.16117290192113243,3.613108107996579e-10,monodisperse_a0.005_sr0.667_x1_N4000_L24_T400000_seed1.npz,monodisperse,1,0.005,0.6666666666666666,1.0,0.9225096295324747
166000.0,0.9460406271828045,14,0.2355,,0.9190868398931813,0.1636070203752269,4.272790269702257e-10,monodisperse_a0.005_sr0.667_x1_N4000_L24_T400000_seed1.npz,monodisperse,1,0.005,0.6666666666666666,1.0,0.9225096295324747
168000.0,0.9439382435913511,14,0.2355,,0.9010949136892772,0.16613097629570106,4.867149549529328e-10,monodisperse_a0.005_sr0.667_x1_N4000_L24_T400000_seed1.npz,monodisperse,1,0.005,0.6666666666666666,1.0,0.9225096295324747
170000.0,0.9433244587194718,13,0.2355,,0.8454366428729556,0.16066035836521042,3.3656572930736875e-10,monodisperse_a0.005_sr0.667_x1_N4000_L24_T400000_seed1.npz,monodisperse,1,0.005,0.6666666666666666,1.0,0.9225096295324747
172000.0,0.9423592440574211,13,0.235,,0.9232709573493354,0.16713539574126157,5.013016715039046e-10,monodisperse_a0.005_sr0.667_x1_N4000_L24_T400000_seed1.npz,monodisperse,1,0.005,0.6666666666666666,1.0,0.9225096295324747
174000.0,0.9424010002896445,13,0.235,,0.8993357639925645,0.16817359855334535,3.272459896209245e-10,monodisperse_a0.005_sr0.667_x1_N4000_L24_T400000_seed1.npz,monodisperse,1,0.005,0.6666666666666666,1.0,0.9225096295324747
176000.0,0.9405961311922624,13,0.235,,0.8640433566408398,0.16880770774789244,3.8505662665887564e-10,monodisperse_a0.005_sr0.667_x1_N4000_L24_T400000_seed1.npz,monodisperse,1,0.005,0.6666666666666666,1.0,0.9225096295324747
178000.0,0.9417983631698004,13,0.2355,,0.8529450242754403,0.16903380676135227,2.4142881680639703e-10,monodisperse_a0.005_sr0.667_x1_N4000_L24_T400000_seed1.npz,monodisperse,1,0.005,0.6666666666666666,1.0,0.9225096295324747
180000.0,0.9407286454526714,13,0.2345,,0.888671790798566,0.15980000000000005,3.9480889488336525e-10,monodisperse_a0.005_sr0.667_x1_N4000_L24_T400000_seed1.npz,monodisperse,1,0.005,0.6666666666666666,1.0,0.9225096295324747
182000.0,0.9423170426449635,13,0.235,,0.9012798769228094,0.15193922431027584,4.575412458003041e-10,monodisperse_a0.005_sr0.667_x1_N4000_L24_T400000_seed1.npz,monodisperse,1,0.005,0.6666666666666666,1.0,0.9225096295324747
184000.0,0.9405652952783098,14,0.2355,,0.9021610872506421,0.15033072760072164,3.303974379486199e-10,monodisperse_a0.005_sr0.667_x1_N4000_L24_T400000_seed1.npz,monodisperse,1,0.005,0.6666666666666666,1.0,0.9225096295324747
186000.0,0.9418227002810671,13,0.2355,,0.8960864722166573,0.14435062324085246,3.205460011726511e-10,monodisperse_a0.005_sr0.667_x1_N4000_L24_T400000_seed1.npz,monodisperse,1,0.005,0.6666666666666666,1.0,0.9225096295324747
188000.0,0.941808211814689,13,0.2355,,0.8544694184609736,0.14569138276553106,2.613877767479581e-10,monodisperse_a0.005_sr0.667_x1_N4000_L24_T400000_seed1.npz,monodisperse,1,0.005,0.6666666666666666,1.0,0.9225096295324747
190000.0,0.9424089718536918,13,0.2355,,0.931064697959354,0.1432004806729421,2.71358493800396e-10,monodisperse_a0.005_sr0.667_x1_N4000_L24_T400000_seed1.npz,monodisperse,1,0.005,0.6666666666666666,1.0,0.9225096295324747
192000.0,0.9416895284533418,13,0.2345,,0.9086618671538299,0.15416916616676668,2.1733038279767292e-10,monodisperse_a0.005_sr0.667_x1_N4000_L24_T400000_seed1.npz,monodisperse,1,0.005,0.6666666666666666,1.0,0.9225096295324747
194000.0,0.9437562747197747,13,0.2355,,0.8730811798433171,0.15772618094475577,2.8199766941395414e-10,monodisperse_a0.005_sr0.667_x1_N4000_L24_T400000_seed1.npz,monodisperse,1,0.005,0.6666666666666666,1.0,0.9225096295324747
196000.0,0.9417141189234407,13,0.235,,0.8734085499873976,0.15246098439375755,4.284924416187547e-10,monodisperse_a0.005_sr0.667_x1_N4000_L24_T400000_seed1.npz,monodisperse,1,0.005,0.6666666666666666,1.0,0.9225096295324747
198000.0,0.9408610438932865,13,0.2355,,0.914770899742692,0.15748502994011981,4.337097703555251e-10,monodisperse_a0.005_sr0.667_x1_N4000_L24_T400000_seed1.npz,monodisperse,1,0.005,0.6666666666666666,1.0,0.9225096295324747
200000.0,0.9414273122542509,13,0.235,0.478628409263061,0.8783518784037534,0.15219570884299183,3.1323068713658867e-10,monodisperse_a0.005_sr0.667_x1_N4000_L24_T400000_seed1.npz,monodisperse,1,0.005,0.6666666666666666,1.0,0.9225096295324747
202000.0,0.9405310732336108,13,0.2355,,0.8752015473722624,0.1542937399678973,2.3109406291747976e-10,monodisperse_a0.005_sr0.667_x1_N4000_L24_T400000_seed1.npz,monodisperse,1,0.005,0.6666666666666666,1.0,0.9225096295324747
204000.0,0.9422793670587777,13,0.2355,,0.8527295587355096,0.16146458583433376,3.7481717245505237e-10,monodisperse_a0.005_sr0.667_x1_N4000_L24_T400000_seed1.npz,monodisperse,1,0.005,0.6666666666666666,1.0,0.9225096295324747
206000.0,0.9416954622665866,13,0.2355,,0.9254216543314572,0.15581302437075506,3.2555116525181564e-10,monodisperse_a0.005_sr0.667_x1_N4000_L24_T400000_seed1.npz,monodisperse,1,0.005,0.6666666666666666,1.0,0.9225096295324747
208000.0,0.9411511280317741,13,0.2355,,0.9176966556332701,0.14910179640718568,2.6668386573980817e-10,monodisperse_a0.005_sr0.667_x1_N4000_L24_T400000_seed1.npz,monodisperse,1,0.005,0.6666666666666666,1.0,0.9225096295324747
210000.0,0.9418074248311193,13,0.2355,,0.8562535439019197,0.14820749048668136,3.857328255741253e-10,monodisperse_a0.005_sr0.667_x1_N4000_L24_T400000_seed1.npz,monodisperse,1,0.005,0.6666666666666666,1.0,0.9225096295324747
212000.0,0.9414964077681978,13,0.2355,,0.9004843401141788,0.14768861316790072,2.533295250127499e-10,monodisperse_a0.005_sr0.667_x1_N4000_L24_T400000_seed1.npz,monodisperse,1,0.005,0.6666666666666666,1.0,0.9225096295324747
214000.0,0.940022208423472,13,0.2355,,0.8954735406603893,0.15081901717938473,4.5741592130431967e-10,monodisperse_a0.005_sr0.667_x1_N4000_L24_T400000_seed1.npz,monodisperse,1,0.005,0.6666666666666666,1.0,0.9225096295324747
216000.0,0.9414974782666231,13,0.2355,,0.8688059803191025,0.15338526063511082,2.6444011883602265e-10,monodisperse_a0.005_sr0.667_x1_N4000_L24_T400000_seed1.npz,monodisperse,1,0.005,0.6666666666666666,1.0,0.9225096295324747
218000.0,0.9402539523953446,13,0.235,,0.8580569699846573,0.15407673860911275,3.343518783857886e-10,monodisperse_a0.005_sr0.667_x1_N4000_L24_T400000_seed1.npz,monodisperse,1,0.005,0.6666666666666666,1.0,0.9225096295324747
220000.0,0.9411379635750167,13,0.235,,0.8366258557194298,0.15553339980059822,3.395578794164445e-10,monodisperse_a0.005_sr0.667_x1_N4000_L24_T400000_seed1.npz,monodisperse,1,0.005,0.6666666666666666,1.0,0.9225096295324747
222000.0,0.9428105112992771,13,0.2355,,0.916077156640233,0.13728236942165295,3.6774267174149567e-10,monodisperse_a0.005_sr0.667_x1_N4000_L24_T400000_seed1.npz,monodisperse,1,0.005,0.6666666666666666,1.0,0.9225096295324747
224000.0,0.9386123312046629,14,0.2335,,0.8491369553942067,0.13603675589292852,3.3734073480122127e-10,monodisperse_a0.005_sr0.667_x1_N4000_L24_T400000_seed1.npz,monodisperse,1,0.005,0.6666666666666666,1.0,0.9225096295324747
226000.0,0.9389948836560111,13,0.2355,,0.8267957918097756,0.15321777246463442,3.9006273820828776e-10,monodisperse_a0.005_sr0.667_x1_N4000_L24_T400000_seed1.npz,monodisperse,1,0.005,0.6666666666666666,1.0,0.9225096295324747
228000.0,0.9399870215914637,13,0.2355,,0.840269529036071,0.16317574306802318,2.401880215586787e-10,monodisperse_a0.005_sr0.667_x1_N4000_L24_T400000_seed1.npz,monodisperse,1,0.005,0.6666666666666666,1.0,0.9225096295324747
230000.0,0.9421415228889941,13,0.2355,,0.8897712152692521,0.15136972605478904,3.1988813276345084e-10,monodisperse_a0.005_sr0.667_x1_N4000_L24_T400000_seed1.npz,monodisperse,1,0.005,0.6666666666666666,1.0,0.9225096295324747
232000.0,0.9408566358243446,13,0.2355,,0.8205663258876313,0.15536105032822756,3.0090460793495697e-10,monodisperse_a0.005_sr0.667_x1_N4000_L24_T400000_seed1.npz,monodisperse,1,0.005,0.6666666666666666,1.0,0.9225096295324747
234000.0,0.941726496551794,13,0.2355,,0.835704639424741,0.15094715852442675,3.2656176929963184e-10,monodisperse_a0.005_sr0.667_x1_N4000_L24_T400000_seed1.npz,monodisperse,1,0.005,0.6666666666666666,1.0,0.9225096295324747
236000.0,0.9409003288046431,13,0.2355,,0.8667557064381708,0.15651135005973715,3.0829234369813324e-10,monodisperse_a0.005_sr0.667_x1_N4000_L24_T400000_seed1.npz,monodisperse,1,0.005,0.6666666666666666,1.0,0.9225096295324747
238000.0,0.9408444292094857,13,0.2355,,0.9225352447566301,0.14422692768677592,2.9609619139804285e-10,monodisperse_a0.005_sr0.667_x1_N4000_L24_T400000_seed1.npz,monodisperse,1,0.005,0.6666666666666666,1.0,0.9225096295324747
240000.0,0.9406475931075642,14,0.2345,,0.9114480089630017,0.1296407786474012,2.0084972367435e-10,monodisperse_a0.005_sr0.667_x1_N4000_L24_T400000_seed1.npz,monodisperse,1,0.005,0.6666666666666666,1.0,0.9225096295324747
242000.0,0.938850491471701,13,0.2355,,0.8804687988187231,0.13976143141153086,2.938957567265444e-10,monodisperse_a0.005_sr0.667_x1_N4000_L24_T400000_seed1.npz,monodisperse,1,0.005,0.6666666666666666,1.0,0.9225096295324747
244000.0,0.9397590901007197,13,0.2355,,0.9091514116050878,0.1317102374775494,2.8451120468891606e-10,monodisperse_a0.005_sr0.667_x1_N4000_L24_T400000_seed1.npz,monodisperse,1,0.005,0.6666666666666666,1.0,0.9225096295324747
246000.0,0.9402287684441197,13,0.235,,0.9193434233996165,0.1497507477567298,3.191035961422081e-10,monodisperse_a0.005_sr0.667_x1_N4000_L24_T400000_seed1.npz,monodisperse,1,0.005,0.6666666666666666,1.0,0.9225096295324747
248000.0,0.9407350383965012,13,0.2355,,0.9143019656942072,0.15244755244755248,3.157173062323342e-10,monodisperse_a0.005_sr0.667_x1_N4000_L24_T400000_seed1.npz,monodisperse,1,0.005,0.6666666666666666,1.0,0.9225096295324747
250000.0,0.9397976328041996,13,0.235,,0.8829372700539716,0.14563301282051277,2.9139942940260447e-10,monodisperse_a0.005_sr0.667_x1_N4000_L24_T400000_seed1.npz,monodisperse,1,0.005,0.6666666666666666,1.0,0.9225096295324747
252000.0,0.9416636790771415,13,0.2355,,0.8759620721555724,0.14585834333733494,3.143959217376463e-10,monodisperse_a0.005_sr0.667_x1_N4000_L24_T400000_seed1.npz,monodisperse,1,0.005,0.6666666666666666,1.0,0.9225096295324747
254000.0,0.9411535294731915,13,0.2355,,0.861036029428679,0.15726767275615572,2.827108001606311e-10,monodisperse_a0.005_sr0.667_x1_N4000_L24_T400000_seed1.npz,monodisperse,1,0.005,0.6666666666666666,1.0,0.9225096295324747
256000.0,0.941082488510955,13,0.2355,,0.9342659844733182,0.14501992031872513,3.126867884902883e-10,monodisperse_a0.005_sr0.667_x1_N4000_L24_T400000_seed1.npz,monodisperse,1,0.005,0.6666666666666666,1.0,0.9225096295324747
258000.0,0.9406331157031754,13,0.2355,,0.8702507896238503,0.14436479490242926,2.4645879521205623e-10,monodisperse_a0.005_sr0.667_x1_N4000_L24_T400000_seed1.npz,monodisperse,1,0.005,0.6666666666666666,1.0,0.9225096295324747
260000.0,0.9404022684153327,13,0.2345,,0.8888748820994967,0.14368274212833798,3.764038356528907e-10,monodisperse_a0.005_sr0.667_x1_N4000_L24_T400000_seed1.npz,monodisperse,1,0.005,0.6666666666666666,1.0,0.9225096295324747
262000.0,0.9406401052239383,13,0.2355,,0.8414041669098301,0.1464093892977919,2.9656135026650593e-10,monodisperse_a0.005_sr0.667_x1_N4000_L24_T400000_seed1.npz,monodisperse,1,0.005,0.6666666666666666,1.0,0.9225096295324747
264000.0,0.9380890600566709,13,0.2355,,0.8233546413282817,0.15219123505976095,2.5186905690148604e-10,monodisperse_a0.005_sr0.667_x1_N4000_L24_T400000_seed1.npz,monodisperse,1,0.005,0.6666666666666666,1.0,0.9225096295324747
266000.0,0.9408072598983493,13,0.235,,0.8599325528080816,0.14942069516580103,2.775250049569449e-10,monodisperse_a0.005_sr0.667_x1_N4000_L24_T400000_seed1.npz,monodisperse,1,0.005,0.6666666666666666,1.0,0.9225096295324747
268000.0,0.9399950205867501,13,0.2345,,0.9053069553565427,0.14928343949044587,2.98923267943331e-10,monodisperse_a0.005_sr0.667_x1_N4000_L24_T400000_seed1.npz,monodisperse,1,0.005,0.6666666666666666,1.0,0.9225096295324747
270000.0,0.9403753129391481,13,0.235,,0.8983357092940415,0.14581673306772913,3.0511832770694665e-10,monodisperse_a0.005_sr0.667_x1_N4000_L24_T400000_seed1.npz,monodisperse,1,0.005,0.6666666666666666,1.0,0.9225096295324747
272000.0,0.9390549973280219,13,0.235,,0.8965897698213193,0.14915254237288134,2.8538794904318096e-10,monodisperse_a0.005_sr0.667_x1_N4000_L24_T400000_seed1.npz,monodisperse,1,0.005,0.6666666666666666,1.0,0.9225096295324747
274000.0,0.9386690021967857,13,0.2355,,0.8733390831619491,0.14739364889155182,2.148779056690636e-10,monodisperse_a0.005_sr0.667_x1_N4000_L24_T400000_seed1.npz,monodisperse,1,0.005,0.6666666666666666,1.0,0.9225096295324747
276000.0,0.9411212358378657,13,0.2355,,0.8875417297024343,0.145957785742732,2.844970123950183e-10,monodisperse_a0.005_sr0.667_x1_N4000_L24_T400000_seed1.npz,monodisperse,1,0.005,0.6666666666666666,1.0,0.9225096295324747
278000.0,0.9417314298294266,13,0.2355,,0.9053464698946795,0.14675428116288336,3.546928419776675e-10,monodisperse_a0.005_sr0.667_x1_N4000_L24_T400000_seed1.npz,monodisperse,1,0.005,0.6666666666666666,1.0,0.9225096295324747
280000.0,0.939451867354438,13,0.2355,,0.8752595598364643,0.1479490242931103,3.3288320279279225e-10,monodisperse_a0.005_sr0.667_x1_N4000_L24_T400000_seed1.npz,monodisperse,1,0.005,0.6666666666666666,1.0,0.9225096295324747
282000.0,0.938918034980115,13,0.2355,,0.8750779462386397,0.1463511632531318,3.721984560013236e-10,monodisperse_a0.005_sr0.667_x1_N4000_L24_T400000_seed1.npz,monodisperse,1,0.005,0.6666666666666666,1.0,0.9225096295324747
284000.0,0.939846263412391,13,0.2355,,0.8618554255174821,0.13934917149131565,2.7765643832705266e-10,monodisperse_a0.005_sr0.667_x1_N4000_L24_T400000_seed1.npz,monodisperse,1,0.005,0.6666666666666666,1.0,0.9225096295324747
286000.0,0.940228975731809,13,0.2345,,0.8936591533157516,0.1510748407643312,2.8490638276166485e-10,monodisperse_a0.005_sr0.667_x1_N4000_L24_T400000_seed1.npz,monodisperse,1,0.005,0.6666666666666666,1.0,0.9225096295324747
288000.0,0.9432762283110665,13,0.2355,,0.8622996886471991,0.15309381237524955,3.3745626806255365e-10,monodisperse_a0.005_sr0.667_x1_N4000_L24_T400000_seed1.npz,monodisperse,1,0.005,0.6666666666666666,1.0,0.9225096295324747
290000.0,0.9398344382256866,13,0.235,,0.9215234679871505,0.15159362549800792,2.8728946504824835e-10,monodisperse_a0.005_sr0.667_x1_N4000_L24_T400000_seed1.npz,monodisperse,1,0.005,0.6666666666666666,1.0,0.9225096295324747
292000.0,0.9414916658806105,13,0.2355,,0.8612047053726036,0.1479642502482622,3.111196578446122e-10,monodisperse_a0.005_sr0.667_x1_N4000_L24_T400000_seed1.npz,monodisperse,1,0.005,0.6666666666666666,1.0,0.9225096295324747
294000.0,0.938787297446947,13,0.235,,0.8301408880706779,0.1423176306897237,2.3151807771148856e-10,monodisperse_a0.005_sr0.667_x1_N4000_L24_T400000_seed1.npz,monodisperse,1,0.005,0.6666666666666666,1.0,0.9225096295324747
296000.0,0.9401610810265534,13,0.2355,,0.8622747604336453,0.1438777535225243,2.77341019410032e-10,monodisperse_a0.005_sr0.667_x1_N4000_L24_T400000_seed1.npz,monodisperse,1,0.005,0.6666666666666666,1.0,0.9225096295324747
298000.0,0.940681846534074,13,0.2355,,0.9545288106175156,0.13838484546360919,2.790834599984455e-10,monodisperse_a0.005_sr0.667_x1_N4000_L24_T400000_seed1.npz,monodisperse,1,0.005,0.6666666666666666,1.0,0.9225096295324747
300000.0,0.9379093567084943,13,0.2355,0.4724313500818366,0.8583839461972947,0.14169316375198726,2.6540136134801167e-10,monodisperse_a0.005_sr0.667_x1_N4000_L24_T400000_seed1.npz,monodisperse,1,0.005,0.6666666666666666,1.0,0.9225096295324747
302000.0,0.938701024316307,13,0.2355,,0.8546941742500573,0.14371138130356786,3.0455224036182674e-10,monodisperse_a0.005_sr0.667_x1_N4000_L24_T400000_seed1.npz,monodisperse,1,0.005,0.6666666666666666,1.0,0.9225096295324747
304000.0,0.9385474134717888,13,0.2355,,0.8202427520572922,0.15685884691848906,3.077563384347286e-10,monodisperse_a0.005_sr0.667_x1_N4000_L24_T400000_seed1.npz,monodisperse,1,0.005,0.6666666666666666,1.0,0.9225096295324747
306000.0,0.938952444385462,13,0.2355,,0.8585834877167023,0.15538797380432623,3.2478246214312595e-10,monodisperse_a0.005_sr0.667_x1_N4000_L24_T400000_seed1.npz,monodisperse,1,0.005,0.6666666666666666,1.0,0.9225096295324747
308000.0,0.9381073991891299,13,0.2355,,0.83637244335016,0.13881132828081377,2.321431032192262e-10,monodisperse_a0.005_sr0.667_x1_N4000_L24_T400000_seed1.npz,monodisperse,1,0.005,0.6666666666666666,1.0,0.9225096295324747
310000.0,0.9389775932426815,13,0.2355,,0.8534211113490575,0.14654487688641782,3.6024696690696166e-10,monodisperse_a0.005_sr0.667_x1_N4000_L24_T400000_seed1.npz,monodisperse,1,0.005,0.6666666666666666,1.0,0.9225096295324747
312000.0,0.9386686103243936,13,0.2335,,0.9003101848280577,0.15042837218569438,3.644987008063864e-10,monodisperse_a0.005_sr0.667_x1_N4000_L24_T400000_seed1.npz,monodisperse,1,0.005,0.6666666666666666,1.0,0.9225096295324747
314000.0,0.9390080226087555,13,0.2355,,0.8685997883098175,0.15311195068602113,2.740048617961963e-10,monodisperse_a0.005_sr0.667_x1_N4000_L24_T400000_seed1.npz,monodisperse,1,0.005,0.6666666666666666,1.0,0.9225096295324747
316000.0,0.9389898659382528,13,0.235,,0.8955439236687844,0.15389209635675893,3.4610953318147346e-10,monodisperse_a0.005_sr0.667_x1_N4000_L24_T400000_seed1.npz,monodisperse,1,0.005,0.6666666666666666,1.0,0.9225096295324747
318000.0,0.9401250509216166,13,0.235,,0.8868831666511057,0.15491835921943453,3.383075361102796e-10,monodisperse_a0.005_sr0.667_x1_N4000_L24_T400000_seed1.npz,monodisperse,1,0.005,0.6666666666666666,1.0,0.9225096295324747
320000.0,0.9369103084021548,13,0.235,,0.8483038719677974,0.15011914217633038,4.0340009123332434e-10,monodisperse_a0.005_sr0.667_x1_N4000_L24_T400000_seed1.npz,monodisperse,1,0.005,0.6666666666666666,1.0,0.9225096295324747
322000.0,0.9364879368598046,13,0.235,,0.8281137375253047,0.1422885572139303,2.116100409130851e-10,monodisperse_a0.005_sr0.667_x1_N4000_L24_T400000_seed1.npz,monodisperse,1,0.005,0.6666666666666666,1.0,0.9225096295324747
324000.0,0.9387844978354245,13,0.2355,,0.8347239507107549,0.14493620414673047,3.036786229587532e-10,monodisperse_a0.005_sr0.667_x1_N4000_L24_T400000_seed1.npz,monodisperse,1,0.005,0.6666666666666666,1.0,0.9225096295324747
326000.0,0.9401777363874504,13,0.2355,,0.8985065277492454,0.14382740711146624,3.105966095628094e-10,monodisperse_a0.005_sr0.667_x1_N4000_L24_T400000_seed1.npz,monodisperse,1,0.005,0.6666666666666666,1.0,0.9225096295324747
328000.0,0.9396573573158234,13,0.235,,0.8915335168428118,0.14945273631840794,2.5094267629032047e-10,monodisperse_a0.005_sr0.667_x1_N4000_L24_T400000_seed1.npz,monodisperse,1,0.005,0.6666666666666666,1.0,0.9225096295324747
330000.0,0.9393234362472532,13,0.2355,,0.9070625589292901,0.14618601872137027,2.803502269360959e-10,monodisperse_a0.005_sr0.667_x1_N4000_L24_T400000_seed1.npz,monodisperse,1,0.005,0.6666666666666666,1.0,0.9225096295324747
332000.0,0.9419226676041086,12,0.2355,,0.9150443627171431,0.1400917980443025,2.0018292306267404e-10,monodisperse_a0.005_sr0.667_x1_N4000_L24_T400000_seed1.npz,monodisperse,1,0.005,0.6666666666666666,1.0,0.9225096295324747
334000.0,0.938933116106379,12,0.2355,,0.9011751560805786,0.1449880668257757,2.962481023562931e-10,monodisperse_a0.005_sr0.667_x1_N4000_L24_T400000_seed1.npz,monodisperse,1,0.005,0.6666666666666666,1.0,0.9225096295324747
336000.0,0.9387726898658642,12,0.2355,,0.8691456202806934,0.15098468271334797,3.285139856917713e-10,monodisperse_a0.005_sr0.667_x1_N4000_L24_T400000_seed1.npz,monodisperse,1,0.005,0.6666666666666666,1.0,0.9225096295324747
338000.0,0.9388020847082964,12,0.235,,0.8679722644510657,0.1564112743152044,2.6471379697655625e-10,monodisperse_a0.005_sr0.667_x1_N4000_L24_T400000_seed1.npz,monodisperse,1,0.005,0.6666666666666666,1.0,0.9225096295324747
340000.0,0.9367521188678748,12,0.2355,,0.863663192677891,0.14722829326445463,3.8904851016529095e-10,monodisperse_a0.005_sr0.667_x1_N4000_L24_T400000_seed1.npz,monodisperse,1,0.005,0.6666666666666666,1.0,0.9225096295324747
342000.0,0.9390656169456372,12,0.2355,,0.8248652779493413,0.14639952390398725,2.44371059013194e-10,monodisperse_a0.005_sr0.667_x1_N4000_L24_T400000_seed1.npz,monodisperse,1,0.005,0.6666666666666666,1.0,0.9225096295324747
344000.0,0.9383445611588234,12,0.2355,,0.8230013689950622,0.14458548195160648,3.1904863934845505e-10,monodisperse_a0.005_sr0.667_x1_N4000_L24_T400000_seed1.npz,monodisperse,1,0.005,0.6666666666666666,1.0,0.9225096295324747
346000.0,0.9391213652191756,12,0.2355,,0.8358477837347146,0.15236774321379032,2.9621756517347936e-10,monodisperse_a0.005_sr0.667_x1_N4000_L24_T400000_seed1.npz,monodisperse,1,0.005,0.6666666666666666,1.0,0.9225096295324747
348000.0,0.9386481512196517,12,0.235,,0.831731193144771,0.14123505976095618,2.51613895471071e-10,monodisperse_a0.005_sr0.667_x1_N4000_L24_T400000_seed1.npz,monodisperse,1,0.005,0.6666666666666666,1.0,0.9225096295324747
350000.0,0.9380261273589409,13,0.2355,,0.8665378803053511,0.1414963286366343,3.2869569540187936e-10,monodisperse_a0.005_sr0.667_x1_N4000_L24_T400000_seed1.npz,monodisperse,1,0.005,0.6666666666666666,1.0,0.9225096295324747
352000.0,0.9389694876646382,12,0.235,,0.9105085439944398,0.14325341787200319,2.8271625941548685e-10,monodisperse_a0.005_sr0.667_x1_N4000_L24_T400000_seed1.npz,monodisperse,1,0.005,0.6666666666666666,1.0,0.9225096295324747
354000.0,0.9380039656675168,12,0.235,,0.9114811901053652,0.1458870168483647,3.0333690247648265e-10,monodisperse_a0.005_sr0.667_x1_N4000_L24_T400000_seed1.npz,monodisperse,1,0.005,0.6666666666666666,1.0,0.9225096295324747
356000.0,0.9395325759593312,12,0.2355,,0.8563637363006632,0.14611419508326728,3.5821657637443775e-10,monodisperse_a0.005_sr0.667_x1_N4000_L24_T400000_seed1.npz,monodisperse,1,0.005,0.6666666666666666,1.0,0.9225096295324747
358000.0,0.9392859183395318,12,0.235,,0.8581640388221914,0.1411834789515488,2.4813367133807875e-10,monodisperse_a0.005_sr0.667_x1_N4000_L24_T400000_seed1.npz,monodisperse,1,0.005,0.6666666666666666,1.0,0.9225096295324747
360000.0,0.9387785715844772,12,0.235,,0.8460203354795711,0.1408114558472554,2.8612164096691557e-10,monodisperse_a0.005_sr0.667_x1_N4000_L24_T400000_seed1.npz,monodisperse,1,0.005,0.6666666666666666,1.0,0.9225096295324747
362000.0,0.9380242810395356,12,0.2355,,0.8607491548779804,0.1463124504361618,2.5656374571235024e-10,monodisperse_a0.005_sr0.667_x1_N4000_L24_T400000_seed1.npz,monodisperse,1,0.005,0.6666666666666666,1.0,0.9225096295324747
364000.0,0.9383666911964942,12,0.2355,,0.8645436112085089,0.1439873417721519,3.046852138605492e-10,monodisperse_a0.005_sr0.667_x1_N4000_L24_T400000_seed1.npz,monodisperse,1,0.005,0.6666666666666666,1.0,0.9225096295324747
366000.0,0.9374254914515603,12,0.2355,,0.8805300263745335,0.1455946266297906,1.9271994284352683e-10,monodisperse_a0.005_sr0.667_x1_N4000_L24_T400000_seed1.npz,monodisperse,1,0.005,0.6666666666666666,1.0,0.9225096295324747
368000.0,0.938500540425835,12,0.2355,,0.8833186269720834,0.14732673267326735,3.127766826251173e-10,monodisperse_a0.005_sr0.667_x1_N4000_L24_T400000_seed1.npz,monodisperse,1,0.005,0.6666666666666666,1.0,0.9225096295324747
370000.0,0.9375132720478782,12,0.2355,,0.8375556869589597,0.14831683168316834,3.1473045382740714e-10,monodisperse_a0.005_sr0.667_x1_N4000_L24_T400000_seed1.npz,monodisperse,1,0.005,0.6666666666666666,1.0,0.9225096295324747
372000.0,0.9380809654279785,12,0.235,,0.8485290971385179,0.15002976781107358,2.705187874148347e-10,monodisperse_a0.005_sr0.667_x1_N4000_L24_T400000_seed1.npz,monodisperse,1,0.005,0.6666666666666666,1.0,0.9225096295324747
374000.0,0.9392638030095909,12,0.2355,,0.9164132824448784,0.15113050376834591,2.9471157759302107e-10,monodisperse_a0.005_sr0.667_x1_N4000_L24_T400000_seed1.npz,monodisperse,1,0.005,0.6666666666666666,1.0,0.9225096295324747
376000.0,0.9362960049366019,12,0.2355,,0.8448101015705528,0.13871799960309583,3.025571224970689e-10,monodisperse_a0.005_sr0.667_x1_N4000_L24_T400000_seed1.npz,monodisperse,1,0.005,0.6666666666666666,1.0,0.9225096295324747
378000.0,0.9379037513115283,12,0.2345,,0.8670724806615572,0.1481408227848101,2.844973168183426e-10,monodisperse_a0.005_sr0.667_x1_N4000_L24_T400000_seed1.npz,monodisperse,1,0.005,0.6666666666666666,1.0,0.9225096295324747
380000.0,0.9375916644834363,12,0.2355,,0.8888327754065152,0.14613861386138616,2.5449357543018755e-10,monodisperse_a0.005_sr0.667_x1_N4000_L24_T400000_seed1.npz,monodisperse,1,0.005,0.6666666666666666,1.0,0.9225096295324747
382000.0,0.9366391197661873,12,0.2355,,0.8359345463137388,0.13423351866560762,2.6613292033701615e-10,monodisperse_a0.005_sr0.667_x1_N4000_L24_T400000_seed1.npz,monodisperse,1,0.005,0.6666666666666666,1.0,0.9225096295324747
384000.0,0.9366495760159993,12,0.2355,,0.8479131419838459,0.1383760174707167,3.1403307739029497e-10,monodisperse_a0.005_sr0.667_x1_N4000_L24_T400000_seed1.npz,monodisperse,1,0.005,0.6666666666666666,1.0,0.9225096295324747
386000.0,0.9393113527404742,12,0.2355,,0.8874223688783291,0.15629952456418383,2.7390321666478826e-10,monodisperse_a0.005_sr0.667_x1_N4000_L24_T400000_seed1.npz,monodisperse,1,0.005,0.6666666666666666,1.0,0.9225096295324747
388000.0,0.9362773727041893,12,0.2355,,0.8624164052443708,0.1556304520222046,3.202290132455823e-10,monodisperse_a0.005_sr0.667_x1_N4000_L24_T400000_seed1.npz,monodisperse,1,0.005,0.6666666666666666,1.0,0.9225096295324747
390000.0,0.9394025652488289,12,0.2355,,0.8641738279057559,0.15179101523847216,3.0282037409829983e-10,monodisperse_a0.005_sr0.667_x1_N4000_L24_T400000_seed1.npz,monodisperse,1,0.005,0.6666666666666666,1.0,0.9225096295324747
392000.0,0.9377479028920241,12,0.2355,,0.8704508248579473,0.14472381706592752,3.219367013324139e-10,monodisperse_a0.005_sr0.667_x1_N4000_L24_T400000_seed1.npz,monodisperse,1,0.005,0.6666666666666666,1.0,0.9225096295324747
394000.0,0.9384404670864568,12,0.2355,,0.8550161277469567,0.140302066772655,3.1965324688060914e-10,monodisperse_a0.005_sr0.667_x1_N4000_L24_T400000_seed1.npz,monodisperse,1,0.005,0.6666666666666666,1.0,0.9225096295324747
396000.0,0.93751334044581,12,0.235,,0.8854106038781733,0.14956418383518222,3.3536138614754723e-10,monodisperse_a0.005_sr0.667_x1_N4000_L24_T400000_seed1.npz,monodisperse,1,0.005,0.6666666666666666,1.0,0.9225096295324747
398000.0,0.9374164379362008,12,0.2355,,0.873655763528898,0.14667988107036667,3.0576049254760937e-10,monodisperse_a0.005_sr0.667_x1_N4000_L24_T400000_seed1.npz,monodisperse,1,0.005,0.6666666666666666,1.0,0.9225096295324747
400000.0,0.9376275969902196,12,0.235,0.47293235024844593,0.8523438835724623,0.15334388603086668,3.0212879244227325e-10,monodisperse_a0.005_sr0.667_x1_N4000_L24_T400000_seed1.npz,monodisperse,1,0.005,0.6666666666666666,1.0,0.9225096295324747
0.0,0.994727846227223,413,0.01,0.9080520247304525,,,,monodisperse_a0.005_sr0.667_x1_N4000_L24_T400000_seed2.npz,monodisperse,2,0.005,0.6666666666666666,1.0,0.7480092051438034
2000.0,0.9759864740406685,75,0.121,,0.17261489308375477,0.7356168049237356,7.383495620846078e-09,monodisperse_a0.005_sr0.667_x1_N4000_L24_T400000_seed2.npz,monodisperse,2,0.005,0.6666666666666666,1.0,0.7480092051438034
4000.0,0.9733795715128067,56,0.1175,,0.7865506665243909,0.38555347091932457,3.864687412482369e-09,monodisperse_a0.005_sr0.667_x1_N4000_L24_T400000_seed2.npz,monodisperse,2,0.005,0.6666666666666666,1.0,0.7480092051438034
6000.0,0.9688857510370489,41,0.173,,0.8393279498551199,0.30575130711525345,2.4625454053320287e-09,monodisperse_a0.005_sr0.667_x1_N4000_L24_T400000_seed2.npz,monodisperse,2,0.005,0.6666666666666666,1.0,0.7480092051438034
8000.0,0.9659452350657687,37,0.152,,0.8553079319981517,0.2759081791843102,1.620818381375174e-09,monodisperse_a0.005_sr0.667_x1_N4000_L24_T400000_seed2.npz,monodisperse,2,0.005,0.6666666666666666,1.0,0.7480092051438034
10000.0,0.9648121386522018,38,0.184,,0.88319517178648,0.24376792411206705,1.3519497508595056e-09,monodisperse_a0.005_sr0.667_x1_N4000_L24_T400000_seed2.npz,monodisperse,2,0.005,0.6666666666666666,1.0,0.7480092051438034
12000.0,0.9606667620158832,29,0.1905,,0.918348630867021,0.2297090352220521,1.2671519670989723e-09,monodisperse_a0.005_sr0.667_x1_N4000_L24_T400000_seed2.npz,monodisperse,2,0.005,0.6666666666666666,1.0,0.7480092051438034
14000.0,0.9607432915140803,30,0.19,,0.8634101528240344,0.22607189259419658,1.0748632592027292e-09,monodisperse_a0.005_sr0.667_x1_N4000_L24_T400000_seed2.npz,monodisperse,2,0.005,0.6666666666666666,1.0,0.7480092051438034
16000.0,0.9589287265512033,30,0.1545,,0.8545369560548735,0.2093324692158134,1.1401815509712248e-09,monodisperse_a0.005_sr0.667_x1_N4000_L24_T400000_seed2.npz,monodisperse,2,0.005,0.6666666666666666,1.0,0.7480092051438034
18000.0,0.959450608704436,29,0.19,,0.890159818929436,0.2098685628097393,1.020042570044231e-09,monodisperse_a0.005_sr0.667_x1_N4000_L24_T400000_seed2.npz,monodisperse,2,0.005,0.6666666666666666,1.0,0.7480092051438034
20000.0,0.957835138943938,28,0.1905,,0.856395633988957,0.21247311827956994,1.0080643374382546e-09,monodisperse_a0.005_sr0.667_x1_N4000_L24_T400000_seed2.npz,monodisperse,2,0.005,0.6666666666666666,1.0,0.7480092051438034
22000.0,0.9560931867258909,27,0.1895,,0.8698761964353798,0.20149572649572645,7.67084383191848e-10,monodisperse_a0.005_sr0.667_x1_N4000_L24_T400000_seed2.npz,monodisperse,2,0.005,0.6666666666666666,1.0,0.7480092051438034
24000.0,0.9549064236610331,24,0.1905,,0.8641009600286957,0.19460378160186953,9.329173991379751e-10,monodisperse_a0.005_sr0.667_x1_N4000_L24_T400000_seed2.npz,monodisperse,2,0.005,0.6666666666666666,1.0,0.7480092051438034
26000.0,0.9547449965397924,24,0.19,,0.8723600988612663,0.19614079728583544,7.892471161325135e-10,monodisperse_a0.005_sr0.667_x1_N4000_L24_T400000_seed2.npz,monodisperse,2,0.005,0.6666666666666666,1.0,0.7480092051438034
28000.0,0.9537242003122952,24,0.19,,0.8311919481132172,0.19649271075427843,8.261208947805175e-10,monodisperse_a0.005_sr0.667_x1_N4000_L24_T400000_seed2.npz,monodisperse,2,0.005,0.6666666666666666,1.0,0.7480092051438034
30000.0,0.955438337408329,24,0.15,,0.8936809954948118,0.1935959553402149,7.82179423543746e-10,monodisperse_a0.005_sr0.667_x1_N4000_L24_T400000_seed2.npz,monodisperse,2,0.005,0.6666666666666666,1.0,0.7480092051438034
32000.0,0.9535490231728392,23,0.19,,0.8810839846029462,0.19392917369308604,9.225071943197129e-10,monodisperse_a0.005_sr0.667_x1_N4000_L24_T400000_seed2.npz,monodisperse,2,0.005,0.6666666666666666,1.0,0.7480092051438034
34000.0,0.9516895147071108,23,0.1905,,0.8255121255653195,0.19878762541806017,8.560593218801404e-10,monodisperse_a0.005_sr0.667_x1_N4000_L24_T400000_seed2.npz,monodisperse,2,0.005,0.6666666666666666,1.0,0.7480092051438034
36000.0,0.9514482312819599,23,0.1895,,0.8366288207448532,0.17569820758649435,6.191867653003226e-10,monodisperse_a0.005_sr0.667_x1_N4000_L24_T400000_seed2.npz,monodisperse,2,0.005,0.6666666666666666,1.0,0.7480092051438034
38000.0,0.9510149386937593,23,0.1905,,0.9020096122145185,0.17171926910299007,6.068787974079712e-10,monodisperse_a0.005_sr0.667_x1_N4000_L24_T400000_seed2.npz,monodisperse,2,0.005,0.6666666666666666,1.0,0.7480092051438034
40000.0,0.9510860898786098,23,0.1905,,0.8856423568674535,0.1735416666666667,7.791915480232725e-10,monodisperse_a0.005_sr0.667_x1_N4000_L24_T400000_seed2.npz,monodisperse,2,0.005,0.6666666666666666,1.0,0.7480092051438034
42000.0,0.9501199948126378,23,0.19,,0.8408607319323694,0.16933638443935928,5.663250455491595e-10,monodisperse_a0.005_sr0.667_x1_N4000_L24_T400000_seed2.npz,monodisperse,2,0.005,0.6666666666666666,1.0,0.7480092051438034
44000.0,0.9510583858717206,23,0.1905,,0.854837000910202,0.16763727121464223,5.877143315352179e-10,monodisperse_a0.005_sr0.667_x1_N4000_L24_T400000_seed2.npz,monodisperse,2,0.005,0.6666666666666666,1.0,0.7480092051438034
46000.0,0.9512195134555215,23,0.1905,,0.9015164524847933,0.17262895174708814,5.05577166381196e-10,monodisperse_a0.005_sr0.667_x1_N4000_L24_T400000_seed2.npz,monodisperse,2,0.005,0.6666666666666666,1.0,0.7480092051438034
48000.0,0.9489761200314087,23,0.19,,0.8276013982501814,0.1684363939204664,4.870830806755033e-10,monodisperse_a0.005_sr0.667_x1_N4000_L24_T400000_seed2.npz,monodisperse,2,0.005,0.6666666666666666,1.0,0.7480092051438034
50000.0,0.9489588050965084,22,0.19,,0.8412840700228704,0.1565762004175365,6.577292451130456e-10,monodisperse_a0.005_sr0.667_x1_N4000_L24_T400000_seed2.npz,monodisperse,2,0.005,0.6666666666666666,1.0,0.7480092051438034
52000.0,0.9510283012263365,22,0.1905,,0.854104091569093,0.16511097282721432,7.277640549853372e-10,monodisperse_a0.005_sr0.667_x1_N4000_L24_T400000_seed2.npz,monodisperse,2,0.005,0.6666666666666666,1.0,0.7480092051438034
54000.0,0.9489757145259339,21,0.1905,,0.8780969024516476,0.16818558409279205,6.792366539915849e-10,monodisperse_a0.005_sr0.667_x1_N4000_L24_T400000_seed2.npz,monodisperse,2,0.005,0.6666666666666666,1.0,0.7480092051438034
56000.0,0.9474287311992345,21,0.1895,,0.8182208035277607,0.1691161250258746,5.228463649080451e-10,monodisperse_a0.005_sr0.667_x1_N4000_L24_T400000_seed2.npz,monodisperse,2,0.005,0.6666666666666666,1.0,0.7480092051438034
58000.0,0.9496798386659966,21,0.1905,,0.7960044579987492,0.16697664806778256,5.26240514275529e-10,monodisperse_a0.005_sr0.667_x1_N4000_L24_T400000_seed2.npz,monodisperse,2,0.005,0.6666666666666666,1.0,0.7480092051438034
60000.0,0.9495153017295056,20,0.2215,,0.8295952709889896,0.16859027205276178,5.149427159932251e-10,monodisperse_a0.005_sr0.667_x1_N4000_L24_T400000_seed2.npz,monodisperse,2,0.005,0.6666666666666666,1.0,0.7480092051438034
62000.0,0.9496913725799487,20,0.222,,0.879179773330539,0.17250618301731246,7.578995438002106e-10,monodisperse_a0.005_sr0.667_x1_N4000_L24_T400000_seed2.npz,monodisperse,2,0.005,0.6666666666666666,1.0,0.7480092051438034
64000.0,0.9480971581383104,20,0.222,,0.8832040810752654,0.16869207003089604,5.643553559506627e-10,monodisperse_a0.005_sr0.667_x1_N4000_L24_T400000_seed2.npz,monodisperse,2,0.005,0.6666666666666666,1.0,0.7480092051438034
66000.0,0.946744133518161,21,0.222,,0.8523794460648167,0.16878850102669407,7.102704424007366e-10,monodisperse_a0.005_sr0.667_x1_N4000_L24_T400000_seed2.npz,monodisperse,2,0.005,0.6666666666666666,1.0,0.7480092051438034
68000.0,0.9455978775959085,17,0.222,,0.801865467875419,0.16697398074165126,7.902767625079785e-10,monodisperse_a0.005_sr0.667_x1_N4000_L24_T400000_seed2.npz,monodisperse,2,0.005,0.6666666666666666,1.0,0.7480092051438034
70000.0,0.9447128781903295,18,0.222,,0.8523735638675101,0.16393106278210912,4.5327432970763077e-10,monodisperse_a0.005_sr0.667_x1_N4000_L24_T400000_seed2.npz,monodisperse,2,0.005,0.6666666666666666,1.0,0.7480092051438034
72000.0,0.9438610585990123,17,0.222,,0.8253405338955817,0.16611977030352754,5.430821460879781e-10,monodisperse_a0.005_sr0.667_x1_N4000_L24_T400000_seed2.npz,monodisperse,2,0.005,0.6666666666666666,1.0,0.7480092051438034
74000.0,0.9446978765432099,17,0.222,,0.8382627797601028,0.16045081967213115,6.321501816262705e-10,monodisperse_a0.005_sr0.667_x1_N4000_L24_T400000_seed2.npz,monodisperse,2,0.005,0.6666666666666666,1.0,0.7480092051438034
76000.0,0.9456512098765433,17,0.222,,0.8739379928142373,0.16326530612244894,4.568909690933932e-10,monodisperse_a0.005_sr0.667_x1_N4000_L24_T400000_seed2.npz,monodisperse,2,0.005,0.6666666666666666,1.0,0.7480092051438034
78000.0,0.9446314481537549,18,0.2215,,0.8697784175879693,0.16962283384301735,5.507894233049321e-10,monodisperse_a0.005_sr0.667_x1_N4000_L24_T400000_seed2.npz,monodisperse,2,0.005,0.6666666666666666,1.0,0.7480092051438034
80000.0,0.9418806729922157,17,0.222,,0.777824859403838,0.16864026133115562,3.759685003356811e-10,monodisperse_a0.005_sr0.667_x1_N4000_L24_T400000_seed2.npz,monodisperse,2,0.005,0.6666666666666666,1.0,0.7480092051438034
82000.0,0.9437600901652409,17,0.2215,,0.7734342072506568,0.1683995922528032,4.456387960969388e-10,monodisperse_a0.005_sr0.667_x1_N4000_L24_T400000_seed2.npz,monodisperse,2,0.005,0.6666666666666666,1.0,0.7480092051438034
84000.0,0.9432372749159964,17,0.222,,0.8029526064337017,0.15997541990987296,4.038800415449883e-10,monodisperse_a0.005_sr0.667_x1_N4000_L24_T400000_seed2.npz,monodisperse,2,0.005,0.6666666666666666,1.0,0.7480092051438034
86000.0,0.9424207546978058,17,0.222,,0.8203165324007632,0.15945283789301756,4.710743187727468e-10,monodisperse_a0.005_sr0.667_x1_N4000_L24_T400000_seed2.npz,monodisperse,2,0.005,0.6666666666666666,1.0,0.7480092051438034
88000.0,0.9441851557215797,17,0.221,,0.823318044772562,0.16187563710499486,3.295182893123567e-10,monodisperse_a0.005_sr0.667_x1_N4000_L24_T400000_seed2.npz,monodisperse,2,0.005,0.6666666666666666,1.0,0.7480092051438034
90000.0,0.942622841581678,17,0.222,,0.8576358971170922,0.1614678899082569,5.35679556847884e-10,monodisperse_a0.005_sr0.667_x1_N4000_L24_T400000_seed2.npz,monodisperse,2,0.005,0.6666666666666666,1.0,0.7480092051438034
92000.0,0.9435958619064387,17,0.222,,0.8390273671474783,0.14914425427872857,4.640527026300804e-10,monodisperse_a0.005_sr0.667_x1_N4000_L24_T400000_seed2.npz,monodisperse,2,0.005,0.6666666666666666,1.0,0.7480092051438034
94000.0,0.9426671556044494,17,0.2215,,0.7767360926574491,0.1501727291200975,5.452987159003549e-10,monodisperse_a0.005_sr0.667_x1_N4000_L24_T400000_seed2.npz,monodisperse,2,0.005,0.6666666666666666,1.0,0.7480092051438034
96000.0,0.9436565661279143,17,0.222,,0.8060783218809995,0.15152749490835027,4.1456999401029093e-10,monodisperse_a0.005_sr0.667_x1_N4000_L24_T400000_seed2.npz,monodisperse,2,0.005,0.6666666666666666,1.0,0.7480092051438034
98000.0,0.9425601503338888,17,0.2205,,0.7771797774964556,0.16747967479674797,3.9378026331008924e-10,monodisperse_a0.005_sr0.667_x1_N4000_L24_T400000_seed2.npz,monodisperse,2,0.005,0.6666666666666666,1.0,0.7480092051438034
100000.0,0.9420974713543269,17,0.222,0.4846279529684952,0.8200043875213306,0.17676870058787753,4.930672778965318e-10,monodisperse_a0.005_sr0.667_x1_N4000_L24_T400000_seed2.npz,monodisperse,2,0.005,0.6666666666666666,1.0,0.7480092051438034
102000.0,0.9407388160184561,17,0.2215,,0.8098600680200506,0.16119828815977177,5.599193013983365e-10,monodisperse_a0.005_sr0.667_x1_N4000_L24_T400000_seed2.npz,monodisperse,2,0.005,0.6666666666666666,1.0,0.7480092051438034
104000.0,0.9432107253518816,17,0.2215,,0.8272948750802104,0.157401751170841,3.800880491299942e-10,monodisperse_a0.005_sr0.667_x1_N4000_L24_T400000_seed2.npz,monodisperse,2,0.005,0.6666666666666666,1.0,0.7480092051438034
106000.0,0.9425875237196666,16,0.222,,0.7999135833262206,0.14913530010172937,4.6486805623815236e-10,monodisperse_a0.005_sr0.667_x1_N4000_L24_T400000_seed2.npz,monodisperse,2,0.005,0.6666666666666666,1.0,0.7480092051438034
108000.0,0.9425632775377761,16,0.222,,0.8735503662442553,0.15498679666869797,3.405068392396311e-10,monodisperse_a0.005_sr0.667_x1_N4000_L24_T400000_seed2.npz,monodisperse,2,0.005,0.6666666666666666,1.0,0.7480092051438034
110000.0,0.9405590723679281,16,0.221,,0.7830565767116582,0.1570264765784114,4.975918048508187e-10,monodisperse_a0.005_sr0.667_x1_N4000_L24_T400000_seed2.npz,monodisperse,2,0.005,0.6666666666666666,1.0,0.7480092051438034
112000.0,0.9428557598451142,15,0.222,,0.7595043484142854,0.1596196641715557,4.4357909826986583e-10,monodisperse_a0.005_sr0.667_x1_N4000_L24_T400000_seed2.npz,monodisperse,2,0.005,0.6666666666666666,1.0,0.7480092051438034
114000.0,0.9428935836750981,15,0.2215,,0.8175502988738037,0.15340909090909094,4.51407794815663e-10,monodisperse_a0.005_sr0.667_x1_N4000_L24_T400000_seed2.npz,monodisperse,2,0.005,0.6666666666666666,1.0,0.7480092051438034
116000.0,0.9412334566123836,15,0.2215,,0.8466868784180246,0.1545195439739414,3.7164366882874667e-10,monodisperse_a0.005_sr0.667_x1_N4000_L24_T400000_seed2.npz,monodisperse,2,0.005,0.6666666666666666,1.0,0.7480092051438034
118000.0,0.9403727074561796,15,0.222,,0.852688716101719,0.15793731041456016,4.3894159459499485e-10,monodisperse_a0.005_sr0.667_x1_N4000_L24_T400000_seed2.npz,monodisperse,2,0.005,0.6666666666666666,1.0,0.7480092051438034
120000.0,0.941367122334773,15,0.222,,0.8302968411389503,0.15306742255517314,3.201372242113531e-10,monodisperse_a0.005_sr0.667_x1_N4000_L24_T400000_seed2.npz,monodisperse,2,0.005,0.6666666666666666,1.0,0.7480092051438034
122000.0,0.9425761436790907,15,0.2215,,0.8174721276996111,0.15829959514170044,3.451721105669247e-10,monodisperse_a0.005_sr0.667_x1_N4000_L24_T400000_seed2.npz,monodisperse,2,0.005,0.6666666666666666,1.0,0.7480092051438034
124000.0,0.9413764044176172,15,0.222,,0.7966948898306639,0.15499797652772151,3.265004736604849e-10,monodisperse_a0.005_sr0.667_x1_N4000_L24_T400000_seed2.npz,monodisperse,2,0.005,0.6666666666666666,1.0,0.7480092051438034
126000.0,0.9410015983146499,15,0.222,,0.8288395969724472,0.15004055150040552,3.712569955422064e-10,monodisperse_a0.005_sr0.667_x1_N4000_L24_T400000_seed2.npz,monodisperse,2,0.005,0.6666666666666666,1.0,0.7480092051438034
128000.0,0.940419600261619,16,0.2215,,0.824598255343138,0.1544534412955466,3.4940012168273664e-10,monodisperse_a0.005_sr0.667_x1_N4000_L24_T400000_seed2.npz,monodisperse,2,0.005,0.6666666666666666,1.0,0.7480092051438034
130000.0,0.9416120143808163,15,0.222,,0.8445578283416083,0.1583097452486858,3.850598661739949e-10,monodisperse_a0.005_sr0.667_x1_N4000_L24_T400000_seed2.npz,monodisperse,2,0.005,0.6666666666666666,1.0,0.7480092051438034
132000.0,0.9400309077309296,15,0.222,,0.767545605760439,0.1533319829856188,4.451871851600344e-10,monodisperse_a0.005_sr0.667_x1_N4000_L24_T400000_seed2.npz,monodisperse,2,0.005,0.6666666666666666,1.0,0.7480092051438034
134000.0,0.9400957214555328,15,0.222,,0.815946074797678,0.15144766146993316,4.3596439339683934e-10,monodisperse_a0.005_sr0.667_x1_N4000_L24_T400000_seed2.npz,monodisperse,2,0.005,0.6666666666666666,1.0,0.7480092051438034
136000.0,0.9406862098922668,15,0.222,,0.7049985216033231,0.15557353833704224,3.388001742895792e-10,monodisperse_a0.005_sr0.667_x1_N4000_L24_T400000_seed2.npz,monodisperse,2,0.005,0.6666666666666666,1.0,0.7480092051438034
138000.0,0.9441215901982489,15,0.222,,0.8086809805513946,0.16015387730309782,3.984026336754504e-10,monodisperse_a0.005_sr0.667_x1_N4000_L24_T400000_seed2.npz,monodisperse,2,0.005,0.6666666666666666,1.0,0.7480092051438034
140000.0,0.9411720605494266,15,0.222,,0.8291395736413674,0.15219591175875324,3.2593172693035e-10,monodisperse_a0.005_sr0.667_x1_N4000_L24_T400000_seed2.npz,monodisperse,2,0.005,0.6666666666666666,1.0,0.7480092051438034
142000.0,0.9411283696503359,15,0.222,,0.8305024681112188,0.1549808042028693,5.102152596708191e-10,monodisperse_a0.005_sr0.667_x1_N4000_L24_T400000_seed2.npz,monodisperse,2,0.005,0.6666666666666666,1.0,0.7480092051438034
144000.0,0.9403577224546691,15,0.222,,0.7898769839068962,0.16248482395791175,4.969457144501352e-10,monodisperse_a0.005_sr0.667_x1_N4000_L24_T400000_seed2.npz,monodisperse,2,0.005,0.6666666666666666,1.0,0.7480092051438034
146000.0,0.9408686326562019,15,0.221,,0.8126006913229293,0.15851192883137888,3.849081866361694e-10,monodisperse_a0.005_sr0.667_x1_N4000_L24_T400000_seed2.npz,monodisperse,2,0.005,0.6666666666666666,1.0,0.7480092051438034
148000.0,0.9409582275315481,15,0.2205,,0.8914326682788424,0.15085158150851585,4.0369583944149674e-10,monodisperse_a0.005_sr0.667_x1_N4000_L24_T400000_seed2.npz,monodisperse,2,0.005,0.6666666666666666,1.0,0.7480092051438034
150000.0,0.9393458825091185,15,0.2215,,0.8249281214201996,0.15696969696969698,4.083757528343879e-10,monodisperse_a0.005_sr0.667_x1_N4000_L24_T400000_seed2.npz,monodisperse,2,0.005,0.6666666666666666,1.0,0.7480092051438034
152000.0,0.943163310864939,14,0.2875,,0.8110126798236938,0.16798218984011337,3.25155225698324e-10,monodisperse_a0.005_sr0.667_x1_N4000_L24_T400000_seed2.npz,monodisperse,2,0.005,0.6666666666666666,1.0,0.7480092051438034
154000.0,0.9409499142032616,14,0.2875,,0.8384327655376838,0.16406091370558373,4.743105256688125e-10,monodisperse_a0.005_sr0.667_x1_N4000_L24_T400000_seed2.npz,monodisperse,2,0.005,0.6666666666666666,1.0,0.7480092051438034
156000.0,0.9399188703980478,13,0.288,,0.8007822336942374,0.16428139488006455,4.4464599087642043e-10,monodisperse_a0.005_sr0.667_x1_N4000_L24_T400000_seed2.npz,monodisperse,2,0.005,0.6666666666666666,1.0,0.7480092051438034
158000.0,0.9388226461397837,13,0.2875,,0.8229205321560669,0.15471394037066877,3.6594280639428893e-10,monodisperse_a0.005_sr0.667_x1_N4000_L24_T400000_seed2.npz,monodisperse,2,0.005,0.6666666666666666,1.0,0.7480092051438034
160000.0,0.9397046672041566,13,0.2875,,0.8208658206942729,0.15122835279903346,4.299080592611964e-10,monodisperse_a0.005_sr0.667_x1_N4000_L24_T400000_seed2.npz,monodisperse,2,0.005,0.6666666666666666,1.0,0.7480092051438034
162000.0,0.9404724879896265,13,0.287,,0.7951961387179772,0.15705322809147948,3.628527388041625e-10,monodisperse_a0.005_sr0.667_x1_N4000_L24_T400000_seed2.npz,monodisperse,2,0.005,0.6666666666666666,1.0,0.7480092051438034
164000.0,0.9387178439620018,13,0.288,,0.80345504008045,0.16754244139046082,3.6247300107867776e-10,monodisperse_a0.005_sr0.667_x1_N4000_L24_T400000_seed2.npz,monodisperse,2,0.005,0.6666666666666666,1.0,0.7480092051438034
166000.0,0.9385809749599388,13,0.288,,0.7908192613992849,0.16229838709677424,4.115005006509854e-10,monodisperse_a0.005_sr0.667_x1_N4000_L24_T400000_seed2.npz,monodisperse,2,0.005,0.6666666666666666,1.0,0.7480092051438034
168000.0,0.9377020412328203,13,0.288,,0.8202152214525381,0.14865683700262577,4.1518325149714806e-10,monodisperse_a0.005_sr0.667_x1_N4000_L24_T400000_seed2.npz,monodisperse,2,0.005,0.6666666666666666,1.0,0.7480092051438034
170000.0,0.9394090879787208,14,0.288,,0.7882383564025685,0.15956591639871387,4.159409702501462e-10,monodisperse_a0.005_sr0.667_x1_N4000_L24_T400000_seed2.npz,monodisperse,2,0.005,0.6666666666666666,1.0,0.7480092051438034
172000.0,0.9371293618532844,13,0.287,,0.7627028856744964,0.15251159975791806,5.220986826985621e-10,monodisperse_a0.005_sr0.667_x1_N4000_L24_T400000_seed2.npz,monodisperse,2,0.005,0.6666666666666666,1.0,0.7480092051438034
174000.0,0.9384284674883633,12,0.287,,0.7529743293489767,0.16005637205556678,4.53849598936843e-10,monodisperse_a0.005_sr0.667_x1_N4000_L24_T400000_seed2.npz,monodisperse,2,0.005,0.6666666666666666,1.0,0.7480092051438034
176000.0,0.9362630384622719,13,0.288,,0.7466277832923005,0.15998388071730807,4.454986719602955e-10,monodisperse_a0.005_sr0.667_x1_N4000_L24_T400000_seed2.npz,monodisperse,2,0.005,0.6666666666666666,1.0,0.7480092051438034
178000.0,0.9394457212298066,12,0.288,,0.746818178239714,0.16020100502512558,4.385131490546608e-10,monodisperse_a0.005_sr0.667_x1_N4000_L24_T400000_seed2.npz,monodisperse,2,0.005,0.6666666666666666,1.0,0.7480092051438034
180000.0,0.9371491224434944,11,0.287,,0.7701331779797082,0.16235718580877934,3.28889836357947e-10,monodisperse_a0.005_sr0.667_x1_N4000_L24_T400000_seed2.npz,monodisperse,2,0.005,0.6666666666666666,1.0,0.7480092051438034
182000.0,0.9371462660078214,11,0.2875,,0.8119583187284319,0.1527972729095649,4.79979317002732e-10,monodisperse_a0.005_sr0.667_x1_N4000_L24_T400000_seed2.npz,monodisperse,2,0.005,0.6666666666666666,1.0,0.7480092051438034
184000.0,0.9368829867674858,11,0.287,,0.7824650762150516,0.14696421391234415,2.9062841931471643e-10,monodisperse_a0.005_sr0.667_x1_N4000_L24_T400000_seed2.npz,monodisperse,2,0.005,0.6666666666666666,1.0,0.7480092051438034
186000.0,0.9355157284718463,11,0.2875,,0.7609831131275765,0.14986924160128745,3.330998421542069e-10,monodisperse_a0.005_sr0.667_x1_N4000_L24_T400000_seed2.npz,monodisperse,2,0.005,0.6666666666666666,1.0,0.7480092051438034
188000.0,0.9352206743130785,11,0.288,,0.7523429725504082,0.15849509705823495,3.878446282393352e-10,monodisperse_a0.005_sr0.667_x1_N4000_L24_T400000_seed2.npz,monodisperse,2,0.005,0.6666666666666666,1.0,0.7480092051438034
190000.0,0.9393951195360016,11,0.288,,0.7221208987305711,0.15857085507828184,3.1658327914161254e-10,monodisperse_a0.005_sr0.667_x1_N4000_L24_T400000_seed2.npz,monodisperse,2,0.005,0.6666666666666666,1.0,0.7480092051438034
192000.0,0.9383770570736637,12,0.288,,0.7651543870528861,0.16248242618999797,3.1378328987714807e-10,monodisperse_a0.005_sr0.667_x1_N4000_L24_T400000_seed2.npz,monodisperse,2,0.005,0.6666666666666666,1.0,0.7480092051438034
194000.0,0.9380170522506828,11,0.288,,0.778004761615132,0.1606820461384152,2.969294207046259e-10,monodisperse_a0.005_sr0.667_x1_N4000_L24_T400000_seed2.npz,monodisperse,2,0.005,0.6666666666666666,1.0,0.7480092051438034
196000.0,0.9390152647841998,11,0.288,,0.7327276020624262,0.1549748743718593,2.968011303881476e-10,monodisperse_a0.005_sr0.667_x1_N4000_L24_T400000_seed2.npz,monodisperse,2,0.005,0.6666666666666666,1.0,0.7480092051438034
198000.0,0.9384660442244157,11,0.2875,,0.7803846534339167,0.15651302605210415,2.597942250237677e-10,monodisperse_a0.005_sr0.667_x1_N4000_L24_T400000_seed2.npz,monodisperse,2,0.005,0.6666666666666666,1.0,0.7480092051438034
200000.0,0.9392395319272278,11,0.288,0.47922147533708387,0.7983673619044087,0.15056134723336,2.9252151841243473e-10,monodisperse_a0.005_sr0.667_x1_N4000_L24_T400000_seed2.npz,monodisperse,2,0.005,0.6666666666666666,1.0,0.7480092051438034
202000.0,0.9360826903856826,11,0.2875,,0.8091698869194635,0.1456661316211878,3.883857983110499e-10,monodisperse_a0.005_sr0.667_x1_N4000_L24_T400000_seed2.npz,monodisperse,2,0.005,0.6666666666666666,1.0,0.7480092051438034
204000.0,0.9382044461668629,11,0.2875,,0.7977122859142733,0.15201281794512322,4.182538042854638e-10,monodisperse_a0.005_sr0.667_x1_N4000_L24_T400000_seed2.npz,monodisperse,2,0.005,0.6666666666666666,1.0,0.7480092051438034
206000.0,0.935860510638476,12,0.288,,0.7880927639287948,0.16112890312249795,3.6606102340025626e-10,monodisperse_a0.005_sr0.667_x1_N4000_L24_T400000_seed2.npz,monodisperse,2,0.005,0.6666666666666666,1.0,0.7480092051438034
208000.0,0.9372985444031059,11,0.2875,,0.7118197233854751,0.16132264529058116,3.445106980358403e-10,monodisperse_a0.005_sr0.667_x1_N4000_L24_T400000_seed2.npz,monodisperse,2,0.005,0.6666666666666666,1.0,0.7480092051438034
210000.0,0.9381766753992059,11,0.288,,0.834438293556001,0.16483735781281184,3.288604811268341e-10,monodisperse_a0.005_sr0.667_x1_N4000_L24_T400000_seed2.npz,monodisperse,2,0.005,0.6666666666666666,1.0,0.7480092051438034
212000.0,0.937812762852988,11,0.2875,,0.786831224193773,0.14943910256410253,3.8237150946152827e-10,monodisperse_a0.005_sr0.667_x1_N4000_L24_T400000_seed2.npz,monodisperse,2,0.005,0.6666666666666666,1.0,0.7480092051438034
214000.0,0.9378480373371987,11,0.288,,0.7687800995753358,0.14145854145854142,3.6309830192544723e-10,monodisperse_a0.005_sr0.667_x1_N4000_L24_T400000_seed2.npz,monodisperse,2,0.005,0.6666666666666666,1.0,0.7480092051438034
216000.0,0.9374895386514477,11,0.288,,0.8299069731670925,0.1391443422630948,3.33473325566881e-10,monodisperse_a0.005_sr0.667_x1_N4000_L24_T400000_seed2.npz,monodisperse,2,0.005,0.6666666666666666,1.0,0.7480092051438034
218000.0,0.938973788878207,11,0.2875,,0.8974929274228599,0.1475541299117883,2.819447980675733e-10,monodisperse_a0.005_sr0.667_x1_N4000_L24_T400000_seed2.npz,monodisperse,2,0.005,0.6666666666666666,1.0,0.7480092051438034
220000.0,0.9356905467753674,11,0.2875,,0.8049039933762873,0.15281662005593288,2.9916034591981064e-10,monodisperse_a0.005_sr0.667_x1_N4000_L24_T400000_seed2.npz,monodisperse,2,0.005,0.6666666666666666,1.0,0.7480092051438034
222000.0,0.9387017464318173,11,0.2875,,0.7837920822429048,0.14142628205128205,3.9211172578089384e-10,monodisperse_a0.005_sr0.667_x1_N4000_L24_T400000_seed2.npz,monodisperse,2,0.005,0.6666666666666666,1.0,0.7480092051438034
224000.0,0.9382525160871411,11,0.2875,,0.8054606943762319,0.14953833801686067,3.206916237994037e-10,monodisperse_a0.005_sr0.667_x1_N4000_L24_T400000_seed2.npz,monodisperse,2,0.005,0.6666666666666666,1.0,0.7480092051438034
226000.0,0.9375216825509343,11,0.288,,0.8566243364524752,0.16383955298343644,3.56873443055974e-10,monodisperse_a0.005_sr0.667_x1_N4000_L24_T400000_seed2.npz,monodisperse,2,0.005,0.6666666666666666,1.0,0.7480092051438034
228000.0,0.936195323631044,11,0.2875,,0.8378540173163699,0.15805228497305923,3.9204800904692067e-10,monodisperse_a0.005_sr0.667_x1_N4000_L24_T400000_seed2.npz,monodisperse,2,0.005,0.6666666666666666,1.0,0.7480092051438034
230000.0,0.9354862667414185,11,0.288,,0.8201217548717133,0.15203511572226658,2.7171174967316737e-10,monodisperse_a0.005_sr0.667_x1_N4000_L24_T400000_seed2.npz,monodisperse,2,0.005,0.6666666666666666,1.0,0.7480092051438034
232000.0,0.9355140028493176,11,0.2875,,0.7897382301068953,0.15258637906930295,3.8567395194459475e-10,monodisperse_a0.005_sr0.667_x1_N4000_L24_T400000_seed2.npz,monodisperse,2,0.005,0.6666666666666666,1.0,0.7480092051438034
234000.0,0.935223919611695,11,0.287,,0.7868863592143731,0.16250748652425628,3.967379141439437e-10,monodisperse_a0.005_sr0.667_x1_N4000_L24_T400000_seed2.npz,monodisperse,2,0.005,0.6666666666666666,1.0,0.7480092051438034
236000.0,0.9355176664894292,11,0.288,,0.8323546213210427,0.16054313099041528,4.5678990239864454e-10,monodisperse_a0.005_sr0.667_x1_N4000_L24_T400000_seed2.npz,monodisperse,2,0.005,0.6666666666666666,1.0,0.7480092051438034
238000.0,0.9339982051452038,11,0.287,,0.8056587677633664,0.1517696460707858,3.7951400413110567e-10,monodisperse_a0.005_sr0.667_x1_N4000_L24_T400000_seed2.npz,monodisperse,2,0.005,0.6666666666666666,1.0,0.7480092051438034
240000.0,0.9350682809188707,11,0.288,,0.8397741790866733,0.15303272146847569,4.420078804923504e-10,monodisperse_a0.005_sr0.667_x1_N4000_L24_T400000_seed2.npz,monodisperse,2,0.005,0.6666666666666666,1.0,0.7480092051438034
242000.0,0.9351888542027981,11,0.288,,0.866875662668084,0.1525896414342629,3.5326568867420587e-10,monodisperse_a0.005_sr0.667_x1_N4000_L24_T400000_seed2.npz,monodisperse,2,0.005,0.6666666666666666,1.0,0.7480092051438034
244000.0,0.93451047993058,10,0.2875,,0.7971422066064477,0.14467661691542288,5.003919689856484e-10,monodisperse_a0.005_sr0.667_x1_N4000_L24_T400000_seed2.npz,monodisperse,2,0.005,0.6666666666666666,1.0,0.7480092051438034
246000.0,0.9338383988312637,10,0.2875,,0.8147304399534869,0.15038790531131885,4.2580735131096467e-10,monodisperse_a0.005_sr0.667_x1_N4000_L24_T400000_seed2.npz,monodisperse,2,0.005,0.6666666666666666,1.0,0.7480092051438034
248000.0,0.9330724455339802,10,0.288,,0.8436788347030114,0.15288270377733604,3.2898086025839203e-10,monodisperse_a0.005_sr0.667_x1_N4000_L24_T400000_seed2.npz,monodisperse,2,0.005,0.6666666666666666,1.0,0.7480092051438034
250000.0,0.9332994711468225,10,0.288,,0.7500138317873171,0.15030858052956397,3.5972534575160893e-10,monodisperse_a0.005_sr0.667_x1_N4000_L24_T400000_seed2.npz,monodisperse,2,0.005,0.6666666666666666,1.0,0.7480092051438034
252000.0,0.9326000393400683,10,0.2875,,0.725425976222406,0.16225889838934182,4.59686583832552e-10,monodisperse_a0.005_sr0.667_x1_N4000_L24_T400000_seed2.npz,monodisperse,2,0.005,0.6666666666666666,1.0,0.7480092051438034
254000.0,0.9324488307732777,10,0.288,,0.7434390256255387,0.1544876886417792,3.595596585548733e-10,monodisperse_a0.005_sr0.667_x1_N4000_L24_T400000_seed2.npz,monodisperse,2,0.005,0.6666666666666666,1.0,0.7480092051438034
256000.0,0.934880206221151,10,0.288,,0.8307437981317868,0.14271516597097988,2.574305387241008e-10,monodisperse_a0.005_sr0.667_x1_N4000_L24_T400000_seed2.npz,monodisperse,2,0.005,0.6666666666666666,1.0,0.7480092051438034
258000.0,0.9323569661232513,10,0.2875,,0.832063431903727,0.15468409586056642,3.678017052736405e-10,monodisperse_a0.005_sr0.667_x1_N4000_L24_T400000_seed2.npz,monodisperse,2,0.005,0.6666666666666666,1.0,0.7480092051438034
260000.0,0.9304923168429855,10,0.2875,,0.8119869014161845,0.15253227408143,3.208545540571208e-10,monodisperse_a0.005_sr0.667_x1_N4000_L24_T400000_seed2.npz,monodisperse,2,0.005,0.6666666666666666,1.0,0.7480092051438034
262000.0,0.9339257346985833,10,0.2875,,0.7907498104765813,0.1579155934218347,3.2743726196526497e-10,monodisperse_a0.005_sr0.667_x1_N4000_L24_T400000_seed2.npz,monodisperse,2,0.005,0.6666666666666666,1.0,0.7480092051438034
264000.0,0.9311083536399815,10,0.2875,,0.7719182086118009,0.15814506539833528,2.7564944982980217e-10,monodisperse_a0.005_sr0.667_x1_N4000_L24_T400000_seed2.npz,monodisperse,2,0.005,0.6666666666666666,1.0,0.7480092051438034
266000.0,0.9303231027132873,10,0.288,,0.7551688525338329,0.15058683111199522,2.761579071174776e-10,monodisperse_a0.005_sr0.667_x1_N4000_L24_T400000_seed2.npz,monodisperse,2,0.005,0.6666666666666666,1.0,0.7480092051438034
268000.0,0.9318079122519576,10,0.288,,0.7875471645955673,0.15900079302141157,3.3402527236720413e-10,monodisperse_a0.005_sr0.667_x1_N4000_L24_T400000_seed2.npz,monodisperse,2,0.005,0.6666666666666666,1.0,0.7480092051438034
270000.0,0.9315449011427481,10,0.288,,0.7835768960549827,0.15634920634920635,3.024705751868942e-10,monodisperse_a0.005_sr0.667_x1_N4000_L24_T400000_seed2.npz,monodisperse,2,0.005,0.6666666666666666,1.0,0.7480092051438034
272000.0,0.9324536493463507,10,0.288,,0.794155920232042,0.1510891089108911,2.8811040748609484e-10,monodisperse_a0.005_sr0.667_x1_N4000_L24_T400000_seed2.npz,monodisperse,2,0.005,0.6666666666666666,1.0,0.7480092051438034
274000.0,0.9295570346127706,10,0.288,,0.8056444444208224,0.14653975808050768,3.543141327578805e-10,monodisperse_a0.005_sr0.667_x1_N4000_L24_T400000_seed2.npz,monodisperse,2,0.005,0.6666666666666666,1.0,0.7480092051438034
276000.0,0.932726689481399,10,0.287,,0.763206995662375,0.1453788179293931,3.919694880143797e-10,monodisperse_a0.005_sr0.667_x1_N4000_L24_T400000_seed2.npz,monodisperse,2,0.005,0.6666666666666666,1.0,0.7480092051438034
278000.0,0.9328568307025971,10,0.288,,0.7755217096948309,0.14967333201346267,3.1264246090812366e-10,monodisperse_a0.005_sr0.667_x1_N4000_L24_T400000_seed2.npz,monodisperse,2,0.005,0.6666666666666666,1.0,0.7480092051438034
280000.0,0.9310143118080307,10,0.2875,,0.8441697753790655,0.15052485640720936,3.921495579195164e-10,monodisperse_a0.005_sr0.667_x1_N4000_L24_T400000_seed2.npz,monodisperse,2,0.005,0.6666666666666666,1.0,0.7480092051438034
282000.0,0.931102519374303,10,0.288,,0.723359239243225,0.14845605700712594,3.4667802448206477e-10,monodisperse_a0.005_sr0.667_x1_N4000_L24_T400000_seed2.npz,monodisperse,2,0.005,0.6666666666666666,1.0,0.7480092051438034
284000.0,0.9307870863388279,10,0.2875,,0.7771382052442367,0.14756049186830622,2.8080041898798553e-10,monodisperse_a0.005_sr0.667_x1_N4000_L24_T400000_seed2.npz,monodisperse,2,0.005,0.6666666666666666,1.0,0.7480092051438034
286000.0,0.9287593853721969,10,0.288,,0.7582907725515158,0.15583646059648426,2.839283967765366e-10,monodisperse_a0.005_sr0.667_x1_N4000_L24_T400000_seed2.npz,monodisperse,2,0.005,0.6666666666666666,1.0,0.7480092051438034
288000.0,0.9300436092026009,10,0.288,,0.774477559048951,0.1520792079207921,3.24761580637761e-10,monodisperse_a0.005_sr0.667_x1_N4000_L24_T400000_seed2.npz,monodisperse,2,0.005,0.6666666666666666,1.0,0.7480092051438034
290000.0,0.9314329377448597,10,0.288,,0.8131894639945259,0.14781746031746035,3.0064853436231336e-10,monodisperse_a0.005_sr0.667_x1_N4000_L24_T400000_seed2.npz,monodisperse,2,0.005,0.6666666666666666,1.0,0.7480092051438034
292000.0,0.9320610624234935,10,0.2875,,0.8026732663822037,0.14497920380273321,2.7023564448726034e-10,monodisperse_a0.005_sr0.667_x1_N4000_L24_T400000_seed2.npz,monodisperse,2,0.005,0.6666666666666666,1.0,0.7480092051438034
294000.0,0.9325384896657332,10,0.288,,0.8250900543856406,0.13670785173375843,2.556621508956309e-10,monodisperse_a0.005_sr0.667_x1_N4000_L24_T400000_seed2.npz,monodisperse,2,0.005,0.6666666666666666,1.0,0.7480092051438034
296000.0,0.9329372052346502,10,0.288,,0.7638426488894355,0.1498313157372495,3.076777046666595e-10,monodisperse_a0.005_sr0.667_x1_N4000_L24_T400000_seed2.npz,monodisperse,2,0.005,0.6666666666666666,1.0,0.7480092051438034
298000.0,0.9313365595778238,10,0.288,,0.8262052714255329,0.14511664689600634,3.2832950098053756e-10,monodisperse_a0.005_sr0.667_x1_N4000_L24_T400000_seed2.npz,monodisperse,2,0.005,0.6666666666666666,1.0,0.7480092051438034
300000.0,0.9319685970487253,10,0.288,0.47185331287895393,0.8377260365470096,0.13900990099009902,2.3355060434975507e-10,monodisperse_a0.005_sr0.667_x1_N4000_L24_T400000_seed2.npz,monodisperse,2,0.005,0.6666666666666666,1.0,0.7480092051438034
302000.0,0.9316502458528917,10,0.287,,0.8262399381055235,0.14526691803929348,3.7893502305964635e-10,monodisperse_a0.005_sr0.667_x1_N4000_L24_T400000_seed2.npz,monodisperse,2,0.005,0.6666666666666666,1.0,0.7480092051438034
304000.0,0.9316238497163842,10,0.288,,0.7674136918005426,0.1542732500495737,3.246591372291961e-10,monodisperse_a0.005_sr0.667_x1_N4000_L24_T400000_seed2.npz,monodisperse,2,0.005,0.6666666666666666,1.0,0.7480092051438034
306000.0,0.9312279898398674,10,0.288,,0.7931334761696678,0.15300870942201106,4.0785689690606603e-10,monodisperse_a0.005_sr0.667_x1_N4000_L24_T400000_seed2.npz,monodisperse,2,0.005,0.6666666666666666,1.0,0.7480092051438034
308000.0,0.9322650456858741,10,0.288,,0.7352928488851682,0.1428571428571429,3.373167385004491e-10,monodisperse_a0.005_sr0.667_x1_N4000_L24_T400000_seed2.npz,monodisperse,2,0.005,0.6666666666666666,1.0,0.7480092051438034
310000.0,0.9303590626732372,10,0.287,,0.8093938217506925,0.13606654783125371,4.1013849822996287e-10,monodisperse_a0.005_sr0.667_x1_N4000_L24_T400000_seed2.npz,monodisperse,2,0.005,0.6666666666666666,1.0,0.7480092051438034
312000.0,0.931913541811979,10,0.288,,0.7856086731836739,0.13423351866560762,2.7591305422821117e-10,monodisperse_a0.005_sr0.667_x1_N4000_L24_T400000_seed2.npz,monodisperse,2,0.005,0.6666666666666666,1.0,0.7480092051438034
314000.0,0.9299546514089644,10,0.288,,0.8347387573704681,0.14709371293001183,2.9961378537425417e-10,monodisperse_a0.005_sr0.667_x1_N4000_L24_T400000_seed2.npz,monodisperse,2,0.005,0.6666666666666666,1.0,0.7480092051438034
316000.0,0.9316934268322973,10,0.288,,0.7687802354590845,0.14599406528189907,2.14513755607748e-10,monodisperse_a0.005_sr0.667_x1_N4000_L24_T400000_seed2.npz,monodisperse,2,0.005,0.6666666666666666,1.0,0.7480092051438034
318000.0,0.9315150325849586,10,0.2875,,0.7817902399834556,0.14364969288686347,2.733544660071293e-10,monodisperse_a0.005_sr0.667_x1_N4000_L24_T400000_seed2.npz,monodisperse,2,0.005,0.6666666666666666,1.0,0.7480092051438034
320000.0,0.9317804393655924,10,0.2875,,0.7516551974756502,0.1461051799130091,2.5247378927324013e-10,monodisperse_a0.005_sr0.667_x1_N4000_L24_T400000_seed2.npz,monodisperse,2,0.005,0.6666666666666666,1.0,0.7480092051438034
322000.0,0.9318513391679367,10,0.287,,0.8240934956231393,0.14328063241106714,2.5981194762829586e-10,monodisperse_a0.005_sr0.667_x1_N4000_L24_T400000_seed2.npz,monodisperse,2,0.005,0.6666666666666666,1.0,0.7480092051438034
324000.0,0.9316827885464903,10,0.2875,,0.8252317110861079,0.14192399049881232,2.337552414669394e-10,monodisperse_a0.005_sr0.667_x1_N4000_L24_T400000_seed2.npz,monodisperse,2,0.005,0.6666666666666666,1.0,0.7480092051438034
326000.0,0.9297447065214357,10,0.2875,,0.7916799044951797,0.14316831683168318,2.215195839826213e-10,monodisperse_a0.005_sr0.667_x1_N4000_L24_T400000_seed2.npz,monodisperse,2,0.005,0.6666666666666666,1.0,0.7480092051438034
328000.0,0.9306620496783983,10,0.287,,0.7490896613659047,0.14143822010329754,3.2807598989094347e-10,monodisperse_a0.005_sr0.667_x1_N4000_L24_T400000_seed2.npz,monodisperse,2,0.005,0.6666666666666666,1.0,0.7480092051438034
330000.0,0.9296918901223868,10,0.288,,0.7607925096479027,0.14899089829837753,3.203674939217261e-10,monodisperse_a0.005_sr0.667_x1_N4000_L24_T400000_seed2.npz,monodisperse,2,0.005,0.6666666666666666,1.0,0.7480092051438034
332000.0,0.9330696827173985,11,0.288,,0.7671276060258833,0.15975513428120058,2.864237647005679e-10,monodisperse_a0.005_sr0.667_x1_N4000_L24_T400000_seed2.npz,monodisperse,2,0.005,0.6666666666666666,1.0,0.7480092051438034
334000.0,0.9308576240484592,10,0.2875,,0.8172375929797933,0.14926558157999203,3.9794161862335717e-10,monodisperse_a0.005_sr0.667_x1_N4000_L24_T400000_seed2.npz,monodisperse,2,0.005,0.6666666666666666,1.0,0.7480092051438034
336000.0,0.930303327883409,10,0.288,,0.8088337130294021,0.14848544842605427,3.6972515479720375e-10,monodisperse_a0.005_sr0.667_x1_N4000_L24_T400000_seed2.npz,monodisperse,2,0.005,0.6666666666666666,1.0,0.7480092051438034
338000.0,0.9313949927332628,10,0.2865,,0.7764863345395867,0.1539221497727722,3.453919651271087e-10,monodisperse_a0.005_sr0.667_x1_N4000_L24_T400000_seed2.npz,monodisperse,2,0.005,0.6666666666666666,1.0,0.7480092051438034
340000.0,0.9321214378735915,10,0.288,,0.8190433023202296,0.1553934135279038,4.36184830107587e-10,monodisperse_a0.005_sr0.667_x1_N4000_L24_T400000_seed2.npz,monodisperse,2,0.005,0.6666666666666666,1.0,0.7480092051438034
342000.0,0.932617291741501,10,0.288,,0.8209347541556047,0.14577954319761666,2.4675818645009835e-10,monodisperse_a0.005_sr0.667_x1_N4000_L24_T400000_seed2.npz,monodisperse,2,0.005,0.6666666666666666,1.0,0.7480092051438034
344000.0,0.9293953713949079,10,0.288,,0.822779329404018,0.14616755793226377,2.693714264576031e-10,monodisperse_a0.005_sr0.667_x1_N4000_L24_T400000_seed2.npz,monodisperse,2,0.005,0.6666666666666666,1.0,0.7480092051438034
346000.0,0.9316202999719734,10,0.2875,,0.7916198387919846,0.15012823042020118,3.5937793173421506e-10,monodisperse_a0.005_sr0.667_x1_N4000_L24_T400000_seed2.npz,monodisperse,2,0.005,0.6666666666666666,1.0,0.7480092051438034
348000.0,0.9303557641261513,10,0.287,,0.7878502568593795,0.15408929276965622,2.7487649367289395e-10,monodisperse_a0.005_sr0.667_x1_N4000_L24_T400000_seed2.npz,monodisperse,2,0.005,0.6666666666666666,1.0,0.7480092051438034
350000.0,0.929000790461018,10,0.288,,0.7564599750573476,0.14957518277020354,2.695872661647084e-10,monodisperse_a0.005_sr0.667_x1_N4000_L24_T400000_seed2.npz,monodisperse,2,0.005,0.6666666666666666,1.0,0.7480092051438034
352000.0,0.9325694758036704,10,0.2875,,0.7823431607463976,0.14051058776964176,2.5688787460520383e-10,monodisperse_a0.005_sr0.667_x1_N4000_L24_T400000_seed2.npz,monodisperse,2,0.005,0.6666666666666666,1.0,0.7480092051438034
354000.0,0.9297309977677861,10,0.288,,0.8668998941804468,0.14409962443170587,3.528509029851592e-10,monodisperse_a0.005_sr0.667_x1_N4000_L24_T400000_seed2.npz,monodisperse,2,0.005,0.6666666666666666,1.0,0.7480092051438034
356000.0,0.9299239276359341,10,0.288,,0.8320569565597382,0.13568037974683544,2.8045822491560745e-10,monodisperse_a0.005_sr0.667_x1_N4000_L24_T400000_seed2.npz,monodisperse,2,0.005,0.6666666666666666,1.0,0.7480092051438034
358000.0,0.93133338789624,10,0.2875,,0.790711932935587,0.13666797951949583,2.3939202465230333e-10,monodisperse_a0.005_sr0.667_x1_N4000_L24_T400000_seed2.npz,monodisperse,2,0.005,0.6666666666666666,1.0,0.7480092051438034
360000.0,0.9313019363588629,10,0.2875,,0.8041061073399213,0.148765190121521,3.982521868074013e-10,monodisperse_a0.005_sr0.667_x1_N4000_L24_T400000_seed2.npz,monodisperse,2,0.005,0.6666666666666666,1.0,0.7480092051438034
362000.0,0.929135262977341,10,0.2875,,0.7884488559388207,0.14773175542406314,3.461082201187046e-10,monodisperse_a0.005_sr0.667_x1_N4000_L24_T400000_seed2.npz,monodisperse,2,0.005,0.6666666666666666,1.0,0.7480092051438034
364000.0,0.9290789964816449,10,0.2875,,0.8124702314622243,0.14562339458605023,3.250967238213339e-10,monodisperse_a0.005_sr0.667_x1_N4000_L24_T400000_seed2.npz,monodisperse,2,0.005,0.6666666666666666,1.0,0.7480092051438034
366000.0,0.9304990420487756,10,0.2875,,0.8252275241605153,0.14296967309964548,3.3169061719233775e-10,monodisperse_a0.005_sr0.667_x1_N4000_L24_T400000_seed2.npz,monodisperse,2,0.005,0.6666666666666666,1.0,0.7480092051438034
368000.0,0.9286173624215318,10,0.287,,0.817128679158203,0.14573062512324986,2.6159928528521475e-10,monodisperse_a0.005_sr0.667_x1_N4000_L24_T400000_seed2.npz,monodisperse,2,0.005,0.6666666666666666,1.0,0.7480092051438034
370000.0,0.9299053528380451,10,0.288,,0.7574602490264897,0.14864597746590236,2.9146092382028657e-10,monodisperse_a0.005_sr0.667_x1_N4000_L24_T400000_seed2.npz,monodisperse,2,0.005,0.6666666666666666,1.0,0.7480092051438034
372000.0,0.9306612276618929,10,0.2875,,0.8038556730130382,0.14955665024630538,2.388838387363249e-10,monodisperse_a0.005_sr0.667_x1_N4000_L24_T400000_seed2.npz,monodisperse,2,0.005,0.6666666666666666,1.0,0.7480092051438034
374000.0,0.9304138924801509,10,0.287,,0.8151967231855729,0.14195707816499314,2.5639119645947094e-10,monodisperse_a0.005_sr0.667_x1_N4000_L24_T400000_seed2.npz,monodisperse,2,0.005,0.6666666666666666,1.0,0.7480092051438034
376000.0,0.9300414368325303,10,0.2875,,0.7416768269734032,0.1467402009060469,3.205784527739235e-10,monodisperse_a0.005_sr0.667_x1_N4000_L24_T400000_seed2.npz,monodisperse,2,0.005,0.6666666666666666,1.0,0.7480092051438034
378000.0,0.9286146522242096,10,0.287,,0.7316740483150654,0.1602046841172997,3.529027227784815e-10,monodisperse_a0.005_sr0.667_x1_N4000_L24_T400000_seed2.npz,monodisperse,2,0.005,0.6666666666666666,1.0,0.7480092051438034
380000.0,0.9288376965885826,10,0.288,,0.7197431880638812,0.1446590461174616,3.41870054292655e-10,monodisperse_a0.005_sr0.667_x1_N4000_L24_T400000_seed2.npz,monodisperse,2,0.005,0.6666666666666666,1.0,0.7480092051438034
382000.0,0.9292194778360059,10,0.288,,0.7918286519985774,0.13745569121701462,3.103782509130214e-10,monodisperse_a0.005_sr0.667_x1_N4000_L24_T400000_seed2.npz,monodisperse,2,0.005,0.6666666666666666,1.0,0.7480092051438034
384000.0,0.9268357418365477,10,0.288,,0.761913815584585,0.15438871473354232,3.2770273097390516e-10,monodisperse_a0.005_sr0.667_x1_N4000_L24_T400000_seed2.npz,monodisperse,2,0.005,0.6666666666666666,1.0,0.7480092051438034
386000.0,0.9269108739880606,10,0.288,,0.7614491389487672,0.1482135846093443,3.6926361700491696e-10,monodisperse_a0.005_sr0.667_x1_N4000_L24_T400000_seed2.npz,monodisperse,2,0.005,0.6666666666666666,1.0,0.7480092051438034
388000.0,0.9243247754646783,10,0.287,,0.7648290653868337,0.13797841020608437,2.959936791651579e-10,monodisperse_a0.005_sr0.667_x1_N4000_L24_T400000_seed2.npz,monodisperse,2,0.005,0.6666666666666666,1.0,0.7480092051438034
390000.0,0.9271582873679501,10,0.2875,,0.737079413027802,0.13649735242204353,2.309930042740398e-10,monodisperse_a0.005_sr0.667_x1_N4000_L24_T400000_seed2.npz,monodisperse,2,0.005,0.6666666666666666,1.0,0.7480092051438034
392000.0,0.9266263655219199,10,0.288,,0.7840723223231955,0.1412064238151195,2.729014080153142e-10,monodisperse_a0.005_sr0.667_x1_N4000_L24_T400000_seed2.npz,monodisperse,2,0.005,0.6666666666666666,1.0,0.7480092051438034
394000.0,0.9285411591702462,10,0.2875,,0.7564224314551978,0.13563986632592884,2.760404119378543e-10,monodisperse_a0.005_sr0.667_x1_N4000_L24_T400000_seed2.npz,monodisperse,2,0.005,0.6666666666666666,1.0,0.7480092051438034
396000.0,0.9257179640298848,10,0.288,,0.7278449020340488,0.15078431372549017,2.771573758056186e-10,monodisperse_a0.005_sr0.667_x1_N4000_L24_T400000_seed2.npz,monodisperse,2,0.005,0.6666666666666666,1.0,0.7480092051438034
398000.0,0.9275498777585344,10,0.288,,0.8194316849379377,0.14204210112138504,2.8871914503536784e-10,monodisperse_a0.005_sr0.667_x1_N4000_L24_T400000_seed2.npz,monodisperse,2,0.005,0.6666666666666666,1.0,0.7480092051438034
400000.0,0.926980371517235,10,0.288,0.4690318599984315,0.7595724770807322,0.14193295432268183,3.403097809425493e-10,monodisperse_a0.005_sr0.667_x1_N4000_L24_T400000_seed2.npz,monodisperse,2,0.005,0.6666666666666666,1.0,0.7480092051438034
0.0,0.9948166342081186,423,0.0075,0.9262254272756268,,,,monodisperse_a0.005_sr0.667_x1_N4000_L24_T400000_seed3.npz,monodisperse,3,0.005,0.6666666666666666,1.0,0.8172900849192607
2000.0,0.9788172715086619,90,0.0685,,0.17688996475263824,0.736302294197031,6.831849135355561e-09,monodisperse_a0.005_sr0.667_x1_N4000_L24_T400000_seed3.npz,monodisperse,3,0.005,0.6666666666666666,1.0,0.8172900849192607
4000.0,0.9757862407080322,68,0.086,,0.7884948101677033,0.37670088326569584,3.5377630175598993e-09,monodisperse_a0.005_sr0.667_x1_N4000_L24_T400000_seed3.npz,monodisperse,3,0.005,0.6666666666666666,1.0,0.8172900849192607
6000.0,0.9722578339425482,53,0.0865,,0.8415413955972818,0.29756097560975614,2.2295780385231964e-09,monodisperse_a0.005_sr0.667_x1_N4000_L24_T400000_seed3.npz,monodisperse,3,0.005,0.6666666666666666,1.0,0.8172900849192607
8000.0,0.9703971694858299,49,0.086,,0.8924780401005722,0.29056943506639654,2.0763935146309415e-09,monodisperse_a0.005_sr0.667_x1_N4000_L24_T400000_seed3.npz,monodisperse,3,0.005,0.6666666666666666,1.0,0.8172900849192607
10000.0,0.969300849222881,44,0.113,,0.8984269818895312,0.2514041788362166,1.5419206924136344e-09,monodisperse_a0.005_sr0.667_x1_N4000_L24_T400000_seed3.npz,monodisperse,3,0.005,0.6666666666666666,1.0,0.8172900849192607
12000.0,0.9669026021659127,41,0.09,,0.8939992220900651,0.2390006632765863,1.532132038325662e-09,monodisperse_a0.005_sr0.667_x1_N4000_L24_T400000_seed3.npz,monodisperse,3,0.005,0.6666666666666666,1.0,0.8172900849192607
14000.0,0.9642297790008565,37,0.0885,,0.8910898179705334,0.22524698133918775,1.1880828925019506e-09,monodisperse_a0.005_sr0.667_x1_N4000_L24_T400000_seed3.npz,monodisperse,3,0.005,0.6666666666666666,1.0,0.8172900849192607
16000.0,0.9622783172116546,33,0.099,,0.9442395665955375,0.2106753812636165,1.1554232143113123e-09,monodisperse_a0.005_sr0.667_x1_N4000_L24_T400000_seed3.npz,monodisperse,3,0.005,0.6666666666666666,1.0,0.8172900849192607
18000.0,0.9633957913516198,33,0.099,,0.9128247665616274,0.2156229825693996,1.1629130183820726e-09,monodisperse_a0.005_sr0.667_x1_N4000_L24_T400000_seed3.npz,monodisperse,3,0.005,0.6666666666666666,1.0,0.8172900849192607
20000.0,0.9626572748313612,32,0.0995,,0.9487553625495707,0.2063560231908954,8.474752948705291e-10,monodisperse_a0.005_sr0.667_x1_N4000_L24_T400000_seed3.npz,monodisperse,3,0.005,0.6666666666666666,1.0,0.8172900849192607
22000.0,0.9608134222772381,31,0.1215,,0.9118489660199028,0.19931271477663226,8.311403330678256e-10,monodisperse_a0.005_sr0.667_x1_N4000_L24_T400000_seed3.npz,monodisperse,3,0.005,0.6666666666666666,1.0,0.8172900849192607
24000.0,0.9607780964004592,29,0.1215,,0.8967301131217789,0.20192513368983955,9.126131478216072e-10,monodisperse_a0.005_sr0.667_x1_N4000_L24_T400000_seed3.npz,monodisperse,3,0.005,0.6666666666666666,1.0,0.8172900849192607
26000.0,0.9569821007701788,25,0.1215,,0.8678048577893316,0.19999999999999996,9.720087341155978e-10,monodisperse_a0.005_sr0.667_x1_N4000_L24_T400000_seed3.npz,monodisperse,3,0.005,0.6666666666666666,1.0,0.8172900849192607
28000.0,0.9587833900344374,25,0.1215,,0.8902604975190247,0.20088907705334458,7.437547062808805e-10,monodisperse_a0.005_sr0.667_x1_N4000_L24_T400000_seed3.npz,monodisperse,3,0.005,0.6666666666666666,1.0,0.8172900849192607
30000.0,0.9570541224478359,26,0.1215,,0.8793708289181048,0.20965372507869884,9.718748135273194e-10,monodisperse_a0.005_sr0.667_x1_N4000_L24_T400000_seed3.npz,monodisperse,3,0.005,0.6666666666666666,1.0,0.8172900849192607
32000.0,0.956079943776043,25,0.1215,,0.8656084115884853,0.19390115667718189,8.232685748026782e-10,monodisperse_a0.005_sr0.667_x1_N4000_L24_T400000_seed3.npz,monodisperse,3,0.005,0.6666666666666666,1.0,0.8172900849192607
34000.0,0.9564898761592443,25,0.1215,,0.9328878957905702,0.1862806796727502,8.778337717973284e-10,monodisperse_a0.005_sr0.667_x1_N4000_L24_T400000_seed3.npz,monodisperse,3,0.005,0.6666666666666666,1.0,0.8172900849192607
36000.0,0.9561683891762705,25,0.1215,,0.9253243870975192,0.19169795577805593,7.656853147550799e-10,monodisperse_a0.005_sr0.667_x1_N4000_L24_T400000_seed3.npz,monodisperse,3,0.005,0.6666666666666666,1.0,0.8172900849192607
38000.0,0.9565030905683238,24,0.1215,,0.9361576928037103,0.1973711662841644,6.722245428325523e-10,monodisperse_a0.005_sr0.667_x1_N4000_L24_T400000_seed3.npz,monodisperse,3,0.005,0.6666666666666666,1.0,0.8172900849192607
40000.0,0.9548602903574469,24,0.121,,0.8917377016065604,0.18388171595168679,4.5586869472398025e-10,monodisperse_a0.005_sr0.667_x1_N4000_L24_T400000_seed3.npz,monodisperse,3,0.005,0.6666666666666666,1.0,0.8172900849192607
42000.0,0.9551416952443025,24,0.121,,0.8558847546500039,0.1744210306697267,4.767748322072592e-10,monodisperse_a0.005_sr0.667_x1_N4000_L24_T400000_seed3.npz,monodisperse,3,0.005,0.6666666666666666,1.0,0.8172900849192607
44000.0,0.9551059761629124,24,0.1215,,0.8741595083691066,0.18790272292662646,5.823490631566593e-10,monodisperse_a0.005_sr0.667_x1_N4000_L24_T400000_seed3.npz,monodisperse,3,0.005,0.6666666666666666,1.0,0.8172900849192607
46000.0,0.9547270620232003,24,0.1215,,0.9107592662558386,0.18393190782644797,5.340827427037299e-10,monodisperse_a0.005_sr0.667_x1_N4000_L24_T400000_seed3.npz,monodisperse,3,0.005,0.6666666666666666,1.0,0.8172900849192607
48000.0,0.9551604303262706,25,0.1215,,0.9295565866564245,0.1848704663212435,4.986996476735795e-10,monodisperse_a0.005_sr0.667_x1_N4000_L24_T400000_seed3.npz,monodisperse,3,0.005,0.6666666666666666,1.0,0.8172900849192607
50000.0,0.9546209283730327,24,0.1215,,0.8952796017198379,0.17922564529558704,4.817852781848994e-10,monodisperse_a0.005_sr0.667_x1_N4000_L24_T400000_seed3.npz,monodisperse,3,0.005,0.6666666666666666,1.0,0.8172900849192607
52000.0,0.953587329293012,23,0.1215,,0.9373612497998657,0.18369880016549445,6.086694191327835e-10,monodisperse_a0.005_sr0.667_x1_N4000_L24_T400000_seed3.npz,monodisperse,3,0.005,0.6666666666666666,1.0,0.8172900849192607
54000.0,0.9542776163103347,23,0.121,,0.9502376756353466,0.1725417439703154,4.399873167567508e-10,monodisperse_a0.005_sr0.667_x1_N4000_L24_T400000_seed3.npz,monodisperse,3,0.005,0.6666666666666666,1.0,0.8172900849192607
56000.0,0.9547516436549552,23,0.1215,,0.8966093788619605,0.17338543809132045,5.323047017606632e-10,monodisperse_a0.005_sr0.667_x1_N4000_L24_T400000_seed3.npz,monodisperse,3,0.005,0.6666666666666666,1.0,0.8172900849192607
58000.0,0.9541072581605595,23,0.1215,,0.9035829794778486,0.16604708798017354,4.265381313094582e-10,monodisperse_a0.005_sr0.667_x1_N4000_L24_T400000_seed3.npz,monodisperse,3,0.005,0.6666666666666666,1.0,0.8172900849192607
60000.0,0.955342825401084,23,0.121,,0.9153733435212379,0.1720585205027818,4.818050037011304e-10,monodisperse_a0.005_sr0.667_x1_N4000_L24_T400000_seed3.npz,monodisperse,3,0.005,0.6666666666666666,1.0,0.8172900849192607
62000.0,0.9554200488299225,22,0.1215,,0.9115256246360025,0.1693165393351228,4.5720895460084153e-10,monodisperse_a0.005_sr0.667_x1_N4000_L24_T400000_seed3.npz,monodisperse,3,0.005,0.6666666666666666,1.0,0.8172900849192607
64000.0,0.9544550349430249,23,0.1215,,0.9434420476153937,0.16432989690721644,4.966701917698094e-10,monodisperse_a0.005_sr0.667_x1_N4000_L24_T400000_seed3.npz,monodisperse,3,0.005,0.6666666666666666,1.0,0.8172900849192607
66000.0,0.9540608125054553,24,0.1215,,0.8901987129770806,0.16954377311960545,5.261677274659044e-10,monodisperse_a0.005_sr0.667_x1_N4000_L24_T400000_seed3.npz,monodisperse,3,0.005,0.6666666666666666,1.0,0.8172900849192607
68000.0,0.952464795876958,22,0.121,,0.9085139135699306,0.16996291718170586,4.975591004011467e-10,monodisperse_a0.005_sr0.667_x1_N4000_L24_T400000_seed3.npz,monodisperse,3,0.005,0.6666666666666666,1.0,0.8172900849192607
70000.0,0.9498808959071557,21,0.1215,,0.8672841797635701,0.1631644004944376,5.112971977599088e-10,monodisperse_a0.005_sr0.667_x1_N4000_L24_T400000_seed3.npz,monodisperse,3,0.005,0.6666666666666666,1.0,0.8172900849192607
72000.0,0.950444235732869,21,0.1215,,0.8868657610351612,0.16820512820512823,4.2228440535111557e-10,monodisperse_a0.005_sr0.667_x1_N4000_L24_T400000_seed3.npz,monodisperse,3,0.005,0.6666666666666666,1.0,0.8172900849192607
74000.0,0.9513546184413788,21,0.1215,,0.9082632908587281,0.1718269427927004,4.418169840935991e-10,monodisperse_a0.005_sr0.667_x1_N4000_L24_T400000_seed3.npz,monodisperse,3,0.005,0.6666666666666666,1.0,0.8172900849192607
76000.0,0.9503479145436935,21,0.1215,,0.886272549228321,0.15931020324368717,4.434154591697149e-10,monodisperse_a0.005_sr0.667_x1_N4000_L24_T400000_seed3.npz,monodisperse,3,0.005,0.6666666666666666,1.0,0.8172900849192607
78000.0,0.9515642948040726,20,0.121,,0.8987250259257554,0.164118246687054,5.298554385247347e-10,monodisperse_a0.005_sr0.667_x1_N4000_L24_T400000_seed3.npz,monodisperse,3,0.005,0.6666666666666666,1.0,0.8172900849192607
80000.0,0.9514537261830621,20,0.121,,0.8839630265222347,0.1649358582773366,5.557642250356822e-10,monodisperse_a0.005_sr0.667_x1_N4000_L24_T400000_seed3.npz,monodisperse,3,0.005,0.6666666666666666,1.0,0.8172900849192607
82000.0,0.9510849992698911,20,0.1215,,0.8852949044766654,0.15636512484650023,5.865775214998581e-10,monodisperse_a0.005_sr0.667_x1_N4000_L24_T400000_seed3.npz,monodisperse,3,0.005,0.6666666666666666,1.0,0.8172900849192607
84000.0,0.9515312677443236,19,0.1215,,0.93206116016738,0.16427986906710312,3.860263424232426e-10,monodisperse_a0.005_sr0.667_x1_N4000_L24_T400000_seed3.npz,monodisperse,3,0.005,0.6666666666666666,1.0,0.8172900849192607
86000.0,0.9497405997039016,20,0.1215,,0.9106312815526512,0.1737978810105949,5.859663874301171e-10,monodisperse_a0.005_sr0.667_x1_N4000_L24_T400000_seed3.npz,monodisperse,3,0.005,0.6666666666666666,1.0,0.8172900849192607
88000.0,0.9483558367655505,19,0.1215,,0.8757115826201697,0.173469387755102,5.075969604670407e-10,monodisperse_a0.005_sr0.667_x1_N4000_L24_T400000_seed3.npz,monodisperse,3,0.005,0.6666666666666666,1.0,0.8172900849192607
90000.0,0.9487306092512495,18,0.1215,,0.8577690675925352,0.16530612244897958,3.872373084223845e-10,monodisperse_a0.005_sr0.667_x1_N4000_L24_T400000_seed3.npz,monodisperse,3,0.005,0.6666666666666666,1.0,0.8172900849192607
92000.0,0.9485149143993679,18,0.1215,,0.8739734504239073,0.16332320162107394,6.728727454167137e-10,monodisperse_a0.005_sr0.667_x1_N4000_L24_T400000_seed3.npz,monodisperse,3,0.005,0.6666666666666666,1.0,0.8172900849192607
94000.0,0.9464586860787584,17,0.1215,,0.8598558733926238,0.1604712573633963,4.148497685834944e-10,monodisperse_a0.005_sr0.667_x1_N4000_L24_T400000_seed3.npz,monodisperse,3,0.005,0.6666666666666666,1.0,0.8172900849192607
96000.0,0.9477038286054354,17,0.121,,0.9156052649314431,0.16203609815453257,4.4575776933698063e-10,monodisperse_a0.005_sr0.667_x1_N4000_L24_T400000_seed3.npz,monodisperse,3,0.005,0.6666666666666666,1.0,0.8172900849192607
98000.0,0.9467062045218557,17,0.1215,,0.9167187557582267,0.15412695193672687,3.711584676369049e-10,monodisperse_a0.005_sr0.667_x1_N4000_L24_T400000_seed3.npz,monodisperse,3,0.005,0.6666666666666666,1.0,0.8172900849192607
100000.0,0.946804782818727,17,0.1215,0.4802482963314947,0.887909256597902,0.1464009760065067,3.971960763491051e-10,monodisperse_a0.005_sr0.667_x1_N4000_L24_T400000_seed3.npz,monodisperse,3,0.005,0.6666666666666666,1.0,0.8172900849192607
102000.0,0.9455743603958265,17,0.1215,,0.8933765413034396,0.16058394160583944,4.009242241346893e-10,monodisperse_a0.005_sr0.667_x1_N4000_L24_T400000_seed3.npz,monodisperse,3,0.005,0.6666666666666666,1.0,0.8172900849192607
104000.0,0.9453145003090266,17,0.1215,,0.895105227839333,0.16372847011144886,4.4084817752859313e-10,monodisperse_a0.005_sr0.667_x1_N4000_L24_T400000_seed3.npz,monodisperse,3,0.005,0.6666666666666666,1.0,0.8172900849192607
106000.0,0.945259155117137,17,0.1215,,0.8583957461169627,0.16123811450536107,3.874963130982924e-10,monodisperse_a0.005_sr0.667_x1_N4000_L24_T400000_seed3.npz,monodisperse,3,0.005,0.6666666666666666,1.0,0.8172900849192607
108000.0,0.9464601141709558,17,0.1215,,0.8850274218250805,0.16410360178065564,3.1846537966000497e-10,monodisperse_a0.005_sr0.667_x1_N4000_L24_T400000_seed3.npz,monodisperse,3,0.005,0.6666666666666666,1.0,0.8172900849192607
110000.0,0.9436430702897539,17,0.1205,,0.8597317534464344,0.15542046605876392,4.4085879370335755e-10,monodisperse_a0.005_sr0.667_x1_N4000_L24_T400000_seed3.npz,monodisperse,3,0.005,0.6666666666666666,1.0,0.8172900849192607
112000.0,0.9440310126669409,17,0.1215,,0.8355670911556149,0.154889653776068,3.868102316044498e-10,monodisperse_a0.005_sr0.667_x1_N4000_L24_T400000_seed3.npz,monodisperse,3,0.005,0.6666666666666666,1.0,0.8172900849192607
114000.0,0.9459954107181949,16,0.121,,0.8809049418688475,0.1712218649517685,5.277273136117061e-10,monodisperse_a0.005_sr0.667_x1_N4000_L24_T400000_seed3.npz,monodisperse,3,0.005,0.6666666666666666,1.0,0.8172900849192607
116000.0,0.9424158898206997,16,0.1215,,0.8363837901737975,0.15800080612656187,3.3189112790172847e-10,monodisperse_a0.005_sr0.667_x1_N4000_L24_T400000_seed3.npz,monodisperse,3,0.005,0.6666666666666666,1.0,0.8172900849192607
118000.0,0.9436126036072703,16,0.1215,,0.8568135508595025,0.16026543334003618,3.579873612488907e-10,monodisperse_a0.005_sr0.667_x1_N4000_L24_T400000_seed3.npz,monodisperse,3,0.005,0.6666666666666666,1.0,0.8172900849192607
120000.0,0.9437252594772186,16,0.1215,,0.8675608233420135,0.1563885530028214,3.379915112529499e-10,monodisperse_a0.005_sr0.667_x1_N4000_L24_T400000_seed3.npz,monodisperse,3,0.005,0.6666666666666666,1.0,0.8172900849192607
122000.0,0.9416837922834368,16,0.1215,,0.852114087282466,0.15206445115810674,3.3794507529980953e-10,monodisperse_a0.005_sr0.667_x1_N4000_L24_T400000_seed3.npz,monodisperse,3,0.005,0.6666666666666666,1.0,0.8172900849192607
124000.0,0.9417735346455194,16,0.121,,0.790458258701626,0.152931694539593,4.311702920629633e-10,monodisperse_a0.005_sr0.667_x1_N4000_L24_T400000_seed3.npz,monodisperse,3,0.005,0.6666666666666666,1.0,0.8172900849192607
126000.0,0.9434740328221674,14,0.121,,0.8930011367253247,0.1537996371699254,4.4906751757692623e-10,monodisperse_a0.005_sr0.667_x1_N4000_L24_T400000_seed3.npz,monodisperse,3,0.005,0.6666666666666666,1.0,0.8172900849192607
128000.0,0.9452732951128868,14,0.1215,,0.9087335695751465,0.16149818767619817,3.9021681596352805e-10,monodisperse_a0.005_sr0.667_x1_N4000_L24_T400000_seed3.npz,monodisperse,3,0.005,0.6666666666666666,1.0,0.8172900849192607
130000.0,0.9422237922093364,14,0.1215,,0.8143251318241036,0.1653306613226453,4.040048921652637e-10,monodisperse_a0.005_sr0.667_x1_N4000_L24_T400000_seed3.npz,monodisperse,3,0.005,0.6666666666666666,1.0,0.8172900849192607
132000.0,0.9436211229818262,14,0.1215,,0.8716413164256684,0.15472606863335336,3.358425338192505e-10,monodisperse_a0.005_sr0.667_x1_N4000_L24_T400000_seed3.npz,monodisperse,3,0.005,0.6666666666666666,1.0,0.8172900849192607
134000.0,0.9418752940437599,14,0.1215,,0.8306249779283352,0.1520866773675762,3.47905706275305e-10,monodisperse_a0.005_sr0.667_x1_N4000_L24_T400000_seed3.npz,monodisperse,3,0.005,0.6666666666666666,1.0,0.8172900849192607
136000.0,0.9411140093440317,14,0.121,,0.8709892605140025,0.147820847559751,4.190759694470466e-10,monodisperse_a0.005_sr0.667_x1_N4000_L24_T400000_seed3.npz,monodisperse,3,0.005,0.6666666666666666,1.0,0.8172900849192607
138000.0,0.9415197088753281,14,0.121,,0.8928488630266761,0.15213022508038587,2.7536123627000383e-10,monodisperse_a0.005_sr0.667_x1_N4000_L24_T400000_seed3.npz,monodisperse,3,0.005,0.6666666666666666,1.0,0.8172900849192607
140000.0,0.9423882581015524,14,0.1215,,0.8154652573510738,0.1489447236180904,3.197981687624462e-10,monodisperse_a0.005_sr0.667_x1_N4000_L24_T400000_seed3.npz,monodisperse,3,0.005,0.6666666666666666,1.0,0.8172900849192607
142000.0,0.9414307143217403,14,0.121,,0.8566464171004139,0.1478731942215088,2.2575621262910675e-10,monodisperse_a0.005_sr0.667_x1_N4000_L24_T400000_seed3.npz,monodisperse,3,0.005,0.6666666666666666,1.0,0.8172900849192607
144000.0,0.9415931366782577,15,0.1215,,0.8557110917000371,0.14935846030473132,2.878990941977457e-10,monodisperse_a0.005_sr0.667_x1_N4000_L24_T400000_seed3.npz,monodisperse,3,0.005,0.6666666666666666,1.0,0.8172900849192607
146000.0,0.943000554186781,14,0.1215,,0.8587585935915394,0.14511926237722994,3.2586530306083843e-10,monodisperse_a0.005_sr0.667_x1_N4000_L24_T400000_seed3.npz,monodisperse,3,0.005,0.6666666666666666,1.0,0.8172900849192607
148000.0,0.9437253078326374,14,0.121,,0.8403660897488038,0.1470706260032103,2.336553957960188e-10,monodisperse_a0.005_sr0.667_x1_N4000_L24_T400000_seed3.npz,monodisperse,3,0.005,0.6666666666666666,1.0,0.8172900849192607
150000.0,0.9423459944708106,14,0.1215,,0.8549804607104842,0.1544943820224719,3.279716350633056e-10,monodisperse_a0.005_sr0.667_x1_N4000_L24_T400000_seed3.npz,monodisperse,3,0.005,0.6666666666666666,1.0,0.8172900849192607
152000.0,0.9414453367887944,14,0.121,,0.8653208804395053,0.15986394557823125,3.718090048226499e-10,monodisperse_a0.005_sr0.667_x1_N4000_L24_T400000_seed3.npz,monodisperse,3,0.005,0.6666666666666666,1.0,0.8172900849192607
154000.0,0.9427484780438298,14,0.121,,0.8042086073119656,0.1412167606768735,3.6323077248002553e-10,monodisperse_a0.005_sr0.667_x1_N4000_L24_T400000_seed3.npz,monodisperse,3,0.005,0.6666666666666666,1.0,0.8172900849192607
156000.0,0.943878236839034,14,0.1215,,0.8872925847281791,0.14600882470918575,3.007227004751975e-10,monodisperse_a0.005_sr0.667_x1_N4000_L24_T400000_seed3.npz,monodisperse,3,0.005,0.6666666666666666,1.0,0.8172900849192607
158000.0,0.9435732244429827,14,0.121,,0.902829744604801,0.1474719101123596,3.2708602369360665e-10,monodisperse_a0.005_sr0.667_x1_N4000_L24_T400000_seed3.npz,monodisperse,3,0.005,0.6666666666666666,1.0,0.8172900849192607
160000.0,0.942800537305215,14,0.1215,,0.869421944964794,0.15199518748746743,3.2570098964125636e-10,monodisperse_a0.005_sr0.667_x1_N4000_L24_T400000_seed3.npz,monodisperse,3,0.005,0.6666666666666666,1.0,0.8172900849192607
162000.0,0.9407085642512928,14,0.1215,,0.8425160396025358,0.15226090436174466,2.6398971646029494e-10,monodisperse_a0.005_sr0.667_x1_N4000_L24_T400000_seed3.npz,monodisperse,3,0.005,0.6666666666666666,1.0,0.8172900849192607
164000.0,0.9434468291448811,14,0.1215,,0.8822193053273014,0.15032940706727893,3.242191892500552e-10,monodisperse_a0.005_sr0.667_x1_N4000_L24_T400000_seed3.npz,monodisperse,3,0.005,0.6666666666666666,1.0,0.8172900849192607
166000.0,0.9428275058156805,14,0.1215,,0.8642443535040013,0.14912808177991577,3.2428035828663163e-10,monodisperse_a0.005_sr0.667_x1_N4000_L24_T400000_seed3.npz,monodisperse,3,0.005,0.6666666666666666,1.0,0.8172900849192607
168000.0,0.9400089221959873,14,0.121,,0.7919137666903412,0.1584415584415585,2.410356053119087e-10,monodisperse_a0.005_sr0.667_x1_N4000_L24_T400000_seed3.npz,monodisperse,3,0.005,0.6666666666666666,1.0,0.8172900849192607
170000.0,0.9409958908432243,14,0.1215,,0.8154899584327759,0.151083467094703,3.145737828730759e-10,monodisperse_a0.005_sr0.667_x1_N4000_L24_T400000_seed3.npz,monodisperse,3,0.005,0.6666666666666666,1.0,0.8172900849192607
172000.0,0.9399924233611044,14,0.1215,,0.8097409385436842,0.15304695304695304,3.130311737882931e-10,monodisperse_a0.005_sr0.667_x1_N4000_L24_T400000_seed3.npz,monodisperse,3,0.005,0.6666666666666666,1.0,0.8172900849192607
174000.0,0.9415980452571149,14,0.121,,0.8433491704303239,0.15067120817471447,2.482923463473932e-10,monodisperse_a0.005_sr0.667_x1_N4000_L24_T400000_seed3.npz,monodisperse,3,0.005,0.6666666666666666,1.0,0.8172900849192607
176000.0,0.9416911917425728,14,0.121,,0.8621674447268444,0.15912730184147317,3.2103620230655446e-10,monodisperse_a0.005_sr0.667_x1_N4000_L24_T400000_seed3.npz,monodisperse,3,0.005,0.6666666666666666,1.0,0.8172900849192607
178000.0,0.9421676352483929,14,0.1215,,0.8400178843776505,0.1489404238304678,3.1338016023413275e-10,monodisperse_a0.005_sr0.667_x1_N4000_L24_T400000_seed3.npz,monodisperse,3,0.005,0.6666666666666666,1.0,0.8172900849192607
180000.0,0.9426169177587413,14,0.1215,,0.8380886933088519,0.14591245252848295,3.398281876864784e-10,monodisperse_a0.005_sr0.667_x1_N4000_L24_T400000_seed3.npz,monodisperse,3,0.005,0.6666666666666666,1.0,0.8172900849192607
182000.0,0.9416602203009233,14,0.121,,0.8816950154343131,0.14645858343337337,4.058505627621508e-10,monodisperse_a0.005_sr0.667_x1_N4000_L24_T400000_seed3.npz,monodisperse,3,0.005,0.6666666666666666,1.0,0.8172900849192607
184000.0,0.9406810930408586,14,0.1215,,0.9098963586137252,0.1475704859028194,3.3671834967353967e-10,monodisperse_a0.005_sr0.667_x1_N4000_L24_T400000_seed3.npz,monodisperse,3,0.005,0.6666666666666666,1.0,0.8172900849192607
186000.0,0.9424746795764322,14,0.1215,,0.8449726086487068,0.15126721213330674,3.1106373215004774e-10,monodisperse_a0.005_sr0.667_x1_N4000_L24_T400000_seed3.npz,monodisperse,3,0.005,0.6666666666666666,1.0,0.8172900849192607
188000.0,0.9420961235733963,14,0.1215,,0.871085020935864,0.14268537074148302,2.561185461791372e-10,monodisperse_a0.005_sr0.667_x1_N4000_L24_T400000_seed3.npz,monodisperse,3,0.005,0.6666666666666666,1.0,0.8172900849192607
190000.0,0.940628221365865,13,0.1995,,0.8720764438122172,0.1552137435077906,3.7879597722200806e-10,monodisperse_a0.005_sr0.667_x1_N4000_L24_T400000_seed3.npz,monodisperse,3,0.005,0.6666666666666666,1.0,0.8172900849192607
192000.0,0.9405511573157627,13,0.2,,0.8627979609066047,0.1604790419161677,4.113936555404282e-10,monodisperse_a0.005_sr0.667_x1_N4000_L24_T400000_seed3.npz,monodisperse,3,0.005,0.6666666666666666,1.0,0.8172900849192607
194000.0,0.941300827722354,13,0.2,,0.8468709910681674,0.1608140462889066,3.1130858173139833e-10,monodisperse_a0.005_sr0.667_x1_N4000_L24_T400000_seed3.npz,monodisperse,3,0.005,0.6666666666666666,1.0,0.8172900849192607
196000.0,0.9413278213020474,14,0.1215,,0.8784663743183204,0.14985014985014988,3.2940677691587873e-10,monodisperse_a0.005_sr0.667_x1_N4000_L24_T400000_seed3.npz,monodisperse,3,0.005,0.6666666666666666,1.0,0.8172900849192607
198000.0,0.9409847610823334,13,0.1995,,0.882363178561258,0.14965034965034962,3.3932792522801944e-10,monodisperse_a0.005_sr0.667_x1_N4000_L24_T400000_seed3.npz,monodisperse,3,0.005,0.6666666666666666,1.0,0.8172900849192607
200000.0,0.941955290380615,13,0.2,0.47452083450460075,0.8678402835402731,0.14943910256410253,2.853781602044129e-10,monodisperse_a0.005_sr0.667_x1_N4000_L24_T400000_seed3.npz,monodisperse,3,0.005,0.6666666666666666,1.0,0.8172900849192607
202000.0,0.9420168569181195,13,0.2,,0.8550192115226206,0.1529977942650892,2.711311908752147e-10,monodisperse_a0.005_sr0.667_x1_N4000_L24_T400000_seed3.npz,monodisperse,3,0.005,0.6666666666666666,1.0,0.8172900849192607
204000.0,0.9408278823486934,13,0.1995,,0.863529896619559,0.15196471531676026,2.713987618734068e-10,monodisperse_a0.005_sr0.667_x1_N4000_L24_T400000_seed3.npz,monodisperse,3,0.005,0.6666666666666666,1.0,0.8172900849192607
206000.0,0.940010833051699,14,0.2,,0.8130293100655324,0.14992025518341312,3.137266648807885e-10,monodisperse_a0.005_sr0.667_x1_N4000_L24_T400000_seed3.npz,monodisperse,3,0.005,0.6666666666666666,1.0,0.8172900849192607
208000.0,0.9418533050410616,14,0.1985,,0.8738834383062785,0.14428058987644476,2.470927011057341e-10,monodisperse_a0.005_sr0.667_x1_N4000_L24_T400000_seed3.npz,monodisperse,3,0.005,0.6666666666666666,1.0,0.8172900849192607
210000.0,0.9419835642360402,13,0.2,,0.8639673462587402,0.14451097804391222,2.252207251679994e-10,monodisperse_a0.005_sr0.667_x1_N4000_L24_T400000_seed3.npz,monodisperse,3,0.005,0.6666666666666666,1.0,0.8172900849192607
212000.0,0.9387371160585446,13,0.2,,0.7704282962804879,0.15450558213716103,3.157780358661976e-10,monodisperse_a0.005_sr0.667_x1_N4000_L24_T400000_seed3.npz,monodisperse,3,0.005,0.6666666666666666,1.0,0.8172900849192607
214000.0,0.9410208335039355,13,0.2,,0.8007365835232267,0.15212617288880015,2.593159819782402e-10,monodisperse_a0.005_sr0.667_x1_N4000_L24_T400000_seed3.npz,monodisperse,3,0.005,0.6666666666666666,1.0,0.8172900849192607
216000.0,0.9387679584835081,13,0.2,,0.8420323237914286,0.15172689159512875,3.21335129860616e-10,monodisperse_a0.005_sr0.667_x1_N4000_L24_T400000_seed3.npz,monodisperse,3,0.005,0.6666666666666666,1.0,0.8172900849192607
218000.0,0.9421686253782017,13,0.2,,0.8845710726649011,0.15200000000000002,3.384749854977155e-10,monodisperse_a0.005_sr0.667_x1_N4000_L24_T400000_seed3.npz,monodisperse,3,0.005,0.6666666666666666,1.0,0.8172900849192607
220000.0,0.9407059518953825,13,0.1995,,0.8992455975930016,0.15647482014388492,4.363247718287258e-10,monodisperse_a0.005_sr0.667_x1_N4000_L24_T400000_seed3.npz,monodisperse,3,0.005,0.6666666666666666,1.0,0.8172900849192607
222000.0,0.940316651835766,13,0.2,,0.9007231063441368,0.15872382851445666,3.4210898316100694e-10,monodisperse_a0.005_sr0.667_x1_N4000_L24_T400000_seed3.npz,monodisperse,3,0.005,0.6666666666666666,1.0,0.8172900849192607
224000.0,0.9393735917239844,13,0.2,,0.8367263032974279,0.16001596169193932,2.8844006792710724e-10,monodisperse_a0.005_sr0.667_x1_N4000_L24_T400000_seed3.npz,monodisperse,3,0.005,0.6666666666666666,1.0,0.8172900849192607
226000.0,0.9406786760669529,13,0.2,,0.8473891451920953,0.15604395604395604,2.862528279776806e-10,monodisperse_a0.005_sr0.667_x1_N4000_L24_T400000_seed3.npz,monodisperse,3,0.005,0.6666666666666666,1.0,0.8172900849192607
228000.0,0.9397281594079816,13,0.2,,0.8814179181224676,0.14408473221422857,2.767063566219038e-10,monodisperse_a0.005_sr0.667_x1_N4000_L24_T400000_seed3.npz,monodisperse,3,0.005,0.6666666666666666,1.0,0.8172900849192607
230000.0,0.941788183605041,13,0.2,,0.8889660206750587,0.14422501496110118,2.5563707583031186e-10,monodisperse_a0.005_sr0.667_x1_N4000_L24_T400000_seed3.npz,monodisperse,3,0.005,0.6666666666666666,1.0,0.8172900849192607
232000.0,0.9402298568806801,13,0.2,,0.8385892280800165,0.15214797136038183,3.5692071996123893e-10,monodisperse_a0.005_sr0.667_x1_N4000_L24_T400000_seed3.npz,monodisperse,3,0.005,0.6666666666666666,1.0,0.8172900849192607
234000.0,0.939484670473191,13,0.2,,0.7936136341302029,0.1507778220981253,2.9634888082179307e-10,monodisperse_a0.005_sr0.667_x1_N4000_L24_T400000_seed3.npz,monodisperse,3,0.005,0.6666666666666666,1.0,0.8172900849192607
236000.0,0.9395858776222309,13,0.2,,0.8345776674459078,0.1492805755395683,3.9516358055385577e-10,monodisperse_a0.005_sr0.667_x1_N4000_L24_T400000_seed3.npz,monodisperse,3,0.005,0.6666666666666666,1.0,0.8172900849192607
238000.0,0.9416539539762452,12,0.1995,,0.8445112340138782,0.16358208955223885,3.6667916613452714e-10,monodisperse_a0.005_sr0.667_x1_N4000_L24_T400000_seed3.npz,monodisperse,3,0.005,0.6666666666666666,1.0,0.8172900849192607
240000.0,0.9404547145437054,13,0.2,,0.8771065264224769,0.1597526924611089,2.6679969533354625e-10,monodisperse_a0.005_sr0.667_x1_N4000_L24_T400000_seed3.npz,monodisperse,3,0.005,0.6666666666666666,1.0,0.8172900849192607
242000.0,0.9399400516771228,12,0.2,,0.8741533186647671,0.16444090093681485,2.7619475657330475e-10,monodisperse_a0.005_sr0.667_x1_N4000_L24_T400000_seed3.npz,monodisperse,3,0.005,0.6666666666666666,1.0,0.8172900849192607
244000.0,0.9400132196167009,12,0.2,,0.8234413308017599,0.155893536121673,3.2681077027705427e-10,monodisperse_a0.005_sr0.667_x1_N4000_L24_T400000_seed3.npz,monodisperse,3,0.005,0.6666666666666666,1.0,0.8172900849192607
246000.0,0.9398709622331397,12,0.1995,,0.8429404979528462,0.1514063435068821,3.2433501939461307e-10,monodisperse_a0.005_sr0.667_x1_N4000_L24_T400000_seed3.npz,monodisperse,3,0.005,0.6666666666666666,1.0,0.8172900849192607
248000.0,0.937454477606751,12,0.2,,0.8562673775198278,0.15701492537313433,2.7664646232885016e-10,monodisperse_a0.005_sr0.667_x1_N4000_L24_T400000_seed3.npz,monodisperse,3,0.005,0.6666666666666666,1.0,0.8172900849192607
250000.0,0.9358896402891408,12,0.2,,0.7822821477829898,0.15271425730761579,3.7625970032501556e-10,monodisperse_a0.005_sr0.667_x1_N4000_L24_T400000_seed3.npz,monodisperse,3,0.005,0.6666666666666666,1.0,0.8172900849192607
252000.0,0.9360043633862816,12,0.2,,0.8155307095974639,0.15303691941246522,5.282357604190287e-10,monodisperse_a0.005_sr0.667_x1_N4000_L24_T400000_seed3.npz,monodisperse,3,0.005,0.6666666666666666,1.0,0.8172900849192607
254000.0,0.9360897582919414,12,0.1995,,0.8539395724784365,0.15360253365003962,3.6352227655116605e-10,monodisperse_a0.005_sr0.667_x1_N4000_L24_T400000_seed3.npz,monodisperse,3,0.005,0.6666666666666666,1.0,0.8172900849192607
256000.0,0.9380850559406824,12,0.2,,0.7881575702347186,0.1433392892594798,3.080396800249021e-10,monodisperse_a0.005_sr0.667_x1_N4000_L24_T400000_seed3.npz,monodisperse,3,0.005,0.6666666666666666,1.0,0.8172900849192607
258000.0,0.9372714306425364,12,0.1995,,0.8315049693717892,0.15020862308762173,2.1888073322946055e-10,monodisperse_a0.005_sr0.667_x1_N4000_L24_T400000_seed3.npz,monodisperse,3,0.005,0.6666666666666666,1.0,0.8172900849192607
260000.0,0.9369904126788452,12,0.2,,0.7893366268113431,0.15795724465558192,2.2299047043154687e-10,monodisperse_a0.005_sr0.667_x1_N4000_L24_T400000_seed3.npz,monodisperse,3,0.005,0.6666666666666666,1.0,0.8172900849192607
262000.0,0.9366175289796721,12,0.1995,,0.8371520558649677,0.15288518738845924,1.837775718644726e-10,monodisperse_a0.005_sr0.667_x1_N4000_L24_T400000_seed3.npz,monodisperse,3,0.005,0.6666666666666666,1.0,0.8172900849192607
264000.0,0.9354262793773733,12,0.2,,0.8719914163369287,0.15108199324995042,3.22945247241543e-10,monodisperse_a0.005_sr0.667_x1_N4000_L24_T400000_seed3.npz,monodisperse,3,0.005,0.6666666666666666,1.0,0.8172900849192607
266000.0,0.9359050496056428,12,0.2,,0.8595221758041186,0.14680174811283275,3.105254467224964e-10,monodisperse_a0.005_sr0.667_x1_N4000_L24_T400000_seed3.npz,monodisperse,3,0.005,0.6666666666666666,1.0,0.8172900849192607
268000.0,0.9364732726703383,12,0.1995,,0.826371922652154,0.15123885034687812,2.5458040588128904e-10,monodisperse_a0.005_sr0.667_x1_N4000_L24_T400000_seed3.npz,monodisperse,3,0.005,0.6666666666666666,1.0,0.8172900849192607
270000.0,0.9374146263781026,12,0.2,,0.7951386429954436,0.15270055599682286,3.1267995357077723e-10,monodisperse_a0.005_sr0.667_x1_N4000_L24_T400000_seed3.npz,monodisperse,3,0.005,0.6666666666666666,1.0,0.8172900849192607
272000.0,0.9378492164925264,12,0.2,,0.8028423091647704,0.15853415654252145,3.2471981393544863e-10,monodisperse_a0.005_sr0.667_x1_N4000_L24_T400000_seed3.npz,monodisperse,3,0.005,0.6666666666666666,1.0,0.8172900849192607
274000.0,0.933013518199221,12,0.2,,0.7327982109641132,0.1603567888999009,3.4031103943595187e-10,monodisperse_a0.005_sr0.667_x1_N4000_L24_T400000_seed3.npz,monodisperse,3,0.005,0.6666666666666666,1.0,0.8172900849192607
276000.0,0.936167290022336,12,0.2,,0.7853344449514654,0.1470180305131762,2.5139419975773016e-10,monodisperse_a0.005_sr0.667_x1_N4000_L24_T400000_seed3.npz,monodisperse,3,0.005,0.6666666666666666,1.0,0.8172900849192607
278000.0,0.9373724666137807,12,0.2,,0.853991004308306,0.15057380292837352,2.6872682576345946e-10,monodisperse_a0.005_sr0.667_x1_N4000_L24_T400000_seed3.npz,monodisperse,3,0.005,0.6666666666666666,1.0,0.8172900849192607
280000.0,0.9361512522876378,13,0.1995,,0.821676787503623,0.1516831683168317,4.0319885624845804e-10,monodisperse_a0.005_sr0.667_x1_N4000_L24_T400000_seed3.npz,monodisperse,3,0.005,0.6666666666666666,1.0,0.8172900849192607
282000.0,0.9377979187231454,12,0.2,,0.8303416579238015,0.14767764986105603,3.299330991818733e-10,monodisperse_a0.005_sr0.667_x1_N4000_L24_T400000_seed3.npz,monodisperse,3,0.005,0.6666666666666666,1.0,0.8172900849192607
284000.0,0.9354560913966771,12,0.2005,,0.8208063580392319,0.1468780971258672,3.2838153172736457e-10,monodisperse_a0.005_sr0.667_x1_N4000_L24_T400000_seed3.npz,monodisperse,3,0.005,0.6666666666666666,1.0,0.8172900849192607
286000.0,0.9361651531617823,12,0.2005,,0.8580205268140055,0.15162311955661123,2.3193260620875543e-10,monodisperse_a0.005_sr0.667_x1_N4000_L24_T400000_seed3.npz,monodisperse,3,0.005,0.6666666666666666,1.0,0.8172900849192607
288000.0,0.9351017023128437,12,0.2005,,0.851240069209907,0.15442338072669826,3.3599307092817215e-10,monodisperse_a0.005_sr0.667_x1_N4000_L24_T400000_seed3.npz,monodisperse,3,0.005,0.6666666666666666,1.0,0.8172900849192607
290000.0,0.9363491839067226,11,0.2205,,0.8022226878162627,0.14803804994054692,2.374956707231778e-10,monodisperse_a0.005_sr0.667_x1_N4000_L24_T400000_seed3.npz,monodisperse,3,0.005,0.6666666666666666,1.0,0.8172900849192607
292000.0,0.9356527381775447,11,0.221,,0.8547439749220214,0.1491592482690406,3.3427414622281664e-10,monodisperse_a0.005_sr0.667_x1_N4000_L24_T400000_seed3.npz,monodisperse,3,0.005,0.6666666666666666,1.0,0.8172900849192607
294000.0,0.9358840838594185,11,0.2205,,0.8375960181033976,0.15094711917916337,3.477524207788329e-10,monodisperse_a0.005_sr0.667_x1_N4000_L24_T400000_seed3.npz,monodisperse,3,0.005,0.6666666666666666,1.0,0.8172900849192607
296000.0,0.9333116281990731,11,0.221,,0.8105419890245101,0.15007930214115783,2.505145179778499e-10,monodisperse_a0.005_sr0.667_x1_N4000_L24_T400000_seed3.npz,monodisperse,3,0.005,0.6666666666666666,1.0,0.8172900849192607
298000.0,0.9358516407798585,11,0.221,,0.8021127810487886,0.14670896114195087,3.114576166108166e-10,monodisperse_a0.005_sr0.667_x1_N4000_L24_T400000_seed3.npz,monodisperse,3,0.005,0.6666666666666666,1.0,0.8172900849192607
300000.0,0.9346729099129186,11,0.2205,0.47379025883964343,0.8601630079892946,0.15402843601895733,3.1511640892777993e-10,monodisperse_a0.005_sr0.667_x1_N4000_L24_T400000_seed3.npz,monodisperse,3,0.005,0.6666666666666666,1.0,0.8172900849192607
302000.0,0.9348800373898729,12,0.2185,,0.8544053241458454,0.14402227968967574,2.704425973659251e-10,monodisperse_a0.005_sr0.667_x1_N4000_L24_T400000_seed3.npz,monodisperse,3,0.005,0.6666666666666666,1.0,0.8172900849192607
304000.0,0.9335492570099871,11,0.221,,0.8220957382504898,0.15244506038408234,2.192952992293466e-10,monodisperse_a0.005_sr0.667_x1_N4000_L24_T400000_seed3.npz,monodisperse,3,0.005,0.6666666666666666,1.0,0.8172900849192607
306000.0,0.9368042835385386,11,0.221,,0.7907314391228253,0.1480087180503269,2.2547544323845052e-10,monodisperse_a0.005_sr0.667_x1_N4000_L24_T400000_seed3.npz,monodisperse,3,0.005,0.6666666666666666,1.0,0.8172900849192607
308000.0,0.9341787180454717,11,0.221,,0.8574222356184334,0.14773849496346037,2.3372720785971763e-10,monodisperse_a0.005_sr0.667_x1_N4000_L24_T400000_seed3.npz,monodisperse,3,0.005,0.6666666666666666,1.0,0.8172900849192607
310000.0,0.9353561906843986,11,0.221,,0.8712241552636033,0.15196368659956583,2.456757674672576e-10,monodisperse_a0.005_sr0.667_x1_N4000_L24_T400000_seed3.npz,monodisperse,3,0.005,0.6666666666666666,1.0,0.8172900849192607
312000.0,0.9330554723458345,11,0.221,,0.8396165669273585,0.1533149171270718,2.340393953422177e-10,monodisperse_a0.005_sr0.667_x1_N4000_L24_T400000_seed3.npz,monodisperse,3,0.005,0.6666666666666666,1.0,0.8172900849192607
314000.0,0.9347703747339747,11,0.221,,0.7949289925818507,0.14449495947815771,3.9171033376425e-10,monodisperse_a0.005_sr0.667_x1_N4000_L24_T400000_seed3.npz,monodisperse,3,0.005,0.6666666666666666,1.0,0.8172900849192607
316000.0,0.9354854052004224,11,0.22,,0.847063648389486,0.15022642252411889,2.8535591899637707e-10,monodisperse_a0.005_sr0.667_x1_N4000_L24_T400000_seed3.npz,monodisperse,3,0.005,0.6666666666666666,1.0,0.8172900849192607
318000.0,0.9340841087820642,11,0.221,,0.85846998070616,0.14898241454258054,2.989882481483892e-10,monodisperse_a0.005_sr0.667_x1_N4000_L24_T400000_seed3.npz,monodisperse,3,0.005,0.6666666666666666,1.0,0.8172900849192607
320000.0,0.9316834944845931,10,0.3405,,0.7498383320250562,0.14999013222814284,2.593860764857268e-10,monodisperse_a0.005_sr0.667_x1_N4000_L24_T400000_seed3.npz,monodisperse,3,0.005,0.6666666666666666,1.0,0.8172900849192607
322000.0,0.9351000004082651,9,0.341,,0.8031800663594441,0.1497136085324906,3.2037861803959895e-10,monodisperse_a0.005_sr0.667_x1_N4000_L24_T400000_seed3.npz,monodisperse,3,0.005,0.6666666666666666,1.0,0.8172900849192607
324000.0,0.9336726017490284,9,0.34,,0.7745759298131187,0.15533215060122219,3.056287837941583e-10,monodisperse_a0.005_sr0.667_x1_N4000_L24_T400000_seed3.npz,monodisperse,3,0.005,0.6666666666666666,1.0,0.8172900849192607
326000.0,0.9341829314252593,9,0.3405,,0.8557707346623527,0.14890683474492816,3.506693087877963e-10,monodisperse_a0.005_sr0.667_x1_N4000_L24_T400000_seed3.npz,monodisperse,3,0.005,0.6666666666666666,1.0,0.8172900849192607
328000.0,0.9322368589824662,9,0.341,,0.8843032667832541,0.1471512770137524,3.84443758915234e-10,monodisperse_a0.005_sr0.667_x1_N4000_L24_T400000_seed3.npz,monodisperse,3,0.005,0.6666666666666666,1.0,0.8172900849192607
330000.0,0.9326813121044905,9,0.341,,0.7977933677128506,0.14865130931285686,3.0392870727039104e-10,monodisperse_a0.005_sr0.667_x1_N4000_L24_T400000_seed3.npz,monodisperse,3,0.005,0.6666666666666666,1.0,0.8172900849192607
332000.0,0.9329983147168333,9,0.341,,0.8118423843329748,0.14806064185863355,2.9967162749668355e-10,monodisperse_a0.005_sr0.667_x1_N4000_L24_T400000_seed3.npz,monodisperse,3,0.005,0.6666666666666666,1.0,0.8172900849192607
334000.0,0.9344335248844063,9,0.341,,0.8033165387843614,0.1455546813532651,3.097490286784822e-10,monodisperse_a0.005_sr0.667_x1_N4000_L24_T400000_seed3.npz,monodisperse,3,0.005,0.6666666666666666,1.0,0.8172900849192607
336000.0,0.9328399749877274,9,0.3405,,0.8382650868932199,0.14722715610815074,2.1325595383905534e-10,monodisperse_a0.005_sr0.667_x1_N4000_L24_T400000_seed3.npz,monodisperse,3,0.005,0.6666666666666666,1.0,0.8172900849192607
338000.0,0.9302143920583881,8,0.3405,,0.873429482947332,0.14626924595341495,2.162054339654581e-10,monodisperse_a0.005_sr0.667_x1_N4000_L24_T400000_seed3.npz,monodisperse,3,0.005,0.6666666666666666,1.0,0.8172900849192607
340000.0,0.9316914534189387,8,0.341,,0.8629853890174414,0.1505016722408027,3.0963538615391447e-10,monodisperse_a0.005_sr0.667_x1_N4000_L24_T400000_seed3.npz,monodisperse,3,0.005,0.6666666666666666,1.0,0.8172900849192607
342000.0,0.9314950205083927,8,0.341,,0.779835047116282,0.15040410013798544,2.851668372592083e-10,monodisperse_a0.005_sr0.667_x1_N4000_L24_T400000_seed3.npz,monodisperse,3,0.005,0.6666666666666666,1.0,0.8172900849192607
344000.0,0.9332425019486179,8,0.341,,0.8232785443654598,0.15109890109890112,3.3472386665247345e-10,monodisperse_a0.005_sr0.667_x1_N4000_L24_T400000_seed3.npz,monodisperse,3,0.005,0.6666666666666666,1.0,0.8172900849192607
346000.0,0.9317487872850188,8,0.341,,0.8506626758583599,0.15070643642072212,2.9494303936223983e-10,monodisperse_a0.005_sr0.667_x1_N4000_L24_T400000_seed3.npz,monodisperse,3,0.005,0.6666666666666666,1.0,0.8172900849192607
348000.0,0.9309410228044237,8,0.341,,0.824219772418581,0.1562869530942057,2.0588017090422918e-10,monodisperse_a0.005_sr0.667_x1_N4000_L24_T400000_seed3.npz,monodisperse,3,0.005,0.6666666666666666,1.0,0.8172900849192607
350000.0,0.9302093791403625,8,0.341,,0.7789573060951506,0.14711690363349128,2.7221478292450174e-10,monodisperse_a0.005_sr0.667_x1_N4000_L24_T400000_seed3.npz,monodisperse,3,0.005,0.6666666666666666,1.0,0.8172900849192607
352000.0,0.9333284181526964,8,0.341,,0.772787292341829,0.14723805779437782,2.660734552091581e-10,monodisperse_a0.005_sr0.667_x1_N4000_L24_T400000_seed3.npz,monodisperse,3,0.005,0.6666666666666666,1.0,0.8172900849192607
354000.0,0.929318226944385,8,0.341,,0.7977829162374797,0.14398266692928896,2.6771168864006754e-10,monodisperse_a0.005_sr0.667_x1_N4000_L24_T400000_seed3.npz,monodisperse,3,0.005,0.6666666666666666,1.0,0.8172900849192607
356000.0,0.9318328900442812,8,0.341,,0.7763798505557917,0.14353219137625517,3.5299212761084857e-10,monodisperse_a0.005_sr0.667_x1_N4000_L24_T400000_seed3.npz,monodisperse,3,0.005,0.6666666666666666,1.0,0.8172900849192607
358000.0,0.9317836351012124,8,0.341,,0.8135698711344529,0.14209905660377353,2.5286264849491485e-10,monodisperse_a0.005_sr0.667_x1_N4000_L24_T400000_seed3.npz,monodisperse,3,0.005,0.6666666666666666,1.0,0.8172900849192607
360000.0,0.9325403323560769,8,0.3405,,0.7932034700571707,0.13788355625491744,3.549055189343916e-10,monodisperse_a0.005_sr0.667_x1_N4000_L24_T400000_seed3.npz,monodisperse,3,0.005,0.6666666666666666,1.0,0.8172900849192607
362000.0,0.9298281925070037,8,0.341,,0.7456168421614986,0.13799882052290147,3.425604985029851e-10,monodisperse_a0.005_sr0.667_x1_N4000_L24_T400000_seed3.npz,monodisperse,3,0.005,0.6666666666666666,1.0,0.8172900849192607
364000.0,0.9294283615239501,8,0.341,,0.7665813539530721,0.13242817788272332,2.60648422799437e-10,monodisperse_a0.005_sr0.667_x1_N4000_L24_T400000_seed3.npz,monodisperse,3,0.005,0.6666666666666666,1.0,0.8172900849192607
366000.0,0.9317317441043171,8,0.341,,0.7958357291332356,0.1387033398821218,2.8412580893571585e-10,monodisperse_a0.005_sr0.667_x1_N4000_L24_T400000_seed3.npz,monodisperse,3,0.005,0.6666666666666666,1.0,0.8172900849192607
368000.0,0.9311860657584957,8,0.3405,,0.8294028298548053,0.13387223974763407,2.845540594918269e-10,monodisperse_a0.005_sr0.667_x1_N4000_L24_T400000_seed3.npz,monodisperse,3,0.005,0.6666666666666666,1.0,0.8172900849192607
370000.0,0.9290645838582346,8,0.341,,0.8420483271331273,0.13886703383162868,2.7148998761388665e-10,monodisperse_a0.005_sr0.667_x1_N4000_L24_T400000_seed3.npz,monodisperse,3,0.005,0.6666666666666666,1.0,0.8172900849192607
372000.0,0.9296537659850049,8,0.3405,,0.8566166600022138,0.14137050854113486,2.0540105697263988e-10,monodisperse_a0.005_sr0.667_x1_N4000_L24_T400000_seed3.npz,monodisperse,3,0.005,0.6666666666666666,1.0,0.8172900849192607
374000.0,0.9301973374940079,8,0.3405,,0.8455228799826556,0.13628318584070798,2.065345260488912e-10,monodisperse_a0.005_sr0.667_x1_N4000_L24_T400000_seed3.npz,monodisperse,3,0.005,0.6666666666666666,1.0,0.8172900849192607
376000.0,0.9302890880301872,8,0.3395,,0.8229636661558316,0.1395944083481,3.6910937172287604e-10,monodisperse_a0.005_sr0.667_x1_N4000_L24_T400000_seed3.npz,monodisperse,3,0.005,0.6666666666666666,1.0,0.8172900849192607
378000.0,0.9315842513074404,8,0.341,,0.8853025683367367,0.15042165130417728,2.767246986911832e-10,monodisperse_a0.005_sr0.667_x1_N4000_L24_T400000_seed3.npz,monodisperse,3,0.005,0.6666666666666666,1.0,0.8172900849192607
380000.0,0.9292394220559346,8,0.3405,,0.8031754211337004,0.15018675054059372,2.334476875292953e-10,monodisperse_a0.005_sr0.667_x1_N4000_L24_T400000_seed3.npz,monodisperse,3,0.005,0.6666666666666666,1.0,0.8172900849192607
382000.0,0.9308320940638936,8,0.341,,0.8231449290044736,0.14145383104125742,3.4907496932857194e-10,monodisperse_a0.005_sr0.667_x1_N4000_L24_T400000_seed3.npz,monodisperse,3,0.005,0.6666666666666666,1.0,0.8172900849192607
384000.0,0.9304306303069981,8,0.341,,0.7865742954386106,0.13516160626836438,2.1477939464599723e-10,monodisperse_a0.005_sr0.667_x1_N4000_L24_T400000_seed3.npz,monodisperse,3,0.005,0.6666666666666666,1.0,0.8172900849192607
386000.0,0.9304403945332919,8,0.3405,,0.775164061315765,0.13312389554290205,2.0201957537071736e-10,monodisperse_a0.005_sr0.667_x1_N4000_L24_T400000_seed3.npz,monodisperse,3,0.005,0.6666666666666666,1.0,0.8172900849192607
388000.0,0.9309471011897364,8,0.34,,0.8490599990870089,0.14058823529411768,3.162654523514084e-10,monodisperse_a0.005_sr0.667_x1_N4000_L24_T400000_seed3.npz,monodisperse,3,0.005,0.6666666666666666,1.0,0.8172900849192607
390000.0,0.9303178959972452,8,0.34,,0.7573923164303754,0.14627920675436878,3.2479187746585927e-10,monodisperse_a0.005_sr0.667_x1_N4000_L24_T400000_seed3.npz,monodisperse,3,0.005,0.6666666666666666,1.0,0.8172900849192607
392000.0,0.9330201730479369,8,0.341,,0.8067025898495855,0.15001966181675186,3.2386004411908113e-10,monodisperse_a0.005_sr0.667_x1_N4000_L24_T400000_seed3.npz,monodisperse,3,0.005,0.6666666666666666,1.0,0.8172900849192607
394000.0,0.9292722486509313,8,0.341,,0.840616127041953,0.1414518984851466,2.439586014357119e-10,monodisperse_a0.005_sr0.667_x1_N4000_L24_T400000_seed3.npz,monodisperse,3,0.005,0.6666666666666666,1.0,0.8172900849192607
396000.0,0.9312811399456902,8,0.341,,0.7552384114257766,0.13591660110149484,2.1981892057368085e-10,monodisperse_a0.005_sr0.667_x1_N4000_L24_T400000_seed3.npz,monodisperse,3,0.005,0.6666666666666666,1.0,0.8172900849192607
398000.0,0.928907358675303,8,0.341,,0.7947452489865726,0.13645300825796303,2.3086397933398787e-10,monodisperse_a0.005_sr0.667_x1_N4000_L24_T400000_seed3.npz,monodisperse,3,0.005,0.6666666666666666,1.0,0.8172900849192607
400000.0,0.9316813653178566,8,0.341,0.46974118013655836,0.7800539672288933,0.1385068762278978,2.8427107524889955e-10,monodisperse_a0.005_sr0.667_x1_N4000_L24_T400000_seed3.npz,monodisperse,3,0.005,0.6666666666666666,1.0,0.8172900849192607
